167
# x y z
0	0	0
30	0	0
10	0	0
20	0	0
40	0	0
50	0	0
60	0	0
70	0	0
80	0	0
90	0	0
100	0	0
110	0	0
120	0	0
130	0	0
140	0	0
160	0	0
190	0	0
170	0	0
180	0	0
200	0	0
210	0	0
220	0	0
230	0	0
240	0	0
250	0	0
260	0	0
270	0	0
280	0	0
290	0	0
300	0	0
310	0	0
320	0	0
330	0	0
340	0	0
350	0	0
360	0	0
370	0	0
380	0	0
390	0	0
400	0	0
410	0	0
420	0	0
430	0	0
440	0	0
450	0	0
460	0	0
470	0	0
480	0	0
490	0	0
500	0	0
510	0	0
520	0	0
530	0	0
540	0	0
550	0	0
560	0	0
570	0	0
580	0	0
590	0	0
600	0	0
610	0	0
620	0	0
630	0	0
640	0	0
650	0	0
660	0	0
670	0	0
680	0	0
690	0	0
700	0	0
710	0	0
720	0	0
730	0	0
740	0	0
750	0	0
760	0	0
770	0	0
780	0	0
790	0	0
800	0	0
810	0	0
820	0	0
830	0	0
840	0	0
850	0	0
860	0	0
870	0	0
880	0	0
890	0	0
900	0	0
910	0	0
920	0	0
930	0	0
940	0	0
950	0	0
960	0	0
970	0	0
980	0	0
990	0	0
1000	0	0
1010	0	0
1020	0	0
1030	0	0
1040	0	0
1050	0	0
1060	0	0
1070	0	0
1080	0	0
1090	0	0
1100	0	0
1110	0	0
1120	0	0
1130	0	0
1140	0	0
1150	0	0
1160	0	0
1170	0	0
1180	0	0
1190	0	0
1200	0	0
1210	0	0
1220	0	0
1230	0	0
1240	0	0
1250	0	0
1260	0	0
1270	0	0
1280	0	0
1290	0	0
1300	0	0
1310	0	0
1320	0	0
1330	0	0
1340	0	0
1350	0	0
1360	0	0
1370	0	0
1380	0	0
1390	0	0
1400	0	0
1410	0	0
1420	0	0
1430	0	0
1440	0	0
1450	0	0
1460	0	0
1470	0	0
1480	0	0
1490	0	0
1500	0	0
1510	0	0
1520	0	0
1530	0	0
1540	0	0
1550	0	0
1560	0	0
1570	0	0
1580	0	0
1590	0	0
1600	0	0
1610	0	0
1620	0	0
1630	0	0
1640	0	0
1650	0	0
1660	0	0
1670	0	0
3733
# a b m n rhoa k err ip iperr response residual
1	2	3	4	4.74900000000000e+01	6.28318530717959e+01	3.00000000000000e-02	0.00000000000000e+00	0.00000000000000e+00	4.55291974507410e+01	1.40551133976219e+00
3	5	4	2	5.24700000000000e+01	6.28318530717959e+01	3.00000000000000e-02	0.00000000000000e+00	0.00000000000000e+00	5.16102831160982e+01	5.50687995668590e-01
4	6	2	5	5.74600000000000e+01	6.28318530717959e+01	3.00000000000000e-02	0.00000000000000e+00	0.00000000000000e+00	5.93401908929941e+01	-1.07325927475192e+00
2	7	5	6	7.73300000000000e+01	6.28318530717959e+01	3.00000000000000e-02	0.00000000000000e+00	0.00000000000000e+00	7.52004216812258e+01	9.30838007258750e-01
5	8	6	7	9.13500000000000e+01	6.28318530717959e+01	3.00000000000000e-02	0.00000000000000e+00	0.00000000000000e+00	8.76785186125974e+01	1.36737850508538e+00
6	9	7	8	1.05360000000000e+02	6.28318530717959e+01	3.00000000000000e-02	0.00000000000000e+00	0.00000000000000e+00	1.00198441969527e+02	1.67434727038218e+00
7	10	8	9	1.09560000000000e+02	6.28318530717959e+01	3.00000000000000e-02	0.00000000000000e+00	0.00000000000000e+00	1.09426986304863e+02	4.04936426403602e-02
8	11	9	10	8.30400000000000e+01	6.28318530717959e+01	3.00000000000000e-02	0.00000000000000e+00	0.00000000000000e+00	8.65891048270616e+01	-1.39505259749875e+00
9	12	10	11	9.62500000000000e+01	6.28318530717959e+01	3.00000000000000e-02	0.00000000000000e+00	0.00000000000000e+00	9.22981224065248e+01	1.39750580523890e+00
10	13	11	12	8.17100000000000e+01	6.28318530717959e+01	3.00000000000000e-02	0.00000000000000e+00	0.00000000000000e+00	8.07369570760095e+01	3.99332220616581e-01
11	14	12	13	6.71700000000000e+01	6.28318530717959e+01	3.00000000000000e-02	0.00000000000000e+00	0.00000000000000e+00	6.78429991677046e+01	-3.32316021909188e-01
12	15	13	14	5.26100000000000e+01	6.28318530717959e+01	3.00000000000000e-02	0.00000000000000e+00	0.00000000000000e+00	5.45086202890889e+01	-1.18175479536184e+00
16	17	18	19	4.70500000000000e+01	6.28318530717959e+01	3.00000000000000e-02	0.00000000000000e+00	0.00000000000000e+00	4.67837622386386e+01	1.89156134181045e-01
18	20	19	17	6.71400000000000e+01	6.28318530717959e+01	3.00000000000000e-02	0.00000000000000e+00	0.00000000000000e+00	6.21874229275967e+01	2.55424053296916e+00
19	21	17	20	8.72200000000000e+01	6.28318530717959e+01	3.00000000000000e-02	0.00000000000000e+00	0.00000000000000e+00	8.73870424747195e+01	-6.37784605984552e-02
17	22	20	21	9.66800000000000e+01	6.28318530717959e+01	3.00000000000000e-02	0.00000000000000e+00	0.00000000000000e+00	1.08343182301562e+02	-3.79657490822790e+00
20	23	21	22	1.37270000000000e+02	6.28318530717959e+01	3.00000000000000e-02	0.00000000000000e+00	0.00000000000000e+00	1.39723350960058e+02	-5.90487126108119e-01
21	24	22	23	1.77860000000000e+02	6.28318530717959e+01	3.00000000000000e-02	0.00000000000000e+00	0.00000000000000e+00	1.63250703185977e+02	2.85698828020993e+00
22	25	23	24	1.75810000000000e+02	6.28318530717959e+01	3.00000000000000e-02	0.00000000000000e+00	0.00000000000000e+00	1.75020147573869e+02	1.50092338816007e-01
23	26	24	25	1.69770000000000e+02	6.28318530717959e+01	3.00000000000000e-02	0.00000000000000e+00	0.00000000000000e+00	1.77525369953884e+02	-1.48896493990538e+00
24	27	25	26	1.61030000000000e+02	6.28318530717959e+01	3.00000000000000e-02	0.00000000000000e+00	0.00000000000000e+00	1.53383174074571e+02	1.62171622397365e+00
25	28	26	27	1.61710000000000e+02	6.28318530717959e+01	3.00000000000000e-02	0.00000000000000e+00	0.00000000000000e+00	1.52506131481420e+02	1.95332686383673e+00
26	29	27	28	1.36280000000000e+02	6.28318530717959e+01	3.00000000000000e-02	0.00000000000000e+00	0.00000000000000e+00	1.34232000806279e+02	5.04731353291928e-01
27	30	28	29	1.30280000000000e+02	6.28318530717959e+01	3.00000000000000e-02	0.00000000000000e+00	0.00000000000000e+00	1.37182227996778e+02	-1.72080643141257e+00
28	31	29	30	1.12750000000000e+02	6.28318530717959e+01	3.00000000000000e-02	0.00000000000000e+00	0.00000000000000e+00	1.16939066059891e+02	-1.21600059477043e+00
29	32	30	31	1.16450000000000e+02	6.28318530717959e+01	3.00000000000000e-02	0.00000000000000e+00	0.00000000000000e+00	1.16949588034961e+02	-1.42699137318332e-01
30	33	31	32	1.25620000000000e+02	6.28318530717959e+01	3.00000000000000e-02	0.00000000000000e+00	0.00000000000000e+00	1.20363195105962e+02	1.42492264574852e+00
31	34	32	33	1.09620000000000e+02	6.28318530717959e+01	3.00000000000000e-02	0.00000000000000e+00	0.00000000000000e+00	1.05646858454658e+02	1.23059438003838e+00
32	35	33	34	9.89700000000000e+01	6.28318530717959e+01	3.00000000000000e-02	0.00000000000000e+00	0.00000000000000e+00	9.94659818724866e+01	-1.66630702306965e-01
33	36	34	35	9.13600000000000e+01	6.28318530717959e+01	3.00000000000000e-02	0.00000000000000e+00	0.00000000000000e+00	9.73219099288115e+01	-2.10721323532406e+00
34	37	35	36	1.13580000000000e+02	6.28318530717959e+01	3.00000000000000e-02	0.00000000000000e+00	0.00000000000000e+00	1.12931961015157e+02	1.90730399701315e-01
35	38	36	37	1.04070000000000e+02	6.28318530717959e+01	3.00000000000000e-02	0.00000000000000e+00	0.00000000000000e+00	1.07871639891149e+02	-1.19594170328664e+00
36	39	37	38	1.11330000000000e+02	6.28318530717959e+01	3.00000000000000e-02	0.00000000000000e+00	0.00000000000000e+00	1.08666980595081e+02	8.07026071146696e-01
37	40	38	39	1.08980000000000e+02	6.28318530717959e+01	3.00000000000000e-02	0.00000000000000e+00	0.00000000000000e+00	1.09856045145841e+02	-2.66881635832010e-01
38	41	39	40	8.35100000000000e+01	6.28318530717959e+01	3.00000000000000e-02	0.00000000000000e+00	0.00000000000000e+00	8.94485252469310e+01	-2.28989792517333e+00
39	42	40	41	7.64700000000000e+01	6.28318530717959e+01	3.00000000000000e-02	0.00000000000000e+00	0.00000000000000e+00	7.90030365443559e+01	-1.08625939808412e+00
40	43	41	42	6.18200000000000e+01	6.28318530717959e+01	3.00000000000000e-02	0.00000000000000e+00	0.00000000000000e+00	6.21441618806202e+01	-1.74331362969582e-01
41	44	42	43	4.50700000000000e+01	6.28318530717959e+01	3.00000000000000e-02	0.00000000000000e+00	0.00000000000000e+00	4.39732364364885e+01	8.21188355274893e-01
42	45	43	44	3.01000000000000e+01	6.28318530717959e+01	3.00000000000000e-02	0.00000000000000e+00	0.00000000000000e+00	3.26270912904445e+01	-2.68725975633973e+00
43	46	44	45	2.93700000000000e+01	6.28318530717959e+01	3.00000000000000e-02	0.00000000000000e+00	0.00000000000000e+00	3.20397141010097e+01	-2.90008179201190e+00
44	47	45	46	2.37600000000000e+01	6.28318530717959e+01	3.00000000000000e-02	0.00000000000000e+00	0.00000000000000e+00	2.76701627214125e+01	-5.07837266918023e+00
45	48	46	47	2.94000000000000e+01	6.28318530717959e+01	3.00000000000000e-02	0.00000000000000e+00	0.00000000000000e+00	3.36467651778490e+01	-4.49740819030341e+00
46	49	47	48	4.35800000000000e+01	6.28318530717959e+01	3.00000000000000e-02	0.00000000000000e+00	0.00000000000000e+00	4.74568418236519e+01	-2.84074584389532e+00
47	50	48	49	5.77600000000000e+01	6.28318530717959e+01	3.00000000000000e-02	0.00000000000000e+00	0.00000000000000e+00	5.25398830840629e+01	3.15746452014788e+00
48	51	49	50	8.04700000000000e+01	6.28318530717959e+01	3.00000000000000e-02	0.00000000000000e+00	0.00000000000000e+00	6.82242967016790e+01	5.50278953766960e+00
49	52	50	51	6.34300000000000e+01	6.28318530717959e+01	3.00000000000000e-02	0.00000000000000e+00	0.00000000000000e+00	6.76572126872801e+01	-2.15056769952942e+00
50	53	51	52	5.08800000000000e+01	6.28318530717959e+01	3.00000000000000e-02	0.00000000000000e+00	0.00000000000000e+00	5.38202924045939e+01	-1.87268864206844e+00
51	54	52	53	6.27100000000000e+01	6.28318530717959e+01	3.00000000000000e-02	0.00000000000000e+00	0.00000000000000e+00	5.88138911364285e+01	2.13809512449042e+00
52	55	53	54	5.19600000000000e+01	6.28318530717959e+01	3.00000000000000e-02	0.00000000000000e+00	0.00000000000000e+00	4.84132845517373e+01	2.35666471771726e+00
53	56	54	55	4.12100000000000e+01	6.28318530717959e+01	3.00000000000000e-02	0.00000000000000e+00	0.00000000000000e+00	4.10693160785464e+01	1.13989003358143e-01
54	57	55	56	3.10700000000000e+01	6.28318530717959e+01	3.00000000000000e-02	0.00000000000000e+00	0.00000000000000e+00	3.19587932209376e+01	-9.40154591190753e-01
55	58	56	57	2.09200000000000e+01	6.28318530717959e+01	3.00000000000000e-02	0.00000000000000e+00	0.00000000000000e+00	2.38145613070006e+01	-4.31971913390864e+00
56	59	57	58	1.58800000000000e+01	6.28318530717959e+01	3.00000000000000e-02	0.00000000000000e+00	0.00000000000000e+00	1.92136622502932e+01	-6.35203819003388e+00
57	60	58	59	2.28400000000000e+01	6.28318530717959e+01	3.00000000000000e-02	0.00000000000000e+00	0.00000000000000e+00	2.14919260004958e+01	2.02786850152428e+00
58	61	59	60	2.00300000000000e+01	6.28318530717959e+01	3.00000000000000e-02	0.00000000000000e+00	0.00000000000000e+00	2.10403747915060e+01	-1.64040171058771e+00
59	62	60	61	1.48800000000000e+01	6.28318530717959e+01	3.00000000000000e-02	0.00000000000000e+00	0.00000000000000e+00	1.86392805043451e+01	-7.50843931850715e+00
60	63	61	62	1.42200000000000e+01	6.28318530717959e+01	3.00000000000000e-02	0.00000000000000e+00	0.00000000000000e+00	2.09381794187402e+01	-1.28974944844661e+01
61	64	62	63	1.53200000000000e+01	6.28318530717959e+01	3.00000000000000e-02	0.00000000000000e+00	0.00000000000000e+00	1.98606315325514e+01	-8.65267643403736e+00
62	65	63	64	1.64100000000000e+01	6.28318530717959e+01	3.00000000000000e-02	0.00000000000000e+00	0.00000000000000e+00	2.15844300997852e+01	-9.13604403175133e+00
63	66	64	65	2.23400000000000e+01	6.28318530717959e+01	3.00000000000000e-02	0.00000000000000e+00	0.00000000000000e+00	2.36721006521640e+01	-1.93061244659890e+00
64	67	65	66	2.01300000000000e+01	6.28318530717959e+01	3.00000000000000e-02	0.00000000000000e+00	0.00000000000000e+00	1.90889086365856e+01	1.77012576418890e+00
65	68	66	67	2.49700000000000e+01	6.28318530717959e+01	3.00000000000000e-02	0.00000000000000e+00	0.00000000000000e+00	2.25494122519492e+01	3.39887009659288e+00
66	69	67	68	2.07600000000000e+01	6.28318530717959e+01	3.00000000000000e-02	0.00000000000000e+00	0.00000000000000e+00	2.19667257563227e+01	-1.88335948360706e+00
67	70	68	69	2.48100000000000e+01	6.28318530717959e+01	3.00000000000000e-02	0.00000000000000e+00	0.00000000000000e+00	2.64952552932952e+01	-2.19062912406239e+00
68	71	69	70	2.31200000000000e+01	6.28318530717959e+01	3.00000000000000e-02	0.00000000000000e+00	0.00000000000000e+00	2.45376831132600e+01	-1.98373261196137e+00
69	72	70	71	3.04400000000000e+01	6.28318530717959e+01	3.00000000000000e-02	0.00000000000000e+00	0.00000000000000e+00	3.37391770142160e+01	-3.43007172785404e+00
70	73	71	72	5.61900000000000e+01	6.28318530717959e+01	3.00000000000000e-02	0.00000000000000e+00	0.00000000000000e+00	5.47323056819885e+01	8.76155751776153e-01
71	74	72	73	8.19500000000000e+01	6.28318530717959e+01	3.00000000000000e-02	0.00000000000000e+00	0.00000000000000e+00	7.54434659937935e+01	2.75752414019645e+00
72	75	73	74	1.10360000000000e+02	6.28318530717959e+01	3.00000000000000e-02	0.00000000000000e+00	0.00000000000000e+00	1.10700192612576e+02	-1.02594343833040e-01
73	76	74	75	1.38780000000000e+02	6.28318530717959e+01	3.00000000000000e-02	0.00000000000000e+00	0.00000000000000e+00	1.58747860580453e+02	-4.48090718506752e+00
74	77	75	76	1.51400000000000e+02	6.28318530717959e+01	3.00000000000000e-02	0.00000000000000e+00	0.00000000000000e+00	1.37270797992856e+02	3.26565794827308e+00
75	78	76	77	2.05050000000000e+02	6.28318530717959e+01	3.00000000000000e-02	0.00000000000000e+00	0.00000000000000e+00	1.68769358370771e+02	6.49069374645341e+00
76	79	77	78	1.90520000000000e+02	6.28318530717959e+01	3.00000000000000e-02	0.00000000000000e+00	0.00000000000000e+00	1.83496776986204e+02	1.25200242333878e+00
77	80	78	79	1.63780000000000e+02	6.28318530717959e+01	3.00000000000000e-02	0.00000000000000e+00	0.00000000000000e+00	1.66292945659172e+02	-5.07563402984583e-01
78	81	79	80	1.60840000000000e+02	6.28318530717959e+01	3.00000000000000e-02	0.00000000000000e+00	0.00000000000000e+00	1.70817452053017e+02	-2.00617908006346e+00
79	82	80	81	1.62510000000000e+02	6.28318530717959e+01	3.00000000000000e-02	0.00000000000000e+00	0.00000000000000e+00	1.60840868327914e+02	3.44135253905472e-01
80	83	81	82	1.56030000000000e+02	6.28318530717959e+01	3.00000000000000e-02	0.00000000000000e+00	0.00000000000000e+00	1.46604160069990e+02	2.07707101303155e+00
81	84	82	83	1.08340000000000e+02	6.28318530717959e+01	3.00000000000000e-02	0.00000000000000e+00	0.00000000000000e+00	1.06938310927859e+02	4.34076513720753e-01
82	85	83	84	1.37100000000000e+02	6.28318530717959e+01	3.00000000000000e-02	0.00000000000000e+00	0.00000000000000e+00	1.37118855487854e+02	-4.58404847233732e-03
83	86	84	85	1.04020000000000e+02	6.28318530717959e+01	3.00000000000000e-02	0.00000000000000e+00	0.00000000000000e+00	1.00015490382662e+02	1.30860368421904e+00
84	87	85	86	9.96100000000000e+01	6.28318530717959e+01	3.00000000000000e-02	0.00000000000000e+00	0.00000000000000e+00	9.46988519122379e+01	1.68535614857831e+00
85	88	86	87	8.30700000000000e+01	6.28318530717959e+01	3.00000000000000e-02	0.00000000000000e+00	0.00000000000000e+00	8.35435915813371e+01	-1.89497488296967e-01
86	89	87	88	6.86800000000000e+01	6.28318530717959e+01	3.00000000000000e-02	0.00000000000000e+00	0.00000000000000e+00	7.25843969141513e+01	-1.84306480551057e+00
87	90	88	89	5.42900000000000e+01	6.28318530717959e+01	3.00000000000000e-02	0.00000000000000e+00	0.00000000000000e+00	5.73349782022126e+01	-1.81902764633069e+00
88	91	89	90	7.88200000000000e+01	6.28318530717959e+01	3.00000000000000e-02	0.00000000000000e+00	0.00000000000000e+00	7.28775039901990e+01	2.61289225383846e+00
89	92	90	91	8.86600000000000e+01	6.28318530717959e+01	3.00000000000000e-02	0.00000000000000e+00	0.00000000000000e+00	8.66874383681694e+01	7.49994740257076e-01
90	93	91	92	6.72600000000000e+01	6.28318530717959e+01	3.00000000000000e-02	0.00000000000000e+00	0.00000000000000e+00	7.10499733737847e+01	-1.82725911592367e+00
91	94	92	93	7.84000000000000e+01	6.28318530717959e+01	3.00000000000000e-02	0.00000000000000e+00	0.00000000000000e+00	8.18642753164833e+01	-1.44129231727810e+00
92	95	93	94	7.50000000000000e+01	6.28318530717959e+01	3.00000000000000e-02	0.00000000000000e+00	0.00000000000000e+00	7.45422521194715e+01	2.04066879070168e-01
93	96	94	95	6.73700000000000e+01	6.28318530717959e+01	3.00000000000000e-02	0.00000000000000e+00	0.00000000000000e+00	6.80300669220369e+01	-3.24998436584216e-01
94	97	95	96	9.29800000000000e+01	6.28318530717959e+01	3.00000000000000e-02	0.00000000000000e+00	0.00000000000000e+00	9.14496690194034e+01	5.53188689470889e-01
95	98	96	97	6.69000000000000e+01	6.28318530717959e+01	3.00000000000000e-02	0.00000000000000e+00	0.00000000000000e+00	6.87878104867778e+01	-9.27586298359924e-01
96	99	97	98	8.00200000000000e+01	6.28318530717959e+01	3.00000000000000e-02	0.00000000000000e+00	0.00000000000000e+00	7.58566149173124e+01	1.78105636418214e+00
97	100	98	99	6.83300000000000e+01	6.28318530717959e+01	3.00000000000000e-02	0.00000000000000e+00	0.00000000000000e+00	6.91220618277377e+01	-3.84168164730732e-01
98	101	99	100	7.84700000000000e+01	6.28318530717959e+01	3.00000000000000e-02	0.00000000000000e+00	0.00000000000000e+00	7.93636295751057e+01	-3.77460378826822e-01
99	102	100	101	1.06780000000000e+02	6.28318530717959e+01	3.00000000000000e-02	0.00000000000000e+00	0.00000000000000e+00	1.07012928678147e+02	-7.26337619462984e-02
100	103	101	102	1.52610000000000e+02	6.28318530717959e+01	3.00000000000000e-02	0.00000000000000e+00	0.00000000000000e+00	1.43482674892825e+02	2.05571173486785e+00
101	104	102	103	1.62970000000000e+02	6.28318530717959e+01	3.00000000000000e-02	0.00000000000000e+00	0.00000000000000e+00	1.59357025995408e+02	7.47300110105205e-01
102	105	103	104	1.88870000000000e+02	6.28318530717959e+01	3.00000000000000e-02	0.00000000000000e+00	0.00000000000000e+00	1.82891494200611e+02	1.07219661943638e+00
103	106	104	105	1.60070000000000e+02	6.28318530717959e+01	3.00000000000000e-02	0.00000000000000e+00	0.00000000000000e+00	1.67936650985741e+02	-1.59918704224129e+00
104	107	105	106	1.67300000000000e+02	6.28318530717959e+01	3.00000000000000e-02	0.00000000000000e+00	0.00000000000000e+00	1.73266889479658e+02	-1.16815038332785e+00
105	108	106	107	1.83290000000000e+02	6.28318530717959e+01	3.00000000000000e-02	0.00000000000000e+00	0.00000000000000e+00	1.64593871039318e+02	3.58628486393796e+00
106	109	107	108	1.49720000000000e+02	6.28318530717959e+01	3.00000000000000e-02	0.00000000000000e+00	0.00000000000000e+00	1.41414983432835e+02	1.90227234386994e+00
107	110	108	109	1.45260000000000e+02	6.28318530717959e+01	3.00000000000000e-02	0.00000000000000e+00	0.00000000000000e+00	1.53578260346763e+02	-1.85616787726248e+00
108	111	109	110	1.32490000000000e+02	6.28318530717959e+01	3.00000000000000e-02	0.00000000000000e+00	0.00000000000000e+00	1.44954061476881e+02	-2.99699013141632e+00
109	112	110	111	1.71590000000000e+02	6.28318530717959e+01	3.00000000000000e-02	0.00000000000000e+00	0.00000000000000e+00	1.85280466865336e+02	-2.55876012888701e+00
110	113	111	112	1.35600000000000e+02	6.28318530717959e+01	3.00000000000000e-02	0.00000000000000e+00	0.00000000000000e+00	1.49144623120253e+02	-3.17356948851613e+00
111	114	112	113	1.68870000000000e+02	6.28318530717959e+01	3.00000000000000e-02	0.00000000000000e+00	0.00000000000000e+00	1.63505527988848e+02	1.07607960163157e+00
112	115	113	114	1.54130000000000e+02	6.28318530717959e+01	3.00000000000000e-02	0.00000000000000e+00	0.00000000000000e+00	1.55483784953973e+02	-2.91501573337645e-01
113	116	114	115	1.56540000000000e+02	6.28318530717959e+01	3.00000000000000e-02	0.00000000000000e+00	0.00000000000000e+00	1.45881723808120e+02	2.35051286296031e+00
114	117	115	116	1.75600000000000e+02	6.28318530717959e+01	3.00000000000000e-02	0.00000000000000e+00	0.00000000000000e+00	1.66113475632342e+02	1.85125127459284e+00
115	118	116	117	1.51780000000000e+02	6.28318530717959e+01	3.00000000000000e-02	0.00000000000000e+00	0.00000000000000e+00	1.39818778005190e+02	2.73616542337750e+00
116	119	117	118	1.25630000000000e+02	6.28318530717959e+01	3.00000000000000e-02	0.00000000000000e+00	0.00000000000000e+00	1.20401631497120e+02	1.41693318642944e+00
117	120	118	119	8.86500000000000e+01	6.28318530717959e+01	3.00000000000000e-02	0.00000000000000e+00	0.00000000000000e+00	8.63654489898136e+01	8.70277754704911e-01
118	121	119	120	7.98300000000000e+01	6.28318530717959e+01	3.00000000000000e-02	0.00000000000000e+00	0.00000000000000e+00	7.90073912272821e+01	3.45265524270714e-01
119	122	120	121	7.10100000000000e+01	6.28318530717959e+01	3.00000000000000e-02	0.00000000000000e+00	0.00000000000000e+00	7.67736973892688e+01	-2.60137957962462e+00
120	123	121	122	5.77500000000000e+01	6.28318530717959e+01	3.00000000000000e-02	0.00000000000000e+00	0.00000000000000e+00	5.97080013021665e+01	-1.11142290593339e+00
121	124	122	123	7.79900000000000e+01	6.28318530717959e+01	3.00000000000000e-02	0.00000000000000e+00	0.00000000000000e+00	7.23579575731109e+01	2.49850597080812e+00
122	125	123	124	5.31600000000000e+01	6.28318530717959e+01	3.00000000000000e-02	0.00000000000000e+00	0.00000000000000e+00	5.16828031611912e+01	9.39371170218317e-01
123	126	124	125	4.32800000000000e+01	6.28318530717959e+01	3.00000000000000e-02	0.00000000000000e+00	0.00000000000000e+00	5.21868682522748e+01	-6.23800875513153e+00
124	127	125	126	6.32700000000000e+01	6.28318530717959e+01	3.00000000000000e-02	0.00000000000000e+00	0.00000000000000e+00	6.62088741295130e+01	-1.51344070316630e+00
125	128	126	127	8.32600000000000e+01	6.28318530717959e+01	3.00000000000000e-02	0.00000000000000e+00	0.00000000000000e+00	7.67358361402335e+01	2.71998059114148e+00
126	129	127	128	1.13340000000000e+02	6.28318530717959e+01	3.00000000000000e-02	0.00000000000000e+00	0.00000000000000e+00	1.01947395807022e+02	3.53117326241490e+00
127	130	128	129	9.04100000000000e+01	6.28318530717959e+01	3.00000000000000e-02	0.00000000000000e+00	0.00000000000000e+00	9.19105326841928e+01	-5.48691743974790e-01
128	131	129	130	1.19850000000000e+02	6.28318530717959e+01	3.00000000000000e-02	0.00000000000000e+00	0.00000000000000e+00	1.26647346731720e+02	-1.83884885788261e+00
129	132	130	131	9.76400000000000e+01	6.28318530717959e+01	3.00000000000000e-02	0.00000000000000e+00	0.00000000000000e+00	9.82356135755628e+01	-2.02718926378154e-01
130	133	131	132	1.28990000000000e+02	6.28318530717959e+01	3.00000000000000e-02	0.00000000000000e+00	0.00000000000000e+00	1.28347451375869e+02	1.66461056234842e-01
131	134	132	133	1.11350000000000e+02	6.28318530717959e+01	3.00000000000000e-02	0.00000000000000e+00	0.00000000000000e+00	1.09400883541824e+02	5.88647583247711e-01
132	135	133	134	1.64570000000000e+02	6.28318530717959e+01	3.00000000000000e-02	0.00000000000000e+00	0.00000000000000e+00	1.61535803275506e+02	6.20306713541593e-01
133	136	134	135	1.39270000000000e+02	6.28318530717959e+01	3.00000000000000e-02	0.00000000000000e+00	0.00000000000000e+00	1.44691299593481e+02	-1.27293365200115e+00
134	137	135	136	1.46180000000000e+02	6.28318530717959e+01	3.00000000000000e-02	0.00000000000000e+00	0.00000000000000e+00	1.48046121200607e+02	-4.22837196641416e-01
135	138	136	137	1.44920000000000e+02	6.28318530717959e+01	3.00000000000000e-02	0.00000000000000e+00	0.00000000000000e+00	1.40121472273539e+02	1.12240535064757e+00
136	139	137	138	1.17920000000000e+02	6.28318530717959e+01	3.00000000000000e-02	0.00000000000000e+00	0.00000000000000e+00	1.09506609726145e+02	2.46738394034628e+00
137	140	138	139	1.36770000000000e+02	6.28318530717959e+01	3.00000000000000e-02	0.00000000000000e+00	0.00000000000000e+00	1.34061369783741e+02	6.66766810807011e-01
138	141	139	140	1.07590000000000e+02	6.28318530717959e+01	3.00000000000000e-02	0.00000000000000e+00	0.00000000000000e+00	1.14139322234428e+02	-1.96973734884625e+00
139	142	140	141	1.35510000000000e+02	6.28318530717959e+01	3.00000000000000e-02	0.00000000000000e+00	0.00000000000000e+00	1.27636473021788e+02	1.99530898464308e+00
140	143	141	142	1.63430000000000e+02	6.28318530717959e+01	3.00000000000000e-02	0.00000000000000e+00	0.00000000000000e+00	1.51962920706113e+02	2.42494052468312e+00
141	144	142	143	1.64060000000000e+02	6.28318530717959e+01	3.00000000000000e-02	0.00000000000000e+00	0.00000000000000e+00	1.71391555309692e+02	-1.45728404901258e+00
142	145	143	144	1.49240000000000e+02	6.28318530717959e+01	3.00000000000000e-02	0.00000000000000e+00	0.00000000000000e+00	1.53173309428412e+02	-8.67142444473886e-01
143	146	144	145	1.84810000000000e+02	6.28318530717959e+01	3.00000000000000e-02	0.00000000000000e+00	0.00000000000000e+00	1.67771741213429e+02	3.22412993316004e+00
144	147	145	146	1.82480000000000e+02	6.28318530717959e+01	3.00000000000000e-02	0.00000000000000e+00	0.00000000000000e+00	1.71268085555122e+02	2.11368324430129e+00
145	148	146	147	2.04100000000000e+02	6.28318530717959e+01	3.00000000000000e-02	0.00000000000000e+00	0.00000000000000e+00	1.98462179531359e+02	9.33717305670564e-01
146	149	147	148	1.83110000000000e+02	6.28318530717959e+01	3.00000000000000e-02	0.00000000000000e+00	0.00000000000000e+00	1.86207309224431e+02	-5.59118453836434e-01
147	150	148	149	1.53910000000000e+02	6.28318530717959e+01	3.00000000000000e-02	0.00000000000000e+00	0.00000000000000e+00	1.51827156142529e+02	4.54175760347949e-01
148	151	149	150	1.98730000000000e+02	6.28318530717959e+01	3.00000000000000e-02	0.00000000000000e+00	0.00000000000000e+00	1.98996370199873e+02	-4.46488272099662e-02
149	152	150	151	1.57100000000000e+02	6.28318530717959e+01	3.00000000000000e-02	0.00000000000000e+00	0.00000000000000e+00	1.53890769299655e+02	6.87982825842533e-01
150	153	151	152	1.96830000000000e+02	6.28318530717959e+01	3.00000000000000e-02	0.00000000000000e+00	0.00000000000000e+00	1.85126682665528e+02	2.04333500434502e+00
151	154	152	153	1.87500000000000e+02	6.28318530717959e+01	3.00000000000000e-02	0.00000000000000e+00	0.00000000000000e+00	1.87389675911374e+02	1.96189437229914e-02
152	155	153	154	2.27050000000000e+02	6.28318530717959e+01	3.00000000000000e-02	0.00000000000000e+00	0.00000000000000e+00	2.28224580355683e+02	-1.71996272492692e-01
153	156	154	155	2.08070000000000e+02	6.28318530717959e+01	3.00000000000000e-02	0.00000000000000e+00	0.00000000000000e+00	2.10406620630806e+02	-3.72246189948259e-01
154	157	155	156	1.84270000000000e+02	6.28318530717959e+01	3.00000000000000e-02	0.00000000000000e+00	0.00000000000000e+00	1.77152738942419e+02	1.31299270021747e+00
155	158	156	157	1.37420000000000e+02	6.28318530717959e+01	3.00000000000000e-02	0.00000000000000e+00	0.00000000000000e+00	1.45440371058406e+02	-1.89080840348851e+00
156	159	157	158	1.56440000000000e+02	6.28318530717959e+01	3.00000000000000e-02	0.00000000000000e+00	0.00000000000000e+00	1.56431129211811e+02	1.89018999906902e-03
157	160	158	159	1.63690000000000e+02	6.28318530717959e+01	3.00000000000000e-02	0.00000000000000e+00	0.00000000000000e+00	1.61164860222291e+02	5.18219251406264e-01
158	161	159	160	1.65140000000000e+02	6.28318530717959e+01	3.00000000000000e-02	0.00000000000000e+00	0.00000000000000e+00	1.54644238584942e+02	2.18887850316876e+00
159	162	160	161	1.80760000000000e+02	6.28318530717959e+01	3.00000000000000e-02	0.00000000000000e+00	0.00000000000000e+00	1.69840828880327e+02	2.07694956000255e+00
160	163	161	162	1.29580000000000e+02	6.28318530717959e+01	3.00000000000000e-02	0.00000000000000e+00	0.00000000000000e+00	1.33356903619958e+02	-9.57685631483477e-01
161	164	162	163	9.37500000000000e+01	6.28318530717959e+01	3.00000000000000e-02	0.00000000000000e+00	0.00000000000000e+00	9.83036214965232e+01	-1.58097342969154e+00
162	165	163	164	7.04800000000000e+01	6.28318530717959e+01	3.00000000000000e-02	0.00000000000000e+00	0.00000000000000e+00	7.55327919157602e+01	-2.30793034477156e+00
163	166	164	165	4.72100000000000e+01	6.28318530717959e+01	3.00000000000000e-02	0.00000000000000e+00	0.00000000000000e+00	4.77976455272556e+01	-4.12354899136217e-01
164	167	165	166	3.65000000000000e+01	6.28318530717959e+01	3.00000000000000e-02	0.00000000000000e+00	0.00000000000000e+00	3.63919182565432e+01	9.88512172098795e-02
1	7	4	5	4.24800000000000e+01	1.25663706143592e+02	3.00000000000000e-02	0.00000000000000e+00	0.00000000000000e+00	5.23393360862732e+01	-6.95716118180621e+00
3	8	2	6	4.87400000000000e+01	1.25663706143592e+02	3.00000000000000e-02	0.00000000000000e+00	0.00000000000000e+00	5.51333195553533e+01	-4.10847319404957e+00
4	9	5	7	3.62500000000000e+01	1.25663706143592e+02	3.00000000000000e-02	0.00000000000000e+00	0.00000000000000e+00	4.74341425905787e+01	-8.96342986404319e+00
2	10	6	8	4.47500000000000e+01	1.25663706143592e+02	3.00000000000000e-02	0.00000000000000e+00	0.00000000000000e+00	5.12255732020152e+01	-4.50491464098466e+00
5	11	7	9	5.92500000000000e+01	1.25663706143592e+02	3.00000000000000e-02	0.00000000000000e+00	0.00000000000000e+00	5.52786648872047e+01	2.31262508902820e+00
6	12	8	10	4.15600000000000e+01	1.25663706143592e+02	3.00000000000000e-02	0.00000000000000e+00	0.00000000000000e+00	4.12353675212609e+01	2.61394771268867e-01
7	13	9	11	4.64700000000000e+01	1.25663706143592e+02	3.00000000000000e-02	0.00000000000000e+00	0.00000000000000e+00	4.42388307022475e+01	1.64013390043765e+00
8	14	10	12	5.13900000000000e+01	1.25663706143592e+02	3.00000000000000e-02	0.00000000000000e+00	0.00000000000000e+00	4.88395949817991e+01	1.69674148506587e+00
9	15	11	13	4.10600000000000e+01	1.25663706143592e+02	3.00000000000000e-02	0.00000000000000e+00	0.00000000000000e+00	3.78911206719258e+01	2.67725366712046e+00
11	16	13	15	2.93400000000000e+01	1.25663706143592e+02	3.00000000000000e-02	0.00000000000000e+00	0.00000000000000e+00	2.90108277594311e+01	3.76088046636935e-01
13	19	15	16	3.28700000000000e+01	1.25663706143592e+02	3.00000000000000e-02	0.00000000000000e+00	0.00000000000000e+00	3.46123163153569e+01	-1.72163979731284e+00
15	20	16	19	3.64000000000000e+01	1.25663706143592e+02	3.00000000000000e-02	0.00000000000000e+00	0.00000000000000e+00	3.24946225821423e+01	3.78313860026204e+00
16	22	19	20	5.43700000000000e+01	1.25663706143592e+02	3.00000000000000e-02	0.00000000000000e+00	0.00000000000000e+00	4.51154065954677e+01	6.21962444429620e+00
18	23	17	21	7.74400000000000e+01	1.25663706143592e+02	3.00000000000000e-02	0.00000000000000e+00	0.00000000000000e+00	7.05594066949474e+01	3.10161466078191e+00
19	24	20	22	7.70600000000000e+01	1.25663706143592e+02	3.00000000000000e-02	0.00000000000000e+00	0.00000000000000e+00	6.92813749903143e+01	3.54694094276307e+00
17	25	21	23	7.81500000000000e+01	1.25663706143592e+02	3.00000000000000e-02	0.00000000000000e+00	0.00000000000000e+00	7.83422944077921e+01	-8.19186253659510e-02
20	26	22	24	9.02900000000000e+01	1.25663706143592e+02	3.00000000000000e-02	0.00000000000000e+00	0.00000000000000e+00	9.07342945463790e+01	-1.63622766621696e-01
21	27	23	25	1.09690000000000e+02	1.25663706143592e+02	3.00000000000000e-02	0.00000000000000e+00	0.00000000000000e+00	1.04290769883626e+02	1.68251143916708e+00
22	28	24	26	8.89100000000000e+01	1.25663706143592e+02	3.00000000000000e-02	0.00000000000000e+00	0.00000000000000e+00	9.91835297058792e+01	-3.64491157274474e+00
23	29	25	27	8.86100000000000e+01	1.25663706143592e+02	3.00000000000000e-02	0.00000000000000e+00	0.00000000000000e+00	9.85660713662388e+01	-3.54941268471345e+00
24	30	26	28	1.04140000000000e+02	1.25663706143592e+02	3.00000000000000e-02	0.00000000000000e+00	0.00000000000000e+00	1.04048223432568e+02	2.93889737097726e-02
25	31	27	29	9.28900000000000e+01	1.25663706143592e+02	3.00000000000000e-02	0.00000000000000e+00	0.00000000000000e+00	9.47737936376321e+01	-6.69231174126702e-01
26	32	28	30	7.60800000000000e+01	1.25663706143592e+02	3.00000000000000e-02	0.00000000000000e+00	0.00000000000000e+00	7.83781434850426e+01	-9.91989605791381e-01
27	33	29	31	7.69300000000000e+01	1.25663706143592e+02	3.00000000000000e-02	0.00000000000000e+00	0.00000000000000e+00	7.99508003379273e+01	-1.28385107465524e+00
28	34	30	32	8.88400000000000e+01	1.25663706143592e+02	3.00000000000000e-02	0.00000000000000e+00	0.00000000000000e+00	8.64204702076720e+01	9.20414252609891e-01
29	35	31	33	7.44400000000000e+01	1.25663706143592e+02	3.00000000000000e-02	0.00000000000000e+00	0.00000000000000e+00	7.54238797806894e+01	-4.37683368839389e-01
30	36	32	34	6.57600000000000e+01	1.25663706143592e+02	3.00000000000000e-02	0.00000000000000e+00	0.00000000000000e+00	6.09927754173244e+01	2.50854431234175e+00
31	37	33	35	6.57300000000000e+01	1.25663706143592e+02	3.00000000000000e-02	0.00000000000000e+00	0.00000000000000e+00	6.48865521723639e+01	4.30501615807592e-01
32	38	34	36	8.57800000000000e+01	1.25663706143592e+02	3.00000000000000e-02	0.00000000000000e+00	0.00000000000000e+00	8.38424426814420e+01	7.61550796804518e-01
33	39	35	37	7.71700000000000e+01	1.25663706143592e+02	3.00000000000000e-02	0.00000000000000e+00	0.00000000000000e+00	7.25079096081274e+01	2.07717088388352e+00
34	40	36	38	6.36400000000000e+01	1.25663706143592e+02	3.00000000000000e-02	0.00000000000000e+00	0.00000000000000e+00	7.16704718525613e+01	-3.96122100658595e+00
35	41	37	39	4.59700000000000e+01	1.25663706143592e+02	3.00000000000000e-02	0.00000000000000e+00	0.00000000000000e+00	4.71213677879408e+01	-8.24585228718488e-01
36	42	38	40	5.09400000000000e+01	1.25663706143592e+02	3.00000000000000e-02	0.00000000000000e+00	0.00000000000000e+00	5.31504923756783e+01	-1.41596330274405e+00
37	43	39	41	5.36300000000000e+01	1.25663706143592e+02	3.00000000000000e-02	0.00000000000000e+00	0.00000000000000e+00	5.34451363556016e+01	1.15099131549560e-01
38	44	40	42	5.86000000000000e+01	1.25663706143592e+02	3.00000000000000e-02	0.00000000000000e+00	0.00000000000000e+00	5.06974010187384e+01	4.82866830858636e+00
39	45	41	43	4.81700000000000e+01	1.25663706143592e+02	3.00000000000000e-02	0.00000000000000e+00	0.00000000000000e+00	4.40724437389030e+01	2.96338973410199e+00
40	46	42	44	3.77400000000000e+01	1.25663706143592e+02	3.00000000000000e-02	0.00000000000000e+00	0.00000000000000e+00	3.35152533194000e+01	3.95732939234219e+00
41	47	43	45	3.42900000000000e+01	1.25663706143592e+02	3.00000000000000e-02	0.00000000000000e+00	0.00000000000000e+00	3.22509607005516e+01	2.04353115041155e+00
42	48	44	46	3.08300000000000e+01	1.25663706143592e+02	3.00000000000000e-02	0.00000000000000e+00	0.00000000000000e+00	2.55309762179832e+01	6.28652577678418e+00
43	49	45	47	4.09000000000000e+01	1.25663706143592e+02	3.00000000000000e-02	0.00000000000000e+00	0.00000000000000e+00	3.64539020437203e+01	3.83605194566075e+00
44	50	46	48	5.09800000000000e+01	1.25663706143592e+02	3.00000000000000e-02	0.00000000000000e+00	0.00000000000000e+00	3.83025346737732e+01	9.53057751597493e+00
45	51	47	49	4.80300000000000e+01	1.25663706143592e+02	3.00000000000000e-02	0.00000000000000e+00	0.00000000000000e+00	3.74126899671240e+01	8.32719549576708e+00
46	52	48	50	4.50800000000000e+01	1.25663706143592e+02	3.00000000000000e-02	0.00000000000000e+00	0.00000000000000e+00	4.00965133877437e+01	3.90497688586029e+00
47	53	49	51	3.66200000000000e+01	1.25663706143592e+02	3.00000000000000e-02	0.00000000000000e+00	0.00000000000000e+00	4.51312559014630e+01	-6.96601675777383e+00
48	54	50	52	2.81700000000000e+01	1.25663706143592e+02	3.00000000000000e-02	0.00000000000000e+00	0.00000000000000e+00	3.98853608443886e+01	-1.15917259518024e+01
49	55	51	53	2.07800000000000e+01	1.25663706143592e+02	3.00000000000000e-02	0.00000000000000e+00	0.00000000000000e+00	3.73577166456228e+01	-1.95516169399762e+01
50	56	52	54	2.92100000000000e+01	1.25663706143592e+02	3.00000000000000e-02	0.00000000000000e+00	0.00000000000000e+00	4.51321320245649e+01	-1.45027779390205e+01
51	57	53	55	2.53600000000000e+01	1.25663706143592e+02	3.00000000000000e-02	0.00000000000000e+00	0.00000000000000e+00	4.34071176025375e+01	-1.79150099383087e+01
52	58	54	56	2.15100000000000e+01	1.25663706143592e+02	3.00000000000000e-02	0.00000000000000e+00	0.00000000000000e+00	3.20037511941573e+01	-1.32445059155738e+01
53	59	55	57	2.99000000000000e+01	1.25663706143592e+02	3.00000000000000e-02	0.00000000000000e+00	0.00000000000000e+00	3.35103136301098e+01	-3.79982602025966e+00
54	60	56	58	3.82800000000000e+01	1.25663706143592e+02	3.00000000000000e-02	0.00000000000000e+00	0.00000000000000e+00	3.28695086999113e+01	5.07940419276632e+00
55	61	57	59	2.75000000000000e+01	1.25663706143592e+02	3.00000000000000e-02	0.00000000000000e+00	0.00000000000000e+00	2.90179242334932e+01	-1.79092371333421e+00
56	62	58	60	3.17400000000000e+01	1.25663706143592e+02	3.00000000000000e-02	0.00000000000000e+00	0.00000000000000e+00	2.68150709809629e+01	5.62045452016838e+00
57	63	59	61	3.59800000000000e+01	1.25663706143592e+02	3.00000000000000e-02	0.00000000000000e+00	0.00000000000000e+00	3.23233278484162e+01	3.57246781877167e+00
58	64	60	62	3.04600000000000e+01	1.25663706143592e+02	3.00000000000000e-02	0.00000000000000e+00	0.00000000000000e+00	3.51319298321201e+01	-4.75653504406107e+00
59	65	61	63	2.27400000000000e+01	1.25663706143592e+02	3.00000000000000e-02	0.00000000000000e+00	0.00000000000000e+00	3.38169095371108e+01	-1.32278490410075e+01
60	66	62	64	2.78500000000000e+01	1.25663706143592e+02	3.00000000000000e-02	0.00000000000000e+00	0.00000000000000e+00	3.47322307221363e+01	-7.36117095766392e+00
61	67	63	65	3.29700000000000e+01	1.25663706143592e+02	3.00000000000000e-02	0.00000000000000e+00	0.00000000000000e+00	3.74091114651473e+01	-4.21054132428574e+00
62	68	64	66	3.38900000000000e+01	1.25663706143592e+02	3.00000000000000e-02	0.00000000000000e+00	0.00000000000000e+00	3.42737230863953e+01	-3.75299472659722e-01
63	69	65	67	3.00100000000000e+01	1.25663706143592e+02	3.00000000000000e-02	0.00000000000000e+00	0.00000000000000e+00	2.67348468751494e+01	3.85209395243828e+00
64	70	66	68	3.41900000000000e+01	1.25663706143592e+02	3.00000000000000e-02	0.00000000000000e+00	0.00000000000000e+00	3.06909051036705e+01	3.59889478812456e+00
65	71	67	69	3.57000000000000e+01	1.25663706143592e+02	3.00000000000000e-02	0.00000000000000e+00	0.00000000000000e+00	3.61142760778372e+01	-3.84585253323981e-01
66	72	68	70	2.90600000000000e+01	1.25663706143592e+02	3.00000000000000e-02	0.00000000000000e+00	0.00000000000000e+00	3.35513818101920e+01	-4.79051303401050e+00
67	73	69	71	3.67400000000000e+01	1.25663706143592e+02	3.00000000000000e-02	0.00000000000000e+00	0.00000000000000e+00	3.31381518852669e+01	3.43936120778491e+00
68	74	70	72	4.44300000000000e+01	1.25663706143592e+02	3.00000000000000e-02	0.00000000000000e+00	0.00000000000000e+00	4.34865735021156e+01	7.15422720691849e-01
69	75	71	73	5.39400000000000e+01	1.25663706143592e+02	3.00000000000000e-02	0.00000000000000e+00	0.00000000000000e+00	5.38070072766932e+01	8.22870748845646e-02
70	76	72	74	8.04700000000000e+01	1.25663706143592e+02	3.00000000000000e-02	0.00000000000000e+00	0.00000000000000e+00	7.64021025597797e+01	1.72914093160941e+00
71	77	73	75	1.07010000000000e+02	1.25663706143592e+02	3.00000000000000e-02	0.00000000000000e+00	0.00000000000000e+00	1.09215205338887e+02	-6.79933620286259e-01
72	78	74	76	9.75900000000000e+01	1.25663706143592e+02	3.00000000000000e-02	0.00000000000000e+00	0.00000000000000e+00	9.57922300430828e+01	6.19781782930851e-01
73	79	75	77	8.67100000000000e+01	1.25663706143592e+02	3.00000000000000e-02	0.00000000000000e+00	0.00000000000000e+00	9.63649365871086e+01	-3.51910632375783e+00
74	80	76	78	1.10390000000000e+02	1.25663706143592e+02	3.00000000000000e-02	0.00000000000000e+00	0.00000000000000e+00	1.10496246010985e+02	-3.20665866397896e-02
75	81	77	79	1.29720000000000e+02	1.25663706143592e+02	3.00000000000000e-02	0.00000000000000e+00	0.00000000000000e+00	1.21044964416682e+02	2.30720660405431e+00
76	82	78	80	9.82100000000000e+01	1.25663706143592e+02	3.00000000000000e-02	0.00000000000000e+00	0.00000000000000e+00	1.01524883198666e+02	-1.10652933111088e+00
77	83	79	81	1.03620000000000e+02	1.25663706143592e+02	3.00000000000000e-02	0.00000000000000e+00	0.00000000000000e+00	1.08086539877150e+02	-1.40672800102661e+00
78	84	80	82	8.64200000000000e+01	1.25663706143592e+02	3.00000000000000e-02	0.00000000000000e+00	0.00000000000000e+00	9.25899149015255e+01	-2.29870316221623e+00
79	85	81	83	6.92200000000000e+01	1.25663706143592e+02	3.00000000000000e-02	0.00000000000000e+00	0.00000000000000e+00	6.65451123659528e+01	1.31365796997234e+00
80	86	82	84	5.14900000000000e+01	1.25663706143592e+02	3.00000000000000e-02	0.00000000000000e+00	0.00000000000000e+00	5.64055739123706e+01	-3.03934559320986e+00
81	87	83	85	5.39300000000000e+01	1.25663706143592e+02	3.00000000000000e-02	0.00000000000000e+00	0.00000000000000e+00	5.90212498682854e+01	-3.00702123236671e+00
82	88	84	86	5.63800000000000e+01	1.25663706143592e+02	3.00000000000000e-02	0.00000000000000e+00	0.00000000000000e+00	5.56770695300318e+01	4.18203387059890e-01
83	89	85	87	4.95700000000000e+01	1.25663706143592e+02	3.00000000000000e-02	0.00000000000000e+00	0.00000000000000e+00	6.03255800792972e+01	-6.54568051115102e+00
84	90	86	88	6.42200000000000e+01	1.25663706143592e+02	3.00000000000000e-02	0.00000000000000e+00	0.00000000000000e+00	6.55705409500038e+01	-6.93727851401989e-01
85	91	87	89	7.15500000000000e+01	1.25663706143592e+02	3.00000000000000e-02	0.00000000000000e+00	0.00000000000000e+00	5.62263260713736e+01	8.03371411169159e+00
86	92	88	90	4.87900000000000e+01	1.25663706143592e+02	3.00000000000000e-02	0.00000000000000e+00	0.00000000000000e+00	4.91511779550011e+01	-2.45847966976243e-01
87	93	89	91	7.22300000000000e+01	1.25663706143592e+02	3.00000000000000e-02	0.00000000000000e+00	0.00000000000000e+00	7.00916346499717e+01	1.00173398885521e+00
88	94	90	92	7.78500000000000e+01	1.25663706143592e+02	3.00000000000000e-02	0.00000000000000e+00	0.00000000000000e+00	7.39873278209829e+01	1.69633551341475e+00
89	95	91	93	5.29300000000000e+01	1.25663706143592e+02	3.00000000000000e-02	0.00000000000000e+00	0.00000000000000e+00	5.56994897941860e+01	-1.70002337108164e+00
90	96	92	94	4.73300000000000e+01	1.25663706143592e+02	3.00000000000000e-02	0.00000000000000e+00	0.00000000000000e+00	4.69284364678037e+01	2.84017697642280e-01
91	97	93	95	6.73100000000000e+01	1.25663706143592e+02	3.00000000000000e-02	0.00000000000000e+00	0.00000000000000e+00	6.77046817710840e+01	-1.94883939114169e-01
92	98	94	96	9.53500000000000e+01	1.25663706143592e+02	3.00000000000000e-02	0.00000000000000e+00	0.00000000000000e+00	8.15954032003295e+01	5.19271349974814e+00
93	99	95	97	9.49700000000000e+01	1.25663706143592e+02	3.00000000000000e-02	0.00000000000000e+00	0.00000000000000e+00	8.12137066331210e+01	5.21590061439975e+00
94	100	96	98	7.86500000000000e+01	1.25663706143592e+02	3.00000000000000e-02	0.00000000000000e+00	0.00000000000000e+00	7.46245422672313e+01	1.75127305275925e+00
95	101	97	99	7.13300000000000e+01	1.25663706143592e+02	3.00000000000000e-02	0.00000000000000e+00	0.00000000000000e+00	7.45473202915562e+01	-1.47056997193810e+00
96	102	98	100	8.62900000000000e+01	1.25663706143592e+02	3.00000000000000e-02	0.00000000000000e+00	0.00000000000000e+00	8.46843913888162e+01	6.26080432261193e-01
97	103	99	101	1.11920000000000e+02	1.25663706143592e+02	3.00000000000000e-02	0.00000000000000e+00	0.00000000000000e+00	9.95099850700758e+01	3.91754462548590e+00
98	104	100	102	1.31550000000000e+02	1.25663706143592e+02	3.00000000000000e-02	0.00000000000000e+00	0.00000000000000e+00	1.17139246077288e+02	3.86745476426480e+00
99	105	101	103	1.20860000000000e+02	1.25663706143592e+02	3.00000000000000e-02	0.00000000000000e+00	0.00000000000000e+00	1.11383291106966e+02	2.72185082510029e+00
100	106	102	104	1.23620000000000e+02	1.25663706143592e+02	3.00000000000000e-02	0.00000000000000e+00	0.00000000000000e+00	1.14982019514546e+02	2.41455267131852e+00
101	107	103	105	1.19660000000000e+02	1.25663706143592e+02	3.00000000000000e-02	0.00000000000000e+00	0.00000000000000e+00	1.31121264247978e+02	-3.04893961142788e+00
102	108	104	106	1.60890000000000e+02	1.25663706143592e+02	3.00000000000000e-02	0.00000000000000e+00	0.00000000000000e+00	1.57939427469682e+02	6.16977086208811e-01
103	109	105	107	1.34490000000000e+02	1.25663706143592e+02	3.00000000000000e-02	0.00000000000000e+00	0.00000000000000e+00	1.51985801557561e+02	-4.07657529474118e+00
104	110	106	108	1.08080000000000e+02	1.25663706143592e+02	3.00000000000000e-02	0.00000000000000e+00	0.00000000000000e+00	1.15494053816939e+02	-2.21157842934116e+00
105	111	107	109	1.22490000000000e+02	1.25663706143592e+02	3.00000000000000e-02	0.00000000000000e+00	0.00000000000000e+00	9.46506461748026e+01	8.59455631251542e+00
106	112	108	110	1.36890000000000e+02	1.25663706143592e+02	3.00000000000000e-02	0.00000000000000e+00	0.00000000000000e+00	1.22143891733127e+02	3.79926311440508e+00
107	113	109	111	1.87230000000000e+02	1.25663706143592e+02	3.00000000000000e-02	0.00000000000000e+00	0.00000000000000e+00	1.66401993386830e+02	3.93104332701825e+00
108	114	110	112	1.48730000000000e+02	1.25663706143592e+02	3.00000000000000e-02	0.00000000000000e+00	0.00000000000000e+00	1.58078349559262e+02	-2.03194039331468e+00
109	115	111	113	1.10740000000000e+02	1.25663706143592e+02	3.00000000000000e-02	0.00000000000000e+00	0.00000000000000e+00	1.21745891769146e+02	-3.15836356097776e+00
110	116	112	114	1.05070000000000e+02	1.25663706143592e+02	3.00000000000000e-02	0.00000000000000e+00	0.00000000000000e+00	1.05777244241049e+02	-2.23620626736043e-01
111	117	113	115	9.94100000000000e+01	1.25663706143592e+02	3.00000000000000e-02	0.00000000000000e+00	0.00000000000000e+00	1.09288735556745e+02	-3.15802059274368e+00
112	118	114	116	1.48200000000000e+02	1.25663706143592e+02	3.00000000000000e-02	0.00000000000000e+00	0.00000000000000e+00	1.31812602133457e+02	3.90604932614534e+00
113	119	115	117	1.31980000000000e+02	1.25663706143592e+02	3.00000000000000e-02	0.00000000000000e+00	0.00000000000000e+00	1.30586593231676e+02	3.53794652541861e-01
114	120	116	118	9.49100000000000e+01	1.25663706143592e+02	3.00000000000000e-02	0.00000000000000e+00	0.00000000000000e+00	1.02119366335024e+02	-2.44044377033411e+00
115	121	117	119	8.63500000000000e+01	1.25663706143592e+02	3.00000000000000e-02	0.00000000000000e+00	0.00000000000000e+00	8.83825334291009e+01	-7.75518662821343e-01
116	122	118	120	8.03900000000000e+01	1.25663706143592e+02	3.00000000000000e-02	0.00000000000000e+00	0.00000000000000e+00	8.44363290459538e+01	-1.63693191942939e+00
117	123	119	121	7.76900000000000e+01	1.25663706143592e+02	3.00000000000000e-02	0.00000000000000e+00	0.00000000000000e+00	7.72878009304712e+01	1.73014014508777e-01
118	124	120	122	6.60000000000000e+01	1.25663706143592e+02	3.00000000000000e-02	0.00000000000000e+00	0.00000000000000e+00	6.16784356246010e+01	2.25734586196215e+00
119	125	121	123	6.45600000000000e+01	1.25663706143592e+02	3.00000000000000e-02	0.00000000000000e+00	0.00000000000000e+00	5.59046798223290e+01	4.79823098509714e+00
120	126	122	124	4.77500000000000e+01	1.25663706143592e+02	3.00000000000000e-02	0.00000000000000e+00	0.00000000000000e+00	5.05960433265708e+01	-1.92981037274076e+00
121	127	123	125	6.86600000000000e+01	1.25663706143592e+02	3.00000000000000e-02	0.00000000000000e+00	0.00000000000000e+00	7.02537010551758e+01	-7.64873428533175e-01
122	128	124	126	9.54500000000000e+01	1.25663706143592e+02	3.00000000000000e-02	0.00000000000000e+00	0.00000000000000e+00	8.47866251763496e+01	3.94882472634424e+00
123	129	125	127	7.66000000000000e+01	1.25663706143592e+02	3.00000000000000e-02	0.00000000000000e+00	0.00000000000000e+00	8.67753184577572e+01	-4.15750516399157e+00
124	130	126	128	5.77600000000000e+01	1.25663706143592e+02	3.00000000000000e-02	0.00000000000000e+00	0.00000000000000e+00	5.89604294721834e+01	-6.85667913264106e-01
125	131	127	129	8.46900000000000e+01	1.25663706143592e+02	3.00000000000000e-02	0.00000000000000e+00	0.00000000000000e+00	7.23189782253544e+01	5.26369811568301e+00
126	132	128	130	1.11620000000000e+02	1.25663706143592e+02	3.00000000000000e-02	0.00000000000000e+00	0.00000000000000e+00	1.04668144863019e+02	2.14351417749293e+00
127	133	129	131	1.47190000000000e+02	1.25663706143592e+02	3.00000000000000e-02	0.00000000000000e+00	0.00000000000000e+00	1.30748819927276e+02	3.94820639043324e+00
128	134	130	132	1.00130000000000e+02	1.25663706143592e+02	3.00000000000000e-02	0.00000000000000e+00	0.00000000000000e+00	9.86033371041223e+01	5.12141193815078e-01
129	135	131	133	8.11000000000000e+01	1.25663706143592e+02	3.00000000000000e-02	0.00000000000000e+00	0.00000000000000e+00	7.85024793219985e+01	1.08509177040113e+00
130	136	132	134	8.49900000000000e+01	1.25663706143592e+02	3.00000000000000e-02	0.00000000000000e+00	0.00000000000000e+00	8.70508676859563e+01	-7.98634377574518e-01
131	137	133	135	1.18610000000000e+02	1.25663706143592e+02	3.00000000000000e-02	0.00000000000000e+00	0.00000000000000e+00	1.21062852954203e+02	-6.82301886424656e-01
132	138	134	136	1.54240000000000e+02	1.25663706143592e+02	3.00000000000000e-02	0.00000000000000e+00	0.00000000000000e+00	1.46943290751503e+02	1.61543652384430e+00
133	139	135	137	1.38380000000000e+02	1.25663706143592e+02	3.00000000000000e-02	0.00000000000000e+00	0.00000000000000e+00	1.25851384242030e+02	3.16339344692521e+00
134	140	136	138	1.00580000000000e+02	1.25663706143592e+02	3.00000000000000e-02	0.00000000000000e+00	0.00000000000000e+00	1.04037483661960e+02	-1.12659410961570e+00
135	141	137	139	1.05460000000000e+02	1.25663706143592e+02	3.00000000000000e-02	0.00000000000000e+00	0.00000000000000e+00	1.11093666273519e+02	-1.73473172263054e+00
136	142	138	140	1.37590000000000e+02	1.25663706143592e+02	3.00000000000000e-02	0.00000000000000e+00	0.00000000000000e+00	1.35767943280970e+02	4.44370649839806e-01
137	143	139	141	1.08500000000000e+02	1.25663706143592e+02	3.00000000000000e-02	0.00000000000000e+00	0.00000000000000e+00	1.21080622188410e+02	-3.65688166051055e+00
138	144	140	142	1.57670000000000e+02	1.25663706143592e+02	3.00000000000000e-02	0.00000000000000e+00	0.00000000000000e+00	1.54737620113722e+02	6.25777738330680e-01
139	145	141	143	2.06840000000000e+02	1.25663706143592e+02	3.00000000000000e-02	0.00000000000000e+00	0.00000000000000e+00	1.94933362234706e+02	1.97625931659055e+00
140	146	142	144	1.77010000000000e+02	1.25663706143592e+02	3.00000000000000e-02	0.00000000000000e+00	0.00000000000000e+00	1.75294067534384e+02	3.24709286251531e-01
141	147	143	145	1.31370000000000e+02	1.25663706143592e+02	3.00000000000000e-02	0.00000000000000e+00	0.00000000000000e+00	1.36442529009338e+02	-1.26285745285782e+00
142	148	144	146	1.56940000000000e+02	1.25663706143592e+02	3.00000000000000e-02	0.00000000000000e+00	0.00000000000000e+00	1.58578576784144e+02	-3.46221878488221e-01
143	149	145	147	2.31270000000000e+02	1.25663706143592e+02	3.00000000000000e-02	0.00000000000000e+00	0.00000000000000e+00	2.25269164257691e+02	8.76329544152377e-01
144	150	146	148	2.15060000000000e+02	1.25663706143592e+02	3.00000000000000e-02	0.00000000000000e+00	0.00000000000000e+00	2.12863330976554e+02	3.42224593294412e-01
145	151	147	149	1.81920000000000e+02	1.25663706143592e+02	3.00000000000000e-02	0.00000000000000e+00	0.00000000000000e+00	1.83002284860124e+02	-1.97720277856650e-01
146	152	148	150	2.07280000000000e+02	1.25663706143592e+02	3.00000000000000e-02	0.00000000000000e+00	0.00000000000000e+00	2.08596392967625e+02	-2.11023818039694e-01
147	153	149	151	2.35310000000000e+02	1.25663706143592e+02	3.00000000000000e-02	0.00000000000000e+00	0.00000000000000e+00	2.43326416737907e+02	-1.11666756459305e+00
148	154	150	152	2.01100000000000e+02	1.25663706143592e+02	3.00000000000000e-02	0.00000000000000e+00	0.00000000000000e+00	2.17820897720984e+02	-2.66236194165286e+00
149	155	151	153	1.72320000000000e+02	1.25663706143592e+02	3.00000000000000e-02	0.00000000000000e+00	0.00000000000000e+00	1.86668704236839e+02	-2.66607323826431e+00
150	156	152	154	2.19240000000000e+02	1.25663706143592e+02	3.00000000000000e-02	0.00000000000000e+00	0.00000000000000e+00	2.30468643723709e+02	-1.66492656997494e+00
151	157	153	155	2.23810000000000e+02	1.25663706143592e+02	3.00000000000000e-02	0.00000000000000e+00	0.00000000000000e+00	2.17904452114285e+02	8.91360132505466e-01
152	158	154	156	1.94890000000000e+02	1.25663706143592e+02	3.00000000000000e-02	0.00000000000000e+00	0.00000000000000e+00	1.91409229083131e+02	6.00720005081090e-01
153	159	155	157	1.55140000000000e+02	1.25663706143592e+02	3.00000000000000e-02	0.00000000000000e+00	0.00000000000000e+00	1.47951771172011e+02	1.58138616217700e+00
154	160	156	158	1.86290000000000e+02	1.25663706143592e+02	3.00000000000000e-02	0.00000000000000e+00	0.00000000000000e+00	1.64125030573502e+02	4.22253601322877e+00
155	161	157	159	1.81590000000000e+02	1.25663706143592e+02	3.00000000000000e-02	0.00000000000000e+00	0.00000000000000e+00	1.48022332503734e+02	6.81294136318797e+00
156	162	158	160	1.43980000000000e+02	1.25663706143592e+02	3.00000000000000e-02	0.00000000000000e+00	0.00000000000000e+00	1.20194265525999e+02	6.01883626161651e+00
157	163	159	161	1.00570000000000e+02	1.25663706143592e+02	3.00000000000000e-02	0.00000000000000e+00	0.00000000000000e+00	9.40982452287337e+01	2.21715346600409e+00
158	164	160	162	9.87800000000000e+01	1.25663706143592e+02	3.00000000000000e-02	0.00000000000000e+00	0.00000000000000e+00	1.00130963448169e+02	-4.52793617802350e-01
159	165	161	163	1.08850000000000e+02	1.25663706143592e+02	3.00000000000000e-02	0.00000000000000e+00	0.00000000000000e+00	1.17333418287305e+02	-2.50162744295682e+00
160	166	162	164	8.45300000000000e+01	1.25663706143592e+02	3.00000000000000e-02	0.00000000000000e+00	0.00000000000000e+00	9.03831473878300e+01	-2.23171087924759e+00
161	167	163	165	6.20900000000000e+01	1.25663706143592e+02	3.00000000000000e-02	0.00000000000000e+00	0.00000000000000e+00	5.79226021382929e+01	2.31590906292330e+00
1	10	2	7	5.78500000000000e+01	1.88495559215388e+02	3.00000000000000e-02	0.00000000000000e+00	0.00000000000000e+00	4.04506581279644e+01	1.19256846702577e+01
3	11	5	8	5.36000000000000e+01	1.88495559215388e+02	3.00000000000000e-02	0.00000000000000e+00	0.00000000000000e+00	4.78709582356116e+01	3.76800158056116e+00
4	12	6	9	3.97900000000000e+01	1.88495559215388e+02	3.00000000000000e-02	0.00000000000000e+00	0.00000000000000e+00	4.96149099524268e+01	-7.35585893331082e+00
2	13	7	10	4.72200000000000e+01	1.88495559215388e+02	3.00000000000000e-02	0.00000000000000e+00	0.00000000000000e+00	5.13023882987860e+01	-2.76399249891909e+00
5	14	8	11	5.46500000000000e+01	1.88495559215388e+02	3.00000000000000e-02	0.00000000000000e+00	0.00000000000000e+00	4.20934052727404e+01	8.70193768523929e+00
6	15	9	12	4.74900000000000e+01	1.88495559215388e+02	3.00000000000000e-02	0.00000000000000e+00	0.00000000000000e+00	3.95430844555711e+01	6.10427797913959e+00
8	16	11	14	4.03200000000000e+01	1.88495559215388e+02	3.00000000000000e-02	0.00000000000000e+00	0.00000000000000e+00	3.78134826495391e+01	2.13939669612976e+00
9	18	12	15	2.82700000000000e+01	1.88495559215388e+02	3.00000000000000e-02	0.00000000000000e+00	0.00000000000000e+00	3.51535453415591e+01	-7.26414348890247e+00
11	17	14	16	2.55900000000000e+01	1.88495559215388e+02	3.00000000000000e-02	0.00000000000000e+00	0.00000000000000e+00	2.61433434656621e+01	-7.13098531768308e-01
12	20	15	18	2.29000000000000e+01	1.88495559215388e+02	3.00000000000000e-02	0.00000000000000e+00	0.00000000000000e+00	2.94042103392376e+01	-8.33336541162140e+00
14	22	16	17	3.20300000000000e+01	1.88495559215388e+02	3.00000000000000e-02	0.00000000000000e+00	0.00000000000000e+00	3.79493377610129e+01	-5.65263632552076e+00
15	23	18	20	4.11500000000000e+01	1.88495559215388e+02	3.00000000000000e-02	0.00000000000000e+00	0.00000000000000e+00	4.37959684508041e+01	-2.07726138402589e+00
16	25	17	22	4.64400000000000e+01	1.88495559215388e+02	3.00000000000000e-02	0.00000000000000e+00	0.00000000000000e+00	4.70825759605242e+01	-4.58061286839880e-01
18	26	20	23	5.79000000000000e+01	1.88495559215388e+02	3.00000000000000e-02	0.00000000000000e+00	0.00000000000000e+00	5.33766058689178e+01	2.71149423152170e+00
19	27	21	24	5.64700000000000e+01	1.88495559215388e+02	3.00000000000000e-02	0.00000000000000e+00	0.00000000000000e+00	5.35001651954918e+01	1.80082606737830e+00
17	28	22	25	5.11200000000000e+01	1.88495559215388e+02	3.00000000000000e-02	0.00000000000000e+00	0.00000000000000e+00	5.02532962870383e+01	5.69988917650862e-01
20	29	23	26	5.36100000000000e+01	1.88495559215388e+02	3.00000000000000e-02	0.00000000000000e+00	0.00000000000000e+00	4.96406857033574e+01	2.56416146913068e+00
21	30	24	27	5.61100000000000e+01	1.88495559215388e+02	3.00000000000000e-02	0.00000000000000e+00	0.00000000000000e+00	5.27186035342230e+01	2.07818827562624e+00
22	31	25	28	6.03300000000000e+01	1.88495559215388e+02	3.00000000000000e-02	0.00000000000000e+00	0.00000000000000e+00	5.32543741041894e+01	4.15831828116643e+00
23	32	26	29	5.50900000000000e+01	1.88495559215388e+02	3.00000000000000e-02	0.00000000000000e+00	0.00000000000000e+00	5.58919025851390e+01	-4.81710093987934e-01
24	33	27	30	5.42100000000000e+01	1.88495559215388e+02	3.00000000000000e-02	0.00000000000000e+00	0.00000000000000e+00	5.46383615258788e+01	-2.62361160847628e-01
25	34	28	31	5.72500000000000e+01	1.88495559215388e+02	3.00000000000000e-02	0.00000000000000e+00	0.00000000000000e+00	5.79103600368697e+01	-3.82288532120227e-01
26	35	29	32	4.97600000000000e+01	1.88495559215388e+02	3.00000000000000e-02	0.00000000000000e+00	0.00000000000000e+00	5.02592135786017e+01	-3.32747883295633e-01
27	36	30	33	5.17700000000000e+01	1.88495559215388e+02	3.00000000000000e-02	0.00000000000000e+00	0.00000000000000e+00	4.79557371247620e+01	2.55107962252259e+00
28	37	31	34	4.64600000000000e+01	1.88495559215388e+02	3.00000000000000e-02	0.00000000000000e+00	0.00000000000000e+00	4.38392566957696e+01	1.93540132595008e+00
29	38	32	35	3.59900000000000e+01	1.88495559215388e+02	3.00000000000000e-02	0.00000000000000e+00	0.00000000000000e+00	3.47249436866547e+01	1.19276183821519e+00
30	39	33	36	4.02500000000000e+01	1.88495559215388e+02	3.00000000000000e-02	0.00000000000000e+00	0.00000000000000e+00	4.02283885289200e+01	1.79025052518285e-02
31	40	34	37	5.21800000000000e+01	1.88495559215388e+02	3.00000000000000e-02	0.00000000000000e+00	0.00000000000000e+00	4.87635626550978e+01	2.25719708825941e+00
32	41	35	38	4.08100000000000e+01	1.88495559215388e+02	3.00000000000000e-02	0.00000000000000e+00	0.00000000000000e+00	4.04810273605559e+01	2.69791510006131e-01
33	42	36	39	3.23400000000000e+01	1.88495559215388e+02	3.00000000000000e-02	0.00000000000000e+00	0.00000000000000e+00	3.44685261751646e+01	-2.12472562418327e+00
34	43	37	40	2.38700000000000e+01	1.88495559215388e+02	3.00000000000000e-02	0.00000000000000e+00	0.00000000000000e+00	3.15668291294557e+01	-9.31614726054679e+00
35	44	38	41	2.91200000000000e+01	1.88495559215388e+02	3.00000000000000e-02	0.00000000000000e+00	0.00000000000000e+00	3.17940917698090e+01	-2.92850852645604e+00
36	45	39	42	3.43700000000000e+01	1.88495559215388e+02	3.00000000000000e-02	0.00000000000000e+00	0.00000000000000e+00	3.72979460635432e+01	-2.72513896504398e+00
37	46	40	43	4.66100000000000e+01	1.88495559215388e+02	3.00000000000000e-02	0.00000000000000e+00	0.00000000000000e+00	4.38630334075487e+01	2.02477362158692e+00
38	47	41	44	3.79900000000000e+01	1.88495559215388e+02	3.00000000000000e-02	0.00000000000000e+00	0.00000000000000e+00	3.25513760052688e+01	5.15011086170309e+00
39	48	42	45	2.93800000000000e+01	1.88495559215388e+02	3.00000000000000e-02	0.00000000000000e+00	0.00000000000000e+00	2.82826652963316e+01	1.26883624901596e+00
40	49	43	46	2.73100000000000e+01	1.88495559215388e+02	3.00000000000000e-02	0.00000000000000e+00	0.00000000000000e+00	2.87487407499628e+01	-1.71136769324008e+00
41	50	44	47	2.52300000000000e+01	1.88495559215388e+02	3.00000000000000e-02	0.00000000000000e+00	0.00000000000000e+00	3.13297225798852e+01	-7.21778291654935e+00
42	51	45	48	3.60100000000000e+01	1.88495559215388e+02	3.00000000000000e-02	0.00000000000000e+00	0.00000000000000e+00	3.63227623750263e+01	-2.88264325375816e-01
43	52	46	49	4.67900000000000e+01	1.88495559215388e+02	3.00000000000000e-02	0.00000000000000e+00	0.00000000000000e+00	4.32709492088307e+01	2.60626713337260e+00
44	53	47	50	3.87100000000000e+01	1.88495559215388e+02	3.00000000000000e-02	0.00000000000000e+00	0.00000000000000e+00	4.48961881165962e+01	-4.94183097913991e+00
45	54	48	51	4.11900000000000e+01	1.88495559215388e+02	3.00000000000000e-02	0.00000000000000e+00	0.00000000000000e+00	4.30103710383663e+01	-1.44152550344766e+00
46	55	49	52	4.36700000000000e+01	1.88495559215388e+02	3.00000000000000e-02	0.00000000000000e+00	0.00000000000000e+00	3.88325288876246e+01	3.91343662381760e+00
47	56	50	53	6.10400000000000e+01	1.88495559215388e+02	3.00000000000000e-02	0.00000000000000e+00	0.00000000000000e+00	3.72509465618904e+01	1.64617343805343e+01
48	57	51	54	4.59800000000000e+01	1.88495559215388e+02	3.00000000000000e-02	0.00000000000000e+00	0.00000000000000e+00	4.08134904814766e+01	3.97312811738241e+00
49	58	52	55	5.35500000000000e+01	1.88495559215388e+02	3.00000000000000e-02	0.00000000000000e+00	0.00000000000000e+00	4.36254502053366e+01	6.83250321771049e+00
50	59	53	56	6.11200000000000e+01	1.88495559215388e+02	3.00000000000000e-02	0.00000000000000e+00	0.00000000000000e+00	4.53125222708991e+01	9.97519069159295e+00
51	60	54	57	6.55300000000000e+01	1.88495559215388e+02	3.00000000000000e-02	0.00000000000000e+00	0.00000000000000e+00	4.43564638438340e+01	1.30083202906276e+01
52	61	55	58	6.99300000000000e+01	1.88495559215388e+02	3.00000000000000e-02	0.00000000000000e+00	0.00000000000000e+00	4.21587163419761e+01	1.68684428414259e+01
53	62	56	59	6.50200000000000e+01	1.88495559215388e+02	3.00000000000000e-02	0.00000000000000e+00	0.00000000000000e+00	3.95933828833451e+01	1.65344303161109e+01
54	63	57	60	6.01200000000000e+01	1.88495559215388e+02	3.00000000000000e-02	0.00000000000000e+00	0.00000000000000e+00	4.00616382977902e+01	1.35307779794240e+01
55	64	58	61	4.33000000000000e+01	1.88495559215388e+02	3.00000000000000e-02	0.00000000000000e+00	0.00000000000000e+00	3.79375194980946e+01	4.40706840785965e+00
56	65	59	62	4.84500000000000e+01	1.88495559215388e+02	3.00000000000000e-02	0.00000000000000e+00	0.00000000000000e+00	3.78469001059012e+01	8.23277537516830e+00
57	66	60	63	4.16900000000000e+01	1.88495559215388e+02	3.00000000000000e-02	0.00000000000000e+00	0.00000000000000e+00	4.19491549024362e+01	-2.06566515481936e-01
58	67	61	64	3.49200000000000e+01	1.88495559215388e+02	3.00000000000000e-02	0.00000000000000e+00	0.00000000000000e+00	4.75043183294428e+01	-1.02586962711909e+01
59	68	62	65	3.61100000000000e+01	1.88495559215388e+02	3.00000000000000e-02	0.00000000000000e+00	0.00000000000000e+00	4.84272195164509e+01	-9.78307356855382e+00
60	69	63	66	4.62000000000000e+01	1.88495559215388e+02	3.00000000000000e-02	0.00000000000000e+00	0.00000000000000e+00	4.34926157895722e+01	2.01295421221361e+00
61	70	64	67	3.19700000000000e+01	1.88495559215388e+02	3.00000000000000e-02	0.00000000000000e+00	0.00000000000000e+00	3.87382846376663e+01	-6.40101383616341e+00
62	71	65	68	3.63400000000000e+01	1.88495559215388e+02	3.00000000000000e-02	0.00000000000000e+00	0.00000000000000e+00	3.71992948058832e+01	-7.79024710009872e-01
63	72	66	69	4.53400000000000e+01	1.88495559215388e+02	3.00000000000000e-02	0.00000000000000e+00	0.00000000000000e+00	4.03696742338706e+01	3.87035932524521e+00
64	73	67	70	3.82300000000000e+01	1.88495559215388e+02	3.00000000000000e-02	0.00000000000000e+00	0.00000000000000e+00	4.43334429659002e+01	-4.93729215857689e+00
65	74	68	71	4.41800000000000e+01	1.88495559215388e+02	3.00000000000000e-02	0.00000000000000e+00	0.00000000000000e+00	4.91982717661111e+01	-3.58620993947586e+00
66	75	69	72	3.69600000000000e+01	1.88495559215388e+02	3.00000000000000e-02	0.00000000000000e+00	0.00000000000000e+00	4.64268125018195e+01	-7.60136337357022e+00
67	76	70	73	5.42100000000000e+01	1.88495559215388e+02	3.00000000000000e-02	0.00000000000000e+00	0.00000000000000e+00	5.36170295726945e+01	3.66621991600728e-01
68	77	71	74	5.67600000000000e+01	1.88495559215388e+02	3.00000000000000e-02	0.00000000000000e+00	0.00000000000000e+00	6.46818570378237e+01	-4.35496310549427e+00
69	78	72	75	8.29900000000000e+01	1.88495559215388e+02	3.00000000000000e-02	0.00000000000000e+00	0.00000000000000e+00	7.63312491964152e+01	2.78792357335650e+00
70	79	73	76	6.69400000000000e+01	1.88495559215388e+02	3.00000000000000e-02	0.00000000000000e+00	0.00000000000000e+00	6.38159798722701e+01	1.59310228589880e+00
71	80	74	77	5.48100000000000e+01	1.88495559215388e+02	3.00000000000000e-02	0.00000000000000e+00	0.00000000000000e+00	4.93803721861734e+01	3.47732126616130e+00
72	81	75	78	5.12500000000000e+01	1.88495559215388e+02	3.00000000000000e-02	0.00000000000000e+00	0.00000000000000e+00	4.03435147548513e+01	7.97616536690020e+00
73	82	76	79	4.76000000000000e+01	1.88495559215388e+02	3.00000000000000e-02	0.00000000000000e+00	0.00000000000000e+00	4.63131285974656e+01	9.13576177281916e-01
74	83	77	80	5.98400000000000e+01	1.88495559215388e+02	3.00000000000000e-02	0.00000000000000e+00	0.00000000000000e+00	6.20757283606697e+01	-1.22269104060286e+00
75	84	78	81	8.19700000000000e+01	1.88495559215388e+02	3.00000000000000e-02	0.00000000000000e+00	0.00000000000000e+00	7.99076840909801e+01	8.49376905514572e-01
76	85	79	82	7.60200000000000e+01	1.88495559215388e+02	3.00000000000000e-02	0.00000000000000e+00	0.00000000000000e+00	7.66278211350547e+01	-2.65458248025160e-01
77	86	80	83	5.77100000000000e+01	1.88495559215388e+02	3.00000000000000e-02	0.00000000000000e+00	0.00000000000000e+00	6.29093341555329e+01	-2.87546935743809e+00
78	87	81	84	3.94000000000000e+01	1.88495559215388e+02	3.00000000000000e-02	0.00000000000000e+00	0.00000000000000e+00	4.73297137377821e+01	-6.11241597922369e+00
79	88	82	85	3.76200000000000e+01	1.88495559215388e+02	3.00000000000000e-02	0.00000000000000e+00	0.00000000000000e+00	3.97086483114495e+01	-1.80110605648161e+00
80	89	83	86	4.53400000000000e+01	1.88495559215388e+02	3.00000000000000e-02	0.00000000000000e+00	0.00000000000000e+00	4.22183015216745e+01	2.37786109013296e+00
81	90	84	87	6.16500000000000e+01	1.88495559215388e+02	3.00000000000000e-02	0.00000000000000e+00	0.00000000000000e+00	4.93958992029881e+01	7.38686069824771e+00
82	91	85	88	7.79600000000000e+01	1.88495559215388e+02	3.00000000000000e-02	0.00000000000000e+00	0.00000000000000e+00	5.63312015184011e+01	1.08315763989692e+01
83	92	86	89	5.21700000000000e+01	1.88495559215388e+02	3.00000000000000e-02	0.00000000000000e+00	0.00000000000000e+00	5.44985793855284e+01	-1.45556726581950e+00
84	93	87	90	5.11900000000000e+01	1.88495559215388e+02	3.00000000000000e-02	0.00000000000000e+00	0.00000000000000e+00	4.99489033319184e+01	8.18121697763348e-01
85	94	88	91	6.74500000000000e+01	1.88495559215388e+02	3.00000000000000e-02	0.00000000000000e+00	0.00000000000000e+00	6.12633045812224e+01	3.20685130548857e+00
86	95	89	92	4.61800000000000e+01	1.88495559215388e+02	3.00000000000000e-02	0.00000000000000e+00	0.00000000000000e+00	5.46844877197258e+01	-5.63444256593296e+00
87	96	90	93	3.63400000000000e+01	1.88495559215388e+02	3.00000000000000e-02	0.00000000000000e+00	0.00000000000000e+00	4.94149818982365e+01	-1.02444864179609e+01
88	97	91	94	4.49600000000000e+01	1.88495559215388e+02	3.00000000000000e-02	0.00000000000000e+00	0.00000000000000e+00	4.88248208731125e+01	-2.74885341390404e+00
89	98	92	95	5.35800000000000e+01	1.88495559215388e+02	3.00000000000000e-02	0.00000000000000e+00	0.00000000000000e+00	4.96277245331362e+01	2.55420747284116e+00
90	99	93	96	5.54600000000000e+01	1.88495559215388e+02	3.00000000000000e-02	0.00000000000000e+00	0.00000000000000e+00	6.18637197920083e+01	-3.64239525632023e+00
91	100	94	97	8.20100000000000e+01	1.88495559215388e+02	3.00000000000000e-02	0.00000000000000e+00	0.00000000000000e+00	8.81067268357820e+01	-2.39025645093746e+00
92	101	95	98	9.38400000000000e+01	1.88495559215388e+02	3.00000000000000e-02	0.00000000000000e+00	0.00000000000000e+00	8.91819339595738e+01	1.69709064525166e+00
93	102	96	99	8.64700000000000e+01	1.88495559215388e+02	3.00000000000000e-02	0.00000000000000e+00	0.00000000000000e+00	7.88416816203862e+01	3.07852404607445e+00
94	103	97	100	7.52800000000000e+01	1.88495559215388e+02	3.00000000000000e-02	0.00000000000000e+00	0.00000000000000e+00	6.91218735091560e+01	2.84477553271583e+00
95	104	98	101	6.99300000000000e+01	1.88495559215388e+02	3.00000000000000e-02	0.00000000000000e+00	0.00000000000000e+00	6.90299790989336e+01	4.31795059426587e-01
96	105	99	102	7.56100000000000e+01	1.88495559215388e+02	3.00000000000000e-02	0.00000000000000e+00	0.00000000000000e+00	8.01328240565063e+01	-1.93656696781703e+00
97	106	100	103	8.69400000000000e+01	1.88495559215388e+02	3.00000000000000e-02	0.00000000000000e+00	0.00000000000000e+00	9.28396706876870e+01	-2.18852695813855e+00
98	107	101	104	1.05410000000000e+02	1.88495559215388e+02	3.00000000000000e-02	0.00000000000000e+00	0.00000000000000e+00	1.03967283764570e+02	4.59374593432245e-01
99	108	102	105	1.14700000000000e+02	1.88495559215388e+02	3.00000000000000e-02	0.00000000000000e+00	0.00000000000000e+00	1.13125117361924e+02	4.60852822076626e-01
100	109	103	106	9.39100000000000e+01	1.88495559215388e+02	3.00000000000000e-02	0.00000000000000e+00	0.00000000000000e+00	1.17054563062792e+02	-7.34344334124835e+00
101	110	104	107	1.24910000000000e+02	1.88495559215388e+02	3.00000000000000e-02	0.00000000000000e+00	0.00000000000000e+00	1.08442023218933e+02	4.71259320082620e+00
102	111	105	108	9.14500000000000e+01	1.88495559215388e+02	3.00000000000000e-02	0.00000000000000e+00	0.00000000000000e+00	7.84544718518961e+01	5.10912982362847e+00
103	112	106	109	8.00700000000000e+01	1.88495559215388e+02	3.00000000000000e-02	0.00000000000000e+00	0.00000000000000e+00	7.19356779126424e+01	3.57096315596136e+00
104	113	107	110	1.03340000000000e+02	1.88495559215388e+02	3.00000000000000e-02	0.00000000000000e+00	0.00000000000000e+00	7.82641596959092e+01	9.26449184095904e+00
105	114	108	111	1.26600000000000e+02	1.88495559215388e+02	3.00000000000000e-02	0.00000000000000e+00	0.00000000000000e+00	1.12855828350993e+02	3.83071202983336e+00
106	115	109	112	1.84510000000000e+02	1.88495559215388e+02	3.00000000000000e-02	0.00000000000000e+00	0.00000000000000e+00	1.54373560264616e+02	5.94427604787153e+00
107	116	110	113	1.29270000000000e+02	1.88495559215388e+02	3.00000000000000e-02	0.00000000000000e+00	0.00000000000000e+00	1.36451718549695e+02	-1.80225338334295e+00
108	117	111	114	8.83500000000000e+01	1.88495559215388e+02	3.00000000000000e-02	0.00000000000000e+00	0.00000000000000e+00	8.48682601411586e+01	1.34020084250566e+00
109	118	112	115	6.77300000000000e+01	1.88495559215388e+02	3.00000000000000e-02	0.00000000000000e+00	0.00000000000000e+00	6.69318134969514e+01	3.95160701800101e-01
110	119	113	116	7.04100000000000e+01	1.88495559215388e+02	3.00000000000000e-02	0.00000000000000e+00	0.00000000000000e+00	6.79529736243362e+01	1.18397989812875e+00
111	120	114	117	7.31000000000000e+01	1.88495559215388e+02	3.00000000000000e-02	0.00000000000000e+00	0.00000000000000e+00	7.59257058158769e+01	-1.26423134525959e+00
112	121	115	118	1.06530000000000e+02	1.88495559215388e+02	3.00000000000000e-02	0.00000000000000e+00	0.00000000000000e+00	9.35029095615534e+01	4.34780271690818e+00
113	122	116	119	8.98000000000000e+01	1.88495559215388e+02	3.00000000000000e-02	0.00000000000000e+00	0.00000000000000e+00	8.07430648748247e+01	3.54376335989072e+00
114	123	117	120	7.07600000000000e+01	1.88495559215388e+02	3.00000000000000e-02	0.00000000000000e+00	0.00000000000000e+00	6.58898632892056e+01	2.37697530672459e+00
115	124	118	121	6.63400000000000e+01	1.88495559215388e+02	3.00000000000000e-02	0.00000000000000e+00	0.00000000000000e+00	7.03369517569773e+01	-1.95014189157927e+00
116	125	119	122	6.61900000000000e+01	1.88495559215388e+02	3.00000000000000e-02	0.00000000000000e+00	0.00000000000000e+00	7.83253131805824e+01	-5.61138137249294e+00
117	126	120	123	6.82600000000000e+01	1.88495559215388e+02	3.00000000000000e-02	0.00000000000000e+00	0.00000000000000e+00	7.21025976937677e+01	-1.82553764010288e+00
118	127	121	124	6.64300000000000e+01	1.88495559215388e+02	3.00000000000000e-02	0.00000000000000e+00	0.00000000000000e+00	6.86640140365227e+01	-1.10254957206886e+00
119	128	122	125	7.29300000000000e+01	1.88495559215388e+02	3.00000000000000e-02	0.00000000000000e+00	0.00000000000000e+00	7.25845910438352e+01	1.58247408924428e-01
120	129	123	126	7.75500000000000e+01	1.88495559215388e+02	3.00000000000000e-02	0.00000000000000e+00	0.00000000000000e+00	7.40829361317271e+01	1.52458884875024e+00
121	130	124	127	6.27800000000000e+01	1.88495559215388e+02	3.00000000000000e-02	0.00000000000000e+00	0.00000000000000e+00	5.96989873936732e+01	1.67738309130379e+00
122	131	125	128	5.12700000000000e+01	1.88495559215388e+02	3.00000000000000e-02	0.00000000000000e+00	0.00000000000000e+00	5.60536644578170e+01	-2.97345799862237e+00
123	132	126	129	5.46200000000000e+01	1.88495559215388e+02	3.00000000000000e-02	0.00000000000000e+00	0.00000000000000e+00	5.46813067028021e+01	-3.73930932030161e-02
124	133	127	130	7.88000000000000e+01	1.88495559215388e+02	3.00000000000000e-02	0.00000000000000e+00	0.00000000000000e+00	7.41147692644631e+01	2.04327230375186e+00
125	134	128	131	9.41300000000000e+01	1.88495559215388e+02	3.00000000000000e-02	0.00000000000000e+00	0.00000000000000e+00	8.81933100504567e+01	2.17152317303955e+00
126	135	129	132	1.00120000000000e+02	1.88495559215388e+02	3.00000000000000e-02	0.00000000000000e+00	0.00000000000000e+00	9.85281343663132e+01	5.34244369502268e-01
127	136	130	133	7.37200000000000e+01	1.88495559215388e+02	3.00000000000000e-02	0.00000000000000e+00	0.00000000000000e+00	7.07693560647304e+01	1.36160165805845e+00
128	137	131	134	7.31000000000000e+01	1.88495559215388e+02	3.00000000000000e-02	0.00000000000000e+00	0.00000000000000e+00	7.74258742649333e+01	-1.91642169350486e+00
129	138	132	135	1.03340000000000e+02	1.88495559215388e+02	3.00000000000000e-02	0.00000000000000e+00	0.00000000000000e+00	9.78606013803466e+01	1.81601639012584e+00
130	139	133	136	1.24040000000000e+02	1.88495559215388e+02	3.00000000000000e-02	0.00000000000000e+00	0.00000000000000e+00	1.24283706546100e+02	-6.54271334603015e-02
131	140	134	137	1.22080000000000e+02	1.88495559215388e+02	3.00000000000000e-02	0.00000000000000e+00	0.00000000000000e+00	1.24999335039781e+02	-7.87728335675197e-01
132	141	135	138	1.08340000000000e+02	1.88495559215388e+02	3.00000000000000e-02	0.00000000000000e+00	0.00000000000000e+00	1.08999211944052e+02	-2.02207403405789e-01
133	142	136	139	8.64600000000000e+01	1.88495559215388e+02	3.00000000000000e-02	0.00000000000000e+00	0.00000000000000e+00	9.24459269605906e+01	-2.23140069834091e+00
134	143	137	140	8.36400000000000e+01	1.88495559215388e+02	3.00000000000000e-02	0.00000000000000e+00	0.00000000000000e+00	8.44164174061476e+01	-3.08000905176324e-01
135	144	138	141	1.15890000000000e+02	1.88495559215388e+02	3.00000000000000e-02	0.00000000000000e+00	0.00000000000000e+00	1.07531135359067e+02	2.49536761554934e+00
136	145	139	142	1.48130000000000e+02	1.88495559215388e+02	3.00000000000000e-02	0.00000000000000e+00	0.00000000000000e+00	1.53440318714938e+02	-1.17404738899104e+00
137	146	140	143	1.83830000000000e+02	1.88495559215388e+02	3.00000000000000e-02	0.00000000000000e+00	0.00000000000000e+00	1.88120215787335e+02	-7.68992888473571e-01
138	147	141	144	1.77810000000000e+02	1.88495559215388e+02	3.00000000000000e-02	0.00000000000000e+00	0.00000000000000e+00	1.72886800870985e+02	9.35950478768384e-01
139	148	142	145	1.55870000000000e+02	1.88495559215388e+02	3.00000000000000e-02	0.00000000000000e+00	0.00000000000000e+00	1.54401599997746e+02	3.15510876142403e-01
140	149	143	146	1.42820000000000e+02	1.88495559215388e+02	3.00000000000000e-02	0.00000000000000e+00	0.00000000000000e+00	1.41513764966645e+02	3.06270161758082e-01
141	150	144	147	1.48420000000000e+02	1.88495559215388e+02	3.00000000000000e-02	0.00000000000000e+00	0.00000000000000e+00	1.54872906280030e+02	-1.41862428476423e+00
142	151	145	148	1.86510000000000e+02	1.88495559215388e+02	3.00000000000000e-02	0.00000000000000e+00	0.00000000000000e+00	1.87926846317027e+02	-2.52263827353764e-01
143	152	146	149	2.13440000000000e+02	1.88495559215388e+02	3.00000000000000e-02	0.00000000000000e+00	0.00000000000000e+00	2.03770280246013e+02	1.54541602032676e+00
144	153	147	150	2.17390000000000e+02	1.88495559215388e+02	3.00000000000000e-02	0.00000000000000e+00	0.00000000000000e+00	2.21393611202403e+02	-6.08306267712925e-01
145	154	148	151	1.95910000000000e+02	1.88495559215388e+02	3.00000000000000e-02	0.00000000000000e+00	0.00000000000000e+00	1.92180703954765e+02	6.40642475350598e-01
146	155	149	152	1.79060000000000e+02	1.88495559215388e+02	3.00000000000000e-02	0.00000000000000e+00	0.00000000000000e+00	1.82156850354539e+02	-5.71572861872630e-01
147	156	150	153	1.71660000000000e+02	1.88495559215388e+02	3.00000000000000e-02	0.00000000000000e+00	0.00000000000000e+00	1.67829163358901e+02	7.52306634444988e-01
148	157	151	154	1.75930000000000e+02	1.88495559215388e+02	3.00000000000000e-02	0.00000000000000e+00	0.00000000000000e+00	1.73338962584450e+02	4.94572994072910e-01
149	158	152	155	1.81650000000000e+02	1.88495559215388e+02	3.00000000000000e-02	0.00000000000000e+00	0.00000000000000e+00	1.67436965150650e+02	2.71582685632821e+00
150	159	153	156	1.90430000000000e+02	1.88495559215388e+02	3.00000000000000e-02	0.00000000000000e+00	0.00000000000000e+00	1.83902684783617e+02	1.16259807724631e+00
151	160	154	157	1.70620000000000e+02	1.88495559215388e+02	3.00000000000000e-02	0.00000000000000e+00	0.00000000000000e+00	1.58737905174854e+02	2.40614714950418e+00
152	161	155	158	1.67790000000000e+02	1.88495559215388e+02	3.00000000000000e-02	0.00000000000000e+00	0.00000000000000e+00	1.36139732311841e+02	6.96771319183069e+00
153	162	156	159	1.46580000000000e+02	1.88495559215388e+02	3.00000000000000e-02	0.00000000000000e+00	0.00000000000000e+00	1.30819416709515e+02	3.79178269000630e+00
154	163	157	160	1.12270000000000e+02	1.88495559215388e+02	3.00000000000000e-02	0.00000000000000e+00	0.00000000000000e+00	1.20174714343318e+02	-2.26799841002094e+00
155	164	158	161	8.26700000000000e+01	1.88495559215388e+02	3.00000000000000e-02	0.00000000000000e+00	0.00000000000000e+00	1.02177891391789e+02	-7.06195160708214e+00
156	165	159	162	9.01900000000000e+01	1.88495559215388e+02	3.00000000000000e-02	0.00000000000000e+00	0.00000000000000e+00	1.09768119248302e+02	-6.54838592691288e+00
157	166	160	163	9.65300000000000e+01	1.88495559215388e+02	3.00000000000000e-02	0.00000000000000e+00	0.00000000000000e+00	9.26155489446408e+01	1.37989327118853e+00
158	167	161	164	6.70700000000000e+01	1.88495559215388e+02	3.00000000000000e-02	0.00000000000000e+00	0.00000000000000e+00	7.20068003949023e+01	-2.36745714578313e+00
1	13	5	9	5.18100000000000e+01	2.51327412287183e+02	3.00000000000000e-02	0.00000000000000e+00	0.00000000000000e+00	4.75938615096372e+01	2.82931292623114e+00
3	14	6	10	7.73200000000000e+01	2.51327412287183e+02	3.00000000000000e-02	0.00000000000000e+00	0.00000000000000e+00	6.35289675776782e+01	6.54855567117888e+00
4	15	7	11	5.70200000000000e+01	2.51327412287183e+02	3.00000000000000e-02	0.00000000000000e+00	0.00000000000000e+00	5.20248664722640e+01	3.05600926050844e+00
5	16	9	13	4.31800000000000e+01	2.51327412287183e+02	3.00000000000000e-02	0.00000000000000e+00	0.00000000000000e+00	4.85825672279663e+01	-3.92957808196228e+00
6	18	10	14	2.93400000000000e+01	2.51327412287183e+02	3.00000000000000e-02	0.00000000000000e+00	0.00000000000000e+00	4.13962964800338e+01	-1.14746549036968e+01
7	19	11	15	3.21800000000000e+01	2.51327412287183e+02	3.00000000000000e-02	0.00000000000000e+00	0.00000000000000e+00	4.27533443641079e+01	-9.47007604993447e+00
9	20	13	16	2.77300000000000e+01	2.51327412287183e+02	3.00000000000000e-02	0.00000000000000e+00	0.00000000000000e+00	3.08480699743743e+01	-3.55197757193458e+00
10	21	14	18	2.20100000000000e+01	2.51327412287183e+02	3.00000000000000e-02	0.00000000000000e+00	0.00000000000000e+00	2.73821611219865e+01	-7.27982839619680e+00
11	22	15	19	1.63000000000000e+01	2.51327412287183e+02	3.00000000000000e-02	0.00000000000000e+00	0.00000000000000e+00	2.55252015125227e+01	-1.49500383639601e+01
13	24	16	20	2.91900000000000e+01	2.51327412287183e+02	3.00000000000000e-02	0.00000000000000e+00	0.00000000000000e+00	4.02978597971270e+01	-1.07490725301785e+01
14	25	18	21	4.20900000000000e+01	2.51327412287183e+02	3.00000000000000e-02	0.00000000000000e+00	0.00000000000000e+00	4.46048748130074e+01	-1.93443236702412e+00
15	26	19	22	4.07700000000000e+01	2.51327412287183e+02	3.00000000000000e-02	0.00000000000000e+00	0.00000000000000e+00	4.79825568173800e+01	-5.42970094643875e+00
16	28	20	24	3.94500000000000e+01	2.51327412287183e+02	3.00000000000000e-02	0.00000000000000e+00	0.00000000000000e+00	4.27647742731472e+01	-2.68935618062233e+00
18	29	21	25	3.48300000000000e+01	2.51327412287183e+02	3.00000000000000e-02	0.00000000000000e+00	0.00000000000000e+00	3.73775758679848e+01	-2.35306215009472e+00
19	30	22	26	3.13700000000000e+01	2.51327412287183e+02	3.00000000000000e-02	0.00000000000000e+00	0.00000000000000e+00	3.50388179401059e+01	-3.68681695701866e+00
17	31	23	27	3.11300000000000e+01	2.51327412287183e+02	3.00000000000000e-02	0.00000000000000e+00	0.00000000000000e+00	3.53962051628819e+01	-4.28108770504552e+00
20	32	24	28	2.73400000000000e+01	2.51327412287183e+02	3.00000000000000e-02	0.00000000000000e+00	0.00000000000000e+00	3.16846027078682e+01	-4.91600041976854e+00
21	33	25	29	3.56900000000000e+01	2.51327412287183e+02	3.00000000000000e-02	0.00000000000000e+00	0.00000000000000e+00	3.57821354108777e+01	-8.59406829296194e-02
22	34	26	30	3.37600000000000e+01	2.51327412287183e+02	3.00000000000000e-02	0.00000000000000e+00	0.00000000000000e+00	3.54084539158540e+01	-1.58913110278121e+00
23	35	27	31	3.38600000000000e+01	2.51327412287183e+02	3.00000000000000e-02	0.00000000000000e+00	0.00000000000000e+00	3.63705430091030e+01	-2.38416041066711e+00
24	36	28	32	3.49300000000000e+01	2.51327412287183e+02	3.00000000000000e-02	0.00000000000000e+00	0.00000000000000e+00	3.75651987092364e+01	-2.42439989108250e+00
25	37	29	33	3.46000000000000e+01	2.51327412287183e+02	3.00000000000000e-02	0.00000000000000e+00	0.00000000000000e+00	2.89658678896116e+01	5.92451715244284e+00
26	38	30	34	3.22000000000000e+01	2.51327412287183e+02	3.00000000000000e-02	0.00000000000000e+00	0.00000000000000e+00	2.75032541222550e+01	5.25540410533729e+00
27	39	31	35	2.69300000000000e+01	2.51327412287183e+02	3.00000000000000e-02	0.00000000000000e+00	0.00000000000000e+00	2.36639014569154e+01	4.30967217084177e+00
28	40	32	36	2.63800000000000e+01	2.51327412287183e+02	3.00000000000000e-02	0.00000000000000e+00	0.00000000000000e+00	2.49938484725088e+01	1.79921379328714e+00
29	41	33	37	2.88300000000000e+01	2.51327412287183e+02	3.00000000000000e-02	0.00000000000000e+00	0.00000000000000e+00	2.68385063488762e+01	2.38596170954197e+00
30	42	34	38	2.30100000000000e+01	2.51327412287183e+02	3.00000000000000e-02	0.00000000000000e+00	0.00000000000000e+00	2.49979415917190e+01	-2.76215270332885e+00
31	43	35	39	2.26100000000000e+01	2.51327412287183e+02	3.00000000000000e-02	0.00000000000000e+00	0.00000000000000e+00	2.60582093096055e+01	-4.73135229698326e+00
32	44	36	40	2.39100000000000e+01	2.51327412287183e+02	3.00000000000000e-02	0.00000000000000e+00	0.00000000000000e+00	2.74260136241104e+01	-4.57317279554112e+00
33	45	37	41	2.52200000000000e+01	2.51327412287183e+02	3.00000000000000e-02	0.00000000000000e+00	0.00000000000000e+00	2.79847417706255e+01	-3.46740314476842e+00
34	46	38	42	3.47100000000000e+01	2.51327412287183e+02	3.00000000000000e-02	0.00000000000000e+00	0.00000000000000e+00	2.80898504086065e+01	7.05398380680096e+00
35	47	39	43	3.21000000000000e+01	2.51327412287183e+02	3.00000000000000e-02	0.00000000000000e+00	0.00000000000000e+00	3.05718394513658e+01	1.62589080872670e+00
36	48	40	44	2.94800000000000e+01	2.51327412287183e+02	3.00000000000000e-02	0.00000000000000e+00	0.00000000000000e+00	3.51766832313650e+01	-5.88904625312707e+00
37	49	41	45	3.30800000000000e+01	2.51327412287183e+02	3.00000000000000e-02	0.00000000000000e+00	0.00000000000000e+00	3.55753626089540e+01	-2.42414888570406e+00
38	50	42	46	3.68100000000000e+01	2.51327412287183e+02	3.00000000000000e-02	0.00000000000000e+00	0.00000000000000e+00	3.44152312081308e+01	2.24234377753471e+00
39	51	43	47	2.74300000000000e+01	2.51327412287183e+02	3.00000000000000e-02	0.00000000000000e+00	0.00000000000000e+00	3.12482253431114e+01	-4.34417601999682e+00
40	52	44	48	3.78100000000000e+01	2.51327412287183e+02	3.00000000000000e-02	0.00000000000000e+00	0.00000000000000e+00	3.43294907940736e+01	3.21896144079621e+00
41	53	45	49	3.19700000000000e+01	2.51327412287183e+02	3.00000000000000e-02	0.00000000000000e+00	0.00000000000000e+00	3.81593058375944e+01	-5.89905641680528e+00
42	54	46	50	2.61400000000000e+01	2.51327412287183e+02	3.00000000000000e-02	0.00000000000000e+00	0.00000000000000e+00	3.96448071447127e+01	-1.38831087987115e+01
43	55	47	51	2.73200000000000e+01	2.51327412287183e+02	3.00000000000000e-02	0.00000000000000e+00	0.00000000000000e+00	4.15607728517297e+01	-1.39845909134309e+01
44	56	48	52	1.92700000000000e+01	2.51327412287183e+02	3.00000000000000e-02	0.00000000000000e+00	0.00000000000000e+00	3.68144227452503e+01	-2.15780069464119e+01
45	57	49	53	2.88900000000000e+01	2.51327412287183e+02	3.00000000000000e-02	0.00000000000000e+00	0.00000000000000e+00	4.09375596138793e+01	-1.16184151711055e+01
46	58	50	54	2.34800000000000e+01	2.51327412287183e+02	3.00000000000000e-02	0.00000000000000e+00	0.00000000000000e+00	4.30781367475300e+01	-2.02288868469033e+01
47	59	51	55	3.89500000000000e+01	2.51327412287183e+02	3.00000000000000e-02	0.00000000000000e+00	0.00000000000000e+00	4.08122533372751e+01	-1.55678636327538e+00
48	60	52	56	5.44200000000000e+01	2.51327412287183e+02	3.00000000000000e-02	0.00000000000000e+00	0.00000000000000e+00	4.33752768385297e+01	7.56140375546524e+00
49	61	53	57	7.82200000000000e+01	2.51327412287183e+02	3.00000000000000e-02	0.00000000000000e+00	0.00000000000000e+00	4.77736015910667e+01	1.64350716785133e+01
50	62	54	58	6.32500000000000e+01	2.51327412287183e+02	3.00000000000000e-02	0.00000000000000e+00	0.00000000000000e+00	4.99966296888035e+01	7.83798435584383e+00
51	63	55	59	7.98900000000000e+01	2.51327412287183e+02	3.00000000000000e-02	0.00000000000000e+00	0.00000000000000e+00	4.93936288008557e+01	1.60276414753409e+01
52	64	56	60	9.65200000000000e+01	2.51327412287183e+02	3.00000000000000e-02	0.00000000000000e+00	0.00000000000000e+00	4.63036179592452e+01	2.44843380349727e+01
53	65	57	61	9.21000000000000e+01	2.51327412287183e+02	3.00000000000000e-02	0.00000000000000e+00	0.00000000000000e+00	4.54360718081835e+01	2.35522873489495e+01
54	66	58	62	8.76900000000000e+01	2.51327412287183e+02	3.00000000000000e-02	0.00000000000000e+00	0.00000000000000e+00	4.79734050797808e+01	2.01053690423233e+01
55	67	59	63	6.94800000000000e+01	2.51327412287183e+02	3.00000000000000e-02	0.00000000000000e+00	0.00000000000000e+00	4.99220750213729e+01	1.10191883747020e+01
56	68	60	64	5.12800000000000e+01	2.51327412287183e+02	3.00000000000000e-02	0.00000000000000e+00	0.00000000000000e+00	5.18389626554518e+01	-3.61374290899678e-01
57	69	61	65	4.84600000000000e+01	2.51327412287183e+02	3.00000000000000e-02	0.00000000000000e+00	0.00000000000000e+00	5.30145612537954e+01	-2.99426336890310e+00
58	70	62	66	4.45800000000000e+01	2.51327412287183e+02	3.00000000000000e-02	0.00000000000000e+00	0.00000000000000e+00	5.03080490240749e+01	-4.02932522351405e+00
59	71	63	67	3.23300000000000e+01	2.51327412287183e+02	3.00000000000000e-02	0.00000000000000e+00	0.00000000000000e+00	4.49597998613801e+01	-1.09924387452142e+01
60	72	64	68	2.97400000000000e+01	2.51327412287183e+02	3.00000000000000e-02	0.00000000000000e+00	0.00000000000000e+00	4.31887442027330e+01	-1.24362323135374e+01
61	73	65	69	2.71500000000000e+01	2.51327412287183e+02	3.00000000000000e-02	0.00000000000000e+00	0.00000000000000e+00	4.41693115710707e+01	-1.62217731071075e+01
62	74	66	70	3.64200000000000e+01	2.51327412287183e+02	3.00000000000000e-02	0.00000000000000e+00	0.00000000000000e+00	4.80790208567798e+01	-9.25759502814982e+00
63	75	67	71	5.31000000000000e+01	2.51327412287183e+02	3.00000000000000e-02	0.00000000000000e+00	0.00000000000000e+00	5.54087560354331e+01	-1.41869013992249e+00
64	76	68	72	5.89600000000000e+01	2.51327412287183e+02	3.00000000000000e-02	0.00000000000000e+00	0.00000000000000e+00	6.03479154412751e+01	-7.75571930351967e-01
65	77	69	73	5.86100000000000e+01	2.51327412287183e+02	3.00000000000000e-02	0.00000000000000e+00	0.00000000000000e+00	5.94261330820102e+01	-4.60958333528083e-01
66	78	70	74	5.29200000000000e+01	2.51327412287183e+02	3.00000000000000e-02	0.00000000000000e+00	0.00000000000000e+00	6.01869801307778e+01	-4.28915709264735e+00
67	79	71	75	6.35000000000000e+01	2.51327412287183e+02	3.00000000000000e-02	0.00000000000000e+00	0.00000000000000e+00	6.02178932154665e+01	1.76901227516684e+00
68	80	72	76	4.42600000000000e+01	2.51327412287183e+02	3.00000000000000e-02	0.00000000000000e+00	0.00000000000000e+00	4.37955554193836e+01	3.51633227755954e-01
69	81	73	77	3.36500000000000e+01	2.51327412287183e+02	3.00000000000000e-02	0.00000000000000e+00	0.00000000000000e+00	3.48106765935527e+01	-1.13036941006374e+00
70	82	74	78	3.96100000000000e+01	2.51327412287183e+02	3.00000000000000e-02	0.00000000000000e+00	0.00000000000000e+00	3.34228521394846e+01	5.66139166044842e+00
71	83	75	79	3.67900000000000e+01	2.51327412287183e+02	3.00000000000000e-02	0.00000000000000e+00	0.00000000000000e+00	3.20555734788734e+01	4.59183337906466e+00
72	84	76	80	3.44600000000000e+01	2.51327412287183e+02	3.00000000000000e-02	0.00000000000000e+00	0.00000000000000e+00	3.32553659186881e+01	1.18610320017535e+00
73	85	77	81	4.17200000000000e+01	2.51327412287183e+02	3.00000000000000e-02	0.00000000000000e+00	0.00000000000000e+00	4.24067733647746e+01	-5.44248950533754e-01
74	86	78	82	5.47300000000000e+01	2.51327412287183e+02	3.00000000000000e-02	0.00000000000000e+00	0.00000000000000e+00	5.31691727141921e+01	9.64441233991871e-01
75	87	79	83	7.29900000000000e+01	2.51327412287183e+02	3.00000000000000e-02	0.00000000000000e+00	0.00000000000000e+00	6.06339940568205e+01	6.18222505443577e+00
76	88	80	84	5.48200000000000e+01	2.51327412287183e+02	3.00000000000000e-02	0.00000000000000e+00	0.00000000000000e+00	4.87186980003137e+01	3.93307306538619e+00
77	89	81	85	3.66500000000000e+01	2.51327412287183e+02	3.00000000000000e-02	0.00000000000000e+00	0.00000000000000e+00	4.01119020532768e+01	-3.00865570831144e+00
78	90	82	86	3.81200000000000e+01	2.51327412287183e+02	3.00000000000000e-02	0.00000000000000e+00	0.00000000000000e+00	3.98626450962304e+01	-1.49001978205095e+00
79	91	83	87	4.78000000000000e+01	2.51327412287183e+02	3.00000000000000e-02	0.00000000000000e+00	0.00000000000000e+00	4.27215542783960e+01	3.74406875286863e+00
80	92	84	88	3.49600000000000e+01	2.51327412287183e+02	3.00000000000000e-02	0.00000000000000e+00	0.00000000000000e+00	4.42673622972734e+01	-7.86810373367516e+00
81	93	85	89	3.46200000000000e+01	2.51327412287183e+02	3.00000000000000e-02	0.00000000000000e+00	0.00000000000000e+00	5.02270247703968e+01	-1.24040558045102e+01
82	94	86	90	4.62600000000000e+01	2.51327412287183e+02	3.00000000000000e-02	0.00000000000000e+00	0.00000000000000e+00	5.43089941062058e+01	-5.34707312450916e+00
83	95	87	91	4.18500000000000e+01	2.51327412287183e+02	3.00000000000000e-02	0.00000000000000e+00	0.00000000000000e+00	5.36214344124004e+01	-8.26190289860046e+00
84	96	88	92	3.74400000000000e+01	2.51327412287183e+02	3.00000000000000e-02	0.00000000000000e+00	0.00000000000000e+00	4.47756260013086e+01	-5.96414257616897e+00
85	97	89	93	3.79600000000000e+01	2.51327412287183e+02	3.00000000000000e-02	0.00000000000000e+00	0.00000000000000e+00	4.29694086690544e+01	-4.13184874889985e+00
86	98	90	94	4.26200000000000e+01	2.51327412287183e+02	3.00000000000000e-02	0.00000000000000e+00	0.00000000000000e+00	4.56088851424987e+01	-2.25929734951160e+00
87	99	91	95	4.01100000000000e+01	2.51327412287183e+02	3.00000000000000e-02	0.00000000000000e+00	0.00000000000000e+00	5.00344415977794e+01	-7.36953068219773e+00
88	100	92	96	5.25500000000000e+01	2.51327412287183e+02	3.00000000000000e-02	0.00000000000000e+00	0.00000000000000e+00	5.96992734300039e+01	-4.25182508832812e+00
89	101	93	97	7.11800000000000e+01	2.51327412287183e+02	3.00000000000000e-02	0.00000000000000e+00	0.00000000000000e+00	7.54219335131875e+01	-1.92954160101217e+00
90	102	94	98	7.97000000000000e+01	2.51327412287183e+02	3.00000000000000e-02	0.00000000000000e+00	0.00000000000000e+00	8.39816457631488e+01	-1.74428954507559e+00
91	103	95	99	8.17500000000000e+01	2.51327412287183e+02	3.00000000000000e-02	0.00000000000000e+00	0.00000000000000e+00	7.66339704818330e+01	2.15417841544682e+00
92	104	96	100	8.30600000000000e+01	2.51327412287183e+02	3.00000000000000e-02	0.00000000000000e+00	0.00000000000000e+00	6.44882639845024e+01	8.43599948950375e+00
93	105	97	101	7.26800000000000e+01	2.51327412287183e+02	3.00000000000000e-02	0.00000000000000e+00	0.00000000000000e+00	6.17227147135916e+01	5.44714108860793e+00
94	106	98	102	6.04100000000000e+01	2.51327412287183e+02	3.00000000000000e-02	0.00000000000000e+00	0.00000000000000e+00	6.64466566792036e+01	-3.17482721375259e+00
95	107	99	103	6.88700000000000e+01	2.51327412287183e+02	3.00000000000000e-02	0.00000000000000e+00	0.00000000000000e+00	7.01680838873613e+01	-6.22429753779397e-01
96	108	100	104	7.64000000000000e+01	2.51327412287183e+02	3.00000000000000e-02	0.00000000000000e+00	0.00000000000000e+00	7.73971329223536e+01	-4.32234713008957e-01
97	109	101	105	9.99500000000000e+01	2.51327412287183e+02	3.00000000000000e-02	0.00000000000000e+00	0.00000000000000e+00	9.49432777724339e+01	1.71301412488063e+00
98	110	102	106	8.45500000000000e+01	2.51327412287183e+02	3.00000000000000e-02	0.00000000000000e+00	0.00000000000000e+00	9.38655553981067e+01	-3.48401404675099e+00
99	111	103	107	6.78500000000000e+01	2.51327412287183e+02	3.00000000000000e-02	0.00000000000000e+00	0.00000000000000e+00	6.84550633530094e+01	-2.95937809127889e-01
100	112	104	108	5.11400000000000e+01	2.51327412287183e+02	3.00000000000000e-02	0.00000000000000e+00	0.00000000000000e+00	5.88849157828568e+01	-4.70059964108565e+00
101	113	105	109	5.42800000000000e+01	2.51327412287183e+02	3.00000000000000e-02	0.00000000000000e+00	0.00000000000000e+00	5.88778804708565e+01	-2.71032137893770e+00
102	114	106	110	5.96000000000000e+01	2.51327412287183e+02	3.00000000000000e-02	0.00000000000000e+00	0.00000000000000e+00	7.10580692864038e+01	-5.86139486546469e+00
103	115	107	111	6.49300000000000e+01	2.51327412287183e+02	3.00000000000000e-02	0.00000000000000e+00	0.00000000000000e+00	8.92367895952194e+01	-1.05994542481368e+01
104	116	108	112	9.61300000000000e+01	2.51327412287183e+02	3.00000000000000e-02	0.00000000000000e+00	0.00000000000000e+00	1.05804307307975e+02	-3.19632627711242e+00
105	117	109	113	1.15890000000000e+02	2.51327412287183e+02	3.00000000000000e-02	0.00000000000000e+00	0.00000000000000e+00	1.09341135829689e+02	1.93895946268799e+00
106	118	110	114	1.17520000000000e+02	2.51327412287183e+02	3.00000000000000e-02	0.00000000000000e+00	0.00000000000000e+00	9.22462814598379e+01	8.07155197119605e+00
107	119	111	115	8.23600000000000e+01	2.51327412287183e+02	3.00000000000000e-02	0.00000000000000e+00	0.00000000000000e+00	6.58838246351186e+01	7.44023079881790e+00
108	120	112	116	6.05800000000000e+01	2.51327412287183e+02	3.00000000000000e-02	0.00000000000000e+00	0.00000000000000e+00	5.64241130840995e+01	2.36894005036135e+00
109	121	113	117	5.04800000000000e+01	2.51327412287183e+02	3.00000000000000e-02	0.00000000000000e+00	0.00000000000000e+00	4.86748183512630e+01	1.21384662836446e+00
110	122	114	118	4.03800000000000e+01	2.51327412287183e+02	3.00000000000000e-02	0.00000000000000e+00	0.00000000000000e+00	4.24757695998200e+01	-1.68663911327963e+00
111	123	115	119	5.92600000000000e+01	2.51327412287183e+02	3.00000000000000e-02	0.00000000000000e+00	0.00000000000000e+00	5.02745085277314e+01	5.48121274045408e+00
112	124	116	120	6.24600000000000e+01	2.51327412287183e+02	3.00000000000000e-02	0.00000000000000e+00	0.00000000000000e+00	6.25205786099219e+01	-3.23136150910841e-02
113	125	117	121	6.83300000000000e+01	2.51327412287183e+02	3.00000000000000e-02	0.00000000000000e+00	0.00000000000000e+00	6.80397907423990e+01	1.41873892609823e-01
114	126	118	122	5.61800000000000e+01	2.51327412287183e+02	3.00000000000000e-02	0.00000000000000e+00	0.00000000000000e+00	6.89033033468477e+01	-6.80477664234663e+00
115	127	119	123	7.28200000000000e+01	2.51327412287183e+02	3.00000000000000e-02	0.00000000000000e+00	0.00000000000000e+00	7.30786638104241e+01	-1.18193488858539e-01
116	128	120	124	7.87400000000000e+01	2.51327412287183e+02	3.00000000000000e-02	0.00000000000000e+00	0.00000000000000e+00	7.74279908682412e+01	5.60097705700446e-01
117	129	121	125	7.60200000000000e+01	2.51327412287183e+02	3.00000000000000e-02	0.00000000000000e+00	0.00000000000000e+00	8.08091600844249e+01	-2.03646209739494e+00
118	130	122	126	5.42500000000000e+01	2.51327412287183e+02	3.00000000000000e-02	0.00000000000000e+00	0.00000000000000e+00	6.02651397840016e+01	-3.50502770353328e+00
119	131	123	127	5.18100000000000e+01	2.51327412287183e+02	3.00000000000000e-02	0.00000000000000e+00	0.00000000000000e+00	5.11252612128982e+01	4.43481905934728e-01
120	132	124	128	4.93700000000000e+01	2.51327412287183e+02	3.00000000000000e-02	0.00000000000000e+00	0.00000000000000e+00	5.14186329725455e+01	-1.35525545644191e+00
121	133	125	129	4.80900000000000e+01	2.51327412287183e+02	3.00000000000000e-02	0.00000000000000e+00	0.00000000000000e+00	5.43036896117676e+01	-4.05059726644166e+00
122	134	126	130	5.83900000000000e+01	2.51327412287183e+02	3.00000000000000e-02	0.00000000000000e+00	0.00000000000000e+00	5.58878601303028e+01	1.45991523042079e+00
123	135	127	131	5.88700000000000e+01	2.51327412287183e+02	3.00000000000000e-02	0.00000000000000e+00	0.00000000000000e+00	5.90345948895015e+01	-9.30667695508092e-02
124	136	128	132	7.61300000000000e+01	2.51327412287183e+02	3.00000000000000e-02	0.00000000000000e+00	0.00000000000000e+00	6.69040655526965e+01	4.30608898123417e+00
125	137	129	133	8.26900000000000e+01	2.51327412287183e+02	3.00000000000000e-02	0.00000000000000e+00	0.00000000000000e+00	7.80035678530773e+01	1.94480361281612e+00
126	138	130	134	8.17400000000000e+01	2.51327412287183e+02	3.00000000000000e-02	0.00000000000000e+00	0.00000000000000e+00	7.92549270270734e+01	1.02912988742115e+00
127	139	131	135	9.37600000000000e+01	2.51327412287183e+02	3.00000000000000e-02	0.00000000000000e+00	0.00000000000000e+00	9.45825191128889e+01	-2.91144858788517e-01
128	140	132	136	1.01250000000000e+02	2.51327412287183e+02	3.00000000000000e-02	0.00000000000000e+00	0.00000000000000e+00	1.10961348330659e+02	-3.05297404826899e+00
129	141	133	137	1.14240000000000e+02	2.51327412287183e+02	3.00000000000000e-02	0.00000000000000e+00	0.00000000000000e+00	1.10788734309065e+02	1.02254684528014e+00
130	142	134	138	1.01400000000000e+02	2.51327412287183e+02	3.00000000000000e-02	0.00000000000000e+00	0.00000000000000e+00	9.32927499417682e+01	2.77768977569828e+00
131	143	135	139	8.12300000000000e+01	2.51327412287183e+02	3.00000000000000e-02	0.00000000000000e+00	0.00000000000000e+00	7.81521525298016e+01	1.28756790023920e+00
132	144	136	140	7.46100000000000e+01	2.51327412287183e+02	3.00000000000000e-02	0.00000000000000e+00	0.00000000000000e+00	7.83224914670275e+01	-1.61867542032056e+00
133	145	137	141	9.30800000000000e+01	2.51327412287183e+02	3.00000000000000e-02	0.00000000000000e+00	0.00000000000000e+00	8.08837248176630e+01	4.68155703838210e+00
134	146	138	142	1.11560000000000e+02	2.51327412287183e+02	3.00000000000000e-02	0.00000000000000e+00	0.00000000000000e+00	1.11373705390334e+02	5.57100305384436e-02
135	147	139	143	1.49210000000000e+02	2.51327412287183e+02	3.00000000000000e-02	0.00000000000000e+00	0.00000000000000e+00	1.43549879055269e+02	1.28907152041569e+00
136	148	140	144	1.51990000000000e+02	2.51327412287183e+02	3.00000000000000e-02	0.00000000000000e+00	0.00000000000000e+00	1.53288843116945e+02	-2.83642530627433e-01
137	149	141	145	1.60030000000000e+02	2.51327412287183e+02	3.00000000000000e-02	0.00000000000000e+00	0.00000000000000e+00	1.57880549292441e+02	4.50752256415162e-01
138	150	142	146	1.38130000000000e+02	2.51327412287183e+02	3.00000000000000e-02	0.00000000000000e+00	0.00000000000000e+00	1.35491641223271e+02	6.42844022802051e-01
139	151	143	147	1.34990000000000e+02	2.51327412287183e+02	3.00000000000000e-02	0.00000000000000e+00	0.00000000000000e+00	1.35732220600105e+02	-1.82775899250161e-01
140	152	144	148	1.56980000000000e+02	2.51327412287183e+02	3.00000000000000e-02	0.00000000000000e+00	0.00000000000000e+00	1.54430901302646e+02	5.45721772080654e-01
141	153	145	149	1.59620000000000e+02	2.51327412287183e+02	3.00000000000000e-02	0.00000000000000e+00	0.00000000000000e+00	1.55686522996907e+02	8.31715761881065e-01
142	154	146	150	1.74320000000000e+02	2.51327412287183e+02	3.00000000000000e-02	0.00000000000000e+00	0.00000000000000e+00	1.76417361689374e+02	-3.98662345617762e-01
143	155	147	151	1.73040000000000e+02	2.51327412287183e+02	3.00000000000000e-02	0.00000000000000e+00	0.00000000000000e+00	1.59313923598491e+02	2.75487212204784e+00
144	156	148	152	1.52260000000000e+02	2.51327412287183e+02	3.00000000000000e-02	0.00000000000000e+00	0.00000000000000e+00	1.39860961865557e+02	2.83135954267942e+00
145	157	149	153	1.45840000000000e+02	2.51327412287183e+02	3.00000000000000e-02	0.00000000000000e+00	0.00000000000000e+00	1.30787035644561e+02	3.63132707089603e+00
146	158	150	154	1.23070000000000e+02	2.51327412287183e+02	3.00000000000000e-02	0.00000000000000e+00	0.00000000000000e+00	1.19810222359730e+02	8.94809619928220e-01
147	159	151	155	1.40520000000000e+02	2.51327412287183e+02	3.00000000000000e-02	0.00000000000000e+00	0.00000000000000e+00	1.34389443650955e+02	1.48693155523546e+00
148	160	152	156	1.64300000000000e+02	2.51327412287183e+02	3.00000000000000e-02	0.00000000000000e+00	0.00000000000000e+00	1.49007183593126e+02	3.25665027418420e+00
149	161	153	157	1.65880000000000e+02	2.51327412287183e+02	3.00000000000000e-02	0.00000000000000e+00	0.00000000000000e+00	1.47425083366886e+02	3.93148326683358e+00
150	162	154	158	1.49220000000000e+02	2.51327412287183e+02	3.00000000000000e-02	0.00000000000000e+00	0.00000000000000e+00	1.41896601470311e+02	1.67743644460566e+00
151	163	155	159	1.20420000000000e+02	2.51327412287183e+02	3.00000000000000e-02	0.00000000000000e+00	0.00000000000000e+00	1.12446917723163e+02	2.28347880684264e+00
152	164	156	160	1.03920000000000e+02	2.51327412287183e+02	3.00000000000000e-02	0.00000000000000e+00	0.00000000000000e+00	1.04659637507266e+02	-2.36405501624433e-01
153	165	157	161	9.19200000000000e+01	2.51327412287183e+02	3.00000000000000e-02	0.00000000000000e+00	0.00000000000000e+00	1.04126825695025e+02	-4.15636668261706e+00
154	166	158	162	1.27170000000000e+02	2.51327412287183e+02	3.00000000000000e-02	0.00000000000000e+00	0.00000000000000e+00	1.03814486602919e+02	6.76397501300947e+00
155	167	159	163	9.42800000000000e+01	2.51327412287183e+02	3.00000000000000e-02	0.00000000000000e+00	0.00000000000000e+00	8.65641786916279e+01	2.84609963489473e+00
3	16	7	12	7.46200000000000e+01	3.14159265358979e+02	3.00000000000000e-02	0.00000000000000e+00	0.00000000000000e+00	6.64070733813409e+01	3.88683300522601e+00
4	18	8	13	5.49600000000000e+01	3.14159265358979e+02	3.00000000000000e-02	0.00000000000000e+00	0.00000000000000e+00	5.51740406437503e+01	-1.29563885351865e-01
2	19	9	14	7.55100000000000e+01	3.14159265358979e+02	3.00000000000000e-02	0.00000000000000e+00	0.00000000000000e+00	5.18082986748205e+01	1.25571585101302e+01
5	17	10	15	5.55700000000000e+01	3.14159265358979e+02	3.00000000000000e-02	0.00000000000000e+00	0.00000000000000e+00	4.37724520459037e+01	7.95462721681031e+00
7	21	12	16	4.08700000000000e+01	3.14159265358979e+02	3.00000000000000e-02	0.00000000000000e+00	0.00000000000000e+00	3.87170191139194e+01	1.80390079418631e+00
8	22	13	18	3.05100000000000e+01	3.14159265358979e+02	3.00000000000000e-02	0.00000000000000e+00	0.00000000000000e+00	3.41645403818483e+01	-3.77112588396159e+00
9	23	14	19	4.50600000000000e+01	3.14159265358979e+02	3.00000000000000e-02	0.00000000000000e+00	0.00000000000000e+00	3.13832306249385e+01	1.20573747093165e+01
10	24	15	17	5.96200000000000e+01	3.14159265358979e+02	3.00000000000000e-02	0.00000000000000e+00	0.00000000000000e+00	3.04969229773006e+01	2.23455098572012e+01
12	26	16	21	3.98700000000000e+01	3.14159265358979e+02	3.00000000000000e-02	0.00000000000000e+00	0.00000000000000e+00	3.58548248218729e+01	3.53820066028040e+00
13	27	18	22	4.85700000000000e+01	3.14159265358979e+02	3.00000000000000e-02	0.00000000000000e+00	0.00000000000000e+00	4.19357370544617e+01	4.89558933196164e+00
14	28	19	23	5.72700000000000e+01	3.14159265358979e+02	3.00000000000000e-02	0.00000000000000e+00	0.00000000000000e+00	4.56143494143025e+01	7.58515264162078e+00
15	29	17	24	5.16400000000000e+01	3.14159265358979e+02	3.00000000000000e-02	0.00000000000000e+00	0.00000000000000e+00	4.13575816455202e+01	7.40136027802494e+00
16	31	21	26	4.60200000000000e+01	3.14159265358979e+02	3.00000000000000e-02	0.00000000000000e+00	0.00000000000000e+00	3.60231044825320e+01	8.16385202765169e+00
18	32	22	27	3.24500000000000e+01	3.14159265358979e+02	3.00000000000000e-02	0.00000000000000e+00	0.00000000000000e+00	3.25782062879273e+01	-1.31436762966978e-01
19	33	23	28	2.94700000000000e+01	3.14159265358979e+02	3.00000000000000e-02	0.00000000000000e+00	0.00000000000000e+00	3.22265415537142e+01	-2.98058627099178e+00
17	34	24	29	2.64800000000000e+01	3.14159265358979e+02	3.00000000000000e-02	0.00000000000000e+00	0.00000000000000e+00	3.12702011966158e+01	-5.54252915180264e+00
20	35	25	30	1.93900000000000e+01	3.14159265358979e+02	3.00000000000000e-02	0.00000000000000e+00	0.00000000000000e+00	2.85060899755085e+01	-1.28453426181395e+01
21	36	26	31	2.66100000000000e+01	3.14159265358979e+02	3.00000000000000e-02	0.00000000000000e+00	0.00000000000000e+00	2.79994149771093e+01	-1.69655104308871e+00
22	37	27	32	2.25100000000000e+01	3.14159265358979e+02	3.00000000000000e-02	0.00000000000000e+00	0.00000000000000e+00	2.39192845110266e+01	-2.02417873233488e+00
23	38	28	33	2.58200000000000e+01	3.14159265358979e+02	3.00000000000000e-02	0.00000000000000e+00	0.00000000000000e+00	2.19672263474123e+01	5.38659180882773e+00
24	39	29	34	2.04200000000000e+01	3.14159265358979e+02	3.00000000000000e-02	0.00000000000000e+00	0.00000000000000e+00	1.92600284757305e+01	1.94943092923182e+00
25	40	30	35	1.79900000000000e+01	3.14159265358979e+02	3.00000000000000e-02	0.00000000000000e+00	0.00000000000000e+00	1.83751151435162e+01	-7.06042114354425e-01
26	41	31	36	1.71100000000000e+01	3.14159265358979e+02	3.00000000000000e-02	0.00000000000000e+00	0.00000000000000e+00	2.00278400915651e+01	-5.24867407626388e+00
27	42	32	37	1.76800000000000e+01	3.14159265358979e+02	3.00000000000000e-02	0.00000000000000e+00	0.00000000000000e+00	2.09126328770917e+01	-5.59731210128763e+00
28	43	33	38	1.66900000000000e+01	3.14159265358979e+02	3.00000000000000e-02	0.00000000000000e+00	0.00000000000000e+00	2.21976251597338e+01	-9.50585235651712e+00
29	44	34	39	2.49000000000000e+01	3.14159265358979e+02	3.00000000000000e-02	0.00000000000000e+00	0.00000000000000e+00	2.19152488648995e+01	4.25617045827843e+00
30	45	35	40	3.31200000000000e+01	3.14159265358979e+02	3.00000000000000e-02	0.00000000000000e+00	0.00000000000000e+00	2.22084753807344e+01	1.33221113196329e+01
31	46	36	41	4.50100000000000e+01	3.14159265358979e+02	3.00000000000000e-02	0.00000000000000e+00	0.00000000000000e+00	2.64737613862109e+01	1.76910193730295e+01
32	47	37	42	3.57500000000000e+01	3.14159265358979e+02	3.00000000000000e-02	0.00000000000000e+00	0.00000000000000e+00	2.47505836560377e+01	1.22567066113747e+01
33	48	38	43	2.65000000000000e+01	3.14159265358979e+02	3.00000000000000e-02	0.00000000000000e+00	0.00000000000000e+00	3.02659200521460e+01	-4.42925319206885e+00
34	49	39	44	3.57300000000000e+01	3.14159265358979e+02	3.00000000000000e-02	0.00000000000000e+00	0.00000000000000e+00	3.55576082801932e+01	1.61217412127061e-01
35	50	40	45	3.80900000000000e+01	3.14159265358979e+02	3.00000000000000e-02	0.00000000000000e+00	0.00000000000000e+00	3.91002390865773e+01	-8.72560040944537e-01
36	51	41	46	4.04500000000000e+01	3.14159265358979e+02	3.00000000000000e-02	0.00000000000000e+00	0.00000000000000e+00	3.76433923966243e+01	2.39697351381098e+00
37	52	42	47	5.51000000000000e+01	3.14159265358979e+02	3.00000000000000e-02	0.00000000000000e+00	0.00000000000000e+00	3.76878704179276e+01	1.26603804350568e+01
38	53	43	48	5.04000000000000e+01	3.14159265358979e+02	3.00000000000000e-02	0.00000000000000e+00	0.00000000000000e+00	3.57792813197995e+01	1.14207394428564e+01
39	54	44	49	4.00700000000000e+01	3.14159265358979e+02	3.00000000000000e-02	0.00000000000000e+00	0.00000000000000e+00	3.15351487967077e+01	7.98417220270998e+00
40	55	45	50	2.97500000000000e+01	3.14159265358979e+02	3.00000000000000e-02	0.00000000000000e+00	0.00000000000000e+00	3.32447866355558e+01	-3.70229433004388e+00
41	56	46	51	2.25700000000000e+01	3.14159265358979e+02	3.00000000000000e-02	0.00000000000000e+00	0.00000000000000e+00	3.55829634118133e+01	-1.51748458878735e+01
42	57	47	52	2.55600000000000e+01	3.14159265358979e+02	3.00000000000000e-02	0.00000000000000e+00	0.00000000000000e+00	3.50438404273869e+01	-1.05190410597097e+01
43	58	48	53	2.85500000000000e+01	3.14159265358979e+02	3.00000000000000e-02	0.00000000000000e+00	0.00000000000000e+00	3.93893422056961e+01	-1.07279447071999e+01
44	59	49	54	3.35200000000000e+01	3.14159265358979e+02	3.00000000000000e-02	0.00000000000000e+00	0.00000000000000e+00	4.55848116307110e+01	-1.02477435716563e+01
45	60	50	55	4.87300000000000e+01	3.14159265358979e+02	3.00000000000000e-02	0.00000000000000e+00	0.00000000000000e+00	4.69327295117592e+01	1.25265224662792e+00
46	61	51	56	6.39400000000000e+01	3.14159265358979e+02	3.00000000000000e-02	0.00000000000000e+00	0.00000000000000e+00	4.37922271835913e+01	1.26162934519768e+01
47	62	52	57	8.93900000000000e+01	3.14159265358979e+02	3.00000000000000e-02	0.00000000000000e+00	0.00000000000000e+00	4.77626546854467e+01	2.08921589231334e+01
48	63	53	58	8.33200000000000e+01	3.14159265358979e+02	3.00000000000000e-02	0.00000000000000e+00	0.00000000000000e+00	5.24952563559658e+01	1.53988602000642e+01
49	64	54	59	7.72500000000000e+01	3.14159265358979e+02	3.00000000000000e-02	0.00000000000000e+00	0.00000000000000e+00	4.95053806050108e+01	1.48321851006467e+01
50	65	55	60	5.65900000000000e+01	3.14159265358979e+02	3.00000000000000e-02	0.00000000000000e+00	0.00000000000000e+00	5.00200066063505e+01	4.11364112102623e+00
51	66	56	61	5.44500000000000e+01	3.14159265358979e+02	3.00000000000000e-02	0.00000000000000e+00	0.00000000000000e+00	5.22492088315590e+01	1.37527002094742e+00
52	67	57	62	7.09800000000000e+01	3.14159265358979e+02	3.00000000000000e-02	0.00000000000000e+00	0.00000000000000e+00	5.65222848602737e+01	7.59210548414186e+00
53	68	58	63	8.75000000000000e+01	3.14159265358979e+02	3.00000000000000e-02	0.00000000000000e+00	0.00000000000000e+00	5.81639214087508e+01	1.36124512638048e+01
54	69	59	64	7.49400000000000e+01	3.14159265358979e+02	3.00000000000000e-02	0.00000000000000e+00	0.00000000000000e+00	5.84658044902637e+01	8.27485828883369e+00
55	70	60	65	6.23800000000000e+01	3.14159265358979e+02	3.00000000000000e-02	0.00000000000000e+00	0.00000000000000e+00	5.80157143611938e+01	2.41769333560494e+00
56	71	61	66	4.56300000000000e+01	3.14159265358979e+02	3.00000000000000e-02	0.00000000000000e+00	0.00000000000000e+00	5.06106279323525e+01	-3.45320658293201e+00
57	72	62	67	3.94300000000000e+01	3.14159265358979e+02	3.00000000000000e-02	0.00000000000000e+00	0.00000000000000e+00	4.62286935559506e+01	-5.30245766839957e+00
58	73	63	68	5.51200000000000e+01	3.14159265358979e+02	3.00000000000000e-02	0.00000000000000e+00	0.00000000000000e+00	4.85815775924994e+01	4.20894098479330e+00
59	74	64	69	5.38600000000000e+01	3.14159265358979e+02	3.00000000000000e-02	0.00000000000000e+00	0.00000000000000e+00	5.05962106895953e+01	2.08371338172171e+00
60	75	65	70	3.59100000000000e+01	3.14159265358979e+02	3.00000000000000e-02	0.00000000000000e+00	0.00000000000000e+00	4.92247107922544e+01	-1.05126647016368e+01
61	76	66	71	4.34400000000000e+01	3.14159265358979e+02	3.00000000000000e-02	0.00000000000000e+00	0.00000000000000e+00	5.55096069419624e+01	-8.17251427334485e+00
62	77	67	72	5.27100000000000e+01	3.14159265358979e+02	3.00000000000000e-02	0.00000000000000e+00	0.00000000000000e+00	6.29430597551519e+01	-5.91417711428404e+00
63	78	68	73	6.09000000000000e+01	3.14159265358979e+02	3.00000000000000e-02	0.00000000000000e+00	0.00000000000000e+00	6.44781657168395e+01	-1.90311585861342e+00
64	79	69	74	6.28900000000000e+01	3.14159265358979e+02	3.00000000000000e-02	0.00000000000000e+00	0.00000000000000e+00	6.15409769128004e+01	7.22797478378941e-01
65	80	70	75	4.83200000000000e+01	3.14159265358979e+02	3.00000000000000e-02	0.00000000000000e+00	0.00000000000000e+00	5.86836212838854e+01	-6.47717033828027e+00
66	81	71	76	3.37500000000000e+01	3.14159265358979e+02	3.00000000000000e-02	0.00000000000000e+00	0.00000000000000e+00	4.36060025586749e+01	-8.54047989748152e+00
67	82	72	77	3.15600000000000e+01	3.14159265358979e+02	3.00000000000000e-02	0.00000000000000e+00	0.00000000000000e+00	3.48298531202464e+01	-3.28614571147186e+00
68	83	73	78	2.90200000000000e+01	3.14159265358979e+02	3.00000000000000e-02	0.00000000000000e+00	0.00000000000000e+00	3.32863357369672e+01	-4.57205756964580e+00
69	84	74	79	2.75500000000000e+01	3.14159265358979e+02	3.00000000000000e-02	0.00000000000000e+00	0.00000000000000e+00	3.28321958915613e+01	-5.84690268047735e+00
70	85	75	80	3.63500000000000e+01	3.14159265358979e+02	3.00000000000000e-02	0.00000000000000e+00	0.00000000000000e+00	3.19928421751501e+01	4.25606694089726e+00
71	86	76	81	4.51500000000000e+01	3.14159265358979e+02	3.00000000000000e-02	0.00000000000000e+00	0.00000000000000e+00	3.74502273522005e+01	6.23258330328067e+00
72	87	77	82	3.49100000000000e+01	3.14159265358979e+02	3.00000000000000e-02	0.00000000000000e+00	0.00000000000000e+00	4.06021809535598e+01	-5.03494873719846e+00
73	88	78	83	4.45400000000000e+01	3.14159265358979e+02	3.00000000000000e-02	0.00000000000000e+00	0.00000000000000e+00	4.23694887495684e+01	1.66530545314164e+00
74	89	79	84	5.59100000000000e+01	3.14159265358979e+02	3.00000000000000e-02	0.00000000000000e+00	0.00000000000000e+00	4.61859236585407e+01	6.36893953638792e+00
75	90	80	85	4.86200000000000e+01	3.14159265358979e+02	3.00000000000000e-02	0.00000000000000e+00	0.00000000000000e+00	4.65882579248940e+01	1.42288117894241e+00
76	91	81	86	3.38700000000000e+01	3.14159265358979e+02	3.00000000000000e-02	0.00000000000000e+00	0.00000000000000e+00	4.19872800952265e+01	-7.16123502361101e+00
77	92	82	87	4.32900000000000e+01	3.14159265358979e+02	3.00000000000000e-02	0.00000000000000e+00	0.00000000000000e+00	4.35425477886009e+01	-1.93896956185095e-01
78	93	83	88	5.27200000000000e+01	3.14159265358979e+02	3.00000000000000e-02	0.00000000000000e+00	0.00000000000000e+00	4.64881226341534e+01	4.19326791501794e+00
79	94	84	89	4.98800000000000e+01	3.14159265358979e+02	3.00000000000000e-02	0.00000000000000e+00	0.00000000000000e+00	4.72493458772055e+01	1.80604369455260e+00
80	95	85	90	6.45600000000000e+01	3.14159265358979e+02	3.00000000000000e-02	0.00000000000000e+00	0.00000000000000e+00	4.59136624349735e+01	1.13610764883580e+01
81	96	86	91	5.83700000000000e+01	3.14159265358979e+02	3.00000000000000e-02	0.00000000000000e+00	0.00000000000000e+00	4.92373135727488e+01	5.67167724039087e+00
82	97	87	92	5.21900000000000e+01	3.14159265358979e+02	3.00000000000000e-02	0.00000000000000e+00	0.00000000000000e+00	4.74036253052747e+01	3.20640655484471e+00
83	98	88	93	5.93600000000000e+01	3.14159265358979e+02	3.00000000000000e-02	0.00000000000000e+00	0.00000000000000e+00	4.37154975855756e+01	1.01972641266824e+01
84	99	89	94	5.28000000000000e+01	3.14159265358979e+02	3.00000000000000e-02	0.00000000000000e+00	0.00000000000000e+00	4.34236209012313e+01	6.51692124215978e+00
85	100	90	95	5.47300000000000e+01	3.14159265358979e+02	3.00000000000000e-02	0.00000000000000e+00	0.00000000000000e+00	4.70319496055847e+01	5.05282851828409e+00
86	101	91	96	6.09800000000000e+01	3.14159265358979e+02	3.00000000000000e-02	0.00000000000000e+00	0.00000000000000e+00	5.55016316104943e+01	3.13778409508532e+00
87	102	92	97	6.24900000000000e+01	3.14159265358979e+02	3.00000000000000e-02	0.00000000000000e+00	0.00000000000000e+00	6.82320606086805e+01	-2.93026691163224e+00
88	103	93	98	6.33300000000000e+01	3.14159265358979e+02	3.00000000000000e-02	0.00000000000000e+00	0.00000000000000e+00	7.10480198706569e+01	-3.83322780357176e+00
89	104	94	99	6.72900000000000e+01	3.14159265358979e+02	3.00000000000000e-02	0.00000000000000e+00	0.00000000000000e+00	6.93696467192489e+01	-1.01459224939407e+00
90	105	95	100	6.40500000000000e+01	3.14159265358979e+02	3.00000000000000e-02	0.00000000000000e+00	0.00000000000000e+00	6.42233428153665e+01	-9.00903841121921e-02
91	106	96	101	5.41400000000000e+01	3.14159265358979e+02	3.00000000000000e-02	0.00000000000000e+00	0.00000000000000e+00	6.27042195236110e+01	-4.89518194052216e+00
92	107	97	102	5.99700000000000e+01	3.14159265358979e+02	3.00000000000000e-02	0.00000000000000e+00	0.00000000000000e+00	6.27760748712760e+01	-1.52431967725374e+00
93	108	98	103	6.39000000000000e+01	3.14159265358979e+02	3.00000000000000e-02	0.00000000000000e+00	0.00000000000000e+00	6.30322055906667e+01	4.55785525274492e-01
94	109	99	104	5.82500000000000e+01	3.14159265358979e+02	3.00000000000000e-02	0.00000000000000e+00	0.00000000000000e+00	6.11831645614752e+01	-1.63759901212677e+00
95	110	100	105	4.75000000000000e+01	3.14159265358979e+02	3.00000000000000e-02	0.00000000000000e+00	0.00000000000000e+00	5.55365856176391e+01	-5.21040976175078e+00
96	111	101	106	3.67400000000000e+01	3.14159265358979e+02	3.00000000000000e-02	0.00000000000000e+00	0.00000000000000e+00	5.31020487738275e+01	-1.22783143675950e+01
97	112	102	107	5.04700000000000e+01	3.14159265358979e+02	3.00000000000000e-02	0.00000000000000e+00	0.00000000000000e+00	6.05642374773728e+01	-6.07751592947201e+00
98	113	103	108	5.82500000000000e+01	3.14159265358979e+02	3.00000000000000e-02	0.00000000000000e+00	0.00000000000000e+00	5.60594234973200e+01	1.27772768115128e+00
99	114	104	109	4.27100000000000e+01	3.14159265358979e+02	3.00000000000000e-02	0.00000000000000e+00	0.00000000000000e+00	5.47774012347800e+01	-8.29482126064562e+00
100	115	105	110	5.60500000000000e+01	3.14159265358979e+02	3.00000000000000e-02	0.00000000000000e+00	0.00000000000000e+00	6.17152313979599e+01	-3.20955377104261e+00
101	116	106	111	7.22100000000000e+01	3.14159265358979e+02	3.00000000000000e-02	0.00000000000000e+00	0.00000000000000e+00	7.35129549965809e+01	-5.96103622696257e-01
102	117	107	112	8.23400000000000e+01	3.14159265358979e+02	3.00000000000000e-02	0.00000000000000e+00	0.00000000000000e+00	8.45197536406362e+01	-8.70942053210477e-01
103	118	108	113	8.59800000000000e+01	3.14159265358979e+02	3.00000000000000e-02	0.00000000000000e+00	0.00000000000000e+00	8.74906348814553e+01	-5.80568221369878e-01
104	119	109	114	9.86600000000000e+01	3.14159265358979e+02	3.00000000000000e-02	0.00000000000000e+00	0.00000000000000e+00	8.32163062445100e+01	5.67454262219747e+00
105	120	110	115	7.63700000000000e+01	3.14159265358979e+02	3.00000000000000e-02	0.00000000000000e+00	0.00000000000000e+00	7.07373281413485e+01	2.55388453204652e+00
106	121	111	116	5.40700000000000e+01	3.14159265358979e+02	3.00000000000000e-02	0.00000000000000e+00	0.00000000000000e+00	5.78814834243079e+01	-2.27060091160896e+00
107	122	112	117	4.23000000000000e+01	3.14159265358979e+02	3.00000000000000e-02	0.00000000000000e+00	0.00000000000000e+00	4.61097541722402e+01	-2.87458096064248e+00
108	123	113	118	3.05300000000000e+01	3.14159265358979e+02	3.00000000000000e-02	0.00000000000000e+00	0.00000000000000e+00	3.45626880698973e+01	-4.13549713215486e+00
109	124	114	119	3.10400000000000e+01	3.14159265358979e+02	3.00000000000000e-02	0.00000000000000e+00	0.00000000000000e+00	3.28303673406753e+01	-1.86924084375710e+00
110	125	115	120	3.56700000000000e+01	3.14159265358979e+02	3.00000000000000e-02	0.00000000000000e+00	0.00000000000000e+00	3.62749548951213e+01	-5.60585199456298e-01
111	126	116	121	4.92300000000000e+01	3.14159265358979e+02	3.00000000000000e-02	0.00000000000000e+00	0.00000000000000e+00	5.05740674204704e+01	-8.97858319258660e-01
112	127	117	122	6.27900000000000e+01	3.14159265358979e+02	3.00000000000000e-02	0.00000000000000e+00	0.00000000000000e+00	6.50066758192506e+01	-1.15647148024595e+00
113	128	118	123	7.65600000000000e+01	3.14159265358979e+02	3.00000000000000e-02	0.00000000000000e+00	0.00000000000000e+00	6.81591954236174e+01	3.87428896414249e+00
114	129	119	124	6.93900000000000e+01	3.14159265358979e+02	3.00000000000000e-02	0.00000000000000e+00	0.00000000000000e+00	6.79931332210616e+01	6.77868229253094e-01
115	130	120	125	6.59300000000000e+01	3.14159265358979e+02	3.00000000000000e-02	0.00000000000000e+00	0.00000000000000e+00	6.50429511811212e+01	4.51524468385796e-01
116	131	121	126	6.02500000000000e+01	3.14159265358979e+02	3.00000000000000e-02	0.00000000000000e+00	0.00000000000000e+00	6.66400722763449e+01	-3.36011700220803e+00
117	132	122	127	5.99300000000000e+01	3.14159265358979e+02	3.00000000000000e-02	0.00000000000000e+00	0.00000000000000e+00	5.68386885656504e+01	1.76533279640410e+00
118	133	123	128	5.17900000000000e+01	3.14159265358979e+02	3.00000000000000e-02	0.00000000000000e+00	0.00000000000000e+00	4.85717214687549e+01	2.13851938866725e+00
119	134	124	129	4.48900000000000e+01	3.14159265358979e+02	3.00000000000000e-02	0.00000000000000e+00	0.00000000000000e+00	4.39109322000663e+01	7.35057955195003e-01
120	135	125	130	3.88600000000000e+01	3.14159265358979e+02	3.00000000000000e-02	0.00000000000000e+00	0.00000000000000e+00	4.45852932757544e+01	-4.58128711725916e+00
121	136	126	131	3.97900000000000e+01	3.14159265358979e+02	3.00000000000000e-02	0.00000000000000e+00	0.00000000000000e+00	4.84318056176993e+01	-6.55137047742646e+00
122	137	127	132	4.81600000000000e+01	3.14159265358979e+02	3.00000000000000e-02	0.00000000000000e+00	0.00000000000000e+00	5.87235805823366e+01	-6.61041862220961e+00
123	138	128	133	6.15900000000000e+01	3.14159265358979e+02	3.00000000000000e-02	0.00000000000000e+00	0.00000000000000e+00	6.48786097958558e+01	-1.73394875214849e+00
124	139	129	134	8.16700000000000e+01	3.14159265358979e+02	3.00000000000000e-02	0.00000000000000e+00	0.00000000000000e+00	7.44503154654372e+01	3.08515803233114e+00
125	140	130	135	9.11700000000000e+01	3.14159265358979e+02	3.00000000000000e-02	0.00000000000000e+00	0.00000000000000e+00	8.45295473811130e+01	2.52082497352750e+00
126	141	131	136	9.82300000000000e+01	3.14159265358979e+02	3.00000000000000e-02	0.00000000000000e+00	0.00000000000000e+00	1.00743099526092e+02	-8.42067991274428e-01
127	142	132	137	1.02220000000000e+02	3.14159265358979e+02	3.00000000000000e-02	0.00000000000000e+00	0.00000000000000e+00	9.71273795284642e+01	1.70346817676223e+00
128	143	133	138	8.35200000000000e+01	3.14159265358979e+02	3.00000000000000e-02	0.00000000000000e+00	0.00000000000000e+00	8.10472883281318e+01	1.00177777634910e+00
129	144	134	139	7.71000000000000e+01	3.14159265358979e+02	3.00000000000000e-02	0.00000000000000e+00	0.00000000000000e+00	7.55845693576135e+01	6.61704241438462e-01
130	145	135	140	8.03000000000000e+01	3.14159265358979e+02	3.00000000000000e-02	0.00000000000000e+00	0.00000000000000e+00	7.54217727037822e+01	2.08912083243614e+00
131	146	136	141	7.17000000000000e+01	3.14159265358979e+02	3.00000000000000e-02	0.00000000000000e+00	0.00000000000000e+00	7.20466862372327e+01	-1.60786041288456e-01
132	147	137	142	8.70500000000000e+01	3.14159265358979e+02	3.00000000000000e-02	0.00000000000000e+00	0.00000000000000e+00	8.72925518588581e+01	-9.27492123071971e-02
133	148	138	143	1.07410000000000e+02	3.14159265358979e+02	3.00000000000000e-02	0.00000000000000e+00	0.00000000000000e+00	1.03473311643939e+02	1.24465222228084e+00
134	149	139	144	1.15560000000000e+02	3.14159265358979e+02	3.00000000000000e-02	0.00000000000000e+00	0.00000000000000e+00	1.12000679293559e+02	1.04283130667563e+00
135	150	140	145	1.11540000000000e+02	3.14159265358979e+02	3.00000000000000e-02	0.00000000000000e+00	0.00000000000000e+00	1.14816929022505e+02	-9.65188913498209e-01
136	151	141	146	1.37370000000000e+02	3.14159265358979e+02	3.00000000000000e-02	0.00000000000000e+00	0.00000000000000e+00	1.27164550497085e+02	2.57320314444387e+00
137	152	142	147	1.40480000000000e+02	3.14159265358979e+02	3.00000000000000e-02	0.00000000000000e+00	0.00000000000000e+00	1.40982579665921e+02	-1.19040146332505e-01
138	153	143	148	1.39620000000000e+02	3.14159265358979e+02	3.00000000000000e-02	0.00000000000000e+00	0.00000000000000e+00	1.37237288303609e+02	5.73766251253005e-01
139	154	144	149	1.29380000000000e+02	3.14159265358979e+02	3.00000000000000e-02	0.00000000000000e+00	0.00000000000000e+00	1.25687533598297e+02	9.65162525562284e-01
140	155	145	150	1.19580000000000e+02	3.14159265358979e+02	3.00000000000000e-02	0.00000000000000e+00	0.00000000000000e+00	1.19395950339263e+02	5.13439942012065e-02
141	156	146	151	1.11740000000000e+02	3.14159265358979e+02	3.00000000000000e-02	0.00000000000000e+00	0.00000000000000e+00	1.03824856740880e+02	2.44897781094912e+00
142	157	147	152	1.10320000000000e+02	3.14159265358979e+02	3.00000000000000e-02	0.00000000000000e+00	0.00000000000000e+00	1.02286078274129e+02	2.52038856800295e+00
143	158	148	153	1.09350000000000e+02	3.14159265358979e+02	3.00000000000000e-02	0.00000000000000e+00	0.00000000000000e+00	1.03551923386132e+02	1.81601949953241e+00
144	159	149	154	1.07570000000000e+02	3.14159265358979e+02	3.00000000000000e-02	0.00000000000000e+00	0.00000000000000e+00	1.12669273125286e+02	-1.54383141171675e+00
145	160	150	155	1.03460000000000e+02	3.14159265358979e+02	3.00000000000000e-02	0.00000000000000e+00	0.00000000000000e+00	1.07600397296901e+02	-1.30797584986254e+00
146	161	151	156	1.19320000000000e+02	3.14159265358979e+02	3.00000000000000e-02	0.00000000000000e+00	0.00000000000000e+00	1.09068081029947e+02	2.99455585972212e+00
147	162	152	157	1.26310000000000e+02	3.14159265358979e+02	3.00000000000000e-02	0.00000000000000e+00	0.00000000000000e+00	1.17244974973355e+02	2.48245512493354e+00
148	163	153	158	1.45350000000000e+02	3.14159265358979e+02	3.00000000000000e-02	0.00000000000000e+00	0.00000000000000e+00	1.21825179796546e+02	5.88525208057368e+00
149	164	154	159	1.19370000000000e+02	3.14159265358979e+02	3.00000000000000e-02	0.00000000000000e+00	0.00000000000000e+00	1.10441792001864e+02	2.59131000515609e+00
150	165	155	160	1.13690000000000e+02	3.14159265358979e+02	3.00000000000000e-02	0.00000000000000e+00	0.00000000000000e+00	1.07192581933592e+02	1.96161327597689e+00
151	166	156	161	8.73500000000000e+01	3.14159265358979e+02	3.00000000000000e-02	0.00000000000000e+00	0.00000000000000e+00	9.24055569274801e+01	-1.87546933890115e+00
152	167	157	162	6.35600000000000e+01	3.14159265358979e+02	3.00000000000000e-02	0.00000000000000e+00	0.00000000000000e+00	8.20350932228018e+01	-8.50542600586941e+00
1	19	7	13	4.83500000000000e+01	3.76991118430775e+02	3.00000000000000e-02	0.00000000000000e+00	0.00000000000000e+00	6.68459770045466e+01	-1.07974966799816e+01
3	17	8	14	5.49900000000000e+01	3.76991118430775e+02	3.00000000000000e-02	0.00000000000000e+00	0.00000000000000e+00	6.18280241904353e+01	-3.90684590079991e+00
4	20	9	15	4.62200000000000e+01	3.76991118430775e+02	3.00000000000000e-02	0.00000000000000e+00	0.00000000000000e+00	5.01872985798141e+01	-2.74497911663499e+00
5	22	11	16	3.74600000000000e+01	3.76991118430775e+02	3.00000000000000e-02	0.00000000000000e+00	0.00000000000000e+00	4.08622233272374e+01	-2.89774347294250e+00
6	23	12	18	3.33600000000000e+01	3.76991118430775e+02	3.00000000000000e-02	0.00000000000000e+00	0.00000000000000e+00	3.86094010988661e+01	-4.87127403701377e+00
7	24	13	19	4.66100000000000e+01	3.76991118430775e+02	3.00000000000000e-02	0.00000000000000e+00	0.00000000000000e+00	3.49901480918151e+01	9.55828572033450e+00
8	25	14	17	5.98500000000000e+01	3.76991118430775e+02	3.00000000000000e-02	0.00000000000000e+00	0.00000000000000e+00	3.58940179520244e+01	1.70423593752348e+01
9	26	15	20	4.71500000000000e+01	3.76991118430775e+02	3.00000000000000e-02	0.00000000000000e+00	0.00000000000000e+00	3.37453494311736e+01	1.11497131962458e+01
11	28	16	22	3.44500000000000e+01	3.76991118430775e+02	3.00000000000000e-02	0.00000000000000e+00	0.00000000000000e+00	3.07982252060352e+01	3.73506441070317e+00
12	29	18	23	2.44000000000000e+01	3.76991118430775e+02	3.00000000000000e-02	0.00000000000000e+00	0.00000000000000e+00	3.46978771012039e+01	-1.17365124714170e+01
13	30	19	24	3.25800000000000e+01	3.76991118430775e+02	3.00000000000000e-02	0.00000000000000e+00	0.00000000000000e+00	4.17627750581927e+01	-8.27689302451800e+00
14	31	17	25	4.07700000000000e+01	3.76991118430775e+02	3.00000000000000e-02	0.00000000000000e+00	0.00000000000000e+00	4.03198170432848e+01	3.70114356509577e-01
15	32	20	26	3.54800000000000e+01	3.76991118430775e+02	3.00000000000000e-02	0.00000000000000e+00	0.00000000000000e+00	3.87618559170569e+01	-2.94891702372923e+00
16	34	22	28	3.01900000000000e+01	3.76991118430775e+02	3.00000000000000e-02	0.00000000000000e+00	0.00000000000000e+00	3.52123438118577e+01	-5.12953179619700e+00
18	35	23	29	2.43600000000000e+01	3.76991118430775e+02	3.00000000000000e-02	0.00000000000000e+00	0.00000000000000e+00	3.29177726909400e+01	-1.00356757481450e+01
19	36	24	30	1.85400000000000e+01	3.76991118430775e+02	3.00000000000000e-02	0.00000000000000e+00	0.00000000000000e+00	2.89195814807637e+01	-1.48196121809542e+01
17	37	25	31	1.90700000000000e+01	3.76991118430775e+02	3.00000000000000e-02	0.00000000000000e+00	0.00000000000000e+00	2.69979163368802e+01	-1.15881090235298e+01
20	38	26	32	1.76500000000000e+01	3.76991118430775e+02	3.00000000000000e-02	0.00000000000000e+00	0.00000000000000e+00	2.30336016033198e+01	-8.87394352303601e+00
21	39	27	33	1.59700000000000e+01	3.76991118430775e+02	3.00000000000000e-02	0.00000000000000e+00	0.00000000000000e+00	1.85345231096375e+01	-4.96410482880562e+00
22	40	28	34	1.42800000000000e+01	3.76991118430775e+02	3.00000000000000e-02	0.00000000000000e+00	0.00000000000000e+00	1.75200510422760e+01	-6.81620139881596e+00
23	41	29	35	1.44600000000000e+01	3.76991118430775e+02	3.00000000000000e-02	0.00000000000000e+00	0.00000000000000e+00	1.61186845862940e+01	-3.61976385572564e+00
24	42	30	36	1.70900000000000e+01	3.76991118430775e+02	3.00000000000000e-02	0.00000000000000e+00	0.00000000000000e+00	1.94719113782330e+01	-4.34931626220671e+00
25	43	31	37	1.80800000000000e+01	3.76991118430775e+02	3.00000000000000e-02	0.00000000000000e+00	0.00000000000000e+00	2.25300017268614e+01	-7.33471587091071e+00
26	44	32	38	2.46700000000000e+01	3.76991118430775e+02	3.00000000000000e-02	0.00000000000000e+00	0.00000000000000e+00	2.20578497147239e+01	3.73064652891314e+00
27	45	33	39	3.68900000000000e+01	3.76991118430775e+02	3.00000000000000e-02	0.00000000000000e+00	0.00000000000000e+00	2.21375139392443e+01	1.70222292944412e+01
28	46	34	40	3.13000000000000e+01	3.76991118430775e+02	3.00000000000000e-02	0.00000000000000e+00	0.00000000000000e+00	2.22315973313745e+01	1.14034505796250e+01
29	47	35	41	2.57200000000000e+01	3.76991118430775e+02	3.00000000000000e-02	0.00000000000000e+00	0.00000000000000e+00	2.57389917681518e+01	-2.46044061643265e-02
30	48	36	42	2.93500000000000e+01	3.76991118430775e+02	3.00000000000000e-02	0.00000000000000e+00	0.00000000000000e+00	2.62098426800127e+01	3.77191770818412e+00
31	49	37	43	3.27800000000000e+01	3.76991118430775e+02	3.00000000000000e-02	0.00000000000000e+00	0.00000000000000e+00	3.26311483960505e+01	1.51708961487100e-01
32	50	38	44	3.62200000000000e+01	3.76991118430775e+02	3.00000000000000e-02	0.00000000000000e+00	0.00000000000000e+00	3.76069744327773e+01	-1.25260236576115e+00
33	51	39	45	4.97600000000000e+01	3.76991118430775e+02	3.00000000000000e-02	0.00000000000000e+00	0.00000000000000e+00	3.99579491946575e+01	7.31279391408598e+00
34	52	40	46	4.66200000000000e+01	3.76991118430775e+02	3.00000000000000e-02	0.00000000000000e+00	0.00000000000000e+00	4.09994435528002e+01	4.28237129594417e+00
35	53	41	47	4.34800000000000e+01	3.76991118430775e+02	3.00000000000000e-02	0.00000000000000e+00	0.00000000000000e+00	3.75272872695004e+01	4.90775777910632e+00
36	54	42	48	3.18700000000000e+01	3.76991118430775e+02	3.00000000000000e-02	0.00000000000000e+00	0.00000000000000e+00	3.59401724441869e+01	-4.00635170092721e+00
37	55	43	49	2.97000000000000e+01	3.76991118430775e+02	3.00000000000000e-02	0.00000000000000e+00	0.00000000000000e+00	3.23518799620207e+01	-2.85083622165899e+00
38	56	44	50	2.75300000000000e+01	3.76991118430775e+02	3.00000000000000e-02	0.00000000000000e+00	0.00000000000000e+00	3.15277349223967e+01	-4.51971043381105e+00
39	57	45	51	3.74800000000000e+01	3.76991118430775e+02	3.00000000000000e-02	0.00000000000000e+00	0.00000000000000e+00	3.31396248074620e+01	4.10259222921292e+00
40	58	46	52	4.74300000000000e+01	3.76991118430775e+02	3.00000000000000e-02	0.00000000000000e+00	0.00000000000000e+00	3.32651899512604e+01	1.18247812156044e+01
41	59	47	53	3.47300000000000e+01	3.76991118430775e+02	3.00000000000000e-02	0.00000000000000e+00	0.00000000000000e+00	3.72553477110496e+01	-2.33972101593955e+00
42	60	48	54	3.34700000000000e+01	3.76991118430775e+02	3.00000000000000e-02	0.00000000000000e+00	0.00000000000000e+00	4.18394920272478e+01	-7.43970545398578e+00
43	61	49	55	3.22000000000000e+01	3.76991118430775e+02	3.00000000000000e-02	0.00000000000000e+00	0.00000000000000e+00	4.80033889151123e+01	-1.33101719421157e+01
44	62	50	56	3.91500000000000e+01	3.76991118430775e+02	3.00000000000000e-02	0.00000000000000e+00	0.00000000000000e+00	4.84579288871274e+01	-7.10985178105717e+00
45	63	51	57	5.02900000000000e+01	3.76991118430775e+02	3.00000000000000e-02	0.00000000000000e+00	0.00000000000000e+00	5.07628306017739e+01	-3.11938517462866e-01
46	64	52	58	6.67400000000000e+01	3.76991118430775e+02	3.00000000000000e-02	0.00000000000000e+00	0.00000000000000e+00	5.38771683726990e+01	7.13658924973675e+00
47	65	53	59	5.19100000000000e+01	3.76991118430775e+02	3.00000000000000e-02	0.00000000000000e+00	0.00000000000000e+00	5.18374899912234e+01	4.65939115501079e-02
48	66	54	60	3.75200000000000e+01	3.76991118430775e+02	3.00000000000000e-02	0.00000000000000e+00	0.00000000000000e+00	5.11186314102606e+01	-1.03091637824374e+01
49	67	55	61	5.31400000000000e+01	3.76991118430775e+02	3.00000000000000e-02	0.00000000000000e+00	0.00000000000000e+00	5.46024528967810e+01	-9.04962208652342e-01
50	68	56	62	9.03600000000000e+01	3.76991118430775e+02	3.00000000000000e-02	0.00000000000000e+00	0.00000000000000e+00	6.07295309482013e+01	1.32457201760048e+01
51	69	57	63	1.27580000000000e+02	3.76991118430775e+02	3.00000000000000e-02	0.00000000000000e+00	0.00000000000000e+00	6.16939284290773e+01	2.42186032486549e+01
52	70	58	64	1.27580000000000e+02	3.76991118430775e+02	3.00000000000000e-02	0.00000000000000e+00	0.00000000000000e+00	6.24522490935743e+01	2.38113789527362e+01
53	71	59	65	1.27570000000000e+02	3.76991118430775e+02	3.00000000000000e-02	0.00000000000000e+00	0.00000000000000e+00	6.10247170719221e+01	2.45795417849008e+01
54	72	60	66	8.66600000000000e+01	3.76991118430775e+02	3.00000000000000e-02	0.00000000000000e+00	0.00000000000000e+00	5.62491479322650e+01	1.44067174404270e+01
55	73	61	67	6.79300000000000e+01	3.76991118430775e+02	3.00000000000000e-02	0.00000000000000e+00	0.00000000000000e+00	5.15243675953470e+01	9.21409700819611e+00
56	74	62	68	4.92000000000000e+01	3.76991118430775e+02	3.00000000000000e-02	0.00000000000000e+00	0.00000000000000e+00	5.00381629009205e+01	-5.63078293834115e-01
57	75	63	69	5.01000000000000e+01	3.76991118430775e+02	3.00000000000000e-02	0.00000000000000e+00	0.00000000000000e+00	5.36143659779244e+01	-2.25986820168883e+00
58	76	64	70	5.97800000000000e+01	3.76991118430775e+02	3.00000000000000e-02	0.00000000000000e+00	0.00000000000000e+00	5.50715692489805e+01	2.73458528182629e+00
59	77	65	71	8.63000000000000e+01	3.76991118430775e+02	3.00000000000000e-02	0.00000000000000e+00	0.00000000000000e+00	5.58644311622476e+01	1.44967238168566e+01
60	78	66	72	6.61500000000000e+01	3.76991118430775e+02	3.00000000000000e-02	0.00000000000000e+00	0.00000000000000e+00	5.85377317596089e+01	4.07511189647837e+00
61	79	67	73	6.74100000000000e+01	3.76991118430775e+02	3.00000000000000e-02	0.00000000000000e+00	0.00000000000000e+00	6.30589723309388e+01	2.22410058559639e+00
62	80	68	74	5.76500000000000e+01	3.76991118430775e+02	3.00000000000000e-02	0.00000000000000e+00	0.00000000000000e+00	6.35678914451511e+01	-3.25727482197511e+00
63	81	69	75	4.78800000000000e+01	3.76991118430775e+02	3.00000000000000e-02	0.00000000000000e+00	0.00000000000000e+00	5.75269751401065e+01	-6.11853633255097e+00
64	82	70	76	5.02900000000000e+01	3.76991118430775e+02	3.00000000000000e-02	0.00000000000000e+00	0.00000000000000e+00	5.26356095623590e+01	-1.51955427948055e+00
65	83	71	77	4.12500000000000e+01	3.76991118430775e+02	3.00000000000000e-02	0.00000000000000e+00	0.00000000000000e+00	4.45934116924369e+01	-2.59783384777169e+00
66	84	72	78	3.73600000000000e+01	3.76991118430775e+02	3.00000000000000e-02	0.00000000000000e+00	0.00000000000000e+00	3.71431188300756e+01	1.94069533337841e-01
67	85	73	79	2.69100000000000e+01	3.76991118430775e+02	3.00000000000000e-02	0.00000000000000e+00	0.00000000000000e+00	3.39020699654266e+01	-7.69927029034948e+00
68	86	74	80	3.50600000000000e+01	3.76991118430775e+02	3.00000000000000e-02	0.00000000000000e+00	0.00000000000000e+00	3.50283837671000e+01	3.00727294549959e-02
69	87	75	81	4.32000000000000e+01	3.76991118430775e+02	3.00000000000000e-02	0.00000000000000e+00	0.00000000000000e+00	3.69936338037949e+01	5.16982189222143e+00
70	88	76	82	3.72900000000000e+01	3.76991118430775e+02	3.00000000000000e-02	0.00000000000000e+00	0.00000000000000e+00	4.05099059928460e+01	-2.76071141432888e+00
71	89	77	83	4.31900000000000e+01	3.76991118430775e+02	3.00000000000000e-02	0.00000000000000e+00	0.00000000000000e+00	4.34701408985165e+01	-2.15509976818673e-01
72	90	78	84	4.44800000000000e+01	3.76991118430775e+02	3.00000000000000e-02	0.00000000000000e+00	0.00000000000000e+00	4.35895975862192e+01	6.74037184196467e-01
73	91	79	85	4.49200000000000e+01	3.76991118430775e+02	3.00000000000000e-02	0.00000000000000e+00	0.00000000000000e+00	4.39443341406769e+01	7.31981002499863e-01
74	92	80	86	5.46400000000000e+01	3.76991118430775e+02	3.00000000000000e-02	0.00000000000000e+00	0.00000000000000e+00	4.61874501150447e+01	5.60193655359519e+00
75	93	81	87	5.92300000000000e+01	3.76991118430775e+02	3.00000000000000e-02	0.00000000000000e+00	0.00000000000000e+00	5.00177130183672e+01	5.63503224095907e+00
76	94	82	88	5.44400000000000e+01	3.76991118430775e+02	3.00000000000000e-02	0.00000000000000e+00	0.00000000000000e+00	5.10435835075039e+01	2.14731104749347e+00
77	95	83	89	4.72900000000000e+01	3.76991118430775e+02	3.00000000000000e-02	0.00000000000000e+00	0.00000000000000e+00	4.77048745628089e+01	-2.91157603656137e-01
78	96	84	90	3.75800000000000e+01	3.76991118430775e+02	3.00000000000000e-02	0.00000000000000e+00	0.00000000000000e+00	4.45909568013019e+01	-5.70196940596652e+00
79	97	85	91	5.40100000000000e+01	3.76991118430775e+02	3.00000000000000e-02	0.00000000000000e+00	0.00000000000000e+00	4.84639038574793e+01	3.61166480381354e+00
80	98	86	92	5.92700000000000e+01	3.76991118430775e+02	3.00000000000000e-02	0.00000000000000e+00	0.00000000000000e+00	4.83511673622004e+01	6.78709700653443e+00
81	99	87	93	5.41300000000000e+01	3.76991118430775e+02	3.00000000000000e-02	0.00000000000000e+00	0.00000000000000e+00	4.67175572209196e+01	4.90895030556629e+00
82	100	88	94	5.54200000000000e+01	3.76991118430775e+02	3.00000000000000e-02	0.00000000000000e+00	0.00000000000000e+00	4.64749107125127e+01	5.86759756743622e+00
83	101	89	95	5.56200000000000e+01	3.76991118430775e+02	3.00000000000000e-02	0.00000000000000e+00	0.00000000000000e+00	4.89731911075414e+01	4.24232735581163e+00
84	102	90	96	6.51700000000000e+01	3.76991118430775e+02	3.00000000000000e-02	0.00000000000000e+00	0.00000000000000e+00	5.34269284208937e+01	6.62281146461684e+00
85	103	91	97	6.65500000000000e+01	3.76991118430775e+02	3.00000000000000e-02	0.00000000000000e+00	0.00000000000000e+00	5.48406790268429e+01	6.45071027536034e+00
86	104	92	98	6.57900000000000e+01	3.76991118430775e+02	3.00000000000000e-02	0.00000000000000e+00	0.00000000000000e+00	5.83169302266809e+01	4.01918004998617e+00
87	105	93	99	6.77300000000000e+01	3.76991118430775e+02	3.00000000000000e-02	0.00000000000000e+00	0.00000000000000e+00	6.32338305900101e+01	2.28965870490250e+00
88	106	94	100	5.47500000000000e+01	3.76991118430775e+02	3.00000000000000e-02	0.00000000000000e+00	0.00000000000000e+00	6.48638182293241e+01	-5.65041997445895e+00
89	107	95	101	5.73600000000000e+01	3.76991118430775e+02	3.00000000000000e-02	0.00000000000000e+00	0.00000000000000e+00	5.88197916474293e+01	-8.37706487399241e-01
90	108	96	102	5.57200000000000e+01	3.76991118430775e+02	3.00000000000000e-02	0.00000000000000e+00	0.00000000000000e+00	5.77654272805463e+01	-1.20171012906972e+00
91	109	97	103	5.72500000000000e+01	3.76991118430775e+02	3.00000000000000e-02	0.00000000000000e+00	0.00000000000000e+00	5.87134893194309e+01	-8.41395300398151e-01
92	110	98	104	4.39200000000000e+01	3.76991118430775e+02	3.00000000000000e-02	0.00000000000000e+00	0.00000000000000e+00	4.67269287282857e+01	-2.06502778607987e+00
93	111	99	105	3.05800000000000e+01	3.76991118430775e+02	3.00000000000000e-02	0.00000000000000e+00	0.00000000000000e+00	3.76284098143290e+01	-6.91377149187561e+00
94	112	100	106	4.26100000000000e+01	3.76991118430775e+02	3.00000000000000e-02	0.00000000000000e+00	0.00000000000000e+00	3.88882330425466e+01	3.04657517090066e+00
95	113	101	107	4.98400000000000e+01	3.76991118430775e+02	3.00000000000000e-02	0.00000000000000e+00	0.00000000000000e+00	4.33502643081066e+01	4.65016913994723e+00
96	114	102	108	5.25900000000000e+01	3.76991118430775e+02	3.00000000000000e-02	0.00000000000000e+00	0.00000000000000e+00	4.77203275343540e+01	3.23895089082131e+00
97	115	103	109	6.16500000000000e+01	3.76991118430775e+02	3.00000000000000e-02	0.00000000000000e+00	0.00000000000000e+00	5.07126657504532e+01	6.50991775497488e+00
98	116	104	110	6.41400000000000e+01	3.76991118430775e+02	3.00000000000000e-02	0.00000000000000e+00	0.00000000000000e+00	5.67825503261525e+01	4.06130427683632e+00
99	117	105	111	7.11900000000000e+01	3.76991118430775e+02	3.00000000000000e-02	0.00000000000000e+00	0.00000000000000e+00	6.57889861617514e+01	2.62999727849034e+00
100	118	106	112	7.41000000000000e+01	3.76991118430775e+02	3.00000000000000e-02	0.00000000000000e+00	0.00000000000000e+00	7.35463381238196e+01	2.49995802318992e-01
101	119	107	113	7.80600000000000e+01	3.76991118430775e+02	3.00000000000000e-02	0.00000000000000e+00	0.00000000000000e+00	7.42274880724636e+01	1.67810736615260e+00
102	120	108	114	7.81100000000000e+01	3.76991118430775e+02	3.00000000000000e-02	0.00000000000000e+00	0.00000000000000e+00	7.59477137693619e+01	9.35765427312596e-01
103	121	109	115	7.31700000000000e+01	3.76991118430775e+02	3.00000000000000e-02	0.00000000000000e+00	0.00000000000000e+00	7.31232561259634e+01	2.13014492785213e-02
104	122	110	116	5.76900000000000e+01	3.76991118430775e+02	3.00000000000000e-02	0.00000000000000e+00	0.00000000000000e+00	5.90711165454572e+01	-7.88607831493001e-01
105	123	111	117	4.65500000000000e+01	3.76991118430775e+02	3.00000000000000e-02	0.00000000000000e+00	0.00000000000000e+00	4.46458541507461e+01	1.39218509595128e+00
106	124	112	118	3.54100000000000e+01	3.76991118430775e+02	3.00000000000000e-02	0.00000000000000e+00	0.00000000000000e+00	4.01168872062512e+01	-4.16010356258059e+00
107	125	113	119	2.71100000000000e+01	3.76991118430775e+02	3.00000000000000e-02	0.00000000000000e+00	0.00000000000000e+00	3.51608899253048e+01	-8.66772399057242e+00
108	126	114	120	3.08700000000000e+01	3.76991118430775e+02	3.00000000000000e-02	0.00000000000000e+00	0.00000000000000e+00	3.34591193657234e+01	-2.68465125607407e+00
109	127	115	121	4.15800000000000e+01	3.76991118430775e+02	3.00000000000000e-02	0.00000000000000e+00	0.00000000000000e+00	4.18003924699012e+01	-1.76214876295007e-01
110	128	116	122	5.22900000000000e+01	3.76991118430775e+02	3.00000000000000e-02	0.00000000000000e+00	0.00000000000000e+00	4.65373301337445e+01	3.88501197006648e+00
111	129	117	123	6.99600000000000e+01	3.76991118430775e+02	3.00000000000000e-02	0.00000000000000e+00	0.00000000000000e+00	5.13031917463829e+01	1.03390227543558e+01
112	130	118	124	5.36500000000000e+01	3.76991118430775e+02	3.00000000000000e-02	0.00000000000000e+00	0.00000000000000e+00	5.23070515800585e+01	8.45009254929267e-01
113	131	119	125	5.63500000000000e+01	3.76991118430775e+02	3.00000000000000e-02	0.00000000000000e+00	0.00000000000000e+00	5.90629759806453e+01	-1.56740078890879e+00
114	132	120	126	5.90500000000000e+01	3.76991118430775e+02	3.00000000000000e-02	0.00000000000000e+00	0.00000000000000e+00	6.00262484288232e+01	-5.46579924289355e-01
115	133	121	127	5.02700000000000e+01	3.76991118430775e+02	3.00000000000000e-02	0.00000000000000e+00	0.00000000000000e+00	5.44666497355975e+01	-2.67267017337725e+00
116	134	122	128	5.16300000000000e+01	3.76991118430775e+02	3.00000000000000e-02	0.00000000000000e+00	0.00000000000000e+00	4.63526073002025e+01	3.59417853434163e+00
117	135	123	129	3.83900000000000e+01	3.76991118430775e+02	3.00000000000000e-02	0.00000000000000e+00	0.00000000000000e+00	4.06105493041576e+01	-1.87436196404892e+00
118	136	124	130	4.35000000000000e+01	3.76991118430775e+02	3.00000000000000e-02	0.00000000000000e+00	0.00000000000000e+00	4.22906909800742e+01	9.39798255157124e-01
119	137	125	131	3.39000000000000e+01	3.76991118430775e+02	3.00000000000000e-02	0.00000000000000e+00	0.00000000000000e+00	4.16283027245186e+01	-6.84550918332520e+00
120	138	126	132	4.93500000000000e+01	3.76991118430775e+02	3.00000000000000e-02	0.00000000000000e+00	0.00000000000000e+00	4.66846362263579e+01	1.85075480207522e+00
121	139	127	133	4.71500000000000e+01	3.76991118430775e+02	3.00000000000000e-02	0.00000000000000e+00	0.00000000000000e+00	5.60249797207244e+01	-5.74878828797104e+00
122	140	128	134	5.82100000000000e+01	3.76991118430775e+02	3.00000000000000e-02	0.00000000000000e+00	0.00000000000000e+00	6.70878520067026e+01	-4.73152743948407e+00
123	141	129	135	7.71200000000000e+01	3.76991118430775e+02	3.00000000000000e-02	0.00000000000000e+00	0.00000000000000e+00	7.73538052517523e+01	-1.00904024864719e-01
124	142	130	136	8.38800000000000e+01	3.76991118430775e+02	3.00000000000000e-02	0.00000000000000e+00	0.00000000000000e+00	7.98928448785297e+01	1.62336360761636e+00
125	143	131	137	7.93300000000000e+01	3.76991118430775e+02	3.00000000000000e-02	0.00000000000000e+00	0.00000000000000e+00	7.96648083417932e+01	-1.40385647459536e-01
126	144	132	138	8.66900000000000e+01	3.76991118430775e+02	3.00000000000000e-02	0.00000000000000e+00	0.00000000000000e+00	7.89360883234874e+01	3.12333401336700e+00
127	145	133	139	8.04500000000000e+01	3.76991118430775e+02	3.00000000000000e-02	0.00000000000000e+00	0.00000000000000e+00	7.87117091514692e+01	7.28131565982082e-01
128	146	134	140	7.90600000000000e+01	3.76991118430775e+02	3.00000000000000e-02	0.00000000000000e+00	0.00000000000000e+00	7.25966211438425e+01	2.84295592797553e+00
129	147	135	141	6.31400000000000e+01	3.76991118430775e+02	3.00000000000000e-02	0.00000000000000e+00	0.00000000000000e+00	6.76898972795449e+01	-2.31941526255056e+00
130	148	136	142	7.83800000000000e+01	3.76991118430775e+02	3.00000000000000e-02	0.00000000000000e+00	0.00000000000000e+00	7.35271034211422e+01	2.13049001655354e+00
131	149	137	143	8.85100000000000e+01	3.76991118430775e+02	3.00000000000000e-02	0.00000000000000e+00	0.00000000000000e+00	8.75209769517844e+01	3.74567958587324e-01
132	150	138	144	8.80100000000000e+01	3.76991118430775e+02	3.00000000000000e-02	0.00000000000000e+00	0.00000000000000e+00	8.55429665689151e+01	9.47722056688131e-01
133	151	139	145	8.99300000000000e+01	3.76991118430775e+02	3.00000000000000e-02	0.00000000000000e+00	0.00000000000000e+00	8.67781264290778e+01	1.18923332274579e+00
134	152	140	146	9.77900000000000e+01	3.76991118430775e+02	3.00000000000000e-02	0.00000000000000e+00	0.00000000000000e+00	9.70593813235680e+01	2.49978417739734e-01
135	153	141	147	1.18000000000000e+02	3.76991118430775e+02	3.00000000000000e-02	0.00000000000000e+00	0.00000000000000e+00	1.18679595088791e+02	-1.91425305379145e-01
136	154	142	148	1.24530000000000e+02	3.76991118430775e+02	3.00000000000000e-02	0.00000000000000e+00	0.00000000000000e+00	1.23372400061188e+02	3.11307555566949e-01
137	155	143	149	1.02030000000000e+02	3.76991118430775e+02	3.00000000000000e-02	0.00000000000000e+00	0.00000000000000e+00	9.94123850580803e+01	8.66339453885671e-01
138	156	144	150	1.00330000000000e+02	3.76991118430775e+02	3.00000000000000e-02	0.00000000000000e+00	0.00000000000000e+00	9.53420493587495e+01	1.69979360416426e+00
139	157	145	151	8.95700000000000e+01	3.76991118430775e+02	3.00000000000000e-02	0.00000000000000e+00	0.00000000000000e+00	8.47943636517613e+01	1.82637894229911e+00
140	158	146	152	7.91900000000000e+01	3.76991118430775e+02	3.00000000000000e-02	0.00000000000000e+00	0.00000000000000e+00	7.88834568544620e+01	1.29283155611345e-01
141	159	147	153	8.33100000000000e+01	3.76991118430775e+02	3.00000000000000e-02	0.00000000000000e+00	0.00000000000000e+00	7.54104553508697e+01	3.32075531517099e+00
142	160	148	154	8.74200000000000e+01	3.76991118430775e+02	3.00000000000000e-02	0.00000000000000e+00	0.00000000000000e+00	8.87883920799738e+01	-5.17727739942024e-01
143	161	149	155	1.09760000000000e+02	3.76991118430775e+02	3.00000000000000e-02	0.00000000000000e+00	0.00000000000000e+00	1.06922251875480e+02	8.73140387221276e-01
144	162	150	156	9.47900000000000e+01	3.76991118430775e+02	3.00000000000000e-02	0.00000000000000e+00	0.00000000000000e+00	9.18184534144554e+01	1.06168744843907e+00
145	163	151	157	8.66500000000000e+01	3.76991118430775e+02	3.00000000000000e-02	0.00000000000000e+00	0.00000000000000e+00	8.35968233772854e+01	1.19571648907527e+00
146	164	152	158	9.47900000000000e+01	3.76991118430775e+02	3.00000000000000e-02	0.00000000000000e+00	0.00000000000000e+00	8.52406921949022e+01	3.53949969088845e+00
147	165	153	159	1.09690000000000e+02	3.76991118430775e+02	3.00000000000000e-02	0.00000000000000e+00	0.00000000000000e+00	1.03324481244585e+02	1.99279552188768e+00
148	166	154	160	8.54500000000000e+01	3.76991118430775e+02	3.00000000000000e-02	0.00000000000000e+00	0.00000000000000e+00	9.81696083274609e+01	-4.62550901324275e+00
149	167	155	161	6.14400000000000e+01	3.76991118430775e+02	3.00000000000000e-02	0.00000000000000e+00	0.00000000000000e+00	7.84515610730832e+01	-8.14734296991506e+00
1	21	8	15	4.44300000000000e+01	4.39822971502571e+02	3.00000000000000e-02	0.00000000000000e+00	0.00000000000000e+00	5.57117261988015e+01	-7.54252440145917e+00
4	23	10	16	3.16100000000000e+01	4.39822971502571e+02	3.00000000000000e-02	0.00000000000000e+00	0.00000000000000e+00	4.08357929905104e+01	-8.53618165924320e+00
2	24	11	18	2.48700000000000e+01	4.39822971502571e+02	3.00000000000000e-02	0.00000000000000e+00	0.00000000000000e+00	3.91913484402906e+01	-1.51597920522930e+01
5	25	12	19	1.81300000000000e+01	4.39822971502571e+02	3.00000000000000e-02	0.00000000000000e+00	0.00000000000000e+00	3.92092464810125e+01	-2.57114857944033e+01
6	26	13	17	3.45200000000000e+01	4.39822971502571e+02	3.00000000000000e-02	0.00000000000000e+00	0.00000000000000e+00	3.62721056363789e+01	-1.65033799617400e+00
7	27	14	20	5.09200000000000e+01	4.39822971502571e+02	3.00000000000000e-02	0.00000000000000e+00	0.00000000000000e+00	3.45096380298271e+01	1.29672375161042e+01
8	28	15	21	4.88000000000000e+01	4.39822971502571e+02	3.00000000000000e-02	0.00000000000000e+00	0.00000000000000e+00	3.42782916431282e+01	1.17739351917557e+01
10	30	16	23	4.66700000000000e+01	4.39822971502571e+02	3.00000000000000e-02	0.00000000000000e+00	0.00000000000000e+00	3.32052032443844e+01	1.13464990696931e+01
11	31	18	24	3.46200000000000e+01	4.39822971502571e+02	3.00000000000000e-02	0.00000000000000e+00	0.00000000000000e+00	3.22878884437537e+01	2.32464535400651e+00
12	32	19	25	2.48700000000000e+01	4.39822971502571e+02	3.00000000000000e-02	0.00000000000000e+00	0.00000000000000e+00	3.59260214883074e+01	-1.22599869219355e+01
13	33	17	26	4.70000000000000e+01	4.39822971502571e+02	3.00000000000000e-02	0.00000000000000e+00	0.00000000000000e+00	3.97245442192924e+01	5.60594542501317e+00
14	34	20	27	6.91400000000000e+01	4.39822971502571e+02	3.00000000000000e-02	0.00000000000000e+00	0.00000000000000e+00	4.04698609959408e+01	1.78525303451617e+01
15	35	21	28	5.58900000000000e+01	4.39822971502571e+02	3.00000000000000e-02	0.00000000000000e+00	0.00000000000000e+00	4.00954652361999e+01	1.10707410580962e+01
16	37	23	30	4.14700000000000e+01	4.39822971502571e+02	3.00000000000000e-02	0.00000000000000e+00	0.00000000000000e+00	3.25440316470330e+01	8.07920939847608e+00
18	38	24	31	3.19900000000000e+01	4.39822971502571e+02	3.00000000000000e-02	0.00000000000000e+00	0.00000000000000e+00	2.84964057259148e+01	3.85484631733852e+00
19	39	25	32	2.25000000000000e+01	4.39822971502571e+02	3.00000000000000e-02	0.00000000000000e+00	0.00000000000000e+00	2.58588729318344e+01	-4.63794932426011e+00
17	40	26	33	1.54900000000000e+01	4.39822971502571e+02	3.00000000000000e-02	0.00000000000000e+00	0.00000000000000e+00	2.25676350685239e+01	-1.25440716277908e+01
20	41	27	34	1.31500000000000e+01	4.39822971502571e+02	3.00000000000000e-02	0.00000000000000e+00	0.00000000000000e+00	1.93107370253738e+01	-1.28079835051756e+01
21	42	28	35	1.56200000000000e+01	4.39822971502571e+02	3.00000000000000e-02	0.00000000000000e+00	0.00000000000000e+00	1.81026885796918e+01	-4.91694410478942e+00
22	43	29	36	1.80800000000000e+01	4.39822971502571e+02	3.00000000000000e-02	0.00000000000000e+00	0.00000000000000e+00	2.01145506141132e+01	-3.55457031178728e+00
23	44	30	37	1.45100000000000e+01	4.39822971502571e+02	3.00000000000000e-02	0.00000000000000e+00	0.00000000000000e+00	2.40081574725627e+01	-1.67851866796949e+01
24	45	31	38	2.14900000000000e+01	4.39822971502571e+02	3.00000000000000e-02	0.00000000000000e+00	0.00000000000000e+00	2.47629538152594e+01	-4.72536759721591e+00
25	46	32	39	2.84600000000000e+01	4.39822971502571e+02	3.00000000000000e-02	0.00000000000000e+00	0.00000000000000e+00	2.37874926325954e+01	5.97798899189899e+00
26	47	33	40	2.09600000000000e+01	4.39822971502571e+02	3.00000000000000e-02	0.00000000000000e+00	0.00000000000000e+00	2.46943540913793e+01	-5.46529262521589e+00
27	48	34	41	1.97200000000000e+01	4.39822971502571e+02	3.00000000000000e-02	0.00000000000000e+00	0.00000000000000e+00	2.80806959179767e+01	-1.17816337693249e+01
28	49	35	42	2.42400000000000e+01	4.39822971502571e+02	3.00000000000000e-02	0.00000000000000e+00	0.00000000000000e+00	3.07266732211207e+01	-7.90423169126524e+00
29	50	36	43	3.58600000000000e+01	4.39822971502571e+02	3.00000000000000e-02	0.00000000000000e+00	0.00000000000000e+00	3.70102505557507e+01	-1.05241493818310e+00
30	51	37	44	4.74900000000000e+01	4.39822971502571e+02	3.00000000000000e-02	0.00000000000000e+00	0.00000000000000e+00	3.81788740370331e+01	7.27456118696329e+00
31	52	38	45	4.18200000000000e+01	4.39822971502571e+02	3.00000000000000e-02	0.00000000000000e+00	0.00000000000000e+00	4.12784731026555e+01	4.34452076784793e-01
32	53	39	46	3.61600000000000e+01	4.39822971502571e+02	3.00000000000000e-02	0.00000000000000e+00	0.00000000000000e+00	4.06618531852372e+01	-3.91122830793734e+00
33	54	40	47	2.99800000000000e+01	4.39822971502571e+02	3.00000000000000e-02	0.00000000000000e+00	0.00000000000000e+00	3.73083472719117e+01	-7.28955321297861e+00
34	55	41	48	2.38000000000000e+01	4.39822971502571e+02	3.00000000000000e-02	0.00000000000000e+00	0.00000000000000e+00	3.47206345460976e+01	-1.25882861681665e+01
35	56	42	49	1.82800000000000e+01	4.39822971502571e+02	3.00000000000000e-02	0.00000000000000e+00	0.00000000000000e+00	3.32580865648940e+01	-1.99496792155182e+01
36	57	43	50	2.02300000000000e+01	4.39822971502571e+02	3.00000000000000e-02	0.00000000000000e+00	0.00000000000000e+00	3.43455333361101e+01	-1.76435108383436e+01
37	58	44	51	2.21800000000000e+01	4.39822971502571e+02	3.00000000000000e-02	0.00000000000000e+00	0.00000000000000e+00	3.61011808850793e+01	-1.62378198126549e+01
38	59	45	52	3.16000000000000e+01	4.39822971502571e+02	3.00000000000000e-02	0.00000000000000e+00	0.00000000000000e+00	3.55179159649024e+01	-3.89600412168482e+00
39	60	46	53	2.62200000000000e+01	4.39822971502571e+02	3.00000000000000e-02	0.00000000000000e+00	0.00000000000000e+00	3.70387524137598e+01	-1.15147416247085e+01
40	61	47	54	3.46200000000000e+01	4.39822971502571e+02	3.00000000000000e-02	0.00000000000000e+00	0.00000000000000e+00	4.10202273437827e+01	-5.65445817158598e+00
41	62	48	55	4.30100000000000e+01	4.39822971502571e+02	3.00000000000000e-02	0.00000000000000e+00	0.00000000000000e+00	4.40578830928002e+01	-8.02388247144122e-01
42	63	49	56	4.00100000000000e+01	4.39822971502571e+02	3.00000000000000e-02	0.00000000000000e+00	0.00000000000000e+00	4.55011606150260e+01	-4.28694702616624e+00
43	64	50	57	3.70100000000000e+01	4.39822971502571e+02	3.00000000000000e-02	0.00000000000000e+00	0.00000000000000e+00	5.13493327415967e+01	-1.09154598523562e+01
44	65	51	58	4.25500000000000e+01	4.39822971502571e+02	3.00000000000000e-02	0.00000000000000e+00	0.00000000000000e+00	5.38327874597157e+01	-7.84009529522020e+00
45	66	52	59	5.78000000000000e+01	4.39822971502571e+02	3.00000000000000e-02	0.00000000000000e+00	0.00000000000000e+00	5.67668912989838e+01	6.01183985635364e-01
46	67	53	60	7.30400000000000e+01	4.39822971502571e+02	3.00000000000000e-02	0.00000000000000e+00	0.00000000000000e+00	5.78400817971552e+01	7.77750814133974e+00
47	68	54	61	5.60900000000000e+01	4.39822971502571e+02	3.00000000000000e-02	0.00000000000000e+00	0.00000000000000e+00	5.70869705416014e+01	-5.87278681373663e-01
48	69	55	62	3.91400000000000e+01	4.39822971502571e+02	3.00000000000000e-02	0.00000000000000e+00	0.00000000000000e+00	5.88485145031569e+01	-1.35940543110792e+01
49	70	56	63	6.65000000000000e+01	4.39822971502571e+02	3.00000000000000e-02	0.00000000000000e+00	0.00000000000000e+00	6.07979155021172e+01	2.98821479273554e+00
50	71	57	64	9.38600000000000e+01	4.39822971502571e+02	3.00000000000000e-02	0.00000000000000e+00	0.00000000000000e+00	6.22926396273039e+01	1.36653678525477e+01
51	72	58	65	1.37690000000000e+02	4.39822971502571e+02	3.00000000000000e-02	0.00000000000000e+00	0.00000000000000e+00	6.21751627929170e+01	2.65016391156133e+01
52	73	59	66	1.11710000000000e+02	4.39822971502571e+02	3.00000000000000e-02	0.00000000000000e+00	0.00000000000000e+00	5.93648825054143e+01	2.10734459885492e+01
53	74	60	67	8.22300000000000e+01	4.39822971502571e+02	3.00000000000000e-02	0.00000000000000e+00	0.00000000000000e+00	5.75776388563045e+01	1.18795306985302e+01
54	75	61	68	6.98500000000000e+01	4.39822971502571e+02	3.00000000000000e-02	0.00000000000000e+00	0.00000000000000e+00	5.83225897889916e+01	6.01201974852440e+00
55	76	62	69	5.74700000000000e+01	4.39822971502571e+02	3.00000000000000e-02	0.00000000000000e+00	0.00000000000000e+00	5.92764745947753e+01	-1.03164787670732e+00
56	77	63	70	6.17500000000000e+01	4.39822971502571e+02	3.00000000000000e-02	0.00000000000000e+00	0.00000000000000e+00	5.71317997899960e+01	2.59110332849133e+00
57	78	64	71	6.27700000000000e+01	4.39822971502571e+02	3.00000000000000e-02	0.00000000000000e+00	0.00000000000000e+00	5.82269320599388e+01	2.50430848190396e+00
58	79	65	72	6.99200000000000e+01	4.39822971502571e+02	3.00000000000000e-02	0.00000000000000e+00	0.00000000000000e+00	5.88498909645010e+01	5.74539168041488e+00
59	80	66	73	6.54800000000000e+01	4.39822971502571e+02	3.00000000000000e-02	0.00000000000000e+00	0.00000000000000e+00	5.93195959456002e+01	3.29350155642247e+00
60	81	67	74	5.69300000000000e+01	4.39822971502571e+02	3.00000000000000e-02	0.00000000000000e+00	0.00000000000000e+00	5.98787569121788e+01	-1.68331189077664e+00
61	82	68	75	5.63300000000000e+01	4.39822971502571e+02	3.00000000000000e-02	0.00000000000000e+00	0.00000000000000e+00	5.90727661571113e+01	-1.58475852585832e+00
62	83	69	76	4.91700000000000e+01	4.39822971502571e+02	3.00000000000000e-02	0.00000000000000e+00	0.00000000000000e+00	5.36855159101764e+01	-2.92865204554249e+00
63	84	70	77	4.46400000000000e+01	4.39822971502571e+02	3.00000000000000e-02	0.00000000000000e+00	0.00000000000000e+00	5.06855775160200e+01	-4.23370283053285e+00
64	85	71	78	4.65100000000000e+01	4.39822971502571e+02	3.00000000000000e-02	0.00000000000000e+00	0.00000000000000e+00	4.60818493763956e+01	3.08273120578528e-01
65	86	72	79	4.16600000000000e+01	4.39822971502571e+02	3.00000000000000e-02	0.00000000000000e+00	0.00000000000000e+00	4.11888695570193e+01	3.79112411972704e-01
66	87	73	80	3.52000000000000e+01	4.39822971502571e+02	3.00000000000000e-02	0.00000000000000e+00	0.00000000000000e+00	3.77529132878039e+01	-2.33388544333811e+00
67	88	74	81	3.41100000000000e+01	4.39822971502571e+02	3.00000000000000e-02	0.00000000000000e+00	0.00000000000000e+00	3.85959179307971e+01	-4.11853071199400e+00
68	89	75	82	3.91300000000000e+01	4.39822971502571e+02	3.00000000000000e-02	0.00000000000000e+00	0.00000000000000e+00	4.09916001279141e+01	-1.54925781877755e+00
69	90	76	83	4.46200000000000e+01	4.39822971502571e+02	3.00000000000000e-02	0.00000000000000e+00	0.00000000000000e+00	4.51936738670797e+01	-4.25830978191340e-01
70	91	77	84	4.52800000000000e+01	4.39822971502571e+02	3.00000000000000e-02	0.00000000000000e+00	0.00000000000000e+00	4.58035584617181e+01	-3.83211662591979e-01
71	92	78	85	4.45100000000000e+01	4.39822971502571e+02	3.00000000000000e-02	0.00000000000000e+00	0.00000000000000e+00	4.56588977818805e+01	-8.49487269842560e-01
72	93	79	86	4.60900000000000e+01	4.39822971502571e+02	3.00000000000000e-02	0.00000000000000e+00	0.00000000000000e+00	4.91459899796843e+01	-2.13997497134497e+00
73	94	80	87	5.35000000000000e+01	4.39822971502571e+02	3.00000000000000e-02	0.00000000000000e+00	0.00000000000000e+00	5.49819820159208e+01	-9.10795931582357e-01
74	95	81	88	6.99300000000000e+01	4.39822971502571e+02	3.00000000000000e-02	0.00000000000000e+00	0.00000000000000e+00	5.47134216930332e+01	8.17952310754242e+00
75	96	82	89	5.08300000000000e+01	4.39822971502571e+02	3.00000000000000e-02	0.00000000000000e+00	0.00000000000000e+00	5.22638745132940e+01	-9.27288835354823e-01
76	97	83	90	4.35600000000000e+01	4.39822971502571e+02	3.00000000000000e-02	0.00000000000000e+00	0.00000000000000e+00	4.95144235604266e+01	-4.27082380415422e+00
77	98	84	91	3.62800000000000e+01	4.39822971502571e+02	3.00000000000000e-02	0.00000000000000e+00	0.00000000000000e+00	5.05538647603537e+01	-1.10590923835942e+01
78	99	85	92	4.95400000000000e+01	4.39822971502571e+02	3.00000000000000e-02	0.00000000000000e+00	0.00000000000000e+00	5.18369395304588e+01	-1.51075298015928e+00
79	100	86	93	5.22700000000000e+01	4.39822971502571e+02	3.00000000000000e-02	0.00000000000000e+00	0.00000000000000e+00	5.17132936157206e+01	3.56923812159623e-01
80	101	87	94	5.15300000000000e+01	4.39822971502571e+02	3.00000000000000e-02	0.00000000000000e+00	0.00000000000000e+00	5.06264453068201e+01	5.89669601681061e-01
81	102	88	95	5.77400000000000e+01	4.39822971502571e+02	3.00000000000000e-02	0.00000000000000e+00	0.00000000000000e+00	5.05996557538602e+01	4.40018004159691e+00
82	103	89	96	4.93200000000000e+01	4.39822971502571e+02	3.00000000000000e-02	0.00000000000000e+00	0.00000000000000e+00	5.07177698538079e+01	-9.31555370227392e-01
83	104	90	97	6.14300000000000e+01	4.39822971502571e+02	3.00000000000000e-02	0.00000000000000e+00	0.00000000000000e+00	5.35727773596967e+01	4.56190870655594e+00
84	105	91	98	6.77100000000000e+01	4.39822971502571e+02	3.00000000000000e-02	0.00000000000000e+00	0.00000000000000e+00	5.48958703406862e+01	6.99319184308240e+00
85	106	92	99	5.78300000000000e+01	4.39822971502571e+02	3.00000000000000e-02	0.00000000000000e+00	0.00000000000000e+00	5.42204878513909e+01	2.14829435040242e+00
86	107	93	100	5.54200000000000e+01	4.39822971502571e+02	3.00000000000000e-02	0.00000000000000e+00	0.00000000000000e+00	5.24152065048826e+01	1.85812632443302e+00
87	108	94	101	5.15200000000000e+01	4.39822971502571e+02	3.00000000000000e-02	0.00000000000000e+00	0.00000000000000e+00	5.40668900914510e+01	-1.60839678676168e+00
88	109	95	102	4.44100000000000e+01	4.39822971502571e+02	3.00000000000000e-02	0.00000000000000e+00	0.00000000000000e+00	5.37308492767405e+01	-6.35075472302473e+00
89	110	96	103	5.97400000000000e+01	4.39822971502571e+02	3.00000000000000e-02	0.00000000000000e+00	0.00000000000000e+00	4.49237406845309e+01	9.50118040062040e+00
90	111	97	104	4.64700000000000e+01	4.39822971502571e+02	3.00000000000000e-02	0.00000000000000e+00	0.00000000000000e+00	3.58638897975671e+01	8.63586696784893e+00
91	112	98	105	3.53900000000000e+01	4.39822971502571e+02	3.00000000000000e-02	0.00000000000000e+00	0.00000000000000e+00	3.52033528829462e+01	1.76265464437068e-01
92	113	99	106	3.46400000000000e+01	4.39822971502571e+02	3.00000000000000e-02	0.00000000000000e+00	0.00000000000000e+00	3.63501745687124e+01	-1.60633075714228e+00
93	114	100	107	3.90700000000000e+01	4.39822971502571e+02	3.00000000000000e-02	0.00000000000000e+00	0.00000000000000e+00	3.94891559491414e+01	-3.55706407196813e-01
94	115	101	108	4.92600000000000e+01	4.39822971502571e+02	3.00000000000000e-02	0.00000000000000e+00	0.00000000000000e+00	4.22123908245806e+01	5.14661977710678e+00
95	116	102	109	4.71300000000000e+01	4.39822971502571e+02	3.00000000000000e-02	0.00000000000000e+00	0.00000000000000e+00	4.36409741147425e+01	2.56377528723926e+00
96	117	103	110	4.74900000000000e+01	4.39822971502571e+02	3.00000000000000e-02	0.00000000000000e+00	0.00000000000000e+00	4.66102421492704e+01	6.23295232281847e-01
97	118	104	111	5.80200000000000e+01	4.39822971502571e+02	3.00000000000000e-02	0.00000000000000e+00	0.00000000000000e+00	5.65507709980939e+01	8.54964743517369e-01
98	119	105	112	7.44800000000000e+01	4.39822971502571e+02	3.00000000000000e-02	0.00000000000000e+00	0.00000000000000e+00	6.93669485378968e+01	2.37067082495859e+00
99	120	106	113	6.08600000000000e+01	4.39822971502571e+02	3.00000000000000e-02	0.00000000000000e+00	0.00000000000000e+00	7.39064796936819e+01	-6.47414538529028e+00
100	121	107	114	6.48000000000000e+01	4.39822971502571e+02	3.00000000000000e-02	0.00000000000000e+00	0.00000000000000e+00	6.79910396420103e+01	-1.60234410550055e+00
101	122	108	115	5.64700000000000e+01	4.39822971502571e+02	3.00000000000000e-02	0.00000000000000e+00	0.00000000000000e+00	6.31258898803252e+01	-3.71404869751591e+00
102	123	109	116	6.32700000000000e+01	4.39822971502571e+02	3.00000000000000e-02	0.00000000000000e+00	0.00000000000000e+00	6.32243599025809e+01	2.40538257646546e-02
103	124	110	117	5.63500000000000e+01	4.39822971502571e+02	3.00000000000000e-02	0.00000000000000e+00	0.00000000000000e+00	5.58959676082194e+01	2.69666624555764e-01
104	125	111	118	3.77600000000000e+01	4.39822971502571e+02	3.00000000000000e-02	0.00000000000000e+00	0.00000000000000e+00	4.44516730416410e+01	-5.43840862354584e+00
105	126	112	119	2.84600000000000e+01	4.39822971502571e+02	3.00000000000000e-02	0.00000000000000e+00	0.00000000000000e+00	3.80652208814655e+01	-9.69338116080110e+00
106	127	113	120	3.56200000000000e+01	4.39822971502571e+02	3.00000000000000e-02	0.00000000000000e+00	0.00000000000000e+00	3.59303409633521e+01	-2.89160429173959e-01
107	128	114	121	4.27900000000000e+01	4.39822971502571e+02	3.00000000000000e-02	0.00000000000000e+00	0.00000000000000e+00	4.18558159764264e+01	7.35789039710966e-01
108	129	115	122	4.45900000000000e+01	4.39822971502571e+02	3.00000000000000e-02	0.00000000000000e+00	0.00000000000000e+00	4.45118449465437e+01	5.84762104135717e-02
109	130	116	123	3.72300000000000e+01	4.39822971502571e+02	3.00000000000000e-02	0.00000000000000e+00	0.00000000000000e+00	3.90289523868320e+01	-1.57296172395539e+00
110	131	117	124	2.98700000000000e+01	4.39822971502571e+02	3.00000000000000e-02	0.00000000000000e+00	0.00000000000000e+00	3.74570701982462e+01	-7.54469500856363e+00
111	132	118	125	3.73400000000000e+01	4.39822971502571e+02	3.00000000000000e-02	0.00000000000000e+00	0.00000000000000e+00	4.18524920477831e+01	-3.80287347294765e+00
112	133	119	126	4.94800000000000e+01	4.39822971502571e+02	3.00000000000000e-02	0.00000000000000e+00	0.00000000000000e+00	4.86258378606392e+01	5.80450488900016e-01
113	134	120	127	4.15000000000000e+01	4.39822971502571e+02	3.00000000000000e-02	0.00000000000000e+00	0.00000000000000e+00	4.68826272128721e+01	-4.06512525640202e+00
114	135	121	128	4.48700000000000e+01	4.39822971502571e+02	3.00000000000000e-02	0.00000000000000e+00	0.00000000000000e+00	4.25420478603029e+01	1.77588239113565e+00
115	136	122	129	4.21700000000000e+01	4.39822971502571e+02	3.00000000000000e-02	0.00000000000000e+00	0.00000000000000e+00	3.72241672903840e+01	4.15836196907800e+00
116	137	123	130	3.96800000000000e+01	4.39822971502571e+02	3.00000000000000e-02	0.00000000000000e+00	0.00000000000000e+00	3.80289553224028e+01	1.41664768942717e+00
117	138	124	131	4.54100000000000e+01	4.39822971502571e+02	3.00000000000000e-02	0.00000000000000e+00	0.00000000000000e+00	4.19374985274757e+01	2.65173218301037e+00
118	139	125	132	4.48700000000000e+01	4.39822971502571e+02	3.00000000000000e-02	0.00000000000000e+00	0.00000000000000e+00	4.45506309653642e+01	2.38103436266564e-01
119	140	126	133	4.63700000000000e+01	4.39822971502571e+02	3.00000000000000e-02	0.00000000000000e+00	0.00000000000000e+00	4.48099780994192e+01	1.14072861161971e+00
120	141	127	134	5.69200000000000e+01	4.39822971502571e+02	3.00000000000000e-02	0.00000000000000e+00	0.00000000000000e+00	5.08781884550647e+01	3.74041530290990e+00
121	142	128	135	5.82600000000000e+01	4.39822971502571e+02	3.00000000000000e-02	0.00000000000000e+00	0.00000000000000e+00	6.32616397843922e+01	-2.74544624523202e+00
122	143	129	136	6.59900000000000e+01	4.39822971502571e+02	3.00000000000000e-02	0.00000000000000e+00	0.00000000000000e+00	7.08659249572112e+01	-2.37621651742087e+00
123	144	130	137	6.56800000000000e+01	4.39822971502571e+02	3.00000000000000e-02	0.00000000000000e+00	0.00000000000000e+00	7.18776083713452e+01	-3.00567745662648e+00
124	145	131	138	7.26600000000000e+01	4.39822971502571e+02	3.00000000000000e-02	0.00000000000000e+00	0.00000000000000e+00	7.14302586631245e+01	5.68981880713733e-01
125	146	132	139	7.16700000000000e+01	4.39822971502571e+02	3.00000000000000e-02	0.00000000000000e+00	0.00000000000000e+00	7.25473135225995e+01	-4.05556643851135e-01
126	147	133	140	7.71100000000000e+01	4.39822971502571e+02	3.00000000000000e-02	0.00000000000000e+00	0.00000000000000e+00	7.21225619157998e+01	2.22886843939077e+00
127	148	134	141	6.47700000000000e+01	4.39822971502571e+02	3.00000000000000e-02	0.00000000000000e+00	0.00000000000000e+00	6.52093940308438e+01	-2.25366852896277e-01
128	149	135	142	7.33700000000000e+01	4.39822971502571e+02	3.00000000000000e-02	0.00000000000000e+00	0.00000000000000e+00	7.17528333458003e+01	7.42926324192498e-01
129	150	136	143	7.51200000000000e+01	4.39822971502571e+02	3.00000000000000e-02	0.00000000000000e+00	0.00000000000000e+00	7.34972419583808e+01	7.27965125368139e-01
130	151	137	144	7.64200000000000e+01	4.39822971502571e+02	3.00000000000000e-02	0.00000000000000e+00	0.00000000000000e+00	7.37425761033042e+01	1.18880382905765e+00
131	152	138	145	7.45500000000000e+01	4.39822971502571e+02	3.00000000000000e-02	0.00000000000000e+00	0.00000000000000e+00	7.90195681436539e+01	-1.94084928683728e+00
132	153	139	146	8.89100000000000e+01	4.39822971502571e+02	3.00000000000000e-02	0.00000000000000e+00	0.00000000000000e+00	8.52797705653729e+01	1.38957840292164e+00
133	154	140	147	9.29300000000000e+01	4.39822971502571e+02	3.00000000000000e-02	0.00000000000000e+00	0.00000000000000e+00	9.05502419463618e+01	8.64722175971888e-01
134	155	141	148	9.69700000000000e+01	4.39822971502571e+02	3.00000000000000e-02	0.00000000000000e+00	0.00000000000000e+00	8.85109915088995e+01	3.04249700579374e+00
135	156	142	149	8.86800000000000e+01	4.39822971502571e+02	3.00000000000000e-02	0.00000000000000e+00	0.00000000000000e+00	8.39005702757322e+01	1.84673247364886e+00
136	157	143	150	8.17400000000000e+01	4.39822971502571e+02	3.00000000000000e-02	0.00000000000000e+00	0.00000000000000e+00	8.09476020645581e+01	3.24714029264920e-01
137	158	144	151	7.03800000000000e+01	4.39822971502571e+02	3.00000000000000e-02	0.00000000000000e+00	0.00000000000000e+00	7.83267204511960e+01	-3.56598900823647e+00
138	159	145	152	6.53200000000000e+01	4.39822971502571e+02	3.00000000000000e-02	0.00000000000000e+00	0.00000000000000e+00	7.50762358213585e+01	-4.64019355962009e+00
139	160	146	153	6.03300000000000e+01	4.39822971502571e+02	3.00000000000000e-02	0.00000000000000e+00	0.00000000000000e+00	7.44988459068945e+01	-7.03180472100768e+00
140	161	147	154	7.87000000000000e+01	4.39822971502571e+02	3.00000000000000e-02	0.00000000000000e+00	0.00000000000000e+00	7.84205068279998e+01	1.18589852864185e-01
141	162	148	155	7.67100000000000e+01	4.39822971502571e+02	3.00000000000000e-02	0.00000000000000e+00	0.00000000000000e+00	7.39559768936178e+01	1.21873562124423e+00
142	163	149	156	7.67300000000000e+01	4.39822971502571e+02	3.00000000000000e-02	0.00000000000000e+00	0.00000000000000e+00	7.58326369841638e+01	3.92133304508343e-01
143	164	150	157	7.78900000000000e+01	4.39822971502571e+02	3.00000000000000e-02	0.00000000000000e+00	0.00000000000000e+00	7.36466493714018e+01	1.86729756656581e+00
144	165	151	158	8.11100000000000e+01	4.39822971502571e+02	3.00000000000000e-02	0.00000000000000e+00	0.00000000000000e+00	7.31893401517341e+01	3.42521580206547e+00
145	166	152	159	6.80300000000000e+01	4.39822971502571e+02	3.00000000000000e-02	0.00000000000000e+00	0.00000000000000e+00	7.23609473107546e+01	-2.05726559066889e+00
146	167	153	160	5.49500000000000e+01	4.39822971502571e+02	3.00000000000000e-02	0.00000000000000e+00	0.00000000000000e+00	7.19855530431071e+01	-9.00139219513383e+00
1	24	9	16	3.79600000000000e+01	5.02654824574367e+02	3.00000000000000e-02	0.00000000000000e+00	0.00000000000000e+00	4.44490030001369e+01	-5.26031860911429e+00
3	25	10	18	2.70600000000000e+01	5.02654824574367e+02	3.00000000000000e-02	0.00000000000000e+00	0.00000000000000e+00	4.05103998428609e+01	-1.34500701549796e+01
4	26	11	19	2.18900000000000e+01	5.02654824574367e+02	3.00000000000000e-02	0.00000000000000e+00	0.00000000000000e+00	3.79664573907111e+01	-1.83557719379300e+01
2	27	12	17	1.67300000000000e+01	5.02654824574367e+02	3.00000000000000e-02	0.00000000000000e+00	0.00000000000000e+00	3.72356152035907e+01	-2.66687395404417e+01
5	28	13	20	2.21200000000000e+01	5.02654824574367e+02	3.00000000000000e-02	0.00000000000000e+00	0.00000000000000e+00	3.59034824238380e+01	-1.61450705861698e+01
6	29	14	21	2.75100000000000e+01	5.02654824574367e+02	3.00000000000000e-02	0.00000000000000e+00	0.00000000000000e+00	3.35581659666350e+01	-6.62435519280198e+00
7	30	15	22	3.34800000000000e+01	5.02654824574367e+02	3.00000000000000e-02	0.00000000000000e+00	0.00000000000000e+00	3.48545372210062e+01	-1.34116919887248e+00
9	32	16	24	3.94500000000000e+01	5.02654824574367e+02	3.00000000000000e-02	0.00000000000000e+00	0.00000000000000e+00	3.71652583190893e+01	1.98865461792323e+00
10	33	18	25	2.91300000000000e+01	5.02654824574367e+02	3.00000000000000e-02	0.00000000000000e+00	0.00000000000000e+00	3.57878491147820e+01	-6.86132848736705e+00
11	34	19	26	2.39400000000000e+01	5.02654824574367e+02	3.00000000000000e-02	0.00000000000000e+00	0.00000000000000e+00	3.39886405722517e+01	-1.16825222615365e+01
12	35	17	27	3.70100000000000e+01	5.02654824574367e+02	3.00000000000000e-02	0.00000000000000e+00	0.00000000000000e+00	3.51861852449398e+01	1.68448684869348e+00
13	36	20	28	5.00900000000000e+01	5.02654824574367e+02	3.00000000000000e-02	0.00000000000000e+00	0.00000000000000e+00	3.85685049399748e+01	8.71284593839240e+00
14	37	21	29	7.25800000000000e+01	5.02654824574367e+02	3.00000000000000e-02	0.00000000000000e+00	0.00000000000000e+00	3.94860909229999e+01	2.02913640140435e+01
15	38	22	30	5.57900000000000e+01	5.02654824574367e+02	3.00000000000000e-02	0.00000000000000e+00	0.00000000000000e+00	3.63402056201924e+01	1.42889973557426e+01
16	40	24	32	3.84900000000000e+01	5.02654824574367e+02	3.00000000000000e-02	0.00000000000000e+00	0.00000000000000e+00	2.96064947595753e+01	8.74682374936434e+00
18	41	25	33	3.20700000000000e+01	5.02654824574367e+02	3.00000000000000e-02	0.00000000000000e+00	0.00000000000000e+00	2.71061616681996e+01	5.60533146111039e+00
19	42	26	34	2.39800000000000e+01	5.02654824574367e+02	3.00000000000000e-02	0.00000000000000e+00	0.00000000000000e+00	2.44222861421248e+01	-6.09197743832057e-01
17	43	27	35	3.20400000000000e+01	5.02654824574367e+02	3.00000000000000e-02	0.00000000000000e+00	0.00000000000000e+00	2.21052843864259e+01	1.23722809917111e+01
20	44	28	36	4.01000000000000e+01	5.02654824574367e+02	3.00000000000000e-02	0.00000000000000e+00	0.00000000000000e+00	2.35292069801571e+01	1.77711278213985e+01
21	45	29	37	3.48900000000000e+01	5.02654824574367e+02	3.00000000000000e-02	0.00000000000000e+00	0.00000000000000e+00	2.58848039301919e+01	9.95147265077434e+00
22	46	30	38	2.46700000000000e+01	5.02654824574367e+02	3.00000000000000e-02	0.00000000000000e+00	0.00000000000000e+00	2.69242374542473e+01	-2.91463236650382e+00
23	47	31	39	2.31500000000000e+01	5.02654824574367e+02	3.00000000000000e-02	0.00000000000000e+00	0.00000000000000e+00	2.69311246975078e+01	-5.04292963862654e+00
24	48	32	40	2.16300000000000e+01	5.02654824574367e+02	3.00000000000000e-02	0.00000000000000e+00	0.00000000000000e+00	2.76787254765780e+01	-8.21942816010284e+00
25	49	33	41	2.89900000000000e+01	5.02654824574367e+02	3.00000000000000e-02	0.00000000000000e+00	0.00000000000000e+00	3.26915441771651e+01	-4.00551712252539e+00
26	50	34	42	2.50700000000000e+01	5.02654824574367e+02	3.00000000000000e-02	0.00000000000000e+00	0.00000000000000e+00	3.42706870969705e+01	-1.04206157677665e+01
27	51	35	43	3.61600000000000e+01	5.02654824574367e+02	3.00000000000000e-02	0.00000000000000e+00	0.00000000000000e+00	4.05329435431286e+01	-3.80538429196950e+00
28	52	36	44	4.72500000000000e+01	5.02654824574367e+02	3.00000000000000e-02	0.00000000000000e+00	0.00000000000000e+00	4.29875155136729e+01	3.15143057644775e+00
29	53	37	45	3.62800000000000e+01	5.02654824574367e+02	3.00000000000000e-02	0.00000000000000e+00	0.00000000000000e+00	4.15191113107640e+01	-4.49624031660993e+00
30	54	38	46	3.85300000000000e+01	5.02654824574367e+02	3.00000000000000e-02	0.00000000000000e+00	0.00000000000000e+00	3.84705511250922e+01	5.14705291942086e-02
31	55	39	47	4.07800000000000e+01	5.02654824574367e+02	3.00000000000000e-02	0.00000000000000e+00	0.00000000000000e+00	3.66907395757213e+01	3.52224565209272e+00
32	56	40	48	3.28300000000000e+01	5.02654824574367e+02	3.00000000000000e-02	0.00000000000000e+00	0.00000000000000e+00	3.62958762129639e+01	-3.34538001184495e+00
33	57	41	49	2.95700000000000e+01	5.02654824574367e+02	3.00000000000000e-02	0.00000000000000e+00	0.00000000000000e+00	3.55182870880997e+01	-6.10957864085691e+00
34	58	42	50	3.51600000000000e+01	5.02654824574367e+02	3.00000000000000e-02	0.00000000000000e+00	0.00000000000000e+00	3.82301150561296e+01	-2.79048281546136e+00
35	59	43	51	4.61800000000000e+01	5.02654824574367e+02	3.00000000000000e-02	0.00000000000000e+00	0.00000000000000e+00	3.93606605790643e+01	5.32599829594823e+00
36	60	44	52	3.46100000000000e+01	5.02654824574367e+02	3.00000000000000e-02	0.00000000000000e+00	0.00000000000000e+00	3.94302974163459e+01	-4.34639443695783e+00
37	61	45	53	5.06700000000000e+01	5.02654824574367e+02	3.00000000000000e-02	0.00000000000000e+00	0.00000000000000e+00	4.14848022465437e+01	6.66689567498064e+00
38	62	46	54	6.67300000000000e+01	5.02654824574367e+02	3.00000000000000e-02	0.00000000000000e+00	0.00000000000000e+00	4.33030406888917e+01	1.44143923536903e+01
39	63	47	55	5.36800000000000e+01	5.02654824574367e+02	3.00000000000000e-02	0.00000000000000e+00	0.00000000000000e+00	4.30688501213459e+01	7.34134972853833e+00
40	64	48	56	5.22500000000000e+01	5.02654824574367e+02	3.00000000000000e-02	0.00000000000000e+00	0.00000000000000e+00	4.22303862303838e+01	7.09666253546457e+00
41	65	49	57	4.18500000000000e+01	5.02654824574367e+02	3.00000000000000e-02	0.00000000000000e+00	0.00000000000000e+00	4.72437206738115e+01	-4.04093174601630e+00
42	66	50	58	5.20400000000000e+01	5.02654824574367e+02	3.00000000000000e-02	0.00000000000000e+00	0.00000000000000e+00	5.14459622642886e+01	3.82689109069334e-01
43	67	51	59	6.22400000000000e+01	5.02654824574367e+02	3.00000000000000e-02	0.00000000000000e+00	0.00000000000000e+00	5.65348687035979e+01	3.20467622923670e+00
44	68	52	60	4.89500000000000e+01	5.02654824574367e+02	3.00000000000000e-02	0.00000000000000e+00	0.00000000000000e+00	6.10624778163248e+01	-7.36993991772793e+00
45	69	53	61	3.56600000000000e+01	5.02654824574367e+02	3.00000000000000e-02	0.00000000000000e+00	0.00000000000000e+00	6.15059499187006e+01	-1.81701434781121e+01
46	70	54	62	5.25300000000000e+01	5.02654824574367e+02	3.00000000000000e-02	0.00000000000000e+00	0.00000000000000e+00	6.09536324999508e+01	-4.95763390719611e+00
47	71	55	63	5.17200000000000e+01	5.02654824574367e+02	3.00000000000000e-02	0.00000000000000e+00	0.00000000000000e+00	5.90649046171583e+01	-4.42641212054308e+00
48	72	56	64	5.86200000000000e+01	5.02654824574367e+02	3.00000000000000e-02	0.00000000000000e+00	0.00000000000000e+00	5.97382624809171e+01	-6.29893079907766e-01
49	73	57	65	7.05400000000000e+01	5.02654824574367e+02	3.00000000000000e-02	0.00000000000000e+00	0.00000000000000e+00	6.15510028788389e+01	4.54379261947091e+00
50	74	58	66	6.31400000000000e+01	5.02654824574367e+02	3.00000000000000e-02	0.00000000000000e+00	0.00000000000000e+00	6.16374799613520e+01	8.02811889482295e-01
51	75	59	67	7.19900000000000e+01	5.02654824574367e+02	3.00000000000000e-02	0.00000000000000e+00	0.00000000000000e+00	6.06481942086074e+01	5.71457865020850e+00
52	76	60	68	8.08300000000000e+01	5.02654824574367e+02	3.00000000000000e-02	0.00000000000000e+00	0.00000000000000e+00	6.25163537176470e+01	8.56400005826391e+00
53	77	61	69	8.22000000000000e+01	5.02654824574367e+02	3.00000000000000e-02	0.00000000000000e+00	0.00000000000000e+00	6.55691025065643e+01	7.53502384807370e+00
54	78	62	70	7.18800000000000e+01	5.02654824574367e+02	3.00000000000000e-02	0.00000000000000e+00	0.00000000000000e+00	6.43141640188412e+01	3.70727248997002e+00
55	79	63	71	7.18200000000000e+01	5.02654824574367e+02	3.00000000000000e-02	0.00000000000000e+00	0.00000000000000e+00	6.44328355715992e+01	3.61798721675045e+00
56	80	64	72	7.06300000000000e+01	5.02654824574367e+02	3.00000000000000e-02	0.00000000000000e+00	0.00000000000000e+00	6.10801953053323e+01	4.84224351807461e+00
57	81	65	73	5.97700000000000e+01	5.02654824574367e+02	3.00000000000000e-02	0.00000000000000e+00	0.00000000000000e+00	5.74588320753211e+01	1.31450451216253e+00
58	82	66	74	6.63800000000000e+01	5.02654824574367e+02	3.00000000000000e-02	0.00000000000000e+00	0.00000000000000e+00	5.62726008767088e+01	5.50626841803084e+00
59	83	67	75	7.20200000000000e+01	5.02654824574367e+02	3.00000000000000e-02	0.00000000000000e+00	0.00000000000000e+00	5.64813052583588e+01	8.10113850681189e+00
60	84	68	76	5.81300000000000e+01	5.02654824574367e+02	3.00000000000000e-02	0.00000000000000e+00	0.00000000000000e+00	5.44853858454516e+01	2.15831218757806e+00
61	85	69	77	4.54300000000000e+01	5.02654824574367e+02	3.00000000000000e-02	0.00000000000000e+00	0.00000000000000e+00	5.14590661759695e+01	-4.15379934392472e+00
62	86	70	78	4.30400000000000e+01	5.02654824574367e+02	3.00000000000000e-02	0.00000000000000e+00	0.00000000000000e+00	5.17084852907924e+01	-6.11639925803238e+00
63	87	71	79	3.81300000000000e+01	5.02654824574367e+02	3.00000000000000e-02	0.00000000000000e+00	0.00000000000000e+00	4.64105798821131e+01	-6.55086913573502e+00
64	88	72	80	3.81800000000000e+01	5.02654824574367e+02	3.00000000000000e-02	0.00000000000000e+00	0.00000000000000e+00	4.25555425034463e+01	-3.61660956130832e+00
65	89	73	81	3.65700000000000e+01	5.02654824574367e+02	3.00000000000000e-02	0.00000000000000e+00	0.00000000000000e+00	4.32210883979033e+01	-5.57001004458682e+00
66	90	74	82	4.55900000000000e+01	5.02654824574367e+02	3.00000000000000e-02	0.00000000000000e+00	0.00000000000000e+00	4.49208242615697e+01	4.92897165942437e-01
67	91	75	83	4.14200000000000e+01	5.02654824574367e+02	3.00000000000000e-02	0.00000000000000e+00	0.00000000000000e+00	4.44822298909150e+01	-2.37753083859783e+00
68	92	76	84	4.91800000000000e+01	5.02654824574367e+02	3.00000000000000e-02	0.00000000000000e+00	0.00000000000000e+00	4.69024321213859e+01	1.58058350271748e+00
69	93	77	85	5.05500000000000e+01	5.02654824574367e+02	3.00000000000000e-02	0.00000000000000e+00	0.00000000000000e+00	4.87382404102860e+01	1.21663331581745e+00
70	94	78	86	5.45200000000000e+01	5.02654824574367e+02	3.00000000000000e-02	0.00000000000000e+00	0.00000000000000e+00	5.06694336342769e+01	2.44149216461561e+00
71	95	79	87	5.85200000000000e+01	5.02654824574367e+02	3.00000000000000e-02	0.00000000000000e+00	0.00000000000000e+00	5.61014183024664e+01	1.40691607529853e+00
72	96	80	88	5.26000000000000e+01	5.02654824574367e+02	3.00000000000000e-02	0.00000000000000e+00	0.00000000000000e+00	5.95940694628524e+01	-4.16133145732616e+00
73	97	81	89	5.88500000000000e+01	5.02654824574367e+02	3.00000000000000e-02	0.00000000000000e+00	0.00000000000000e+00	5.96006880307599e+01	-4.22509481288369e-01
74	98	82	90	5.74600000000000e+01	5.02654824574367e+02	3.00000000000000e-02	0.00000000000000e+00	0.00000000000000e+00	5.66317349848237e+01	4.83984556380819e-01
75	99	83	91	5.42200000000000e+01	5.02654824574367e+02	3.00000000000000e-02	0.00000000000000e+00	0.00000000000000e+00	5.68156653105913e+01	-1.55874137843547e+00
76	100	84	92	4.08800000000000e+01	5.02654824574367e+02	3.00000000000000e-02	0.00000000000000e+00	0.00000000000000e+00	5.59199536516001e+01	-1.04426774398572e+01
77	101	85	93	5.17400000000000e+01	5.02654824574367e+02	3.00000000000000e-02	0.00000000000000e+00	0.00000000000000e+00	5.67893549128666e+01	-3.10392392997493e+00
78	102	86	94	5.07000000000000e+01	5.02654824574367e+02	3.00000000000000e-02	0.00000000000000e+00	0.00000000000000e+00	5.60933181338852e+01	-3.36969294966435e+00
79	103	87	95	5.47700000000000e+01	5.02654824574367e+02	3.00000000000000e-02	0.00000000000000e+00	0.00000000000000e+00	5.29059197290518e+01	1.15424540171039e+00
80	104	88	96	5.78500000000000e+01	5.02654824574367e+02	3.00000000000000e-02	0.00000000000000e+00	0.00000000000000e+00	5.21073252169412e+01	3.48493051966557e+00
81	105	89	97	5.93900000000000e+01	5.02654824574367e+02	3.00000000000000e-02	0.00000000000000e+00	0.00000000000000e+00	5.42608001897843e+01	3.01079358606725e+00
82	106	90	98	4.66700000000000e+01	5.02654824574367e+02	3.00000000000000e-02	0.00000000000000e+00	0.00000000000000e+00	5.51230949887645e+01	-5.54890717270650e+00
83	107	91	99	5.78400000000000e+01	5.02654824574367e+02	3.00000000000000e-02	0.00000000000000e+00	0.00000000000000e+00	4.97741430047335e+01	5.00616484773420e+00
84	108	92	100	6.62800000000000e+01	5.02654824574367e+02	3.00000000000000e-02	0.00000000000000e+00	0.00000000000000e+00	4.61741867574222e+01	1.20489092937252e+01
85	109	93	101	5.57900000000000e+01	5.02654824574367e+02	3.00000000000000e-02	0.00000000000000e+00	0.00000000000000e+00	4.37805614663459e+01	8.08015750408577e+00
86	110	94	102	4.53100000000000e+01	5.02654824574367e+02	3.00000000000000e-02	0.00000000000000e+00	0.00000000000000e+00	3.97218119229290e+01	4.38757677158420e+00
87	111	95	103	3.53700000000000e+01	5.02654824574367e+02	3.00000000000000e-02	0.00000000000000e+00	0.00000000000000e+00	3.47510179387461e+01	5.88504614476667e-01
88	112	96	104	2.49100000000000e+01	5.02654824574367e+02	3.00000000000000e-02	0.00000000000000e+00	0.00000000000000e+00	3.28118399333018e+01	-9.18400315189989e+00
89	113	97	105	2.28800000000000e+01	5.02654824574367e+02	3.00000000000000e-02	0.00000000000000e+00	0.00000000000000e+00	3.28243557242358e+01	-1.20302541963636e+01
90	114	98	106	2.53900000000000e+01	5.02654824574367e+02	3.00000000000000e-02	0.00000000000000e+00	0.00000000000000e+00	3.44284631210180e+01	-1.01509414283753e+01
91	115	99	107	3.56700000000000e+01	5.02654824574367e+02	3.00000000000000e-02	0.00000000000000e+00	0.00000000000000e+00	3.92524024863831e+01	-3.19008842761757e+00
92	116	100	108	4.59400000000000e+01	5.02654824574367e+02	3.00000000000000e-02	0.00000000000000e+00	0.00000000000000e+00	4.09112973087580e+01	3.86433181784234e+00
93	117	101	109	4.76100000000000e+01	5.02654824574367e+02	3.00000000000000e-02	0.00000000000000e+00	0.00000000000000e+00	4.25119197371714e+01	3.77527740649374e+00
94	118	102	110	4.22800000000000e+01	5.02654824574367e+02	3.00000000000000e-02	0.00000000000000e+00	0.00000000000000e+00	4.48688172434646e+01	-1.98096330032769e+00
95	119	103	111	4.35300000000000e+01	5.02654824574367e+02	3.00000000000000e-02	0.00000000000000e+00	0.00000000000000e+00	4.88056223757767e+01	-3.81317210922689e+00
96	120	104	112	5.64700000000000e+01	5.02654824574367e+02	3.00000000000000e-02	0.00000000000000e+00	0.00000000000000e+00	5.90931143937011e+01	-1.51349620729876e+00
97	121	105	113	5.27100000000000e+01	5.02654824574367e+02	3.00000000000000e-02	0.00000000000000e+00	0.00000000000000e+00	6.73589238550106e+01	-8.17434009717162e+00
98	122	106	114	6.82100000000000e+01	5.02654824574367e+02	3.00000000000000e-02	0.00000000000000e+00	0.00000000000000e+00	6.68668356877661e+01	6.62935569226845e-01
99	123	107	115	5.74400000000000e+01	5.02654824574367e+02	3.00000000000000e-02	0.00000000000000e+00	0.00000000000000e+00	6.12625866916187e+01	-2.14761335264232e+00
100	124	108	116	7.34800000000000e+01	5.02654824574367e+02	3.00000000000000e-02	0.00000000000000e+00	0.00000000000000e+00	6.27085232712409e+01	5.28386282021091e+00
101	125	109	117	7.34800000000000e+01	5.02654824574367e+02	3.00000000000000e-02	0.00000000000000e+00	0.00000000000000e+00	6.17837522130338e+01	5.77909465413891e+00
102	126	110	118	6.10300000000000e+01	5.02654824574367e+02	3.00000000000000e-02	0.00000000000000e+00	0.00000000000000e+00	5.32806780185794e+01	4.52639316104341e+00
103	127	111	119	5.20200000000000e+01	5.02654824574367e+02	3.00000000000000e-02	0.00000000000000e+00	0.00000000000000e+00	4.41772572948083e+01	5.44727147332861e+00
104	128	112	120	5.01300000000000e+01	5.02654824574367e+02	3.00000000000000e-02	0.00000000000000e+00	0.00000000000000e+00	3.90006123490537e+01	8.36807613370804e+00
105	129	113	121	5.32900000000000e+01	5.02654824574367e+02	3.00000000000000e-02	0.00000000000000e+00	0.00000000000000e+00	4.08836637580984e+01	8.83393773887984e+00
106	130	114	122	3.69800000000000e+01	5.02654824574367e+02	3.00000000000000e-02	0.00000000000000e+00	0.00000000000000e+00	3.98890506066449e+01	-2.52415464634813e+00
107	131	115	123	3.53300000000000e+01	5.02654824574367e+02	3.00000000000000e-02	0.00000000000000e+00	0.00000000000000e+00	3.97640029739298e+01	-3.94098645894485e+00
108	132	116	124	2.94700000000000e+01	5.02654824574367e+02	3.00000000000000e-02	0.00000000000000e+00	0.00000000000000e+00	3.39933039086722e+01	-4.75969215359959e+00
109	133	117	125	2.63200000000000e+01	5.02654824574367e+02	3.00000000000000e-02	0.00000000000000e+00	0.00000000000000e+00	3.27809106291503e+01	-7.31724154985331e+00
110	134	118	126	2.47600000000000e+01	5.02654824574367e+02	3.00000000000000e-02	0.00000000000000e+00	0.00000000000000e+00	3.09279256339344e+01	-7.41433567189080e+00
111	135	119	127	3.11500000000000e+01	5.02654824574367e+02	3.00000000000000e-02	0.00000000000000e+00	0.00000000000000e+00	3.22152554721105e+01	-1.12086225159903e+00
112	136	120	128	2.64900000000000e+01	5.02654824574367e+02	3.00000000000000e-02	0.00000000000000e+00	0.00000000000000e+00	3.62199291176300e+01	-1.04280730724689e+01
113	137	121	129	2.66300000000000e+01	5.02654824574367e+02	3.00000000000000e-02	0.00000000000000e+00	0.00000000000000e+00	3.65179947445171e+01	-1.05255581991276e+01
114	138	122	130	3.06200000000000e+01	5.02654824574367e+02	3.00000000000000e-02	0.00000000000000e+00	0.00000000000000e+00	3.55467671109190e+01	-4.97319408899455e+00
115	139	123	131	3.75000000000000e+01	5.02654824574367e+02	3.00000000000000e-02	0.00000000000000e+00	0.00000000000000e+00	3.41317316319761e+01	3.13711449948412e+00
116	140	124	132	4.43800000000000e+01	5.02654824574367e+02	3.00000000000000e-02	0.00000000000000e+00	0.00000000000000e+00	4.04027980100740e+01	3.12966257534820e+00
117	141	125	133	4.47000000000000e+01	5.02654824574367e+02	3.00000000000000e-02	0.00000000000000e+00	0.00000000000000e+00	4.25799279125378e+01	1.61968450481340e+00
118	142	126	134	4.73900000000000e+01	5.02654824574367e+02	3.00000000000000e-02	0.00000000000000e+00	0.00000000000000e+00	4.44951593678964e+01	2.10102769912014e+00
119	143	127	135	5.44100000000000e+01	5.02654824574367e+02	3.00000000000000e-02	0.00000000000000e+00	0.00000000000000e+00	4.79870913102577e+01	4.18719722648921e+00
120	144	128	136	6.46800000000000e+01	5.02654824574367e+02	3.00000000000000e-02	0.00000000000000e+00	0.00000000000000e+00	5.69075675963793e+01	4.26745680803989e+00
121	145	129	137	7.21800000000000e+01	5.02654824574367e+02	3.00000000000000e-02	0.00000000000000e+00	0.00000000000000e+00	6.69561284698443e+01	2.50417977518976e+00
122	146	130	138	6.98000000000000e+01	5.02654824574367e+02	3.00000000000000e-02	0.00000000000000e+00	0.00000000000000e+00	6.58052711450270e+01	1.96446886861802e+00
123	147	131	139	6.74100000000000e+01	5.02654824574367e+02	3.00000000000000e-02	0.00000000000000e+00	0.00000000000000e+00	6.72717063046048e+01	6.84546044613062e-02
124	148	132	140	6.43700000000000e+01	5.02654824574367e+02	3.00000000000000e-02	0.00000000000000e+00	0.00000000000000e+00	6.38574583295807e+01	2.66476674473696e-01
125	149	133	141	6.08700000000000e+01	5.02654824574367e+02	3.00000000000000e-02	0.00000000000000e+00	0.00000000000000e+00	6.54982285657152e+01	-2.44275516571379e+00
126	150	134	142	6.82100000000000e+01	5.02654824574367e+02	3.00000000000000e-02	0.00000000000000e+00	0.00000000000000e+00	6.63087750343397e+01	9.42297992454548e-01
127	151	135	143	6.98200000000000e+01	5.02654824574367e+02	3.00000000000000e-02	0.00000000000000e+00	0.00000000000000e+00	7.19938953780395e+01	-1.02202757761587e+00
128	152	136	144	6.95300000000000e+01	5.02654824574367e+02	3.00000000000000e-02	0.00000000000000e+00	0.00000000000000e+00	7.26595020043069e+01	-1.46752862927049e+00
129	153	137	145	7.02800000000000e+01	5.02654824574367e+02	3.00000000000000e-02	0.00000000000000e+00	0.00000000000000e+00	7.45448824982394e+01	-1.96380434358276e+00
130	154	138	146	7.47400000000000e+01	5.02654824574367e+02	3.00000000000000e-02	0.00000000000000e+00	0.00000000000000e+00	7.58489584432623e+01	-4.90951661559140e-01
131	155	139	147	6.76100000000000e+01	5.02654824574367e+02	3.00000000000000e-02	0.00000000000000e+00	0.00000000000000e+00	7.55132460947330e+01	-3.68507282423585e+00
132	156	140	148	7.79000000000000e+01	5.02654824574367e+02	3.00000000000000e-02	0.00000000000000e+00	0.00000000000000e+00	7.65397548612115e+01	5.87189187941325e-01
133	157	141	149	7.11200000000000e+01	5.02654824574367e+02	3.00000000000000e-02	0.00000000000000e+00	0.00000000000000e+00	7.15372549973576e+01	-1.94992390318512e-01
134	158	142	150	7.27500000000000e+01	5.02654824574367e+02	3.00000000000000e-02	0.00000000000000e+00	0.00000000000000e+00	7.21838514339889e+01	2.60418317286900e-01
135	159	143	151	4.97800000000000e+01	5.02654824574367e+02	3.00000000000000e-02	0.00000000000000e+00	0.00000000000000e+00	6.92343087932978e+01	-1.09961078210229e+01
136	160	144	152	6.06700000000000e+01	5.02654824574367e+02	3.00000000000000e-02	0.00000000000000e+00	0.00000000000000e+00	7.36730592100358e+01	-6.47292812457951e+00
137	161	145	153	7.67600000000000e+01	5.02654824574367e+02	3.00000000000000e-02	0.00000000000000e+00	0.00000000000000e+00	7.47619003171677e+01	8.79175665748881e-01
138	162	146	154	7.05100000000000e+01	5.02654824574367e+02	3.00000000000000e-02	0.00000000000000e+00	0.00000000000000e+00	7.16425933352603e+01	-5.31174411645718e-01
139	163	147	155	6.89400000000000e+01	5.02654824574367e+02	3.00000000000000e-02	0.00000000000000e+00	0.00000000000000e+00	6.67354781986405e+01	1.08332808511484e+00
140	164	148	156	6.74500000000000e+01	5.02654824574367e+02	3.00000000000000e-02	0.00000000000000e+00	0.00000000000000e+00	6.17492360243007e+01	2.94349930994387e+00
141	165	149	157	6.66100000000000e+01	5.02654824574367e+02	3.00000000000000e-02	0.00000000000000e+00	0.00000000000000e+00	6.06599343875992e+01	3.11904319357297e+00
142	166	150	158	5.33600000000000e+01	5.02654824574367e+02	3.00000000000000e-02	0.00000000000000e+00	0.00000000000000e+00	5.39181994839636e+01	-3.46889069314008e-01
143	167	151	159	4.01200000000000e+01	5.02654824574367e+02	3.00000000000000e-02	0.00000000000000e+00	0.00000000000000e+00	5.58797784813049e+01	-1.10442535700500e+01
1	27	10	19	2.88100000000000e+01	5.65486677646163e+02	3.00000000000000e-02	0.00000000000000e+00	0.00000000000000e+00	3.50382335774507e+01	-6.52391013662036e+00
3	28	11	17	2.63400000000000e+01	5.65486677646163e+02	3.00000000000000e-02	0.00000000000000e+00	0.00000000000000e+00	3.80601777244658e+01	-1.22693278376187e+01
4	29	12	20	3.35300000000000e+01	5.65486677646163e+02	3.00000000000000e-02	0.00000000000000e+00	0.00000000000000e+00	3.69788599289116e+01	-3.26352785363165e+00
2	30	13	21	4.07300000000000e+01	5.65486677646163e+02	3.00000000000000e-02	0.00000000000000e+00	0.00000000000000e+00	3.55772374033478e+01	4.50862956957597e+00
5	31	14	22	5.03100000000000e+01	5.65486677646163e+02	3.00000000000000e-02	0.00000000000000e+00	0.00000000000000e+00	3.68717620255972e+01	1.03585954391351e+01
6	32	15	23	5.99000000000000e+01	5.65486677646163e+02	3.00000000000000e-02	0.00000000000000e+00	0.00000000000000e+00	3.58961465864966e+01	1.70682184270579e+01
8	34	16	25	6.18000000000000e+01	5.65486677646163e+02	3.00000000000000e-02	0.00000000000000e+00	0.00000000000000e+00	3.94598476311148e+01	1.49539908408997e+01
9	35	18	26	4.53000000000000e+01	5.65486677646163e+02	3.00000000000000e-02	0.00000000000000e+00	0.00000000000000e+00	3.89910205191332e+01	4.99918853228339e+00
10	36	19	27	3.23800000000000e+01	5.65486677646163e+02	3.00000000000000e-02	0.00000000000000e+00	0.00000000000000e+00	3.74318536974740e+01	-4.83270322729008e+00
11	37	17	28	2.81900000000000e+01	5.65486677646163e+02	3.00000000000000e-02	0.00000000000000e+00	0.00000000000000e+00	3.25415904525046e+01	-4.78505574381541e+00
12	38	20	29	2.39900000000000e+01	5.65486677646163e+02	3.00000000000000e-02	0.00000000000000e+00	0.00000000000000e+00	3.35458852479328e+01	-1.11759044559134e+01
13	39	21	30	4.48800000000000e+01	5.65486677646163e+02	3.00000000000000e-02	0.00000000000000e+00	0.00000000000000e+00	3.67597414303949e+01	6.65296659151011e+00
14	40	22	31	6.57600000000000e+01	5.65486677646163e+02	3.00000000000000e-02	0.00000000000000e+00	0.00000000000000e+00	3.59252942664009e+01	2.01523375894945e+01
15	41	23	32	5.41700000000000e+01	5.65486677646163e+02	3.00000000000000e-02	0.00000000000000e+00	0.00000000000000e+00	3.46635628668394e+01	1.48812725297387e+01
16	43	25	34	3.95500000000000e+01	5.65486677646163e+02	3.00000000000000e-02	0.00000000000000e+00	0.00000000000000e+00	3.02290725703571e+01	8.95871883359309e+00
18	44	26	35	3.37000000000000e+01	5.65486677646163e+02	3.00000000000000e-02	0.00000000000000e+00	0.00000000000000e+00	2.74355175665746e+01	6.85531339440508e+00
19	45	27	36	2.78500000000000e+01	5.65486677646163e+02	3.00000000000000e-02	0.00000000000000e+00	0.00000000000000e+00	2.74475873675395e+01	4.85156472446180e-01
17	46	28	37	3.07600000000000e+01	5.65486677646163e+02	3.00000000000000e-02	0.00000000000000e+00	0.00000000000000e+00	2.99543453938736e+01	8.84691410800823e-01
20	47	29	38	2.34100000000000e+01	5.65486677646163e+02	3.00000000000000e-02	0.00000000000000e+00	0.00000000000000e+00	2.94908212832430e+01	-7.69719301623442e+00
21	48	30	39	1.60600000000000e+01	5.65486677646163e+02	3.00000000000000e-02	0.00000000000000e+00	0.00000000000000e+00	2.98564149602539e+01	-2.06689338257354e+01
22	49	31	40	2.63300000000000e+01	5.65486677646163e+02	3.00000000000000e-02	0.00000000000000e+00	0.00000000000000e+00	3.13830842345736e+01	-5.85200185336040e+00
23	50	32	41	4.50500000000000e+01	5.65486677646163e+02	3.00000000000000e-02	0.00000000000000e+00	0.00000000000000e+00	3.57885475804279e+01	7.67150139382188e+00
24	51	33	42	6.37700000000000e+01	5.65486677646163e+02	3.00000000000000e-02	0.00000000000000e+00	0.00000000000000e+00	3.78119818841895e+01	1.74218942288769e+01
25	52	34	43	6.00200000000000e+01	5.65486677646163e+02	3.00000000000000e-02	0.00000000000000e+00	0.00000000000000e+00	4.39052437655579e+01	1.04214693033947e+01
26	53	35	44	5.62700000000000e+01	5.65486677646163e+02	3.00000000000000e-02	0.00000000000000e+00	0.00000000000000e+00	4.63303660255622e+01	6.47879778823953e+00
27	54	36	45	4.22000000000000e+01	5.65486677646163e+02	3.00000000000000e-02	0.00000000000000e+00	0.00000000000000e+00	4.34424944723042e+01	-9.67262544354627e-01
28	55	37	46	3.25700000000000e+01	5.65486677646163e+02	3.00000000000000e-02	0.00000000000000e+00	0.00000000000000e+00	3.92058339778603e+01	-6.18113141335375e+00
29	56	38	47	2.29400000000000e+01	5.65486677646163e+02	3.00000000000000e-02	0.00000000000000e+00	0.00000000000000e+00	3.74560575858864e+01	-1.63428778824567e+01
30	57	39	48	2.48000000000000e+01	5.65486677646163e+02	3.00000000000000e-02	0.00000000000000e+00	0.00000000000000e+00	3.81192964250666e+01	-1.43292322866561e+01
31	58	40	49	2.66600000000000e+01	5.65486677646163e+02	3.00000000000000e-02	0.00000000000000e+00	0.00000000000000e+00	3.91723890013360e+01	-1.28269273885143e+01
32	59	41	50	4.19800000000000e+01	5.65486677646163e+02	3.00000000000000e-02	0.00000000000000e+00	0.00000000000000e+00	4.16523173998158e+01	2.61210249198444e-01
33	60	42	51	5.72900000000000e+01	5.65486677646163e+02	3.00000000000000e-02	0.00000000000000e+00	0.00000000000000e+00	4.55523706465610e+01	7.64211403796072e+00
34	61	43	52	5.75800000000000e+01	5.65486677646163e+02	3.00000000000000e-02	0.00000000000000e+00	0.00000000000000e+00	4.44695350597441e+01	8.61236452867099e+00
35	62	44	53	5.78800000000000e+01	5.65486677646163e+02	3.00000000000000e-02	0.00000000000000e+00	0.00000000000000e+00	4.41949201984553e+01	8.99206823070253e+00
36	63	45	54	6.01500000000000e+01	5.65486677646163e+02	3.00000000000000e-02	0.00000000000000e+00	0.00000000000000e+00	4.60199896769798e+01	8.92551940431490e+00
37	64	46	55	6.24300000000000e+01	5.65486677646163e+02	3.00000000000000e-02	0.00000000000000e+00	0.00000000000000e+00	4.52837408502698e+01	1.07032627546682e+01
38	65	47	56	4.82600000000000e+01	5.65486677646163e+02	3.00000000000000e-02	0.00000000000000e+00	0.00000000000000e+00	4.32598673495121e+01	3.64592353436648e+00
39	66	48	57	3.93000000000000e+01	5.65486677646163e+02	3.00000000000000e-02	0.00000000000000e+00	0.00000000000000e+00	4.54102595288413e+01	-4.81711804845840e+00
40	67	49	58	4.99500000000000e+01	5.65486677646163e+02	3.00000000000000e-02	0.00000000000000e+00	0.00000000000000e+00	5.07722931399019e+01	-5.44276335584648e-01
41	68	50	59	6.99800000000000e+01	5.65486677646163e+02	3.00000000000000e-02	0.00000000000000e+00	0.00000000000000e+00	5.43706049809308e+01	8.41286095781175e+00
42	69	51	60	9.00000000000000e+01	5.65486677646163e+02	3.00000000000000e-02	0.00000000000000e+00	0.00000000000000e+00	5.44020181665052e+01	1.67802806169171e+01
43	70	52	61	9.10400000000000e+01	5.65486677646163e+02	3.00000000000000e-02	0.00000000000000e+00	0.00000000000000e+00	6.07766790935081e+01	1.34697607509243e+01
44	71	53	62	9.20800000000000e+01	5.65486677646163e+02	3.00000000000000e-02	0.00000000000000e+00	0.00000000000000e+00	6.25953756892014e+01	1.28655453271895e+01
45	72	54	63	7.25100000000000e+01	5.65486677646163e+02	3.00000000000000e-02	0.00000000000000e+00	0.00000000000000e+00	6.02037626655735e+01	6.19965434238502e+00
46	73	55	64	8.85200000000000e+01	5.65486677646163e+02	3.00000000000000e-02	0.00000000000000e+00	0.00000000000000e+00	6.10394791252615e+01	1.23902553859189e+01
47	74	56	65	6.90500000000000e+01	5.65486677646163e+02	3.00000000000000e-02	0.00000000000000e+00	0.00000000000000e+00	6.32680927927700e+01	2.91499136977187e+00
48	75	57	66	4.95800000000000e+01	5.65486677646163e+02	3.00000000000000e-02	0.00000000000000e+00	0.00000000000000e+00	6.21021450982544e+01	-7.50643347936012e+00
49	76	58	67	4.50200000000000e+01	5.65486677646163e+02	3.00000000000000e-02	0.00000000000000e+00	0.00000000000000e+00	6.09089617916552e+01	-1.00757828089104e+01
50	77	59	68	7.69000000000000e+01	5.65486677646163e+02	3.00000000000000e-02	0.00000000000000e+00	0.00000000000000e+00	6.38997642456588e+01	6.17300681870748e+00
51	78	60	69	1.08780000000000e+02	5.65486677646163e+02	3.00000000000000e-02	0.00000000000000e+00	0.00000000000000e+00	6.79952333582149e+01	1.56629962982992e+01
52	79	61	70	1.54620000000000e+02	5.65486677646163e+02	3.00000000000000e-02	0.00000000000000e+00	0.00000000000000e+00	6.87858804882562e+01	2.69990665158683e+01
53	80	62	71	1.14030000000000e+02	5.65486677646163e+02	3.00000000000000e-02	0.00000000000000e+00	0.00000000000000e+00	7.00362093946125e+01	1.62483062098559e+01
54	81	63	72	9.29200000000000e+01	5.65486677646163e+02	3.00000000000000e-02	0.00000000000000e+00	0.00000000000000e+00	6.83951977124359e+01	1.02145431540326e+01
55	82	64	73	7.18100000000000e+01	5.65486677646163e+02	3.00000000000000e-02	0.00000000000000e+00	0.00000000000000e+00	6.15440349618327e+01	5.14236026290336e+00
56	83	65	74	5.51800000000000e+01	5.65486677646163e+02	3.00000000000000e-02	0.00000000000000e+00	0.00000000000000e+00	5.37076681538093e+01	9.01492710280038e-01
57	84	66	75	6.95900000000000e+01	5.65486677646163e+02	3.00000000000000e-02	0.00000000000000e+00	0.00000000000000e+00	5.30475906985302e+01	9.04771435004710e+00
58	85	67	76	6.02700000000000e+01	5.65486677646163e+02	3.00000000000000e-02	0.00000000000000e+00	0.00000000000000e+00	5.52661965945581e+01	2.88910063415780e+00
59	86	68	77	4.84400000000000e+01	5.65486677646163e+02	3.00000000000000e-02	0.00000000000000e+00	0.00000000000000e+00	5.44912932618185e+01	-3.92383378526572e+00
60	87	69	78	3.99400000000000e+01	5.65486677646163e+02	3.00000000000000e-02	0.00000000000000e+00	0.00000000000000e+00	5.11351961107155e+01	-8.23649004730718e+00
61	88	70	79	4.72300000000000e+01	5.65486677646163e+02	3.00000000000000e-02	0.00000000000000e+00	0.00000000000000e+00	4.98660154898059e+01	-1.81034781731578e+00
62	89	71	80	3.85900000000000e+01	5.65486677646163e+02	3.00000000000000e-02	0.00000000000000e+00	0.00000000000000e+00	4.65066746842606e+01	-6.22008894465590e+00
63	90	72	81	2.99500000000000e+01	5.65486677646163e+02	3.00000000000000e-02	0.00000000000000e+00	0.00000000000000e+00	4.48634283145995e+01	-1.34697874712802e+01
64	91	73	82	3.23400000000000e+01	5.65486677646163e+02	3.00000000000000e-02	0.00000000000000e+00	0.00000000000000e+00	4.67236097807214e+01	-1.22648248509481e+01
65	92	74	83	4.12800000000000e+01	5.65486677646163e+02	3.00000000000000e-02	0.00000000000000e+00	0.00000000000000e+00	4.97027936459202e+01	-6.18943401763410e+00
66	93	75	84	4.31200000000000e+01	5.65486677646163e+02	3.00000000000000e-02	0.00000000000000e+00	0.00000000000000e+00	4.89921590688753e+01	-4.25577799009775e+00
67	94	76	85	5.24900000000000e+01	5.65486677646163e+02	3.00000000000000e-02	0.00000000000000e+00	0.00000000000000e+00	4.92159870625630e+01	2.14680547505378e+00
68	95	77	86	5.89500000000000e+01	5.65486677646163e+02	3.00000000000000e-02	0.00000000000000e+00	0.00000000000000e+00	5.14768219288193e+01	4.51859934185001e+00
69	96	78	87	6.58900000000000e+01	5.65486677646163e+02	3.00000000000000e-02	0.00000000000000e+00	0.00000000000000e+00	5.60781052702243e+01	5.37470763214826e+00
70	97	79	88	6.01400000000000e+01	5.65486677646163e+02	3.00000000000000e-02	0.00000000000000e+00	0.00000000000000e+00	6.13707298369351e+01	-6.75261039185523e-01
71	98	80	89	5.39200000000000e+01	5.65486677646163e+02	3.00000000000000e-02	0.00000000000000e+00	0.00000000000000e+00	6.56546699406112e+01	-6.56357551720060e+00
72	99	81	90	5.85000000000000e+01	5.65486677646163e+02	3.00000000000000e-02	0.00000000000000e+00	0.00000000000000e+00	6.54131036908919e+01	-3.72319488005205e+00
73	100	82	91	6.34400000000000e+01	5.65486677646163e+02	3.00000000000000e-02	0.00000000000000e+00	0.00000000000000e+00	6.52900713481411e+01	-9.58180021984815e-01
74	101	83	92	5.45000000000000e+01	5.65486677646163e+02	3.00000000000000e-02	0.00000000000000e+00	0.00000000000000e+00	6.28764958248749e+01	-4.76572389743279e+00
75	102	84	93	5.94600000000000e+01	5.65486677646163e+02	3.00000000000000e-02	0.00000000000000e+00	0.00000000000000e+00	6.01057861287655e+01	-3.60076478604151e-01
76	103	85	94	4.82300000000000e+01	5.65486677646163e+02	3.00000000000000e-02	0.00000000000000e+00	0.00000000000000e+00	5.83638087469971e+01	-6.35715834717780e+00
77	104	86	95	5.26800000000000e+01	5.65486677646163e+02	3.00000000000000e-02	0.00000000000000e+00	0.00000000000000e+00	5.86953537486591e+01	-3.60415647777383e+00
78	105	87	96	4.06400000000000e+01	5.65486677646163e+02	3.00000000000000e-02	0.00000000000000e+00	0.00000000000000e+00	5.79188593161697e+01	-1.18096750162133e+01
79	106	88	97	5.22600000000000e+01	5.65486677646163e+02	3.00000000000000e-02	0.00000000000000e+00	0.00000000000000e+00	5.63298829118611e+01	-2.49979714004427e+00
80	107	89	98	4.54200000000000e+01	5.65486677646163e+02	3.00000000000000e-02	0.00000000000000e+00	0.00000000000000e+00	5.23583251552226e+01	-4.73861389161535e+00
81	108	90	99	5.33700000000000e+01	5.65486677646163e+02	3.00000000000000e-02	0.00000000000000e+00	0.00000000000000e+00	4.89848581438543e+01	2.85791858211086e+00
82	109	91	100	4.60100000000000e+01	5.65486677646163e+02	3.00000000000000e-02	0.00000000000000e+00	0.00000000000000e+00	4.38843772834194e+01	1.57667926534471e+00
83	110	92	101	3.90900000000000e+01	5.65486677646163e+02	3.00000000000000e-02	0.00000000000000e+00	0.00000000000000e+00	3.62851403146403e+01	2.48194600224041e+00
84	111	93	102	2.91000000000000e+01	5.65486677646163e+02	3.00000000000000e-02	0.00000000000000e+00	0.00000000000000e+00	3.11256225109047e+01	-2.24310602525912e+00
85	112	94	103	3.34800000000000e+01	5.65486677646163e+02	3.00000000000000e-02	0.00000000000000e+00	0.00000000000000e+00	2.96516761879297e+01	4.04765297662964e+00
86	113	95	104	2.78600000000000e+01	5.65486677646163e+02	3.00000000000000e-02	0.00000000000000e+00	0.00000000000000e+00	2.79769843786071e+01	-1.39673910969925e-01
87	114	96	105	2.22500000000000e+01	5.65486677646163e+02	3.00000000000000e-02	0.00000000000000e+00	0.00000000000000e+00	2.93753599092089e+01	-9.26047386684679e+00
88	115	97	106	2.90100000000000e+01	5.65486677646163e+02	3.00000000000000e-02	0.00000000000000e+00	0.00000000000000e+00	3.32516895653851e+01	-4.54883272247028e+00
89	116	98	107	4.20400000000000e+01	5.65486677646163e+02	3.00000000000000e-02	0.00000000000000e+00	0.00000000000000e+00	3.64823755759441e+01	4.72640876560743e+00
90	117	99	108	3.36100000000000e+01	5.65486677646163e+02	3.00000000000000e-02	0.00000000000000e+00	0.00000000000000e+00	3.82071377667687e+01	-4.27329029846555e+00
91	118	100	109	4.47100000000000e+01	5.65486677646163e+02	3.00000000000000e-02	0.00000000000000e+00	0.00000000000000e+00	4.19127968910721e+01	2.15353316286987e+00
92	119	101	110	3.93500000000000e+01	5.65486677646163e+02	3.00000000000000e-02	0.00000000000000e+00	0.00000000000000e+00	4.61795779274552e+01	-5.33472297650700e+00
93	120	102	111	4.62600000000000e+01	5.65486677646163e+02	3.00000000000000e-02	0.00000000000000e+00	0.00000000000000e+00	5.00690784284664e+01	-2.63753212354766e+00
94	121	103	112	6.19900000000000e+01	5.65486677646163e+02	3.00000000000000e-02	0.00000000000000e+00	0.00000000000000e+00	5.43652593929975e+01	4.37492486506942e+00
95	122	104	113	6.41400000000000e+01	5.65486677646163e+02	3.00000000000000e-02	0.00000000000000e+00	0.00000000000000e+00	5.79995042578784e+01	3.35445770110256e+00
96	123	105	114	7.43300000000000e+01	5.65486677646163e+02	3.00000000000000e-02	0.00000000000000e+00	0.00000000000000e+00	6.02524486230497e+01	6.99904753819318e+00
97	124	106	115	6.59600000000000e+01	5.65486677646163e+02	3.00000000000000e-02	0.00000000000000e+00	0.00000000000000e+00	6.32715781000308e+01	1.38707575108139e+00
98	125	107	116	5.75900000000000e+01	5.65486677646163e+02	3.00000000000000e-02	0.00000000000000e+00	0.00000000000000e+00	6.42581473528051e+01	-3.65198604216550e+00
99	126	108	117	6.57600000000000e+01	5.65486677646163e+02	3.00000000000000e-02	0.00000000000000e+00	0.00000000000000e+00	6.33984424779425e+01	1.21908187334917e+00
100	127	109	118	5.79400000000000e+01	5.65486677646163e+02	3.00000000000000e-02	0.00000000000000e+00	0.00000000000000e+00	6.01435856244542e+01	-1.24422682443746e+00
101	128	110	119	4.35100000000000e+01	5.65486677646163e+02	3.00000000000000e-02	0.00000000000000e+00	0.00000000000000e+00	5.07642747726144e+01	-5.14006859820723e+00
102	129	111	120	2.90800000000000e+01	5.65486677646163e+02	3.00000000000000e-02	0.00000000000000e+00	0.00000000000000e+00	4.33263772828675e+01	-1.32903657331747e+01
103	130	112	121	4.26900000000000e+01	5.65486677646163e+02	3.00000000000000e-02	0.00000000000000e+00	0.00000000000000e+00	4.10255009843999e+01	1.32569507275746e+00
104	131	113	122	5.63100000000000e+01	5.65486677646163e+02	3.00000000000000e-02	0.00000000000000e+00	0.00000000000000e+00	3.98125242850972e+01	1.15563531982529e+01
105	132	114	123	4.30800000000000e+01	5.65486677646163e+02	3.00000000000000e-02	0.00000000000000e+00	0.00000000000000e+00	3.63307005111907e+01	5.67985747824918e+00
106	133	115	124	2.98400000000000e+01	5.65486677646163e+02	3.00000000000000e-02	0.00000000000000e+00	0.00000000000000e+00	3.23593625382766e+01	-2.70178725321064e+00
107	134	116	125	2.78200000000000e+01	5.65486677646163e+02	3.00000000000000e-02	0.00000000000000e+00	0.00000000000000e+00	2.87890573762796e+01	-1.14133920779858e+00
108	135	117	126	2.96300000000000e+01	5.65486677646163e+02	3.00000000000000e-02	0.00000000000000e+00	0.00000000000000e+00	2.71525922544179e+01	2.91049469264237e+00
109	136	118	127	3.30800000000000e+01	5.65486677646163e+02	3.00000000000000e-02	0.00000000000000e+00	0.00000000000000e+00	2.54080891869653e+01	8.79537583015506e+00
110	137	119	128	3.65200000000000e+01	5.65486677646163e+02	3.00000000000000e-02	0.00000000000000e+00	0.00000000000000e+00	2.57278807543472e+01	1.16761599199990e+01
111	138	120	129	3.47800000000000e+01	5.65486677646163e+02	3.00000000000000e-02	0.00000000000000e+00	0.00000000000000e+00	2.86248405053943e+01	6.49225396437365e+00
112	139	121	130	3.30500000000000e+01	5.65486677646163e+02	3.00000000000000e-02	0.00000000000000e+00	0.00000000000000e+00	3.22414293015482e+01	8.25643882246071e-01
113	140	122	131	3.03100000000000e+01	5.65486677646163e+02	3.00000000000000e-02	0.00000000000000e+00	0.00000000000000e+00	3.20177816499794e+01	-1.82712446536063e+00
114	141	123	132	3.17100000000000e+01	5.65486677646163e+02	3.00000000000000e-02	0.00000000000000e+00	0.00000000000000e+00	3.25577430109860e+01	-8.79437744569378e-01
115	142	124	133	3.51700000000000e+01	5.65486677646163e+02	3.00000000000000e-02	0.00000000000000e+00	0.00000000000000e+00	3.45734383447240e+01	5.70257904531113e-01
116	143	125	134	3.91000000000000e+01	5.65486677646163e+02	3.00000000000000e-02	0.00000000000000e+00	0.00000000000000e+00	3.86755997613345e+01	3.63785430854010e-01
117	144	126	135	4.17500000000000e+01	5.65486677646163e+02	3.00000000000000e-02	0.00000000000000e+00	0.00000000000000e+00	4.51557935671102e+01	-2.61397128474912e+00
118	145	127	136	5.08100000000000e+01	5.65486677646163e+02	3.00000000000000e-02	0.00000000000000e+00	0.00000000000000e+00	5.31975022903523e+01	-1.53060867367771e+00
119	146	128	137	5.76800000000000e+01	5.65486677646163e+02	3.00000000000000e-02	0.00000000000000e+00	0.00000000000000e+00	5.60703097592160e+01	9.43468611581248e-01
120	147	129	138	7.40100000000000e+01	5.65486677646163e+02	3.00000000000000e-02	0.00000000000000e+00	0.00000000000000e+00	5.56854108060778e+01	9.48273436904265e+00
121	148	130	139	5.77400000000000e+01	5.65486677646163e+02	3.00000000000000e-02	0.00000000000000e+00	0.00000000000000e+00	5.81983419744447e+01	-2.63556389506547e-01
122	149	131	140	6.21400000000000e+01	5.65486677646163e+02	3.00000000000000e-02	0.00000000000000e+00	0.00000000000000e+00	6.34149086273943e+01	-6.76969389535387e-01
123	150	132	141	5.69700000000000e+01	5.65486677646163e+02	3.00000000000000e-02	0.00000000000000e+00	0.00000000000000e+00	6.10520451393936e+01	-2.30672953066945e+00
124	151	133	142	7.68300000000000e+01	5.65486677646163e+02	3.00000000000000e-02	0.00000000000000e+00	0.00000000000000e+00	6.43630044945270e+01	5.90187284026037e+00
125	152	134	143	7.10800000000000e+01	5.65486677646163e+02	3.00000000000000e-02	0.00000000000000e+00	0.00000000000000e+00	7.12040421785780e+01	-5.81195230346646e-02
126	153	135	144	7.78200000000000e+01	5.65486677646163e+02	3.00000000000000e-02	0.00000000000000e+00	0.00000000000000e+00	7.38233932292064e+01	1.75742682508059e+00
127	154	136	145	7.24400000000000e+01	5.65486677646163e+02	3.00000000000000e-02	0.00000000000000e+00	0.00000000000000e+00	7.19551062392589e+01	2.23874430870374e-01
128	155	137	146	5.56800000000000e+01	5.65486677646163e+02	3.00000000000000e-02	0.00000000000000e+00	0.00000000000000e+00	6.96863412985219e+01	-7.47944394612100e+00
129	156	138	147	7.14700000000000e+01	5.65486677646163e+02	3.00000000000000e-02	0.00000000000000e+00	0.00000000000000e+00	7.25880973147261e+01	-5.17439277493666e-01
130	157	139	148	6.66300000000000e+01	5.65486677646163e+02	3.00000000000000e-02	0.00000000000000e+00	0.00000000000000e+00	7.27717712339986e+01	-2.93910652186552e+00
131	158	140	149	6.18800000000000e+01	5.65486677646163e+02	3.00000000000000e-02	0.00000000000000e+00	0.00000000000000e+00	7.08170212501518e+01	-4.49674530793128e+00
132	159	141	150	6.59400000000000e+01	5.65486677646163e+02	3.00000000000000e-02	0.00000000000000e+00	0.00000000000000e+00	7.31896934819231e+01	-3.47697913277439e+00
133	160	142	151	6.05300000000000e+01	5.65486677646163e+02	3.00000000000000e-02	0.00000000000000e+00	0.00000000000000e+00	6.94915384974401e+01	-4.60219623389868e+00
134	161	143	152	7.29000000000000e+01	5.65486677646163e+02	3.00000000000000e-02	0.00000000000000e+00	0.00000000000000e+00	6.50143121340815e+01	3.81604022261091e+00
135	162	144	153	6.22700000000000e+01	5.65486677646163e+02	3.00000000000000e-02	0.00000000000000e+00	0.00000000000000e+00	6.24018420805042e+01	-7.05008858733554e-02
136	163	145	154	6.88500000000000e+01	5.65486677646163e+02	3.00000000000000e-02	0.00000000000000e+00	0.00000000000000e+00	6.47281839023424e+01	2.05778365057370e+00
137	164	146	155	7.23000000000000e+01	5.65486677646163e+02	3.00000000000000e-02	0.00000000000000e+00	0.00000000000000e+00	6.53012917647350e+01	3.39374370253092e+00
138	165	147	156	6.48700000000000e+01	5.65486677646163e+02	3.00000000000000e-02	0.00000000000000e+00	0.00000000000000e+00	6.09026379437577e+01	2.10362591525900e+00
139	166	148	157	5.24800000000000e+01	5.65486677646163e+02	3.00000000000000e-02	0.00000000000000e+00	0.00000000000000e+00	4.98414138866227e+01	1.71953006824412e+00
140	167	149	158	4.00800000000000e+01	5.65486677646163e+02	3.00000000000000e-02	0.00000000000000e+00	0.00000000000000e+00	4.39096955398930e+01	-3.04192313474871e+00
1	30	11	20	2.78000000000000e+01	6.28318530717959e+02	3.00000000000000e-02	0.00000000000000e+00	0.00000000000000e+00	3.68987878974361e+01	-9.43808938341362e+00
3	31	12	21	4.04100000000000e+01	6.28318530717959e+02	3.00000000000000e-02	0.00000000000000e+00	0.00000000000000e+00	4.00711484815540e+01	2.80689765750486e-01
4	32	13	22	7.17000000000000e+01	6.28318530717959e+02	3.00000000000000e-02	0.00000000000000e+00	0.00000000000000e+00	3.79444537660299e+01	2.12122466755647e+01
2	33	14	23	1.03000000000000e+02	6.28318530717959e+02	3.00000000000000e-02	0.00000000000000e+00	0.00000000000000e+00	3.71042044559254e+01	3.40332899128121e+01
5	34	15	24	9.41000000000000e+01	6.28318530717959e+02	3.00000000000000e-02	0.00000000000000e+00	0.00000000000000e+00	3.79191695204946e+01	3.02967090091726e+01
7	36	16	26	8.52000000000000e+01	6.28318530717959e+02	3.00000000000000e-02	0.00000000000000e+00	0.00000000000000e+00	3.91575227020564e+01	2.59136293034033e+01
8	37	18	27	7.56400000000000e+01	6.28318530717959e+02	3.00000000000000e-02	0.00000000000000e+00	0.00000000000000e+00	4.12055364964743e+01	2.02470871826902e+01
9	38	19	28	5.53100000000000e+01	6.28318530717959e+02	3.00000000000000e-02	0.00000000000000e+00	0.00000000000000e+00	3.99988884121318e+01	1.08034019991832e+01
10	39	17	29	3.95900000000000e+01	6.28318530717959e+02	3.00000000000000e-02	0.00000000000000e+00	0.00000000000000e+00	3.54956089891975e+01	3.63891875773682e+00
11	40	20	30	2.79400000000000e+01	6.28318530717959e+02	3.00000000000000e-02	0.00000000000000e+00	0.00000000000000e+00	3.13244011666319e+01	-3.81126766610334e+00
12	41	21	31	2.88100000000000e+01	6.28318530717959e+02	3.00000000000000e-02	0.00000000000000e+00	0.00000000000000e+00	3.26104533886854e+01	-4.13034479905634e+00
13	42	22	32	4.66000000000000e+01	6.28318530717959e+02	3.00000000000000e-02	0.00000000000000e+00	0.00000000000000e+00	3.47606330568687e+01	9.77050095591099e+00
14	43	23	33	6.43800000000000e+01	6.28318530717959e+02	3.00000000000000e-02	0.00000000000000e+00	0.00000000000000e+00	3.51646453197252e+01	2.01587280778194e+01
15	44	24	34	5.01200000000000e+01	6.28318530717959e+02	3.00000000000000e-02	0.00000000000000e+00	0.00000000000000e+00	3.42264218069465e+01	1.27140738927118e+01
16	46	26	36	3.58600000000000e+01	6.28318530717959e+02	3.00000000000000e-02	0.00000000000000e+00	0.00000000000000e+00	3.34556864150724e+01	2.31335661965404e+00
18	47	27	37	2.87300000000000e+01	6.28318530717959e+02	3.00000000000000e-02	0.00000000000000e+00	0.00000000000000e+00	3.42146279247681e+01	-5.82371322436529e+00
19	48	28	38	2.15900000000000e+01	6.28318530717959e+02	3.00000000000000e-02	0.00000000000000e+00	0.00000000000000e+00	3.34827201553735e+01	-1.46266414989275e+01
17	49	29	39	2.92700000000000e+01	6.28318530717959e+02	3.00000000000000e-02	0.00000000000000e+00	0.00000000000000e+00	3.27454024344068e+01	-3.73998226135064e+00
20	50	30	40	4.31000000000000e+01	6.28318530717959e+02	3.00000000000000e-02	0.00000000000000e+00	0.00000000000000e+00	3.41063140389594e+01	7.80134891759507e+00
21	51	31	41	5.69200000000000e+01	6.28318530717959e+02	3.00000000000000e-02	0.00000000000000e+00	0.00000000000000e+00	3.83373576578082e+01	1.31740652219723e+01
22	52	32	42	5.59300000000000e+01	6.28318530717959e+02	3.00000000000000e-02	0.00000000000000e+00	0.00000000000000e+00	4.05604212502580e+01	1.07102721250005e+01
23	53	33	43	5.49500000000000e+01	6.28318530717959e+02	3.00000000000000e-02	0.00000000000000e+00	0.00000000000000e+00	4.67151363964771e+01	5.41184829504523e+00
24	54	34	44	4.07200000000000e+01	6.28318530717959e+02	3.00000000000000e-02	0.00000000000000e+00	0.00000000000000e+00	4.73082632118728e+01	-4.99885353077147e+00
25	55	35	45	3.33100000000000e+01	6.28318530717959e+02	3.00000000000000e-02	0.00000000000000e+00	0.00000000000000e+00	4.70654580554776e+01	-1.15227235049253e+01
26	56	36	46	4.12900000000000e+01	6.28318530717959e+02	3.00000000000000e-02	0.00000000000000e+00	0.00000000000000e+00	4.42855560915908e+01	-2.33460787980437e+00
27	57	37	47	3.29200000000000e+01	6.28318530717959e+02	3.00000000000000e-02	0.00000000000000e+00	0.00000000000000e+00	4.08173109759266e+01	-7.16753014139773e+00
28	58	38	48	2.45600000000000e+01	6.28318530717959e+02	3.00000000000000e-02	0.00000000000000e+00	0.00000000000000e+00	4.06602343827134e+01	-1.68043823119661e+01
29	59	39	49	2.43200000000000e+01	6.28318530717959e+02	3.00000000000000e-02	0.00000000000000e+00	0.00000000000000e+00	4.20128202542214e+01	-1.82225252918671e+01
30	60	40	50	3.05500000000000e+01	6.28318530717959e+02	3.00000000000000e-02	0.00000000000000e+00	0.00000000000000e+00	4.62563911741277e+01	-1.38278318780839e+01
31	61	41	51	3.67800000000000e+01	6.28318530717959e+02	3.00000000000000e-02	0.00000000000000e+00	0.00000000000000e+00	4.98470561270665e+01	-1.01335073621781e+01
32	62	42	52	2.65500000000000e+01	6.28318530717959e+02	3.00000000000000e-02	0.00000000000000e+00	0.00000000000000e+00	5.05844564799959e+01	-2.14871532408313e+01
33	63	43	53	2.77900000000000e+01	6.28318530717959e+02	3.00000000000000e-02	0.00000000000000e+00	0.00000000000000e+00	4.95150980578919e+01	-1.92533796861432e+01
34	64	44	54	3.15500000000000e+01	6.28318530717959e+02	3.00000000000000e-02	0.00000000000000e+00	0.00000000000000e+00	4.86033123508643e+01	-1.44039364988111e+01
35	65	45	55	3.78400000000000e+01	6.28318530717959e+02	3.00000000000000e-02	0.00000000000000e+00	0.00000000000000e+00	4.57863663278178e+01	-6.35398747298391e+00
36	66	46	56	4.67300000000000e+01	6.28318530717959e+02	3.00000000000000e-02	0.00000000000000e+00	0.00000000000000e+00	4.49268014502844e+01	1.31172752621165e+00
37	67	47	57	4.39500000000000e+01	6.28318530717959e+02	3.00000000000000e-02	0.00000000000000e+00	0.00000000000000e+00	4.84751001669491e+01	-3.26658811194833e+00
38	68	48	58	4.94100000000000e+01	6.28318530717959e+02	3.00000000000000e-02	0.00000000000000e+00	0.00000000000000e+00	5.16347776036781e+01	-1.46808657238888e+00
39	69	49	59	4.33300000000000e+01	6.28318530717959e+02	3.00000000000000e-02	0.00000000000000e+00	0.00000000000000e+00	5.15361608155326e+01	-5.78128257608571e+00
40	70	50	60	4.82100000000000e+01	6.28318530717959e+02	3.00000000000000e-02	0.00000000000000e+00	0.00000000000000e+00	5.24716565819199e+01	-2.82355602550564e+00
41	71	51	61	5.30900000000000e+01	6.28318530717959e+02	3.00000000000000e-02	0.00000000000000e+00	0.00000000000000e+00	5.40690882596602e+01	-6.09135147807753e-01
42	72	52	62	4.65300000000000e+01	6.28318530717959e+02	3.00000000000000e-02	0.00000000000000e+00	0.00000000000000e+00	5.70384775769587e+01	-6.78762731490874e+00
43	73	53	63	6.18200000000000e+01	6.28318530717959e+02	3.00000000000000e-02	0.00000000000000e+00	0.00000000000000e+00	6.13705865282036e+01	2.43208770078833e-01
44	74	54	64	5.37100000000000e+01	6.28318530717959e+02	3.00000000000000e-02	0.00000000000000e+00	0.00000000000000e+00	6.35102874661843e+01	-5.58675654003299e+00
45	75	55	65	4.56000000000000e+01	6.28318530717959e+02	3.00000000000000e-02	0.00000000000000e+00	0.00000000000000e+00	6.49600896424378e+01	-1.17955119765255e+01
46	76	56	66	5.88600000000000e+01	6.28318530717959e+02	3.00000000000000e-02	0.00000000000000e+00	0.00000000000000e+00	6.44763631938686e+01	-3.03789839073957e+00
47	77	57	67	7.21300000000000e+01	6.28318530717959e+02	3.00000000000000e-02	0.00000000000000e+00	0.00000000000000e+00	6.28260994714567e+01	4.60331542328536e+00
48	78	58	68	5.06400000000000e+01	6.28318530717959e+02	3.00000000000000e-02	0.00000000000000e+00	0.00000000000000e+00	6.35950026863318e+01	-7.59310384362559e+00
49	79	59	69	7.11200000000000e+01	6.28318530717959e+02	3.00000000000000e-02	0.00000000000000e+00	0.00000000000000e+00	6.74520226929924e+01	1.76506736553490e+00
50	80	60	70	6.99600000000000e+01	6.28318530717959e+02	3.00000000000000e-02	0.00000000000000e+00	0.00000000000000e+00	7.01988885127893e+01	-1.13627586828950e-01
51	81	61	71	7.26500000000000e+01	6.28318530717959e+02	3.00000000000000e-02	0.00000000000000e+00	0.00000000000000e+00	7.25613410832480e+01	4.07033992006293e-02
52	82	62	72	8.09200000000000e+01	6.28318530717959e+02	3.00000000000000e-02	0.00000000000000e+00	0.00000000000000e+00	6.94896380819904e+01	5.07611210632094e+00
53	83	63	73	7.78300000000000e+01	6.28318530717959e+02	3.00000000000000e-02	0.00000000000000e+00	0.00000000000000e+00	6.53217175037609e+01	5.84007998419255e+00
54	84	64	74	7.47400000000000e+01	6.28318530717959e+02	3.00000000000000e-02	0.00000000000000e+00	0.00000000000000e+00	6.05100623349109e+01	7.04019177549355e+00
55	85	65	75	6.06600000000000e+01	6.28318530717959e+02	3.00000000000000e-02	0.00000000000000e+00	0.00000000000000e+00	5.64489268510452e+01	2.39827408186090e+00
56	86	66	76	6.62300000000000e+01	6.28318530717959e+02	3.00000000000000e-02	0.00000000000000e+00	0.00000000000000e+00	5.38458576561888e+01	6.90026852003093e+00
57	87	67	77	5.83100000000000e+01	6.28318530717959e+02	3.00000000000000e-02	0.00000000000000e+00	0.00000000000000e+00	5.47519409391160e+01	2.09869287410225e+00
58	88	68	78	5.85300000000000e+01	6.28318530717959e+02	3.00000000000000e-02	0.00000000000000e+00	0.00000000000000e+00	5.48181341913239e+01	2.18394627298929e+00
59	89	69	79	4.80300000000000e+01	6.28318530717959e+02	3.00000000000000e-02	0.00000000000000e+00	0.00000000000000e+00	5.05617641972858e+01	-1.71232755652126e+00
60	90	70	80	3.75400000000000e+01	6.28318530717959e+02	3.00000000000000e-02	0.00000000000000e+00	0.00000000000000e+00	4.89936391701211e+01	-8.87611485570584e+00
61	91	71	81	4.51200000000000e+01	6.28318530717959e+02	3.00000000000000e-02	0.00000000000000e+00	0.00000000000000e+00	4.67101087110285e+01	-1.15449982274745e+00
62	92	72	82	4.19100000000000e+01	6.28318530717959e+02	3.00000000000000e-02	0.00000000000000e+00	0.00000000000000e+00	4.68372751997425e+01	-3.70516341976064e+00
63	93	73	83	4.44900000000000e+01	6.28318530717959e+02	3.00000000000000e-02	0.00000000000000e+00	0.00000000000000e+00	4.87345457004513e+01	-3.03745636981387e+00
64	94	74	84	4.85600000000000e+01	6.28318530717959e+02	3.00000000000000e-02	0.00000000000000e+00	0.00000000000000e+00	5.17344990124289e+01	-2.11082348442194e+00
65	95	75	85	5.25500000000000e+01	6.28318530717959e+02	3.00000000000000e-02	0.00000000000000e+00	0.00000000000000e+00	5.16470579937496e+01	5.77728793680373e-01
66	96	76	86	5.65400000000000e+01	6.28318530717959e+02	3.00000000000000e-02	0.00000000000000e+00	0.00000000000000e+00	5.33395439720056e+01	1.94234610014455e+00
67	97	77	87	5.27100000000000e+01	6.28318530717959e+02	3.00000000000000e-02	0.00000000000000e+00	0.00000000000000e+00	5.72831444936679e+01	-2.77337423883854e+00
68	98	78	88	6.39500000000000e+01	6.28318530717959e+02	3.00000000000000e-02	0.00000000000000e+00	0.00000000000000e+00	6.18155782411435e+01	1.13153734091288e+00
69	99	79	89	5.87300000000000e+01	6.28318530717959e+02	3.00000000000000e-02	0.00000000000000e+00	0.00000000000000e+00	6.74489557742030e+01	-4.61401438399755e+00
70	100	80	90	8.72800000000000e+01	6.28318530717959e+02	3.00000000000000e-02	0.00000000000000e+00	0.00000000000000e+00	7.06321744990023e+01	7.05451904637065e+00
71	101	81	91	1.15840000000000e+02	6.28318530717959e+02	3.00000000000000e-02	0.00000000000000e+00	0.00000000000000e+00	7.35975606023341e+01	1.51199349147292e+01
72	102	82	92	8.92100000000000e+01	6.28318530717959e+02	3.00000000000000e-02	0.00000000000000e+00	0.00000000000000e+00	7.04599495169485e+01	7.86495614970072e+00
73	103	83	93	6.07500000000000e+01	6.28318530717959e+02	3.00000000000000e-02	0.00000000000000e+00	0.00000000000000e+00	6.44824620996131e+01	-1.98753997252436e+00
74	104	84	94	5.23100000000000e+01	6.28318530717959e+02	3.00000000000000e-02	0.00000000000000e+00	0.00000000000000e+00	6.19050708456982e+01	-5.61381796385290e+00
75	105	85	95	6.39800000000000e+01	6.28318530717959e+02	3.00000000000000e-02	0.00000000000000e+00	0.00000000000000e+00	6.33732509220632e+01	3.17622395126301e-01
76	106	86	96	5.23200000000000e+01	6.28318530717959e+02	3.00000000000000e-02	0.00000000000000e+00	0.00000000000000e+00	6.23168414799101e+01	-5.82843369475784e+00
77	107	87	97	5.81400000000000e+01	6.28318530717959e+02	3.00000000000000e-02	0.00000000000000e+00	0.00000000000000e+00	5.80707588414647e+01	3.97216043329725e-02
78	108	88	98	4.19800000000000e+01	6.28318530717959e+02	3.00000000000000e-02	0.00000000000000e+00	0.00000000000000e+00	5.43802616616393e+01	-8.62693121752947e+00
79	109	89	99	4.25900000000000e+01	6.28318530717959e+02	3.00000000000000e-02	0.00000000000000e+00	0.00000000000000e+00	4.90241731284903e+01	-4.68980072271825e+00
80	110	90	100	2.95900000000000e+01	6.28318530717959e+02	3.00000000000000e-02	0.00000000000000e+00	0.00000000000000e+00	4.05982835143576e+01	-1.05429773776781e+01
81	111	91	101	2.61200000000000e+01	6.28318530717959e+02	3.00000000000000e-02	0.00000000000000e+00	0.00000000000000e+00	3.31224571927212e+01	-7.91700709861088e+00
82	112	92	102	2.84900000000000e+01	6.28318530717959e+02	3.00000000000000e-02	0.00000000000000e+00	0.00000000000000e+00	3.04060971868518e+01	-2.16966683829281e+00
83	113	93	103	3.02800000000000e+01	6.28318530717959e+02	3.00000000000000e-02	0.00000000000000e+00	0.00000000000000e+00	2.90449406679545e+01	1.38810399632129e+00
84	114	94	104	3.11600000000000e+01	6.28318530717959e+02	3.00000000000000e-02	0.00000000000000e+00	0.00000000000000e+00	2.78398562168296e+01	3.75555167250134e+00
85	115	95	105	2.78200000000000e+01	6.28318530717959e+02	3.00000000000000e-02	0.00000000000000e+00	0.00000000000000e+00	2.66429594375952e+01	1.44100856644423e+00
86	116	96	106	3.51500000000000e+01	6.28318530717959e+02	3.00000000000000e-02	0.00000000000000e+00	0.00000000000000e+00	2.80401149309256e+01	7.53294857594090e+00
87	117	97	107	4.26800000000000e+01	6.28318530717959e+02	3.00000000000000e-02	0.00000000000000e+00	0.00000000000000e+00	3.24730684362533e+01	9.11064480430509e+00
88	118	98	108	3.49200000000000e+01	6.28318530717959e+02	3.00000000000000e-02	0.00000000000000e+00	0.00000000000000e+00	3.57883151155037e+01	-8.18723857854708e-01
89	119	99	109	3.98800000000000e+01	6.28318530717959e+02	3.00000000000000e-02	0.00000000000000e+00	0.00000000000000e+00	3.91246172168858e+01	6.37435995838483e-01
90	120	100	110	5.14800000000000e+01	6.28318530717959e+02	3.00000000000000e-02	0.00000000000000e+00	0.00000000000000e+00	4.34708519923880e+01	5.63675794568185e+00
91	121	101	111	5.71200000000000e+01	6.28318530717959e+02	3.00000000000000e-02	0.00000000000000e+00	0.00000000000000e+00	5.03601830372479e+01	4.19844914285921e+00
92	122	102	112	7.00800000000000e+01	6.28318530717959e+02	3.00000000000000e-02	0.00000000000000e+00	0.00000000000000e+00	5.49703928026290e+01	8.09475730058088e+00
93	123	103	113	6.12500000000000e+01	6.28318530717959e+02	3.00000000000000e-02	0.00000000000000e+00	0.00000000000000e+00	5.59122557829211e+01	3.03934161731441e+00
94	124	104	114	4.99800000000000e+01	6.28318530717959e+02	3.00000000000000e-02	0.00000000000000e+00	0.00000000000000e+00	5.85184785113522e+01	-5.25732169809593e+00
95	125	105	115	7.01900000000000e+01	6.28318530717959e+02	3.00000000000000e-02	0.00000000000000e+00	0.00000000000000e+00	6.12735469578769e+01	4.52858783556878e+00
96	126	106	116	6.50200000000000e+01	6.28318530717959e+02	3.00000000000000e-02	0.00000000000000e+00	0.00000000000000e+00	6.38165839632544e+01	6.22727385819595e-01
97	127	107	117	6.39600000000000e+01	6.28318530717959e+02	3.00000000000000e-02	0.00000000000000e+00	0.00000000000000e+00	6.36166604906942e+01	1.79416484122452e-01
98	128	108	118	6.75600000000000e+01	6.28318530717959e+02	3.00000000000000e-02	0.00000000000000e+00	0.00000000000000e+00	6.18091934627080e+01	2.96546590024539e+00
99	129	109	119	5.89400000000000e+01	6.28318530717959e+02	3.00000000000000e-02	0.00000000000000e+00	0.00000000000000e+00	5.72555380942840e+01	9.66520142747237e-01
100	130	110	120	4.32400000000000e+01	6.28318530717959e+02	3.00000000000000e-02	0.00000000000000e+00	0.00000000000000e+00	4.74201341092689e+01	-3.07603053261418e+00
101	131	111	121	4.23400000000000e+01	6.28318530717959e+02	3.00000000000000e-02	0.00000000000000e+00	0.00000000000000e+00	4.47552044488298e+01	-1.84918242614242e+00
102	132	112	122	3.86800000000000e+01	6.28318530717959e+02	3.00000000000000e-02	0.00000000000000e+00	0.00000000000000e+00	4.09054611776129e+01	-1.86469695583285e+00
103	133	113	123	3.66700000000000e+01	6.28318530717959e+02	3.00000000000000e-02	0.00000000000000e+00	0.00000000000000e+00	3.51493104019690e+01	1.41179942465547e+00
104	134	114	124	2.60800000000000e+01	6.28318530717959e+02	3.00000000000000e-02	0.00000000000000e+00	0.00000000000000e+00	2.86565480488529e+01	-3.14044110588590e+00
105	135	115	125	3.88800000000000e+01	6.28318530717959e+02	3.00000000000000e-02	0.00000000000000e+00	0.00000000000000e+00	2.74403870959745e+01	1.16154689945967e+01
106	136	116	126	2.79700000000000e+01	6.28318530717959e+02	3.00000000000000e-02	0.00000000000000e+00	0.00000000000000e+00	2.61734386747438e+01	2.21291339069487e+00
107	137	117	127	2.78600000000000e+01	6.28318530717959e+02	3.00000000000000e-02	0.00000000000000e+00	0.00000000000000e+00	2.46808370627183e+01	4.03882844159612e+00
108	138	118	128	2.77500000000000e+01	6.28318530717959e+02	3.00000000000000e-02	0.00000000000000e+00	0.00000000000000e+00	2.45290877876186e+01	4.11253900786943e+00
109	139	119	129	2.40700000000000e+01	6.28318530717959e+02	3.00000000000000e-02	0.00000000000000e+00	0.00000000000000e+00	2.40407935958164e+01	4.04710399870556e-02
110	140	120	130	3.03400000000000e+01	6.28318530717959e+02	3.00000000000000e-02	0.00000000000000e+00	0.00000000000000e+00	2.51537258196718e+01	6.24869814745114e+00
111	141	121	131	2.75400000000000e+01	6.28318530717959e+02	3.00000000000000e-02	0.00000000000000e+00	0.00000000000000e+00	2.59229936941581e+01	2.01697103419827e+00
112	142	122	132	3.19300000000000e+01	6.28318530717959e+02	3.00000000000000e-02	0.00000000000000e+00	0.00000000000000e+00	2.83867251943324e+01	3.92081311901215e+00
113	143	123	133	3.05000000000000e+01	6.28318530717959e+02	3.00000000000000e-02	0.00000000000000e+00	0.00000000000000e+00	2.87711766037151e+01	1.94508699965228e+00
114	144	124	134	3.25800000000000e+01	6.28318530717959e+02	3.00000000000000e-02	0.00000000000000e+00	0.00000000000000e+00	3.32267363345438e+01	-6.55208664694588e-01
115	145	125	135	4.45900000000000e+01	6.28318530717959e+02	3.00000000000000e-02	0.00000000000000e+00	0.00000000000000e+00	3.89795397780361e+01	4.48242437491736e+00
116	146	126	136	4.94100000000000e+01	6.28318530717959e+02	3.00000000000000e-02	0.00000000000000e+00	0.00000000000000e+00	4.73265691408954e+01	1.43603265368365e+00
117	147	127	137	5.10700000000000e+01	6.28318530717959e+02	3.00000000000000e-02	0.00000000000000e+00	0.00000000000000e+00	5.24692458430360e+01	-9.00998794267224e-01
118	148	128	138	5.33200000000000e+01	6.28318530717959e+02	3.00000000000000e-02	0.00000000000000e+00	0.00000000000000e+00	5.19910392511268e+01	8.41337122398459e-01
119	149	129	139	5.49000000000000e+01	6.28318530717959e+02	3.00000000000000e-02	0.00000000000000e+00	0.00000000000000e+00	5.35393159945863e+01	8.36569536698617e-01
120	150	130	140	6.02500000000000e+01	6.28318530717959e+02	3.00000000000000e-02	0.00000000000000e+00	0.00000000000000e+00	5.19044348317838e+01	4.96994454322839e+00
121	151	131	141	6.13600000000000e+01	6.28318530717959e+02	3.00000000000000e-02	0.00000000000000e+00	0.00000000000000e+00	5.80829867449729e+01	1.82951210640884e+00
122	152	132	142	6.69000000000000e+01	6.28318530717959e+02	3.00000000000000e-02	0.00000000000000e+00	0.00000000000000e+00	6.52831711835286e+01	8.15489315971973e-01
123	153	133	143	7.15100000000000e+01	6.28318530717959e+02	3.00000000000000e-02	0.00000000000000e+00	0.00000000000000e+00	7.25259738567217e+01	-4.70248591107136e-01
124	154	134	144	7.61400000000000e+01	6.28318530717959e+02	3.00000000000000e-02	0.00000000000000e+00	0.00000000000000e+00	7.00304131841312e+01	2.78813764008330e+00
125	155	135	145	6.63600000000000e+01	6.28318530717959e+02	3.00000000000000e-02	0.00000000000000e+00	0.00000000000000e+00	6.99413419061616e+01	-1.75208175541834e+00
126	156	136	146	7.15000000000000e+01	6.28318530717959e+02	3.00000000000000e-02	0.00000000000000e+00	0.00000000000000e+00	7.10526250823435e+01	2.09221628920512e-01
127	157	137	147	9.39200000000000e+01	6.28318530717959e+02	3.00000000000000e-02	0.00000000000000e+00	0.00000000000000e+00	7.31493647691741e+01	8.33133041999217e+00
128	158	138	148	1.16350000000000e+02	6.28318530717959e+02	3.00000000000000e-02	0.00000000000000e+00	0.00000000000000e+00	7.61117901985476e+01	1.41466568848471e+01
129	159	139	149	9.06200000000000e+01	6.28318530717959e+02	3.00000000000000e-02	0.00000000000000e+00	0.00000000000000e+00	7.41191614835417e+01	6.70002836146593e+00
130	160	140	150	6.49000000000000e+01	6.28318530717959e+02	3.00000000000000e-02	0.00000000000000e+00	0.00000000000000e+00	7.51852191500491e+01	-4.90356780235931e+00
131	161	141	151	7.63100000000000e+01	6.28318530717959e+02	3.00000000000000e-02	0.00000000000000e+00	0.00000000000000e+00	7.09432031654975e+01	2.43081299369431e+00
132	162	142	152	6.50400000000000e+01	6.28318530717959e+02	3.00000000000000e-02	0.00000000000000e+00	0.00000000000000e+00	6.25368672537199e+01	1.30820687820593e+00
133	163	143	153	5.11000000000000e+01	6.28318530717959e+02	3.00000000000000e-02	0.00000000000000e+00	0.00000000000000e+00	5.40281750407575e+01	-1.85737244330717e+00
134	164	144	154	6.16200000000000e+01	6.28318530717959e+02	3.00000000000000e-02	0.00000000000000e+00	0.00000000000000e+00	5.58513935897771e+01	3.27640051987273e+00
135	165	145	155	6.69100000000000e+01	6.28318530717959e+02	3.00000000000000e-02	0.00000000000000e+00	0.00000000000000e+00	5.89542322100537e+01	4.21956717242855e+00
136	166	146	156	5.38900000000000e+01	6.28318530717959e+02	3.00000000000000e-02	0.00000000000000e+00	0.00000000000000e+00	5.28415387093366e+01	6.54911085123662e-01
137	167	147	157	4.02200000000000e+01	6.28318530717959e+02	3.00000000000000e-02	0.00000000000000e+00	0.00000000000000e+00	4.51620466968350e+01	-3.86308916401693e+00
1	33	12	22	3.96700000000000e+01	6.91150383789755e+02	3.00000000000000e-02	0.00000000000000e+00	0.00000000000000e+00	3.93324303037701e+01	2.84861912365253e-01
3	34	13	23	3.91200000000000e+01	6.91150383789755e+02	3.00000000000000e-02	0.00000000000000e+00	0.00000000000000e+00	3.99360658602216e+01	-6.88199224105250e-01
4	35	14	24	3.24900000000000e+01	6.91150383789755e+02	3.00000000000000e-02	0.00000000000000e+00	0.00000000000000e+00	3.78581461959461e+01	-5.09712767292791e+00
2	36	15	25	3.04400000000000e+01	6.91150383789755e+02	3.00000000000000e-02	0.00000000000000e+00	0.00000000000000e+00	3.70188718646522e+01	-6.52234333384184e+00
6	38	16	27	2.83800000000000e+01	6.91150383789755e+02	3.00000000000000e-02	0.00000000000000e+00	0.00000000000000e+00	3.91633029561776e+01	-1.07351829175402e+01
7	39	18	28	2.20000000000000e+01	6.91150383789755e+02	3.00000000000000e-02	0.00000000000000e+00	0.00000000000000e+00	4.04710396373691e+01	-2.03181398095649e+01
8	40	19	29	3.09800000000000e+01	6.91150383789755e+02	3.00000000000000e-02	0.00000000000000e+00	0.00000000000000e+00	4.19903270377458e+01	-1.01365816048147e+01
9	41	17	30	2.19000000000000e+01	6.91150383789755e+02	3.00000000000000e-02	0.00000000000000e+00	0.00000000000000e+00	3.78434031182055e+01	-1.82323345910276e+01
10	42	20	31	1.81200000000000e+01	6.91150383789755e+02	3.00000000000000e-02	0.00000000000000e+00	0.00000000000000e+00	3.42947336336277e+01	-2.12658501130212e+01
11	43	21	32	1.26900000000000e+01	6.91150383789755e+02	3.00000000000000e-02	0.00000000000000e+00	0.00000000000000e+00	3.16096605500884e+01	-3.04216168585360e+01
12	44	22	33	1.88700000000000e+01	6.91150383789755e+02	3.00000000000000e-02	0.00000000000000e+00	0.00000000000000e+00	3.18953399935135e+01	-1.74962186010443e+01
13	45	23	34	4.13600000000000e+01	6.91150383789755e+02	3.00000000000000e-02	0.00000000000000e+00	0.00000000000000e+00	3.54605876102766e+01	5.12974528725397e+00
14	46	24	35	4.92900000000000e+01	6.91150383789755e+02	3.00000000000000e-02	0.00000000000000e+00	0.00000000000000e+00	3.59445991524248e+01	1.05247460011936e+01
15	47	25	36	5.72100000000000e+01	6.91150383789755e+02	3.00000000000000e-02	0.00000000000000e+00	0.00000000000000e+00	3.92382209883271e+01	1.25692470433309e+01
16	49	27	38	5.05600000000000e+01	6.91150383789755e+02	3.00000000000000e-02	0.00000000000000e+00	0.00000000000000e+00	3.83200474655105e+01	9.23958526917204e+00
18	50	28	39	3.43300000000000e+01	6.91150383789755e+02	3.00000000000000e-02	0.00000000000000e+00	0.00000000000000e+00	3.62841198401964e+01	-1.84535227054203e+00
19	51	29	40	2.98200000000000e+01	6.91150383789755e+02	3.00000000000000e-02	0.00000000000000e+00	0.00000000000000e+00	3.56095816570646e+01	-5.91451466593364e+00
17	52	30	41	3.94800000000000e+01	6.91150383789755e+02	3.00000000000000e-02	0.00000000000000e+00	0.00000000000000e+00	4.06066282722918e+01	-9.37903221850034e-01
20	53	31	42	3.10100000000000e+01	6.91150383789755e+02	3.00000000000000e-02	0.00000000000000e+00	0.00000000000000e+00	4.25584802258301e+01	-1.05523134101298e+01
21	54	32	43	2.25500000000000e+01	6.91150383789755e+02	3.00000000000000e-02	0.00000000000000e+00	0.00000000000000e+00	4.72707335804474e+01	-2.46718765893096e+01
22	55	33	44	2.46000000000000e+01	6.91150383789755e+02	3.00000000000000e-02	0.00000000000000e+00	0.00000000000000e+00	5.03352119781235e+01	-2.38652809526884e+01
23	56	34	45	2.47600000000000e+01	6.91150383789755e+02	3.00000000000000e-02	0.00000000000000e+00	0.00000000000000e+00	5.06642761064510e+01	-2.38663867046380e+01
24	57	35	46	3.13800000000000e+01	6.91150383789755e+02	3.00000000000000e-02	0.00000000000000e+00	0.00000000000000e+00	5.06545476412192e+01	-1.59619421656918e+01
25	58	36	47	2.70800000000000e+01	6.91150383789755e+02	3.00000000000000e-02	0.00000000000000e+00	0.00000000000000e+00	4.77368845804618e+01	-1.88969637560789e+01
26	59	37	48	2.65200000000000e+01	6.91150383789755e+02	3.00000000000000e-02	0.00000000000000e+00	0.00000000000000e+00	4.48443864776218e+01	-1.75099751068269e+01
27	60	38	49	3.00600000000000e+01	6.91150383789755e+02	3.00000000000000e-02	0.00000000000000e+00	0.00000000000000e+00	4.52323109982211e+01	-1.36205430742229e+01
28	61	39	50	3.46500000000000e+01	6.91150383789755e+02	3.00000000000000e-02	0.00000000000000e+00	0.00000000000000e+00	4.94675822617024e+01	-1.18673275197190e+01
29	62	40	51	4.56900000000000e+01	6.91150383789755e+02	3.00000000000000e-02	0.00000000000000e+00	0.00000000000000e+00	5.40116951641513e+01	-5.57737148845234e+00
30	63	41	52	5.67200000000000e+01	6.91150383789755e+02	3.00000000000000e-02	0.00000000000000e+00	0.00000000000000e+00	5.42202851143596e+01	1.50239265650119e+00
31	64	42	53	4.90500000000000e+01	6.91150383789755e+02	3.00000000000000e-02	0.00000000000000e+00	0.00000000000000e+00	5.49490942025092e+01	-3.78556702238747e+00
32	65	43	54	4.13800000000000e+01	6.91150383789755e+02	3.00000000000000e-02	0.00000000000000e+00	0.00000000000000e+00	5.30794438216542e+01	-8.29973529922281e+00
33	66	44	55	3.68800000000000e+01	6.91150383789755e+02	3.00000000000000e-02	0.00000000000000e+00	0.00000000000000e+00	5.03263506378251e+01	-1.03619803594942e+01
34	67	45	56	5.33600000000000e+01	6.91150383789755e+02	3.00000000000000e-02	0.00000000000000e+00	0.00000000000000e+00	4.79424900794358e+01	3.56864107893860e+00
35	68	46	57	4.45500000000000e+01	6.91150383789755e+02	3.00000000000000e-02	0.00000000000000e+00	0.00000000000000e+00	4.80595334546513e+01	-2.52761229280238e+00
36	69	47	58	3.58000000000000e+01	6.91150383789755e+02	3.00000000000000e-02	0.00000000000000e+00	0.00000000000000e+00	5.00687623249257e+01	-1.11816471244883e+01
37	70	48	59	3.45700000000000e+01	6.91150383789755e+02	3.00000000000000e-02	0.00000000000000e+00	0.00000000000000e+00	5.20252286617630e+01	-1.36247504521671e+01
38	71	49	60	3.99200000000000e+01	6.91150383789755e+02	3.00000000000000e-02	0.00000000000000e+00	0.00000000000000e+00	5.21605062449157e+01	-8.91493905812501e+00
39	72	50	61	3.92300000000000e+01	6.91150383789755e+02	3.00000000000000e-02	0.00000000000000e+00	0.00000000000000e+00	5.17415550760938e+01	-9.22731572240649e+00
40	73	51	62	6.78300000000000e+01	6.91150383789755e+02	3.00000000000000e-02	0.00000000000000e+00	0.00000000000000e+00	5.38791691023260e+01	7.67535482660569e+00
41	74	52	63	9.64400000000000e+01	6.91150383789755e+02	3.00000000000000e-02	0.00000000000000e+00	0.00000000000000e+00	5.92041819569214e+01	1.62642957584589e+01
42	75	53	64	1.36360000000000e+02	6.91150383789755e+02	3.00000000000000e-02	0.00000000000000e+00	0.00000000000000e+00	6.17170525467144e+01	2.64246058717666e+01
43	76	54	65	1.01560000000000e+02	6.91150383789755e+02	3.00000000000000e-02	0.00000000000000e+00	0.00000000000000e+00	6.52942043128781e+01	1.47248826424282e+01
44	77	55	66	7.62100000000000e+01	6.91150383789755e+02	3.00000000000000e-02	0.00000000000000e+00	0.00000000000000e+00	6.50124990953965e+01	5.29710474977122e+00
45	78	56	67	5.08600000000000e+01	6.91150383789755e+02	3.00000000000000e-02	0.00000000000000e+00	0.00000000000000e+00	6.37348229234068e+01	-7.52181079704259e+00
46	79	57	68	6.71000000000000e+01	6.91150383789755e+02	3.00000000000000e-02	0.00000000000000e+00	0.00000000000000e+00	6.59031000675785e+01	5.99952052632554e-01
47	80	58	69	8.33300000000000e+01	6.91150383789755e+02	3.00000000000000e-02	0.00000000000000e+00	0.00000000000000e+00	6.89686324955422e+01	6.30522762244438e+00
48	81	59	70	6.33700000000000e+01	6.91150383789755e+02	3.00000000000000e-02	0.00000000000000e+00	0.00000000000000e+00	6.91220683580267e+01	-2.89611616246406e+00
49	82	60	71	6.07200000000000e+01	6.91150383789755e+02	3.00000000000000e-02	0.00000000000000e+00	0.00000000000000e+00	6.93472730602299e+01	-4.42845638301842e+00
50	83	61	72	8.05300000000000e+01	6.91150383789755e+02	3.00000000000000e-02	0.00000000000000e+00	0.00000000000000e+00	6.88908326976898e+01	5.20355563077493e+00
51	84	62	73	7.80600000000000e+01	6.91150383789755e+02	3.00000000000000e-02	0.00000000000000e+00	0.00000000000000e+00	6.71877330483553e+01	4.99956916032733e+00
52	85	63	74	7.10600000000000e+01	6.91150383789755e+02	3.00000000000000e-02	0.00000000000000e+00	0.00000000000000e+00	6.49089873544779e+01	3.01794988107105e+00
53	86	64	75	5.97200000000000e+01	6.91150383789755e+02	3.00000000000000e-02	0.00000000000000e+00	0.00000000000000e+00	6.25076083627587e+01	-1.52071034888491e+00
54	87	65	76	4.83900000000000e+01	6.91150383789755e+02	3.00000000000000e-02	0.00000000000000e+00	0.00000000000000e+00	5.87561076270756e+01	-6.47006421418045e+00
55	88	66	77	5.73300000000000e+01	6.91150383789755e+02	3.00000000000000e-02	0.00000000000000e+00	0.00000000000000e+00	5.67103989362796e+01	3.62215008218699e-01
56	89	67	78	5.73800000000000e+01	6.91150383789755e+02	3.00000000000000e-02	0.00000000000000e+00	0.00000000000000e+00	5.55449129653728e+01	1.08346248139221e+00
57	90	68	79	6.20900000000000e+01	6.91150383789755e+02	3.00000000000000e-02	0.00000000000000e+00	0.00000000000000e+00	5.39263542931571e+01	4.69885463443148e+00
58	91	69	80	6.65100000000000e+01	6.91150383789755e+02	3.00000000000000e-02	0.00000000000000e+00	0.00000000000000e+00	5.06552793662053e+01	9.07696182430984e+00
59	92	70	81	7.58900000000000e+01	6.91150383789755e+02	3.00000000000000e-02	0.00000000000000e+00	0.00000000000000e+00	4.98050311239202e+01	1.40389639301105e+01
60	93	71	82	5.19300000000000e+01	6.91150383789755e+02	3.00000000000000e-02	0.00000000000000e+00	0.00000000000000e+00	4.79540673437308e+01	2.65510118124723e+00
61	94	72	83	4.48500000000000e+01	6.91150383789755e+02	3.00000000000000e-02	0.00000000000000e+00	0.00000000000000e+00	4.75230814452616e+01	-1.92973098919308e+00
62	95	73	84	4.00500000000000e+01	6.91150383789755e+02	3.00000000000000e-02	0.00000000000000e+00	0.00000000000000e+00	4.90139933806734e+01	-6.73257210078989e+00
63	96	74	85	4.40100000000000e+01	6.91150383789755e+02	3.00000000000000e-02	0.00000000000000e+00	0.00000000000000e+00	5.09339773913821e+01	-4.87044507600400e+00
64	97	75	86	4.93600000000000e+01	6.91150383789755e+02	3.00000000000000e-02	0.00000000000000e+00	0.00000000000000e+00	5.40393483814361e+01	-3.01906917812111e+00
65	98	76	87	5.51300000000000e+01	6.91150383789755e+02	3.00000000000000e-02	0.00000000000000e+00	0.00000000000000e+00	6.08815495678567e+01	-3.30787111502655e+00
66	99	77	88	5.55300000000000e+01	6.91150383789755e+02	3.00000000000000e-02	0.00000000000000e+00	0.00000000000000e+00	6.53423702151811e+01	-5.42390884545781e+00
67	100	78	89	6.39700000000000e+01	6.91150383789755e+02	3.00000000000000e-02	0.00000000000000e+00	0.00000000000000e+00	6.79726038441471e+01	-2.02301719631143e+00
68	101	79	90	5.81100000000000e+01	6.91150383789755e+02	3.00000000000000e-02	0.00000000000000e+00	0.00000000000000e+00	7.20499917819308e+01	-7.16741474326229e+00
69	102	80	91	7.41300000000000e+01	6.91150383789755e+02	3.00000000000000e-02	0.00000000000000e+00	0.00000000000000e+00	7.68824733959581e+01	-1.21525425465876e+00
70	103	81	92	7.46400000000000e+01	6.91150383789755e+02	3.00000000000000e-02	0.00000000000000e+00	0.00000000000000e+00	7.45381206733730e+01	4.55291709919573e-02
71	104	82	93	9.36300000000000e+01	6.91150383789755e+02	3.00000000000000e-02	0.00000000000000e+00	0.00000000000000e+00	7.16035587889730e+01	8.94020228209274e+00
72	105	83	94	7.57500000000000e+01	6.91150383789755e+02	3.00000000000000e-02	0.00000000000000e+00	0.00000000000000e+00	6.81512470647711e+01	3.52363291971995e+00
73	106	84	95	5.78700000000000e+01	6.91150383789755e+02	3.00000000000000e-02	0.00000000000000e+00	0.00000000000000e+00	6.53503266821430e+01	-4.05211078112089e+00
74	107	85	96	6.71800000000000e+01	6.91150383789755e+02	3.00000000000000e-02	0.00000000000000e+00	0.00000000000000e+00	6.30502834562295e+01	2.11476753487133e+00
75	108	86	97	5.63700000000000e+01	6.91150383789755e+02	3.00000000000000e-02	0.00000000000000e+00	0.00000000000000e+00	6.15881415345416e+01	-2.95107474526297e+00
76	109	87	98	5.70200000000000e+01	6.91150383789755e+02	3.00000000000000e-02	0.00000000000000e+00	0.00000000000000e+00	5.72132499664872e+01	-1.12781028231209e-01
77	110	88	99	3.92900000000000e+01	6.91150383789755e+02	3.00000000000000e-02	0.00000000000000e+00	0.00000000000000e+00	4.85820869130189e+01	-7.07616157854591e+00
78	111	89	100	3.38300000000000e+01	6.91150383789755e+02	3.00000000000000e-02	0.00000000000000e+00	0.00000000000000e+00	4.08212935665062e+01	-6.26186212047742e+00
79	112	90	101	2.83800000000000e+01	6.91150383789755e+02	3.00000000000000e-02	0.00000000000000e+00	0.00000000000000e+00	3.57142440426859e+01	-7.66216434231871e+00
80	113	91	102	2.78300000000000e+01	6.91150383789755e+02	3.00000000000000e-02	0.00000000000000e+00	0.00000000000000e+00	3.14903368231187e+01	-4.11887185703225e+00
81	114	92	103	2.51800000000000e+01	6.91150383789755e+02	3.00000000000000e-02	0.00000000000000e+00	0.00000000000000e+00	3.01347006238580e+01	-5.98757745899909e+00
82	115	93	104	2.68300000000000e+01	6.91150383789755e+02	3.00000000000000e-02	0.00000000000000e+00	0.00000000000000e+00	2.92648830688380e+01	-2.89558675667100e+00
83	116	94	105	3.22900000000000e+01	6.91150383789755e+02	3.00000000000000e-02	0.00000000000000e+00	0.00000000000000e+00	2.84182573359332e+01	4.25752607367402e+00
84	117	95	106	3.77400000000000e+01	6.91150383789755e+02	3.00000000000000e-02	0.00000000000000e+00	0.00000000000000e+00	2.78715701644811e+01	1.01037787052424e+01
85	118	96	107	3.41500000000000e+01	6.91150383789755e+02	3.00000000000000e-02	0.00000000000000e+00	0.00000000000000e+00	2.88791219143818e+01	5.58812256936908e+00
86	119	97	108	3.05500000000000e+01	6.91150383789755e+02	3.00000000000000e-02	0.00000000000000e+00	0.00000000000000e+00	3.10569001396364e+01	-5.48544159751785e-01
87	120	98	109	4.11400000000000e+01	6.91150383789755e+02	3.00000000000000e-02	0.00000000000000e+00	0.00000000000000e+00	3.48059551651030e+01	5.57307955502246e+00
88	121	99	110	4.60700000000000e+01	6.91150383789755e+02	3.00000000000000e-02	0.00000000000000e+00	0.00000000000000e+00	4.00356744967643e+01	4.67970199625861e+00
89	122	100	111	5.05800000000000e+01	6.91150383789755e+02	3.00000000000000e-02	0.00000000000000e+00	0.00000000000000e+00	4.58751627966619e+01	3.25441287241016e+00
90	123	101	112	5.64300000000000e+01	6.91150383789755e+02	3.00000000000000e-02	0.00000000000000e+00	0.00000000000000e+00	5.23905392670083e+01	2.47583017648010e+00
91	124	102	113	6.35100000000000e+01	6.91150383789755e+02	3.00000000000000e-02	0.00000000000000e+00	0.00000000000000e+00	5.84820113089919e+01	2.74927219520581e+00
92	125	103	114	6.48400000000000e+01	6.91150383789755e+02	3.00000000000000e-02	0.00000000000000e+00	0.00000000000000e+00	5.91290179445149e+01	3.07336318620237e+00
93	126	104	115	9.18000000000000e+01	6.91150383789755e+02	3.00000000000000e-02	0.00000000000000e+00	0.00000000000000e+00	6.05811028621190e+01	1.38543095713309e+01
94	127	105	116	6.19700000000000e+01	6.91150383789755e+02	3.00000000000000e-02	0.00000000000000e+00	0.00000000000000e+00	6.44991193996179e+01	-1.33337246718031e+00
95	128	106	117	6.47900000000000e+01	6.91150383789755e+02	3.00000000000000e-02	0.00000000000000e+00	0.00000000000000e+00	6.43147310455439e+01	2.45418892361945e-01
96	129	107	118	6.54900000000000e+01	6.91150383789755e+02	3.00000000000000e-02	0.00000000000000e+00	0.00000000000000e+00	5.98993765310889e+01	2.97437875529131e+00
97	130	108	119	5.40700000000000e+01	6.91150383789755e+02	3.00000000000000e-02	0.00000000000000e+00	0.00000000000000e+00	5.58793933199081e+01	-1.09720580327301e+00
98	131	109	120	4.26500000000000e+01	6.91150383789755e+02	3.00000000000000e-02	0.00000000000000e+00	0.00000000000000e+00	5.37879991695110e+01	-7.73410348612975e+00
99	132	110	121	4.66400000000000e+01	6.91150383789755e+02	3.00000000000000e-02	0.00000000000000e+00	0.00000000000000e+00	4.91549671461101e+01	-1.75064534677071e+00
100	133	111	122	4.17300000000000e+01	6.91150383789755e+02	3.00000000000000e-02	0.00000000000000e+00	0.00000000000000e+00	4.31030478120658e+01	-1.07911383010597e+00
101	134	112	123	3.06800000000000e+01	6.91150383789755e+02	3.00000000000000e-02	0.00000000000000e+00	0.00000000000000e+00	3.52443814049236e+01	-4.62317157622398e+00
102	135	113	124	2.14500000000000e+01	6.91150383789755e+02	3.00000000000000e-02	0.00000000000000e+00	0.00000000000000e+00	2.89822178941910e+01	-1.00319273493581e+01
103	136	114	125	2.08300000000000e+01	6.91150383789755e+02	3.00000000000000e-02	0.00000000000000e+00	0.00000000000000e+00	2.71738524157110e+01	-8.86203158100155e+00
104	137	115	126	2.02000000000000e+01	6.91150383789755e+02	3.00000000000000e-02	0.00000000000000e+00	0.00000000000000e+00	2.66765994864939e+01	-9.27013843294680e+00
105	138	116	127	2.39600000000000e+01	6.91150383789755e+02	3.00000000000000e-02	0.00000000000000e+00	0.00000000000000e+00	2.52792722858724e+01	-1.78663364856561e+00
106	139	117	128	2.56300000000000e+01	6.91150383789755e+02	3.00000000000000e-02	0.00000000000000e+00	0.00000000000000e+00	2.40223245203183e+01	2.15933180128407e+00
107	140	118	129	2.44200000000000e+01	6.91150383789755e+02	3.00000000000000e-02	0.00000000000000e+00	0.00000000000000e+00	2.34347261279226e+01	1.37278412771219e+00
108	141	119	130	2.39500000000000e+01	6.91150383789755e+02	3.00000000000000e-02	0.00000000000000e+00	0.00000000000000e+00	2.37950449533673e+01	2.16365336393383e-01
109	142	120	131	2.74400000000000e+01	6.91150383789755e+02	3.00000000000000e-02	0.00000000000000e+00	0.00000000000000e+00	2.31875826109711e+01	5.61282999196922e+00
110	143	121	132	2.51400000000000e+01	6.91150383789755e+02	3.00000000000000e-02	0.00000000000000e+00	0.00000000000000e+00	2.30415542896440e+01	2.90536363739159e+00
111	144	122	133	2.26200000000000e+01	6.91150383789755e+02	3.00000000000000e-02	0.00000000000000e+00	0.00000000000000e+00	2.44972533120089e+01	-2.65755102880069e+00
112	145	123	134	2.64000000000000e+01	6.91150383789755e+02	3.00000000000000e-02	0.00000000000000e+00	0.00000000000000e+00	2.86929330732363e+01	-2.77622826368772e+00
113	146	124	135	3.76300000000000e+01	6.91150383789755e+02	3.00000000000000e-02	0.00000000000000e+00	0.00000000000000e+00	3.50673095992188e+01	2.35107528531463e+00
114	147	125	136	4.04700000000000e+01	6.91150383789755e+02	3.00000000000000e-02	0.00000000000000e+00	0.00000000000000e+00	4.09813355892157e+01	-4.18525821226279e-01
115	148	126	137	4.63200000000000e+01	6.91150383789755e+02	3.00000000000000e-02	0.00000000000000e+00	0.00000000000000e+00	4.44741679785859e+01	1.35551025027199e+00
116	149	127	138	5.48800000000000e+01	6.91150383789755e+02	3.00000000000000e-02	0.00000000000000e+00	0.00000000000000e+00	4.90698306545544e+01	3.73015281403776e+00
117	150	128	139	4.91900000000000e+01	6.91150383789755e+02	3.00000000000000e-02	0.00000000000000e+00	0.00000000000000e+00	5.14512855757913e+01	-1.49816993521630e+00
118	151	129	140	4.69900000000000e+01	6.91150383789755e+02	3.00000000000000e-02	0.00000000000000e+00	0.00000000000000e+00	5.31621146041226e+01	-4.11370660151123e+00
119	152	130	141	5.14000000000000e+01	6.91150383789755e+02	3.00000000000000e-02	0.00000000000000e+00	0.00000000000000e+00	5.32094978943585e+01	-1.15329132668029e+00
120	153	131	142	5.76300000000000e+01	6.91150383789755e+02	3.00000000000000e-02	0.00000000000000e+00	0.00000000000000e+00	6.00136105714074e+01	-1.35093713017884e+00
121	154	132	143	7.40200000000000e+01	6.91150383789755e+02	3.00000000000000e-02	0.00000000000000e+00	0.00000000000000e+00	6.85594072274742e+01	2.55448995820678e+00
122	155	133	144	5.20000000000000e+01	6.91150383789755e+02	3.00000000000000e-02	0.00000000000000e+00	0.00000000000000e+00	7.07022899648232e+01	-1.02411414560301e+01
123	156	134	145	6.52600000000000e+01	6.91150383789755e+02	3.00000000000000e-02	0.00000000000000e+00	0.00000000000000e+00	7.14799804383385e+01	-3.03460418199313e+00
124	157	135	146	6.98600000000000e+01	6.91150383789755e+02	3.00000000000000e-02	0.00000000000000e+00	0.00000000000000e+00	7.33155892881481e+01	-1.60933415916557e+00
125	158	136	147	9.69400000000000e+01	6.91150383789755e+02	3.00000000000000e-02	0.00000000000000e+00	0.00000000000000e+00	7.69518807967764e+01	7.69706428758585e+00
126	159	137	148	7.62800000000000e+01	6.91150383789755e+02	3.00000000000000e-02	0.00000000000000e+00	0.00000000000000e+00	7.93291219074471e+01	-1.30648392206103e+00
127	160	138	149	5.56200000000000e+01	6.91150383789755e+02	3.00000000000000e-02	0.00000000000000e+00	0.00000000000000e+00	7.84024966000847e+01	-1.14437640810785e+01
128	161	139	150	7.40500000000000e+01	6.91150383789755e+02	3.00000000000000e-02	0.00000000000000e+00	0.00000000000000e+00	7.65348223630156e+01	-1.10017636123256e+00
129	162	140	151	6.87000000000000e+01	6.91150383789755e+02	3.00000000000000e-02	0.00000000000000e+00	0.00000000000000e+00	6.71057860281204e+01	7.82630968032520e-01
130	163	141	152	6.07100000000000e+01	6.91150383789755e+02	3.00000000000000e-02	0.00000000000000e+00	0.00000000000000e+00	5.99012058129221e+01	4.47059793026601e-01
131	164	142	153	7.11900000000000e+01	6.91150383789755e+02	3.00000000000000e-02	0.00000000000000e+00	0.00000000000000e+00	5.55997188959522e+01	8.23914045667410e+00
132	165	143	154	5.39800000000000e+01	6.91150383789755e+02	3.00000000000000e-02	0.00000000000000e+00	0.00000000000000e+00	5.48745842614757e+01	-5.47889589203591e-01
133	166	144	155	4.59000000000000e+01	6.91150383789755e+02	3.00000000000000e-02	0.00000000000000e+00	0.00000000000000e+00	4.84838797435698e+01	-1.82554164021371e+00
134	167	145	156	3.78200000000000e+01	6.91150383789755e+02	3.00000000000000e-02	0.00000000000000e+00	0.00000000000000e+00	4.21429071932489e+01	-3.60761105633012e+00
1	36	13	24	4.06800000000000e+01	7.53982236861550e+02	3.00000000000000e-02	0.00000000000000e+00	0.00000000000000e+00	3.81207063036968e+01	2.16596547124815e+00
3	37	14	25	4.35300000000000e+01	7.53982236861550e+02	3.00000000000000e-02	0.00000000000000e+00	0.00000000000000e+00	3.96957183923869e+01	3.07356742484849e+00
4	38	15	26	3.63800000000000e+01	7.53982236861550e+02	3.00000000000000e-02	0.00000000000000e+00	0.00000000000000e+00	3.84673233997770e+01	-1.85966549848911e+00
5	40	16	28	2.68600000000000e+01	7.53982236861550e+02	3.00000000000000e-02	0.00000000000000e+00	0.00000000000000e+00	4.11357686784130e+01	-1.42079945358575e+01
6	41	18	29	2.09600000000000e+01	7.53982236861550e+02	3.00000000000000e-02	0.00000000000000e+00	0.00000000000000e+00	4.02900384318276e+01	-2.17829464543340e+01
7	42	19	30	1.50600000000000e+01	7.53982236861550e+02	3.00000000000000e-02	0.00000000000000e+00	0.00000000000000e+00	4.07115843131524e+01	-3.31490152145681e+01
8	43	17	31	1.90800000000000e+01	7.53982236861550e+02	3.00000000000000e-02	0.00000000000000e+00	0.00000000000000e+00	3.95751564693784e+01	-2.43186964494033e+01
9	44	20	32	2.31000000000000e+01	7.53982236861550e+02	3.00000000000000e-02	0.00000000000000e+00	0.00000000000000e+00	3.71506760178944e+01	-1.58383116817603e+01
10	45	21	33	3.34300000000000e+01	7.53982236861550e+02	3.00000000000000e-02	0.00000000000000e+00	0.00000000000000e+00	3.49493989544250e+01	-1.48158569338848e+00
11	46	22	34	3.13900000000000e+01	7.53982236861550e+02	3.00000000000000e-02	0.00000000000000e+00	0.00000000000000e+00	3.24098702422914e+01	-1.06578808865727e+00
12	47	23	35	2.50900000000000e+01	7.53982236861550e+02	3.00000000000000e-02	0.00000000000000e+00	0.00000000000000e+00	3.42231772926516e+01	-1.03477917590587e+01
13	48	24	36	2.99300000000000e+01	7.53982236861550e+02	3.00000000000000e-02	0.00000000000000e+00	0.00000000000000e+00	4.01403859302156e+01	-9.78405453538796e+00
14	49	25	37	5.12600000000000e+01	7.53982236861550e+02	3.00000000000000e-02	0.00000000000000e+00	0.00000000000000e+00	4.55614484501706e+01	3.92829302387760e+00
15	50	26	38	7.25900000000000e+01	7.53982236861550e+02	3.00000000000000e-02	0.00000000000000e+00	0.00000000000000e+00	4.41705645455284e+01	1.65589521523901e+01
16	52	28	40	9.68200000000000e+01	7.53982236861550e+02	3.00000000000000e-02	0.00000000000000e+00	0.00000000000000e+00	3.90726619704603e+01	3.02476848134454e+01
18	53	29	41	1.21060000000000e+02	7.53982236861550e+02	3.00000000000000e-02	0.00000000000000e+00	0.00000000000000e+00	4.14040247615323e+01	3.57636065965118e+01
19	54	30	42	8.63000000000000e+01	7.53982236861550e+02	3.00000000000000e-02	0.00000000000000e+00	0.00000000000000e+00	4.28972374962518e+01	2.33007389418520e+01
17	55	31	43	6.26800000000000e+01	7.53982236861550e+02	3.00000000000000e-02	0.00000000000000e+00	0.00000000000000e+00	4.90779502473911e+01	8.15441873392726e+00
20	56	32	44	4.57400000000000e+01	7.53982236861550e+02	3.00000000000000e-02	0.00000000000000e+00	0.00000000000000e+00	5.30473227222802e+01	-4.94037360427771e+00
21	57	33	45	6.08900000000000e+01	7.53982236861550e+02	3.00000000000000e-02	0.00000000000000e+00	0.00000000000000e+00	5.59010154166816e+01	2.84954709154614e+00
22	58	34	46	7.60400000000000e+01	7.53982236861550e+02	3.00000000000000e-02	0.00000000000000e+00	0.00000000000000e+00	5.58641984808437e+01	1.02778599717828e+01
23	59	35	47	5.25000000000000e+01	7.53982236861550e+02	3.00000000000000e-02	0.00000000000000e+00	0.00000000000000e+00	5.49656865362386e+01	-1.52986465935873e+00
24	60	36	48	4.37200000000000e+01	7.53982236861550e+02	3.00000000000000e-02	0.00000000000000e+00	0.00000000000000e+00	5.24558527213212e+01	-6.07220839959279e+00
25	61	37	49	3.49400000000000e+01	7.53982236861550e+02	3.00000000000000e-02	0.00000000000000e+00	0.00000000000000e+00	4.95202554105050e+01	-1.16249827127127e+01
26	62	38	50	4.21100000000000e+01	7.53982236861550e+02	3.00000000000000e-02	0.00000000000000e+00	0.00000000000000e+00	5.20332282299381e+01	-7.05324255843616e+00
27	63	39	51	4.50100000000000e+01	7.53982236861550e+02	3.00000000000000e-02	0.00000000000000e+00	0.00000000000000e+00	5.64871679916179e+01	-7.57096032867968e+00
28	64	40	52	6.66500000000000e+01	7.53982236861550e+02	3.00000000000000e-02	0.00000000000000e+00	0.00000000000000e+00	5.75434441207367e+01	4.89716113932378e+00
29	65	41	53	8.82900000000000e+01	7.53982236861550e+02	3.00000000000000e-02	0.00000000000000e+00	0.00000000000000e+00	5.76594602253639e+01	1.42024173361031e+01
30	66	42	54	5.94500000000000e+01	7.53982236861550e+02	3.00000000000000e-02	0.00000000000000e+00	0.00000000000000e+00	5.95592975244763e+01	-6.12263397223423e-02
31	67	43	55	5.65800000000000e+01	7.53982236861550e+02	3.00000000000000e-02	0.00000000000000e+00	0.00000000000000e+00	5.67975299623620e+01	-1.27909077666052e-01
32	68	44	56	5.37000000000000e+01	7.53982236861550e+02	3.00000000000000e-02	0.00000000000000e+00	0.00000000000000e+00	5.20211569908337e+01	1.05875001574186e+00
33	69	45	57	4.04900000000000e+01	7.53982236861550e+02	3.00000000000000e-02	0.00000000000000e+00	0.00000000000000e+00	4.92761828161908e+01	-6.54619423646823e+00
34	70	46	58	4.74800000000000e+01	7.53982236861550e+02	3.00000000000000e-02	0.00000000000000e+00	0.00000000000000e+00	4.95299022528696e+01	-1.40893344544285e+00
35	71	47	59	5.53500000000000e+01	7.53982236861550e+02	3.00000000000000e-02	0.00000000000000e+00	0.00000000000000e+00	4.84697431157612e+01	4.42456363906375e+00
36	72	48	60	4.35000000000000e+01	7.53982236861550e+02	3.00000000000000e-02	0.00000000000000e+00	0.00000000000000e+00	4.99490803310111e+01	-4.60810516796188e+00
37	73	49	61	3.16600000000000e+01	7.53982236861550e+02	3.00000000000000e-02	0.00000000000000e+00	0.00000000000000e+00	5.38429470840438e+01	-1.77005789067370e+01
38	74	50	62	4.40500000000000e+01	7.53982236861550e+02	3.00000000000000e-02	0.00000000000000e+00	0.00000000000000e+00	5.70589503967726e+01	-8.62531995017146e+00
39	75	51	63	4.72900000000000e+01	7.53982236861550e+02	3.00000000000000e-02	0.00000000000000e+00	0.00000000000000e+00	5.74492332441891e+01	-6.48676003535350e+00
40	76	52	64	5.05300000000000e+01	7.53982236861550e+02	3.00000000000000e-02	0.00000000000000e+00	0.00000000000000e+00	6.11101681192907e+01	-6.33703502307272e+00
41	77	53	65	6.87400000000000e+01	7.53982236861550e+02	3.00000000000000e-02	0.00000000000000e+00	0.00000000000000e+00	6.43065247578935e+01	2.22233905473429e+00
42	78	54	66	5.80600000000000e+01	7.53982236861550e+02	3.00000000000000e-02	0.00000000000000e+00	0.00000000000000e+00	6.15763908179964e+01	-1.96005241787368e+00
43	79	55	67	4.82000000000000e+01	7.53982236861550e+02	3.00000000000000e-02	0.00000000000000e+00	0.00000000000000e+00	6.25191675537714e+01	-8.67047231763937e+00
44	80	56	68	4.62400000000000e+01	7.53982236861550e+02	3.00000000000000e-02	0.00000000000000e+00	0.00000000000000e+00	6.58591674150036e+01	-1.17891136921396e+01
45	81	57	69	5.14400000000000e+01	7.53982236861550e+02	3.00000000000000e-02	0.00000000000000e+00	0.00000000000000e+00	6.89924286788968e+01	-9.78602297852821e+00
46	82	58	70	6.76100000000000e+01	7.53982236861550e+02	3.00000000000000e-02	0.00000000000000e+00	0.00000000000000e+00	6.82508691774072e+01	-3.14475602716543e-01
47	83	59	71	6.82600000000000e+01	7.53982236861550e+02	3.00000000000000e-02	0.00000000000000e+00	0.00000000000000e+00	6.84083663927675e+01	-7.23729784575392e-02
48	84	60	72	7.45600000000000e+01	7.53982236861550e+02	3.00000000000000e-02	0.00000000000000e+00	0.00000000000000e+00	6.82016354084350e+01	2.97118754065346e+00
49	85	61	73	6.67000000000000e+01	7.53982236861550e+02	3.00000000000000e-02	0.00000000000000e+00	0.00000000000000e+00	6.77834838880252e+01	-5.37120395925061e-01
50	86	62	74	6.09400000000000e+01	7.53982236861550e+02	3.00000000000000e-02	0.00000000000000e+00	0.00000000000000e+00	6.68847578464082e+01	-3.10271109121733e+00
51	87	63	75	7.21000000000000e+01	7.53982236861550e+02	3.00000000000000e-02	0.00000000000000e+00	0.00000000000000e+00	6.63586930796650e+01	2.76597578539528e+00
52	88	64	76	5.89700000000000e+01	7.53982236861550e+02	3.00000000000000e-02	0.00000000000000e+00	0.00000000000000e+00	6.24415480831823e+01	-1.90673494865991e+00
53	89	65	77	4.58300000000000e+01	7.53982236861550e+02	3.00000000000000e-02	0.00000000000000e+00	0.00000000000000e+00	5.93058086551673e+01	-8.59227854660885e+00
54	90	66	78	6.07100000000000e+01	7.53982236861550e+02	3.00000000000000e-02	0.00000000000000e+00	0.00000000000000e+00	5.92652065663307e+01	8.02867704925880e-01
55	91	67	79	5.61500000000000e+01	7.53982236861550e+02	3.00000000000000e-02	0.00000000000000e+00	0.00000000000000e+00	5.80313809562709e+01	-1.09857446722842e+00
56	92	68	80	7.89300000000000e+01	7.53982236861550e+02	3.00000000000000e-02	0.00000000000000e+00	0.00000000000000e+00	5.42231847118905e+01	1.25150934842294e+01
57	93	69	81	1.01700000000000e+02	7.53982236861550e+02	3.00000000000000e-02	0.00000000000000e+00	0.00000000000000e+00	5.15573026519257e+01	2.26444480364514e+01
58	94	70	82	1.46710000000000e+02	7.53982236861550e+02	3.00000000000000e-02	0.00000000000000e+00	0.00000000000000e+00	5.19430065799428e+01	3.46103586318695e+01
59	95	71	83	1.32510000000000e+02	7.53982236861550e+02	3.00000000000000e-02	0.00000000000000e+00	0.00000000000000e+00	4.88728322095339e+01	3.32478816907933e+01
60	96	72	84	1.18310000000000e+02	7.53982236861550e+02	3.00000000000000e-02	0.00000000000000e+00	0.00000000000000e+00	4.69844104849021e+01	3.07830814462668e+01
61	97	73	85	8.09100000000000e+01	7.53982236861550e+02	3.00000000000000e-02	0.00000000000000e+00	0.00000000000000e+00	4.79196506339153e+01	1.74603920883416e+01
62	98	74	86	6.44300000000000e+01	7.53982236861550e+02	3.00000000000000e-02	0.00000000000000e+00	0.00000000000000e+00	5.27713459111487e+01	6.65370036083884e+00
63	99	75	87	4.79500000000000e+01	7.53982236861550e+02	3.00000000000000e-02	0.00000000000000e+00	0.00000000000000e+00	5.88887250691253e+01	-6.84969486771966e+00
64	100	76	88	6.97200000000000e+01	7.53982236861550e+02	3.00000000000000e-02	0.00000000000000e+00	0.00000000000000e+00	6.69876782848849e+01	1.33261747898068e+00
65	101	77	89	6.53500000000000e+01	7.53982236861550e+02	3.00000000000000e-02	0.00000000000000e+00	0.00000000000000e+00	7.27856308512543e+01	-3.59203724112964e+00
66	102	78	90	5.90900000000000e+01	7.53982236861550e+02	3.00000000000000e-02	0.00000000000000e+00	0.00000000000000e+00	7.34425420803450e+01	-7.24805515797901e+00
67	103	79	91	6.48800000000000e+01	7.53982236861550e+02	3.00000000000000e-02	0.00000000000000e+00	0.00000000000000e+00	7.53007234508153e+01	-4.96501108443622e+00
68	104	80	92	6.79600000000000e+01	7.53982236861550e+02	3.00000000000000e-02	0.00000000000000e+00	0.00000000000000e+00	7.73841602207109e+01	-4.32876048457995e+00
69	105	81	93	8.80500000000000e+01	7.53982236861550e+02	3.00000000000000e-02	0.00000000000000e+00	0.00000000000000e+00	7.67260875051417e+01	4.58876868239357e+00
70	106	82	94	7.80900000000000e+01	7.53982236861550e+02	3.00000000000000e-02	0.00000000000000e+00	0.00000000000000e+00	7.21033873137816e+01	2.65869945711910e+00
71	107	83	95	6.81200000000000e+01	7.53982236861550e+02	3.00000000000000e-02	0.00000000000000e+00	0.00000000000000e+00	6.73278459560844e+01	3.89898202802138e-01
72	108	84	96	6.39600000000000e+01	7.53982236861550e+02	3.00000000000000e-02	0.00000000000000e+00	0.00000000000000e+00	6.44664076169691e+01	-2.62879600873648e-01
73	109	85	97	6.61100000000000e+01	7.53982236861550e+02	3.00000000000000e-02	0.00000000000000e+00	0.00000000000000e+00	6.32403316107209e+01	1.47925884438915e+00
74	110	86	98	5.31300000000000e+01	7.53982236861550e+02	3.00000000000000e-02	0.00000000000000e+00	0.00000000000000e+00	5.79535119443659e+01	-2.89664768318412e+00
75	111	87	99	4.16600000000000e+01	7.53982236861550e+02	3.00000000000000e-02	0.00000000000000e+00	0.00000000000000e+00	5.06534432022479e+01	-6.51552576174515e+00
76	112	88	100	3.68500000000000e+01	7.53982236861550e+02	3.00000000000000e-02	0.00000000000000e+00	0.00000000000000e+00	4.42816135671237e+01	-6.12379762099261e+00
77	113	89	101	3.22500000000000e+01	7.53982236861550e+02	3.00000000000000e-02	0.00000000000000e+00	0.00000000000000e+00	3.89729271180440e+01	-6.31163951251383e+00
78	114	90	102	3.82800000000000e+01	7.53982236861550e+02	3.00000000000000e-02	0.00000000000000e+00	0.00000000000000e+00	3.62205119126147e+01	1.84339936018107e+00
79	115	91	103	3.52600000000000e+01	7.53982236861550e+02	3.00000000000000e-02	0.00000000000000e+00	0.00000000000000e+00	3.35117339101035e+01	1.69511778314235e+00
80	116	92	104	3.94600000000000e+01	7.53982236861550e+02	3.00000000000000e-02	0.00000000000000e+00	0.00000000000000e+00	3.09523242117245e+01	8.09464695298527e+00
81	117	93	105	3.99700000000000e+01	7.53982236861550e+02	3.00000000000000e-02	0.00000000000000e+00	0.00000000000000e+00	2.99826433162620e+01	9.58368382046171e+00
82	118	94	106	2.67400000000000e+01	7.53982236861550e+02	3.00000000000000e-02	0.00000000000000e+00	0.00000000000000e+00	3.05951925309196e+01	-4.48941060364246e+00
83	119	95	107	2.24000000000000e+01	7.53982236861550e+02	3.00000000000000e-02	0.00000000000000e+00	0.00000000000000e+00	3.10049760339313e+01	-1.08362249988744e+01
84	120	96	108	3.10500000000000e+01	7.53982236861550e+02	3.00000000000000e-02	0.00000000000000e+00	0.00000000000000e+00	3.08859673644234e+01	1.76561940850132e-01
85	121	97	109	3.96900000000000e+01	7.53982236861550e+02	3.00000000000000e-02	0.00000000000000e+00	0.00000000000000e+00	3.14582253847901e+01	7.74795931255511e+00
86	122	98	110	4.05400000000000e+01	7.53982236861550e+02	3.00000000000000e-02	0.00000000000000e+00	0.00000000000000e+00	3.41821355903799e+01	5.68619948622229e+00
87	123	99	111	5.38200000000000e+01	7.53982236861550e+02	3.00000000000000e-02	0.00000000000000e+00	0.00000000000000e+00	4.00815648094509e+01	9.82428823774357e+00
88	124	100	112	5.51800000000000e+01	7.53982236861550e+02	3.00000000000000e-02	0.00000000000000e+00	0.00000000000000e+00	4.86422866342196e+01	4.20357736139709e+00
89	125	101	113	8.21900000000000e+01	7.53982236861550e+02	3.00000000000000e-02	0.00000000000000e+00	0.00000000000000e+00	5.59195921297946e+01	1.28372945359239e+01
90	126	102	114	5.92700000000000e+01	7.53982236861550e+02	3.00000000000000e-02	0.00000000000000e+00	0.00000000000000e+00	5.84649299700961e+01	4.55872967239834e-01
91	127	103	115	3.95200000000000e+01	7.53982236861550e+02	3.00000000000000e-02	0.00000000000000e+00	0.00000000000000e+00	6.05913856667562e+01	-1.42448619792546e+01
92	128	104	116	5.69100000000000e+01	7.53982236861550e+02	3.00000000000000e-02	0.00000000000000e+00	0.00000000000000e+00	6.42483923937851e+01	-4.04285432462865e+00
93	129	105	117	7.89300000000000e+01	7.53982236861550e+02	3.00000000000000e-02	0.00000000000000e+00	0.00000000000000e+00	6.53093930319016e+01	6.31418378320427e+00
94	130	106	118	7.01400000000000e+01	7.53982236861550e+02	3.00000000000000e-02	0.00000000000000e+00	0.00000000000000e+00	6.07049252230011e+01	4.81561365088015e+00
95	131	107	119	6.13400000000000e+01	7.53982236861550e+02	3.00000000000000e-02	0.00000000000000e+00	0.00000000000000e+00	5.56363059631658e+01	3.25320618608179e+00
96	132	108	120	5.96400000000000e+01	7.53982236861550e+02	3.00000000000000e-02	0.00000000000000e+00	0.00000000000000e+00	5.24738661453979e+01	4.26704106476996e+00
97	133	109	121	6.88000000000000e+01	7.53982236861550e+02	3.00000000000000e-02	0.00000000000000e+00	0.00000000000000e+00	5.24153245973669e+01	9.06682474068189e+00
98	134	110	122	6.15100000000000e+01	7.53982236861550e+02	3.00000000000000e-02	0.00000000000000e+00	0.00000000000000e+00	4.59845890412291e+01	9.69644812353495e+00
99	135	111	123	4.89800000000000e+01	7.53982236861550e+02	3.00000000000000e-02	0.00000000000000e+00	0.00000000000000e+00	3.90369105672052e+01	7.56348093906055e+00
100	136	112	124	3.64600000000000e+01	7.53982236861550e+02	3.00000000000000e-02	0.00000000000000e+00	0.00000000000000e+00	3.24051275053936e+01	3.92997008780462e+00
101	137	113	125	2.97700000000000e+01	7.53982236861550e+02	3.00000000000000e-02	0.00000000000000e+00	0.00000000000000e+00	2.86858710719174e+01	1.23654902086237e+00
102	138	114	126	2.30900000000000e+01	7.53982236861550e+02	3.00000000000000e-02	0.00000000000000e+00	0.00000000000000e+00	2.80170222132429e+01	-6.44708794259012e+00
103	139	115	127	2.57500000000000e+01	7.53982236861550e+02	3.00000000000000e-02	0.00000000000000e+00	0.00000000000000e+00	2.65855030549043e+01	-1.06438140588743e+00
104	140	116	128	3.20200000000000e+01	7.53982236861550e+02	3.00000000000000e-02	0.00000000000000e+00	0.00000000000000e+00	2.46665767736451e+01	8.69705157836118e+00
105	141	117	129	2.28500000000000e+01	7.53982236861550e+02	3.00000000000000e-02	0.00000000000000e+00	0.00000000000000e+00	2.32268434750025e+01	-5.45251293537922e-01
106	142	118	130	1.92300000000000e+01	7.53982236861550e+02	3.00000000000000e-02	0.00000000000000e+00	0.00000000000000e+00	2.32322661076922e+01	-6.30235111120417e+00
107	143	119	131	1.56000000000000e+01	7.53982236861550e+02	3.00000000000000e-02	0.00000000000000e+00	0.00000000000000e+00	2.27189729049920e+01	-1.25309823976377e+01
108	144	120	132	1.90300000000000e+01	7.53982236861550e+02	3.00000000000000e-02	0.00000000000000e+00	0.00000000000000e+00	2.38519466530754e+01	-7.52830511231757e+00
109	145	121	133	1.59900000000000e+01	7.53982236861550e+02	3.00000000000000e-02	0.00000000000000e+00	0.00000000000000e+00	2.38407140281205e+01	-1.33143755248917e+01
110	146	122	134	1.87600000000000e+01	7.53982236861550e+02	3.00000000000000e-02	0.00000000000000e+00	0.00000000000000e+00	2.51137749694009e+01	-9.72298518612824e+00
111	147	123	135	2.17500000000000e+01	7.53982236861550e+02	3.00000000000000e-02	0.00000000000000e+00	0.00000000000000e+00	2.89652268042862e+01	-9.54940924236799e+00
112	148	124	136	2.95700000000000e+01	7.53982236861550e+02	3.00000000000000e-02	0.00000000000000e+00	0.00000000000000e+00	3.63580942475314e+01	-6.88855068790106e+00
113	149	125	137	3.73900000000000e+01	7.53982236861550e+02	3.00000000000000e-02	0.00000000000000e+00	0.00000000000000e+00	4.20501256854464e+01	-3.91530287926067e+00
114	150	126	138	3.84700000000000e+01	7.53982236861550e+02	3.00000000000000e-02	0.00000000000000e+00	0.00000000000000e+00	4.31158107147686e+01	-3.80036836688603e+00
115	151	127	139	4.46300000000000e+01	7.53982236861550e+02	3.00000000000000e-02	0.00000000000000e+00	0.00000000000000e+00	4.72565386929261e+01	-1.90615835865732e+00
116	152	128	140	5.78800000000000e+01	7.53982236861550e+02	3.00000000000000e-02	0.00000000000000e+00	0.00000000000000e+00	5.23595062515342e+01	3.34127968816906e+00
117	153	129	141	5.38300000000000e+01	7.53982236861550e+02	3.00000000000000e-02	0.00000000000000e+00	0.00000000000000e+00	5.58967225181793e+01	-1.25582715699103e+00
118	154	130	142	7.48300000000000e+01	7.53982236861550e+02	3.00000000000000e-02	0.00000000000000e+00	0.00000000000000e+00	5.85022655568926e+01	8.20511310453650e+00
119	155	131	143	9.58400000000000e+01	7.53982236861550e+02	3.00000000000000e-02	0.00000000000000e+00	0.00000000000000e+00	6.41375739244471e+01	1.33883255168836e+01
120	156	132	144	6.70500000000000e+01	7.53982236861550e+02	3.00000000000000e-02	0.00000000000000e+00	0.00000000000000e+00	6.71879360880114e+01	-6.85033061831023e-02
121	157	133	145	6.16000000000000e+01	7.53982236861550e+02	3.00000000000000e-02	0.00000000000000e+00	0.00000000000000e+00	7.38938063161427e+01	-6.06557140709141e+00
122	158	134	146	5.61400000000000e+01	7.53982236861550e+02	3.00000000000000e-02	0.00000000000000e+00	0.00000000000000e+00	7.83890657468801e+01	-1.11278626393948e+01
123	159	135	147	5.01200000000000e+01	7.53982236861550e+02	3.00000000000000e-02	0.00000000000000e+00	0.00000000000000e+00	8.18656289975563e+01	-1.63553034128466e+01
124	160	136	148	7.40000000000000e+01	7.53982236861550e+02	3.00000000000000e-02	0.00000000000000e+00	0.00000000000000e+00	8.17114850769951e+01	-3.30431583332288e+00
125	161	137	149	6.89300000000000e+01	7.53982236861550e+02	3.00000000000000e-02	0.00000000000000e+00	0.00000000000000e+00	7.80008493446657e+01	-4.12094062556407e+00
126	162	138	150	7.01000000000000e+01	7.53982236861550e+02	3.00000000000000e-02	0.00000000000000e+00	0.00000000000000e+00	7.28521113855882e+01	-1.28362402747693e+00
127	163	139	151	6.46500000000000e+01	7.53982236861550e+02	3.00000000000000e-02	0.00000000000000e+00	0.00000000000000e+00	6.42362207177247e+01	2.14028932682986e-01
128	164	140	152	6.27200000000000e+01	7.53982236861550e+02	3.00000000000000e-02	0.00000000000000e+00	0.00000000000000e+00	6.00742877498190e+01	1.43661501687443e+00
129	165	141	153	6.15200000000000e+01	7.53982236861550e+02	3.00000000000000e-02	0.00000000000000e+00	0.00000000000000e+00	5.73738599014691e+01	2.32578426708233e+00
130	166	142	154	4.91800000000000e+01	7.53982236861550e+02	3.00000000000000e-02	0.00000000000000e+00	0.00000000000000e+00	5.08265406053014e+01	-1.09772114085581e+00
131	167	143	155	6.30500000000000e+01	7.53982236861550e+02	3.00000000000000e-02	0.00000000000000e+00	0.00000000000000e+00	4.38669527138869e+01	1.20922270458598e+01
1	39	14	26	7.69300000000000e+01	8.16814089933346e+02	3.00000000000000e-02	0.00000000000000e+00	0.00000000000000e+00	3.88627597682025e+01	2.27619819272922e+01
3	40	15	27	5.71400000000000e+01	8.16814089933346e+02	3.00000000000000e-02	0.00000000000000e+00	0.00000000000000e+00	4.17206178383450e+01	1.04836319205054e+01
2	42	16	29	5.80200000000000e+01	8.16814089933346e+02	3.00000000000000e-02	0.00000000000000e+00	0.00000000000000e+00	4.05331030703328e+01	1.19556259558681e+01
5	43	18	30	4.75000000000000e+01	8.16814089933346e+02	3.00000000000000e-02	0.00000000000000e+00	0.00000000000000e+00	4.15840947649533e+01	4.43373180879597e+00
6	44	19	31	5.35700000000000e+01	8.16814089933346e+02	3.00000000000000e-02	0.00000000000000e+00	0.00000000000000e+00	4.02530499278804e+01	9.52678114311077e+00
7	45	17	32	4.64700000000000e+01	8.16814089933346e+02	3.00000000000000e-02	0.00000000000000e+00	0.00000000000000e+00	3.89974590376405e+01	5.84368173235982e+00
8	46	20	33	3.93700000000000e+01	8.16814089933346e+02	3.00000000000000e-02	0.00000000000000e+00	0.00000000000000e+00	3.92131050391855e+01	1.33103393499656e-01
9	47	21	34	2.98700000000000e+01	8.16814089933346e+02	3.00000000000000e-02	0.00000000000000e+00	0.00000000000000e+00	3.88534860322677e+01	-8.76477237067978e+00
10	48	22	35	2.03600000000000e+01	8.16814089933346e+02	3.00000000000000e-02	0.00000000000000e+00	0.00000000000000e+00	3.68952415786550e+01	-1.98170132180272e+01
11	49	23	36	1.87500000000000e+01	8.16814089933346e+02	3.00000000000000e-02	0.00000000000000e+00	0.00000000000000e+00	3.89243974610769e+01	-2.43475828566539e+01
12	50	24	37	3.39700000000000e+01	8.16814089933346e+02	3.00000000000000e-02	0.00000000000000e+00	0.00000000000000e+00	4.39293346292377e+01	-8.57015098471834e+00
13	51	25	38	4.92000000000000e+01	8.16814089933346e+02	3.00000000000000e-02	0.00000000000000e+00	0.00000000000000e+00	4.66507382038542e+01	1.77349573415186e+00
14	52	26	39	7.08200000000000e+01	8.16814089933346e+02	3.00000000000000e-02	0.00000000000000e+00	0.00000000000000e+00	4.49442958023264e+01	1.51572531589364e+01
15	53	27	40	5.85500000000000e+01	8.16814089933346e+02	3.00000000000000e-02	0.00000000000000e+00	0.00000000000000e+00	4.25024878573699e+01	1.06772826002053e+01
16	55	29	42	4.62800000000000e+01	8.16814089933346e+02	3.00000000000000e-02	0.00000000000000e+00	0.00000000000000e+00	4.39486802162538e+01	1.72291026181394e+00
18	56	30	43	6.52500000000000e+01	8.16814089933346e+02	3.00000000000000e-02	0.00000000000000e+00	0.00000000000000e+00	5.06808736486572e+01	8.42258174564331e+00
19	57	31	44	8.42100000000000e+01	8.16814089933346e+02	3.00000000000000e-02	0.00000000000000e+00	0.00000000000000e+00	5.62478718212931e+01	1.34515157653743e+01
17	58	32	45	8.23300000000000e+01	8.16814089933346e+02	3.00000000000000e-02	0.00000000000000e+00	0.00000000000000e+00	5.98802698057849e+01	1.06129498664809e+01
20	59	33	46	8.04500000000000e+01	8.16814089933346e+02	3.00000000000000e-02	0.00000000000000e+00	0.00000000000000e+00	6.18354040472223e+01	8.77199306618071e+00
21	60	34	47	5.91600000000000e+01	8.16814089933346e+02	3.00000000000000e-02	0.00000000000000e+00	0.00000000000000e+00	6.06030625435646e+01	-8.03326365941211e-01
22	61	35	48	4.91500000000000e+01	8.16814089933346e+02	3.00000000000000e-02	0.00000000000000e+00	0.00000000000000e+00	5.96416837264257e+01	-6.44926248003108e+00
23	62	36	49	3.91300000000000e+01	8.16814089933346e+02	3.00000000000000e-02	0.00000000000000e+00	0.00000000000000e+00	5.64463696095147e+01	-1.22133846897828e+01
24	63	37	50	3.76900000000000e+01	8.16814089933346e+02	3.00000000000000e-02	0.00000000000000e+00	0.00000000000000e+00	5.56289651690067e+01	-1.29769738201327e+01
25	64	38	51	4.22000000000000e+01	8.16814089933346e+02	3.00000000000000e-02	0.00000000000000e+00	0.00000000000000e+00	5.82367535335724e+01	-1.07365479464649e+01
26	65	39	52	5.83700000000000e+01	8.16814089933346e+02	3.00000000000000e-02	0.00000000000000e+00	0.00000000000000e+00	5.90765124206011e+01	-4.01045507749753e-01
27	66	40	53	7.45400000000000e+01	8.16814089933346e+02	3.00000000000000e-02	0.00000000000000e+00	0.00000000000000e+00	6.20144477595811e+01	6.13228359241923e+00
28	67	41	54	8.17600000000000e+01	8.16814089933346e+02	3.00000000000000e-02	0.00000000000000e+00	0.00000000000000e+00	6.41842688038587e+01	8.06766599976910e+00
29	68	42	55	5.96400000000000e+01	8.16814089933346e+02	3.00000000000000e-02	0.00000000000000e+00	0.00000000000000e+00	6.25274543591548e+01	-1.57597467138612e+00
30	69	43	56	4.95100000000000e+01	8.16814089933346e+02	3.00000000000000e-02	0.00000000000000e+00	0.00000000000000e+00	5.57138167041672e+01	-3.93511675097609e+00
31	70	44	57	3.93800000000000e+01	8.16814089933346e+02	3.00000000000000e-02	0.00000000000000e+00	0.00000000000000e+00	5.24463922206688e+01	-9.55111580498600e+00
32	71	45	58	3.39900000000000e+01	8.16814089933346e+02	3.00000000000000e-02	0.00000000000000e+00	0.00000000000000e+00	5.00693819425853e+01	-1.29114439563588e+01
33	72	46	59	2.61200000000000e+01	8.16814089933346e+02	3.00000000000000e-02	0.00000000000000e+00	0.00000000000000e+00	4.81511634951237e+01	-2.03881332504433e+01
34	73	47	60	3.55300000000000e+01	8.16814089933346e+02	3.00000000000000e-02	0.00000000000000e+00	0.00000000000000e+00	4.92623147552225e+01	-1.08927324040081e+01
35	74	48	61	4.49300000000000e+01	8.16814089933346e+02	3.00000000000000e-02	0.00000000000000e+00	0.00000000000000e+00	5.25018435985164e+01	-5.19141873537229e+00
36	75	49	62	5.69300000000000e+01	8.16814089933346e+02	3.00000000000000e-02	0.00000000000000e+00	0.00000000000000e+00	5.76178264538056e+01	-4.00318796761804e-01
37	76	50	63	6.89300000000000e+01	8.16814089933346e+02	3.00000000000000e-02	0.00000000000000e+00	0.00000000000000e+00	6.14055838790721e+01	3.85302410745331e+00
38	77	51	64	5.56200000000000e+01	8.16814089933346e+02	3.00000000000000e-02	0.00000000000000e+00	0.00000000000000e+00	6.27917000498705e+01	-4.04266837076056e+00
39	78	52	65	4.23200000000000e+01	8.16814089933346e+02	3.00000000000000e-02	0.00000000000000e+00	0.00000000000000e+00	6.34807365311063e+01	-1.35158903536756e+01
40	79	53	66	4.08900000000000e+01	8.16814089933346e+02	3.00000000000000e-02	0.00000000000000e+00	0.00000000000000e+00	6.19793043776424e+01	-1.38638331528064e+01
41	80	54	67	4.56300000000000e+01	8.16814089933346e+02	3.00000000000000e-02	0.00000000000000e+00	0.00000000000000e+00	6.06394333167567e+01	-9.47933337702825e+00
42	81	55	68	4.12300000000000e+01	8.16814089933346e+02	3.00000000000000e-02	0.00000000000000e+00	0.00000000000000e+00	6.06946857141649e+01	-1.28896665833387e+01
43	82	56	69	5.76300000000000e+01	8.16814089933346e+02	3.00000000000000e-02	0.00000000000000e+00	0.00000000000000e+00	6.42064925956023e+01	-3.60203569688634e+00
44	83	57	70	7.40300000000000e+01	8.16814089933346e+02	3.00000000000000e-02	0.00000000000000e+00	0.00000000000000e+00	6.54382273286630e+01	4.11212710086136e+00
45	84	58	71	1.05510000000000e+02	8.16814089933346e+02	3.00000000000000e-02	0.00000000000000e+00	0.00000000000000e+00	6.79310138542881e+01	1.46771015692109e+01
46	85	59	72	1.48070000000000e+02	8.16814089933346e+02	3.00000000000000e-02	0.00000000000000e+00	0.00000000000000e+00	7.06369997326905e+01	2.46710350722398e+01
47	86	60	73	1.12230000000000e+02	8.16814089933346e+02	3.00000000000000e-02	0.00000000000000e+00	0.00000000000000e+00	7.06774848198696e+01	1.54141091889089e+01
48	87	61	74	7.63800000000000e+01	8.16814089933346e+02	3.00000000000000e-02	0.00000000000000e+00	0.00000000000000e+00	6.86362679052235e+01	3.56332667020075e+00
49	88	62	75	7.10900000000000e+01	8.16814089933346e+02	3.00000000000000e-02	0.00000000000000e+00	0.00000000000000e+00	6.60311070942359e+01	2.46069097805102e+00
50	89	63	76	8.79800000000000e+01	8.16814089933346e+02	3.00000000000000e-02	0.00000000000000e+00	0.00000000000000e+00	6.45465503036873e+01	1.03240947430561e+01
51	90	64	77	1.04860000000000e+02	8.16814089933346e+02	3.00000000000000e-02	0.00000000000000e+00	0.00000000000000e+00	6.29297138941792e+01	1.70202558676561e+01
52	91	65	78	1.43060000000000e+02	8.16814089933346e+02	3.00000000000000e-02	0.00000000000000e+00	0.00000000000000e+00	5.97302435686623e+01	2.91141879372136e+01
53	92	66	79	1.08540000000000e+02	8.16814089933346e+02	3.00000000000000e-02	0.00000000000000e+00	0.00000000000000e+00	5.92802357633490e+01	2.01614270180271e+01
54	93	67	80	7.71700000000000e+01	8.16814089933346e+02	3.00000000000000e-02	0.00000000000000e+00	0.00000000000000e+00	6.01624964242478e+01	8.29872017583953e+00
55	94	68	81	5.88100000000000e+01	8.16814089933346e+02	3.00000000000000e-02	0.00000000000000e+00	0.00000000000000e+00	5.82545179797193e+01	3.16341905007652e-01
56	95	69	82	4.04400000000000e+01	8.16814089933346e+02	3.00000000000000e-02	0.00000000000000e+00	0.00000000000000e+00	5.35752586456187e+01	-9.37559916418057e+00
57	96	70	83	4.54100000000000e+01	8.16814089933346e+02	3.00000000000000e-02	0.00000000000000e+00	0.00000000000000e+00	5.23504358753390e+01	-4.74093061161696e+00
58	97	71	84	6.54500000000000e+01	8.16814089933346e+02	3.00000000000000e-02	0.00000000000000e+00	0.00000000000000e+00	4.97519834098298e+01	9.14120540039095e+00
59	98	72	85	5.60900000000000e+01	8.16814089933346e+02	3.00000000000000e-02	0.00000000000000e+00	0.00000000000000e+00	4.73738090880935e+01	5.62960061386052e+00
60	99	73	86	4.67300000000000e+01	8.16814089933346e+02	3.00000000000000e-02	0.00000000000000e+00	0.00000000000000e+00	4.97005164251476e+01	-2.05429890614348e+00
61	100	74	87	4.72000000000000e+01	8.16814089933346e+02	3.00000000000000e-02	0.00000000000000e+00	0.00000000000000e+00	5.70053834352220e+01	-6.29172723384139e+00
62	101	75	88	6.06500000000000e+01	8.16814089933346e+02	3.00000000000000e-02	0.00000000000000e+00	0.00000000000000e+00	6.43989871561183e+01	-1.99927567357019e+00
63	102	76	89	5.01000000000000e+01	8.16814089933346e+02	3.00000000000000e-02	0.00000000000000e+00	0.00000000000000e+00	7.06922232278434e+01	-1.14771520661433e+01
64	103	77	90	6.68800000000000e+01	8.16814089933346e+02	3.00000000000000e-02	0.00000000000000e+00	0.00000000000000e+00	7.39274696154942e+01	-3.33948344816447e+00
65	104	78	91	8.57400000000000e+01	8.16814089933346e+02	3.00000000000000e-02	0.00000000000000e+00	0.00000000000000e+00	7.78820352383345e+01	3.20413826678371e+00
66	105	79	92	1.04610000000000e+02	8.16814089933346e+02	3.00000000000000e-02	0.00000000000000e+00	0.00000000000000e+00	7.91621060610072e+01	9.29138079529676e+00
67	106	80	93	7.44700000000000e+01	8.16814089933346e+02	3.00000000000000e-02	0.00000000000000e+00	0.00000000000000e+00	7.72885862389148e+01	-1.23833098619868e+00
68	107	81	94	6.17000000000000e+01	8.16814089933346e+02	3.00000000000000e-02	0.00000000000000e+00	0.00000000000000e+00	7.31788892096350e+01	-5.68743498951735e+00
69	108	82	95	6.67000000000000e+01	8.16814089933346e+02	3.00000000000000e-02	0.00000000000000e+00	0.00000000000000e+00	7.04481223475206e+01	-1.82238775990369e+00
70	109	83	96	7.38900000000000e+01	8.16814089933346e+02	3.00000000000000e-02	0.00000000000000e+00	0.00000000000000e+00	6.63140469480636e+01	3.60585855155637e+00
71	110	84	97	9.91700000000000e+01	8.16814089933346e+02	3.00000000000000e-02	0.00000000000000e+00	0.00000000000000e+00	6.15385562196788e+01	1.59057213474349e+01
72	111	85	98	8.02800000000000e+01	8.16814089933346e+02	3.00000000000000e-02	0.00000000000000e+00	0.00000000000000e+00	5.82801053124732e+01	1.06753245197987e+01
73	112	86	99	6.05000000000000e+01	8.16814089933346e+02	3.00000000000000e-02	0.00000000000000e+00	0.00000000000000e+00	5.41393910785069e+01	3.70271093595071e+00
74	113	87	100	4.07200000000000e+01	8.16814089933346e+02	3.00000000000000e-02	0.00000000000000e+00	0.00000000000000e+00	4.83628536585233e+01	-5.73375534725698e+00
75	114	88	101	4.31700000000000e+01	8.16814089933346e+02	3.00000000000000e-02	0.00000000000000e+00	0.00000000000000e+00	4.40058817252585e+01	-6.39249699704969e-01
76	115	89	102	4.24300000000000e+01	8.16814089933346e+02	3.00000000000000e-02	0.00000000000000e+00	0.00000000000000e+00	4.09141444807137e+01	1.21266083756262e+00
77	116	90	103	3.11600000000000e+01	8.16814089933346e+02	3.00000000000000e-02	0.00000000000000e+00	0.00000000000000e+00	3.84980454360114e+01	-7.04907503688833e+00
78	117	91	104	2.62000000000000e+01	8.16814089933346e+02	3.00000000000000e-02	0.00000000000000e+00	0.00000000000000e+00	3.50663914842213e+01	-9.71612511431731e+00
79	118	92	105	2.12400000000000e+01	8.16814089933346e+02	3.00000000000000e-02	0.00000000000000e+00	0.00000000000000e+00	3.31626076912447e+01	-1.48512256821671e+01
80	119	93	106	2.31200000000000e+01	8.16814089933346e+02	3.00000000000000e-02	0.00000000000000e+00	0.00000000000000e+00	3.31835313894340e+01	-1.20451888853854e+01
81	120	94	107	3.24000000000000e+01	8.16814089933346e+02	3.00000000000000e-02	0.00000000000000e+00	0.00000000000000e+00	3.41933187560136e+01	-1.79572813913718e+00
82	121	95	108	2.91700000000000e+01	8.16814089933346e+02	3.00000000000000e-02	0.00000000000000e+00	0.00000000000000e+00	3.34040969034996e+01	-4.51792567873697e+00
83	122	96	109	3.39100000000000e+01	8.16814089933346e+02	3.00000000000000e-02	0.00000000000000e+00	0.00000000000000e+00	3.29184982385140e+01	9.89173329446288e-01
84	123	97	110	3.57200000000000e+01	8.16814089933346e+02	3.00000000000000e-02	0.00000000000000e+00	0.00000000000000e+00	3.40020574822853e+01	1.64299063460615e+00
85	124	98	111	3.33900000000000e+01	8.16814089933346e+02	3.00000000000000e-02	0.00000000000000e+00	0.00000000000000e+00	3.64318405749680e+01	-2.90622264648913e+00
86	125	99	112	4.26000000000000e+01	8.16814089933346e+02	3.00000000000000e-02	0.00000000000000e+00	0.00000000000000e+00	4.21905259237897e+01	3.21952053793136e-01
87	126	100	113	5.60600000000000e+01	8.16814089933346e+02	3.00000000000000e-02	0.00000000000000e+00	0.00000000000000e+00	4.94726543571915e+01	4.16674886800402e+00
88	127	101	114	5.92800000000000e+01	8.16814089933346e+02	3.00000000000000e-02	0.00000000000000e+00	0.00000000000000e+00	5.55116157420409e+01	2.18932298282359e+00
89	128	102	115	5.89600000000000e+01	8.16814089933346e+02	3.00000000000000e-02	0.00000000000000e+00	0.00000000000000e+00	5.87500080735917e+01	1.18931914466162e-01
90	129	103	116	6.32700000000000e+01	8.16814089933346e+02	3.00000000000000e-02	0.00000000000000e+00	0.00000000000000e+00	6.09167677864501e+01	1.26342710764359e+00
91	130	104	117	6.39300000000000e+01	8.16814089933346e+02	3.00000000000000e-02	0.00000000000000e+00	0.00000000000000e+00	6.29083920915510e+01	5.36972013077778e-01
92	131	105	118	5.96500000000000e+01	8.16814089933346e+02	3.00000000000000e-02	0.00000000000000e+00	0.00000000000000e+00	6.29869217837527e+01	-1.81443218545283e+00
93	132	106	119	6.98500000000000e+01	8.16814089933346e+02	3.00000000000000e-02	0.00000000000000e+00	0.00000000000000e+00	5.83748495862271e+01	5.98216487995211e+00
94	133	107	120	4.85700000000000e+01	8.16814089933346e+02	3.00000000000000e-02	0.00000000000000e+00	0.00000000000000e+00	5.24916526304247e+01	-2.58827010275862e+00
95	134	108	121	5.69700000000000e+01	8.16814089933346e+02	3.00000000000000e-02	0.00000000000000e+00	0.00000000000000e+00	5.06908448273672e+01	3.89264981993212e+00
96	135	109	122	5.89500000000000e+01	8.16814089933346e+02	3.00000000000000e-02	0.00000000000000e+00	0.00000000000000e+00	4.89813152908317e+01	6.17502407297369e+00
97	136	110	123	6.69400000000000e+01	8.16814089933346e+02	3.00000000000000e-02	0.00000000000000e+00	0.00000000000000e+00	4.35553649827575e+01	1.43254602911462e+01
98	137	111	124	4.87700000000000e+01	8.16814089933346e+02	3.00000000000000e-02	0.00000000000000e+00	0.00000000000000e+00	3.75444855645933e+01	8.71962860330983e+00
99	138	112	125	4.08800000000000e+01	8.16814089933346e+02	3.00000000000000e-02	0.00000000000000e+00	0.00000000000000e+00	3.37011563856034e+01	6.43695983376628e+00
100	139	113	126	3.29900000000000e+01	8.16814089933346e+02	3.00000000000000e-02	0.00000000000000e+00	0.00000000000000e+00	3.00209856312094e+01	3.14359423629417e+00
101	140	114	127	3.53900000000000e+01	8.16814089933346e+02	3.00000000000000e-02	0.00000000000000e+00	0.00000000000000e+00	2.76817959245558e+01	8.18847613483831e+00
102	141	115	128	2.54600000000000e+01	8.16814089933346e+02	3.00000000000000e-02	0.00000000000000e+00	0.00000000000000e+00	2.64774407733514e+01	-1.30614952456085e+00
103	142	116	129	2.19000000000000e+01	8.16814089933346e+02	3.00000000000000e-02	0.00000000000000e+00	0.00000000000000e+00	2.44742460065028e+01	-3.70449148131373e+00
104	143	117	130	2.31900000000000e+01	8.16814089933346e+02	3.00000000000000e-02	0.00000000000000e+00	0.00000000000000e+00	2.34432757579035e+01	-3.62085148031518e-01
105	144	118	131	2.89700000000000e+01	8.16814089933346e+02	3.00000000000000e-02	0.00000000000000e+00	0.00000000000000e+00	2.32415860789710e+01	7.34392114406875e+00
106	145	119	132	2.27400000000000e+01	8.16814089933346e+02	3.00000000000000e-02	0.00000000000000e+00	0.00000000000000e+00	2.44443602957732e+01	-2.40913460807288e+00
107	146	120	133	2.46500000000000e+01	8.16814089933346e+02	3.00000000000000e-02	0.00000000000000e+00	0.00000000000000e+00	2.51177670191553e+01	-6.26618153685691e-01
108	147	121	134	3.10000000000000e+01	8.16814089933346e+02	3.00000000000000e-02	0.00000000000000e+00	0.00000000000000e+00	2.57791986085704e+01	6.14730977460334e+00
109	148	122	135	2.94700000000000e+01	8.16814089933346e+02	3.00000000000000e-02	0.00000000000000e+00	0.00000000000000e+00	2.77277148874193e+01	2.03134487694416e+00
110	149	123	136	4.06700000000000e+01	8.16814089933346e+02	3.00000000000000e-02	0.00000000000000e+00	0.00000000000000e+00	3.26848916937222e+01	7.28592588328446e+00
111	150	124	137	5.18700000000000e+01	8.16814089933346e+02	3.00000000000000e-02	0.00000000000000e+00	0.00000000000000e+00	3.71282271937077e+01	1.11454355747269e+01
112	151	125	138	4.57200000000000e+01	8.16814089933346e+02	3.00000000000000e-02	0.00000000000000e+00	0.00000000000000e+00	4.12486229184528e+01	3.43060368327513e+00
113	152	126	139	4.16300000000000e+01	8.16814089933346e+02	3.00000000000000e-02	0.00000000000000e+00	0.00000000000000e+00	4.59202597057932e+01	-3.26951154674659e+00
114	153	127	140	4.91700000000000e+01	8.16814089933346e+02	3.00000000000000e-02	0.00000000000000e+00	0.00000000000000e+00	4.99145611652445e+01	-5.00969522833117e-01
115	154	128	141	4.81500000000000e+01	8.16814089933346e+02	3.00000000000000e-02	0.00000000000000e+00	0.00000000000000e+00	5.25809864910066e+01	-2.93444808657363e+00
116	155	129	142	4.71300000000000e+01	8.16814089933346e+02	3.00000000000000e-02	0.00000000000000e+00	0.00000000000000e+00	5.86113566359788e+01	-7.26729120398216e+00
117	156	130	143	5.92800000000000e+01	8.16814089933346e+02	3.00000000000000e-02	0.00000000000000e+00	0.00000000000000e+00	6.48214075676088e+01	-2.97879771699977e+00
118	157	131	144	8.38500000000000e+01	8.16814089933346e+02	3.00000000000000e-02	0.00000000000000e+00	0.00000000000000e+00	6.97780753951444e+01	6.12365446430987e+00
119	158	132	145	1.08430000000000e+02	8.16814089933346e+02	3.00000000000000e-02	0.00000000000000e+00	0.00000000000000e+00	7.45355008877220e+01	1.24943089872092e+01
120	159	133	146	1.46070000000000e+02	8.16814089933346e+02	3.00000000000000e-02	0.00000000000000e+00	0.00000000000000e+00	7.93761163452424e+01	2.03296145852244e+01
121	160	134	147	1.11190000000000e+02	8.16814089933346e+02	3.00000000000000e-02	0.00000000000000e+00	0.00000000000000e+00	8.37354490388540e+01	9.45260123082227e+00
122	161	135	148	7.63000000000000e+01	8.16814089933346e+02	3.00000000000000e-02	0.00000000000000e+00	0.00000000000000e+00	8.37362556442031e+01	-3.09997024119856e+00
123	162	136	149	7.77400000000000e+01	8.16814089933346e+02	3.00000000000000e-02	0.00000000000000e+00	0.00000000000000e+00	7.39337353534354e+01	1.67335671959602e+00
124	163	137	150	9.03700000000000e+01	8.16814089933346e+02	3.00000000000000e-02	0.00000000000000e+00	0.00000000000000e+00	6.71834979348297e+01	9.88282343290411e+00
125	164	138	151	7.03500000000000e+01	8.16814089933346e+02	3.00000000000000e-02	0.00000000000000e+00	0.00000000000000e+00	6.38309033925325e+01	3.24151104300293e+00
126	165	139	152	6.53500000000000e+01	8.16814089933346e+02	3.00000000000000e-02	0.00000000000000e+00	0.00000000000000e+00	6.07375165211232e+01	2.43986227765441e+00
127	166	140	153	6.17200000000000e+01	8.16814089933346e+02	3.00000000000000e-02	0.00000000000000e+00	0.00000000000000e+00	5.26310113393880e+01	5.31008374296813e+00
128	167	141	154	4.18000000000000e+01	8.16814089933346e+02	3.00000000000000e-02	0.00000000000000e+00	0.00000000000000e+00	4.82574849957226e+01	-4.78848685559948e+00
1	42	15	28	3.21200000000000e+01	8.79645943005142e+02	3.00000000000000e-02	0.00000000000000e+00	0.00000000000000e+00	4.04186809854622e+01	-7.66043965481897e+00
4	44	16	30	3.45000000000000e+01	8.79645943005142e+02	3.00000000000000e-02	0.00000000000000e+00	0.00000000000000e+00	4.13365477452405e+01	-6.02625726352826e+00
2	45	18	31	3.68700000000000e+01	8.79645943005142e+02	3.00000000000000e-02	0.00000000000000e+00	0.00000000000000e+00	4.07052489657993e+01	-3.29862797018650e+00
5	46	19	32	3.53800000000000e+01	8.79645943005142e+02	3.00000000000000e-02	0.00000000000000e+00	0.00000000000000e+00	4.20288385709172e+01	-5.74031088560916e+00
6	47	17	33	3.39000000000000e+01	8.79645943005142e+02	3.00000000000000e-02	0.00000000000000e+00	0.00000000000000e+00	3.91104607830998e+01	-4.76583186774658e+00
7	48	20	34	4.08800000000000e+01	8.79645943005142e+02	3.00000000000000e-02	0.00000000000000e+00	0.00000000000000e+00	3.99246333132556e+01	7.88247874196305e-01
8	49	21	35	4.78700000000000e+01	8.79645943005142e+02	3.00000000000000e-02	0.00000000000000e+00	0.00000000000000e+00	4.21637792651725e+01	4.23091540580995e+00
9	50	22	36	7.69700000000000e+01	8.79645943005142e+02	3.00000000000000e-02	0.00000000000000e+00	0.00000000000000e+00	4.45157361839327e+01	1.82524328924249e+01
10	51	23	37	1.06070000000000e+02	8.79645943005142e+02	3.00000000000000e-02	0.00000000000000e+00	0.00000000000000e+00	4.72979782221412e+01	2.69210567550325e+01
11	52	24	38	1.00740000000000e+02	8.79645943005142e+02	3.00000000000000e-02	0.00000000000000e+00	0.00000000000000e+00	4.53026433372472e+01	2.66392519238435e+01
12	53	25	39	9.54100000000000e+01	8.79645943005142e+02	3.00000000000000e-02	0.00000000000000e+00	0.00000000000000e+00	4.50806374815664e+01	2.49910188191632e+01
13	54	26	40	6.77400000000000e+01	8.79645943005142e+02	3.00000000000000e-02	0.00000000000000e+00	0.00000000000000e+00	4.49147499345530e+01	1.36970200083442e+01
14	55	27	41	9.52000000000000e+01	8.79645943005142e+02	3.00000000000000e-02	0.00000000000000e+00	0.00000000000000e+00	4.60325586527806e+01	2.42210332959556e+01
15	56	28	42	7.64700000000000e+01	8.79645943005142e+02	3.00000000000000e-02	0.00000000000000e+00	0.00000000000000e+00	4.69345397880401e+01	1.62714882206535e+01
16	58	30	44	8.34500000000000e+01	8.79645943005142e+02	3.00000000000000e-02	0.00000000000000e+00	0.00000000000000e+00	5.91461135592731e+01	1.14745588890885e+01
18	59	31	45	9.04200000000000e+01	8.79645943005142e+02	3.00000000000000e-02	0.00000000000000e+00	0.00000000000000e+00	6.36381122197757e+01	1.17084314086533e+01
19	60	32	46	6.53300000000000e+01	8.79645943005142e+02	3.00000000000000e-02	0.00000000000000e+00	0.00000000000000e+00	6.58690548424956e+01	-2.73913495529972e-01
17	61	33	47	5.22400000000000e+01	8.79645943005142e+02	3.00000000000000e-02	0.00000000000000e+00	0.00000000000000e+00	6.63080509661371e+01	-7.94876124071400e+00
20	62	34	48	3.91600000000000e+01	8.79645943005142e+02	3.00000000000000e-02	0.00000000000000e+00	0.00000000000000e+00	6.43558635482105e+01	-1.65590743952998e+01
21	63	35	49	4.26000000000000e+01	8.79645943005142e+02	3.00000000000000e-02	0.00000000000000e+00	0.00000000000000e+00	6.28619952384407e+01	-1.29695839525776e+01
22	64	36	50	5.40900000000000e+01	8.79645943005142e+02	3.00000000000000e-02	0.00000000000000e+00	0.00000000000000e+00	6.18199955600068e+01	-4.45258463331083e+00
23	65	37	51	4.60600000000000e+01	8.79645943005142e+02	3.00000000000000e-02	0.00000000000000e+00	0.00000000000000e+00	6.09565911247510e+01	-9.34056985175687e+00
24	66	38	52	5.79600000000000e+01	8.79645943005142e+02	3.00000000000000e-02	0.00000000000000e+00	0.00000000000000e+00	6.19235769002803e+01	-2.20492922126555e+00
25	67	39	53	6.98500000000000e+01	8.79645943005142e+02	3.00000000000000e-02	0.00000000000000e+00	0.00000000000000e+00	6.53798905710563e+01	2.20451193818638e+00
26	68	40	54	5.60600000000000e+01	8.79645943005142e+02	3.00000000000000e-02	0.00000000000000e+00	0.00000000000000e+00	6.76062596269679e+01	-6.24260103524709e+00
27	69	41	55	7.57300000000000e+01	8.79645943005142e+02	3.00000000000000e-02	0.00000000000000e+00	0.00000000000000e+00	6.40208190885865e+01	5.59886848016345e+00
28	70	42	56	6.03000000000000e+01	8.79645943005142e+02	3.00000000000000e-02	0.00000000000000e+00	0.00000000000000e+00	6.04689336238082e+01	-9.32545199733958e-02
29	71	43	57	4.48700000000000e+01	8.79645943005142e+02	3.00000000000000e-02	0.00000000000000e+00	0.00000000000000e+00	5.52918514000532e+01	-6.96187083539444e+00
30	72	44	58	3.80100000000000e+01	8.79645943005142e+02	3.00000000000000e-02	0.00000000000000e+00	0.00000000000000e+00	5.22050321169190e+01	-1.05776535982815e+01
31	73	45	59	3.11500000000000e+01	8.79645943005142e+02	3.00000000000000e-02	0.00000000000000e+00	0.00000000000000e+00	5.05466538320432e+01	-1.61360834276737e+01
32	74	46	60	3.70100000000000e+01	8.79645943005142e+02	3.00000000000000e-02	0.00000000000000e+00	0.00000000000000e+00	5.12512757231990e+01	-1.08517454490210e+01
33	75	47	61	3.20600000000000e+01	8.79645943005142e+02	3.00000000000000e-02	0.00000000000000e+00	0.00000000000000e+00	5.33332419026927e+01	-1.69650221686110e+01
34	76	48	62	3.10400000000000e+01	8.79645943005142e+02	3.00000000000000e-02	0.00000000000000e+00	0.00000000000000e+00	5.77440079496919e+01	-2.06914296752237e+01
35	77	49	63	3.15900000000000e+01	8.79645943005142e+02	3.00000000000000e-02	0.00000000000000e+00	0.00000000000000e+00	6.08530412815587e+01	-2.18540394448967e+01
36	78	50	64	5.37100000000000e+01	8.79645943005142e+02	3.00000000000000e-02	0.00000000000000e+00	0.00000000000000e+00	6.37661377119768e+01	-5.72076962221747e+00
37	79	51	65	7.58200000000000e+01	8.79645943005142e+02	3.00000000000000e-02	0.00000000000000e+00	0.00000000000000e+00	6.59774837659297e+01	4.63495271100204e+00
38	80	52	66	1.05350000000000e+02	8.79645943005142e+02	3.00000000000000e-02	0.00000000000000e+00	0.00000000000000e+00	6.48217487493650e+01	1.61882321451502e+01
39	81	53	67	7.74400000000000e+01	8.79645943005142e+02	3.00000000000000e-02	0.00000000000000e+00	0.00000000000000e+00	6.03969863450465e+01	8.28547447406362e+00
40	82	54	68	6.30700000000000e+01	8.79645943005142e+02	3.00000000000000e-02	0.00000000000000e+00	0.00000000000000e+00	5.75754385792822e+01	3.03830524893186e+00
41	83	55	69	4.86900000000000e+01	8.79645943005142e+02	3.00000000000000e-02	0.00000000000000e+00	0.00000000000000e+00	5.88240012616026e+01	-6.30254287154613e+00
42	84	56	70	5.65600000000000e+01	8.79645943005142e+02	3.00000000000000e-02	0.00000000000000e+00	0.00000000000000e+00	5.97385432504403e+01	-1.82251353584736e+00
43	85	57	71	6.15500000000000e+01	8.79645943005142e+02	3.00000000000000e-02	0.00000000000000e+00	0.00000000000000e+00	6.59683414212636e+01	-2.31083662931664e+00
44	86	58	72	5.70600000000000e+01	8.79645943005142e+02	3.00000000000000e-02	0.00000000000000e+00	0.00000000000000e+00	7.01132669927906e+01	-6.86695628159531e+00
45	87	59	73	6.25900000000000e+01	8.79645943005142e+02	3.00000000000000e-02	0.00000000000000e+00	0.00000000000000e+00	7.15668103068927e+01	-4.46753007869356e+00
46	88	60	74	6.81300000000000e+01	8.79645943005142e+02	3.00000000000000e-02	0.00000000000000e+00	0.00000000000000e+00	7.09678021740835e+01	-1.36028796306515e+00
47	89	61	75	9.30500000000000e+01	8.79645943005142e+02	3.00000000000000e-02	0.00000000000000e+00	0.00000000000000e+00	6.93004558696152e+01	9.82284995696376e+00
48	90	62	76	6.23600000000000e+01	8.79645943005142e+02	3.00000000000000e-02	0.00000000000000e+00	0.00000000000000e+00	6.60579625776314e+01	-1.92028444332450e+00
49	91	63	77	6.89200000000000e+01	8.79645943005142e+02	3.00000000000000e-02	0.00000000000000e+00	0.00000000000000e+00	6.31070215953899e+01	2.93714570129723e+00
50	92	64	78	6.25400000000000e+01	8.79645943005142e+02	3.00000000000000e-02	0.00000000000000e+00	0.00000000000000e+00	6.15717532973516e+01	5.20104567475303e-01
51	93	65	79	8.40700000000000e+01	8.79645943005142e+02	3.00000000000000e-02	0.00000000000000e+00	0.00000000000000e+00	6.01116997768791e+01	1.11815096907958e+01
52	94	66	80	1.01690000000000e+02	8.79645943005142e+02	3.00000000000000e-02	0.00000000000000e+00	0.00000000000000e+00	5.96185928639430e+01	1.77987161192328e+01
53	95	67	81	7.65300000000000e+01	8.79645943005142e+02	3.00000000000000e-02	0.00000000000000e+00	0.00000000000000e+00	6.12595595436821e+01	7.41876364642454e+00
54	96	68	82	5.13700000000000e+01	8.79645943005142e+02	3.00000000000000e-02	0.00000000000000e+00	0.00000000000000e+00	6.11933499401174e+01	-5.83280593419551e+00
55	97	69	83	4.68600000000000e+01	8.79645943005142e+02	3.00000000000000e-02	0.00000000000000e+00	0.00000000000000e+00	5.72293549805101e+01	-6.66341775415068e+00
56	98	70	84	4.94500000000000e+01	8.79645943005142e+02	3.00000000000000e-02	0.00000000000000e+00	0.00000000000000e+00	5.38025956878033e+01	-2.81198849734536e+00
57	99	71	85	5.01500000000000e+01	8.79645943005142e+02	3.00000000000000e-02	0.00000000000000e+00	0.00000000000000e+00	5.02194964838287e+01	-4.61604354373553e-02
58	100	72	86	5.10000000000000e+01	8.79645943005142e+02	3.00000000000000e-02	0.00000000000000e+00	0.00000000000000e+00	5.04903654195633e+01	3.34769947185783e-01
59	101	73	87	5.61700000000000e+01	8.79645943005142e+02	3.00000000000000e-02	0.00000000000000e+00	0.00000000000000e+00	5.52786500324451e+01	5.33201597499626e-01
60	102	74	88	5.50600000000000e+01	8.79645943005142e+02	3.00000000000000e-02	0.00000000000000e+00	0.00000000000000e+00	6.14918027686242e+01	-3.68267926330936e+00
61	103	75	89	5.05100000000000e+01	8.79645943005142e+02	3.00000000000000e-02	0.00000000000000e+00	0.00000000000000e+00	6.57438926502992e+01	-8.78651476052285e+00
62	104	76	90	6.21100000000000e+01	8.79645943005142e+02	3.00000000000000e-02	0.00000000000000e+00	0.00000000000000e+00	7.14161219122306e+01	-4.65388781253549e+00
63	105	77	91	7.80000000000000e+01	8.79645943005142e+02	3.00000000000000e-02	0.00000000000000e+00	0.00000000000000e+00	7.67802898355321e+01	5.25362074695490e-01
64	106	78	92	6.02500000000000e+01	8.79645943005142e+02	3.00000000000000e-02	0.00000000000000e+00	0.00000000000000e+00	7.77770017025284e+01	-8.51144023920967e+00
65	107	79	93	7.12600000000000e+01	8.79645943005142e+02	3.00000000000000e-02	0.00000000000000e+00	0.00000000000000e+00	7.69173376008925e+01	-2.54653824569866e+00
66	108	80	94	9.17500000000000e+01	8.79645943005142e+02	3.00000000000000e-02	0.00000000000000e+00	0.00000000000000e+00	7.54112395575551e+01	6.53703857599653e+00
67	109	81	95	7.94500000000000e+01	8.79645943005142e+02	3.00000000000000e-02	0.00000000000000e+00	0.00000000000000e+00	7.22632876851925e+01	3.16038901007376e+00
68	110	82	96	6.33600000000000e+01	8.79645943005142e+02	3.00000000000000e-02	0.00000000000000e+00	0.00000000000000e+00	6.69613383617853e+01	-1.84275553190541e+00
69	111	83	97	6.61500000000000e+01	8.79645943005142e+02	3.00000000000000e-02	0.00000000000000e+00	0.00000000000000e+00	6.16366011385845e+01	2.35563407151644e+00
70	112	84	98	7.01600000000000e+01	8.79645943005142e+02	3.00000000000000e-02	0.00000000000000e+00	0.00000000000000e+00	5.71182335735833e+01	6.85516517810022e+00
71	113	85	99	6.40300000000000e+01	8.79645943005142e+02	3.00000000000000e-02	0.00000000000000e+00	0.00000000000000e+00	5.50638240030246e+01	5.02862582218393e+00
72	114	86	100	6.60500000000000e+01	8.79645943005142e+02	3.00000000000000e-02	0.00000000000000e+00	0.00000000000000e+00	5.30912578409196e+01	7.27999173462073e+00
73	115	87	101	5.40200000000000e+01	8.79645943005142e+02	3.00000000000000e-02	0.00000000000000e+00	0.00000000000000e+00	4.95254079321460e+01	2.89561729734570e+00
74	116	88	102	5.00700000000000e+01	8.79645943005142e+02	3.00000000000000e-02	0.00000000000000e+00	0.00000000000000e+00	4.59856327169219e+01	2.83643369598202e+00
75	117	89	103	4.26300000000000e+01	8.79645943005142e+02	3.00000000000000e-02	0.00000000000000e+00	0.00000000000000e+00	4.34304203824434e+01	-6.20063175441743e-01
76	118	90	104	3.36500000000000e+01	8.79645943005142e+02	3.00000000000000e-02	0.00000000000000e+00	0.00000000000000e+00	4.07613357855681e+01	-6.39069745661793e+00
77	119	91	105	2.46800000000000e+01	8.79645943005142e+02	3.00000000000000e-02	0.00000000000000e+00	0.00000000000000e+00	3.79991503723458e+01	-1.43856867272254e+01
78	120	92	106	2.51600000000000e+01	8.79645943005142e+02	3.00000000000000e-02	0.00000000000000e+00	0.00000000000000e+00	3.74515015533935e+01	-1.32597124070294e+01
79	121	93	107	3.10200000000000e+01	8.79645943005142e+02	3.00000000000000e-02	0.00000000000000e+00	0.00000000000000e+00	3.76918851955211e+01	-6.49375555778332e+00
80	122	94	108	4.24000000000000e+01	8.79645943005142e+02	3.00000000000000e-02	0.00000000000000e+00	0.00000000000000e+00	3.68593698272550e+01	4.66795021757385e+00
81	123	95	109	3.05800000000000e+01	8.79645943005142e+02	3.00000000000000e-02	0.00000000000000e+00	0.00000000000000e+00	3.56929057766318e+01	-5.15352502654284e+00
82	124	96	110	3.47200000000000e+01	8.79645943005142e+02	3.00000000000000e-02	0.00000000000000e+00	0.00000000000000e+00	3.63014193082688e+01	-1.48469833718795e+00
83	125	97	111	2.84400000000000e+01	8.79645943005142e+02	3.00000000000000e-02	0.00000000000000e+00	0.00000000000000e+00	3.81442496602210e+01	-9.78594705631225e+00
84	126	98	112	2.59000000000000e+01	8.79645943005142e+02	3.00000000000000e-02	0.00000000000000e+00	0.00000000000000e+00	4.13744396167145e+01	-1.56140106964371e+01
85	127	99	113	3.31400000000000e+01	8.79645943005142e+02	3.00000000000000e-02	0.00000000000000e+00	0.00000000000000e+00	4.49431665927046e+01	-1.01552571651131e+01
86	128	100	114	4.03800000000000e+01	8.79645943005142e+02	3.00000000000000e-02	0.00000000000000e+00	0.00000000000000e+00	4.82688982536597e+01	-5.94842706223937e+00
87	129	101	115	4.45700000000000e+01	8.79645943005142e+02	3.00000000000000e-02	0.00000000000000e+00	0.00000000000000e+00	5.31447912655384e+01	-5.86530374595770e+00
88	130	102	116	6.35100000000000e+01	8.79645943005142e+02	3.00000000000000e-02	0.00000000000000e+00	0.00000000000000e+00	5.71675231426870e+01	3.50704713004699e+00
89	131	103	117	8.24500000000000e+01	8.79645943005142e+02	3.00000000000000e-02	0.00000000000000e+00	0.00000000000000e+00	5.90627787172881e+01	1.11197041579971e+01
90	132	104	118	5.95600000000000e+01	8.79645943005142e+02	3.00000000000000e-02	0.00000000000000e+00	0.00000000000000e+00	5.92643825933960e+01	1.65857102194493e-01
91	133	105	119	8.28500000000000e+01	8.79645943005142e+02	3.00000000000000e-02	0.00000000000000e+00	0.00000000000000e+00	5.94376611099066e+01	1.10701230997956e+01
92	134	106	120	6.17300000000000e+01	8.79645943005142e+02	3.00000000000000e-02	0.00000000000000e+00	0.00000000000000e+00	5.55223697926609e+01	3.53280125109278e+00
93	135	107	121	5.32400000000000e+01	8.79645943005142e+02	3.00000000000000e-02	0.00000000000000e+00	0.00000000000000e+00	5.17664281443075e+01	9.35605323158824e-01
94	136	108	122	6.77100000000000e+01	8.79645943005142e+02	3.00000000000000e-02	0.00000000000000e+00	0.00000000000000e+00	4.96482478671483e+01	1.03423593104632e+01
95	137	109	123	6.02200000000000e+01	8.79645943005142e+02	3.00000000000000e-02	0.00000000000000e+00	0.00000000000000e+00	4.74858466164822e+01	7.91909407941556e+00
96	138	110	124	5.48800000000000e+01	8.79645943005142e+02	3.00000000000000e-02	0.00000000000000e+00	0.00000000000000e+00	4.25880034912301e+01	8.45254593294748e+00
97	139	111	125	4.38500000000000e+01	8.79645943005142e+02	3.00000000000000e-02	0.00000000000000e+00	0.00000000000000e+00	3.87246024357650e+01	4.14331996378669e+00
98	140	112	126	3.52600000000000e+01	8.79645943005142e+02	3.00000000000000e-02	0.00000000000000e+00	0.00000000000000e+00	3.48579683440737e+01	3.82247300337809e-01
99	141	113	127	3.13200000000000e+01	8.79645943005142e+02	3.00000000000000e-02	0.00000000000000e+00	0.00000000000000e+00	3.03765787065425e+01	1.01949989781807e+00
100	142	114	128	3.31800000000000e+01	8.79645943005142e+02	3.00000000000000e-02	0.00000000000000e+00	0.00000000000000e+00	2.80631141082685e+01	5.58304119694699e+00
101	143	115	129	2.96000000000000e+01	8.79645943005142e+02	3.00000000000000e-02	0.00000000000000e+00	0.00000000000000e+00	2.64926984496558e+01	3.69683988349759e+00
102	144	116	130	2.32700000000000e+01	8.79645943005142e+02	3.00000000000000e-02	0.00000000000000e+00	0.00000000000000e+00	2.57794244718842e+01	-3.41372317834817e+00
103	145	117	131	2.62400000000000e+01	8.79645943005142e+02	3.00000000000000e-02	0.00000000000000e+00	0.00000000000000e+00	2.47534420169937e+01	1.94401377790109e+00
104	146	118	132	3.54500000000000e+01	8.79645943005142e+02	3.00000000000000e-02	0.00000000000000e+00	0.00000000000000e+00	2.50637588203553e+01	1.15566773975533e+01
105	147	119	133	3.18200000000000e+01	8.79645943005142e+02	3.00000000000000e-02	0.00000000000000e+00	0.00000000000000e+00	2.54818605171855e+01	7.40427253811908e+00
106	148	120	134	2.81900000000000e+01	8.79645943005142e+02	3.00000000000000e-02	0.00000000000000e+00	0.00000000000000e+00	2.69525189950067e+01	1.49635143121708e+00
107	149	121	135	2.92300000000000e+01	8.79645943005142e+02	3.00000000000000e-02	0.00000000000000e+00	0.00000000000000e+00	2.94227448094893e+01	-2.19080969919005e-01
108	150	122	136	3.08300000000000e+01	8.79645943005142e+02	3.00000000000000e-02	0.00000000000000e+00	0.00000000000000e+00	3.28535339538774e+01	-2.11903585836820e+00
109	151	123	137	3.07600000000000e+01	8.79645943005142e+02	3.00000000000000e-02	0.00000000000000e+00	0.00000000000000e+00	3.66520735693326e+01	-5.84182865675826e+00
110	152	124	138	2.63400000000000e+01	8.79645943005142e+02	3.00000000000000e-02	0.00000000000000e+00	0.00000000000000e+00	3.98437798258185e+01	-1.37959202348982e+01
111	153	125	139	3.74800000000000e+01	8.79645943005142e+02	3.00000000000000e-02	0.00000000000000e+00	0.00000000000000e+00	4.40254543999417e+01	-5.36535061219163e+00
112	154	126	140	4.96600000000000e+01	8.79645943005142e+02	3.00000000000000e-02	0.00000000000000e+00	0.00000000000000e+00	4.79322274396980e+01	1.18038984072711e+00
113	155	127	141	6.38600000000000e+01	8.79645943005142e+02	3.00000000000000e-02	0.00000000000000e+00	0.00000000000000e+00	5.15918196307702e+01	7.11100205514685e+00
114	156	128	142	7.54000000000000e+01	8.79645943005142e+02	3.00000000000000e-02	0.00000000000000e+00	0.00000000000000e+00	5.72005537056621e+01	9.20812321686979e+00
115	157	129	143	8.69300000000000e+01	8.79645943005142e+02	3.00000000000000e-02	0.00000000000000e+00	0.00000000000000e+00	6.52151694282351e+01	9.58036984257458e+00
116	158	130	144	1.22800000000000e+02	8.79645943005142e+02	3.00000000000000e-02	0.00000000000000e+00	0.00000000000000e+00	7.10362735542508e+01	1.82455458001306e+01
117	159	131	145	1.08210000000000e+02	8.79645943005142e+02	3.00000000000000e-02	0.00000000000000e+00	0.00000000000000e+00	7.77564125951540e+01	1.10164252939058e+01
118	160	132	146	9.36200000000000e+01	8.79645943005142e+02	3.00000000000000e-02	0.00000000000000e+00	0.00000000000000e+00	8.13078172648534e+01	4.70006235404545e+00
119	161	133	147	7.77200000000000e+01	8.79645943005142e+02	3.00000000000000e-02	0.00000000000000e+00	0.00000000000000e+00	8.24263708690123e+01	-1.95975986746927e+00
120	162	134	148	7.56700000000000e+01	8.79645943005142e+02	3.00000000000000e-02	0.00000000000000e+00	0.00000000000000e+00	7.63423338928453e+01	-2.94861282956482e-01
121	163	135	149	5.29100000000000e+01	8.79645943005142e+02	3.00000000000000e-02	0.00000000000000e+00	0.00000000000000e+00	6.99946531103308e+01	-9.32754993592565e+00
122	164	136	150	7.57900000000000e+01	8.79645943005142e+02	3.00000000000000e-02	0.00000000000000e+00	0.00000000000000e+00	6.74927347721698e+01	3.86487995810641e+00
123	165	137	151	7.00200000000000e+01	8.79645943005142e+02	3.00000000000000e-02	0.00000000000000e+00	0.00000000000000e+00	6.32686243339219e+01	3.37971251300762e+00
124	166	138	152	6.61000000000000e+01	8.79645943005142e+02	3.00000000000000e-02	0.00000000000000e+00	0.00000000000000e+00	5.47831256509977e+01	6.25955087997747e+00
125	167	139	153	6.07900000000000e+01	8.79645943005142e+02	3.00000000000000e-02	0.00000000000000e+00	0.00000000000000e+00	4.91670619462704e+01	7.07337916986742e+00
3	46	16	31	4.56700000000000e+01	9.42477796076938e+02	3.00000000000000e-02	0.00000000000000e+00	0.00000000000000e+00	4.35485279026779e+01	1.58552423113513e+00
4	47	18	32	5.94800000000000e+01	9.42477796076938e+02	3.00000000000000e-02	0.00000000000000e+00	0.00000000000000e+00	4.20649953151485e+01	1.15474730653635e+01
2	48	19	33	4.79400000000000e+01	9.42477796076938e+02	3.00000000000000e-02	0.00000000000000e+00	0.00000000000000e+00	4.16684702444768e+01	4.67351651471365e+00
5	49	17	34	3.63900000000000e+01	9.42477796076938e+02	3.00000000000000e-02	0.00000000000000e+00	0.00000000000000e+00	4.20704799560172e+01	-4.83507648077735e+00
6	50	20	35	3.68400000000000e+01	9.42477796076938e+02	3.00000000000000e-02	0.00000000000000e+00	0.00000000000000e+00	4.13406517153948e+01	-3.84207025024959e+00
7	51	21	36	4.99600000000000e+01	9.42477796076938e+02	3.00000000000000e-02	0.00000000000000e+00	0.00000000000000e+00	4.65348270084716e+01	2.36738950254850e+00
8	52	22	37	6.30900000000000e+01	9.42477796076938e+02	3.00000000000000e-02	0.00000000000000e+00	0.00000000000000e+00	5.16836910163841e+01	6.64733336210109e+00
9	53	23	38	4.37900000000000e+01	9.42477796076938e+02	3.00000000000000e-02	0.00000000000000e+00	0.00000000000000e+00	5.09866239195729e+01	-5.07192804746082e+00
10	54	24	39	3.64100000000000e+01	9.42477796076938e+02	3.00000000000000e-02	0.00000000000000e+00	0.00000000000000e+00	4.75337550994370e+01	-8.88655433816879e+00
11	55	25	40	2.90200000000000e+01	9.42477796076938e+02	3.00000000000000e-02	0.00000000000000e+00	0.00000000000000e+00	4.53234356739653e+01	-1.48612998350975e+01
12	56	26	41	3.67700000000000e+01	9.42477796076938e+02	3.00000000000000e-02	0.00000000000000e+00	0.00000000000000e+00	4.72917488820590e+01	-8.38845142427074e+00
13	57	27	42	3.15000000000000e+01	9.42477796076938e+02	3.00000000000000e-02	0.00000000000000e+00	0.00000000000000e+00	4.92027061359480e+01	-1.48653692972416e+01
14	58	28	43	4.64300000000000e+01	9.42477796076938e+02	3.00000000000000e-02	0.00000000000000e+00	0.00000000000000e+00	5.59228666245218e+01	-6.20091858454074e+00
15	59	29	44	6.13700000000000e+01	9.42477796076938e+02	3.00000000000000e-02	0.00000000000000e+00	0.00000000000000e+00	6.17071158179932e+01	-1.82604572113091e-01
16	61	31	46	9.00900000000000e+01	9.42477796076938e+02	3.00000000000000e-02	0.00000000000000e+00	0.00000000000000e+00	6.95942543842552e+01	8.60423862269769e+00
18	62	32	47	7.13700000000000e+01	9.42477796076938e+02	3.00000000000000e-02	0.00000000000000e+00	0.00000000000000e+00	6.93640528729018e+01	9.50294993139493e-01
19	63	33	48	7.35700000000000e+01	9.42477796076938e+02	3.00000000000000e-02	0.00000000000000e+00	0.00000000000000e+00	6.89380706423152e+01	2.16762530961117e+00
17	64	34	49	6.56900000000000e+01	9.42477796076938e+02	3.00000000000000e-02	0.00000000000000e+00	0.00000000000000e+00	6.67648563128055e+01	-5.41004403190322e-01
20	65	35	50	7.24500000000000e+01	9.42477796076938e+02	3.00000000000000e-02	0.00000000000000e+00	0.00000000000000e+00	6.73881495059790e+01	2.41424965535320e+00
21	66	36	51	7.92100000000000e+01	9.42477796076938e+02	3.00000000000000e-02	0.00000000000000e+00	0.00000000000000e+00	6.81720182317471e+01	5.00227875585887e+00
22	67	37	52	6.98700000000000e+01	9.42477796076938e+02	3.00000000000000e-02	0.00000000000000e+00	0.00000000000000e+00	6.64375210322317e+01	1.67914666301841e+00
23	68	38	53	6.05300000000000e+01	9.42477796076938e+02	3.00000000000000e-02	0.00000000000000e+00	0.00000000000000e+00	6.73241520059052e+01	-3.54599777280615e+00
24	69	39	54	4.19700000000000e+01	9.42477796076938e+02	3.00000000000000e-02	0.00000000000000e+00	0.00000000000000e+00	6.78192804895824e+01	-1.59963816725734e+01
25	70	40	55	4.18000000000000e+01	9.42477796076938e+02	3.00000000000000e-02	0.00000000000000e+00	0.00000000000000e+00	6.64944074812242e+01	-1.54740502189319e+01
26	71	41	56	4.53900000000000e+01	9.42477796076938e+02	3.00000000000000e-02	0.00000000000000e+00	0.00000000000000e+00	6.14323930105322e+01	-1.00881817676069e+01
27	72	42	57	4.30200000000000e+01	9.42477796076938e+02	3.00000000000000e-02	0.00000000000000e+00	0.00000000000000e+00	5.89528529485672e+01	-1.05024299348942e+01
28	73	43	58	6.11000000000000e+01	9.42477796076938e+02	3.00000000000000e-02	0.00000000000000e+00	0.00000000000000e+00	5.64948032911830e+01	2.61210698008387e+00
29	74	44	59	7.91800000000000e+01	9.42477796076938e+02	3.00000000000000e-02	0.00000000000000e+00	0.00000000000000e+00	5.46661535625279e+01	1.23492996205755e+01
30	75	45	60	8.87600000000000e+01	9.42477796076938e+02	3.00000000000000e-02	0.00000000000000e+00	0.00000000000000e+00	5.39409202131338e+01	1.66015573519627e+01
31	76	46	61	9.83300000000000e+01	9.42477796076938e+02	3.00000000000000e-02	0.00000000000000e+00	0.00000000000000e+00	5.57744989185670e+01	1.89004137497633e+01
32	77	47	62	6.87600000000000e+01	9.42477796076938e+02	3.00000000000000e-02	0.00000000000000e+00	0.00000000000000e+00	5.92266334376259e+01	4.97502835484613e+00
33	78	48	63	6.24000000000000e+01	9.42477796076938e+02	3.00000000000000e-02	0.00000000000000e+00	0.00000000000000e+00	6.14532482686558e+01	5.09619346932796e-01
34	79	49	64	5.60400000000000e+01	9.42477796076938e+02	3.00000000000000e-02	0.00000000000000e+00	0.00000000000000e+00	6.48724617244245e+01	-4.87858312055810e+00
35	80	50	65	6.96500000000000e+01	9.42477796076938e+02	3.00000000000000e-02	0.00000000000000e+00	0.00000000000000e+00	6.61927747533515e+01	1.69704619793227e+00
36	81	51	66	8.32600000000000e+01	9.42477796076938e+02	3.00000000000000e-02	0.00000000000000e+00	0.00000000000000e+00	6.39664029717633e+01	8.78700832699065e+00
37	82	52	67	7.04400000000000e+01	9.42477796076938e+02	3.00000000000000e-02	0.00000000000000e+00	0.00000000000000e+00	6.14178033337058e+01	4.56871779763934e+00
38	83	53	68	5.76100000000000e+01	9.42477796076938e+02	3.00000000000000e-02	0.00000000000000e+00	0.00000000000000e+00	5.88118851294334e+01	-6.88259959558568e-01
39	84	54	69	5.67000000000000e+01	9.42477796076938e+02	3.00000000000000e-02	0.00000000000000e+00	0.00000000000000e+00	5.76835686665684e+01	-5.73271680508321e-01
40	85	55	70	4.91900000000000e+01	9.42477796076938e+02	3.00000000000000e-02	0.00000000000000e+00	0.00000000000000e+00	5.88310229534241e+01	-5.96596554044796e+00
41	86	56	71	6.93300000000000e+01	9.42477796076938e+02	3.00000000000000e-02	0.00000000000000e+00	0.00000000000000e+00	6.31478229623568e+01	3.11331129413623e+00
42	87	57	72	6.27500000000000e+01	9.42477796076938e+02	3.00000000000000e-02	0.00000000000000e+00	0.00000000000000e+00	6.50902050646267e+01	-1.22051666818829e+00
43	88	58	73	5.61600000000000e+01	9.42477796076938e+02	3.00000000000000e-02	0.00000000000000e+00	0.00000000000000e+00	6.78823365820112e+01	-6.31903674337805e+00
44	89	59	74	5.93700000000000e+01	9.42477796076938e+02	3.00000000000000e-02	0.00000000000000e+00	0.00000000000000e+00	6.96328889402536e+01	-5.31493165632953e+00
45	90	60	75	8.84200000000000e+01	9.42477796076938e+02	3.00000000000000e-02	0.00000000000000e+00	0.00000000000000e+00	7.07205978905679e+01	7.44537719231643e+00
46	91	61	76	8.25800000000000e+01	9.42477796076938e+02	3.00000000000000e-02	0.00000000000000e+00	0.00000000000000e+00	6.91176906015809e+01	5.93189359852599e+00
47	92	62	77	7.40600000000000e+01	9.42477796076938e+02	3.00000000000000e-02	0.00000000000000e+00	0.00000000000000e+00	6.61576896651517e+01	3.76114819325544e+00
48	93	63	78	6.55300000000000e+01	9.42477796076938e+02	3.00000000000000e-02	0.00000000000000e+00	0.00000000000000e+00	6.38825860128602e+01	8.48708272287535e-01
49	94	64	79	6.87300000000000e+01	9.42477796076938e+02	3.00000000000000e-02	0.00000000000000e+00	0.00000000000000e+00	6.05071376603583e+01	4.24748163994654e+00
50	95	65	80	7.57800000000000e+01	9.42477796076938e+02	3.00000000000000e-02	0.00000000000000e+00	0.00000000000000e+00	5.85627678184591e+01	8.59117574649527e+00
51	96	66	81	8.28200000000000e+01	9.42477796076938e+02	3.00000000000000e-02	0.00000000000000e+00	0.00000000000000e+00	6.05374565287223e+01	1.04469096158917e+01
52	97	67	82	1.18700000000000e+02	9.42477796076938e+02	3.00000000000000e-02	0.00000000000000e+00	0.00000000000000e+00	6.25756435477403e+01	2.13407726642710e+01
53	98	68	83	8.74200000000000e+01	9.42477796076938e+02	3.00000000000000e-02	0.00000000000000e+00	0.00000000000000e+00	6.25535379626234e+01	1.11567097323191e+01
54	99	69	84	6.97500000000000e+01	9.42477796076938e+02	3.00000000000000e-02	0.00000000000000e+00	0.00000000000000e+00	5.98066290262828e+01	5.12669708687795e+00
55	100	70	85	5.20900000000000e+01	9.42477796076938e+02	3.00000000000000e-02	0.00000000000000e+00	0.00000000000000e+00	5.69775171767120e+01	-2.98945875903422e+00
56	101	71	86	4.55900000000000e+01	9.42477796076938e+02	3.00000000000000e-02	0.00000000000000e+00	0.00000000000000e+00	5.37595134446091e+01	-5.49440838130280e+00
57	102	72	87	6.35700000000000e+01	9.42477796076938e+02	3.00000000000000e-02	0.00000000000000e+00	0.00000000000000e+00	5.55201249159643e+01	4.51320316083299e+00
58	103	73	88	8.15600000000000e+01	9.42477796076938e+02	3.00000000000000e-02	0.00000000000000e+00	0.00000000000000e+00	5.95556111281117e+01	1.04809476283609e+01
59	104	74	89	7.67600000000000e+01	9.42477796076938e+02	3.00000000000000e-02	0.00000000000000e+00	0.00000000000000e+00	6.43058452300178e+01	5.90110461428518e+00
60	105	75	90	7.19700000000000e+01	9.42477796076938e+02	3.00000000000000e-02	0.00000000000000e+00	0.00000000000000e+00	6.74886768576938e+01	2.14298439897552e+00
61	106	76	91	8.77600000000000e+01	9.42477796076938e+02	3.00000000000000e-02	0.00000000000000e+00	0.00000000000000e+00	7.19320834680427e+01	6.62944757634728e+00
62	107	77	92	6.72400000000000e+01	9.42477796076938e+02	3.00000000000000e-02	0.00000000000000e+00	0.00000000000000e+00	7.30590769618145e+01	-2.76666929240988e+00
63	108	78	93	5.72100000000000e+01	9.42477796076938e+02	3.00000000000000e-02	0.00000000000000e+00	0.00000000000000e+00	7.30546323063857e+01	-8.14929469080615e+00
64	109	79	94	7.94900000000000e+01	9.42477796076938e+02	3.00000000000000e-02	0.00000000000000e+00	0.00000000000000e+00	7.42306022161554e+01	2.28182445493020e+00
65	110	80	95	1.01760000000000e+02	9.42477796076938e+02	3.00000000000000e-02	0.00000000000000e+00	0.00000000000000e+00	7.39181450347347e+01	1.06552922266774e+01
66	111	81	96	1.37470000000000e+02	9.42477796076938e+02	3.00000000000000e-02	0.00000000000000e+00	0.00000000000000e+00	6.92701549459641e+01	2.28463854203497e+01
67	112	82	97	9.36100000000000e+01	9.42477796076938e+02	3.00000000000000e-02	0.00000000000000e+00	0.00000000000000e+00	6.26407137080433e+01	1.33907256653150e+01
68	113	83	98	7.30400000000000e+01	9.42477796076938e+02	3.00000000000000e-02	0.00000000000000e+00	0.00000000000000e+00	5.73691674821370e+01	8.05000763860306e+00
69	114	84	99	5.24800000000000e+01	9.42477796076938e+02	3.00000000000000e-02	0.00000000000000e+00	0.00000000000000e+00	5.49407179370350e+01	-1.52742012007251e+00
70	115	85	100	7.76800000000000e+01	9.42477796076938e+02	3.00000000000000e-02	0.00000000000000e+00	0.00000000000000e+00	5.44064425953319e+01	1.18705082357404e+01
71	116	86	101	5.29200000000000e+01	9.42477796076938e+02	3.00000000000000e-02	0.00000000000000e+00	0.00000000000000e+00	5.34528327830540e+01	-3.33943185580562e-01
72	117	87	102	5.32500000000000e+01	9.42477796076938e+02	3.00000000000000e-02	0.00000000000000e+00	0.00000000000000e+00	5.13354063438318e+01	1.22057027793338e+00
73	118	88	103	5.77700000000000e+01	9.42477796076938e+02	3.00000000000000e-02	0.00000000000000e+00	0.00000000000000e+00	4.91361355038222e+01	5.39582961228306e+00
74	119	89	104	5.78500000000000e+01	9.42477796076938e+02	3.00000000000000e-02	0.00000000000000e+00	0.00000000000000e+00	4.62891860566956e+01	7.43150274392799e+00
75	120	90	105	5.81800000000000e+01	9.42477796076938e+02	3.00000000000000e-02	0.00000000000000e+00	0.00000000000000e+00	4.43342619982743e+01	9.05946221344361e+00
76	121	91	106	5.31800000000000e+01	9.42477796076938e+02	3.00000000000000e-02	0.00000000000000e+00	0.00000000000000e+00	4.23679602427375e+01	7.57633212934226e+00
77	122	92	107	3.94300000000000e+01	9.42477796076938e+02	3.00000000000000e-02	0.00000000000000e+00	0.00000000000000e+00	4.20044405995316e+01	-2.10827977884129e+00
78	123	93	108	3.54200000000000e+01	9.42477796076938e+02	3.00000000000000e-02	0.00000000000000e+00	0.00000000000000e+00	4.12847445988775e+01	-5.10721397340606e+00
79	124	94	109	3.63600000000000e+01	9.42477796076938e+02	3.00000000000000e-02	0.00000000000000e+00	0.00000000000000e+00	4.03804629968336e+01	-3.49589365011920e+00
80	125	95	110	4.17400000000000e+01	9.42477796076938e+02	3.00000000000000e-02	0.00000000000000e+00	0.00000000000000e+00	3.95278663753644e+01	1.81513335390595e+00
81	126	96	111	2.90600000000000e+01	9.42477796076938e+02	3.00000000000000e-02	0.00000000000000e+00	0.00000000000000e+00	4.02996238630278e+01	-1.08993159114439e+01
82	127	97	112	4.18600000000000e+01	9.42477796076938e+02	3.00000000000000e-02	0.00000000000000e+00	0.00000000000000e+00	4.33885790811761e+01	-1.19551782151971e+00
83	128	98	113	5.53600000000000e+01	9.42477796076938e+02	3.00000000000000e-02	0.00000000000000e+00	0.00000000000000e+00	4.57686106652288e+01	6.34196039359674e+00
84	129	99	114	4.39300000000000e+01	9.42477796076938e+02	3.00000000000000e-02	0.00000000000000e+00	0.00000000000000e+00	4.67754820438776e+01	-2.09205732357800e+00
85	130	100	115	3.79400000000000e+01	9.42477796076938e+02	3.00000000000000e-02	0.00000000000000e+00	0.00000000000000e+00	4.73177409624021e+01	-7.36264446231799e+00
86	131	101	116	4.90800000000000e+01	9.42477796076938e+02	3.00000000000000e-02	0.00000000000000e+00	0.00000000000000e+00	5.10354983948818e+01	-1.30232725705823e+00
87	132	102	117	6.02200000000000e+01	9.42477796076938e+02	3.00000000000000e-02	0.00000000000000e+00	0.00000000000000e+00	5.38820276721797e+01	3.70691797018603e+00
88	133	103	118	4.71700000000000e+01	9.42477796076938e+02	3.00000000000000e-02	0.00000000000000e+00	0.00000000000000e+00	5.45522745335907e+01	-4.84671034738156e+00
89	134	104	119	4.54600000000000e+01	9.42477796076938e+02	3.00000000000000e-02	0.00000000000000e+00	0.00000000000000e+00	5.49552404248973e+01	-6.32287416760541e+00
90	135	105	120	3.73900000000000e+01	9.42477796076938e+02	3.00000000000000e-02	0.00000000000000e+00	0.00000000000000e+00	5.52027982560234e+01	-1.29870118684360e+01
91	136	106	121	5.18000000000000e+01	9.42477796076938e+02	3.00000000000000e-02	0.00000000000000e+00	0.00000000000000e+00	5.53149558748412e+01	-2.18843908380631e+00
92	137	107	122	3.64400000000000e+01	9.42477796076938e+02	3.00000000000000e-02	0.00000000000000e+00	0.00000000000000e+00	5.19246735506636e+01	-1.18042336803700e+01
93	138	108	123	4.97300000000000e+01	9.42477796076938e+02	3.00000000000000e-02	0.00000000000000e+00	0.00000000000000e+00	4.95796060532956e+01	1.00959727631711e-01
94	139	109	124	4.44200000000000e+01	9.42477796076938e+02	3.00000000000000e-02	0.00000000000000e+00	0.00000000000000e+00	4.65105666988858e+01	-1.53299030493314e+00
95	140	110	125	3.91200000000000e+01	9.42477796076938e+02	3.00000000000000e-02	0.00000000000000e+00	0.00000000000000e+00	4.31506308979753e+01	-3.26877310994114e+00
96	141	111	126	3.32200000000000e+01	9.42477796076938e+02	3.00000000000000e-02	0.00000000000000e+00	0.00000000000000e+00	3.99678450850099e+01	-6.16410512583247e+00
97	142	112	127	2.93800000000000e+01	9.42477796076938e+02	3.00000000000000e-02	0.00000000000000e+00	0.00000000000000e+00	3.52997424426820e+01	-6.11871656418665e+00
98	143	113	128	2.61400000000000e+01	9.42477796076938e+02	3.00000000000000e-02	0.00000000000000e+00	0.00000000000000e+00	3.10106144436623e+01	-5.69542796971826e+00
99	144	114	129	2.22400000000000e+01	9.42477796076938e+02	3.00000000000000e-02	0.00000000000000e+00	0.00000000000000e+00	2.92724840415983e+01	-9.15851647303960e+00
100	145	115	130	3.04200000000000e+01	9.42477796076938e+02	3.00000000000000e-02	0.00000000000000e+00	0.00000000000000e+00	2.88877856166773e+01	1.72271413576803e+00
101	146	116	131	2.94000000000000e+01	9.42477796076938e+02	3.00000000000000e-02	0.00000000000000e+00	0.00000000000000e+00	2.69929071871069e+01	2.84735132083223e+00
102	147	117	132	3.58500000000000e+01	9.42477796076938e+02	3.00000000000000e-02	0.00000000000000e+00	0.00000000000000e+00	2.64673223377953e+01	1.01144238099723e+01
103	148	118	133	2.60000000000000e+01	9.42477796076938e+02	3.00000000000000e-02	0.00000000000000e+00	0.00000000000000e+00	2.64441201962448e+01	-5.64576558401964e-01
104	149	119	134	3.23700000000000e+01	9.42477796076938e+02	3.00000000000000e-02	0.00000000000000e+00	0.00000000000000e+00	2.80649509414087e+01	4.75701891933752e+00
105	150	120	135	3.87300000000000e+01	9.42477796076938e+02	3.00000000000000e-02	0.00000000000000e+00	0.00000000000000e+00	3.05876838365272e+01	7.86723515303809e+00
106	151	121	136	2.99500000000000e+01	9.42477796076938e+02	3.00000000000000e-02	0.00000000000000e+00	0.00000000000000e+00	3.48213376963128e+01	-5.02336755036216e+00
107	152	122	137	3.06500000000000e+01	9.42477796076938e+02	3.00000000000000e-02	0.00000000000000e+00	0.00000000000000e+00	3.87181544592741e+01	-7.78919783772619e+00
108	153	123	138	3.21600000000000e+01	9.42477796076938e+02	3.00000000000000e-02	0.00000000000000e+00	0.00000000000000e+00	4.12284801741496e+01	-8.28019465310087e+00
109	154	124	139	3.97000000000000e+01	9.42477796076938e+02	3.00000000000000e-02	0.00000000000000e+00	0.00000000000000e+00	4.46273545521126e+01	-3.89986046957625e+00
110	155	125	140	4.21900000000000e+01	9.42477796076938e+02	3.00000000000000e-02	0.00000000000000e+00	0.00000000000000e+00	4.69305639406423e+01	-3.54953067440218e+00
111	156	126	141	5.64700000000000e+01	9.42477796076938e+02	3.00000000000000e-02	0.00000000000000e+00	0.00000000000000e+00	5.00869297440184e+01	3.99831443276111e+00
112	157	127	142	5.20700000000000e+01	9.42477796076938e+02	3.00000000000000e-02	0.00000000000000e+00	0.00000000000000e+00	5.74147101924248e+01	-3.25705261490679e+00
113	158	128	143	5.52700000000000e+01	9.42477796076938e+02	3.00000000000000e-02	0.00000000000000e+00	0.00000000000000e+00	6.65651116953520e+01	-6.19834420088381e+00
114	159	129	144	6.34300000000000e+01	9.42477796076938e+02	3.00000000000000e-02	0.00000000000000e+00	0.00000000000000e+00	7.18793993020617e+01	-4.16842564264846e+00
115	160	130	145	7.16000000000000e+01	9.42477796076938e+02	3.00000000000000e-02	0.00000000000000e+00	0.00000000000000e+00	7.60590584070773e+01	-2.01383496165658e+00
116	161	131	146	6.52700000000000e+01	9.42477796076938e+02	3.00000000000000e-02	0.00000000000000e+00	0.00000000000000e+00	8.01077385297117e+01	-6.82799825394940e+00
117	162	132	147	6.98600000000000e+01	9.42477796076938e+02	3.00000000000000e-02	0.00000000000000e+00	0.00000000000000e+00	7.71116443535939e+01	-3.29203530054419e+00
118	163	133	148	7.16300000000000e+01	9.42477796076938e+02	3.00000000000000e-02	0.00000000000000e+00	0.00000000000000e+00	7.26410994516259e+01	-4.67229639157966e-01
119	164	134	149	6.98500000000000e+01	9.42477796076938e+02	3.00000000000000e-02	0.00000000000000e+00	0.00000000000000e+00	6.81718990986396e+01	8.10588081360978e-01
120	165	135	150	6.98000000000000e+01	9.42477796076938e+02	3.00000000000000e-02	0.00000000000000e+00	0.00000000000000e+00	6.63168561825062e+01	1.70633012756169e+00
121	166	136	151	6.85700000000000e+01	9.42477796076938e+02	3.00000000000000e-02	0.00000000000000e+00	0.00000000000000e+00	5.75254839459012e+01	5.85423575391702e+00
122	167	137	152	5.52700000000000e+01	9.42477796076938e+02	3.00000000000000e-02	0.00000000000000e+00	0.00000000000000e+00	5.15104918824746e+01	2.34815843504948e+00
1	48	16	32	6.67000000000000e+01	1.00530964914873e+03	3.00000000000000e-02	0.00000000000000e+00	0.00000000000000e+00	4.21102922187567e+01	1.53304257119011e+01
3	49	18	33	7.81200000000000e+01	1.00530964914873e+03	3.00000000000000e-02	0.00000000000000e+00	0.00000000000000e+00	4.47537799869042e+01	1.85690065291273e+01
4	50	19	34	9.36900000000000e+01	1.00530964914873e+03	3.00000000000000e-02	0.00000000000000e+00	0.00000000000000e+00	4.41742765822442e+01	2.50616272690508e+01
2	51	17	35	1.09270000000000e+02	1.00530964914873e+03	3.00000000000000e-02	0.00000000000000e+00	0.00000000000000e+00	4.29283258455010e+01	3.11429999805383e+01
5	52	20	36	9.72700000000000e+01	1.00530964914873e+03	3.00000000000000e-02	0.00000000000000e+00	0.00000000000000e+00	4.79208136653496e+01	2.35980227852474e+01
6	53	21	37	8.52700000000000e+01	1.00530964914873e+03	3.00000000000000e-02	0.00000000000000e+00	0.00000000000000e+00	5.19192349708772e+01	1.65377785078023e+01
7	54	22	38	5.77300000000000e+01	1.00530964914873e+03	3.00000000000000e-02	0.00000000000000e+00	0.00000000000000e+00	5.21277060328622e+01	3.40267920006207e+00
8	55	23	39	5.55300000000000e+01	1.00530964914873e+03	3.00000000000000e-02	0.00000000000000e+00	0.00000000000000e+00	5.22107460938872e+01	2.05450258948036e+00
9	56	24	40	4.42800000000000e+01	1.00530964914873e+03	3.00000000000000e-02	0.00000000000000e+00	0.00000000000000e+00	5.03481178350057e+01	-4.28093763323130e+00
10	57	25	41	5.10600000000000e+01	1.00530964914873e+03	3.00000000000000e-02	0.00000000000000e+00	0.00000000000000e+00	5.17024999725770e+01	-4.16824130031923e-01
11	58	26	42	5.78300000000000e+01	1.00530964914873e+03	3.00000000000000e-02	0.00000000000000e+00	0.00000000000000e+00	5.10558801140453e+01	4.15289835878852e+00
12	59	27	43	8.26400000000000e+01	1.00530964914873e+03	3.00000000000000e-02	0.00000000000000e+00	0.00000000000000e+00	5.72999467400851e+01	1.22064710194509e+01
13	60	28	44	7.13700000000000e+01	1.00530964914873e+03	3.00000000000000e-02	0.00000000000000e+00	0.00000000000000e+00	6.42475824212437e+01	3.50445058668365e+00
14	61	29	45	8.45100000000000e+01	1.00530964914873e+03	3.00000000000000e-02	0.00000000000000e+00	0.00000000000000e+00	6.87357961035170e+01	6.88665858285109e+00
15	62	30	46	9.76500000000000e+01	1.00530964914873e+03	3.00000000000000e-02	0.00000000000000e+00	0.00000000000000e+00	7.18112190608059e+01	1.02449646382058e+01
16	64	32	48	8.20600000000000e+01	1.00530964914873e+03	3.00000000000000e-02	0.00000000000000e+00	0.00000000000000e+00	7.14097059035731e+01	4.63389632940897e+00
18	65	33	49	7.94400000000000e+01	1.00530964914873e+03	3.00000000000000e-02	0.00000000000000e+00	0.00000000000000e+00	7.05273980341110e+01	3.96669202721182e+00
19	66	34	50	7.75900000000000e+01	1.00530964914873e+03	3.00000000000000e-02	0.00000000000000e+00	0.00000000000000e+00	7.19870501254776e+01	2.49841031449352e+00
17	67	35	51	1.05630000000000e+02	1.00530964914873e+03	3.00000000000000e-02	0.00000000000000e+00	0.00000000000000e+00	7.54199918220007e+01	1.12290012812545e+01
20	68	36	52	1.33660000000000e+02	1.00530964914873e+03	3.00000000000000e-02	0.00000000000000e+00	0.00000000000000e+00	7.28221796283037e+01	2.02426229352452e+01
21	69	37	53	1.02740000000000e+02	1.00530964914873e+03	3.00000000000000e-02	0.00000000000000e+00	0.00000000000000e+00	6.88539283976596e+01	1.33404748051687e+01
22	70	38	54	7.25300000000000e+01	1.00530964914873e+03	3.00000000000000e-02	0.00000000000000e+00	0.00000000000000e+00	6.89454951745286e+01	1.68946673133495e+00
23	71	39	55	6.28300000000000e+01	1.00530964914873e+03	3.00000000000000e-02	0.00000000000000e+00	0.00000000000000e+00	6.62365532197371e+01	-1.75999358607012e+00
24	72	40	56	4.67400000000000e+01	1.00530964914873e+03	3.00000000000000e-02	0.00000000000000e+00	0.00000000000000e+00	6.31908739828479e+01	-1.00519854203330e+01
25	73	41	57	4.90100000000000e+01	1.00530964914873e+03	3.00000000000000e-02	0.00000000000000e+00	0.00000000000000e+00	6.15073938591359e+01	-7.57110113387771e+00
26	74	42	58	3.80500000000000e+01	1.00530964914873e+03	3.00000000000000e-02	0.00000000000000e+00	0.00000000000000e+00	6.19041240213509e+01	-1.62228572364979e+01
27	75	43	59	2.70900000000000e+01	1.00530964914873e+03	3.00000000000000e-02	0.00000000000000e+00	0.00000000000000e+00	5.91408600625423e+01	-2.60252467014804e+01
28	76	44	60	2.86000000000000e+01	1.00530964914873e+03	3.00000000000000e-02	0.00000000000000e+00	0.00000000000000e+00	5.82733120537074e+01	-2.37245833829723e+01
29	77	45	61	3.97900000000000e+01	1.00530964914873e+03	3.00000000000000e-02	0.00000000000000e+00	0.00000000000000e+00	5.88708086082359e+01	-1.30576577998659e+01
30	78	46	62	5.49300000000000e+01	1.00530964914873e+03	3.00000000000000e-02	0.00000000000000e+00	0.00000000000000e+00	6.08591562825713e+01	-3.41675445892156e+00
31	79	47	63	6.48000000000000e+01	1.00530964914873e+03	3.00000000000000e-02	0.00000000000000e+00	0.00000000000000e+00	6.35493327708892e+01	6.49636835192909e-01
32	80	48	64	7.46700000000000e+01	1.00530964914873e+03	3.00000000000000e-02	0.00000000000000e+00	0.00000000000000e+00	6.66380322998392e+01	3.79343116461003e+00
33	81	49	65	5.96900000000000e+01	1.00530964914873e+03	3.00000000000000e-02	0.00000000000000e+00	0.00000000000000e+00	6.73424029669817e+01	-4.02085316703564e+00
34	82	50	66	6.92400000000000e+01	1.00530964914873e+03	3.00000000000000e-02	0.00000000000000e+00	0.00000000000000e+00	6.34562870938249e+01	2.90758178944384e+00
35	83	51	67	6.06600000000000e+01	1.00530964914873e+03	3.00000000000000e-02	0.00000000000000e+00	0.00000000000000e+00	5.85863802567939e+01	1.15940838389840e+00
36	84	52	68	5.20900000000000e+01	1.00530964914873e+03	3.00000000000000e-02	0.00000000000000e+00	0.00000000000000e+00	5.91665835830699e+01	-4.24613080864897e+00
37	85	53	69	5.20900000000000e+01	1.00530964914873e+03	3.00000000000000e-02	0.00000000000000e+00	0.00000000000000e+00	6.20666069667768e+01	-5.84117075167034e+00
38	86	54	70	7.77500000000000e+01	1.00530964914873e+03	3.00000000000000e-02	0.00000000000000e+00	0.00000000000000e+00	6.16094910504187e+01	7.75608722981562e+00
39	87	55	71	5.23200000000000e+01	1.00530964914873e+03	3.00000000000000e-02	0.00000000000000e+00	0.00000000000000e+00	6.22413683581150e+01	-5.78803858892485e+00
40	88	56	72	5.18600000000000e+01	1.00530964914873e+03	3.00000000000000e-02	0.00000000000000e+00	0.00000000000000e+00	6.29587480082321e+01	-6.46439794299947e+00
41	89	57	73	6.45100000000000e+01	1.00530964914873e+03	3.00000000000000e-02	0.00000000000000e+00	0.00000000000000e+00	6.40693329691063e+01	2.28480863937660e-01
42	90	58	74	5.42700000000000e+01	1.00530964914873e+03	3.00000000000000e-02	0.00000000000000e+00	0.00000000000000e+00	6.38776848020897e+01	-5.43328305639599e+00
43	91	59	75	4.85200000000000e+01	1.00530964914873e+03	3.00000000000000e-02	0.00000000000000e+00	0.00000000000000e+00	6.66118354844282e+01	-1.05635395886115e+01
44	92	60	76	6.01300000000000e+01	1.00530964914873e+03	3.00000000000000e-02	0.00000000000000e+00	0.00000000000000e+00	6.82387347622132e+01	-4.21678256536128e+00
45	93	61	77	8.01400000000000e+01	1.00530964914873e+03	3.00000000000000e-02	0.00000000000000e+00	0.00000000000000e+00	6.86749223594668e+01	5.14636679258249e+00
46	94	62	78	6.99000000000000e+01	1.00530964914873e+03	3.00000000000000e-02	0.00000000000000e+00	0.00000000000000e+00	6.71219641213548e+01	1.35181082253014e+00
47	95	63	79	4.74200000000000e+01	1.00530964914873e+03	3.00000000000000e-02	0.00000000000000e+00	0.00000000000000e+00	6.39542152808845e+01	-9.97077868251317e+00
48	96	64	80	5.54000000000000e+01	1.00530964914873e+03	3.00000000000000e-02	0.00000000000000e+00	0.00000000000000e+00	6.04843913015933e+01	-2.92685809940441e+00
49	97	65	81	6.33900000000000e+01	1.00530964914873e+03	3.00000000000000e-02	0.00000000000000e+00	0.00000000000000e+00	5.84221615457393e+01	2.72036079742414e+00
50	98	66	82	5.89500000000000e+01	1.00530964914873e+03	3.00000000000000e-02	0.00000000000000e+00	0.00000000000000e+00	6.05318777358074e+01	-8.82683467065082e-01
51	99	67	83	7.22900000000000e+01	1.00530964914873e+03	3.00000000000000e-02	0.00000000000000e+00	0.00000000000000e+00	6.40408744205232e+01	4.03880882300551e+00
52	100	68	84	8.56400000000000e+01	1.00530964914873e+03	3.00000000000000e-02	0.00000000000000e+00	0.00000000000000e+00	6.34357658248271e+01	1.00041543870175e+01
53	101	69	85	6.82400000000000e+01	1.00530964914873e+03	3.00000000000000e-02	0.00000000000000e+00	0.00000000000000e+00	6.07282820006487e+01	3.88737942706978e+00
54	102	70	86	5.08300000000000e+01	1.00530964914873e+03	3.00000000000000e-02	0.00000000000000e+00	0.00000000000000e+00	6.07760052633021e+01	-5.95694431145863e+00
55	103	71	87	5.60100000000000e+01	1.00530964914873e+03	3.00000000000000e-02	0.00000000000000e+00	0.00000000000000e+00	5.97632316992436e+01	-2.16201237021947e+00
56	104	72	88	5.84500000000000e+01	1.00530964914873e+03	3.00000000000000e-02	0.00000000000000e+00	0.00000000000000e+00	6.03556115597895e+01	-1.06940796316536e+00
57	105	73	89	7.11800000000000e+01	1.00530964914873e+03	3.00000000000000e-02	0.00000000000000e+00	0.00000000000000e+00	6.34151548939707e+01	3.85030036736532e+00
58	106	74	90	8.42900000000000e+01	1.00530964914873e+03	3.00000000000000e-02	0.00000000000000e+00	0.00000000000000e+00	6.57814614550251e+01	8.26417253932021e+00
59	107	75	91	7.02200000000000e+01	1.00530964914873e+03	3.00000000000000e-02	0.00000000000000e+00	0.00000000000000e+00	6.66237030835871e+01	1.75242514520431e+00
60	108	76	92	5.61600000000000e+01	1.00530964914873e+03	3.00000000000000e-02	0.00000000000000e+00	0.00000000000000e+00	6.82348522678759e+01	-6.49169016403655e+00
61	109	77	93	7.13700000000000e+01	1.00530964914873e+03	3.00000000000000e-02	0.00000000000000e+00	0.00000000000000e+00	6.91609169516947e+01	1.04805646149743e+00
62	110	78	94	8.65800000000000e+01	1.00530964914873e+03	3.00000000000000e-02	0.00000000000000e+00	0.00000000000000e+00	6.87015513541077e+01	7.70990204889571e+00
63	111	79	95	6.25200000000000e+01	1.00530964914873e+03	3.00000000000000e-02	0.00000000000000e+00	0.00000000000000e+00	6.94154207101149e+01	-3.48741792368517e+00
64	112	80	96	8.02200000000000e+01	1.00530964914873e+03	3.00000000000000e-02	0.00000000000000e+00	0.00000000000000e+00	6.91800685060516e+01	4.93533555251098e+00
65	113	81	97	6.45000000000000e+01	1.00530964914873e+03	3.00000000000000e-02	0.00000000000000e+00	0.00000000000000e+00	6.58283111746427e+01	-6.79492766887465e-01
66	114	82	98	7.16500000000000e+01	1.00530964914873e+03	3.00000000000000e-02	0.00000000000000e+00	0.00000000000000e+00	6.10603209333423e+01	5.33103036495988e+00
67	115	83	99	6.18000000000000e+01	1.00530964914873e+03	3.00000000000000e-02	0.00000000000000e+00	0.00000000000000e+00	5.64676358959227e+01	3.00785688114606e+00
68	116	84	100	5.19400000000000e+01	1.00530964914873e+03	3.00000000000000e-02	0.00000000000000e+00	0.00000000000000e+00	5.39041335825514e+01	-1.23726528610294e+00
69	117	85	101	4.52300000000000e+01	1.00530964914873e+03	3.00000000000000e-02	0.00000000000000e+00	0.00000000000000e+00	5.43106528738136e+01	-6.09866032432347e+00
70	118	86	102	5.76700000000000e+01	1.00530964914873e+03	3.00000000000000e-02	0.00000000000000e+00	0.00000000000000e+00	5.46564444326035e+01	1.78899926809848e+00
71	119	87	103	4.72300000000000e+01	1.00530964914873e+03	3.00000000000000e-02	0.00000000000000e+00	0.00000000000000e+00	5.42671462890611e+01	-4.62965730679200e+00
72	120	88	104	5.64500000000000e+01	1.00530964914873e+03	3.00000000000000e-02	0.00000000000000e+00	0.00000000000000e+00	5.22479584509314e+01	2.57848244078522e+00
73	121	89	105	4.08700000000000e+01	1.00530964914873e+03	3.00000000000000e-02	0.00000000000000e+00	0.00000000000000e+00	4.97962960239934e+01	-6.58481022200224e+00
74	122	90	106	4.86300000000000e+01	1.00530964914873e+03	3.00000000000000e-02	0.00000000000000e+00	0.00000000000000e+00	4.85994069024704e+01	2.09765745527631e-02
75	123	91	107	5.35300000000000e+01	1.00530964914873e+03	3.00000000000000e-02	0.00000000000000e+00	0.00000000000000e+00	4.74119689019396e+01	4.04558463664738e+00
76	124	92	108	4.60300000000000e+01	1.00530964914873e+03	3.00000000000000e-02	0.00000000000000e+00	0.00000000000000e+00	4.60549019135365e+01	-1.80282280273077e-02
77	125	93	109	3.85200000000000e+01	1.00530964914873e+03	3.00000000000000e-02	0.00000000000000e+00	0.00000000000000e+00	4.50246325367783e+01	-5.20107142611614e+00
78	126	94	110	3.71900000000000e+01	1.00530964914873e+03	3.00000000000000e-02	0.00000000000000e+00	0.00000000000000e+00	4.47748458832530e+01	-6.18688659923798e+00
79	127	95	111	4.35100000000000e+01	1.00530964914873e+03	3.00000000000000e-02	0.00000000000000e+00	0.00000000000000e+00	4.42610007021007e+01	-5.70438242064671e-01
80	128	96	112	4.74900000000000e+01	1.00530964914873e+03	3.00000000000000e-02	0.00000000000000e+00	0.00000000000000e+00	4.56516967309384e+01	1.31594626512119e+00
81	129	97	113	4.20900000000000e+01	1.00530964914873e+03	3.00000000000000e-02	0.00000000000000e+00	0.00000000000000e+00	4.74429134355795e+01	-3.99056610271874e+00
82	130	98	114	5.70300000000000e+01	1.00530964914873e+03	3.00000000000000e-02	0.00000000000000e+00	0.00000000000000e+00	4.73688731725076e+01	6.18707054343970e+00
83	131	99	115	4.25700000000000e+01	1.00530964914873e+03	3.00000000000000e-02	0.00000000000000e+00	0.00000000000000e+00	4.79190824569796e+01	-3.94546754639693e+00
84	132	100	116	4.56400000000000e+01	1.00530964914873e+03	3.00000000000000e-02	0.00000000000000e+00	0.00000000000000e+00	4.90138502165373e+01	-2.37727968856681e+00
85	133	101	117	4.37200000000000e+01	1.00530964914873e+03	3.00000000000000e-02	0.00000000000000e+00	0.00000000000000e+00	4.93872846877384e+01	-4.06291109229039e+00
86	134	102	118	4.20300000000000e+01	1.00530964914873e+03	3.00000000000000e-02	0.00000000000000e+00	0.00000000000000e+00	4.87433582374839e+01	-4.93950992875879e+00
87	135	103	119	3.67600000000000e+01	1.00530964914873e+03	3.00000000000000e-02	0.00000000000000e+00	0.00000000000000e+00	4.93832944380528e+01	-9.84006334146945e+00
88	136	104	120	4.21300000000000e+01	1.00530964914873e+03	3.00000000000000e-02	0.00000000000000e+00	0.00000000000000e+00	5.16842250144846e+01	-6.81308445060155e+00
89	137	105	121	4.74900000000000e+01	1.00530964914873e+03	3.00000000000000e-02	0.00000000000000e+00	0.00000000000000e+00	5.47004234906909e+01	-4.71174296323662e+00
90	138	106	122	4.57300000000000e+01	1.00530964914873e+03	3.00000000000000e-02	0.00000000000000e+00	0.00000000000000e+00	5.43274291858847e+01	-5.74249010912407e+00
91	139	107	123	4.98000000000000e+01	1.00530964914873e+03	3.00000000000000e-02	0.00000000000000e+00	0.00000000000000e+00	5.14763016920568e+01	-1.10355188043626e+00
92	140	108	124	4.76100000000000e+01	1.00530964914873e+03	3.00000000000000e-02	0.00000000000000e+00	0.00000000000000e+00	4.88273938797220e+01	-8.41622738300248e-01
93	141	109	125	3.40500000000000e+01	1.00530964914873e+03	3.00000000000000e-02	0.00000000000000e+00	0.00000000000000e+00	4.72618866761220e+01	-1.09291386523618e+01
94	142	110	126	3.70800000000000e+01	1.00530964914873e+03	3.00000000000000e-02	0.00000000000000e+00	0.00000000000000e+00	4.39186159072230e+01	-5.64201806849759e+00
95	143	111	127	4.14100000000000e+01	1.00530964914873e+03	3.00000000000000e-02	0.00000000000000e+00	0.00000000000000e+00	4.03874402259180e+01	8.33451547412153e-01
96	144	112	128	4.35900000000000e+01	1.00530964914873e+03	3.00000000000000e-02	0.00000000000000e+00	0.00000000000000e+00	3.67041299729570e+01	5.73128280660324e+00
97	145	113	129	2.97200000000000e+01	1.00530964914873e+03	3.00000000000000e-02	0.00000000000000e+00	0.00000000000000e+00	3.29201595811750e+01	-3.40883344974561e+00
98	146	114	130	2.91600000000000e+01	1.00530964914873e+03	3.00000000000000e-02	0.00000000000000e+00	0.00000000000000e+00	3.16395614168886e+01	-2.72034579989834e+00
99	147	115	131	2.83900000000000e+01	1.00530964914873e+03	3.00000000000000e-02	0.00000000000000e+00	0.00000000000000e+00	3.02122867414822e+01	-2.07372389670334e+00
100	148	116	132	2.91000000000000e+01	1.00530964914873e+03	3.00000000000000e-02	0.00000000000000e+00	0.00000000000000e+00	2.89190557527533e+01	2.07914257988347e-01
101	149	117	133	3.17900000000000e+01	1.00530964914873e+03	3.00000000000000e-02	0.00000000000000e+00	0.00000000000000e+00	2.83119084817031e+01	3.86230881253956e+00
102	150	118	134	3.02700000000000e+01	1.00530964914873e+03	3.00000000000000e-02	0.00000000000000e+00	0.00000000000000e+00	2.91956064338310e+01	1.20462965583843e+00
103	151	119	135	3.22800000000000e+01	1.00530964914873e+03	3.00000000000000e-02	0.00000000000000e+00	0.00000000000000e+00	3.21696355041513e+01	1.14161083934657e-01
104	152	120	136	4.05100000000000e+01	1.00530964914873e+03	3.00000000000000e-02	0.00000000000000e+00	0.00000000000000e+00	3.71847725634862e+01	2.85498398096967e+00
105	153	121	137	2.89100000000000e+01	1.00530964914873e+03	3.00000000000000e-02	0.00000000000000e+00	0.00000000000000e+00	4.10619374455325e+01	-1.16964680055380e+01
106	154	122	138	4.31500000000000e+01	1.00530964914873e+03	3.00000000000000e-02	0.00000000000000e+00	0.00000000000000e+00	4.29256967037363e+01	1.73726005191455e-01
107	155	123	139	3.20300000000000e+01	1.00530964914873e+03	3.00000000000000e-02	0.00000000000000e+00	0.00000000000000e+00	4.60160241684355e+01	-1.20772241231821e+01
108	156	124	140	4.00300000000000e+01	1.00530964914873e+03	3.00000000000000e-02	0.00000000000000e+00	0.00000000000000e+00	4.95748556926095e+01	-7.12848635022543e+00
109	157	125	141	3.91300000000000e+01	1.00530964914873e+03	3.00000000000000e-02	0.00000000000000e+00	0.00000000000000e+00	5.24485377603289e+01	-9.76476731653257e+00
110	158	126	142	4.26500000000000e+01	1.00530964914873e+03	3.00000000000000e-02	0.00000000000000e+00	0.00000000000000e+00	5.78419754877026e+01	-1.01562485893760e+01
111	159	127	143	4.80900000000000e+01	1.00530964914873e+03	3.00000000000000e-02	0.00000000000000e+00	0.00000000000000e+00	6.58794290649290e+01	-1.04917327898017e+01
112	160	128	144	6.46900000000000e+01	1.00530964914873e+03	3.00000000000000e-02	0.00000000000000e+00	0.00000000000000e+00	7.12637572262339e+01	-3.22604181105136e+00
113	161	129	145	6.77700000000000e+01	1.00530964914873e+03	3.00000000000000e-02	0.00000000000000e+00	0.00000000000000e+00	7.48775852564512e+01	-3.32449881078653e+00
114	162	130	146	6.47100000000000e+01	1.00530964914873e+03	3.00000000000000e-02	0.00000000000000e+00	0.00000000000000e+00	7.20583565941374e+01	-3.58535166381164e+00
115	163	131	147	6.46600000000000e+01	1.00530964914873e+03	3.00000000000000e-02	0.00000000000000e+00	0.00000000000000e+00	7.06053624033242e+01	-2.93211080129335e+00
116	164	132	148	7.10100000000000e+01	1.00530964914873e+03	3.00000000000000e-02	0.00000000000000e+00	0.00000000000000e+00	7.09132068535888e+01	4.54673874059471e-02
117	165	133	149	6.88400000000000e+01	1.00530964914873e+03	3.00000000000000e-02	0.00000000000000e+00	0.00000000000000e+00	6.87447585492219e+01	4.61492329021892e-02
118	166	134	150	5.79600000000000e+01	1.00530964914873e+03	3.00000000000000e-02	0.00000000000000e+00	0.00000000000000e+00	6.09350421621160e+01	-1.66850989140886e+00
119	167	135	151	4.70800000000000e+01	1.00530964914873e+03	3.00000000000000e-02	0.00000000000000e+00	0.00000000000000e+00	5.40794636657532e+01	-4.62020772900843e+00
1	51	18	34	3.66400000000000e+01	1.06814150222053e+03	3.00000000000000e-02	0.00000000000000e+00	0.00000000000000e+00	4.44171972137838e+01	-6.41620597587324e+00
3	52	19	35	4.28000000000000e+01	1.06814150222053e+03	3.00000000000000e-02	0.00000000000000e+00	0.00000000000000e+00	4.78618911304201e+01	-3.72604976369419e+00
4	53	17	36	5.85900000000000e+01	1.06814150222053e+03	3.00000000000000e-02	0.00000000000000e+00	0.00000000000000e+00	4.91153262332644e+01	5.87976347397050e+00
2	54	20	37	7.43800000000000e+01	1.06814150222053e+03	3.00000000000000e-02	0.00000000000000e+00	0.00000000000000e+00	5.26631867757074e+01	1.15090140066672e+01
5	55	21	38	9.97900000000000e+01	1.06814150222053e+03	3.00000000000000e-02	0.00000000000000e+00	0.00000000000000e+00	5.45752193058159e+01	2.01162685679437e+01
6	56	22	39	7.04500000000000e+01	1.06814150222053e+03	3.00000000000000e-02	0.00000000000000e+00	0.00000000000000e+00	5.24258296158982e+01	9.85012789558180e+00
7	57	23	40	4.94900000000000e+01	1.06814150222053e+03	3.00000000000000e-02	0.00000000000000e+00	0.00000000000000e+00	5.28664253454290e+01	-2.19992756146556e+00
8	58	24	41	4.31800000000000e+01	1.06814150222053e+03	3.00000000000000e-02	0.00000000000000e+00	0.00000000000000e+00	5.59378162432467e+01	-8.62877414809957e+00
9	59	25	42	3.68700000000000e+01	1.06814150222053e+03	3.00000000000000e-02	0.00000000000000e+00	0.00000000000000e+00	5.72487489056580e+01	-1.46669192257744e+01
10	60	26	43	3.94800000000000e+01	1.06814150222053e+03	3.00000000000000e-02	0.00000000000000e+00	0.00000000000000e+00	6.20429013705307e+01	-1.50677296258915e+01
11	61	27	44	5.27100000000000e+01	1.06814150222053e+03	3.00000000000000e-02	0.00000000000000e+00	0.00000000000000e+00	6.56455218702593e+01	-7.31547317910830e+00
12	62	28	45	7.26500000000000e+01	1.06814150222053e+03	3.00000000000000e-02	0.00000000000000e+00	0.00000000000000e+00	6.94911707549903e+01	1.48178950040959e+00
13	63	29	46	6.66200000000000e+01	1.06814150222053e+03	3.00000000000000e-02	0.00000000000000e+00	0.00000000000000e+00	7.23239513291441e+01	-2.73835061891129e+00
14	64	30	47	8.79600000000000e+01	1.06814150222053e+03	3.00000000000000e-02	0.00000000000000e+00	0.00000000000000e+00	7.33825457620783e+01	6.03986848336836e+00
15	65	31	48	1.26400000000000e+02	1.06814150222053e+03	3.00000000000000e-02	0.00000000000000e+00	0.00000000000000e+00	7.34661750310620e+01	1.80875461693064e+01
16	67	33	50	1.01380000000000e+02	1.06814150222053e+03	3.00000000000000e-02	0.00000000000000e+00	0.00000000000000e+00	7.73522725347642e+01	9.01686255210613e+00
18	68	34	51	1.23480000000000e+02	1.06814150222053e+03	3.00000000000000e-02	0.00000000000000e+00	0.00000000000000e+00	7.90737208370139e+01	1.48566202384037e+01
19	69	35	52	1.09680000000000e+02	1.06814150222053e+03	3.00000000000000e-02	0.00000000000000e+00	0.00000000000000e+00	7.69642606446613e+01	1.18075289540696e+01
17	70	36	53	9.58900000000000e+01	1.06814150222053e+03	3.00000000000000e-02	0.00000000000000e+00	0.00000000000000e+00	7.44230236437750e+01	8.44787832070140e+00
20	71	37	54	6.99400000000000e+01	1.06814150222053e+03	3.00000000000000e-02	0.00000000000000e+00	0.00000000000000e+00	6.99756242534847e+01	-1.69741606507697e-02
21	72	38	55	5.84700000000000e+01	1.06814150222053e+03	3.00000000000000e-02	0.00000000000000e+00	0.00000000000000e+00	6.67852508493831e+01	-4.43228194360502e+00
22	73	39	56	4.69900000000000e+01	1.06814150222053e+03	3.00000000000000e-02	0.00000000000000e+00	0.00000000000000e+00	6.48839633381735e+01	-1.07555227345504e+01
23	74	40	57	4.12100000000000e+01	1.06814150222053e+03	3.00000000000000e-02	0.00000000000000e+00	0.00000000000000e+00	6.50814662391981e+01	-1.52319622181154e+01
24	75	41	58	3.61400000000000e+01	1.06814150222053e+03	3.00000000000000e-02	0.00000000000000e+00	0.00000000000000e+00	6.45881991535454e+01	-1.93543811098512e+01
25	76	42	59	2.84300000000000e+01	1.06814150222053e+03	3.00000000000000e-02	0.00000000000000e+00	0.00000000000000e+00	6.46885003538602e+01	-2.74046174028236e+01
26	77	43	60	3.58100000000000e+01	1.06814150222053e+03	3.00000000000000e-02	0.00000000000000e+00	0.00000000000000e+00	6.30359464515229e+01	-1.88492652752906e+01
27	78	44	61	4.31900000000000e+01	1.06814150222053e+03	3.00000000000000e-02	0.00000000000000e+00	0.00000000000000e+00	6.23746576388851e+01	-1.22516692776220e+01
28	79	45	62	5.89600000000000e+01	1.06814150222053e+03	3.00000000000000e-02	0.00000000000000e+00	0.00000000000000e+00	6.42603952390014e+01	-2.86947521367367e+00
29	80	46	63	7.47400000000000e+01	1.06814150222053e+03	3.00000000000000e-02	0.00000000000000e+00	0.00000000000000e+00	6.60072858971754e+01	4.14167652474191e+00
30	81	47	64	6.71600000000000e+01	1.06814150222053e+03	3.00000000000000e-02	0.00000000000000e+00	0.00000000000000e+00	6.74184296461868e+01	-1.28019507297121e-01
31	82	48	65	5.01900000000000e+01	1.06814150222053e+03	3.00000000000000e-02	0.00000000000000e+00	0.00000000000000e+00	6.72739732819935e+01	-9.76525437736133e+00
32	83	49	66	6.26900000000000e+01	1.06814150222053e+03	3.00000000000000e-02	0.00000000000000e+00	0.00000000000000e+00	6.45699734060626e+01	-9.84918316342961e-01
33	84	50	67	9.75500000000000e+01	1.06814150222053e+03	3.00000000000000e-02	0.00000000000000e+00	0.00000000000000e+00	6.11878189893345e+01	1.55472311161048e+01
34	85	51	68	1.32410000000000e+02	1.06814150222053e+03	3.00000000000000e-02	0.00000000000000e+00	0.00000000000000e+00	6.07863311562705e+01	2.59512740721091e+01
35	86	52	69	1.25880000000000e+02	1.06814150222053e+03	3.00000000000000e-02	0.00000000000000e+00	0.00000000000000e+00	6.25468208280969e+01	2.33137887554851e+01
36	87	53	70	1.19350000000000e+02	1.06814150222053e+03	3.00000000000000e-02	0.00000000000000e+00	0.00000000000000e+00	6.31263190105048e+01	2.12307523397233e+01
37	88	54	71	9.08000000000000e+01	1.06814150222053e+03	3.00000000000000e-02	0.00000000000000e+00	0.00000000000000e+00	6.41279723288577e+01	1.15926210361199e+01
38	89	55	72	6.22500000000000e+01	1.06814150222053e+03	3.00000000000000e-02	0.00000000000000e+00	0.00000000000000e+00	6.39259990403098e+01	-8.85587134319662e-01
39	90	56	73	5.82200000000000e+01	1.06814150222053e+03	3.00000000000000e-02	0.00000000000000e+00	0.00000000000000e+00	6.30116059545193e+01	-2.63633308692217e+00
40	91	57	74	7.72500000000000e+01	1.06814150222053e+03	3.00000000000000e-02	0.00000000000000e+00	0.00000000000000e+00	6.15260273395202e+01	7.58622072400902e+00
41	92	58	75	9.62700000000000e+01	1.06814150222053e+03	3.00000000000000e-02	0.00000000000000e+00	0.00000000000000e+00	6.23030832467523e+01	1.45048609634674e+01
42	93	59	76	7.85300000000000e+01	1.06814150222053e+03	3.00000000000000e-02	0.00000000000000e+00	0.00000000000000e+00	6.25507763413395e+01	7.58340230062264e+00
43	94	60	77	6.07800000000000e+01	1.06814150222053e+03	3.00000000000000e-02	0.00000000000000e+00	0.00000000000000e+00	6.54523130766467e+01	-2.46870151226718e+00
44	95	61	78	5.21900000000000e+01	1.06814150222053e+03	3.00000000000000e-02	0.00000000000000e+00	0.00000000000000e+00	6.68285973102886e+01	-8.24133955748588e+00
45	96	62	79	5.41700000000000e+01	1.06814150222053e+03	3.00000000000000e-02	0.00000000000000e+00	0.00000000000000e+00	6.59401695543831e+01	-6.55401864379537e+00
46	97	63	80	7.31400000000000e+01	1.06814150222053e+03	3.00000000000000e-02	0.00000000000000e+00	0.00000000000000e+00	6.43927471322469e+01	4.24581360411196e+00
47	98	64	81	6.42900000000000e+01	1.06814150222053e+03	3.00000000000000e-02	0.00000000000000e+00	0.00000000000000e+00	6.20082471760349e+01	1.20455676621460e+00
48	99	65	82	5.54300000000000e+01	1.06814150222053e+03	3.00000000000000e-02	0.00000000000000e+00	0.00000000000000e+00	6.03121671727127e+01	-2.81376324241241e+00
49	100	66	83	5.33700000000000e+01	1.06814150222053e+03	3.00000000000000e-02	0.00000000000000e+00	0.00000000000000e+00	6.08672342986730e+01	-4.38154049768227e+00
50	101	67	84	9.08300000000000e+01	1.06814150222053e+03	3.00000000000000e-02	0.00000000000000e+00	0.00000000000000e+00	6.34717790544105e+01	1.19464748247078e+01
51	102	68	85	1.28290000000000e+02	1.06814150222053e+03	3.00000000000000e-02	0.00000000000000e+00	0.00000000000000e+00	6.39324088741187e+01	2.32155637440673e+01
52	103	69	86	1.23950000000000e+02	1.06814150222053e+03	3.00000000000000e-02	0.00000000000000e+00	0.00000000000000e+00	6.19461646190464e+01	2.31204187744628e+01
53	104	70	87	1.19610000000000e+02	1.06814150222053e+03	3.00000000000000e-02	0.00000000000000e+00	0.00000000000000e+00	6.46101646220944e+01	2.05288234853109e+01
54	105	71	88	8.61900000000000e+01	1.06814150222053e+03	3.00000000000000e-02	0.00000000000000e+00	0.00000000000000e+00	6.56927125210553e+01	9.05220542842541e+00
55	106	72	89	6.94700000000000e+01	1.06814150222053e+03	3.00000000000000e-02	0.00000000000000e+00	0.00000000000000e+00	6.47815388377910e+01	2.32914454717452e+00
56	107	73	90	9.26600000000000e+01	1.06814150222053e+03	3.00000000000000e-02	0.00000000000000e+00	0.00000000000000e+00	6.30215802202409e+01	1.28486556357688e+01
57	108	74	91	1.15860000000000e+02	1.06814150222053e+03	3.00000000000000e-02	0.00000000000000e+00	0.00000000000000e+00	6.50644512221265e+01	1.92334743259180e+01
58	109	75	92	1.18650000000000e+02	1.06814150222053e+03	3.00000000000000e-02	0.00000000000000e+00	0.00000000000000e+00	6.55429529755977e+01	1.97824094848117e+01
59	110	76	93	1.21450000000000e+02	1.06814150222053e+03	3.00000000000000e-02	0.00000000000000e+00	0.00000000000000e+00	6.47052479673349e+01	2.09886781635728e+01
60	111	77	94	8.32600000000000e+01	1.06814150222053e+03	3.00000000000000e-02	0.00000000000000e+00	0.00000000000000e+00	6.40554293903297e+01	8.74064830059288e+00
61	112	78	95	6.80700000000000e+01	1.06814150222053e+03	3.00000000000000e-02	0.00000000000000e+00	0.00000000000000e+00	6.37022464455508e+01	2.21055864941230e+00
62	113	79	96	5.28700000000000e+01	1.06814150222053e+03	3.00000000000000e-02	0.00000000000000e+00	0.00000000000000e+00	6.41821759052185e+01	-6.46298226753452e+00
63	114	80	97	4.94800000000000e+01	1.06814150222053e+03	3.00000000000000e-02	0.00000000000000e+00	0.00000000000000e+00	6.46875451541541e+01	-8.93333779901302e+00
64	115	81	98	5.40400000000000e+01	1.06814150222053e+03	3.00000000000000e-02	0.00000000000000e+00	0.00000000000000e+00	6.38860735158088e+01	-5.57922942296957e+00
65	116	82	99	4.86200000000000e+01	1.06814150222053e+03	3.00000000000000e-02	0.00000000000000e+00	0.00000000000000e+00	6.07836659407509e+01	-7.44287105667906e+00
66	117	83	100	5.17100000000000e+01	1.06814150222053e+03	3.00000000000000e-02	0.00000000000000e+00	0.00000000000000e+00	5.66059585153522e+01	-3.01543557943022e+00
67	118	84	101	4.24200000000000e+01	1.06814150222053e+03	3.00000000000000e-02	0.00000000000000e+00	0.00000000000000e+00	5.42079330948691e+01	-8.17357718874852e+00
68	119	85	102	6.33100000000000e+01	1.06814150222053e+03	3.00000000000000e-02	0.00000000000000e+00	0.00000000000000e+00	5.56586582556883e+01	4.29352149423436e+00
69	120	86	103	5.86500000000000e+01	1.06814150222053e+03	3.00000000000000e-02	0.00000000000000e+00	0.00000000000000e+00	5.74923738366867e+01	6.64508833978683e-01
70	121	87	104	5.39900000000000e+01	1.06814150222053e+03	3.00000000000000e-02	0.00000000000000e+00	0.00000000000000e+00	5.60370540965556e+01	-1.24047693289001e+00
71	122	88	105	5.53000000000000e+01	1.06814150222053e+03	3.00000000000000e-02	0.00000000000000e+00	0.00000000000000e+00	5.47382544961751e+01	3.40336419890116e-01
72	123	89	106	4.59000000000000e+01	1.06814150222053e+03	3.00000000000000e-02	0.00000000000000e+00	0.00000000000000e+00	5.41285151990181e+01	-5.49653376958489e+00
73	124	90	107	5.50000000000000e+01	1.06814150222053e+03	3.00000000000000e-02	0.00000000000000e+00	0.00000000000000e+00	5.40356590959856e+01	5.89633432545078e-01
74	125	91	108	4.56500000000000e+01	1.06814150222053e+03	3.00000000000000e-02	0.00000000000000e+00	0.00000000000000e+00	5.15305250758295e+01	-4.03902483195536e+00
75	126	92	109	6.26300000000000e+01	1.06814150222053e+03	3.00000000000000e-02	0.00000000000000e+00	0.00000000000000e+00	4.99357852072512e+01	7.55021707929557e+00
76	127	93	110	6.40000000000000e+01	1.06814150222053e+03	3.00000000000000e-02	0.00000000000000e+00	0.00000000000000e+00	4.95006147294470e+01	8.56326650284774e+00
77	128	94	111	5.97600000000000e+01	1.06814150222053e+03	3.00000000000000e-02	0.00000000000000e+00	0.00000000000000e+00	4.95084436466348e+01	6.27311023589727e+00
78	129	95	112	4.50900000000000e+01	1.06814150222053e+03	3.00000000000000e-02	0.00000000000000e+00	0.00000000000000e+00	4.99077612757719e+01	-3.38386782728445e+00
79	130	96	113	5.25100000000000e+01	1.06814150222053e+03	3.00000000000000e-02	0.00000000000000e+00	0.00000000000000e+00	4.98891937102266e+01	1.70664024192858e+00
80	131	97	114	3.61100000000000e+01	1.06814150222053e+03	3.00000000000000e-02	0.00000000000000e+00	0.00000000000000e+00	4.95450439722342e+01	-1.05437466580743e+01
81	132	98	115	4.79100000000000e+01	1.06814150222053e+03	3.00000000000000e-02	0.00000000000000e+00	0.00000000000000e+00	4.88903057117325e+01	-6.75162624279579e-01
82	133	99	116	4.15700000000000e+01	1.06814150222053e+03	3.00000000000000e-02	0.00000000000000e+00	0.00000000000000e+00	4.94985503442648e+01	-5.81882099689355e+00
83	134	100	117	4.89900000000000e+01	1.06814150222053e+03	3.00000000000000e-02	0.00000000000000e+00	0.00000000000000e+00	4.90954882513340e+01	-7.16981984357841e-02
84	135	101	118	4.72500000000000e+01	1.06814150222053e+03	3.00000000000000e-02	0.00000000000000e+00	0.00000000000000e+00	4.83555188067430e+01	-7.70923476487484e-01
85	136	102	119	3.82400000000000e+01	1.06814150222053e+03	3.00000000000000e-02	0.00000000000000e+00	0.00000000000000e+00	4.67905486436514e+01	-6.72663807622018e+00
86	137	103	120	2.95500000000000e+01	1.06814150222053e+03	3.00000000000000e-02	0.00000000000000e+00	0.00000000000000e+00	4.63373231848281e+01	-1.49954669601941e+01
87	138	104	121	4.04200000000000e+01	1.06814150222053e+03	3.00000000000000e-02	0.00000000000000e+00	0.00000000000000e+00	5.02315720461612e+01	-7.24396807513202e+00
88	139	105	122	4.92400000000000e+01	1.06814150222053e+03	3.00000000000000e-02	0.00000000000000e+00	0.00000000000000e+00	5.34188902991597e+01	-2.71527110051285e+00
89	140	106	123	5.14100000000000e+01	1.06814150222053e+03	3.00000000000000e-02	0.00000000000000e+00	0.00000000000000e+00	5.30504365705266e+01	-1.04701294582881e+00
90	141	107	124	3.67100000000000e+01	1.06814150222053e+03	3.00000000000000e-02	0.00000000000000e+00	0.00000000000000e+00	4.94168711509681e+01	-9.90808965515586e+00
91	142	108	125	4.00900000000000e+01	1.06814150222053e+03	3.00000000000000e-02	0.00000000000000e+00	0.00000000000000e+00	4.91152887529365e+01	-6.76811465247583e+00
92	143	109	126	4.26100000000000e+01	1.06814150222053e+03	3.00000000000000e-02	0.00000000000000e+00	0.00000000000000e+00	4.82129447325237e+01	-4.11795268011999e+00
93	144	110	127	3.11600000000000e+01	1.06814150222053e+03	3.00000000000000e-02	0.00000000000000e+00	0.00000000000000e+00	4.48919084481657e+01	-1.21707448256554e+01
94	145	111	128	3.35700000000000e+01	1.06814150222053e+03	3.00000000000000e-02	0.00000000000000e+00	0.00000000000000e+00	4.20168544775366e+01	-7.48126746258295e+00
95	146	112	129	3.23500000000000e+01	1.06814150222053e+03	3.00000000000000e-02	0.00000000000000e+00	0.00000000000000e+00	3.84259798055029e+01	-5.73732557733120e+00
96	147	113	130	3.32900000000000e+01	1.06814150222053e+03	3.00000000000000e-02	0.00000000000000e+00	0.00000000000000e+00	3.51644006984758e+01	-1.82590584902047e+00
97	148	114	131	3.31000000000000e+01	1.06814150222053e+03	3.00000000000000e-02	0.00000000000000e+00	0.00000000000000e+00	3.29501588702084e+01	1.51239996400010e-01
98	149	115	132	2.66400000000000e+01	1.06814150222053e+03	3.00000000000000e-02	0.00000000000000e+00	0.00000000000000e+00	3.25676402568223e+01	-6.69684398526904e+00
99	150	116	133	3.11500000000000e+01	1.06814150222053e+03	3.00000000000000e-02	0.00000000000000e+00	0.00000000000000e+00	3.10937353184579e+01	6.02627681634882e-02
100	151	117	134	2.30700000000000e+01	1.06814150222053e+03	3.00000000000000e-02	0.00000000000000e+00	0.00000000000000e+00	3.14067906725158e+01	-1.02830353600964e+01
101	152	118	135	2.41000000000000e+01	1.06814150222053e+03	3.00000000000000e-02	0.00000000000000e+00	0.00000000000000e+00	3.39188459423534e+01	-1.13919648974133e+01
102	153	119	136	3.36300000000000e+01	1.06814150222053e+03	3.00000000000000e-02	0.00000000000000e+00	0.00000000000000e+00	3.90411686852531e+01	-4.97327236433430e+00
103	154	120	137	4.76400000000000e+01	1.06814150222053e+03	3.00000000000000e-02	0.00000000000000e+00	0.00000000000000e+00	4.33596432215739e+01	3.13812052247650e+00
104	155	121	138	5.18200000000000e+01	1.06814150222053e+03	3.00000000000000e-02	0.00000000000000e+00	0.00000000000000e+00	4.51668009414968e+01	4.58046168707562e+00
105	156	122	139	5.14400000000000e+01	1.06814150222053e+03	3.00000000000000e-02	0.00000000000000e+00	0.00000000000000e+00	4.84074258877238e+01	2.02542835144174e+00
106	157	123	140	7.12400000000000e+01	1.06814150222053e+03	3.00000000000000e-02	0.00000000000000e+00	0.00000000000000e+00	5.19589019507103e+01	1.05200466476897e+01
107	158	124	141	6.34900000000000e+01	1.06814150222053e+03	3.00000000000000e-02	0.00000000000000e+00	0.00000000000000e+00	5.59331795144099e+01	4.22415526204973e+00
108	159	125	142	5.57400000000000e+01	1.06814150222053e+03	3.00000000000000e-02	0.00000000000000e+00	0.00000000000000e+00	6.07083153727912e+01	-2.84608859812385e+00
109	160	126	143	5.42700000000000e+01	1.06814150222053e+03	3.00000000000000e-02	0.00000000000000e+00	0.00000000000000e+00	6.65553534744306e+01	-6.80207988073236e+00
110	161	127	144	5.27900000000000e+01	1.06814150222053e+03	3.00000000000000e-02	0.00000000000000e+00	0.00000000000000e+00	6.86165445910667e+01	-8.74039672050797e+00
111	162	128	145	6.05200000000000e+01	1.06814150222053e+03	3.00000000000000e-02	0.00000000000000e+00	0.00000000000000e+00	6.72515858289935e+01	-3.51555701280131e+00
112	163	129	146	7.13500000000000e+01	1.06814150222053e+03	3.00000000000000e-02	0.00000000000000e+00	0.00000000000000e+00	6.67400303975917e+01	2.22641383789517e+00
113	164	130	147	8.63100000000000e+01	1.06814150222053e+03	3.00000000000000e-02	0.00000000000000e+00	0.00000000000000e+00	6.78644477587524e+01	8.01443886215324e+00
114	165	131	148	1.01270000000000e+02	1.06814150222053e+03	3.00000000000000e-02	0.00000000000000e+00	0.00000000000000e+00	6.87364299661316e+01	1.29170294196926e+01
115	166	132	149	8.21900000000000e+01	1.06814150222053e+03	3.00000000000000e-02	0.00000000000000e+00	0.00000000000000e+00	6.12893805878133e+01	9.78090163219543e+00
116	167	133	150	5.71700000000000e+01	1.06814150222053e+03	3.00000000000000e-02	0.00000000000000e+00	0.00000000000000e+00	5.77969739996314e+01	-3.63571202814494e-01
1	54	19	36	6.44400000000000e+01	1.13097335529233e+03	3.00000000000000e-02	0.00000000000000e+00	0.00000000000000e+00	5.11857888635201e+01	7.67575420166472e+00
3	55	17	37	5.38200000000000e+01	1.13097335529233e+03	3.00000000000000e-02	0.00000000000000e+00	0.00000000000000e+00	5.66727960435579e+01	-1.72163875694936e+00
4	56	20	38	4.31900000000000e+01	1.13097335529233e+03	3.00000000000000e-02	0.00000000000000e+00	0.00000000000000e+00	5.55810459240065e+01	-8.40777518389091e+00
2	57	21	39	3.34600000000000e+01	1.13097335529233e+03	3.00000000000000e-02	0.00000000000000e+00	0.00000000000000e+00	5.49079455323940e+01	-1.65102456616941e+01
5	58	22	40	3.66400000000000e+01	1.13097335529233e+03	3.00000000000000e-02	0.00000000000000e+00	0.00000000000000e+00	5.51318789237233e+01	-1.36195857969227e+01
6	59	23	41	3.98200000000000e+01	1.13097335529233e+03	3.00000000000000e-02	0.00000000000000e+00	0.00000000000000e+00	5.72506342287815e+01	-1.21023140656309e+01
7	60	24	42	5.89900000000000e+01	1.13097335529233e+03	3.00000000000000e-02	0.00000000000000e+00	0.00000000000000e+00	5.93500395884514e+01	-2.02828335806426e-01
8	61	25	43	7.81600000000000e+01	1.13097335529233e+03	3.00000000000000e-02	0.00000000000000e+00	0.00000000000000e+00	6.72049191236799e+01	5.03371872130893e+00
9	62	26	44	1.07460000000000e+02	1.13097335529233e+03	3.00000000000000e-02	0.00000000000000e+00	0.00000000000000e+00	7.08619602625523e+01	1.38794974121923e+01
10	63	27	45	7.75300000000000e+01	1.13097335529233e+03	3.00000000000000e-02	0.00000000000000e+00	0.00000000000000e+00	7.23071071874132e+01	2.32475108500208e+00
11	64	28	46	1.08130000000000e+02	1.13097335529233e+03	3.00000000000000e-02	0.00000000000000e+00	0.00000000000000e+00	7.26102757767400e+01	1.32742585172655e+01
12	65	29	47	7.22000000000000e+01	1.13097335529233e+03	3.00000000000000e-02	0.00000000000000e+00	0.00000000000000e+00	7.25155907743084e+01	-1.45384600194198e-01
13	66	30	48	8.81900000000000e+01	1.13097335529233e+03	3.00000000000000e-02	0.00000000000000e+00	0.00000000000000e+00	7.48532684183713e+01	5.46546005812297e+00
14	67	31	49	1.04180000000000e+02	1.13097335529233e+03	3.00000000000000e-02	0.00000000000000e+00	0.00000000000000e+00	7.68989896799101e+01	1.01209144664784e+01
15	68	32	50	1.01560000000000e+02	1.13097335529233e+03	3.00000000000000e-02	0.00000000000000e+00	0.00000000000000e+00	7.96896804069161e+01	8.08365532963068e+00
16	70	34	52	9.89500000000000e+01	1.13097335529233e+03	3.00000000000000e-02	0.00000000000000e+00	0.00000000000000e+00	7.99604895326637e+01	7.10273467385700e+00
18	71	35	53	7.58000000000000e+01	1.13097335529233e+03	3.00000000000000e-02	0.00000000000000e+00	0.00000000000000e+00	7.80436778696086e+01	-9.72345000078553e-01
19	72	36	54	5.26500000000000e+01	1.13097335529233e+03	3.00000000000000e-02	0.00000000000000e+00	0.00000000000000e+00	7.48043097095923e+01	-1.17069753726361e+01
17	73	37	55	3.99500000000000e+01	1.13097335529233e+03	3.00000000000000e-02	0.00000000000000e+00	0.00000000000000e+00	6.98314782289025e+01	-1.86152071129233e+01
20	74	38	56	3.41100000000000e+01	1.13097335529233e+03	3.00000000000000e-02	0.00000000000000e+00	0.00000000000000e+00	6.74956121657700e+01	-2.27490664794487e+01
21	75	39	57	2.82700000000000e+01	1.13097335529233e+03	3.00000000000000e-02	0.00000000000000e+00	0.00000000000000e+00	6.69543114861896e+01	-2.87403098985660e+01
22	76	40	58	3.25300000000000e+01	1.13097335529233e+03	3.00000000000000e-02	0.00000000000000e+00	0.00000000000000e+00	6.82781123810895e+01	-2.47142170596891e+01
23	77	41	59	2.56500000000000e+01	1.13097335529233e+03	3.00000000000000e-02	0.00000000000000e+00	0.00000000000000e+00	6.76593595590782e+01	-3.23314042038084e+01
24	78	42	60	3.26600000000000e+01	1.13097335529233e+03	3.00000000000000e-02	0.00000000000000e+00	0.00000000000000e+00	6.77779143975539e+01	-2.43361769329468e+01
25	79	43	61	4.39800000000000e+01	1.13097335529233e+03	3.00000000000000e-02	0.00000000000000e+00	0.00000000000000e+00	6.73479223338378e+01	-1.42045689487204e+01
26	80	44	62	5.66600000000000e+01	1.13097335529233e+03	3.00000000000000e-02	0.00000000000000e+00	0.00000000000000e+00	6.83610292927483e+01	-6.25781402254972e+00
27	81	45	63	7.12600000000000e+01	1.13097335529233e+03	3.00000000000000e-02	0.00000000000000e+00	0.00000000000000e+00	6.80758488704390e+01	1.52375506866923e+00
28	82	46	64	5.28800000000000e+01	1.13097335529233e+03	3.00000000000000e-02	0.00000000000000e+00	0.00000000000000e+00	6.78963779745773e+01	-8.33191646907652e+00
29	83	47	65	5.19100000000000e+01	1.13097335529233e+03	3.00000000000000e-02	0.00000000000000e+00	0.00000000000000e+00	6.76786526155553e+01	-8.84197856993536e+00
30	84	48	66	5.09400000000000e+01	1.13097335529233e+03	3.00000000000000e-02	0.00000000000000e+00	0.00000000000000e+00	6.62507277909309e+01	-8.75993269260553e+00
31	85	49	67	6.18600000000000e+01	1.13097335529233e+03	3.00000000000000e-02	0.00000000000000e+00	0.00000000000000e+00	6.57455440966219e+01	-2.03060437036167e+00
32	86	50	68	5.44500000000000e+01	1.13097335529233e+03	3.00000000000000e-02	0.00000000000000e+00	0.00000000000000e+00	6.55203891726880e+01	-6.16928433007649e+00
33	87	51	69	4.70300000000000e+01	1.13097335529233e+03	3.00000000000000e-02	0.00000000000000e+00	0.00000000000000e+00	6.49831637511928e+01	-1.07780840391664e+01
34	88	52	70	5.55600000000000e+01	1.13097335529233e+03	3.00000000000000e-02	0.00000000000000e+00	0.00000000000000e+00	6.41879471165892e+01	-4.81173118558313e+00
35	89	53	71	5.60800000000000e+01	1.13097335529233e+03	3.00000000000000e-02	0.00000000000000e+00	0.00000000000000e+00	6.37773027084204e+01	-4.28727091355308e+00
36	90	54	72	6.29500000000000e+01	1.13097335529233e+03	3.00000000000000e-02	0.00000000000000e+00	0.00000000000000e+00	6.37881627748063e+01	-4.40895873377656e-01
37	91	55	73	8.07800000000000e+01	1.13097335529233e+03	3.00000000000000e-02	0.00000000000000e+00	0.00000000000000e+00	6.35361799002490e+01	8.00399680936117e+00
38	92	56	74	9.86000000000000e+01	1.13097335529233e+03	3.00000000000000e-02	0.00000000000000e+00	0.00000000000000e+00	6.24694642018140e+01	1.52131132342591e+01
39	93	57	75	1.34010000000000e+02	1.13097335529233e+03	3.00000000000000e-02	0.00000000000000e+00	0.00000000000000e+00	6.16283152117896e+01	2.58930998858690e+01
40	94	58	76	9.56900000000000e+01	1.13097335529233e+03	3.00000000000000e-02	0.00000000000000e+00	0.00000000000000e+00	6.03889089760735e+01	1.53436112645237e+01
41	95	59	77	7.60300000000000e+01	1.13097335529233e+03	3.00000000000000e-02	0.00000000000000e+00	0.00000000000000e+00	6.09024532897276e+01	7.39515138107650e+00
42	96	60	78	5.63600000000000e+01	1.13097335529233e+03	3.00000000000000e-02	0.00000000000000e+00	0.00000000000000e+00	6.11540409906219e+01	-2.72120853891365e+00
43	97	61	79	6.01900000000000e+01	1.13097335529233e+03	3.00000000000000e-02	0.00000000000000e+00	0.00000000000000e+00	6.36051402914034e+01	-1.83960212374457e+00
44	98	62	80	7.96400000000000e+01	1.13097335529233e+03	3.00000000000000e-02	0.00000000000000e+00	0.00000000000000e+00	6.43095194978422e+01	7.12696035775071e+00
45	99	63	81	9.90900000000000e+01	1.13097335529233e+03	3.00000000000000e-02	0.00000000000000e+00	0.00000000000000e+00	6.49093830512475e+01	1.41012112583399e+01
46	100	64	82	7.41900000000000e+01	1.13097335529233e+03	3.00000000000000e-02	0.00000000000000e+00	0.00000000000000e+00	6.41237243214826e+01	4.86049868434950e+00
47	101	65	83	6.66300000000000e+01	1.13097335529233e+03	3.00000000000000e-02	0.00000000000000e+00	0.00000000000000e+00	6.23033942981084e+01	2.23796730498282e+00
48	102	66	84	5.90600000000000e+01	1.13097335529233e+03	3.00000000000000e-02	0.00000000000000e+00	0.00000000000000e+00	6.18605177051859e+01	-1.54427532958235e+00
49	103	67	85	5.41800000000000e+01	1.13097335529233e+03	3.00000000000000e-02	0.00000000000000e+00	0.00000000000000e+00	6.19570516819165e+01	-4.47098645141946e+00
50	104	68	86	6.94600000000000e+01	1.13097335529233e+03	3.00000000000000e-02	0.00000000000000e+00	0.00000000000000e+00	6.37129866870036e+01	2.87875442931975e+00
51	105	69	87	8.47400000000000e+01	1.13097335529233e+03	3.00000000000000e-02	0.00000000000000e+00	0.00000000000000e+00	6.61242013074962e+01	8.26843112061576e+00
52	106	70	88	1.21360000000000e+02	1.13097335529233e+03	3.00000000000000e-02	0.00000000000000e+00	0.00000000000000e+00	6.75888233966793e+01	1.95106233343081e+01
53	107	71	89	8.45100000000000e+01	1.13097335529233e+03	3.00000000000000e-02	0.00000000000000e+00	0.00000000000000e+00	6.58605457273610e+01	8.31101024897976e+00
54	108	72	90	6.64200000000000e+01	1.13097335529233e+03	3.00000000000000e-02	0.00000000000000e+00	0.00000000000000e+00	6.48421903811969e+01	8.01391277513612e-01
55	109	73	91	4.83300000000000e+01	1.13097335529233e+03	3.00000000000000e-02	0.00000000000000e+00	0.00000000000000e+00	6.52446574779632e+01	-1.00030559753760e+01
56	110	74	92	4.11400000000000e+01	1.13097335529233e+03	3.00000000000000e-02	0.00000000000000e+00	0.00000000000000e+00	6.35060111270681e+01	-1.44717893537310e+01
57	111	75	93	5.61500000000000e+01	1.13097335529233e+03	3.00000000000000e-02	0.00000000000000e+00	0.00000000000000e+00	6.16524583958778e+01	-3.11621414291408e+00
58	112	76	94	7.11700000000000e+01	1.13097335529233e+03	3.00000000000000e-02	0.00000000000000e+00	0.00000000000000e+00	6.10895179653747e+01	5.09103617485967e+00
59	113	77	95	6.04800000000000e+01	1.13097335529233e+03	3.00000000000000e-02	0.00000000000000e+00	0.00000000000000e+00	6.02251760578677e+01	1.40742001310941e-01
60	114	78	96	4.97900000000000e+01	1.13097335529233e+03	3.00000000000000e-02	0.00000000000000e+00	0.00000000000000e+00	5.98963970704207e+01	-6.16007311945016e+00
61	115	79	97	6.30700000000000e+01	1.13097335529233e+03	3.00000000000000e-02	0.00000000000000e+00	0.00000000000000e+00	6.10245639693783e+01	1.09895831789052e+00
62	116	80	98	5.27400000000000e+01	1.13097335529233e+03	3.00000000000000e-02	0.00000000000000e+00	0.00000000000000e+00	6.23302161538433e+01	-5.56907125945902e+00
63	117	81	99	4.81300000000000e+01	1.13097335529233e+03	3.00000000000000e-02	0.00000000000000e+00	0.00000000000000e+00	6.13946711328962e+01	-8.11391195683844e+00
64	118	82	100	5.33500000000000e+01	1.13097335529233e+03	3.00000000000000e-02	0.00000000000000e+00	0.00000000000000e+00	5.98007478830880e+01	-3.80480631789248e+00
65	119	83	101	5.11900000000000e+01	1.13097335529233e+03	3.00000000000000e-02	0.00000000000000e+00	0.00000000000000e+00	5.80248402370944e+01	-4.17756661137168e+00
66	120	84	102	6.41200000000000e+01	1.13097335529233e+03	3.00000000000000e-02	0.00000000000000e+00	0.00000000000000e+00	5.70876762388716e+01	3.87226873546836e+00
67	121	85	103	5.63200000000000e+01	1.13097335529233e+03	3.00000000000000e-02	0.00000000000000e+00	0.00000000000000e+00	5.79953347299373e+01	-9.77095325692427e-01
68	122	86	104	4.85100000000000e+01	1.13097335529233e+03	3.00000000000000e-02	0.00000000000000e+00	0.00000000000000e+00	5.85309796001257e+01	-6.25954058747697e+00
69	123	87	105	4.37200000000000e+01	1.13097335529233e+03	3.00000000000000e-02	0.00000000000000e+00	0.00000000000000e+00	5.82733875010380e+01	-9.57799502402630e+00
70	124	88	106	6.09900000000000e+01	1.13097335529233e+03	3.00000000000000e-02	0.00000000000000e+00	0.00000000000000e+00	5.81236190655188e+01	1.60459368985502e+00
71	125	89	107	5.50100000000000e+01	1.13097335529233e+03	3.00000000000000e-02	0.00000000000000e+00	0.00000000000000e+00	5.87271224786055e+01	-2.17955618932511e+00
72	126	90	108	4.90300000000000e+01	1.13097335529233e+03	3.00000000000000e-02	0.00000000000000e+00	0.00000000000000e+00	5.79177388829224e+01	-5.55304510095714e+00
73	127	91	109	4.77400000000000e+01	1.13097335529233e+03	3.00000000000000e-02	0.00000000000000e+00	0.00000000000000e+00	5.53904387043472e+01	-4.95457904612164e+00
74	128	92	110	6.67200000000000e+01	1.13097335529233e+03	3.00000000000000e-02	0.00000000000000e+00	0.00000000000000e+00	5.43315234494015e+01	6.84667190712888e+00
75	129	93	111	4.84400000000000e+01	1.13097335529233e+03	3.00000000000000e-02	0.00000000000000e+00	0.00000000000000e+00	5.43364710601629e+01	-3.82899137866233e+00
76	130	94	112	6.74600000000000e+01	1.13097335529233e+03	3.00000000000000e-02	0.00000000000000e+00	0.00000000000000e+00	5.47548389838812e+01	6.95563605250760e+00
77	131	95	113	5.05400000000000e+01	1.13097335529233e+03	3.00000000000000e-02	0.00000000000000e+00	0.00000000000000e+00	5.42570986339662e+01	-2.36562440986818e+00
78	132	96	114	5.05900000000000e+01	1.13097335529233e+03	3.00000000000000e-02	0.00000000000000e+00	0.00000000000000e+00	5.28364513802049e+01	-1.44824637546650e+00
79	133	97	115	3.71500000000000e+01	1.13097335529233e+03	3.00000000000000e-02	0.00000000000000e+00	0.00000000000000e+00	5.15140371748358e+01	-1.08963521956029e+01
80	134	98	116	4.59800000000000e+01	1.13097335529233e+03	3.00000000000000e-02	0.00000000000000e+00	0.00000000000000e+00	5.05355343705074e+01	-3.14900734670638e+00
81	135	99	117	4.66700000000000e+01	1.13097335529233e+03	3.00000000000000e-02	0.00000000000000e+00	0.00000000000000e+00	5.00799156473554e+01	-2.35061608235937e+00
82	136	100	118	4.17400000000000e+01	1.13097335529233e+03	3.00000000000000e-02	0.00000000000000e+00	0.00000000000000e+00	4.94639908890355e+01	-5.65950154711160e+00
83	137	101	119	4.19600000000000e+01	1.13097335529233e+03	3.00000000000000e-02	0.00000000000000e+00	0.00000000000000e+00	4.87220268632616e+01	-4.98048137639628e+00
84	138	102	120	3.35200000000000e+01	1.13097335529233e+03	3.00000000000000e-02	0.00000000000000e+00	0.00000000000000e+00	4.74571595751554e+01	-1.15895041595313e+01
85	139	103	121	3.88500000000000e+01	1.13097335529233e+03	3.00000000000000e-02	0.00000000000000e+00	0.00000000000000e+00	4.69702858896211e+01	-6.32690366165702e+00
86	140	104	122	4.25200000000000e+01	1.13097335529233e+03	3.00000000000000e-02	0.00000000000000e+00	0.00000000000000e+00	4.85976616085460e+01	-4.45336204082133e+00
87	141	105	123	4.48500000000000e+01	1.13097335529233e+03	3.00000000000000e-02	0.00000000000000e+00	0.00000000000000e+00	5.09545389882132e+01	-4.25367514350327e+00
88	142	106	124	4.27800000000000e+01	1.13097335529233e+03	3.00000000000000e-02	0.00000000000000e+00	0.00000000000000e+00	5.06976672211788e+01	-5.66030648225764e+00
89	143	107	125	4.14000000000000e+01	1.13097335529233e+03	3.00000000000000e-02	0.00000000000000e+00	0.00000000000000e+00	4.91674289234440e+01	-5.73168365626639e+00
90	144	108	126	3.05000000000000e+01	1.13097335529233e+03	3.00000000000000e-02	0.00000000000000e+00	0.00000000000000e+00	4.92207422214178e+01	-1.59529480302358e+01
91	145	109	127	4.46200000000000e+01	1.13097335529233e+03	3.00000000000000e-02	0.00000000000000e+00	0.00000000000000e+00	4.92082848989196e+01	-3.26266041906519e+00
92	146	110	128	3.61700000000000e+01	1.13097335529233e+03	3.00000000000000e-02	0.00000000000000e+00	0.00000000000000e+00	4.65091562991489e+01	-8.38063856347525e+00
93	147	111	129	4.29400000000000e+01	1.13097335529233e+03	3.00000000000000e-02	0.00000000000000e+00	0.00000000000000e+00	4.35558856892567e+01	-4.74701652505442e-01
94	148	112	130	3.38900000000000e+01	1.13097335529233e+03	3.00000000000000e-02	0.00000000000000e+00	0.00000000000000e+00	4.03553699637983e+01	-5.82014949488981e+00
95	149	113	131	2.48300000000000e+01	1.13097335529233e+03	3.00000000000000e-02	0.00000000000000e+00	0.00000000000000e+00	3.67231249382282e+01	-1.30451354804954e+01
96	150	114	132	3.41100000000000e+01	1.13097335529233e+03	3.00000000000000e-02	0.00000000000000e+00	0.00000000000000e+00	3.53897642117188e+01	-1.22773451122102e+00
97	151	115	133	2.66900000000000e+01	1.13097335529233e+03	3.00000000000000e-02	0.00000000000000e+00	0.00000000000000e+00	3.48722812315085e+01	-8.91344387222609e+00
98	152	116	134	3.45200000000000e+01	1.13097335529233e+03	3.00000000000000e-02	0.00000000000000e+00	0.00000000000000e+00	3.47025047445331e+01	-1.75766699070075e-01
99	153	117	135	3.34200000000000e+01	1.13097335529233e+03	3.00000000000000e-02	0.00000000000000e+00	0.00000000000000e+00	3.63830884298902e+01	-2.83165133131069e+00
100	154	118	136	3.91200000000000e+01	1.13097335529233e+03	3.00000000000000e-02	0.00000000000000e+00	0.00000000000000e+00	4.06403572951631e+01	-1.27092499255513e+00
101	155	119	137	5.86300000000000e+01	1.13097335529233e+03	3.00000000000000e-02	0.00000000000000e+00	0.00000000000000e+00	4.49266605017530e+01	8.87383724492912e+00
102	156	120	138	6.27500000000000e+01	1.13097335529233e+03	3.00000000000000e-02	0.00000000000000e+00	0.00000000000000e+00	4.81267705152503e+01	8.84399987177999e+00
103	157	121	139	6.68600000000000e+01	1.13097335529233e+03	3.00000000000000e-02	0.00000000000000e+00	0.00000000000000e+00	5.17485075710488e+01	8.54017628230392e+00
104	158	122	140	8.95200000000000e+01	1.13097335529233e+03	3.00000000000000e-02	0.00000000000000e+00	0.00000000000000e+00	5.49320231903715e+01	1.62788528390218e+01
105	159	123	141	9.76900000000000e+01	1.13097335529233e+03	3.00000000000000e-02	0.00000000000000e+00	0.00000000000000e+00	5.76507948643152e+01	1.75798388428560e+01
106	160	124	142	7.31100000000000e+01	1.13097335529233e+03	3.00000000000000e-02	0.00000000000000e+00	0.00000000000000e+00	6.24826456087133e+01	5.23587694603268e+00
107	161	125	143	6.63800000000000e+01	1.13097335529233e+03	3.00000000000000e-02	0.00000000000000e+00	0.00000000000000e+00	6.68292249921954e+01	-2.24822615292227e-01
108	162	126	144	5.96500000000000e+01	1.13097335529233e+03	3.00000000000000e-02	0.00000000000000e+00	0.00000000000000e+00	6.42276663902589e+01	-2.46466366606567e+00
109	163	127	145	5.69900000000000e+01	1.13097335529233e+03	3.00000000000000e-02	0.00000000000000e+00	0.00000000000000e+00	6.28131391806977e+01	-3.24294867886061e+00
110	164	128	146	6.01000000000000e+01	1.13097335529233e+03	3.00000000000000e-02	0.00000000000000e+00	0.00000000000000e+00	6.38939080122534e+01	-2.04047263420240e+00
111	165	129	147	6.76900000000000e+01	1.13097335529233e+03	3.00000000000000e-02	0.00000000000000e+00	0.00000000000000e+00	6.56072561340906e+01	1.04173856291151e+00
112	166	130	148	5.67700000000000e+01	1.13097335529233e+03	3.00000000000000e-02	0.00000000000000e+00	0.00000000000000e+00	6.10453224758139e+01	-2.42028541719967e+00
113	167	131	149	4.58500000000000e+01	1.13097335529233e+03	3.00000000000000e-02	0.00000000000000e+00	0.00000000000000e+00	5.73010768109331e+01	-7.43147391178547e+00
1	57	17	38	3.70300000000000e+01	1.19380520836412e+03	3.00000000000000e-02	0.00000000000000e+00	0.00000000000000e+00	5.75519889562576e+01	-1.46986766712060e+01
3	58	20	39	4.26600000000000e+01	1.19380520836412e+03	3.00000000000000e-02	0.00000000000000e+00	0.00000000000000e+00	5.85765329180674e+01	-1.05690813728121e+01
4	59	21	40	3.33300000000000e+01	1.19380520836412e+03	3.00000000000000e-02	0.00000000000000e+00	0.00000000000000e+00	5.74203888461357e+01	-1.81313851437898e+01
2	60	22	41	4.54500000000000e+01	1.19380520836412e+03	3.00000000000000e-02	0.00000000000000e+00	0.00000000000000e+00	5.92915074897469e+01	-8.86177541574858e+00
5	61	23	42	5.75700000000000e+01	1.19380520836412e+03	3.00000000000000e-02	0.00000000000000e+00	0.00000000000000e+00	6.21400135347509e+01	-2.54628410292546e+00
6	62	24	43	7.20700000000000e+01	1.19380520836412e+03	3.00000000000000e-02	0.00000000000000e+00	0.00000000000000e+00	6.76261434627109e+01	2.12144076790268e+00
7	63	25	44	8.65700000000000e+01	1.19380520836412e+03	3.00000000000000e-02	0.00000000000000e+00	0.00000000000000e+00	7.35195177668497e+01	5.44674721373954e+00
8	64	26	45	1.24460000000000e+02	1.19380520836412e+03	3.00000000000000e-02	0.00000000000000e+00	0.00000000000000e+00	7.61599426758089e+01	1.63716247113109e+01
9	65	27	46	1.05570000000000e+02	1.19380520836412e+03	3.00000000000000e-02	0.00000000000000e+00	0.00000000000000e+00	7.56353530705018e+01	1.11150144304918e+01
10	66	28	47	7.75900000000000e+01	1.19380520836412e+03	3.00000000000000e-02	0.00000000000000e+00	0.00000000000000e+00	7.52930263174828e+01	1.00170114581282e+00
11	67	29	48	7.12700000000000e+01	1.19380520836412e+03	3.00000000000000e-02	0.00000000000000e+00	0.00000000000000e+00	7.55467988387374e+01	-1.94256116269669e+00
12	68	30	49	6.49500000000000e+01	1.19380520836412e+03	3.00000000000000e-02	0.00000000000000e+00	0.00000000000000e+00	7.68242284627754e+01	-5.59674406870118e+00
13	69	31	50	9.24000000000000e+01	1.19380520836412e+03	3.00000000000000e-02	0.00000000000000e+00	0.00000000000000e+00	7.96624626159992e+01	4.94428290957064e+00
14	70	32	51	1.03890000000000e+02	1.19380520836412e+03	3.00000000000000e-02	0.00000000000000e+00	0.00000000000000e+00	8.28835332819462e+01	7.52987460607807e+00
15	71	33	52	1.36420000000000e+02	1.19380520836412e+03	3.00000000000000e-02	0.00000000000000e+00	0.00000000000000e+00	8.19725219569396e+01	1.69784756402111e+01
16	73	35	54	1.68950000000000e+02	1.19380520836412e+03	3.00000000000000e-02	0.00000000000000e+00	0.00000000000000e+00	8.04574060915708e+01	2.47291628547470e+01
18	74	36	55	1.17890000000000e+02	1.19380520836412e+03	3.00000000000000e-02	0.00000000000000e+00	0.00000000000000e+00	7.67924840117583e+01	1.42881738456558e+01
19	75	37	56	8.43400000000000e+01	1.19380520836412e+03	3.00000000000000e-02	0.00000000000000e+00	0.00000000000000e+00	7.08351305150055e+01	5.81670589891221e+00
17	76	38	57	6.26600000000000e+01	1.19380520836412e+03	3.00000000000000e-02	0.00000000000000e+00	0.00000000000000e+00	6.97275719575131e+01	-3.56241781577461e+00
20	77	39	58	5.26400000000000e+01	1.19380520836412e+03	3.00000000000000e-02	0.00000000000000e+00	0.00000000000000e+00	7.04101906964992e+01	-9.69539066275639e+00
21	78	40	59	5.83300000000000e+01	1.19380520836412e+03	3.00000000000000e-02	0.00000000000000e+00	0.00000000000000e+00	7.05759440281971e+01	-6.35242698417944e+00
22	79	41	60	6.40100000000000e+01	1.19380520836412e+03	3.00000000000000e-02	0.00000000000000e+00	0.00000000000000e+00	7.09489472307069e+01	-3.43070813853679e+00
23	80	42	61	8.54000000000000e+01	1.19380520836412e+03	3.00000000000000e-02	0.00000000000000e+00	0.00000000000000e+00	7.26300392814946e+01	5.39891667775549e+00
24	81	43	62	7.80900000000000e+01	1.19380520836412e+03	3.00000000000000e-02	0.00000000000000e+00	0.00000000000000e+00	7.20256836323953e+01	2.69464117167839e+00
25	82	44	63	6.03000000000000e+01	1.19380520836412e+03	3.00000000000000e-02	0.00000000000000e+00	0.00000000000000e+00	7.02576508852920e+01	-5.09457026498970e+00
26	83	45	64	4.25200000000000e+01	1.19380520836412e+03	3.00000000000000e-02	0.00000000000000e+00	0.00000000000000e+00	6.94606335825446e+01	-1.63595205115332e+01
27	84	46	65	5.68900000000000e+01	1.19380520836412e+03	3.00000000000000e-02	0.00000000000000e+00	0.00000000000000e+00	6.96194133567425e+01	-6.73079590747226e+00
28	85	47	66	7.12700000000000e+01	1.19380520836412e+03	3.00000000000000e-02	0.00000000000000e+00	0.00000000000000e+00	6.98083490998585e+01	6.90728809585206e-01
29	86	48	67	7.62800000000000e+01	1.19380520836412e+03	3.00000000000000e-02	0.00000000000000e+00	0.00000000000000e+00	6.92434314709091e+01	3.22608308563964e+00
30	87	49	68	8.13000000000000e+01	1.19380520836412e+03	3.00000000000000e-02	0.00000000000000e+00	0.00000000000000e+00	6.93550614062962e+01	5.29689629826183e+00
31	88	50	69	6.79800000000000e+01	1.19380520836412e+03	3.00000000000000e-02	0.00000000000000e+00	0.00000000000000e+00	6.91188523487390e+01	-5.53799211303444e-01
32	89	51	70	5.46500000000000e+01	1.19380520836412e+03	3.00000000000000e-02	0.00000000000000e+00	0.00000000000000e+00	6.69204149700546e+01	-6.75182874879727e+00
33	90	52	71	5.24800000000000e+01	1.19380520836412e+03	3.00000000000000e-02	0.00000000000000e+00	0.00000000000000e+00	6.66302495096588e+01	-7.95755088786903e+00
34	91	53	72	6.37600000000000e+01	1.19380520836412e+03	3.00000000000000e-02	0.00000000000000e+00	0.00000000000000e+00	6.45487710224413e+01	-4.09834782428072e-01
35	92	54	73	9.25900000000000e+01	1.19380520836412e+03	3.00000000000000e-02	0.00000000000000e+00	0.00000000000000e+00	6.17751586545683e+01	1.34893274774538e+01
36	93	55	74	7.88500000000000e+01	1.19380520836412e+03	3.00000000000000e-02	0.00000000000000e+00	0.00000000000000e+00	6.15568364676646e+01	8.25287983910018e+00
37	94	56	75	6.51000000000000e+01	1.19380520836412e+03	3.00000000000000e-02	0.00000000000000e+00	0.00000000000000e+00	6.26071419880137e+01	1.30150627835871e+00
38	95	57	76	5.49700000000000e+01	1.19380520836412e+03	3.00000000000000e-02	0.00000000000000e+00	0.00000000000000e+00	6.12310679193475e+01	-3.59557081927253e+00
39	96	58	77	5.30400000000000e+01	1.19380520836412e+03	3.00000000000000e-02	0.00000000000000e+00	0.00000000000000e+00	5.96711420776656e+01	-3.92673917901378e+00
40	97	59	78	5.60600000000000e+01	1.19380520836412e+03	3.00000000000000e-02	0.00000000000000e+00	0.00000000000000e+00	5.92455419234122e+01	-1.84226632162806e+00
41	98	60	79	4.21300000000000e+01	1.19380520836412e+03	3.00000000000000e-02	0.00000000000000e+00	0.00000000000000e+00	5.99507997903937e+01	-1.17588048783656e+01
42	99	61	80	2.82000000000000e+01	1.19380520836412e+03	3.00000000000000e-02	0.00000000000000e+00	0.00000000000000e+00	5.98432659947381e+01	-2.50802311007286e+01
43	100	62	81	3.85800000000000e+01	1.19380520836412e+03	3.00000000000000e-02	0.00000000000000e+00	0.00000000000000e+00	6.25285540513012e+01	-1.60963103251545e+01
44	101	63	82	5.23100000000000e+01	1.19380520836412e+03	3.00000000000000e-02	0.00000000000000e+00	0.00000000000000e+00	6.47485899114321e+01	-7.11081218434583e+00
45	102	64	83	6.94600000000000e+01	1.19380520836412e+03	3.00000000000000e-02	0.00000000000000e+00	0.00000000000000e+00	6.45342704583245e+01	2.45182132273503e+00
46	103	65	84	5.45100000000000e+01	1.19380520836412e+03	3.00000000000000e-02	0.00000000000000e+00	0.00000000000000e+00	6.26624318366066e+01	-4.64593079089302e+00
47	104	66	85	3.95700000000000e+01	1.19380520836412e+03	3.00000000000000e-02	0.00000000000000e+00	0.00000000000000e+00	6.22101956456265e+01	-1.50815882682371e+01
48	105	67	86	4.57700000000000e+01	1.19380520836412e+03	3.00000000000000e-02	0.00000000000000e+00	0.00000000000000e+00	6.39917726740670e+01	-1.11708556154302e+01
49	106	68	87	5.35800000000000e+01	1.19380520836412e+03	3.00000000000000e-02	0.00000000000000e+00	0.00000000000000e+00	6.54114100797392e+01	-6.65069483934393e+00
50	107	69	88	8.44000000000000e+01	1.19380520836412e+03	3.00000000000000e-02	0.00000000000000e+00	0.00000000000000e+00	6.57155644323427e+01	8.34105342034540e+00
51	108	70	89	1.15210000000000e+02	1.19380520836412e+03	3.00000000000000e-02	0.00000000000000e+00	0.00000000000000e+00	6.75817109177928e+01	1.77806384053089e+01
52	109	71	90	1.62870000000000e+02	1.19380520836412e+03	3.00000000000000e-02	0.00000000000000e+00	0.00000000000000e+00	6.54465890215918e+01	3.03905987125638e+01
53	110	72	91	1.16960000000000e+02	1.19380520836412e+03	3.00000000000000e-02	0.00000000000000e+00	0.00000000000000e+00	6.41427544794005e+01	2.00240285953225e+01
54	111	73	92	8.02100000000000e+01	1.19380520836412e+03	3.00000000000000e-02	0.00000000000000e+00	0.00000000000000e+00	6.33774262861323e+01	7.85134832021731e+00
55	112	74	93	6.17600000000000e+01	1.19380520836412e+03	3.00000000000000e-02	0.00000000000000e+00	0.00000000000000e+00	6.15275133926423e+01	1.25715290236172e-01
56	113	75	94	6.35400000000000e+01	1.19380520836412e+03	3.00000000000000e-02	0.00000000000000e+00	0.00000000000000e+00	5.84636973315604e+01	2.77545418881679e+00
57	114	76	95	6.53200000000000e+01	1.19380520836412e+03	3.00000000000000e-02	0.00000000000000e+00	0.00000000000000e+00	5.88040988788931e+01	3.50289022675060e+00
58	115	77	96	9.27300000000000e+01	1.19380520836412e+03	3.00000000000000e-02	0.00000000000000e+00	0.00000000000000e+00	5.93044011070645e+01	1.49002841301791e+01
59	116	78	97	7.15800000000000e+01	1.19380520836412e+03	3.00000000000000e-02	0.00000000000000e+00	0.00000000000000e+00	5.82922035999896e+01	6.84491166373743e+00
60	117	79	98	5.04300000000000e+01	1.19380520836412e+03	3.00000000000000e-02	0.00000000000000e+00	0.00000000000000e+00	5.88575637185622e+01	-5.15113715793699e+00
61	118	80	99	4.98100000000000e+01	1.19380520836412e+03	3.00000000000000e-02	0.00000000000000e+00	0.00000000000000e+00	6.01418078384392e+01	-6.28298235076240e+00
62	119	81	100	6.95100000000000e+01	1.19380520836412e+03	3.00000000000000e-02	0.00000000000000e+00	0.00000000000000e+00	6.05719377728289e+01	4.58796381147311e+00
63	120	82	101	4.95600000000000e+01	1.19380520836412e+03	3.00000000000000e-02	0.00000000000000e+00	0.00000000000000e+00	5.95629099356019e+01	-6.12830023581060e+00
64	121	83	102	5.05700000000000e+01	1.19380520836412e+03	3.00000000000000e-02	0.00000000000000e+00	0.00000000000000e+00	5.90223635406999e+01	-5.15193000192880e+00
65	122	84	103	4.35100000000000e+01	1.19380520836412e+03	3.00000000000000e-02	0.00000000000000e+00	0.00000000000000e+00	5.96520476308519e+01	-1.05179226215446e+01
66	123	85	104	5.21100000000000e+01	1.19380520836412e+03	3.00000000000000e-02	0.00000000000000e+00	0.00000000000000e+00	6.04400005782420e+01	-4.94314260168746e+00
67	124	86	105	7.26300000000000e+01	1.19380520836412e+03	3.00000000000000e-02	0.00000000000000e+00	0.00000000000000e+00	6.07161664008946e+01	5.97226880713283e+00
68	125	87	106	5.82200000000000e+01	1.19380520836412e+03	3.00000000000000e-02	0.00000000000000e+00	0.00000000000000e+00	6.11276356177138e+01	-1.62450423460632e+00
69	126	88	107	5.21600000000000e+01	1.19380520836412e+03	3.00000000000000e-02	0.00000000000000e+00	0.00000000000000e+00	6.21210950237664e+01	-5.82565693541757e+00
70	127	89	108	5.01400000000000e+01	1.19380520836412e+03	3.00000000000000e-02	0.00000000000000e+00	0.00000000000000e+00	6.12896949278446e+01	-6.69308757452822e+00
71	128	90	109	6.88000000000000e+01	1.19380520836412e+03	3.00000000000000e-02	0.00000000000000e+00	0.00000000000000e+00	6.08316875022554e+01	4.10309719027646e+00
72	129	91	110	7.46600000000000e+01	1.19380520836412e+03	3.00000000000000e-02	0.00000000000000e+00	0.00000000000000e+00	5.95730692659133e+01	7.52469531627256e+00
73	130	92	111	6.22900000000000e+01	1.19380520836412e+03	3.00000000000000e-02	0.00000000000000e+00	0.00000000000000e+00	5.88646053768921e+01	1.88536388749911e+00
74	131	93	112	4.73700000000000e+01	1.19380520836412e+03	3.00000000000000e-02	0.00000000000000e+00	0.00000000000000e+00	5.94647358651839e+01	-7.57981151267402e+00
75	132	94	113	6.40100000000000e+01	1.19380520836412e+03	3.00000000000000e-02	0.00000000000000e+00	0.00000000000000e+00	5.94680166038180e+01	2.45335630656403e+00
76	133	95	114	5.79200000000000e+01	1.19380520836412e+03	3.00000000000000e-02	0.00000000000000e+00	0.00000000000000e+00	5.70035427468177e+01	5.31644290713847e-01
77	134	96	115	6.00800000000000e+01	1.19380520836412e+03	3.00000000000000e-02	0.00000000000000e+00	0.00000000000000e+00	5.47246869269353e+01	3.11206949683553e+00
78	135	97	116	5.62500000000000e+01	1.19380520836412e+03	3.00000000000000e-02	0.00000000000000e+00	0.00000000000000e+00	5.39728395772645e+01	1.37750306146304e+00
79	136	98	117	4.79600000000000e+01	1.19380520836412e+03	3.00000000000000e-02	0.00000000000000e+00	0.00000000000000e+00	5.25836529225357e+01	-3.06793201138535e+00
80	137	99	118	4.26600000000000e+01	1.19380520836412e+03	3.00000000000000e-02	0.00000000000000e+00	0.00000000000000e+00	5.11961544792416e+01	-6.08009027847373e+00
81	138	100	119	3.91100000000000e+01	1.19380520836412e+03	3.00000000000000e-02	0.00000000000000e+00	0.00000000000000e+00	5.03802257723564e+01	-8.44068545118580e+00
82	139	101	120	3.55600000000000e+01	1.19380520836412e+03	3.00000000000000e-02	0.00000000000000e+00	0.00000000000000e+00	4.98550993527811e+01	-1.12633124822637e+01
83	140	102	121	4.91200000000000e+01	1.19380520836412e+03	3.00000000000000e-02	0.00000000000000e+00	0.00000000000000e+00	4.95988977706283e+01	-3.23410909290311e-01
84	141	103	122	4.45300000000000e+01	1.19380520836412e+03	3.00000000000000e-02	0.00000000000000e+00	0.00000000000000e+00	4.85893950308414e+01	-2.90807261732636e+00
85	142	104	123	5.75300000000000e+01	1.19380520836412e+03	3.00000000000000e-02	0.00000000000000e+00	0.00000000000000e+00	4.83065348130836e+01	5.82465676770885e+00
86	143	105	124	4.26500000000000e+01	1.19380520836412e+03	3.00000000000000e-02	0.00000000000000e+00	0.00000000000000e+00	4.84074723367504e+01	-4.22089716637915e+00
87	144	106	125	4.18700000000000e+01	1.19380520836412e+03	3.00000000000000e-02	0.00000000000000e+00	0.00000000000000e+00	4.95781868824862e+01	-5.63271254576490e+00
88	145	107	126	4.10900000000000e+01	1.19380520836412e+03	3.00000000000000e-02	0.00000000000000e+00	0.00000000000000e+00	4.94397645237587e+01	-6.16634224579385e+00
89	146	108	127	3.38600000000000e+01	1.19380520836412e+03	3.00000000000000e-02	0.00000000000000e+00	0.00000000000000e+00	4.96301552319734e+01	-1.27454746891516e+01
90	147	109	128	4.47600000000000e+01	1.19380520836412e+03	3.00000000000000e-02	0.00000000000000e+00	0.00000000000000e+00	4.94451781292286e+01	-3.31832199482916e+00
91	148	110	129	3.41400000000000e+01	1.19380520836412e+03	3.00000000000000e-02	0.00000000000000e+00	0.00000000000000e+00	4.76298197556156e+01	-1.10996437725874e+01
92	149	111	130	3.62500000000000e+01	1.19380520836412e+03	3.00000000000000e-02	0.00000000000000e+00	0.00000000000000e+00	4.58849650667242e+01	-7.85660412158863e+00
93	150	112	131	2.88700000000000e+01	1.19380520836412e+03	3.00000000000000e-02	0.00000000000000e+00	0.00000000000000e+00	4.19486928385327e+01	-1.24548092921862e+01
94	151	113	132	3.83800000000000e+01	1.19380520836412e+03	3.00000000000000e-02	0.00000000000000e+00	0.00000000000000e+00	3.90060956794129e+01	-5.39381426957582e-01
95	152	114	133	2.65900000000000e+01	1.19380520836412e+03	3.00000000000000e-02	0.00000000000000e+00	0.00000000000000e+00	3.80018767826224e+01	-1.19033447422746e+01
96	153	115	134	3.01100000000000e+01	1.19380520836412e+03	3.00000000000000e-02	0.00000000000000e+00	0.00000000000000e+00	3.85361174567779e+01	-8.22461916016587e+00
97	154	116	135	3.22500000000000e+01	1.19380520836412e+03	3.00000000000000e-02	0.00000000000000e+00	0.00000000000000e+00	3.93933139732810e+01	-6.66926875174914e+00
98	155	117	136	3.11600000000000e+01	1.19380520836412e+03	3.00000000000000e-02	0.00000000000000e+00	0.00000000000000e+00	4.28652282322629e+01	-1.06308581852439e+01
99	156	118	137	4.52000000000000e+01	1.19380520836412e+03	3.00000000000000e-02	0.00000000000000e+00	0.00000000000000e+00	4.71406725731404e+01	-1.40130260452329e+00
100	157	119	138	5.64900000000000e+01	1.19380520836412e+03	3.00000000000000e-02	0.00000000000000e+00	0.00000000000000e+00	5.05818090283056e+01	3.68238750169173e+00
101	158	120	139	5.64000000000000e+01	1.19380520836412e+03	3.00000000000000e-02	0.00000000000000e+00	0.00000000000000e+00	5.50595507004760e+01	8.01793966769537e-01
102	159	121	140	6.81400000000000e+01	1.19380520836412e+03	3.00000000000000e-02	0.00000000000000e+00	0.00000000000000e+00	5.76568786189696e+01	5.56849519136395e+00
103	160	122	141	6.02800000000000e+01	1.19380520836412e+03	3.00000000000000e-02	0.00000000000000e+00	0.00000000000000e+00	5.91961105416084e+01	6.04817811245439e-01
104	161	123	142	7.76900000000000e+01	1.19380520836412e+03	3.00000000000000e-02	0.00000000000000e+00	0.00000000000000e+00	6.17780703658602e+01	7.63926986403858e+00
105	162	124	143	6.93400000000000e+01	1.19380520836412e+03	3.00000000000000e-02	0.00000000000000e+00	0.00000000000000e+00	6.29211393576332e+01	3.23799180648733e+00
106	163	125	144	6.09900000000000e+01	1.19380520836412e+03	3.00000000000000e-02	0.00000000000000e+00	0.00000000000000e+00	6.12264475483066e+01	-1.28977644745139e-01
107	164	126	145	5.62500000000000e+01	1.19380520836412e+03	3.00000000000000e-02	0.00000000000000e+00	0.00000000000000e+00	6.22532602406019e+01	-3.38016220772846e+00
108	165	127	146	5.99700000000000e+01	1.19380520836412e+03	3.00000000000000e-02	0.00000000000000e+00	0.00000000000000e+00	6.36391145055298e+01	-1.97946173581182e+00
109	166	128	147	6.31400000000000e+01	1.19380520836412e+03	3.00000000000000e-02	0.00000000000000e+00	0.00000000000000e+00	5.95987960535614e+01	1.92397032353912e+00
110	167	129	148	4.58700000000000e+01	1.19380520836412e+03	3.00000000000000e-02	0.00000000000000e+00	0.00000000000000e+00	5.67815279991510e+01	-7.11332509809385e+00
1	60	20	40	6.18000000000000e+01	1.25663706143592e+03	3.00000000000000e-02	0.00000000000000e+00	0.00000000000000e+00	5.89006057256375e+01	1.60173299641008e+00
3	61	21	41	7.77300000000000e+01	1.25663706143592e+03	3.00000000000000e-02	0.00000000000000e+00	0.00000000000000e+00	6.36645616896155e+01	6.65377356256519e+00
4	62	22	42	5.27200000000000e+01	1.25663706143592e+03	3.00000000000000e-02	0.00000000000000e+00	0.00000000000000e+00	6.35106563066755e+01	-6.20709391593491e+00
2	63	23	43	7.72100000000000e+01	1.25663706143592e+03	3.00000000000000e-02	0.00000000000000e+00	0.00000000000000e+00	6.96961476424498e+01	3.41279788782692e+00
5	64	24	44	1.01690000000000e+02	1.25663706143592e+03	3.00000000000000e-02	0.00000000000000e+00	0.00000000000000e+00	7.49055995896533e+01	1.01900107065927e+01
6	65	25	45	7.87100000000000e+01	1.25663706143592e+03	3.00000000000000e-02	0.00000000000000e+00	0.00000000000000e+00	7.72065471888477e+01	6.42865019131319e-01
7	66	26	46	5.57300000000000e+01	1.25663706143592e+03	3.00000000000000e-02	0.00000000000000e+00	0.00000000000000e+00	7.86416869841940e+01	-1.14794442004522e+01
8	67	27	47	6.52200000000000e+01	1.25663706143592e+03	3.00000000000000e-02	0.00000000000000e+00	0.00000000000000e+00	7.89086519436647e+01	-6.35082361864751e+00
9	68	28	48	7.52500000000000e+01	1.25663706143592e+03	3.00000000000000e-02	0.00000000000000e+00	0.00000000000000e+00	7.81411783777697e+01	-1.25670887414193e+00
10	69	29	49	5.75900000000000e+01	1.25663706143592e+03	3.00000000000000e-02	0.00000000000000e+00	0.00000000000000e+00	7.66346715880193e+01	-9.52335548395062e+00
11	70	30	50	9.69100000000000e+01	1.25663706143592e+03	3.00000000000000e-02	0.00000000000000e+00	0.00000000000000e+00	7.91931012755438e+01	6.72978409422396e+00
12	71	31	51	1.36220000000000e+02	1.25663706143592e+03	3.00000000000000e-02	0.00000000000000e+00	0.00000000000000e+00	8.18095377658600e+01	1.69959130132305e+01
13	72	32	52	1.95030000000000e+02	1.25663706143592e+03	3.00000000000000e-02	0.00000000000000e+00	0.00000000000000e+00	8.23575379209959e+01	2.87361135094335e+01
14	73	33	53	1.52940000000000e+02	1.25663706143592e+03	3.00000000000000e-02	0.00000000000000e+00	0.00000000000000e+00	8.41314335971772e+01	1.99221808645770e+01
15	74	34	54	1.23640000000000e+02	1.25663706143592e+03	3.00000000000000e-02	0.00000000000000e+00	0.00000000000000e+00	8.49118656381629e+01	1.25253424515113e+01
16	76	36	56	9.43500000000000e+01	1.25663706143592e+03	3.00000000000000e-02	0.00000000000000e+00	0.00000000000000e+00	7.81371466441758e+01	6.28485662659486e+00
18	77	37	57	1.09600000000000e+02	1.25663706143592e+03	3.00000000000000e-02	0.00000000000000e+00	0.00000000000000e+00	7.33877640572647e+01	1.33693385002302e+01
19	78	38	58	1.24850000000000e+02	1.25663706143592e+03	3.00000000000000e-02	0.00000000000000e+00	0.00000000000000e+00	7.24229490327100e+01	1.81529930656781e+01
17	79	39	59	9.16500000000000e+01	1.25663706143592e+03	3.00000000000000e-02	0.00000000000000e+00	0.00000000000000e+00	7.29137592667858e+01	7.62332038078991e+00
20	80	40	60	6.34200000000000e+01	1.25663706143592e+03	3.00000000000000e-02	0.00000000000000e+00	0.00000000000000e+00	7.43730857548202e+01	-5.31049522246846e+00
21	81	41	61	5.74900000000000e+01	1.25663706143592e+03	3.00000000000000e-02	0.00000000000000e+00	0.00000000000000e+00	7.45517814332020e+01	-8.66276390358820e+00
22	82	42	62	4.33600000000000e+01	1.25663706143592e+03	3.00000000000000e-02	0.00000000000000e+00	0.00000000000000e+00	7.54395434005537e+01	-1.84598076230262e+01
23	83	43	63	4.83700000000000e+01	1.25663706143592e+03	3.00000000000000e-02	0.00000000000000e+00	0.00000000000000e+00	7.34305641431559e+01	-1.39153489111031e+01
24	84	44	64	6.61400000000000e+01	1.25663706143592e+03	3.00000000000000e-02	0.00000000000000e+00	0.00000000000000e+00	7.29549896758305e+01	-3.26896545493716e+00
25	85	45	65	8.39100000000000e+01	1.25663706143592e+03	3.00000000000000e-02	0.00000000000000e+00	0.00000000000000e+00	7.40962588119307e+01	4.14599177408415e+00
26	86	46	66	1.18880000000000e+02	1.25663706143592e+03	3.00000000000000e-02	0.00000000000000e+00	0.00000000000000e+00	7.33873560546826e+01	1.60787640340989e+01
27	87	47	67	8.30400000000000e+01	1.25663706143592e+03	3.00000000000000e-02	0.00000000000000e+00	0.00000000000000e+00	7.18537300893025e+01	4.82299644293536e+00
28	88	48	68	6.47400000000000e+01	1.25663706143592e+03	3.00000000000000e-02	0.00000000000000e+00	0.00000000000000e+00	7.19094864109010e+01	-3.50096488270773e+00
29	89	49	69	4.64400000000000e+01	1.25663706143592e+03	3.00000000000000e-02	0.00000000000000e+00	0.00000000000000e+00	7.29110936001313e+01	-1.50359882064061e+01
30	90	50	70	7.52400000000000e+01	1.25663706143592e+03	3.00000000000000e-02	0.00000000000000e+00	0.00000000000000e+00	7.13417707394903e+01	1.77336678930192e+00
31	91	51	71	1.04030000000000e+02	1.25663706143592e+03	3.00000000000000e-02	0.00000000000000e+00	0.00000000000000e+00	6.93384064690828e+01	1.35226786833084e+01
32	92	52	72	1.10270000000000e+02	1.25663706143592e+03	3.00000000000000e-02	0.00000000000000e+00	0.00000000000000e+00	6.78215993183456e+01	1.62017061847089e+01
33	93	53	73	1.16500000000000e+02	1.25663706143592e+03	3.00000000000000e-02	0.00000000000000e+00	0.00000000000000e+00	6.49951240540945e+01	1.94526340158748e+01
34	94	54	74	8.24000000000000e+01	1.25663706143592e+03	3.00000000000000e-02	0.00000000000000e+00	0.00000000000000e+00	6.16315267135143e+01	9.68039666674031e+00
35	95	55	75	6.49000000000000e+01	1.25663706143592e+03	3.00000000000000e-02	0.00000000000000e+00	0.00000000000000e+00	5.95729708639550e+01	2.85485538330299e+00
36	96	56	76	4.74100000000000e+01	1.25663706143592e+03	3.00000000000000e-02	0.00000000000000e+00	0.00000000000000e+00	5.98147318024217e+01	-7.74729349713827e+00
37	97	57	77	5.22500000000000e+01	1.25663706143592e+03	3.00000000000000e-02	0.00000000000000e+00	0.00000000000000e+00	6.09476479390669e+01	-5.13251247768802e+00
38	98	58	78	7.22600000000000e+01	1.25663706143592e+03	3.00000000000000e-02	0.00000000000000e+00	0.00000000000000e+00	6.04084798742305e+01	5.97137451215005e+00
39	99	59	79	6.63300000000000e+01	1.25663706143592e+03	3.00000000000000e-02	0.00000000000000e+00	0.00000000000000e+00	5.93865851586546e+01	3.68579739180796e+00
40	100	60	80	6.04000000000000e+01	1.25663706143592e+03	3.00000000000000e-02	0.00000000000000e+00	0.00000000000000e+00	5.86414644022961e+01	9.84902497338662e-01
41	101	61	81	5.02300000000000e+01	1.25663706143592e+03	3.00000000000000e-02	0.00000000000000e+00	0.00000000000000e+00	5.98498661723591e+01	-5.84089127295734e+00
42	102	62	82	5.30600000000000e+01	1.25663706143592e+03	3.00000000000000e-02	0.00000000000000e+00	0.00000000000000e+00	5.95715655605585e+01	-3.85850078696574e+00
43	103	63	83	5.90900000000000e+01	1.25663706143592e+03	3.00000000000000e-02	0.00000000000000e+00	0.00000000000000e+00	6.18606172901722e+01	-1.52740135584951e+00
44	104	64	84	5.60000000000000e+01	1.25663706143592e+03	3.00000000000000e-02	0.00000000000000e+00	0.00000000000000e+00	6.27692657910471e+01	-3.80379549042897e+00
45	105	65	85	3.85600000000000e+01	1.25663706143592e+03	3.00000000000000e-02	0.00000000000000e+00	0.00000000000000e+00	6.22941958789985e+01	-1.59884262550001e+01
46	106	66	86	5.49300000000000e+01	1.25663706143592e+03	3.00000000000000e-02	0.00000000000000e+00	0.00000000000000e+00	6.33941728029474e+01	-4.77707660796950e+00
47	107	67	87	7.13000000000000e+01	1.25663706143592e+03	3.00000000000000e-02	0.00000000000000e+00	0.00000000000000e+00	6.55469380555293e+01	2.80432766292300e+00
48	108	68	88	6.02300000000000e+01	1.25663706143592e+03	3.00000000000000e-02	0.00000000000000e+00	0.00000000000000e+00	6.65662104191034e+01	-3.33421768933668e+00
49	109	69	89	7.49500000000000e+01	1.25663706143592e+03	3.00000000000000e-02	0.00000000000000e+00	0.00000000000000e+00	6.54139708139511e+01	4.53617892969150e+00
50	110	70	90	7.85100000000000e+01	1.25663706143592e+03	3.00000000000000e-02	0.00000000000000e+00	0.00000000000000e+00	6.49589254509914e+01	6.31569503987584e+00
51	111	71	91	8.20800000000000e+01	1.25663706143592e+03	3.00000000000000e-02	0.00000000000000e+00	0.00000000000000e+00	6.39500399723509e+01	8.31974094471650e+00
52	112	72	92	1.13830000000000e+02	1.25663706143592e+03	3.00000000000000e-02	0.00000000000000e+00	0.00000000000000e+00	6.09684549544616e+01	2.08116502938900e+01
53	113	73	93	8.82200000000000e+01	1.25663706143592e+03	3.00000000000000e-02	0.00000000000000e+00	0.00000000000000e+00	5.93889727528740e+01	1.31908376477722e+01
54	114	74	94	6.37500000000000e+01	1.25663706143592e+03	3.00000000000000e-02	0.00000000000000e+00	0.00000000000000e+00	5.98628147232610e+01	2.09712203158846e+00
55	115	75	95	5.49800000000000e+01	1.25663706143592e+03	3.00000000000000e-02	0.00000000000000e+00	0.00000000000000e+00	5.94652855008953e+01	-2.61410741963894e+00
56	116	76	96	6.46100000000000e+01	1.25663706143592e+03	3.00000000000000e-02	0.00000000000000e+00	0.00000000000000e+00	5.85704870627299e+01	3.27127538649963e+00
57	117	77	97	5.37800000000000e+01	1.25663706143592e+03	3.00000000000000e-02	0.00000000000000e+00	0.00000000000000e+00	5.80316708257128e+01	-2.53624197981783e+00
58	118	78	98	6.34100000000000e+01	1.25663706143592e+03	3.00000000000000e-02	0.00000000000000e+00	0.00000000000000e+00	5.81455602379241e+01	2.88906839422548e+00
59	119	79	99	7.30300000000000e+01	1.25663706143592e+03	3.00000000000000e-02	0.00000000000000e+00	0.00000000000000e+00	5.87906934986162e+01	7.22955823623733e+00
60	120	80	100	7.02000000000000e+01	1.25663706143592e+03	3.00000000000000e-02	0.00000000000000e+00	0.00000000000000e+00	5.97547700716573e+01	5.36997631904761e+00
61	121	81	101	4.74400000000000e+01	1.25663706143592e+03	3.00000000000000e-02	0.00000000000000e+00	0.00000000000000e+00	5.96575600219319e+01	-7.63850418346645e+00
62	122	82	102	5.29100000000000e+01	1.25663706143592e+03	3.00000000000000e-02	0.00000000000000e+00	0.00000000000000e+00	5.97958409713492e+01	-4.07812508826034e+00
63	123	83	103	5.83800000000000e+01	1.25663706143592e+03	3.00000000000000e-02	0.00000000000000e+00	0.00000000000000e+00	5.98897772875443e+01	-8.51082071720792e-01
64	124	84	104	6.65400000000000e+01	1.25663706143592e+03	3.00000000000000e-02	0.00000000000000e+00	0.00000000000000e+00	6.07359901300065e+01	3.04222767031203e+00
65	125	85	105	7.47100000000000e+01	1.25663706143592e+03	3.00000000000000e-02	0.00000000000000e+00	0.00000000000000e+00	6.30718037950989e+01	5.64467106101798e+00
66	126	86	106	6.79900000000000e+01	1.25663706143592e+03	3.00000000000000e-02	0.00000000000000e+00	0.00000000000000e+00	6.46248010749303e+01	1.69207936195752e+00
67	127	87	107	4.97900000000000e+01	1.25663706143592e+03	3.00000000000000e-02	0.00000000000000e+00	0.00000000000000e+00	6.47146509150991e+01	-8.73911530124609e+00
68	128	88	108	5.43900000000000e+01	1.25663706143592e+03	3.00000000000000e-02	0.00000000000000e+00	0.00000000000000e+00	6.40955788607497e+01	-5.47316918606116e+00
69	129	89	109	5.89900000000000e+01	1.25663706143592e+03	3.00000000000000e-02	0.00000000000000e+00	0.00000000000000e+00	6.37167150802754e+01	-2.56929977618308e+00
70	130	90	110	6.37000000000000e+01	1.25663706143592e+03	3.00000000000000e-02	0.00000000000000e+00	0.00000000000000e+00	6.35526289626380e+01	7.72065795143699e-02
71	131	91	111	6.03600000000000e+01	1.25663706143592e+03	3.00000000000000e-02	0.00000000000000e+00	0.00000000000000e+00	6.31263818232826e+01	-1.49373812420371e+00
72	132	92	112	4.68100000000000e+01	1.25663706143592e+03	3.00000000000000e-02	0.00000000000000e+00	0.00000000000000e+00	6.37774411590203e+01	-1.03100895220995e+01
73	133	93	113	6.17700000000000e+01	1.25663706143592e+03	3.00000000000000e-02	0.00000000000000e+00	0.00000000000000e+00	6.38771251410133e+01	-1.11811695240072e+00
74	134	94	114	6.54400000000000e+01	1.25663706143592e+03	3.00000000000000e-02	0.00000000000000e+00	0.00000000000000e+00	6.20714349785036e+01	1.76159311411208e+00
75	135	95	115	5.65300000000000e+01	1.25663706143592e+03	3.00000000000000e-02	0.00000000000000e+00	0.00000000000000e+00	5.93713959579518e+01	-1.63470300565862e+00
76	136	96	116	6.61400000000000e+01	1.25663706143592e+03	3.00000000000000e-02	0.00000000000000e+00	0.00000000000000e+00	5.76513051695641e+01	4.57869405178023e+00
77	137	97	117	4.96100000000000e+01	1.25663706143592e+03	3.00000000000000e-02	0.00000000000000e+00	0.00000000000000e+00	5.63239702053935e+01	-4.23092589186617e+00
78	138	98	118	5.74300000000000e+01	1.25663706143592e+03	3.00000000000000e-02	0.00000000000000e+00	0.00000000000000e+00	5.46636162410463e+01	1.64561592485620e+00
79	139	99	119	5.76500000000000e+01	1.25663706143592e+03	3.00000000000000e-02	0.00000000000000e+00	0.00000000000000e+00	5.29365263745226e+01	2.84322221508706e+00
80	140	100	120	4.56500000000000e+01	1.25663706143592e+03	3.00000000000000e-02	0.00000000000000e+00	0.00000000000000e+00	5.17756027621684e+01	-4.19718140423016e+00
81	141	101	121	4.57700000000000e+01	1.25663706143592e+03	3.00000000000000e-02	0.00000000000000e+00	0.00000000000000e+00	5.21342930081196e+01	-4.33980308974196e+00
82	142	102	122	5.59500000000000e+01	1.25663706143592e+03	3.00000000000000e-02	0.00000000000000e+00	0.00000000000000e+00	5.15781687981142e+01	2.71199790347077e+00
83	143	103	123	5.33700000000000e+01	1.25663706143592e+03	3.00000000000000e-02	0.00000000000000e+00	0.00000000000000e+00	4.99338453109522e+01	2.21832515866886e+00
84	144	104	124	6.31700000000000e+01	1.25663706143592e+03	3.00000000000000e-02	0.00000000000000e+00	0.00000000000000e+00	4.92104146914671e+01	8.32414076975576e+00
85	145	105	125	5.30700000000000e+01	1.25663706143592e+03	3.00000000000000e-02	0.00000000000000e+00	0.00000000000000e+00	4.95097034889497e+01	2.31477054655844e+00
86	146	106	126	4.29700000000000e+01	1.25663706143592e+03	3.00000000000000e-02	0.00000000000000e+00	0.00000000000000e+00	4.94241078037153e+01	-4.66453731962315e+00
87	147	107	127	3.02100000000000e+01	1.25663706143592e+03	3.00000000000000e-02	0.00000000000000e+00	0.00000000000000e+00	4.87377925046373e+01	-1.59427253508710e+01
88	148	108	128	4.38600000000000e+01	1.25663706143592e+03	3.00000000000000e-02	0.00000000000000e+00	0.00000000000000e+00	4.96592346392667e+01	-4.13938749850447e+00
89	149	109	129	3.63400000000000e+01	1.25663706143592e+03	3.00000000000000e-02	0.00000000000000e+00	0.00000000000000e+00	5.03376075996354e+01	-1.08611133590471e+01
90	150	110	130	4.70100000000000e+01	1.25663706143592e+03	3.00000000000000e-02	0.00000000000000e+00	0.00000000000000e+00	4.90048149759551e+01	-1.38527376874422e+00
91	151	111	131	5.76800000000000e+01	1.25663706143592e+03	3.00000000000000e-02	0.00000000000000e+00	0.00000000000000e+00	4.72301603909199e+01	6.66259377067231e+00
92	152	112	132	5.05400000000000e+01	1.25663706143592e+03	3.00000000000000e-02	0.00000000000000e+00	0.00000000000000e+00	4.46167493670673e+01	4.15519223623694e+00
93	153	113	133	4.34000000000000e+01	1.25663706143592e+03	3.00000000000000e-02	0.00000000000000e+00	0.00000000000000e+00	4.15983521153867e+01	1.41329624115460e+00
94	154	114	134	4.94600000000000e+01	1.25663706143592e+03	3.00000000000000e-02	0.00000000000000e+00	0.00000000000000e+00	4.11928252131400e+01	6.09667220716608e+00
95	155	115	135	4.26200000000000e+01	1.25663706143592e+03	3.00000000000000e-02	0.00000000000000e+00	0.00000000000000e+00	4.29064436141458e+01	-2.23279626014294e-01
96	156	116	136	5.39700000000000e+01	1.25663706143592e+03	3.00000000000000e-02	0.00000000000000e+00	0.00000000000000e+00	4.62030331425516e+01	5.17942960872344e+00
97	157	117	137	6.63400000000000e+01	1.25663706143592e+03	3.00000000000000e-02	0.00000000000000e+00	0.00000000000000e+00	4.99619451156565e+01	9.45104718531728e+00
98	158	118	138	7.87100000000000e+01	1.25663706143592e+03	3.00000000000000e-02	0.00000000000000e+00	0.00000000000000e+00	5.30667831201423e+01	1.31406344313183e+01
99	159	119	139	1.08880000000000e+02	1.25663706143592e+03	3.00000000000000e-02	0.00000000000000e+00	0.00000000000000e+00	5.69891940672640e+01	2.15794895416032e+01
100	160	120	140	8.18000000000000e+01	1.25663706143592e+03	3.00000000000000e-02	0.00000000000000e+00	0.00000000000000e+00	5.95521037753525e+01	1.05808540183251e+01
101	161	121	141	5.47300000000000e+01	1.25663706143592e+03	3.00000000000000e-02	0.00000000000000e+00	0.00000000000000e+00	5.95313796817171e+01	-2.80305193278085e+00
102	162	122	142	5.36900000000000e+01	1.25663706143592e+03	3.00000000000000e-02	0.00000000000000e+00	0.00000000000000e+00	5.84101721746476e+01	-2.80877637682250e+00
103	163	123	143	6.69900000000000e+01	1.25663706143592e+03	3.00000000000000e-02	0.00000000000000e+00	0.00000000000000e+00	5.93793750500663e+01	4.01988032754108e+00
104	164	124	144	5.68900000000000e+01	1.25663706143592e+03	3.00000000000000e-02	0.00000000000000e+00	0.00000000000000e+00	6.08342794413936e+01	-2.23446193107355e+00
105	165	125	145	6.78600000000000e+01	1.25663706143592e+03	3.00000000000000e-02	0.00000000000000e+00	0.00000000000000e+00	6.22776223780089e+01	2.86148631505230e+00
106	166	126	146	6.50000000000000e+01	1.25663706143592e+03	3.00000000000000e-02	0.00000000000000e+00	0.00000000000000e+00	5.87148837634469e+01	3.38980062514844e+00
107	167	127	147	6.02400000000000e+01	1.25663706143592e+03	3.00000000000000e-02	0.00000000000000e+00	0.00000000000000e+00	5.70548290822109e+01	1.81079547588764e+00
1	63	21	42	5.34000000000000e+01	1.31946891450771e+03	3.00000000000000e-02	0.00000000000000e+00	0.00000000000000e+00	6.55065823653060e+01	-6.81132952508901e+00
3	64	22	43	5.65600000000000e+01	1.31946891450771e+03	3.00000000000000e-02	0.00000000000000e+00	0.00000000000000e+00	7.26385203742351e+01	-8.33977810666132e+00
4	65	23	44	6.85400000000000e+01	1.31946891450771e+03	3.00000000000000e-02	0.00000000000000e+00	0.00000000000000e+00	7.62709832485184e+01	-3.56250171092330e+00
2	66	24	45	8.05100000000000e+01	1.31946891450771e+03	3.00000000000000e-02	0.00000000000000e+00	0.00000000000000e+00	7.90740405694970e+01	5.99892145495406e-01
5	67	25	46	1.19100000000000e+02	1.31946891450771e+03	3.00000000000000e-02	0.00000000000000e+00	0.00000000000000e+00	8.21159177018729e+01	1.23943865607107e+01
6	68	26	47	1.13210000000000e+02	1.31946891450771e+03	3.00000000000000e-02	0.00000000000000e+00	0.00000000000000e+00	8.02914360120360e+01	1.14527178579062e+01
7	69	27	48	1.21030000000000e+02	1.31946891450771e+03	3.00000000000000e-02	0.00000000000000e+00	0.00000000000000e+00	7.81576525323090e+01	1.45770158532724e+01
8	70	28	49	1.28850000000000e+02	1.31946891450771e+03	3.00000000000000e-02	0.00000000000000e+00	0.00000000000000e+00	7.80791860151899e+01	1.66975140019418e+01
9	71	29	50	1.10730000000000e+02	1.31946891450771e+03	3.00000000000000e-02	0.00000000000000e+00	0.00000000000000e+00	7.91235996668304e+01	1.12027874378621e+01
10	72	30	51	1.47100000000000e+02	1.31946891450771e+03	3.00000000000000e-02	0.00000000000000e+00	0.00000000000000e+00	8.21815694674852e+01	1.94060522136462e+01
11	73	31	52	1.32620000000000e+02	1.31946891450771e+03	3.00000000000000e-02	0.00000000000000e+00	0.00000000000000e+00	8.33561459636902e+01	1.54788517548475e+01
12	74	32	53	1.18140000000000e+02	1.31946891450771e+03	3.00000000000000e-02	0.00000000000000e+00	0.00000000000000e+00	8.60193286404409e+01	1.05766113081804e+01
13	75	33	54	1.41340000000000e+02	1.31946891450771e+03	3.00000000000000e-02	0.00000000000000e+00	0.00000000000000e+00	8.85421368051296e+01	1.55896591489041e+01
14	76	34	55	1.64540000000000e+02	1.31946891450771e+03	3.00000000000000e-02	0.00000000000000e+00	0.00000000000000e+00	8.73789377434050e+01	2.10966478346290e+01
15	77	35	56	1.53800000000000e+02	1.31946891450771e+03	3.00000000000000e-02	0.00000000000000e+00	0.00000000000000e+00	8.45996496433342e+01	1.99240977266563e+01
16	79	37	58	1.43060000000000e+02	1.31946891450771e+03	3.00000000000000e-02	0.00000000000000e+00	0.00000000000000e+00	7.63224469101952e+01	2.09432344953957e+01
18	80	38	59	1.06750000000000e+02	1.31946891450771e+03	3.00000000000000e-02	0.00000000000000e+00	0.00000000000000e+00	7.54331609414380e+01	1.15747557831433e+01
19	81	39	60	1.19260000000000e+02	1.31946891450771e+03	3.00000000000000e-02	0.00000000000000e+00	0.00000000000000e+00	7.55278628044641e+01	1.52268117250715e+01
17	82	40	61	9.45500000000000e+01	1.31946891450771e+03	3.00000000000000e-02	0.00000000000000e+00	0.00000000000000e+00	7.62765074624993e+01	7.15879337256267e+00
20	83	41	62	6.98500000000000e+01	1.31946891450771e+03	3.00000000000000e-02	0.00000000000000e+00	0.00000000000000e+00	7.68871014752647e+01	-3.19960151997618e+00
21	84	42	63	8.57000000000000e+01	1.31946891450771e+03	3.00000000000000e-02	0.00000000000000e+00	0.00000000000000e+00	7.80683300550464e+01	3.10894520181755e+00
22	85	43	64	1.01550000000000e+02	1.31946891450771e+03	3.00000000000000e-02	0.00000000000000e+00	0.00000000000000e+00	7.88407222328461e+01	8.43738816808359e+00
23	86	44	65	9.95300000000000e+01	1.31946891450771e+03	3.00000000000000e-02	0.00000000000000e+00	0.00000000000000e+00	7.91252088243466e+01	7.64758622089522e+00
24	87	45	66	9.75200000000000e+01	1.31946891450771e+03	3.00000000000000e-02	0.00000000000000e+00	0.00000000000000e+00	7.68694479710913e+01	7.93163277228975e+00
25	88	46	67	7.57700000000000e+01	1.31946891450771e+03	3.00000000000000e-02	0.00000000000000e+00	0.00000000000000e+00	7.43729887960375e+01	6.20320461364295e-01
26	89	47	68	5.40300000000000e+01	1.31946891450771e+03	3.00000000000000e-02	0.00000000000000e+00	0.00000000000000e+00	7.43090707644419e+01	-1.06231193127712e+01
27	90	48	69	5.01500000000000e+01	1.31946891450771e+03	3.00000000000000e-02	0.00000000000000e+00	0.00000000000000e+00	7.55989508056821e+01	-1.36807963483174e+01
28	91	49	70	5.50900000000000e+01	1.31946891450771e+03	3.00000000000000e-02	0.00000000000000e+00	0.00000000000000e+00	7.47934305973069e+01	-1.01920614466548e+01
29	92	50	71	6.71100000000000e+01	1.31946891450771e+03	3.00000000000000e-02	0.00000000000000e+00	0.00000000000000e+00	7.38742317860735e+01	-3.20103375557229e+00
30	93	51	72	8.27500000000000e+01	1.31946891450771e+03	3.00000000000000e-02	0.00000000000000e+00	0.00000000000000e+00	7.15128912165169e+01	4.86487613580705e+00
31	94	52	73	8.41900000000000e+01	1.31946891450771e+03	3.00000000000000e-02	0.00000000000000e+00	0.00000000000000e+00	6.88610208891063e+01	6.69952886579737e+00
32	95	53	74	8.21100000000000e+01	1.31946891450771e+03	3.00000000000000e-02	0.00000000000000e+00	0.00000000000000e+00	6.47110416940950e+01	7.93759882989210e+00
33	96	54	75	6.11100000000000e+01	1.31946891450771e+03	3.00000000000000e-02	0.00000000000000e+00	0.00000000000000e+00	6.12147160238650e+01	-5.70699870792761e-02
34	97	55	76	5.81500000000000e+01	1.31946891450771e+03	3.00000000000000e-02	0.00000000000000e+00	0.00000000000000e+00	5.91753708615501e+01	-5.82651453852308e-01
35	98	56	77	5.51900000000000e+01	1.31946891450771e+03	3.00000000000000e-02	0.00000000000000e+00	0.00000000000000e+00	5.82787672851143e+01	-1.81520173527042e+00
36	99	57	78	7.93200000000000e+01	1.31946891450771e+03	3.00000000000000e-02	0.00000000000000e+00	0.00000000000000e+00	5.95370930530954e+01	9.56302575612972e+00
37	100	58	79	1.03450000000000e+02	1.31946891450771e+03	3.00000000000000e-02	0.00000000000000e+00	0.00000000000000e+00	6.06586823818162e+01	1.77941874511682e+01
38	101	59	80	7.36100000000000e+01	1.31946891450771e+03	3.00000000000000e-02	0.00000000000000e+00	0.00000000000000e+00	6.03284556908761e+01	6.63256638812098e+00
39	102	60	81	5.80500000000000e+01	1.31946891450771e+03	3.00000000000000e-02	0.00000000000000e+00	0.00000000000000e+00	5.93345027886798e+01	-7.29542106913576e-01
40	103	61	82	4.25000000000000e+01	1.31946891450771e+03	3.00000000000000e-02	0.00000000000000e+00	0.00000000000000e+00	5.82358784295272e+01	-1.04999185576686e+01
41	104	62	83	4.33100000000000e+01	1.31946891450771e+03	3.00000000000000e-02	0.00000000000000e+00	0.00000000000000e+00	5.86240277011953e+01	-1.00920362116046e+01
42	105	63	84	4.56800000000000e+01	1.31946891450771e+03	3.00000000000000e-02	0.00000000000000e+00	0.00000000000000e+00	5.81644238250026e+01	-8.05377760002427e+00
43	106	64	85	5.39000000000000e+01	1.31946891450771e+03	3.00000000000000e-02	0.00000000000000e+00	0.00000000000000e+00	5.91161188716079e+01	-3.07910494182972e+00
44	107	65	86	7.90400000000000e+01	1.31946891450771e+03	3.00000000000000e-02	0.00000000000000e+00	0.00000000000000e+00	5.99306676419739e+01	9.22552328894168e+00
45	108	66	87	1.04180000000000e+02	1.31946891450771e+03	3.00000000000000e-02	0.00000000000000e+00	0.00000000000000e+00	6.37756867457413e+01	1.63582713362593e+01
46	109	67	88	9.82500000000000e+01	1.31946891450771e+03	3.00000000000000e-02	0.00000000000000e+00	0.00000000000000e+00	6.74686487525401e+01	1.25284074564178e+01
47	110	68	89	7.64600000000000e+01	1.31946891450771e+03	3.00000000000000e-02	0.00000000000000e+00	0.00000000000000e+00	6.68952554529236e+01	4.45465612117400e+00
48	111	69	90	5.21100000000000e+01	1.31946891450771e+03	3.00000000000000e-02	0.00000000000000e+00	0.00000000000000e+00	6.38596330934806e+01	-6.77768576221329e+00
49	112	70	91	4.80900000000000e+01	1.31946891450771e+03	3.00000000000000e-02	0.00000000000000e+00	0.00000000000000e+00	6.21860717815621e+01	-8.56855976796240e+00
50	113	71	92	6.88100000000000e+01	1.31946891450771e+03	3.00000000000000e-02	0.00000000000000e+00	0.00000000000000e+00	5.93713853528300e+01	4.91789003269556e+00
51	114	72	93	8.95200000000000e+01	1.31946891450771e+03	3.00000000000000e-02	0.00000000000000e+00	0.00000000000000e+00	5.82880656053239e+01	1.43021566066899e+01
52	115	73	94	1.33420000000000e+02	1.31946891450771e+03	3.00000000000000e-02	0.00000000000000e+00	0.00000000000000e+00	5.80214338744059e+01	2.77563185147616e+01
53	116	74	95	9.02500000000000e+01	1.31946891450771e+03	3.00000000000000e-02	0.00000000000000e+00	0.00000000000000e+00	5.91336844882620e+01	1.40927625888274e+01
54	117	75	96	7.11400000000000e+01	1.31946891450771e+03	3.00000000000000e-02	0.00000000000000e+00	0.00000000000000e+00	5.95179836807720e+01	5.94570843001344e+00
55	118	76	97	5.20200000000000e+01	1.31946891450771e+03	3.00000000000000e-02	0.00000000000000e+00	0.00000000000000e+00	5.96618622173607e+01	-4.56882441377876e+00
56	119	77	98	6.96700000000000e+01	1.31946891450771e+03	3.00000000000000e-02	0.00000000000000e+00	0.00000000000000e+00	5.91181134440949e+01	5.47441478440310e+00
57	120	78	99	8.73200000000000e+01	1.31946891450771e+03	3.00000000000000e-02	0.00000000000000e+00	0.00000000000000e+00	5.87848884834153e+01	1.31898236129443e+01
58	121	79	100	1.18030000000000e+02	1.31946891450771e+03	3.00000000000000e-02	0.00000000000000e+00	0.00000000000000e+00	5.94452941204517e+01	2.28627455456089e+01
59	122	80	101	8.44200000000000e+01	1.31946891450771e+03	3.00000000000000e-02	0.00000000000000e+00	0.00000000000000e+00	5.98447589698300e+01	1.14683493870399e+01
60	123	81	102	6.36300000000000e+01	1.31946891450771e+03	3.00000000000000e-02	0.00000000000000e+00	0.00000000000000e+00	6.00202468519931e+01	1.94677014706652e+00
61	124	82	103	9.41900000000000e+01	1.31946891450771e+03	3.00000000000000e-02	0.00000000000000e+00	0.00000000000000e+00	6.04128055178620e+01	1.48037641493389e+01
62	125	83	104	8.72100000000000e+01	1.31946891450771e+03	3.00000000000000e-02	0.00000000000000e+00	0.00000000000000e+00	6.05380750075622e+01	1.21682165728283e+01
63	126	84	105	8.02200000000000e+01	1.31946891450771e+03	3.00000000000000e-02	0.00000000000000e+00	0.00000000000000e+00	6.14573049485185e+01	8.88100516989952e+00
64	127	85	106	7.14900000000000e+01	1.31946891450771e+03	3.00000000000000e-02	0.00000000000000e+00	0.00000000000000e+00	6.52216393357868e+01	3.05887580856107e+00
65	128	86	107	5.50100000000000e+01	1.31946891450771e+03	3.00000000000000e-02	0.00000000000000e+00	0.00000000000000e+00	6.85929540142949e+01	-7.35582771358126e+00
66	129	87	108	6.06400000000000e+01	1.31946891450771e+03	3.00000000000000e-02	0.00000000000000e+00	0.00000000000000e+00	6.79146674386165e+01	-3.77657617329523e+00
67	130	88	109	6.62800000000000e+01	1.31946891450771e+03	3.00000000000000e-02	0.00000000000000e+00	0.00000000000000e+00	6.60609454041597e+01	1.10348713431415e-01
68	131	89	110	6.11500000000000e+01	1.31946891450771e+03	3.00000000000000e-02	0.00000000000000e+00	0.00000000000000e+00	6.58990716787043e+01	-2.49314974860730e+00
69	132	90	111	5.60200000000000e+01	1.31946891450771e+03	3.00000000000000e-02	0.00000000000000e+00	0.00000000000000e+00	6.66972990610433e+01	-5.81518961440951e+00
70	133	91	112	6.31800000000000e+01	1.31946891450771e+03	3.00000000000000e-02	0.00000000000000e+00	0.00000000000000e+00	6.64637044465668e+01	-1.68894018300154e+00
71	134	92	113	7.03300000000000e+01	1.31946891450771e+03	3.00000000000000e-02	0.00000000000000e+00	0.00000000000000e+00	6.70357530959238e+01	1.59907816535130e+00
72	135	93	114	5.97400000000000e+01	1.31946891450771e+03	3.00000000000000e-02	0.00000000000000e+00	0.00000000000000e+00	6.64844635000202e+01	-3.56554919996975e+00
73	136	94	115	5.54600000000000e+01	1.31946891450771e+03	3.00000000000000e-02	0.00000000000000e+00	0.00000000000000e+00	6.47750700015949e+01	-5.17529223161389e+00
74	137	95	116	6.57200000000000e+01	1.31946891450771e+03	3.00000000000000e-02	0.00000000000000e+00	0.00000000000000e+00	6.23683261227782e+01	1.74485802831574e+00
75	138	96	117	6.20200000000000e+01	1.31946891450771e+03	3.00000000000000e-02	0.00000000000000e+00	0.00000000000000e+00	6.05294219240686e+01	8.10911801757600e-01
76	139	97	118	4.95400000000000e+01	1.31946891450771e+03	3.00000000000000e-02	0.00000000000000e+00	0.00000000000000e+00	5.84826756572232e+01	-5.53167145687151e+00
77	140	98	119	5.71100000000000e+01	1.31946891450771e+03	3.00000000000000e-02	0.00000000000000e+00	0.00000000000000e+00	5.63544985126033e+01	4.43905458095835e-01
78	141	99	120	6.37200000000000e+01	1.31946891450771e+03	3.00000000000000e-02	0.00000000000000e+00	0.00000000000000e+00	5.49780941686929e+01	4.91878889963309e+00
79	142	100	121	7.03400000000000e+01	1.31946891450771e+03	3.00000000000000e-02	0.00000000000000e+00	0.00000000000000e+00	5.47414243607337e+01	8.35733010993562e+00
80	143	101	122	9.38900000000000e+01	1.31946891450771e+03	3.00000000000000e-02	0.00000000000000e+00	0.00000000000000e+00	5.44148682951978e+01	1.81828817834045e+01
81	144	102	123	6.96000000000000e+01	1.31946891450771e+03	3.00000000000000e-02	0.00000000000000e+00	0.00000000000000e+00	5.33495978410763e+01	8.86327092483931e+00
82	145	103	124	4.93900000000000e+01	1.31946891450771e+03	3.00000000000000e-02	0.00000000000000e+00	0.00000000000000e+00	5.14856203017133e+01	-1.38515255620832e+00
83	146	104	125	4.66100000000000e+01	1.31946891450771e+03	3.00000000000000e-02	0.00000000000000e+00	0.00000000000000e+00	5.17827850445605e+01	-3.50808828660547e+00
84	147	105	126	4.38300000000000e+01	1.31946891450771e+03	3.00000000000000e-02	0.00000000000000e+00	0.00000000000000e+00	5.20540767365130e+01	-5.73215336770689e+00
85	148	106	127	4.22200000000000e+01	1.31946891450771e+03	3.00000000000000e-02	0.00000000000000e+00	0.00000000000000e+00	5.03201319562612e+01	-5.85037307702687e+00
86	149	107	128	5.37700000000000e+01	1.31946891450771e+03	3.00000000000000e-02	0.00000000000000e+00	0.00000000000000e+00	4.88544940135322e+01	3.19564401271113e+00
87	150	108	129	4.79700000000000e+01	1.31946891450771e+03	3.00000000000000e-02	0.00000000000000e+00	0.00000000000000e+00	4.97575884021159e+01	-1.21957223849341e+00
88	151	109	130	4.21600000000000e+01	1.31946891450771e+03	3.00000000000000e-02	0.00000000000000e+00	0.00000000000000e+00	5.15021354844694e+01	-6.67171227649193e+00
89	152	110	131	4.21000000000000e+01	1.31946891450771e+03	3.00000000000000e-02	0.00000000000000e+00	0.00000000000000e+00	5.02136924689889e+01	-5.87466690546483e+00
90	153	111	132	2.93600000000000e+01	1.31946891450771e+03	3.00000000000000e-02	0.00000000000000e+00	0.00000000000000e+00	4.90494926540531e+01	-1.71065546255727e+01
91	154	112	133	2.91400000000000e+01	1.31946891450771e+03	3.00000000000000e-02	0.00000000000000e+00	0.00000000000000e+00	4.66994886314053e+01	-1.57207137923622e+01
92	155	113	134	4.06300000000000e+01	1.31946891450771e+03	3.00000000000000e-02	0.00000000000000e+00	0.00000000000000e+00	4.46298043285499e+01	-3.12983947762569e+00
93	156	114	135	5.21100000000000e+01	1.31946891450771e+03	3.00000000000000e-02	0.00000000000000e+00	0.00000000000000e+00	4.57284410362272e+01	4.35454741487131e+00
94	157	115	136	4.89200000000000e+01	1.31946891450771e+03	3.00000000000000e-02	0.00000000000000e+00	0.00000000000000e+00	4.99592745333003e+01	-7.00728446074006e-01
95	158	116	137	4.57200000000000e+01	1.31946891450771e+03	3.00000000000000e-02	0.00000000000000e+00	0.00000000000000e+00	5.34598761735531e+01	-5.21318518455606e+00
96	159	117	138	4.61000000000000e+01	1.31946891450771e+03	3.00000000000000e-02	0.00000000000000e+00	0.00000000000000e+00	5.52537320025358e+01	-6.03743118904119e+00
97	160	118	139	3.48300000000000e+01	1.31946891450771e+03	3.00000000000000e-02	0.00000000000000e+00	0.00000000000000e+00	5.80087986571254e+01	-1.70038538549334e+01
98	161	119	140	4.68700000000000e+01	1.31946891450771e+03	3.00000000000000e-02	0.00000000000000e+00	0.00000000000000e+00	5.92397015070505e+01	-7.80713795820621e+00
99	162	120	141	4.68300000000000e+01	1.31946891450771e+03	3.00000000000000e-02	0.00000000000000e+00	0.00000000000000e+00	5.70736606142982e+01	-6.59395672760228e+00
100	163	121	142	5.53000000000000e+01	1.31946891450771e+03	3.00000000000000e-02	0.00000000000000e+00	0.00000000000000e+00	5.62494199085881e+01	-5.67427325561750e-01
101	164	122	143	4.47000000000000e+01	1.31946891450771e+03	3.00000000000000e-02	0.00000000000000e+00	0.00000000000000e+00	5.88670447276502e+01	-9.17693067295395e+00
102	165	123	144	5.22700000000000e+01	1.31946891450771e+03	3.00000000000000e-02	0.00000000000000e+00	0.00000000000000e+00	6.01947055954689e+01	-4.70539362677556e+00
103	166	124	145	5.91000000000000e+01	1.31946891450771e+03	3.00000000000000e-02	0.00000000000000e+00	0.00000000000000e+00	5.80242851278630e+01	6.12309746624717e-01
104	167	125	146	8.28500000000000e+01	1.31946891450771e+03	3.00000000000000e-02	0.00000000000000e+00	0.00000000000000e+00	5.65668345461823e+01	1.27202964162631e+01
1	66	22	44	1.06610000000000e+02	1.38230076757951e+03	3.00000000000000e-02	0.00000000000000e+00	0.00000000000000e+00	7.80284631121488e+01	1.04034548047552e+01
3	67	23	45	1.01300000000000e+02	1.38230076757951e+03	3.00000000000000e-02	0.00000000000000e+00	0.00000000000000e+00	8.32779128099341e+01	6.53010165275552e+00
4	68	24	46	9.59900000000000e+01	1.38230076757951e+03	3.00000000000000e-02	0.00000000000000e+00	0.00000000000000e+00	8.31109842718521e+01	4.80223816263896e+00
2	69	25	47	6.98300000000000e+01	1.38230076757951e+03	3.00000000000000e-02	0.00000000000000e+00	0.00000000000000e+00	8.13717376169803e+01	-5.09880973795941e+00
5	70	26	48	7.61700000000000e+01	1.38230076757951e+03	3.00000000000000e-02	0.00000000000000e+00	0.00000000000000e+00	8.00336442747860e+01	-1.64931384387333e+00
6	71	27	49	8.25200000000000e+01	1.38230076757951e+03	3.00000000000000e-02	0.00000000000000e+00	0.00000000000000e+00	7.71159779102713e+01	2.25767309713101e+00
7	72	28	50	6.35400000000000e+01	1.38230076757951e+03	3.00000000000000e-02	0.00000000000000e+00	0.00000000000000e+00	7.89526014872269e+01	-7.23926874635262e+00
8	73	29	51	7.71900000000000e+01	1.38230076757951e+03	3.00000000000000e-02	0.00000000000000e+00	0.00000000000000e+00	8.31976848859436e+01	-2.49832021960508e+00
9	74	30	52	7.03700000000000e+01	1.38230076757951e+03	3.00000000000000e-02	0.00000000000000e+00	0.00000000000000e+00	8.60886981986383e+01	-6.72037010588872e+00
10	75	31	53	6.35400000000000e+01	1.38230076757951e+03	3.00000000000000e-02	0.00000000000000e+00	0.00000000000000e+00	8.85282362113145e+01	-1.10550641840349e+01
11	76	32	54	8.68000000000000e+01	1.38230076757951e+03	3.00000000000000e-02	0.00000000000000e+00	0.00000000000000e+00	9.09105207303953e+01	-1.54230374760420e+00
12	77	33	55	1.10070000000000e+02	1.38230076757951e+03	3.00000000000000e-02	0.00000000000000e+00	0.00000000000000e+00	9.09856435939644e+01	6.34715985559945e+00
13	78	34	56	1.38460000000000e+02	1.38230076757951e+03	3.00000000000000e-02	0.00000000000000e+00	0.00000000000000e+00	8.82933689641680e+01	1.49972155709467e+01
14	79	35	57	1.66850000000000e+02	1.38230076757951e+03	3.00000000000000e-02	0.00000000000000e+00	0.00000000000000e+00	8.66797995419432e+01	2.18291447051230e+01
15	80	36	58	1.45060000000000e+02	1.38230076757951e+03	3.00000000000000e-02	0.00000000000000e+00	0.00000000000000e+00	8.35231578062329e+01	1.84007839177669e+01
16	82	38	60	1.23280000000000e+02	1.38230076757951e+03	3.00000000000000e-02	0.00000000000000e+00	0.00000000000000e+00	7.65551856649177e+01	1.58815443002999e+01
18	83	39	61	1.54000000000000e+02	1.38230076757951e+03	3.00000000000000e-02	0.00000000000000e+00	0.00000000000000e+00	7.70610265675527e+01	2.30784980546244e+01
19	84	40	62	1.12710000000000e+02	1.38230076757951e+03	3.00000000000000e-02	0.00000000000000e+00	0.00000000000000e+00	7.97028756247802e+01	1.15504160832220e+01
17	85	41	63	1.00930000000000e+02	1.38230076757951e+03	3.00000000000000e-02	0.00000000000000e+00	0.00000000000000e+00	8.20394793091337e+01	6.90755402864488e+00
20	86	42	64	7.84900000000000e+01	1.38230076757951e+03	3.00000000000000e-02	0.00000000000000e+00	0.00000000000000e+00	8.48725899956469e+01	-2.60599875292087e+00
21	87	43	65	5.60600000000000e+01	1.38230076757951e+03	3.00000000000000e-02	0.00000000000000e+00	0.00000000000000e+00	8.39560274218386e+01	-1.34623544322741e+01
22	88	44	66	6.32100000000000e+01	1.38230076757951e+03	3.00000000000000e-02	0.00000000000000e+00	0.00000000000000e+00	8.07827459260204e+01	-8.17669619067566e+00
23	89	45	67	7.03500000000000e+01	1.38230076757951e+03	3.00000000000000e-02	0.00000000000000e+00	0.00000000000000e+00	7.76207003457132e+01	-3.27837883626104e+00
24	90	46	68	5.28900000000000e+01	1.38230076757951e+03	3.00000000000000e-02	0.00000000000000e+00	0.00000000000000e+00	7.69372139892264e+01	-1.24925133805613e+01
25	91	47	69	7.91200000000000e+01	1.38230076757951e+03	3.00000000000000e-02	0.00000000000000e+00	0.00000000000000e+00	7.75678229664026e+01	6.60433287073777e-01
26	92	48	70	1.05350000000000e+02	1.38230076757951e+03	3.00000000000000e-02	0.00000000000000e+00	0.00000000000000e+00	7.74564597585441e+01	1.02524057110733e+01
27	93	49	71	8.56100000000000e+01	1.38230076757951e+03	3.00000000000000e-02	0.00000000000000e+00	0.00000000000000e+00	7.81678855329236e+01	3.03144021620039e+00
28	94	50	72	6.12300000000000e+01	1.38230076757951e+03	3.00000000000000e-02	0.00000000000000e+00	0.00000000000000e+00	7.63461946226475e+01	-7.35469745699904e+00
29	95	51	73	6.48500000000000e+01	1.38230076757951e+03	3.00000000000000e-02	0.00000000000000e+00	0.00000000000000e+00	7.20833349116039e+01	-3.52486560921698e+00
30	96	52	74	6.84600000000000e+01	1.38230076757951e+03	3.00000000000000e-02	0.00000000000000e+00	0.00000000000000e+00	6.85720923000529e+01	-5.45333691170195e-02
31	97	53	75	6.21800000000000e+01	1.38230076757951e+03	3.00000000000000e-02	0.00000000000000e+00	0.00000000000000e+00	6.53573344768229e+01	-1.66120876370573e+00
32	98	54	76	5.59000000000000e+01	1.38230076757951e+03	3.00000000000000e-02	0.00000000000000e+00	0.00000000000000e+00	6.16049723825250e+01	-3.23927358720774e+00
33	99	55	77	4.59700000000000e+01	1.38230076757951e+03	3.00000000000000e-02	0.00000000000000e+00	0.00000000000000e+00	5.96378794599679e+01	-8.67673079261357e+00
34	100	56	78	4.55000000000000e+01	1.38230076757951e+03	3.00000000000000e-02	0.00000000000000e+00	0.00000000000000e+00	5.89980220876626e+01	-8.65971978163175e+00
35	101	57	79	4.14000000000000e+01	1.38230076757951e+03	3.00000000000000e-02	0.00000000000000e+00	0.00000000000000e+00	5.82741331496968e+01	-1.13959142937946e+01
36	102	58	80	5.66900000000000e+01	1.38230076757951e+03	3.00000000000000e-02	0.00000000000000e+00	0.00000000000000e+00	5.86826253633126e+01	-1.15152880935000e+00
37	103	59	81	4.63100000000000e+01	1.38230076757951e+03	3.00000000000000e-02	0.00000000000000e+00	0.00000000000000e+00	6.00067873960433e+01	-8.63665861996249e+00
38	104	60	82	6.81100000000000e+01	1.38230076757951e+03	3.00000000000000e-02	0.00000000000000e+00	0.00000000000000e+00	6.01128377732296e+01	4.16335398823549e+00
39	105	61	83	5.70900000000000e+01	1.38230076757951e+03	3.00000000000000e-02	0.00000000000000e+00	0.00000000000000e+00	5.88359235858522e+01	-1.00412145716368e+00
40	106	62	84	4.60700000000000e+01	1.38230076757951e+03	3.00000000000000e-02	0.00000000000000e+00	0.00000000000000e+00	5.61871090585737e+01	-6.61751251530389e+00
41	107	63	85	5.33600000000000e+01	1.38230076757951e+03	3.00000000000000e-02	0.00000000000000e+00	0.00000000000000e+00	5.49712330395537e+01	-9.91620371658911e-01
42	108	64	86	4.56500000000000e+01	1.38230076757951e+03	3.00000000000000e-02	0.00000000000000e+00	0.00000000000000e+00	5.45802195492311e+01	-5.95559769175883e+00
43	109	65	87	5.72500000000000e+01	1.38230076757951e+03	3.00000000000000e-02	0.00000000000000e+00	0.00000000000000e+00	5.86446717715289e+01	-8.02302688431548e-01
44	110	66	88	6.88400000000000e+01	1.38230076757951e+03	3.00000000000000e-02	0.00000000000000e+00	0.00000000000000e+00	6.27844421904170e+01	3.06925547940526e+00
45	111	67	89	9.49200000000000e+01	1.38230076757951e+03	3.00000000000000e-02	0.00000000000000e+00	0.00000000000000e+00	6.59641867222650e+01	1.21307487411939e+01
46	112	68	90	7.57500000000000e+01	1.38230076757951e+03	3.00000000000000e-02	0.00000000000000e+00	0.00000000000000e+00	6.52440309554675e+01	4.97679606602951e+00
47	113	69	91	5.65900000000000e+01	1.38230076757951e+03	3.00000000000000e-02	0.00000000000000e+00	0.00000000000000e+00	6.22384619380310e+01	-3.17136255392671e+00
48	114	70	92	5.39800000000000e+01	1.38230076757951e+03	3.00000000000000e-02	0.00000000000000e+00	0.00000000000000e+00	6.03491659361651e+01	-3.71778398045081e+00
49	115	71	93	8.03800000000000e+01	1.38230076757951e+03	3.00000000000000e-02	0.00000000000000e+00	0.00000000000000e+00	5.73181745331305e+01	1.12715877837632e+01
50	116	72	94	9.40700000000000e+01	1.38230076757951e+03	3.00000000000000e-02	0.00000000000000e+00	0.00000000000000e+00	5.61161520127771e+01	1.72205166742808e+01
51	117	73	95	1.07770000000000e+02	1.38230076757951e+03	3.00000000000000e-02	0.00000000000000e+00	0.00000000000000e+00	5.74955174290425e+01	2.09430779866694e+01
52	118	74	96	1.03320000000000e+02	1.38230076757951e+03	3.00000000000000e-02	0.00000000000000e+00	0.00000000000000e+00	5.86586699296197e+01	1.88698526388742e+01
53	119	75	97	9.88700000000000e+01	1.38230076757951e+03	3.00000000000000e-02	0.00000000000000e+00	0.00000000000000e+00	5.94989111027114e+01	1.69282614773229e+01
54	120	76	98	7.17900000000000e+01	1.38230076757951e+03	3.00000000000000e-02	0.00000000000000e+00	0.00000000000000e+00	6.12827367958602e+01	5.27490018821499e+00
55	121	77	99	5.77300000000000e+01	1.38230076757951e+03	3.00000000000000e-02	0.00000000000000e+00	0.00000000000000e+00	6.10348718017664e+01	-1.85561335471596e+00
56	122	78	100	4.36600000000000e+01	1.38230076757951e+03	3.00000000000000e-02	0.00000000000000e+00	0.00000000000000e+00	5.97281370862019e+01	-1.04456955407540e+01
57	123	79	101	5.19000000000000e+01	1.38230076757951e+03	3.00000000000000e-02	0.00000000000000e+00	0.00000000000000e+00	6.00235401043919e+01	-4.84726767267252e+00
58	124	80	102	5.10700000000000e+01	1.38230076757951e+03	3.00000000000000e-02	0.00000000000000e+00	0.00000000000000e+00	6.15275426982316e+01	-6.20958942167773e+00
59	125	81	103	4.07200000000000e+01	1.38230076757951e+03	3.00000000000000e-02	0.00000000000000e+00	0.00000000000000e+00	6.16493681364995e+01	-1.38247869370121e+01
60	126	82	104	3.03800000000000e+01	1.38230076757951e+03	3.00000000000000e-02	0.00000000000000e+00	0.00000000000000e+00	6.08355815378632e+01	-2.31463447763572e+01
61	127	83	105	4.51400000000000e+01	1.38230076757951e+03	3.00000000000000e-02	0.00000000000000e+00	0.00000000000000e+00	6.08255298226075e+01	-9.94136092827397e+00
62	128	84	106	7.22900000000000e+01	1.38230076757951e+03	3.00000000000000e-02	0.00000000000000e+00	0.00000000000000e+00	6.32244336599747e+01	4.46649906764393e+00
63	129	85	107	9.94400000000000e+01	1.38230076757951e+03	3.00000000000000e-02	0.00000000000000e+00	0.00000000000000e+00	6.72951841595128e+01	1.30155256973429e+01
64	130	86	108	1.06810000000000e+02	1.38230076757951e+03	3.00000000000000e-02	0.00000000000000e+00	0.00000000000000e+00	6.98783248095600e+01	1.41432014170204e+01
65	131	87	109	1.14180000000000e+02	1.38230076757951e+03	3.00000000000000e-02	0.00000000000000e+00	0.00000000000000e+00	7.03616283075479e+01	1.61376029472268e+01
66	132	88	110	1.08590000000000e+02	1.38230076757951e+03	3.00000000000000e-02	0.00000000000000e+00	0.00000000000000e+00	6.96261538405939e+01	1.48146350633963e+01
67	133	89	111	8.67900000000000e+01	1.38230076757951e+03	3.00000000000000e-02	0.00000000000000e+00	0.00000000000000e+00	6.85794522973794e+01	7.84994823282874e+00
68	134	90	112	9.35500000000000e+01	1.38230076757951e+03	3.00000000000000e-02	0.00000000000000e+00	0.00000000000000e+00	6.92962548902361e+01	1.00035063324166e+01
69	135	91	113	6.95000000000000e+01	1.38230076757951e+03	3.00000000000000e-02	0.00000000000000e+00	0.00000000000000e+00	6.93841019012462e+01	5.56330177801989e-02
70	136	92	114	7.38500000000000e+01	1.38230076757951e+03	3.00000000000000e-02	0.00000000000000e+00	0.00000000000000e+00	6.85743995532908e+01	2.47055760835068e+00
71	137	93	115	7.82000000000000e+01	1.38230076757951e+03	3.00000000000000e-02	0.00000000000000e+00	0.00000000000000e+00	6.82960866699054e+01	4.51390596035533e+00
72	138	94	116	5.30400000000000e+01	1.38230076757951e+03	3.00000000000000e-02	0.00000000000000e+00	0.00000000000000e+00	6.78050491901038e+01	-8.18634393754311e+00
73	139	95	117	4.67700000000000e+01	1.38230076757951e+03	3.00000000000000e-02	0.00000000000000e+00	0.00000000000000e+00	6.52070456926778e+01	-1.10775184709195e+01
74	140	96	118	5.90900000000000e+01	1.38230076757951e+03	3.00000000000000e-02	0.00000000000000e+00	0.00000000000000e+00	6.25290082485873e+01	-1.88562918954129e+00
75	141	97	119	5.71400000000000e+01	1.38230076757951e+03	3.00000000000000e-02	0.00000000000000e+00	0.00000000000000e+00	6.04947776391845e+01	-1.90175481649675e+00
76	142	98	120	6.24100000000000e+01	1.38230076757951e+03	3.00000000000000e-02	0.00000000000000e+00	0.00000000000000e+00	5.83945376656385e+01	2.21677222029643e+00
77	143	99	121	5.12700000000000e+01	1.38230076757951e+03	3.00000000000000e-02	0.00000000000000e+00	0.00000000000000e+00	5.78609883838429e+01	-4.03125319801455e+00
78	144	100	122	5.37300000000000e+01	1.38230076757951e+03	3.00000000000000e-02	0.00000000000000e+00	0.00000000000000e+00	5.78218931525219e+01	-2.44653244952742e+00
79	145	101	123	5.52200000000000e+01	1.38230076757951e+03	3.00000000000000e-02	0.00000000000000e+00	0.00000000000000e+00	5.71695595746136e+01	-1.15654583197443e+00
80	146	102	124	6.15700000000000e+01	1.38230076757951e+03	3.00000000000000e-02	0.00000000000000e+00	0.00000000000000e+00	5.51425669616573e+01	3.67509269602708e+00
81	147	103	125	5.45100000000000e+01	1.38230076757951e+03	3.00000000000000e-02	0.00000000000000e+00	0.00000000000000e+00	5.40783495634818e+01	2.65008607797338e-01
82	148	104	126	4.40400000000000e+01	1.38230076757951e+03	3.00000000000000e-02	0.00000000000000e+00	0.00000000000000e+00	5.46748922805603e+01	-7.21020948430623e+00
83	149	105	127	4.37600000000000e+01	1.38230076757951e+03	3.00000000000000e-02	0.00000000000000e+00	0.00000000000000e+00	5.46123111517768e+01	-7.38463927302805e+00
84	150	106	128	3.66700000000000e+01	1.38230076757951e+03	3.00000000000000e-02	0.00000000000000e+00	0.00000000000000e+00	5.29254091518144e+01	-1.22308188564386e+01
85	151	107	129	2.95800000000000e+01	1.38230076757951e+03	3.00000000000000e-02	0.00000000000000e+00	0.00000000000000e+00	5.05240719730290e+01	-1.78450479386517e+01
86	152	108	130	3.58900000000000e+01	1.38230076757951e+03	3.00000000000000e-02	0.00000000000000e+00	0.00000000000000e+00	5.10647379433929e+01	-1.17545164677698e+01
87	153	109	131	3.89200000000000e+01	1.38230076757951e+03	3.00000000000000e-02	0.00000000000000e+00	0.00000000000000e+00	5.18418573727569e+01	-9.55632076780530e+00
88	154	110	132	4.19500000000000e+01	1.38230076757951e+03	3.00000000000000e-02	0.00000000000000e+00	0.00000000000000e+00	5.15601965117106e+01	-6.87571854905018e+00
89	155	111	133	3.05700000000000e+01	1.38230076757951e+03	3.00000000000000e-02	0.00000000000000e+00	0.00000000000000e+00	5.05627431489833e+01	-1.67731955928057e+01
90	156	112	134	4.19000000000000e+01	1.38230076757951e+03	3.00000000000000e-02	0.00000000000000e+00	0.00000000000000e+00	4.91780525462842e+01	-5.33872035287895e+00
91	157	113	135	5.32400000000000e+01	1.38230076757951e+03	3.00000000000000e-02	0.00000000000000e+00	0.00000000000000e+00	4.92568130154163e+01	2.59207667126202e+00
92	158	114	136	7.20300000000000e+01	1.38230076757951e+03	3.00000000000000e-02	0.00000000000000e+00	0.00000000000000e+00	5.29985284590577e+01	1.02272850219347e+01
93	159	115	137	5.85200000000000e+01	1.38230076757951e+03	3.00000000000000e-02	0.00000000000000e+00	0.00000000000000e+00	5.66117755584887e+01	1.10505212817911e+00
94	160	116	138	4.50100000000000e+01	1.38230076757951e+03	3.00000000000000e-02	0.00000000000000e+00	0.00000000000000e+00	5.72416274096370e+01	-8.01322327715410e+00
95	161	117	139	4.64000000000000e+01	1.38230076757951e+03	3.00000000000000e-02	0.00000000000000e+00	0.00000000000000e+00	5.80534970423397e+01	-7.46884963326637e+00
96	162	118	140	4.35700000000000e+01	1.38230076757951e+03	3.00000000000000e-02	0.00000000000000e+00	0.00000000000000e+00	5.61037067751104e+01	-8.42776815463754e+00
97	163	119	141	6.49600000000000e+01	1.38230076757951e+03	3.00000000000000e-02	0.00000000000000e+00	0.00000000000000e+00	5.45270189263345e+01	5.83584523054805e+00
98	164	120	142	5.92800000000000e+01	1.38230076757951e+03	3.00000000000000e-02	0.00000000000000e+00	0.00000000000000e+00	5.64533032798972e+01	1.62860583961348e+00
99	165	121	143	5.35900000000000e+01	1.38230076757951e+03	3.00000000000000e-02	0.00000000000000e+00	0.00000000000000e+00	5.92086506687316e+01	-3.32350579562736e+00
100	166	122	144	5.32500000000000e+01	1.38230076757951e+03	3.00000000000000e-02	0.00000000000000e+00	0.00000000000000e+00	5.61257224154195e+01	-1.75321376447558e+00
101	167	123	145	7.97000000000000e+01	1.38230076757951e+03	3.00000000000000e-02	0.00000000000000e+00	0.00000000000000e+00	5.52863917204193e+01	1.21914262851951e+01
1	69	23	46	6.85600000000000e+01	1.44513262065130e+03	3.00000000000000e-02	0.00000000000000e+00	0.00000000000000e+00	8.37133918797162e+01	-6.65632296568060e+00
3	70	24	47	9.23400000000000e+01	1.44513262065130e+03	3.00000000000000e-02	0.00000000000000e+00	0.00000000000000e+00	8.34726660482319e+01	3.36527305098050e+00
4	71	25	48	6.54700000000000e+01	1.44513262065130e+03	3.00000000000000e-02	0.00000000000000e+00	0.00000000000000e+00	8.07092164907363e+01	-6.97535843754302e+00
2	72	26	49	6.39400000000000e+01	1.44513262065130e+03	3.00000000000000e-02	0.00000000000000e+00	0.00000000000000e+00	7.84078545737727e+01	-6.79929881987844e+00
5	73	27	50	9.45800000000000e+01	1.44513262065130e+03	3.00000000000000e-02	0.00000000000000e+00	0.00000000000000e+00	8.03468132192452e+01	5.43645356867465e+00
6	74	28	51	7.85200000000000e+01	1.44513262065130e+03	3.00000000000000e-02	0.00000000000000e+00	0.00000000000000e+00	8.41195316189814e+01	-2.29618044668435e+00
7	75	29	52	6.24700000000000e+01	1.44513262065130e+03	3.00000000000000e-02	0.00000000000000e+00	0.00000000000000e+00	8.63754539178844e+01	-1.08005698589455e+01
8	76	30	53	5.23000000000000e+01	1.44513262065130e+03	3.00000000000000e-02	0.00000000000000e+00	0.00000000000000e+00	9.10122077166245e+01	-1.84665759060235e+01
9	77	31	54	6.48200000000000e+01	1.44513262065130e+03	3.00000000000000e-02	0.00000000000000e+00	0.00000000000000e+00	9.42379389893214e+01	-1.24736217381006e+01
10	78	32	55	7.73300000000000e+01	1.44513262065130e+03	3.00000000000000e-02	0.00000000000000e+00	0.00000000000000e+00	9.38092694533494e+01	-6.43938979909985e+00
11	79	33	56	5.46200000000000e+01	1.44513262065130e+03	3.00000000000000e-02	0.00000000000000e+00	0.00000000000000e+00	9.22932171289077e+01	-1.74856845178498e+01
12	80	34	57	9.04700000000000e+01	1.44513262065130e+03	3.00000000000000e-02	0.00000000000000e+00	0.00000000000000e+00	9.05304808276073e+01	-2.22764895731290e-02
13	81	35	58	1.26330000000000e+02	1.44513262065130e+03	3.00000000000000e-02	0.00000000000000e+00	0.00000000000000e+00	8.89247766316999e+01	1.17035574961170e+01
14	82	36	59	1.21750000000000e+02	1.44513262065130e+03	3.00000000000000e-02	0.00000000000000e+00	0.00000000000000e+00	8.40325582528649e+01	1.23588479989264e+01
15	83	37	60	1.17170000000000e+02	1.44513262065130e+03	3.00000000000000e-02	0.00000000000000e+00	0.00000000000000e+00	7.91367750657913e+01	1.30816062096788e+01
16	85	39	62	1.15510000000000e+02	1.44513262065130e+03	3.00000000000000e-02	0.00000000000000e+00	0.00000000000000e+00	8.27843265471827e+01	1.11039451911987e+01
18	86	40	63	9.11500000000000e+01	1.44513262065130e+03	3.00000000000000e-02	0.00000000000000e+00	0.00000000000000e+00	8.60699900066616e+01	1.91152328567998e+00
19	87	41	64	1.24710000000000e+02	1.44513262065130e+03	3.00000000000000e-02	0.00000000000000e+00	0.00000000000000e+00	8.76815101906639e+01	1.17426664997136e+01
17	88	42	65	9.58000000000000e+01	1.44513262065130e+03	3.00000000000000e-02	0.00000000000000e+00	0.00000000000000e+00	8.87940136054977e+01	2.53144838678810e+00
20	89	43	66	1.15450000000000e+02	1.44513262065130e+03	3.00000000000000e-02	0.00000000000000e+00	0.00000000000000e+00	8.53330880962990e+01	1.00758417954892e+01
21	90	44	67	1.68560000000000e+02	1.44513262065130e+03	3.00000000000000e-02	0.00000000000000e+00	0.00000000000000e+00	8.16258786427029e+01	2.41715139191667e+01
22	91	45	68	2.21660000000000e+02	1.44513262065130e+03	3.00000000000000e-02	0.00000000000000e+00	0.00000000000000e+00	7.97518366075343e+01	3.40741635128724e+01
23	92	46	69	1.49830000000000e+02	1.44513262065130e+03	3.00000000000000e-02	0.00000000000000e+00	0.00000000000000e+00	8.01576839371816e+01	2.08501858045047e+01
24	93	47	70	1.21580000000000e+02	1.44513262065130e+03	3.00000000000000e-02	0.00000000000000e+00	0.00000000000000e+00	8.02634774606102e+01	1.38419263658992e+01
25	94	48	71	9.33300000000000e+01	1.44513262065130e+03	3.00000000000000e-02	0.00000000000000e+00	0.00000000000000e+00	8.10419515386617e+01	4.70582195830721e+00
26	95	49	72	6.86800000000000e+01	1.44513262065130e+03	3.00000000000000e-02	0.00000000000000e+00	0.00000000000000e+00	7.99791181810176e+01	-5.07691806116544e+00
27	96	50	73	6.19700000000000e+01	1.44513262065130e+03	3.00000000000000e-02	0.00000000000000e+00	0.00000000000000e+00	7.67419715076239e+01	-7.12661260859561e+00
28	97	51	74	5.52600000000000e+01	1.44513262065130e+03	3.00000000000000e-02	0.00000000000000e+00	0.00000000000000e+00	7.26215257324576e+01	-9.10706853603263e+00
29	98	52	75	7.66800000000000e+01	1.44513262065130e+03	3.00000000000000e-02	0.00000000000000e+00	0.00000000000000e+00	6.97298038086194e+01	3.16710301782986e+00
30	99	53	76	5.65700000000000e+01	1.44513262065130e+03	3.00000000000000e-02	0.00000000000000e+00	0.00000000000000e+00	6.61314760132765e+01	-5.20553373188518e+00
31	100	54	77	5.68700000000000e+01	1.44513262065130e+03	3.00000000000000e-02	0.00000000000000e+00	0.00000000000000e+00	6.27729101594417e+01	-3.29185507340378e+00
32	101	55	78	6.53400000000000e+01	1.44513262065130e+03	3.00000000000000e-02	0.00000000000000e+00	0.00000000000000e+00	6.09120072552510e+01	2.33913624741392e+00
33	102	56	79	4.51100000000000e+01	1.44513262065130e+03	3.00000000000000e-02	0.00000000000000e+00	0.00000000000000e+00	5.90686018217756e+01	-8.98651865885244e+00
34	103	57	80	4.19400000000000e+01	1.44513262065130e+03	3.00000000000000e-02	0.00000000000000e+00	0.00000000000000e+00	5.73889084203907e+01	-1.04537008695196e+01
35	104	58	81	4.02500000000000e+01	1.44513262065130e+03	3.00000000000000e-02	0.00000000000000e+00	0.00000000000000e+00	5.69327456177657e+01	-1.15586888631846e+01
36	105	59	82	3.85700000000000e+01	1.44513262065130e+03	3.00000000000000e-02	0.00000000000000e+00	0.00000000000000e+00	5.86363483346334e+01	-1.39626670272497e+01
37	106	60	83	4.95600000000000e+01	1.44513262065130e+03	3.00000000000000e-02	0.00000000000000e+00	0.00000000000000e+00	5.94654639421134e+01	-6.07372164412164e+00
38	107	61	84	4.25900000000000e+01	1.44513262065130e+03	3.00000000000000e-02	0.00000000000000e+00	0.00000000000000e+00	5.71908539783146e+01	-9.82581687273247e+00
39	108	62	85	3.56200000000000e+01	1.44513262065130e+03	3.00000000000000e-02	0.00000000000000e+00	0.00000000000000e+00	5.43289688716669e+01	-1.40716767845126e+01
40	109	63	86	5.13500000000000e+01	1.44513262065130e+03	3.00000000000000e-02	0.00000000000000e+00	0.00000000000000e+00	5.32362265889766e+01	-1.20247263839211e+00
41	110	64	87	4.98500000000000e+01	1.44513262065130e+03	3.00000000000000e-02	0.00000000000000e+00	0.00000000000000e+00	5.42914117115226e+01	-2.84491847769378e+00
42	111	65	88	4.56700000000000e+01	1.44513262065130e+03	3.00000000000000e-02	0.00000000000000e+00	0.00000000000000e+00	5.49562775789338e+01	-6.16987629274961e+00
43	112	66	89	9.35700000000000e+01	1.44513262065130e+03	3.00000000000000e-02	0.00000000000000e+00	0.00000000000000e+00	5.88567174857801e+01	1.54534615401024e+01
44	113	67	90	1.17320000000000e+02	1.44513262065130e+03	3.00000000000000e-02	0.00000000000000e+00	0.00000000000000e+00	6.18563700408303e+01	2.13363386268791e+01
45	114	68	91	1.41070000000000e+02	1.44513262065130e+03	3.00000000000000e-02	0.00000000000000e+00	0.00000000000000e+00	6.34816243687422e+01	2.66168579028683e+01
46	115	69	92	1.17390000000000e+02	1.44513262065130e+03	3.00000000000000e-02	0.00000000000000e+00	0.00000000000000e+00	6.20187134020281e+01	2.12688518773866e+01
47	116	70	93	9.37000000000000e+01	1.44513262065130e+03	3.00000000000000e-02	0.00000000000000e+00	0.00000000000000e+00	5.98953667973593e+01	1.49166345357833e+01
48	117	71	94	7.40100000000000e+01	1.44513262065130e+03	3.00000000000000e-02	0.00000000000000e+00	0.00000000000000e+00	5.68018453325466e+01	8.82104685869803e+00
49	118	72	95	5.43200000000000e+01	1.44513262065130e+03	3.00000000000000e-02	0.00000000000000e+00	0.00000000000000e+00	5.55417914429232e+01	-7.41441770401667e-01
50	119	73	96	7.77300000000000e+01	1.44513262065130e+03	3.00000000000000e-02	0.00000000000000e+00	0.00000000000000e+00	5.68703915815827e+01	1.04155478796966e+01
51	120	74	97	1.01140000000000e+02	1.44513262065130e+03	3.00000000000000e-02	0.00000000000000e+00	0.00000000000000e+00	5.92020573431950e+01	1.78516467315631e+01
52	121	75	98	9.72200000000000e+01	1.44513262065130e+03	3.00000000000000e-02	0.00000000000000e+00	0.00000000000000e+00	5.96944005462035e+01	1.62579409604510e+01
53	122	76	99	9.33000000000000e+01	1.44513262065130e+03	3.00000000000000e-02	0.00000000000000e+00	0.00000000000000e+00	6.11268140904623e+01	1.40956494042361e+01
54	123	77	100	7.04100000000000e+01	1.44513262065130e+03	3.00000000000000e-02	0.00000000000000e+00	0.00000000000000e+00	6.22214510713785e+01	4.12118285701899e+00
55	124	78	101	4.75200000000000e+01	1.44513262065130e+03	3.00000000000000e-02	0.00000000000000e+00	0.00000000000000e+00	6.19193555842837e+01	-8.82273823141218e+00
56	125	79	102	3.73100000000000e+01	1.44513262065130e+03	3.00000000000000e-02	0.00000000000000e+00	0.00000000000000e+00	6.21451258463754e+01	-1.70070334002205e+01
57	126	80	103	4.64300000000000e+01	1.44513262065130e+03	3.00000000000000e-02	0.00000000000000e+00	0.00000000000000e+00	6.31726891023700e+01	-1.02642090422603e+01
58	127	81	104	5.55500000000000e+01	1.44513262065130e+03	3.00000000000000e-02	0.00000000000000e+00	0.00000000000000e+00	6.29378307924357e+01	-4.16213034223623e+00
59	128	82	105	4.15300000000000e+01	1.44513262065130e+03	3.00000000000000e-02	0.00000000000000e+00	0.00000000000000e+00	6.20184826708475e+01	-1.33672130190501e+01
60	129	83	106	5.63000000000000e+01	1.44513262065130e+03	3.00000000000000e-02	0.00000000000000e+00	0.00000000000000e+00	6.25358648855162e+01	-3.50152317276029e+00
61	130	84	107	7.10700000000000e+01	1.44513262065130e+03	3.00000000000000e-02	0.00000000000000e+00	0.00000000000000e+00	6.48776034973483e+01	3.03876117258852e+00
62	131	85	108	1.00060000000000e+02	1.44513262065130e+03	3.00000000000000e-02	0.00000000000000e+00	0.00000000000000e+00	6.83294103660547e+01	1.27143242171661e+01
63	132	86	109	1.38520000000000e+02	1.44513262065130e+03	3.00000000000000e-02	0.00000000000000e+00	0.00000000000000e+00	7.06052169736824e+01	2.24636894317915e+01
64	133	87	110	1.05690000000000e+02	1.44513262065130e+03	3.00000000000000e-02	0.00000000000000e+00	0.00000000000000e+00	7.20716368713123e+01	1.27616566700130e+01
65	134	88	111	7.35300000000000e+01	1.44513262065130e+03	3.00000000000000e-02	0.00000000000000e+00	0.00000000000000e+00	7.26743741496590e+01	3.90155047735726e-01
66	135	89	112	9.94900000000000e+01	1.44513262065130e+03	3.00000000000000e-02	0.00000000000000e+00	0.00000000000000e+00	7.25256547190006e+01	1.05372259713524e+01
67	136	90	113	8.52200000000000e+01	1.44513262065130e+03	3.00000000000000e-02	0.00000000000000e+00	0.00000000000000e+00	7.20442098187604e+01	5.59853974105093e+00
68	137	91	114	7.09400000000000e+01	1.44513262065130e+03	3.00000000000000e-02	0.00000000000000e+00	0.00000000000000e+00	7.04985390964738e+01	2.08082059259655e-01
69	138	92	115	7.49500000000000e+01	1.44513262065130e+03	3.00000000000000e-02	0.00000000000000e+00	0.00000000000000e+00	7.01822925350849e+01	2.19083961418131e+00
70	139	93	116	9.61100000000000e+01	1.44513262065130e+03	3.00000000000000e-02	0.00000000000000e+00	0.00000000000000e+00	6.99644288026231e+01	1.05835471968464e+01
71	140	94	117	7.96400000000000e+01	1.44513262065130e+03	3.00000000000000e-02	0.00000000000000e+00	0.00000000000000e+00	6.95770588528848e+01	4.50271934576684e+00
72	141	95	118	6.27000000000000e+01	1.44513262065130e+03	3.00000000000000e-02	0.00000000000000e+00	0.00000000000000e+00	6.71092704938348e+01	-2.26535820557467e+00
73	142	96	119	5.49300000000000e+01	1.44513262065130e+03	3.00000000000000e-02	0.00000000000000e+00	0.00000000000000e+00	6.44616481610688e+01	-5.33369324824197e+00
74	143	97	120	5.68100000000000e+01	1.44513262065130e+03	3.00000000000000e-02	0.00000000000000e+00	0.00000000000000e+00	6.23817611490132e+01	-3.11868589342919e+00
75	144	98	121	5.59600000000000e+01	1.44513262065130e+03	3.00000000000000e-02	0.00000000000000e+00	0.00000000000000e+00	6.16467083204486e+01	-3.22608951232498e+00
76	145	99	122	6.44500000000000e+01	1.44513262065130e+03	3.00000000000000e-02	0.00000000000000e+00	0.00000000000000e+00	6.11198748453360e+01	1.76842107388646e+00
77	146	100	123	6.71500000000000e+01	1.44513262065130e+03	3.00000000000000e-02	0.00000000000000e+00	0.00000000000000e+00	6.04958277503121e+01	3.47848410384174e+00
78	147	101	124	4.68100000000000e+01	1.44513262065130e+03	3.00000000000000e-02	0.00000000000000e+00	0.00000000000000e+00	5.94633004658847e+01	-7.97541560160728e+00
79	148	102	125	5.45000000000000e+01	1.44513262065130e+03	3.00000000000000e-02	0.00000000000000e+00	0.00000000000000e+00	5.84322710022286e+01	-2.32225404001167e+00
80	149	103	126	7.05800000000000e+01	1.44513262065130e+03	3.00000000000000e-02	0.00000000000000e+00	0.00000000000000e+00	5.74740846743674e+01	6.84708911185113e+00
81	150	104	127	8.66600000000000e+01	1.44513262065130e+03	3.00000000000000e-02	0.00000000000000e+00	0.00000000000000e+00	5.74215700450550e+01	1.37190799606198e+01
82	151	105	128	5.98500000000000e+01	1.44513262065130e+03	3.00000000000000e-02	0.00000000000000e+00	0.00000000000000e+00	5.76392233819220e+01	1.25460448531702e+00
83	152	106	129	5.36400000000000e+01	1.44513262065130e+03	3.00000000000000e-02	0.00000000000000e+00	0.00000000000000e+00	5.60766923449525e+01	-1.48084005210962e+00
84	153	107	130	4.74200000000000e+01	1.44513262065130e+03	3.00000000000000e-02	0.00000000000000e+00	0.00000000000000e+00	5.40008971910671e+01	-4.33188601461280e+00
85	154	108	131	4.59900000000000e+01	1.44513262065130e+03	3.00000000000000e-02	0.00000000000000e+00	0.00000000000000e+00	5.25306507787546e+01	-4.43242806812797e+00
86	155	109	132	4.67400000000000e+01	1.44513262065130e+03	3.00000000000000e-02	0.00000000000000e+00	0.00000000000000e+00	5.27684234475875e+01	-4.04375473128028e+00
87	156	110	133	5.53600000000000e+01	1.44513262065130e+03	3.00000000000000e-02	0.00000000000000e+00	0.00000000000000e+00	5.24876750896775e+01	1.77596431563147e+00
88	157	111	134	6.39800000000000e+01	1.44513262065130e+03	3.00000000000000e-02	0.00000000000000e+00	0.00000000000000e+00	5.30359803555874e+01	6.25333255555574e+00
89	158	112	135	8.63400000000000e+01	1.44513262065130e+03	3.00000000000000e-02	0.00000000000000e+00	0.00000000000000e+00	5.35729766682902e+01	1.59082738607228e+01
90	159	113	136	1.02780000000000e+02	1.44513262065130e+03	3.00000000000000e-02	0.00000000000000e+00	0.00000000000000e+00	5.55000610347149e+01	2.05402220362568e+01
91	160	114	137	7.29600000000000e+01	1.44513262065130e+03	3.00000000000000e-02	0.00000000000000e+00	0.00000000000000e+00	5.82772629781142e+01	7.48997762849847e+00
92	161	115	138	6.72600000000000e+01	1.44513262065130e+03	3.00000000000000e-02	0.00000000000000e+00	0.00000000000000e+00	5.85206981918919e+01	4.63950664687172e+00
93	162	116	139	8.31500000000000e+01	1.44513262065130e+03	3.00000000000000e-02	0.00000000000000e+00	0.00000000000000e+00	5.61674167194063e+01	1.30769796849695e+01
94	163	117	140	6.38700000000000e+01	1.44513262065130e+03	3.00000000000000e-02	0.00000000000000e+00	0.00000000000000e+00	5.39462439672917e+01	5.62872329725961e+00
95	164	118	141	4.45900000000000e+01	1.44513262065130e+03	3.00000000000000e-02	0.00000000000000e+00	0.00000000000000e+00	5.39749187028667e+01	-6.36699505201893e+00
96	165	119	142	5.12000000000000e+01	1.44513262065130e+03	3.00000000000000e-02	0.00000000000000e+00	0.00000000000000e+00	5.61348893916830e+01	-3.06726671549629e+00
97	166	120	143	4.40400000000000e+01	1.44513262065130e+03	3.00000000000000e-02	0.00000000000000e+00	0.00000000000000e+00	5.58957210739274e+01	-7.94631730977282e+00
98	167	121	144	6.10200000000000e+01	1.44513262065130e+03	3.00000000000000e-02	0.00000000000000e+00	0.00000000000000e+00	5.45717853902539e+01	3.72282270645918e+00
1	72	24	48	7.79900000000000e+01	1.50796447372310e+03	3.00000000000000e-02	0.00000000000000e+00	0.00000000000000e+00	8.11286425397663e+01	-1.31518203366537e+00
3	73	25	49	1.06070000000000e+02	1.50796447372310e+03	3.00000000000000e-02	0.00000000000000e+00	0.00000000000000e+00	8.18454350424298e+01	8.64222411640728e+00
4	74	26	50	7.68900000000000e+01	1.50796447372310e+03	3.00000000000000e-02	0.00000000000000e+00	0.00000000000000e+00	8.30201573144403e+01	-2.55692028257029e+00
2	75	27	51	7.47800000000000e+01	1.50796447372310e+03	3.00000000000000e-02	0.00000000000000e+00	0.00000000000000e+00	8.56034261405715e+01	-4.50582792681423e+00
5	76	28	52	1.09220000000000e+02	1.50796447372310e+03	3.00000000000000e-02	0.00000000000000e+00	0.00000000000000e+00	8.83274698655707e+01	7.07710134964676e+00
6	77	29	53	8.25400000000000e+01	1.50796447372310e+03	3.00000000000000e-02	0.00000000000000e+00	0.00000000000000e+00	9.11791394971002e+01	-3.31810376693022e+00
7	78	30	54	5.58600000000000e+01	1.50796447372310e+03	3.00000000000000e-02	0.00000000000000e+00	0.00000000000000e+00	9.52137022468205e+01	-1.77758434029091e+01
8	79	31	55	7.29400000000000e+01	1.50796447372310e+03	3.00000000000000e-02	0.00000000000000e+00	0.00000000000000e+00	9.69637104573538e+01	-9.48998680421749e+00
9	80	32	56	8.09100000000000e+01	1.50796447372310e+03	3.00000000000000e-02	0.00000000000000e+00	0.00000000000000e+00	9.59911680834757e+01	-5.69729207618159e+00
10	81	33	57	5.82800000000000e+01	1.50796447372310e+03	3.00000000000000e-02	0.00000000000000e+00	0.00000000000000e+00	9.43283874918904e+01	-1.60507732286355e+01
11	82	34	58	7.13800000000000e+01	1.50796447372310e+03	3.00000000000000e-02	0.00000000000000e+00	0.00000000000000e+00	9.14750649896668e+01	-8.26829011022341e+00
12	83	35	59	1.09820000000000e+02	1.50796447372310e+03	3.00000000000000e-02	0.00000000000000e+00	0.00000000000000e+00	8.90016270760709e+01	7.00626701773632e+00
13	84	36	60	1.48260000000000e+02	1.50796447372310e+03	3.00000000000000e-02	0.00000000000000e+00	0.00000000000000e+00	8.58139133144088e+01	1.82262112013183e+01
14	85	37	61	1.44220000000000e+02	1.50796447372310e+03	3.00000000000000e-02	0.00000000000000e+00	0.00000000000000e+00	8.37833182354966e+01	1.81035330073037e+01
15	86	38	62	1.40170000000000e+02	1.50796447372310e+03	3.00000000000000e-02	0.00000000000000e+00	0.00000000000000e+00	8.59265594489858e+01	1.63121000049480e+01
16	88	40	64	1.49120000000000e+02	1.50796447372310e+03	3.00000000000000e-02	0.00000000000000e+00	0.00000000000000e+00	9.05273774981889e+01	1.66366344062443e+01
18	89	41	65	1.76090000000000e+02	1.50796447372310e+03	3.00000000000000e-02	0.00000000000000e+00	0.00000000000000e+00	9.12912884086574e+01	2.18979954045013e+01
19	90	42	66	2.35640000000000e+02	1.50796447372310e+03	3.00000000000000e-02	0.00000000000000e+00	0.00000000000000e+00	9.02255755802887e+01	3.19997428918970e+01
17	91	43	67	1.57120000000000e+02	1.50796447372310e+03	3.00000000000000e-02	0.00000000000000e+00	0.00000000000000e+00	8.57237899254474e+01	2.01959820709592e+01
20	92	44	68	1.17530000000000e+02	1.50796447372310e+03	3.00000000000000e-02	0.00000000000000e+00	0.00000000000000e+00	8.36954861893465e+01	1.13169524182073e+01
21	93	45	69	9.29200000000000e+01	1.50796447372310e+03	3.00000000000000e-02	0.00000000000000e+00	0.00000000000000e+00	8.37829615281250e+01	3.45030813801689e+00
22	94	46	70	6.83100000000000e+01	1.50796447372310e+03	3.00000000000000e-02	0.00000000000000e+00	0.00000000000000e+00	8.30643777769433e+01	-6.51865914231937e+00
23	95	47	71	6.78200000000000e+01	1.50796447372310e+03	3.00000000000000e-02	0.00000000000000e+00	0.00000000000000e+00	8.31734451387439e+01	-6.80236637263073e+00
24	96	48	72	8.47200000000000e+01	1.50796447372310e+03	3.00000000000000e-02	0.00000000000000e+00	0.00000000000000e+00	8.26677930866687e+01	8.17387261356680e-01
25	97	49	73	6.09600000000000e+01	1.50796447372310e+03	3.00000000000000e-02	0.00000000000000e+00	0.00000000000000e+00	8.11656417213473e+01	-9.54247049111139e+00
26	98	50	74	7.75300000000000e+01	1.50796447372310e+03	3.00000000000000e-02	0.00000000000000e+00	0.00000000000000e+00	7.76628043118971e+01	-5.70491846804799e-02
27	99	51	75	9.41100000000000e+01	1.50796447372310e+03	3.00000000000000e-02	0.00000000000000e+00	0.00000000000000e+00	7.40228936031149e+01	8.00299641658082e+00
28	100	52	76	1.37370000000000e+02	1.50796447372310e+03	3.00000000000000e-02	0.00000000000000e+00	0.00000000000000e+00	7.09435798213237e+01	2.20264368200562e+01
29	101	53	77	9.34300000000000e+01	1.50796447372310e+03	3.00000000000000e-02	0.00000000000000e+00	0.00000000000000e+00	6.75516382363536e+01	1.08106725496377e+01
30	102	54	78	6.89100000000000e+01	1.50796447372310e+03	3.00000000000000e-02	0.00000000000000e+00	0.00000000000000e+00	6.36368567782163e+01	2.65361645940464e+00
31	103	55	79	5.85600000000000e+01	1.50796447372310e+03	3.00000000000000e-02	0.00000000000000e+00	0.00000000000000e+00	6.05105405113863e+01	-1.09219011791056e+00
32	104	56	80	4.82100000000000e+01	1.50796447372310e+03	3.00000000000000e-02	0.00000000000000e+00	0.00000000000000e+00	5.89248500571042e+01	-6.68988119205669e+00
33	105	57	81	4.33500000000000e+01	1.50796447372310e+03	3.00000000000000e-02	0.00000000000000e+00	0.00000000000000e+00	5.79746950943040e+01	-9.68999735465112e+00
34	106	58	82	4.22400000000000e+01	1.50796447372310e+03	3.00000000000000e-02	0.00000000000000e+00	0.00000000000000e+00	5.65122446986189e+01	-9.70298985344897e+00
35	107	59	83	4.11200000000000e+01	1.50796447372310e+03	3.00000000000000e-02	0.00000000000000e+00	0.00000000000000e+00	5.48324426742509e+01	-9.59291390785695e+00
36	108	60	84	5.51200000000000e+01	1.50796447372310e+03	3.00000000000000e-02	0.00000000000000e+00	0.00000000000000e+00	5.53947737690656e+01	-1.65754209981076e-01
37	109	61	85	5.19100000000000e+01	1.50796447372310e+03	3.00000000000000e-02	0.00000000000000e+00	0.00000000000000e+00	5.59013002380413e+01	-2.46920633745666e+00
38	110	62	86	5.26300000000000e+01	1.50796447372310e+03	3.00000000000000e-02	0.00000000000000e+00	0.00000000000000e+00	5.42259596455885e+01	-9.95781822192502e-01
39	111	63	87	4.94400000000000e+01	1.50796447372310e+03	3.00000000000000e-02	0.00000000000000e+00	0.00000000000000e+00	5.34402610409719e+01	-2.59348669385833e+00
40	112	64	88	6.32700000000000e+01	1.50796447372310e+03	3.00000000000000e-02	0.00000000000000e+00	0.00000000000000e+00	5.23313789306265e+01	6.32717041501996e+00
41	113	65	89	4.92800000000000e+01	1.50796447372310e+03	3.00000000000000e-02	0.00000000000000e+00	0.00000000000000e+00	5.25443638546536e+01	-2.13798397806482e+00
42	114	66	90	5.28300000000000e+01	1.50796447372310e+03	3.00000000000000e-02	0.00000000000000e+00	0.00000000000000e+00	5.38597513338540e+01	-6.43475309940156e-01
43	115	67	91	8.58200000000000e+01	1.50796447372310e+03	3.00000000000000e-02	0.00000000000000e+00	0.00000000000000e+00	5.92342939124906e+01	1.23583805444739e+01
44	116	68	92	1.18800000000000e+02	1.50796447372310e+03	3.00000000000000e-02	0.00000000000000e+00	0.00000000000000e+00	6.13375463454048e+01	2.20349749977513e+01
45	117	69	93	1.26090000000000e+02	1.50796447372310e+03	3.00000000000000e-02	0.00000000000000e+00	0.00000000000000e+00	6.06152558963439e+01	2.44149776276173e+01
46	118	70	94	1.07200000000000e+02	1.50796447372310e+03	3.00000000000000e-02	0.00000000000000e+00	0.00000000000000e+00	6.02155067257243e+01	1.92255447561887e+01
47	119	71	95	8.83000000000000e+01	1.50796447372310e+03	3.00000000000000e-02	0.00000000000000e+00	0.00000000000000e+00	5.83183907578646e+01	1.38274204535098e+01
48	120	72	96	7.03000000000000e+01	1.50796447372310e+03	3.00000000000000e-02	0.00000000000000e+00	0.00000000000000e+00	5.69274930086518e+01	7.03311310691278e+00
49	121	73	97	5.23000000000000e+01	1.50796447372310e+03	3.00000000000000e-02	0.00000000000000e+00	0.00000000000000e+00	5.65662594442509e+01	-2.61387711644228e+00
50	122	74	98	8.89700000000000e+01	1.50796447372310e+03	3.00000000000000e-02	0.00000000000000e+00	0.00000000000000e+00	5.83212726770302e+01	1.40777441495301e+01
51	123	75	99	1.25630000000000e+02	1.50796447372310e+03	3.00000000000000e-02	0.00000000000000e+00	0.00000000000000e+00	5.99470688689567e+01	2.46626363888755e+01
52	124	76	100	1.19780000000000e+02	1.50796447372310e+03	3.00000000000000e-02	0.00000000000000e+00	0.00000000000000e+00	6.13209963643484e+01	2.23178141453836e+01
53	125	77	101	1.13920000000000e+02	1.50796447372310e+03	3.00000000000000e-02	0.00000000000000e+00	0.00000000000000e+00	6.25266932341373e+01	1.99967630117611e+01
54	126	78	102	7.64300000000000e+01	1.50796447372310e+03	3.00000000000000e-02	0.00000000000000e+00	0.00000000000000e+00	6.38425436312072e+01	5.99851643532515e+00
55	127	79	103	6.93600000000000e+01	1.50796447372310e+03	3.00000000000000e-02	0.00000000000000e+00	0.00000000000000e+00	6.49814653620960e+01	2.17360838381984e+00
56	128	80	104	7.81100000000000e+01	1.50796447372310e+03	3.00000000000000e-02	0.00000000000000e+00	0.00000000000000e+00	6.47958142752981e+01	6.22923609557657e+00
57	129	81	105	8.68700000000000e+01	1.50796447372310e+03	3.00000000000000e-02	0.00000000000000e+00	0.00000000000000e+00	6.42157838745964e+01	1.00721237682915e+01
58	130	82	106	8.27700000000000e+01	1.50796447372310e+03	3.00000000000000e-02	0.00000000000000e+00	0.00000000000000e+00	6.44033831410691e+01	8.36331706401351e+00
59	131	83	107	7.86600000000000e+01	1.50796447372310e+03	3.00000000000000e-02	0.00000000000000e+00	0.00000000000000e+00	6.51646411305723e+01	6.27392530415767e+00
60	132	84	108	5.48500000000000e+01	1.50796447372310e+03	3.00000000000000e-02	0.00000000000000e+00	0.00000000000000e+00	6.62074127884559e+01	-6.27300818697837e+00
61	133	85	109	4.69000000000000e+01	1.50796447372310e+03	3.00000000000000e-02	0.00000000000000e+00	0.00000000000000e+00	6.88012129154687e+01	-1.27734566305655e+01
62	134	86	110	5.50200000000000e+01	1.50796447372310e+03	3.00000000000000e-02	0.00000000000000e+00	0.00000000000000e+00	7.19709719041833e+01	-8.95220380760347e+00
63	135	87	111	6.31400000000000e+01	1.50796447372310e+03	3.00000000000000e-02	0.00000000000000e+00	0.00000000000000e+00	7.33278470648724e+01	-4.98619863346844e+00
64	136	88	112	8.73300000000000e+01	1.50796447372310e+03	3.00000000000000e-02	0.00000000000000e+00	0.00000000000000e+00	7.48675548304399e+01	5.13244765286232e+00
65	137	89	113	1.24180000000000e+02	1.50796447372310e+03	3.00000000000000e-02	0.00000000000000e+00	0.00000000000000e+00	7.57606018607305e+01	1.64717910927685e+01
66	138	90	114	1.17250000000000e+02	1.50796447372310e+03	3.00000000000000e-02	0.00000000000000e+00	0.00000000000000e+00	7.46946792890573e+01	1.50299848482632e+01
67	139	91	115	8.53300000000000e+01	1.50796447372310e+03	3.00000000000000e-02	0.00000000000000e+00	0.00000000000000e+00	7.18422511064561e+01	5.73511113482332e+00
68	140	92	116	8.12300000000000e+01	1.50796447372310e+03	3.00000000000000e-02	0.00000000000000e+00	0.00000000000000e+00	7.12808046203908e+01	4.35525219330550e+00
69	141	93	117	7.71200000000000e+01	1.50796447372310e+03	3.00000000000000e-02	0.00000000000000e+00	0.00000000000000e+00	7.14257961733816e+01	2.55678517542961e+00
70	142	94	118	9.90000000000000e+01	1.50796447372310e+03	3.00000000000000e-02	0.00000000000000e+00	0.00000000000000e+00	7.01651348090141e+01	1.14756105873030e+01
71	143	95	119	9.35200000000000e+01	1.50796447372310e+03	3.00000000000000e-02	0.00000000000000e+00	0.00000000000000e+00	6.80173641480125e+01	1.06137429822481e+01
72	144	96	120	7.43300000000000e+01	1.50796447372310e+03	3.00000000000000e-02	0.00000000000000e+00	0.00000000000000e+00	6.62903829663533e+01	3.81566017881572e+00
73	145	97	121	5.51400000000000e+01	1.50796447372310e+03	3.00000000000000e-02	0.00000000000000e+00	0.00000000000000e+00	6.56647110137874e+01	-5.82287508382742e+00
74	146	98	122	5.52600000000000e+01	1.50796447372310e+03	3.00000000000000e-02	0.00000000000000e+00	0.00000000000000e+00	6.47140105532117e+01	-5.26428016620949e+00
75	147	99	123	5.45600000000000e+01	1.50796447372310e+03	3.00000000000000e-02	0.00000000000000e+00	0.00000000000000e+00	6.39508673226588e+01	-5.29380256366438e+00
76	148	100	124	5.21200000000000e+01	1.50796447372310e+03	3.00000000000000e-02	0.00000000000000e+00	0.00000000000000e+00	6.27875751246759e+01	-6.20694844365867e+00
77	149	101	125	5.03400000000000e+01	1.50796447372310e+03	3.00000000000000e-02	0.00000000000000e+00	0.00000000000000e+00	6.29434741868879e+01	-7.44790329330770e+00
78	150	102	126	5.63200000000000e+01	1.50796447372310e+03	3.00000000000000e-02	0.00000000000000e+00	0.00000000000000e+00	6.24541813139420e+01	-3.44611590223947e+00
79	151	103	127	4.01600000000000e+01	1.50796447372310e+03	3.00000000000000e-02	0.00000000000000e+00	0.00000000000000e+00	6.09557707084181e+01	-1.39092351815132e+01
80	152	104	128	5.67400000000000e+01	1.50796447372310e+03	3.00000000000000e-02	0.00000000000000e+00	0.00000000000000e+00	6.09731737365610e+01	-2.39848544176097e+00
81	153	105	129	7.71200000000000e+01	1.50796447372310e+03	3.00000000000000e-02	0.00000000000000e+00	0.00000000000000e+00	6.09196535223095e+01	7.86022699041850e+00
82	154	106	130	9.75100000000000e+01	1.50796447372310e+03	3.00000000000000e-02	0.00000000000000e+00	0.00000000000000e+00	5.96620093445820e+01	1.63753159466094e+01
83	155	107	131	7.04800000000000e+01	1.50796447372310e+03	3.00000000000000e-02	0.00000000000000e+00	0.00000000000000e+00	5.63518402638420e+01	7.45713613106558e+00
84	156	108	132	6.17700000000000e+01	1.50796447372310e+03	3.00000000000000e-02	0.00000000000000e+00	0.00000000000000e+00	5.54929268817899e+01	3.57207468827981e+00
85	157	109	133	7.55700000000000e+01	1.50796447372310e+03	3.00000000000000e-02	0.00000000000000e+00	0.00000000000000e+00	5.49688252215461e+01	1.06097722884578e+01
86	158	110	134	8.93600000000000e+01	1.50796447372310e+03	3.00000000000000e-02	0.00000000000000e+00	0.00000000000000e+00	5.48244627856555e+01	1.62845553072085e+01
87	159	111	135	7.91000000000000e+01	1.50796447372310e+03	3.00000000000000e-02	0.00000000000000e+00	0.00000000000000e+00	5.63594560708307e+01	1.12987612922857e+01
88	160	112	136	6.88300000000000e+01	1.50796447372310e+03	3.00000000000000e-02	0.00000000000000e+00	0.00000000000000e+00	5.85569141908510e+01	5.38801743246674e+00
89	161	113	137	5.16300000000000e+01	1.50796447372310e+03	3.00000000000000e-02	0.00000000000000e+00	0.00000000000000e+00	5.88223276845167e+01	-4.34728688208216e+00
90	162	114	138	4.77100000000000e+01	1.50796447372310e+03	3.00000000000000e-02	0.00000000000000e+00	0.00000000000000e+00	5.62890754720628e+01	-5.51198184801254e+00
91	163	115	139	4.77600000000000e+01	1.50796447372310e+03	3.00000000000000e-02	0.00000000000000e+00	0.00000000000000e+00	5.53493626876746e+01	-4.91588919265074e+00
92	164	116	140	3.64200000000000e+01	1.50796447372310e+03	3.00000000000000e-02	0.00000000000000e+00	0.00000000000000e+00	5.45044183911184e+01	-1.34387898493432e+01
93	165	117	141	4.07700000000000e+01	1.50796447372310e+03	3.00000000000000e-02	0.00000000000000e+00	0.00000000000000e+00	5.39564489882353e+01	-9.34102347063267e+00
94	166	118	142	3.87800000000000e+01	1.50796447372310e+03	3.00000000000000e-02	0.00000000000000e+00	0.00000000000000e+00	5.24759217670951e+01	-1.00816593857024e+01
95	167	119	143	5.47600000000000e+01	1.50796447372310e+03	3.00000000000000e-02	0.00000000000000e+00	0.00000000000000e+00	5.37401889369612e+01	6.26629382624448e-01
1	75	25	50	7.10200000000000e+01	1.57079632679490e+03	3.00000000000000e-02	0.00000000000000e+00	0.00000000000000e+00	8.54470655862925e+01	-6.16451802488524e+00
3	76	26	51	8.17700000000000e+01	1.57079632679490e+03	3.00000000000000e-02	0.00000000000000e+00	0.00000000000000e+00	8.95914822776571e+01	-3.04499411409032e+00
4	77	27	52	1.15610000000000e+02	1.57079632679490e+03	3.00000000000000e-02	0.00000000000000e+00	0.00000000000000e+00	9.00708485913355e+01	8.32086301570500e+00
2	78	28	53	7.86300000000000e+01	1.57079632679490e+03	3.00000000000000e-02	0.00000000000000e+00	0.00000000000000e+00	9.25099775744056e+01	-5.41877327890408e+00
5	79	29	54	8.05700000000000e+01	1.57079632679490e+03	3.00000000000000e-02	0.00000000000000e+00	0.00000000000000e+00	9.64377200265112e+01	-5.99236799589438e+00
6	80	30	55	8.25100000000000e+01	1.57079632679490e+03	3.00000000000000e-02	0.00000000000000e+00	0.00000000000000e+00	9.80096492562906e+01	-5.73821458353863e+00
7	81	31	56	7.66400000000000e+01	1.57079632679490e+03	3.00000000000000e-02	0.00000000000000e+00	0.00000000000000e+00	9.73575993706769e+01	-7.97572191560624e+00
8	82	32	57	8.71100000000000e+01	1.57079632679490e+03	3.00000000000000e-02	0.00000000000000e+00	0.00000000000000e+00	9.63316724206531e+01	-3.35418233855966e+00
9	83	33	58	9.75700000000000e+01	1.57079632679490e+03	3.00000000000000e-02	0.00000000000000e+00	0.00000000000000e+00	9.52858666713191e+01	7.89619100386722e-01
10	84	34	59	8.11600000000000e+01	1.57079632679490e+03	3.00000000000000e-02	0.00000000000000e+00	0.00000000000000e+00	9.31331905287570e+01	-4.58693699537379e+00
11	85	35	60	6.47500000000000e+01	1.57079632679490e+03	3.00000000000000e-02	0.00000000000000e+00	0.00000000000000e+00	9.28174459925994e+01	-1.20033639051152e+01
12	86	36	61	5.56700000000000e+01	1.57079632679490e+03	3.00000000000000e-02	0.00000000000000e+00	0.00000000000000e+00	9.12558347533567e+01	-1.64741843575163e+01
13	87	37	62	7.73000000000000e+01	1.57079632679490e+03	3.00000000000000e-02	0.00000000000000e+00	0.00000000000000e+00	8.93658523335231e+01	-4.83482295564978e+00
14	88	38	63	9.12400000000000e+01	1.57079632679490e+03	3.00000000000000e-02	0.00000000000000e+00	0.00000000000000e+00	8.99519017409923e+01	4.73943168066734e-01
15	89	39	64	1.05180000000000e+02	1.57079632679490e+03	3.00000000000000e-02	0.00000000000000e+00	0.00000000000000e+00	9.21441340193911e+01	4.41063809806555e+00
16	91	41	66	1.43870000000000e+02	1.57079632679490e+03	3.00000000000000e-02	0.00000000000000e+00	0.00000000000000e+00	9.22919788696693e+01	1.47984293045630e+01
18	92	42	67	1.07430000000000e+02	1.57079632679490e+03	3.00000000000000e-02	0.00000000000000e+00	0.00000000000000e+00	9.05474651589510e+01	5.69884275226732e+00
19	93	43	68	1.33250000000000e+02	1.57079632679490e+03	3.00000000000000e-02	0.00000000000000e+00	0.00000000000000e+00	8.85773642314713e+01	1.36116906930319e+01
17	94	44	69	1.59070000000000e+02	1.57079632679490e+03	3.00000000000000e-02	0.00000000000000e+00	0.00000000000000e+00	8.79283409264377e+01	1.97607393938252e+01
20	95	45	70	1.23960000000000e+02	1.57079632679490e+03	3.00000000000000e-02	0.00000000000000e+00	0.00000000000000e+00	8.60136558802658e+01	1.21817619988770e+01
21	96	46	71	8.88400000000000e+01	1.57079632679490e+03	3.00000000000000e-02	0.00000000000000e+00	0.00000000000000e+00	8.57808490321259e+01	1.16804073999918e+00
22	97	47	72	9.02100000000000e+01	1.57079632679490e+03	3.00000000000000e-02	0.00000000000000e+00	0.00000000000000e+00	8.56202717740184e+01	1.74060702560990e+00
23	98	48	73	8.13100000000000e+01	1.57079632679490e+03	3.00000000000000e-02	0.00000000000000e+00	0.00000000000000e+00	8.42431696959742e+01	-1.18128279561172e+00
24	99	49	74	6.43500000000000e+01	1.57079632679490e+03	3.00000000000000e-02	0.00000000000000e+00	0.00000000000000e+00	8.23254620405558e+01	-8.21145022004040e+00
25	100	50	75	7.70600000000000e+01	1.57079632679490e+03	3.00000000000000e-02	0.00000000000000e+00	0.00000000000000e+00	7.94475460966003e+01	-1.01708890576851e+00
26	101	51	76	6.35800000000000e+01	1.57079632679490e+03	3.00000000000000e-02	0.00000000000000e+00	0.00000000000000e+00	7.53360656703106e+01	-5.65533414745518e+00
27	102	52	77	5.01100000000000e+01	1.57079632679490e+03	3.00000000000000e-02	0.00000000000000e+00	0.00000000000000e+00	7.17656997648767e+01	-1.19728684595421e+01
28	103	53	78	5.70600000000000e+01	1.57079632679490e+03	3.00000000000000e-02	0.00000000000000e+00	0.00000000000000e+00	6.75868248905016e+01	-5.64365733996549e+00
29	104	54	79	5.93800000000000e+01	1.57079632679490e+03	3.00000000000000e-02	0.00000000000000e+00	0.00000000000000e+00	6.36471957506786e+01	-2.31325991210187e+00
30	105	55	80	5.30900000000000e+01	1.57079632679490e+03	3.00000000000000e-02	0.00000000000000e+00	0.00000000000000e+00	6.09533319987755e+01	-4.60399785259479e+00
31	106	56	81	4.68000000000000e+01	1.57079632679490e+03	3.00000000000000e-02	0.00000000000000e+00	0.00000000000000e+00	5.88358406653425e+01	-7.62893338049239e+00
32	107	57	82	4.78800000000000e+01	1.57079632679490e+03	3.00000000000000e-02	0.00000000000000e+00	0.00000000000000e+00	5.65937251119834e+01	-5.57334115425502e+00
33	108	58	83	4.60700000000000e+01	1.57079632679490e+03	3.00000000000000e-02	0.00000000000000e+00	0.00000000000000e+00	5.49841524675327e+01	-5.89610092704220e+00
34	109	59	84	3.64100000000000e+01	1.57079632679490e+03	3.00000000000000e-02	0.00000000000000e+00	0.00000000000000e+00	5.37991910360602e+01	-1.30138322787630e+01
35	110	60	85	5.35800000000000e+01	1.57079632679490e+03	3.00000000000000e-02	0.00000000000000e+00	0.00000000000000e+00	5.19787242129491e+01	1.01137930035374e+00
36	111	61	86	7.07400000000000e+01	1.57079632679490e+03	3.00000000000000e-02	0.00000000000000e+00	0.00000000000000e+00	5.26495655327525e+01	9.84510657403013e+00
37	112	62	87	6.44500000000000e+01	1.57079632679490e+03	3.00000000000000e-02	0.00000000000000e+00	0.00000000000000e+00	5.38099990813485e+01	6.01434743186674e+00
38	113	63	88	5.81500000000000e+01	1.57079632679490e+03	3.00000000000000e-02	0.00000000000000e+00	0.00000000000000e+00	5.31551290953385e+01	2.99370921895436e+00
39	114	64	89	6.01700000000000e+01	1.57079632679490e+03	3.00000000000000e-02	0.00000000000000e+00	0.00000000000000e+00	5.19682718487927e+01	4.88468378754015e+00
40	115	65	90	5.67700000000000e+01	1.57079632679490e+03	3.00000000000000e-02	0.00000000000000e+00	0.00000000000000e+00	5.11817027003166e+01	3.45419727143937e+00
41	116	66	91	6.12900000000000e+01	1.57079632679490e+03	3.00000000000000e-02	0.00000000000000e+00	0.00000000000000e+00	5.33967846960618e+01	4.59553883428410e+00
42	117	67	92	6.19800000000000e+01	1.57079632679490e+03	3.00000000000000e-02	0.00000000000000e+00	0.00000000000000e+00	5.51828080716834e+01	3.87200985210988e+00
43	118	68	93	8.51700000000000e+01	1.57079632679490e+03	3.00000000000000e-02	0.00000000000000e+00	0.00000000000000e+00	5.84854660582301e+01	1.25290326410474e+01
44	119	69	94	1.08370000000000e+02	1.57079632679490e+03	3.00000000000000e-02	0.00000000000000e+00	0.00000000000000e+00	5.97434984881374e+01	1.98496974985916e+01
45	120	70	95	1.11850000000000e+02	1.57079632679490e+03	3.00000000000000e-02	0.00000000000000e+00	0.00000000000000e+00	6.10984371651750e+01	2.01557466799031e+01
46	121	71	96	1.15320000000000e+02	1.57079632679490e+03	3.00000000000000e-02	0.00000000000000e+00	0.00000000000000e+00	5.96475495006795e+01	2.19752602122124e+01
47	122	72	97	1.13430000000000e+02	1.57079632679490e+03	3.00000000000000e-02	0.00000000000000e+00	0.00000000000000e+00	5.78280708999648e+01	2.24570531025484e+01
48	123	73	98	1.11530000000000e+02	1.57079632679490e+03	3.00000000000000e-02	0.00000000000000e+00	0.00000000000000e+00	5.75435327190102e+01	2.20583953628797e+01
49	124	74	99	7.61800000000000e+01	1.57079632679490e+03	3.00000000000000e-02	0.00000000000000e+00	0.00000000000000e+00	5.81650615651750e+01	8.99380344416280e+00
50	125	75	100	8.46400000000000e+01	1.57079632679490e+03	3.00000000000000e-02	0.00000000000000e+00	0.00000000000000e+00	5.93162599135285e+01	1.18507834053863e+01
51	126	76	101	9.31100000000000e+01	1.57079632679490e+03	3.00000000000000e-02	0.00000000000000e+00	0.00000000000000e+00	6.16389122318603e+01	1.37496075572922e+01
52	127	77	102	1.25450000000000e+02	1.57079632679490e+03	3.00000000000000e-02	0.00000000000000e+00	0.00000000000000e+00	6.30986036925794e+01	2.29069543998458e+01
53	128	78	103	8.41200000000000e+01	1.57079632679490e+03	3.00000000000000e-02	0.00000000000000e+00	0.00000000000000e+00	6.47440605718957e+01	8.72674610271836e+00
54	129	79	104	6.18100000000000e+01	1.57079632679490e+03	3.00000000000000e-02	0.00000000000000e+00	0.00000000000000e+00	6.64775008566430e+01	-2.42661312534329e+00
55	130	80	105	4.35300000000000e+01	1.57079632679490e+03	3.00000000000000e-02	0.00000000000000e+00	0.00000000000000e+00	6.70564575953027e+01	-1.44028186557386e+01
56	131	81	106	4.69300000000000e+01	1.57079632679490e+03	3.00000000000000e-02	0.00000000000000e+00	0.00000000000000e+00	6.69401350177909e+01	-1.18380527657331e+01
57	132	82	107	6.47100000000000e+01	1.57079632679490e+03	3.00000000000000e-02	0.00000000000000e+00	0.00000000000000e+00	6.72532199947279e+01	-1.28497164096715e+00
58	133	83	108	8.25000000000000e+01	1.57079632679490e+03	3.00000000000000e-02	0.00000000000000e+00	0.00000000000000e+00	6.72833939576475e+01	6.79616112266726e+00
59	134	84	109	6.48800000000000e+01	1.57079632679490e+03	3.00000000000000e-02	0.00000000000000e+00	0.00000000000000e+00	6.77896027296516e+01	-1.46231404365089e+00
60	135	85	110	4.72600000000000e+01	1.57079632679490e+03	3.00000000000000e-02	0.00000000000000e+00	0.00000000000000e+00	7.04423111627378e+01	-1.33043273901633e+01
61	136	86	111	4.10500000000000e+01	1.57079632679490e+03	3.00000000000000e-02	0.00000000000000e+00	0.00000000000000e+00	7.30302626696057e+01	-1.92027692154260e+01
62	137	87	112	5.46400000000000e+01	1.57079632679490e+03	3.00000000000000e-02	0.00000000000000e+00	0.00000000000000e+00	7.52023659835658e+01	-1.06472159248580e+01
63	138	88	113	6.82300000000000e+01	1.57079632679490e+03	3.00000000000000e-02	0.00000000000000e+00	0.00000000000000e+00	7.63876644609137e+01	-3.76456241244666e+00
64	139	89	114	7.93300000000000e+01	1.57079632679490e+03	3.00000000000000e-02	0.00000000000000e+00	0.00000000000000e+00	7.66279489870710e+01	1.15514959443548e+00
65	140	90	115	9.04300000000000e+01	1.57079632679490e+03	3.00000000000000e-02	0.00000000000000e+00	0.00000000000000e+00	7.64517663894773e+01	5.59720111614330e+00
66	141	91	116	7.68000000000000e+01	1.57079632679490e+03	3.00000000000000e-02	0.00000000000000e+00	0.00000000000000e+00	7.43461479065800e+01	1.08242596191941e+00
67	142	92	117	1.01960000000000e+02	1.57079632679490e+03	3.00000000000000e-02	0.00000000000000e+00	0.00000000000000e+00	7.24629987853163e+01	1.13834836502643e+01
68	143	93	118	7.57000000000000e+01	1.57079632679490e+03	3.00000000000000e-02	0.00000000000000e+00	0.00000000000000e+00	7.14919181878523e+01	1.90645831566023e+00
69	144	94	119	8.86200000000000e+01	1.57079632679490e+03	3.00000000000000e-02	0.00000000000000e+00	0.00000000000000e+00	7.08551487562060e+01	7.45733103504277e+00
70	145	95	120	1.01530000000000e+02	1.57079632679490e+03	3.00000000000000e-02	0.00000000000000e+00	0.00000000000000e+00	6.86813436719544e+01	1.30292240411981e+01
71	146	96	121	9.31000000000000e+01	1.57079632679490e+03	3.00000000000000e-02	0.00000000000000e+00	0.00000000000000e+00	6.85304565413404e+01	1.02131972262674e+01
72	147	97	122	8.46700000000000e+01	1.57079632679490e+03	3.00000000000000e-02	0.00000000000000e+00	0.00000000000000e+00	6.84983828359903e+01	7.06504036328012e+00
73	148	98	123	5.65100000000000e+01	1.57079632679490e+03	3.00000000000000e-02	0.00000000000000e+00	0.00000000000000e+00	6.74548489576372e+01	-5.90136186963723e+00
74	149	99	124	6.90800000000000e+01	1.57079632679490e+03	3.00000000000000e-02	0.00000000000000e+00	0.00000000000000e+00	6.62706293398710e+01	1.38394835401942e+00
75	150	100	125	5.67800000000000e+01	1.57079632679490e+03	3.00000000000000e-02	0.00000000000000e+00	0.00000000000000e+00	6.65504366788890e+01	-5.29253184803394e+00
76	151	101	126	4.11200000000000e+01	1.57079632679490e+03	3.00000000000000e-02	0.00000000000000e+00	0.00000000000000e+00	6.70790802071972e+01	-1.63125867945231e+01
77	152	102	127	6.20400000000000e+01	1.57079632679490e+03	3.00000000000000e-02	0.00000000000000e+00	0.00000000000000e+00	6.61710374549225e+01	-2.14878427407831e+00
78	153	103	128	8.29700000000000e+01	1.57079632679490e+03	3.00000000000000e-02	0.00000000000000e+00	0.00000000000000e+00	6.50308544182233e+01	8.12057520165936e+00
79	154	104	129	9.16800000000000e+01	1.57079632679490e+03	3.00000000000000e-02	0.00000000000000e+00	0.00000000000000e+00	6.47173631023197e+01	1.16091574737287e+01
80	155	105	130	1.00390000000000e+02	1.57079632679490e+03	3.00000000000000e-02	0.00000000000000e+00	0.00000000000000e+00	6.46312079239826e+01	1.46788403923037e+01
81	156	106	131	7.43900000000000e+01	1.57079632679490e+03	3.00000000000000e-02	0.00000000000000e+00	0.00000000000000e+00	6.22098925821810e+01	5.96024974582638e+00
82	157	107	132	9.70500000000000e+01	1.57079632679490e+03	3.00000000000000e-02	0.00000000000000e+00	0.00000000000000e+00	5.97245036867924e+01	1.61827975470617e+01
83	158	108	133	1.19720000000000e+02	1.57079632679490e+03	3.00000000000000e-02	0.00000000000000e+00	0.00000000000000e+00	5.86531470960086e+01	2.37838150132875e+01
84	159	109	134	1.00870000000000e+02	1.57079632679490e+03	3.00000000000000e-02	0.00000000000000e+00	0.00000000000000e+00	5.84689000147353e+01	1.81779189956881e+01
85	160	110	135	7.49000000000000e+01	1.57079632679490e+03	3.00000000000000e-02	0.00000000000000e+00	0.00000000000000e+00	5.81580253716132e+01	8.43300031771834e+00
86	161	111	136	7.58500000000000e+01	1.57079632679490e+03	3.00000000000000e-02	0.00000000000000e+00	0.00000000000000e+00	5.96563924558568e+01	8.00521323087186e+00
87	162	112	137	5.38000000000000e+01	1.57079632679490e+03	3.00000000000000e-02	0.00000000000000e+00	0.00000000000000e+00	5.81607041315517e+01	-2.59788242617779e+00
88	163	113	138	5.57600000000000e+01	1.57079632679490e+03	3.00000000000000e-02	0.00000000000000e+00	0.00000000000000e+00	5.50000654323740e+01	4.57413051365899e-01
89	164	114	139	5.77300000000000e+01	1.57079632679490e+03	3.00000000000000e-02	0.00000000000000e+00	0.00000000000000e+00	5.51236379839421e+01	1.53994477951226e+00
90	165	115	140	4.65800000000000e+01	1.57079632679490e+03	3.00000000000000e-02	0.00000000000000e+00	0.00000000000000e+00	5.52749110086872e+01	-5.70492841040065e+00
91	166	116	141	4.66700000000000e+01	1.57079632679490e+03	3.00000000000000e-02	0.00000000000000e+00	0.00000000000000e+00	5.17941847154169e+01	-3.47254396068254e+00
92	167	117	142	4.61300000000000e+01	1.57079632679490e+03	3.00000000000000e-02	0.00000000000000e+00	0.00000000000000e+00	5.09991836451595e+01	-3.34487093562757e+00
1	78	26	52	6.78800000000000e+01	1.63362817986669e+03	3.00000000000000e-02	0.00000000000000e+00	0.00000000000000e+00	9.25556252519831e+01	-1.03356125828980e+01
3	79	27	53	8.66300000000000e+01	1.63362817986669e+03	3.00000000000000e-02	0.00000000000000e+00	0.00000000000000e+00	9.54663113777935e+01	-3.23757496360277e+00
4	80	28	54	9.67600000000000e+01	1.63362817986669e+03	3.00000000000000e-02	0.00000000000000e+00	0.00000000000000e+00	9.82109589211477e+01	-4.96137378901018e-01
2	81	29	55	6.57800000000000e+01	1.63362817986669e+03	3.00000000000000e-02	0.00000000000000e+00	0.00000000000000e+00	9.83050063402167e+01	-1.33919704764635e+01
5	82	30	56	7.92900000000000e+01	1.63362817986669e+03	3.00000000000000e-02	0.00000000000000e+00	0.00000000000000e+00	9.79460390839580e+01	-7.04348960487537e+00
6	83	31	57	9.28100000000000e+01	1.63362817986669e+03	3.00000000000000e-02	0.00000000000000e+00	0.00000000000000e+00	9.71045595602392e+01	-1.50779796511736e+00
7	84	32	58	9.40500000000000e+01	1.63362817986669e+03	3.00000000000000e-02	0.00000000000000e+00	0.00000000000000e+00	9.74503758283293e+01	-1.18389089421275e+00
8	85	33	59	9.52900000000000e+01	1.63362817986669e+03	3.00000000000000e-02	0.00000000000000e+00	0.00000000000000e+00	9.84248363104751e+01	-1.07894334598075e+00
9	86	34	60	7.36200000000000e+01	1.63362817986669e+03	3.00000000000000e-02	0.00000000000000e+00	0.00000000000000e+00	9.78895550537706e+01	-9.49743753141803e+00
10	87	35	61	8.10700000000000e+01	1.63362817986669e+03	3.00000000000000e-02	0.00000000000000e+00	0.00000000000000e+00	9.75600150125005e+01	-6.17182494092538e+00
11	88	36	62	8.85200000000000e+01	1.63362817986669e+03	3.00000000000000e-02	0.00000000000000e+00	0.00000000000000e+00	9.57414603453317e+01	-2.61409739688618e+00
12	89	37	63	1.25100000000000e+02	1.63362817986669e+03	3.00000000000000e-02	0.00000000000000e+00	0.00000000000000e+00	9.29947664269577e+01	9.88567336273517e+00
13	90	38	64	1.85700000000000e+02	1.63362817986669e+03	3.00000000000000e-02	0.00000000000000e+00	0.00000000000000e+00	9.41411508691017e+01	2.26445735793214e+01
14	91	39	65	1.27460000000000e+02	1.63362817986669e+03	3.00000000000000e-02	0.00000000000000e+00	0.00000000000000e+00	9.53640521697153e+01	9.67002980271519e+00
15	92	40	66	1.42170000000000e+02	1.63362817986669e+03	3.00000000000000e-02	0.00000000000000e+00	0.00000000000000e+00	9.51856970140324e+01	1.33731278528968e+01
16	94	42	68	1.56870000000000e+02	1.63362817986669e+03	3.00000000000000e-02	0.00000000000000e+00	0.00000000000000e+00	9.36245405644362e+01	1.72041634077246e+01
18	95	43	69	1.64490000000000e+02	1.63362817986669e+03	3.00000000000000e-02	0.00000000000000e+00	0.00000000000000e+00	9.21165338713453e+01	1.93265110024411e+01
19	96	44	70	1.38640000000000e+02	1.63362817986669e+03	3.00000000000000e-02	0.00000000000000e+00	0.00000000000000e+00	8.99312769876110e+01	1.44278285262075e+01
17	97	45	71	1.12790000000000e+02	1.63362817986669e+03	3.00000000000000e-02	0.00000000000000e+00	0.00000000000000e+00	8.95513311027475e+01	7.69052299677631e+00
20	98	46	72	9.94400000000000e+01	1.63362817986669e+03	3.00000000000000e-02	0.00000000000000e+00	0.00000000000000e+00	8.86305371172414e+01	3.83593287503858e+00
21	99	47	73	7.97300000000000e+01	1.63362817986669e+03	3.00000000000000e-02	0.00000000000000e+00	0.00000000000000e+00	8.74292994790316e+01	-3.07281780941600e+00
22	100	48	74	8.67300000000000e+01	1.63362817986669e+03	3.00000000000000e-02	0.00000000000000e+00	0.00000000000000e+00	8.57876683334291e+01	3.64152474986253e-01
23	101	49	75	6.06600000000000e+01	1.63362817986669e+03	3.00000000000000e-02	0.00000000000000e+00	0.00000000000000e+00	8.42092330381078e+01	-1.09340023003533e+01
24	102	50	76	7.08500000000000e+01	1.63362817986669e+03	3.00000000000000e-02	0.00000000000000e+00	0.00000000000000e+00	8.00991102689396e+01	-4.08999267074567e+00
25	103	51	77	6.35400000000000e+01	1.63362817986669e+03	3.00000000000000e-02	0.00000000000000e+00	0.00000000000000e+00	7.51794392438073e+01	-5.60693834729478e+00
26	104	52	78	6.16600000000000e+01	1.63362817986669e+03	3.00000000000000e-02	0.00000000000000e+00	0.00000000000000e+00	7.20905241277326e+01	-5.20957287986050e+00
27	105	53	79	6.16600000000000e+01	1.63362817986669e+03	3.00000000000000e-02	0.00000000000000e+00	0.00000000000000e+00	6.80569191850101e+01	-3.29029931427168e+00
28	106	54	80	4.23300000000000e+01	1.63362817986669e+03	3.00000000000000e-02	0.00000000000000e+00	0.00000000000000e+00	6.30692106618269e+01	-1.32912216930973e+01
29	107	55	81	3.50900000000000e+01	1.63362817986669e+03	3.00000000000000e-02	0.00000000000000e+00	0.00000000000000e+00	5.95426846882228e+01	-1.76259085157830e+01
30	108	56	82	3.87500000000000e+01	1.63362817986669e+03	3.00000000000000e-02	0.00000000000000e+00	0.00000000000000e+00	5.78750470979437e+01	-1.33718523464692e+01
31	109	57	83	4.24000000000000e+01	1.63362817986669e+03	3.00000000000000e-02	0.00000000000000e+00	0.00000000000000e+00	5.64419783015998e+01	-9.53549385142532e+00
32	110	58	84	3.04900000000000e+01	1.63362817986669e+03	3.00000000000000e-02	0.00000000000000e+00	0.00000000000000e+00	5.40995282205326e+01	-1.91142234768844e+01
33	111	59	85	3.44900000000000e+01	1.63362817986669e+03	3.00000000000000e-02	0.00000000000000e+00	0.00000000000000e+00	5.20670623035369e+01	-1.37287706806445e+01
34	112	60	86	3.85000000000000e+01	1.63362817986669e+03	3.00000000000000e-02	0.00000000000000e+00	0.00000000000000e+00	5.06141416371278e+01	-9.11909249824408e+00
35	113	61	87	4.25000000000000e+01	1.63362817986669e+03	3.00000000000000e-02	0.00000000000000e+00	0.00000000000000e+00	5.00568515433032e+01	-5.45517714779420e+00
36	114	62	88	5.35200000000000e+01	1.63362817986669e+03	3.00000000000000e-02	0.00000000000000e+00	0.00000000000000e+00	5.17244656109568e+01	1.13748411970160e+00
37	115	63	89	4.25800000000000e+01	1.63362817986669e+03	3.00000000000000e-02	0.00000000000000e+00	0.00000000000000e+00	5.38362071160382e+01	-7.81871920216366e+00
38	116	64	90	5.25500000000000e+01	1.63362817986669e+03	3.00000000000000e-02	0.00000000000000e+00	0.00000000000000e+00	5.28916183250094e+01	-2.15992840870586e-01
39	117	65	91	5.16700000000000e+01	1.63362817986669e+03	3.00000000000000e-02	0.00000000000000e+00	0.00000000000000e+00	5.20326923527191e+01	-2.33162594153565e-01
40	118	66	92	4.77300000000000e+01	1.63362817986669e+03	3.00000000000000e-02	0.00000000000000e+00	0.00000000000000e+00	5.25081970201956e+01	-3.18030533700616e+00
41	119	67	93	5.12100000000000e+01	1.63362817986669e+03	3.00000000000000e-02	0.00000000000000e+00	0.00000000000000e+00	5.50902894959735e+01	-2.43462136534935e+00
42	120	68	94	4.36100000000000e+01	1.63362817986669e+03	3.00000000000000e-02	0.00000000000000e+00	0.00000000000000e+00	5.60239384512824e+01	-8.34975299615099e+00
43	121	69	95	4.24500000000000e+01	1.63362817986669e+03	3.00000000000000e-02	0.00000000000000e+00	0.00000000000000e+00	5.84368184264605e+01	-1.06539743644339e+01
44	122	70	96	3.08700000000000e+01	1.63362817986669e+03	3.00000000000000e-02	0.00000000000000e+00	0.00000000000000e+00	6.03798290496839e+01	-2.23623418173291e+01
45	123	71	97	3.99300000000000e+01	1.63362817986669e+03	3.00000000000000e-02	0.00000000000000e+00	0.00000000000000e+00	5.97946040517105e+01	-1.34595834187067e+01
46	124	72	98	4.80300000000000e+01	1.63362817986669e+03	3.00000000000000e-02	0.00000000000000e+00	0.00000000000000e+00	5.91925937684263e+01	-6.96568710412806e+00
47	125	73	99	3.59700000000000e+01	1.63362817986669e+03	3.00000000000000e-02	0.00000000000000e+00	0.00000000000000e+00	5.87788160159406e+01	-1.63698753481938e+01
48	126	74	100	3.99400000000000e+01	1.63362817986669e+03	3.00000000000000e-02	0.00000000000000e+00	0.00000000000000e+00	5.89771087759886e+01	-1.29923684594676e+01
49	127	75	101	6.15700000000000e+01	1.63362817986669e+03	3.00000000000000e-02	0.00000000000000e+00	0.00000000000000e+00	5.89395316453647e+01	1.45542359800925e+00
50	128	76	102	8.32100000000000e+01	1.63362817986669e+03	3.00000000000000e-02	0.00000000000000e+00	0.00000000000000e+00	6.13221909644152e+01	1.01741916511244e+01
51	129	77	103	1.22520000000000e+02	1.63362817986669e+03	3.00000000000000e-02	0.00000000000000e+00	0.00000000000000e+00	6.41122752165993e+01	2.15879478444314e+01
52	130	78	104	1.06830000000000e+02	1.63362817986669e+03	3.00000000000000e-02	0.00000000000000e+00	0.00000000000000e+00	6.48328345738220e+01	1.66475534848585e+01
53	131	79	105	9.11500000000000e+01	1.63362817986669e+03	3.00000000000000e-02	0.00000000000000e+00	0.00000000000000e+00	6.68674539298039e+01	1.03264713569358e+01
54	132	80	106	6.09600000000000e+01	1.63362817986669e+03	3.00000000000000e-02	0.00000000000000e+00	0.00000000000000e+00	6.97233585562892e+01	-4.47724933923359e+00
55	133	81	107	7.69700000000000e+01	1.63362817986669e+03	3.00000000000000e-02	0.00000000000000e+00	0.00000000000000e+00	7.06974294382483e+01	2.83355073427322e+00
56	134	82	108	9.29800000000000e+01	1.63362817986669e+03	3.00000000000000e-02	0.00000000000000e+00	0.00000000000000e+00	6.96334407030654e+01	9.63798314797086e+00
57	135	83	109	7.41100000000000e+01	1.63362817986669e+03	3.00000000000000e-02	0.00000000000000e+00	0.00000000000000e+00	6.91019905468214e+01	2.33223129496043e+00
58	136	84	110	5.52500000000000e+01	1.63362817986669e+03	3.00000000000000e-02	0.00000000000000e+00	0.00000000000000e+00	7.04048882482032e+01	-8.07981185664692e+00
59	137	85	111	4.46900000000000e+01	1.63362817986669e+03	3.00000000000000e-02	0.00000000000000e+00	0.00000000000000e+00	7.26510620930477e+01	-1.61972748758832e+01
60	138	86	112	5.71900000000000e+01	1.63362817986669e+03	3.00000000000000e-02	0.00000000000000e+00	0.00000000000000e+00	7.51953600627533e+01	-9.12368232772639e+00
61	139	87	113	8.33500000000000e+01	1.63362817986669e+03	3.00000000000000e-02	0.00000000000000e+00	0.00000000000000e+00	7.65008362289454e+01	2.85823124422437e+00
62	140	88	114	1.09510000000000e+02	1.63362817986669e+03	3.00000000000000e-02	0.00000000000000e+00	0.00000000000000e+00	7.69769806445412e+01	1.17503148265845e+01
63	141	89	115	1.49330000000000e+02	1.63362817986669e+03	3.00000000000000e-02	0.00000000000000e+00	0.00000000000000e+00	7.66765952236942e+01	2.22187369093707e+01
64	142	90	116	1.12300000000000e+02	1.63362817986669e+03	3.00000000000000e-02	0.00000000000000e+00	0.00000000000000e+00	7.71612967403138e+01	1.25091955995354e+01
65	143	91	117	7.52700000000000e+01	1.63362817986669e+03	3.00000000000000e-02	0.00000000000000e+00	0.00000000000000e+00	7.59091083239831e+01	-2.81834414125311e-01
66	144	92	118	8.33100000000000e+01	1.63362817986669e+03	3.00000000000000e-02	0.00000000000000e+00	0.00000000000000e+00	7.40110555922194e+01	3.94513693489478e+00
67	145	93	119	9.13500000000000e+01	1.63362817986669e+03	3.00000000000000e-02	0.00000000000000e+00	0.00000000000000e+00	7.20446731931744e+01	7.91372983993342e+00
68	146	94	120	1.25050000000000e+02	1.63362817986669e+03	3.00000000000000e-02	0.00000000000000e+00	0.00000000000000e+00	7.09973584915007e+01	1.88690328439824e+01
69	147	95	121	1.37270000000000e+02	1.63362817986669e+03	3.00000000000000e-02	0.00000000000000e+00	0.00000000000000e+00	7.05534351815928e+01	2.21859806901012e+01
70	148	96	122	1.02680000000000e+02	1.63362817986669e+03	3.00000000000000e-02	0.00000000000000e+00	0.00000000000000e+00	7.01288579800351e+01	1.27094325971771e+01
71	149	97	123	7.53500000000000e+01	1.63362817986669e+03	3.00000000000000e-02	0.00000000000000e+00	0.00000000000000e+00	7.04320164175895e+01	2.24986622100127e+00
72	150	98	124	6.03100000000000e+01	1.63362817986669e+03	3.00000000000000e-02	0.00000000000000e+00	0.00000000000000e+00	6.96511601681257e+01	-4.80004765800457e+00
73	151	99	125	4.52800000000000e+01	1.63362817986669e+03	3.00000000000000e-02	0.00000000000000e+00	0.00000000000000e+00	7.00142141333547e+01	-1.45277615529552e+01
74	152	100	126	6.16000000000000e+01	1.63362817986669e+03	3.00000000000000e-02	0.00000000000000e+00	0.00000000000000e+00	7.07616041328803e+01	-4.62182228490529e+00
75	153	101	127	7.79300000000000e+01	1.63362817986669e+03	3.00000000000000e-02	0.00000000000000e+00	0.00000000000000e+00	7.10513694662200e+01	3.08026196050714e+00
76	154	102	128	5.70800000000000e+01	1.63362817986669e+03	3.00000000000000e-02	0.00000000000000e+00	0.00000000000000e+00	7.01322180678723e+01	-6.86428324621022e+00
77	155	103	129	7.93500000000000e+01	1.63362817986669e+03	3.00000000000000e-02	0.00000000000000e+00	0.00000000000000e+00	6.86163335766321e+01	4.84459472656233e+00
78	156	104	130	1.01620000000000e+02	1.63362817986669e+03	3.00000000000000e-02	0.00000000000000e+00	0.00000000000000e+00	6.90363013461477e+01	1.28869297815968e+01
79	157	105	131	7.57900000000000e+01	1.63362817986669e+03	3.00000000000000e-02	0.00000000000000e+00	0.00000000000000e+00	6.79556154557145e+01	3.63705265482768e+00
80	158	106	132	8.34000000000000e+01	1.63362817986669e+03	3.00000000000000e-02	0.00000000000000e+00	0.00000000000000e+00	6.58466921014279e+01	7.87730387601110e+00
81	159	107	133	1.21710000000000e+02	1.63362817986669e+03	3.00000000000000e-02	0.00000000000000e+00	0.00000000000000e+00	6.25186443949581e+01	2.22058781103486e+01
82	160	108	134	8.84800000000000e+01	1.63362817986669e+03	3.00000000000000e-02	0.00000000000000e+00	0.00000000000000e+00	6.15174527543379e+01	1.21151872865804e+01
83	161	109	135	7.02900000000000e+01	1.63362817986669e+03	3.00000000000000e-02	0.00000000000000e+00	0.00000000000000e+00	6.13166765384635e+01	4.55258957693981e+00
84	162	110	136	5.20900000000000e+01	1.63362817986669e+03	3.00000000000000e-02	0.00000000000000e+00	0.00000000000000e+00	6.00131619367814e+01	-4.71969706736353e+00
85	163	111	137	5.89000000000000e+01	1.63362817986669e+03	3.00000000000000e-02	0.00000000000000e+00	0.00000000000000e+00	5.83315758354073e+01	3.23251146396153e-01
86	164	112	138	4.97800000000000e+01	1.63362817986669e+03	3.00000000000000e-02	0.00000000000000e+00	0.00000000000000e+00	5.61830199060741e+01	-4.03337591350178e+00
87	165	113	139	6.75800000000000e+01	1.63362817986669e+03	3.00000000000000e-02	0.00000000000000e+00	0.00000000000000e+00	5.52481555521127e+01	6.71590417058991e+00
88	166	114	140	4.62400000000000e+01	1.63362817986669e+03	3.00000000000000e-02	0.00000000000000e+00	0.00000000000000e+00	5.25429218178708e+01	-4.25950565500776e+00
89	167	115	141	5.52300000000000e+01	1.63362817986669e+03	3.00000000000000e-02	0.00000000000000e+00	0.00000000000000e+00	5.11305568208927e+01	2.57079948611163e+00
1	81	27	54	6.42200000000000e+01	1.69646003293849e+03	3.00000000000000e-02	0.00000000000000e+00	0.00000000000000e+00	9.94962023133651e+01	-1.45934929023300e+01
3	82	28	55	8.64300000000000e+01	1.69646003293849e+03	3.00000000000000e-02	0.00000000000000e+00	0.00000000000000e+00	9.97661477399408e+01	-4.78313623362006e+00
4	83	29	56	7.03200000000000e+01	1.69646003293849e+03	3.00000000000000e-02	0.00000000000000e+00	0.00000000000000e+00	9.81264546746929e+01	-1.11066915775337e+01
2	84	30	57	5.42100000000000e+01	1.69646003293849e+03	3.00000000000000e-02	0.00000000000000e+00	0.00000000000000e+00	9.85796796283235e+01	-1.99333252711620e+01
5	85	31	58	6.71100000000000e+01	1.69646003293849e+03	3.00000000000000e-02	0.00000000000000e+00	0.00000000000000e+00	1.00547320377533e+02	-1.34765134013940e+01
6	86	32	59	8.00200000000000e+01	1.69646003293849e+03	3.00000000000000e-02	0.00000000000000e+00	0.00000000000000e+00	1.00900007699842e+02	-7.72844667473607e+00
7	87	33	60	1.06510000000000e+02	1.69646003293849e+03	3.00000000000000e-02	0.00000000000000e+00	0.00000000000000e+00	1.01340654150025e+02	1.65837408083126e+00
8	88	34	61	1.33000000000000e+02	1.69646003293849e+03	3.00000000000000e-02	0.00000000000000e+00	0.00000000000000e+00	1.01197945410695e+02	9.10902246134482e+00
9	89	35	62	9.93200000000000e+01	1.69646003293849e+03	3.00000000000000e-02	0.00000000000000e+00	0.00000000000000e+00	1.01813002976958e+02	-8.26362197934690e-01
10	90	36	63	9.98800000000000e+01	1.69646003293849e+03	3.00000000000000e-02	0.00000000000000e+00	0.00000000000000e+00	9.97222861411110e+01	5.26760472068529e-02
11	91	37	64	1.00430000000000e+02	1.69646003293849e+03	3.00000000000000e-02	0.00000000000000e+00	0.00000000000000e+00	9.67734720654586e+01	1.23626865305108e+00
12	92	38	65	1.03380000000000e+02	1.69646003293849e+03	3.00000000000000e-02	0.00000000000000e+00	0.00000000000000e+00	9.72829512361086e+01	2.02625881559915e+00
13	93	39	66	1.13680000000000e+02	1.69646003293849e+03	3.00000000000000e-02	0.00000000000000e+00	0.00000000000000e+00	9.71931223194608e+01	5.22291776187194e+00
14	94	40	67	8.96700000000000e+01	1.69646003293849e+03	3.00000000000000e-02	0.00000000000000e+00	0.00000000000000e+00	9.65890240346975e+01	-2.47762823232449e+00
15	95	41	68	1.23810000000000e+02	1.69646003293849e+03	3.00000000000000e-02	0.00000000000000e+00	0.00000000000000e+00	9.58767620595298e+01	8.52281647322254e+00
16	97	43	70	1.57950000000000e+02	1.69646003293849e+03	3.00000000000000e-02	0.00000000000000e+00	0.00000000000000e+00	9.49789357875396e+01	1.69541129595059e+01
18	98	44	71	1.77520000000000e+02	1.69646003293849e+03	3.00000000000000e-02	0.00000000000000e+00	0.00000000000000e+00	9.38825534313074e+01	2.12346236375524e+01
19	99	45	72	1.97100000000000e+02	1.69646003293849e+03	3.00000000000000e-02	0.00000000000000e+00	0.00000000000000e+00	9.26311781039273e+01	2.51695144196476e+01
17	100	46	73	1.88290000000000e+02	1.69646003293849e+03	3.00000000000000e-02	0.00000000000000e+00	0.00000000000000e+00	9.08455733957270e+01	2.42940752723678e+01
20	101	47	74	1.79480000000000e+02	1.69646003293849e+03	3.00000000000000e-02	0.00000000000000e+00	0.00000000000000e+00	8.90583344308174e+01	2.33590727680575e+01
21	102	48	75	1.26350000000000e+02	1.69646003293849e+03	3.00000000000000e-02	0.00000000000000e+00	0.00000000000000e+00	8.69368858425226e+01	1.24624476177271e+01
22	103	49	76	1.34780000000000e+02	1.69646003293849e+03	3.00000000000000e-02	0.00000000000000e+00	0.00000000000000e+00	8.38091385080727e+01	1.58367255522241e+01
23	104	50	77	1.43200000000000e+02	1.69646003293849e+03	3.00000000000000e-02	0.00000000000000e+00	0.00000000000000e+00	8.02416319020814e+01	1.93066591105649e+01
24	105	51	78	1.15170000000000e+02	1.69646003293849e+03	3.00000000000000e-02	0.00000000000000e+00	0.00000000000000e+00	7.59739211190256e+01	1.38673053150763e+01
25	106	52	79	8.43100000000000e+01	1.69646003293849e+03	3.00000000000000e-02	0.00000000000000e+00	0.00000000000000e+00	7.13787330917056e+01	5.55001709384593e+00
26	107	53	80	6.03200000000000e+01	1.69646003293849e+03	3.00000000000000e-02	0.00000000000000e+00	0.00000000000000e+00	6.59443256411792e+01	-2.97157038154126e+00
27	108	54	81	4.35500000000000e+01	1.69646003293849e+03	3.00000000000000e-02	0.00000000000000e+00	0.00000000000000e+00	6.19452294165500e+01	-1.17446964938226e+01
28	109	55	82	5.15900000000000e+01	1.69646003293849e+03	3.00000000000000e-02	0.00000000000000e+00	0.00000000000000e+00	5.96628351708684e+01	-4.84604816136118e+00
29	110	56	83	5.96300000000000e+01	1.69646003293849e+03	3.00000000000000e-02	0.00000000000000e+00	0.00000000000000e+00	5.74830330659127e+01	1.22229919966962e+00
30	111	57	84	4.14700000000000e+01	1.69646003293849e+03	3.00000000000000e-02	0.00000000000000e+00	0.00000000000000e+00	5.52963320505501e+01	-9.59121012901232e+00
31	112	58	85	3.40300000000000e+01	1.69646003293849e+03	3.00000000000000e-02	0.00000000000000e+00	0.00000000000000e+00	5.26230798691212e+01	-1.45304105258829e+01
32	113	59	86	3.72900000000000e+01	1.69646003293849e+03	3.00000000000000e-02	0.00000000000000e+00	0.00000000000000e+00	5.09739306350099e+01	-1.04196381275106e+01
33	114	60	87	4.05400000000000e+01	1.69646003293849e+03	3.00000000000000e-02	0.00000000000000e+00	0.00000000000000e+00	5.09320129878376e+01	-7.60675078969300e+00
34	115	61	88	5.44900000000000e+01	1.69646003293849e+03	3.00000000000000e-02	0.00000000000000e+00	0.00000000000000e+00	5.13060687983527e+01	2.00693844174585e+00
35	116	62	89	5.42400000000000e+01	1.69646003293849e+03	3.00000000000000e-02	0.00000000000000e+00	0.00000000000000e+00	5.08622199299534e+01	2.14327455782538e+00
36	117	63	90	5.06700000000000e+01	1.69646003293849e+03	3.00000000000000e-02	0.00000000000000e+00	0.00000000000000e+00	5.22819378349452e+01	-1.04389783497411e+00
37	118	64	91	4.39600000000000e+01	1.69646003293849e+03	3.00000000000000e-02	0.00000000000000e+00	0.00000000000000e+00	5.42694651393926e+01	-7.02272009810020e+00
38	119	65	92	4.24500000000000e+01	1.69646003293849e+03	3.00000000000000e-02	0.00000000000000e+00	0.00000000000000e+00	5.40416247851492e+01	-8.04758887417227e+00
39	120	66	93	3.95500000000000e+01	1.69646003293849e+03	3.00000000000000e-02	0.00000000000000e+00	0.00000000000000e+00	5.41369175225348e+01	-1.04650217681882e+01
40	121	67	94	5.48900000000000e+01	1.69646003293849e+03	3.00000000000000e-02	0.00000000000000e+00	0.00000000000000e+00	5.48320325437596e+01	3.52207970691391e-02
41	122	68	95	6.35400000000000e+01	1.69646003293849e+03	3.00000000000000e-02	0.00000000000000e+00	0.00000000000000e+00	5.64129230632645e+01	3.96571214189250e+00
42	123	69	96	4.97700000000000e+01	1.69646003293849e+03	3.00000000000000e-02	0.00000000000000e+00	0.00000000000000e+00	5.61048727099843e+01	-3.99367578205883e+00
43	124	70	97	5.90400000000000e+01	1.69646003293849e+03	3.00000000000000e-02	0.00000000000000e+00	0.00000000000000e+00	5.88373738491239e+01	1.14597254097829e-01
44	125	71	98	6.83100000000000e+01	1.69646003293849e+03	3.00000000000000e-02	0.00000000000000e+00	0.00000000000000e+00	5.94322468655959e+01	4.64064043847090e+00
45	126	72	99	1.00630000000000e+02	1.69646003293849e+03	3.00000000000000e-02	0.00000000000000e+00	0.00000000000000e+00	5.93404912810673e+01	1.76052843343028e+01
46	127	73	100	7.77900000000000e+01	1.69646003293849e+03	3.00000000000000e-02	0.00000000000000e+00	0.00000000000000e+00	5.96396299547746e+01	8.85642009965689e+00
47	128	74	101	8.84900000000000e+01	1.69646003293849e+03	3.00000000000000e-02	0.00000000000000e+00	0.00000000000000e+00	5.99208442993777e+01	1.29955040575337e+01
48	129	75	102	7.55300000000000e+01	1.69646003293849e+03	3.00000000000000e-02	0.00000000000000e+00	0.00000000000000e+00	6.02169618572189e+01	7.55252857571564e+00
49	130	76	103	6.25700000000000e+01	1.69646003293849e+03	3.00000000000000e-02	0.00000000000000e+00	0.00000000000000e+00	6.15192594308813e+01	5.64521424829234e-01
50	131	77	104	7.30000000000000e+01	1.69646003293849e+03	3.00000000000000e-02	0.00000000000000e+00	0.00000000000000e+00	6.34003292933184e+01	4.69967952725924e+00
51	132	78	105	8.34200000000000e+01	1.69646003293849e+03	3.00000000000000e-02	0.00000000000000e+00	0.00000000000000e+00	6.55478696150128e+01	8.03691264131974e+00
52	133	79	106	7.91700000000000e+01	1.69646003293849e+03	3.00000000000000e-02	0.00000000000000e+00	0.00000000000000e+00	6.81486811171708e+01	4.99685446247096e+00
53	134	80	107	7.49300000000000e+01	1.69646003293849e+03	3.00000000000000e-02	0.00000000000000e+00	0.00000000000000e+00	7.14866385858887e+01	1.56812616879372e+00
54	135	81	108	7.51400000000000e+01	1.69646003293849e+03	3.00000000000000e-02	0.00000000000000e+00	0.00000000000000e+00	7.28930480819172e+01	1.01199226888197e+00
55	136	82	109	5.38700000000000e+01	1.69646003293849e+03	3.00000000000000e-02	0.00000000000000e+00	0.00000000000000e+00	7.23356477277806e+01	-9.82477746348791e+00
56	137	83	110	6.85900000000000e+01	1.69646003293849e+03	3.00000000000000e-02	0.00000000000000e+00	0.00000000000000e+00	7.19680674869743e+01	-1.60252540003650e+00
57	138	84	111	8.33100000000000e+01	1.69646003293849e+03	3.00000000000000e-02	0.00000000000000e+00	0.00000000000000e+00	7.29281400218950e+01	4.43646723078451e+00
58	139	85	112	1.19730000000000e+02	1.69646003293849e+03	3.00000000000000e-02	0.00000000000000e+00	0.00000000000000e+00	7.57719714203371e+01	1.52503584547509e+01
59	140	86	113	9.47700000000000e+01	1.69646003293849e+03	3.00000000000000e-02	0.00000000000000e+00	0.00000000000000e+00	7.76229321082581e+01	6.65300010301471e+00
60	141	87	114	1.00340000000000e+02	1.69646003293849e+03	3.00000000000000e-02	0.00000000000000e+00	0.00000000000000e+00	7.74188682024172e+01	8.64446309812494e+00
61	142	88	115	1.13620000000000e+02	1.69646003293849e+03	3.00000000000000e-02	0.00000000000000e+00	0.00000000000000e+00	7.68527043416732e+01	1.30322962630465e+01
62	143	89	116	9.90000000000000e+01	1.69646003293849e+03	3.00000000000000e-02	0.00000000000000e+00	0.00000000000000e+00	7.70904417632682e+01	8.33801830641698e+00
63	144	90	117	8.43800000000000e+01	1.69646003293849e+03	3.00000000000000e-02	0.00000000000000e+00	0.00000000000000e+00	7.70977200582452e+01	3.00855659310442e+00
64	145	91	118	1.00780000000000e+02	1.69646003293849e+03	3.00000000000000e-02	0.00000000000000e+00	0.00000000000000e+00	7.58472954184979e+01	9.47392916893183e+00
65	146	92	119	7.34800000000000e+01	1.69646003293849e+03	3.00000000000000e-02	0.00000000000000e+00	0.00000000000000e+00	7.49556884724774e+01	-6.62795273976258e-01
66	147	93	120	1.05440000000000e+02	1.69646003293849e+03	3.00000000000000e-02	0.00000000000000e+00	0.00000000000000e+00	7.35099748926283e+01	1.20240320306228e+01
67	148	94	121	7.49900000000000e+01	1.69646003293849e+03	3.00000000000000e-02	0.00000000000000e+00	0.00000000000000e+00	7.26380697519320e+01	1.06218700572054e+00
68	149	95	122	9.36700000000000e+01	1.69646003293849e+03	3.00000000000000e-02	0.00000000000000e+00	0.00000000000000e+00	7.18465565543953e+01	8.84150937742042e+00
69	150	96	123	6.33300000000000e+01	1.69646003293849e+03	3.00000000000000e-02	0.00000000000000e+00	0.00000000000000e+00	7.18266454093037e+01	-4.19654542207356e+00
70	151	97	124	4.82000000000000e+01	1.69646003293849e+03	3.00000000000000e-02	0.00000000000000e+00	0.00000000000000e+00	7.14852908134589e+01	-1.31377561530288e+01
71	152	98	125	7.90400000000000e+01	1.69646003293849e+03	3.00000000000000e-02	0.00000000000000e+00	0.00000000000000e+00	7.26246272481305e+01	2.82166569455239e+00
72	153	99	126	1.09870000000000e+02	1.69646003293849e+03	3.00000000000000e-02	0.00000000000000e+00	0.00000000000000e+00	7.40777031785414e+01	1.31394421154947e+01
73	154	100	127	1.07960000000000e+02	1.69646003293849e+03	3.00000000000000e-02	0.00000000000000e+00	0.00000000000000e+00	7.45023959898201e+01	1.23643167448087e+01
74	155	101	128	1.06050000000000e+02	1.69646003293849e+03	3.00000000000000e-02	0.00000000000000e+00	0.00000000000000e+00	7.47731463196585e+01	1.16483955636724e+01
75	156	102	129	1.20800000000000e+02	1.69646003293849e+03	3.00000000000000e-02	0.00000000000000e+00	0.00000000000000e+00	7.40601789708699e+01	1.63086097817426e+01
76	157	103	130	1.35550000000000e+02	1.69646003293849e+03	3.00000000000000e-02	0.00000000000000e+00	0.00000000000000e+00	7.31205660697639e+01	2.05743635724809e+01
77	158	104	131	1.89730000000000e+02	1.69646003293849e+03	3.00000000000000e-02	0.00000000000000e+00	0.00000000000000e+00	7.23499111250178e+01	3.21362594734217e+01
78	159	105	132	1.28150000000000e+02	1.69646003293849e+03	3.00000000000000e-02	0.00000000000000e+00	0.00000000000000e+00	7.16630639818811e+01	1.93741994878123e+01
79	160	106	133	9.04200000000000e+01	1.69646003293849e+03	3.00000000000000e-02	0.00000000000000e+00	0.00000000000000e+00	6.84129167327067e+01	9.29679446482504e+00
80	161	107	134	7.75400000000000e+01	1.69646003293849e+03	3.00000000000000e-02	0.00000000000000e+00	0.00000000000000e+00	6.44582220058163e+01	6.15922130476276e+00
81	162	108	135	5.85200000000000e+01	1.69646003293849e+03	3.00000000000000e-02	0.00000000000000e+00	0.00000000000000e+00	6.21041877017674e+01	-1.98149484416517e+00
82	163	109	136	6.02300000000000e+01	1.69646003293849e+03	3.00000000000000e-02	0.00000000000000e+00	0.00000000000000e+00	6.18452141310776e+01	-8.82138338278822e-01
83	164	110	137	6.19400000000000e+01	1.69646003293849e+03	3.00000000000000e-02	0.00000000000000e+00	0.00000000000000e+00	6.10165615695333e+01	5.00694869387382e-01
84	165	111	138	8.18900000000000e+01	1.69646003293849e+03	3.00000000000000e-02	0.00000000000000e+00	0.00000000000000e+00	5.90887436403909e+01	1.08778813315987e+01
85	166	112	139	6.90900000000000e+01	1.69646003293849e+03	3.00000000000000e-02	0.00000000000000e+00	0.00000000000000e+00	5.47208181294399e+01	7.77219260340907e+00
86	167	113	140	7.77300000000000e+01	1.69646003293849e+03	3.00000000000000e-02	0.00000000000000e+00	0.00000000000000e+00	5.14209940259748e+01	1.37731583362158e+01
1	84	28	56	8.63700000000000e+01	1.75929188601028e+03	3.00000000000000e-02	0.00000000000000e+00	0.00000000000000e+00	9.98708362668195e+01	-4.84124401605352e+00
3	85	29	57	9.23800000000000e+01	1.75929188601028e+03	3.00000000000000e-02	0.00000000000000e+00	0.00000000000000e+00	1.01165447628476e+02	-3.02822556518298e+00
4	86	30	58	1.23960000000000e+02	1.75929188601028e+03	3.00000000000000e-02	0.00000000000000e+00	0.00000000000000e+00	1.02591186371740e+02	6.30689688940951e+00
2	87	31	59	1.00000000000000e+02	1.75929188601028e+03	3.00000000000000e-02	0.00000000000000e+00	0.00000000000000e+00	1.02770940118993e+02	-9.11081446767644e-01
5	88	32	60	9.75400000000000e+01	1.75929188601028e+03	3.00000000000000e-02	0.00000000000000e+00	0.00000000000000e+00	1.03223860401033e+02	-1.88791604926877e+00
6	89	33	61	9.50700000000000e+01	1.75929188601028e+03	3.00000000000000e-02	0.00000000000000e+00	0.00000000000000e+00	1.03945453612859e+02	-2.97509382295305e+00
7	90	34	62	1.11100000000000e+02	1.75929188601028e+03	3.00000000000000e-02	0.00000000000000e+00	0.00000000000000e+00	1.04972953056759e+02	1.89093232018912e+00
8	91	35	63	1.27120000000000e+02	1.75929188601028e+03	3.00000000000000e-02	0.00000000000000e+00	0.00000000000000e+00	1.05153720165203e+02	6.32360803676987e+00
9	92	36	64	1.54740000000000e+02	1.75929188601028e+03	3.00000000000000e-02	0.00000000000000e+00	0.00000000000000e+00	1.03529372186369e+02	1.33963642478716e+01
10	93	37	65	1.62530000000000e+02	1.75929188601028e+03	3.00000000000000e-02	0.00000000000000e+00	0.00000000000000e+00	1.00964278381462e+02	1.58698608408199e+01
11	94	38	66	1.13560000000000e+02	1.75929188601028e+03	3.00000000000000e-02	0.00000000000000e+00	0.00000000000000e+00	9.93835872994482e+01	4.44481164291538e+00
12	95	39	67	9.15100000000000e+01	1.75929188601028e+03	3.00000000000000e-02	0.00000000000000e+00	0.00000000000000e+00	9.78814350315011e+01	-2.24362145568996e+00
13	96	40	68	1.26920000000000e+02	1.75929188601028e+03	3.00000000000000e-02	0.00000000000000e+00	0.00000000000000e+00	9.87505479477184e+01	8.36533380371677e+00
14	97	41	69	1.62340000000000e+02	1.75929188601028e+03	3.00000000000000e-02	0.00000000000000e+00	0.00000000000000e+00	1.00047411088145e+02	1.61349572272849e+01
15	98	42	70	1.15900000000000e+02	1.75929188601028e+03	3.00000000000000e-02	0.00000000000000e+00	0.00000000000000e+00	1.00240733430889e+02	4.83843743453238e+00
16	100	44	72	1.48040000000000e+02	1.75929188601028e+03	3.00000000000000e-02	0.00000000000000e+00	0.00000000000000e+00	9.74296588858695e+01	1.39450612402309e+01
18	101	45	73	1.79530000000000e+02	1.75929188601028e+03	3.00000000000000e-02	0.00000000000000e+00	0.00000000000000e+00	9.49563057304730e+01	2.12308492922042e+01
19	102	46	74	1.24490000000000e+02	1.75929188601028e+03	3.00000000000000e-02	0.00000000000000e+00	0.00000000000000e+00	9.16904584905445e+01	1.01935689634065e+01
17	103	47	75	1.08690000000000e+02	1.75929188601028e+03	3.00000000000000e-02	0.00000000000000e+00	0.00000000000000e+00	8.91100250919592e+01	6.62093167888020e+00
20	104	48	76	9.28800000000000e+01	1.75929188601028e+03	3.00000000000000e-02	0.00000000000000e+00	0.00000000000000e+00	8.68581022582780e+01	2.23441862676775e+00
21	105	49	77	8.38300000000000e+01	1.75929188601028e+03	3.00000000000000e-02	0.00000000000000e+00	0.00000000000000e+00	8.44371036497128e+01	-2.40532768393050e-01
22	106	50	78	7.47900000000000e+01	1.75929188601028e+03	3.00000000000000e-02	0.00000000000000e+00	0.00000000000000e+00	7.97671021432179e+01	-2.14756598026075e+00
23	107	51	79	9.61300000000000e+01	1.75929188601028e+03	3.00000000000000e-02	0.00000000000000e+00	0.00000000000000e+00	7.36212669098012e+01	8.89225018342765e+00
24	108	52	80	7.27100000000000e+01	1.75929188601028e+03	3.00000000000000e-02	0.00000000000000e+00	0.00000000000000e+00	6.95677756758479e+01	1.47258198997082e+00
25	109	53	81	4.92800000000000e+01	1.75929188601028e+03	3.00000000000000e-02	0.00000000000000e+00	0.00000000000000e+00	6.58603155160303e+01	-9.66725828065000e+00
26	110	54	82	5.30600000000000e+01	1.75929188601028e+03	3.00000000000000e-02	0.00000000000000e+00	0.00000000000000e+00	6.16878624524039e+01	-5.02212813627957e+00
27	111	55	83	3.91400000000000e+01	1.75929188601028e+03	3.00000000000000e-02	0.00000000000000e+00	0.00000000000000e+00	5.88557247814939e+01	-1.35981381505907e+01
28	112	56	84	2.86800000000000e+01	1.75929188601028e+03	3.00000000000000e-02	0.00000000000000e+00	0.00000000000000e+00	5.62420174384979e+01	-2.24488034359379e+01
29	113	57	85	3.50000000000000e+01	1.75929188601028e+03	3.00000000000000e-02	0.00000000000000e+00	0.00000000000000e+00	5.37583580228497e+01	-1.43050363843104e+01
30	114	58	86	4.13200000000000e+01	1.75929188601028e+03	3.00000000000000e-02	0.00000000000000e+00	0.00000000000000e+00	5.25462853621550e+01	-8.01159209626879e+00
31	115	59	87	3.97000000000000e+01	1.75929188601028e+03	3.00000000000000e-02	0.00000000000000e+00	0.00000000000000e+00	5.28686802606711e+01	-9.54866400910441e+00
32	116	60	88	5.09500000000000e+01	1.75929188601028e+03	3.00000000000000e-02	0.00000000000000e+00	0.00000000000000e+00	5.29355701729609e+01	-1.27435857529818e+00
33	117	61	89	5.42900000000000e+01	1.75929188601028e+03	3.00000000000000e-02	0.00000000000000e+00	0.00000000000000e+00	5.27140321785702e+01	9.81945418811063e-01
34	118	62	90	4.36900000000000e+01	1.75929188601028e+03	3.00000000000000e-02	0.00000000000000e+00	0.00000000000000e+00	5.22539248135233e+01	-5.96652537029333e+00
35	119	63	91	4.02900000000000e+01	1.75929188601028e+03	3.00000000000000e-02	0.00000000000000e+00	0.00000000000000e+00	5.27002821154975e+01	-8.95058365216593e+00
36	120	64	92	4.34500000000000e+01	1.75929188601028e+03	3.00000000000000e-02	0.00000000000000e+00	0.00000000000000e+00	5.41732245836007e+01	-7.35253077658996e+00
37	121	65	93	4.66100000000000e+01	1.75929188601028e+03	3.00000000000000e-02	0.00000000000000e+00	0.00000000000000e+00	5.54073229216588e+01	-5.76322191115492e+00
38	122	66	94	3.82400000000000e+01	1.75929188601028e+03	3.00000000000000e-02	0.00000000000000e+00	0.00000000000000e+00	5.59284841838737e+01	-1.26730572753463e+01
39	123	67	95	4.43800000000000e+01	1.75929188601028e+03	3.00000000000000e-02	0.00000000000000e+00	0.00000000000000e+00	5.67229273346706e+01	-8.17965245534714e+00
40	124	68	96	4.07100000000000e+01	1.75929188601028e+03	3.00000000000000e-02	0.00000000000000e+00	0.00000000000000e+00	5.65471071682707e+01	-1.09533427815785e+01
41	125	69	97	5.40200000000000e+01	1.75929188601028e+03	3.00000000000000e-02	0.00000000000000e+00	0.00000000000000e+00	5.64478262397409e+01	-1.46541445930789e+00
42	126	70	98	4.44400000000000e+01	1.75929188601028e+03	3.00000000000000e-02	0.00000000000000e+00	0.00000000000000e+00	5.64886062531567e+01	-7.99663312696148e+00
43	127	71	99	3.48500000000000e+01	1.75929188601028e+03	3.00000000000000e-02	0.00000000000000e+00	0.00000000000000e+00	5.77135689518689e+01	-1.68146390823800e+01
44	128	72	100	3.24900000000000e+01	1.75929188601028e+03	3.00000000000000e-02	0.00000000000000e+00	0.00000000000000e+00	5.85703720315971e+01	-1.96432207438136e+01
45	129	73	101	4.46200000000000e+01	1.75929188601028e+03	3.00000000000000e-02	0.00000000000000e+00	0.00000000000000e+00	5.96698791465651e+01	-9.68817223880462e+00
46	130	74	102	5.67500000000000e+01	1.75929188601028e+03	3.00000000000000e-02	0.00000000000000e+00	0.00000000000000e+00	6.11387181028499e+01	-2.48298977646773e+00
47	131	75	103	5.29400000000000e+01	1.75929188601028e+03	3.00000000000000e-02	0.00000000000000e+00	0.00000000000000e+00	6.18252370588427e+01	-5.17174836512213e+00
48	132	76	104	4.91200000000000e+01	1.75929188601028e+03	3.00000000000000e-02	0.00000000000000e+00	0.00000000000000e+00	6.25821834274396e+01	-8.07381146576017e+00
49	133	77	105	3.65600000000000e+01	1.75929188601028e+03	3.00000000000000e-02	0.00000000000000e+00	0.00000000000000e+00	6.33907421206545e+01	-1.83454360287087e+01
50	134	78	106	7.07400000000000e+01	1.75929188601028e+03	3.00000000000000e-02	0.00000000000000e+00	0.00000000000000e+00	6.59830101742163e+01	2.32046321641069e+00
51	135	79	107	1.04910000000000e+02	1.75929188601028e+03	3.00000000000000e-02	0.00000000000000e+00	0.00000000000000e+00	7.01612307376787e+01	1.34102316654063e+01
52	136	80	108	1.05590000000000e+02	1.75929188601028e+03	3.00000000000000e-02	0.00000000000000e+00	0.00000000000000e+00	7.23573939596325e+01	1.25982008290111e+01
53	137	81	109	8.59600000000000e+01	1.75929188601028e+03	3.00000000000000e-02	0.00000000000000e+00	0.00000000000000e+00	7.36131386210585e+01	5.16861826993689e+00
54	138	82	110	6.63300000000000e+01	1.75929188601028e+03	3.00000000000000e-02	0.00000000000000e+00	0.00000000000000e+00	7.49507763937937e+01	-4.07297665935404e+00
55	139	83	111	4.74800000000000e+01	1.75929188601028e+03	3.00000000000000e-02	0.00000000000000e+00	0.00000000000000e+00	7.52419683551615e+01	-1.53466865123130e+01
56	140	84	112	5.44800000000000e+01	1.75929188601028e+03	3.00000000000000e-02	0.00000000000000e+00	0.00000000000000e+00	7.62957035392790e+01	-1.12260988254163e+01
57	141	85	113	7.39000000000000e+01	1.75929188601028e+03	3.00000000000000e-02	0.00000000000000e+00	0.00000000000000e+00	7.84997418976993e+01	-2.01275029671345e+00
58	142	86	114	9.33100000000000e+01	1.75929188601028e+03	3.00000000000000e-02	0.00000000000000e+00	0.00000000000000e+00	7.95066218695939e+01	5.33623236990790e+00
59	143	87	115	6.37800000000000e+01	1.75929188601028e+03	3.00000000000000e-02	0.00000000000000e+00	0.00000000000000e+00	7.84206117024179e+01	-6.88823785295763e+00
60	144	88	116	5.36800000000000e+01	1.75929188601028e+03	3.00000000000000e-02	0.00000000000000e+00	0.00000000000000e+00	7.76260129566522e+01	-1.22954032288711e+01
61	145	89	117	7.79400000000000e+01	1.75929188601028e+03	3.00000000000000e-02	0.00000000000000e+00	0.00000000000000e+00	7.69758180270684e+01	4.14932632597479e-01
62	146	90	118	5.91900000000000e+01	1.75929188601028e+03	3.00000000000000e-02	0.00000000000000e+00	0.00000000000000e+00	7.67955980936758e+01	-8.67982377732481e+00
63	147	91	119	4.04300000000000e+01	1.75929188601028e+03	3.00000000000000e-02	0.00000000000000e+00	0.00000000000000e+00	7.51511234233997e+01	-2.06642993838356e+01
64	148	92	120	3.82800000000000e+01	1.75929188601028e+03	3.00000000000000e-02	0.00000000000000e+00	0.00000000000000e+00	7.47838416763049e+01	-2.23224758229887e+01
65	149	93	121	4.83100000000000e+01	1.75929188601028e+03	3.00000000000000e-02	0.00000000000000e+00	0.00000000000000e+00	7.56983112034424e+01	-1.49705757519595e+01
66	150	94	122	5.83300000000000e+01	1.75929188601028e+03	3.00000000000000e-02	0.00000000000000e+00	0.00000000000000e+00	7.53047423900267e+01	-8.51421906681272e+00
67	151	95	123	8.05400000000000e+01	1.75929188601028e+03	3.00000000000000e-02	0.00000000000000e+00	0.00000000000000e+00	7.34050944591486e+01	3.09202051369963e+00
68	152	96	124	1.08740000000000e+02	1.75929188601028e+03	3.00000000000000e-02	0.00000000000000e+00	0.00000000000000e+00	7.26177177382856e+01	1.34583591226502e+01
69	153	97	125	1.36950000000000e+02	1.75929188601028e+03	3.00000000000000e-02	0.00000000000000e+00	0.00000000000000e+00	7.42033813001390e+01	2.04268725497100e+01
70	154	98	126	1.32150000000000e+02	1.75929188601028e+03	3.00000000000000e-02	0.00000000000000e+00	0.00000000000000e+00	7.54008938287515e+01	1.87039503871309e+01
71	155	99	127	1.06510000000000e+02	1.75929188601028e+03	3.00000000000000e-02	0.00000000000000e+00	0.00000000000000e+00	7.67606068471639e+01	1.09182433524485e+01
72	156	100	128	8.08800000000000e+01	1.75929188601028e+03	3.00000000000000e-02	0.00000000000000e+00	0.00000000000000e+00	7.81518887754123e+01	1.14374498484861e+00
73	157	101	129	1.04050000000000e+02	1.75929188601028e+03	3.00000000000000e-02	0.00000000000000e+00	0.00000000000000e+00	7.87927074731985e+01	9.26837016715680e+00
74	158	102	130	1.27220000000000e+02	1.75929188601028e+03	3.00000000000000e-02	0.00000000000000e+00	0.00000000000000e+00	7.84938490616512e+01	1.60965868478271e+01
75	159	103	131	8.59300000000000e+01	1.75929188601028e+03	3.00000000000000e-02	0.00000000000000e+00	0.00000000000000e+00	7.62302745545631e+01	3.99247745570521e+00
76	160	104	132	7.39700000000000e+01	1.75929188601028e+03	3.00000000000000e-02	0.00000000000000e+00	0.00000000000000e+00	7.53194780838601e+01	-6.02638961612900e-01
77	161	105	133	6.20000000000000e+01	1.75929188601028e+03	3.00000000000000e-02	0.00000000000000e+00	0.00000000000000e+00	7.31975150440874e+01	-5.53423626202667e+00
78	162	106	134	5.07200000000000e+01	1.75929188601028e+03	3.00000000000000e-02	0.00000000000000e+00	0.00000000000000e+00	6.87697524588619e+01	-1.01481231215022e+01
79	163	107	135	5.80200000000000e+01	1.75929188601028e+03	3.00000000000000e-02	0.00000000000000e+00	0.00000000000000e+00	6.43400021338019e+01	-3.44645920940302e+00
80	164	108	136	6.53200000000000e+01	1.75929188601028e+03	3.00000000000000e-02	0.00000000000000e+00	0.00000000000000e+00	6.41432255251308e+01	6.05992875944287e-01
81	165	109	137	9.12000000000000e+01	1.75929188601028e+03	3.00000000000000e-02	0.00000000000000e+00	0.00000000000000e+00	6.42256834455894e+01	1.16883904238296e+01
82	166	110	138	6.09400000000000e+01	1.75929188601028e+03	3.00000000000000e-02	0.00000000000000e+00	0.00000000000000e+00	5.98596220093144e+01	5.96252857724119e-01
83	167	111	139	6.00200000000000e+01	1.75929188601028e+03	3.00000000000000e-02	0.00000000000000e+00	0.00000000000000e+00	5.70642761169761e+01	1.68331854412234e+00
1	87	29	58	8.76000000000000e+01	1.82212373908208e+03	3.00000000000000e-02	0.00000000000000e+00	0.00000000000000e+00	1.03421533870708e+02	-5.53440667955067e+00
3	88	30	59	1.15170000000000e+02	1.82212373908208e+03	3.00000000000000e-02	0.00000000000000e+00	0.00000000000000e+00	1.04422965290260e+02	3.26532241261276e+00
4	89	31	60	7.98500000000000e+01	1.82212373908208e+03	3.00000000000000e-02	0.00000000000000e+00	0.00000000000000e+00	1.04704624599378e+02	-9.03311374145389e+00
2	90	32	61	1.14740000000000e+02	1.82212373908208e+03	3.00000000000000e-02	0.00000000000000e+00	0.00000000000000e+00	1.05810942228969e+02	2.70049204610420e+00
5	91	33	62	1.49640000000000e+02	1.82212373908208e+03	3.00000000000000e-02	0.00000000000000e+00	0.00000000000000e+00	1.07703065652466e+02	1.09618120327670e+01
6	92	34	63	1.27330000000000e+02	1.82212373908208e+03	3.00000000000000e-02	0.00000000000000e+00	0.00000000000000e+00	1.07996938391728e+02	5.48930876958940e+00
7	93	35	64	1.50210000000000e+02	1.82212373908208e+03	3.00000000000000e-02	0.00000000000000e+00	0.00000000000000e+00	1.09400300258194e+02	1.05673560145138e+01
8	94	36	65	1.17390000000000e+02	1.82212373908208e+03	3.00000000000000e-02	0.00000000000000e+00	0.00000000000000e+00	1.07826519020410e+02	2.83260315414848e+00
9	95	37	66	8.45700000000000e+01	1.82212373908208e+03	3.00000000000000e-02	0.00000000000000e+00	0.00000000000000e+00	1.02423940275609e+02	-6.38469610800797e+00
10	96	38	67	1.16490000000000e+02	1.82212373908208e+03	3.00000000000000e-02	0.00000000000000e+00	0.00000000000000e+00	1.00035871474603e+02	5.07588653334393e+00
11	97	39	68	1.48410000000000e+02	1.82212373908208e+03	3.00000000000000e-02	0.00000000000000e+00	0.00000000000000e+00	1.00932335652558e+02	1.28509455204444e+01
12	98	40	69	2.04710000000000e+02	1.82212373908208e+03	3.00000000000000e-02	0.00000000000000e+00	0.00000000000000e+00	1.03305428619798e+02	2.27968138908396e+01
13	99	41	70	1.88510000000000e+02	1.82212373908208e+03	3.00000000000000e-02	0.00000000000000e+00	0.00000000000000e+00	1.03568401150263e+02	1.99639593593332e+01
14	100	42	71	1.27460000000000e+02	1.82212373908208e+03	3.00000000000000e-02	0.00000000000000e+00	0.00000000000000e+00	1.04916384496738e+02	6.48796317001891e+00
15	101	43	72	9.69300000000000e+01	1.82212373908208e+03	3.00000000000000e-02	0.00000000000000e+00	0.00000000000000e+00	1.02891373037656e+02	-1.98949108361601e+00
16	103	45	74	1.45040000000000e+02	1.82212373908208e+03	3.00000000000000e-02	0.00000000000000e+00	0.00000000000000e+00	9.47000861008358e+01	1.42098219019748e+01
18	104	46	75	1.04860000000000e+02	1.82212373908208e+03	3.00000000000000e-02	0.00000000000000e+00	0.00000000000000e+00	9.20894526296111e+01	4.32885704307555e+00
19	105	47	76	1.51300000000000e+02	1.82212373908208e+03	3.00000000000000e-02	0.00000000000000e+00	0.00000000000000e+00	8.95140062462602e+01	1.74956504461948e+01
17	106	48	77	1.14960000000000e+02	1.82212373908208e+03	3.00000000000000e-02	0.00000000000000e+00	0.00000000000000e+00	8.61405364063181e+01	9.62013783395461e+00
20	107	49	78	7.86200000000000e+01	1.82212373908208e+03	3.00000000000000e-02	0.00000000000000e+00	0.00000000000000e+00	8.22020895397849e+01	-1.48515339791209e+00
21	108	50	79	7.27200000000000e+01	1.82212373908208e+03	3.00000000000000e-02	0.00000000000000e+00	0.00000000000000e+00	7.77292484298807e+01	-2.22050547807502e+00
22	109	51	80	8.59600000000000e+01	1.82212373908208e+03	3.00000000000000e-02	0.00000000000000e+00	0.00000000000000e+00	7.29525168828411e+01	5.46910986407963e+00
23	110	52	81	8.18500000000000e+01	1.82212373908208e+03	3.00000000000000e-02	0.00000000000000e+00	0.00000000000000e+00	6.90940140133129e+01	5.64734015595079e+00
24	111	53	82	7.27200000000000e+01	1.82212373908208e+03	3.00000000000000e-02	0.00000000000000e+00	0.00000000000000e+00	6.51523170340353e+01	3.66295274418246e+00
25	112	54	83	4.99700000000000e+01	1.82212373908208e+03	3.00000000000000e-02	0.00000000000000e+00	0.00000000000000e+00	6.07016977885110e+01	-6.48496141582900e+00
26	113	55	84	4.41000000000000e+01	1.82212373908208e+03	3.00000000000000e-02	0.00000000000000e+00	0.00000000000000e+00	5.74357455111357e+01	-8.80690237148401e+00
27	114	56	85	3.82300000000000e+01	1.82212373908208e+03	3.00000000000000e-02	0.00000000000000e+00	0.00000000000000e+00	5.56067214294119e+01	-1.24894511753309e+01
28	115	57	86	4.13400000000000e+01	1.82212373908208e+03	3.00000000000000e-02	0.00000000000000e+00	0.00000000000000e+00	5.48886761489495e+01	-9.44921699205716e+00
29	116	58	87	3.32800000000000e+01	1.82212373908208e+03	3.00000000000000e-02	0.00000000000000e+00	0.00000000000000e+00	5.47710973437523e+01	-1.66068672710425e+01
30	117	59	88	4.97900000000000e+01	1.82212373908208e+03	3.00000000000000e-02	0.00000000000000e+00	0.00000000000000e+00	5.51661110376808e+01	-3.41782245398927e+00
31	118	60	89	6.63000000000000e+01	1.82212373908208e+03	3.00000000000000e-02	0.00000000000000e+00	0.00000000000000e+00	5.55424885976171e+01	5.90138696712759e+00
32	119	61	90	6.10200000000000e+01	1.82212373908208e+03	3.00000000000000e-02	0.00000000000000e+00	0.00000000000000e+00	5.54609056902626e+01	3.18411029070077e+00
33	120	62	91	7.20400000000000e+01	1.82212373908208e+03	3.00000000000000e-02	0.00000000000000e+00	0.00000000000000e+00	5.52985156601772e+01	8.81584845759411e+00
34	121	63	92	5.97800000000000e+01	1.82212373908208e+03	3.00000000000000e-02	0.00000000000000e+00	0.00000000000000e+00	5.47686023958387e+01	2.91846920269518e+00
35	122	64	93	4.75300000000000e+01	1.82212373908208e+03	3.00000000000000e-02	0.00000000000000e+00	0.00000000000000e+00	5.38132699776964e+01	-4.13863333294288e+00
36	123	65	94	4.96100000000000e+01	1.82212373908208e+03	3.00000000000000e-02	0.00000000000000e+00	0.00000000000000e+00	5.49656715193137e+01	-3.41721366199668e+00
37	124	66	95	6.81400000000000e+01	1.82212373908208e+03	3.00000000000000e-02	0.00000000000000e+00	0.00000000000000e+00	5.79829013139230e+01	5.38054166940931e+00
38	125	67	96	5.39300000000000e+01	1.82212373908208e+03	3.00000000000000e-02	0.00000000000000e+00	0.00000000000000e+00	5.90304943318159e+01	-3.01224180385535e+00
39	126	68	97	3.97200000000000e+01	1.82212373908208e+03	3.00000000000000e-02	0.00000000000000e+00	0.00000000000000e+00	5.79193327474570e+01	-1.25732129529983e+01
40	127	69	98	3.82100000000000e+01	1.82212373908208e+03	3.00000000000000e-02	0.00000000000000e+00	0.00000000000000e+00	5.61811037032408e+01	-1.28494401954471e+01
41	128	70	99	3.40200000000000e+01	1.82212373908208e+03	3.00000000000000e-02	0.00000000000000e+00	0.00000000000000e+00	5.64712893681630e+01	-1.68927923085142e+01
42	129	71	100	3.42800000000000e+01	1.82212373908208e+03	3.00000000000000e-02	0.00000000000000e+00	0.00000000000000e+00	5.52903700818137e+01	-1.59345553355094e+01
43	130	72	101	4.85900000000000e+01	1.82212373908208e+03	3.00000000000000e-02	0.00000000000000e+00	0.00000000000000e+00	5.68128863126049e+01	-5.21151410928639e+00
44	131	73	102	6.29000000000000e+01	1.82212373908208e+03	3.00000000000000e-02	0.00000000000000e+00	0.00000000000000e+00	5.93781311495618e+01	1.92067225305082e+00
45	132	74	103	8.75300000000000e+01	1.82212373908208e+03	3.00000000000000e-02	0.00000000000000e+00	0.00000000000000e+00	6.19651814623861e+01	1.15136317921984e+01
46	133	75	104	8.49400000000000e+01	1.82212373908208e+03	3.00000000000000e-02	0.00000000000000e+00	0.00000000000000e+00	6.29089335114924e+01	1.00085648017968e+01
47	134	76	105	8.23500000000000e+01	1.82212373908208e+03	3.00000000000000e-02	0.00000000000000e+00	0.00000000000000e+00	6.39323657465426e+01	8.43842390884853e+00
48	135	77	106	9.27600000000000e+01	1.82212373908208e+03	3.00000000000000e-02	0.00000000000000e+00	0.00000000000000e+00	6.55082014169079e+01	1.15946721704225e+01
49	136	78	107	1.03170000000000e+02	1.82212373908208e+03	3.00000000000000e-02	0.00000000000000e+00	0.00000000000000e+00	6.73368934665236e+01	1.42223277503909e+01
50	137	79	108	1.38610000000000e+02	1.82212373908208e+03	3.00000000000000e-02	0.00000000000000e+00	0.00000000000000e+00	7.01849896562523e+01	2.26843256205769e+01
51	138	80	109	1.66240000000000e+02	1.82212373908208e+03	3.00000000000000e-02	0.00000000000000e+00	0.00000000000000e+00	7.33450776727222e+01	2.72752377468915e+01
52	139	81	110	1.40320000000000e+02	1.82212373908208e+03	3.00000000000000e-02	0.00000000000000e+00	0.00000000000000e+00	7.48495356868732e+01	2.09481873675221e+01
53	140	82	111	1.14400000000000e+02	1.82212373908208e+03	3.00000000000000e-02	0.00000000000000e+00	0.00000000000000e+00	7.62200053063270e+01	1.35359037960474e+01
54	141	83	112	7.88100000000000e+01	1.82212373908208e+03	3.00000000000000e-02	0.00000000000000e+00	0.00000000000000e+00	7.82558222385375e+01	2.35222003631404e-01
55	142	84	113	6.07500000000000e+01	1.82212373908208e+03	3.00000000000000e-02	0.00000000000000e+00	0.00000000000000e+00	7.97330482220756e+01	-9.06390251237426e+00
56	143	85	114	8.50400000000000e+01	1.82212373908208e+03	3.00000000000000e-02	0.00000000000000e+00	0.00000000000000e+00	8.06056210405869e+01	1.78511156650580e+00
57	144	86	115	1.09330000000000e+02	1.82212373908208e+03	3.00000000000000e-02	0.00000000000000e+00	0.00000000000000e+00	8.08358337036775e+01	1.00650159266245e+01
58	145	87	116	7.65500000000000e+01	1.82212373908208e+03	3.00000000000000e-02	0.00000000000000e+00	0.00000000000000e+00	8.02339762541556e+01	-1.56676490412477e+00
59	146	88	117	5.54200000000000e+01	1.82212373908208e+03	3.00000000000000e-02	0.00000000000000e+00	0.00000000000000e+00	7.86538733717960e+01	-1.16705445689271e+01
60	147	89	118	4.60600000000000e+01	1.82212373908208e+03	3.00000000000000e-02	0.00000000000000e+00	0.00000000000000e+00	7.69867936580257e+01	-1.71229667272244e+01
61	148	90	119	5.29200000000000e+01	1.82212373908208e+03	3.00000000000000e-02	0.00000000000000e+00	0.00000000000000e+00	7.59992932903390e+01	-1.20647567395004e+01
62	149	91	120	6.42400000000000e+01	1.82212373908208e+03	3.00000000000000e-02	0.00000000000000e+00	0.00000000000000e+00	7.49384190971319e+01	-5.13468759743825e+00
63	150	92	121	7.55600000000000e+01	1.82212373908208e+03	3.00000000000000e-02	0.00000000000000e+00	0.00000000000000e+00	7.54748479437378e+01	3.75860566589855e-02
64	151	93	122	1.06530000000000e+02	1.82212373908208e+03	3.00000000000000e-02	0.00000000000000e+00	0.00000000000000e+00	7.68361794835606e+01	1.08917006456869e+01
65	152	94	123	8.49700000000000e+01	1.82212373908208e+03	3.00000000000000e-02	0.00000000000000e+00	0.00000000000000e+00	7.74234949863448e+01	3.10026552291480e+00
66	153	95	124	1.11990000000000e+02	1.82212373908208e+03	3.00000000000000e-02	0.00000000000000e+00	0.00000000000000e+00	7.54842418232879e+01	1.31495221565504e+01
67	154	96	125	1.39010000000000e+02	1.82212373908208e+03	3.00000000000000e-02	0.00000000000000e+00	0.00000000000000e+00	7.50499053502696e+01	2.05464192021987e+01
68	155	97	126	1.08750000000000e+02	1.82212373908208e+03	3.00000000000000e-02	0.00000000000000e+00	0.00000000000000e+00	7.64809923944302e+01	1.17336475147079e+01
69	156	98	127	1.58450000000000e+02	1.82212373908208e+03	3.00000000000000e-02	0.00000000000000e+00	0.00000000000000e+00	7.79107615164713e+01	2.36624999177399e+01
70	157	99	128	2.08150000000000e+02	1.82212373908208e+03	3.00000000000000e-02	0.00000000000000e+00	0.00000000000000e+00	7.94092558664383e+01	3.21214679852263e+01
71	158	100	129	1.55760000000000e+02	1.82212373908208e+03	3.00000000000000e-02	0.00000000000000e+00	0.00000000000000e+00	8.12622788517099e+01	2.16878142314497e+01
72	159	101	130	1.21660000000000e+02	1.82212373908208e+03	3.00000000000000e-02	0.00000000000000e+00	0.00000000000000e+00	8.26994375459728e+01	1.28672489341003e+01
73	160	102	131	8.75700000000000e+01	1.82212373908208e+03	3.00000000000000e-02	0.00000000000000e+00	0.00000000000000e+00	8.08245529373296e+01	2.67192270601253e+00
74	161	103	132	7.17700000000000e+01	1.82212373908208e+03	3.00000000000000e-02	0.00000000000000e+00	0.00000000000000e+00	7.80836787080502e+01	-2.81048313846834e+00
75	162	104	133	5.16900000000000e+01	1.82212373908208e+03	3.00000000000000e-02	0.00000000000000e+00	0.00000000000000e+00	7.51923710596097e+01	-1.24928479308726e+01
76	163	105	134	7.29800000000000e+01	1.82212373908208e+03	3.00000000000000e-02	0.00000000000000e+00	0.00000000000000e+00	7.26000207470131e+01	1.74007446868737e-01
77	164	106	135	5.27100000000000e+01	1.82212373908208e+03	3.00000000000000e-02	0.00000000000000e+00	0.00000000000000e+00	6.99076166908175e+01	-9.41231393234022e+00
78	165	107	136	5.25300000000000e+01	1.82212373908208e+03	3.00000000000000e-02	0.00000000000000e+00	0.00000000000000e+00	6.78131668062279e+01	-8.51239806025985e+00
79	166	108	137	5.65400000000000e+01	1.82212373908208e+03	3.00000000000000e-02	0.00000000000000e+00	0.00000000000000e+00	6.50030599868999e+01	-4.64953310812186e+00
80	167	109	138	6.69100000000000e+01	1.82212373908208e+03	3.00000000000000e-02	0.00000000000000e+00	0.00000000000000e+00	6.22483650389255e+01	2.40720540765856e+00
1	90	30	60	9.67100000000000e+01	1.88495559215388e+03	3.00000000000000e-02	0.00000000000000e+00	0.00000000000000e+00	1.05830719030778e+02	-3.00413391864245e+00
3	91	31	61	1.20990000000000e+02	1.88495559215388e+03	3.00000000000000e-02	0.00000000000000e+00	0.00000000000000e+00	1.07536659681070e+02	3.92920292769494e+00
4	92	32	62	9.13300000000000e+01	1.88495559215388e+03	3.00000000000000e-02	0.00000000000000e+00	0.00000000000000e+00	1.09478766194656e+02	-6.04170979060955e+00
2	93	33	63	1.34180000000000e+02	1.88495559215388e+03	3.00000000000000e-02	0.00000000000000e+00	0.00000000000000e+00	1.11428553525929e+02	6.19328573903903e+00
5	94	34	64	1.77020000000000e+02	1.88495559215388e+03	3.00000000000000e-02	0.00000000000000e+00	0.00000000000000e+00	1.12796754450479e+02	1.50225051497615e+01
6	95	35	65	1.30770000000000e+02	1.88495559215388e+03	3.00000000000000e-02	0.00000000000000e+00	0.00000000000000e+00	1.12815691250163e+02	4.92282062337406e+00
7	96	36	66	1.17650000000000e+02	1.88495559215388e+03	3.00000000000000e-02	0.00000000000000e+00	0.00000000000000e+00	1.08825732119187e+02	2.59887667556127e+00
8	97	37	67	1.46240000000000e+02	1.88495559215388e+03	3.00000000000000e-02	0.00000000000000e+00	0.00000000000000e+00	1.03837187222381e+02	1.14141647576276e+01
9	98	38	68	1.74830000000000e+02	1.88495559215388e+03	3.00000000000000e-02	0.00000000000000e+00	0.00000000000000e+00	1.03510703370937e+02	1.74713017213020e+01
10	99	39	69	1.27440000000000e+02	1.88495559215388e+03	3.00000000000000e-02	0.00000000000000e+00	0.00000000000000e+00	1.05871692919423e+02	6.18059162751171e+00
11	100	40	70	9.99800000000000e+01	1.88495559215388e+03	3.00000000000000e-02	0.00000000000000e+00	0.00000000000000e+00	1.07310662467510e+02	-2.35859497780497e+00
12	101	41	71	1.07900000000000e+02	1.88495559215388e+03	3.00000000000000e-02	0.00000000000000e+00	0.00000000000000e+00	1.08335819801324e+02	-1.34365771545575e-01
13	102	42	72	1.15820000000000e+02	1.88495559215388e+03	3.00000000000000e-02	0.00000000000000e+00	0.00000000000000e+00	1.07769847894090e+02	2.40131155278996e+00
14	103	43	73	1.64750000000000e+02	1.88495559215388e+03	3.00000000000000e-02	0.00000000000000e+00	0.00000000000000e+00	1.03252277127684e+02	1.55751295759753e+01
15	104	44	74	1.95890000000000e+02	1.88495559215388e+03	3.00000000000000e-02	0.00000000000000e+00	0.00000000000000e+00	9.90966637487936e+01	2.27152500642547e+01
16	106	46	76	2.27020000000000e+02	1.88495559215388e+03	3.00000000000000e-02	0.00000000000000e+00	0.00000000000000e+00	9.11319589753391e+01	3.04243188185983e+01
18	107	47	77	2.14140000000000e+02	1.88495559215388e+03	3.00000000000000e-02	0.00000000000000e+00	0.00000000000000e+00	8.69949841144676e+01	3.00259847864761e+01
19	108	48	78	2.40520000000000e+02	1.88495559215388e+03	3.00000000000000e-02	0.00000000000000e+00	0.00000000000000e+00	8.42570487117710e+01	3.49643672067961e+01
17	109	49	79	1.63030000000000e+02	1.88495559215388e+03	3.00000000000000e-02	0.00000000000000e+00	0.00000000000000e+00	8.13963678407435e+01	2.31534527353236e+01
20	110	50	80	1.43620000000000e+02	1.88495559215388e+03	3.00000000000000e-02	0.00000000000000e+00	0.00000000000000e+00	7.66673795616279e+01	2.09231534613463e+01
21	111	51	81	9.81600000000000e+01	1.88495559215388e+03	3.00000000000000e-02	0.00000000000000e+00	0.00000000000000e+00	7.20063811587971e+01	1.03281352702748e+01
22	112	52	82	8.25100000000000e+01	1.88495559215388e+03	3.00000000000000e-02	0.00000000000000e+00	0.00000000000000e+00	6.81839570246940e+01	6.35700650602577e+00
23	113	53	83	6.68700000000000e+01	1.88495559215388e+03	3.00000000000000e-02	0.00000000000000e+00	0.00000000000000e+00	6.39577135101388e+01	1.48427658287279e+00
24	114	54	84	4.49200000000000e+01	1.88495559215388e+03	3.00000000000000e-02	0.00000000000000e+00	0.00000000000000e+00	6.02150125885714e+01	-9.76795233008564e+00
25	115	55	85	3.83000000000000e+01	1.88495559215388e+03	3.00000000000000e-02	0.00000000000000e+00	0.00000000000000e+00	5.79746427218558e+01	-1.38185274770566e+01
26	116	56	86	3.16700000000000e+01	1.88495559215388e+03	3.00000000000000e-02	0.00000000000000e+00	0.00000000000000e+00	5.69465021140271e+01	-1.95580802386102e+01
27	117	57	87	3.34500000000000e+01	1.88495559215388e+03	3.00000000000000e-02	0.00000000000000e+00	0.00000000000000e+00	5.72146178544953e+01	-1.78919212019728e+01
28	118	58	88	4.06100000000000e+01	1.88495559215388e+03	3.00000000000000e-02	0.00000000000000e+00	0.00000000000000e+00	5.78123648762215e+01	-1.17729445431846e+01
29	119	59	89	3.29100000000000e+01	1.88495559215388e+03	3.00000000000000e-02	0.00000000000000e+00	0.00000000000000e+00	5.86522550567008e+01	-1.92616486931563e+01
30	120	60	90	4.47500000000000e+01	1.88495559215388e+03	3.00000000000000e-02	0.00000000000000e+00	0.00000000000000e+00	5.89274244049106e+01	-9.17383823883925e+00
31	121	61	91	5.65800000000000e+01	1.88495559215388e+03	3.00000000000000e-02	0.00000000000000e+00	0.00000000000000e+00	5.89911484965150e+01	-1.39106137648509e+00
32	122	62	92	3.79200000000000e+01	1.88495559215388e+03	3.00000000000000e-02	0.00000000000000e+00	0.00000000000000e+00	5.79299119905633e+01	-1.41251729494304e+01
33	123	63	93	5.32900000000000e+01	1.88495559215388e+03	3.00000000000000e-02	0.00000000000000e+00	0.00000000000000e+00	5.68659899703443e+01	-2.16495834363710e+00
34	124	64	94	6.86700000000000e+01	1.88495559215388e+03	3.00000000000000e-02	0.00000000000000e+00	0.00000000000000e+00	5.59428906026090e+01	6.83270209752802e+00
35	125	65	95	9.66400000000000e+01	1.88495559215388e+03	3.00000000000000e-02	0.00000000000000e+00	0.00000000000000e+00	5.54963973542925e+01	1.84891542692099e+01
36	126	66	96	7.01900000000000e+01	1.88495559215388e+03	3.00000000000000e-02	0.00000000000000e+00	0.00000000000000e+00	5.76234622688307e+01	6.57586783070568e+00
37	127	67	97	5.77800000000000e+01	1.88495559215388e+03	3.00000000000000e-02	0.00000000000000e+00	0.00000000000000e+00	6.01945832290656e+01	-1.36465578815509e+00
38	128	68	98	4.53700000000000e+01	1.88495559215388e+03	3.00000000000000e-02	0.00000000000000e+00	0.00000000000000e+00	5.96705203220017e+01	-9.13290026044746e+00
39	129	69	99	3.84900000000000e+01	1.88495559215388e+03	3.00000000000000e-02	0.00000000000000e+00	0.00000000000000e+00	5.73043044114435e+01	-1.32659091407395e+01
40	130	70	100	4.22300000000000e+01	1.88495559215388e+03	3.00000000000000e-02	0.00000000000000e+00	0.00000000000000e+00	5.58547341722063e+01	-9.32078062725648e+00
41	131	71	101	5.68600000000000e+01	1.88495559215388e+03	3.00000000000000e-02	0.00000000000000e+00	0.00000000000000e+00	5.52501254557452e+01	9.57383171178291e-01
42	132	72	102	4.26100000000000e+01	1.88495559215388e+03	3.00000000000000e-02	0.00000000000000e+00	0.00000000000000e+00	5.51732102502765e+01	-8.61295154705483e+00
43	133	73	103	8.29000000000000e+01	1.88495559215388e+03	3.00000000000000e-02	0.00000000000000e+00	0.00000000000000e+00	5.85243157241394e+01	1.16064246953097e+01
44	134	74	104	1.23180000000000e+02	1.88495559215388e+03	3.00000000000000e-02	0.00000000000000e+00	0.00000000000000e+00	6.14868848930432e+01	2.31607600653300e+01
45	135	75	105	1.19790000000000e+02	1.88495559215388e+03	3.00000000000000e-02	0.00000000000000e+00	0.00000000000000e+00	6.34494263004449e+01	2.11832352460626e+01
46	136	76	106	9.74600000000000e+01	1.88495559215388e+03	3.00000000000000e-02	0.00000000000000e+00	0.00000000000000e+00	6.61258053565629e+01	1.29294322668588e+01
47	137	77	107	7.51200000000000e+01	1.88495559215388e+03	3.00000000000000e-02	0.00000000000000e+00	0.00000000000000e+00	6.81861121866269e+01	3.22819748046352e+00
48	138	78	108	6.17200000000000e+01	1.88495559215388e+03	3.00000000000000e-02	0.00000000000000e+00	0.00000000000000e+00	6.91385066289020e+01	-3.78346025101317e+00
49	139	79	109	4.83200000000000e+01	1.88495559215388e+03	3.00000000000000e-02	0.00000000000000e+00	0.00000000000000e+00	7.05160419944502e+01	-1.25998225442521e+01
50	140	80	110	7.03200000000000e+01	1.88495559215388e+03	3.00000000000000e-02	0.00000000000000e+00	0.00000000000000e+00	7.36494320543169e+01	-1.54200593624714e+00
51	141	81	111	9.23200000000000e+01	1.88495559215388e+03	3.00000000000000e-02	0.00000000000000e+00	0.00000000000000e+00	7.63075229776718e+01	6.34964239938410e+00
52	142	82	112	8.14000000000000e+01	1.88495559215388e+03	3.00000000000000e-02	0.00000000000000e+00	0.00000000000000e+00	7.78147037911633e+01	1.50149549787922e+00
53	143	83	113	5.92200000000000e+01	1.88495559215388e+03	3.00000000000000e-02	0.00000000000000e+00	0.00000000000000e+00	7.96188344086903e+01	-9.86637851209705e+00
54	144	84	114	5.06300000000000e+01	1.88495559215388e+03	3.00000000000000e-02	0.00000000000000e+00	0.00000000000000e+00	8.14825329358912e+01	-1.58614797163404e+01
55	145	85	115	4.20400000000000e+01	1.88495559215388e+03	3.00000000000000e-02	0.00000000000000e+00	0.00000000000000e+00	8.27343674206719e+01	-2.25671179018898e+01
56	146	86	116	7.23000000000000e+01	1.88495559215388e+03	3.00000000000000e-02	0.00000000000000e+00	0.00000000000000e+00	8.29084451672822e+01	-4.56375998427981e+00
57	147	87	117	1.02570000000000e+02	1.88495559215388e+03	3.00000000000000e-02	0.00000000000000e+00	0.00000000000000e+00	8.15272119605557e+01	7.65362129048288e+00
58	148	88	118	9.69300000000000e+01	1.88495559215388e+03	3.00000000000000e-02	0.00000000000000e+00	0.00000000000000e+00	7.96556609062528e+01	6.54253208015450e+00
59	149	89	119	9.12900000000000e+01	1.88495559215388e+03	3.00000000000000e-02	0.00000000000000e+00	0.00000000000000e+00	7.74837626285442e+01	5.46576175464360e+00
60	150	90	120	6.58500000000000e+01	1.88495559215388e+03	3.00000000000000e-02	0.00000000000000e+00	0.00000000000000e+00	7.61699185333121e+01	-4.85290622190391e+00
61	151	91	121	6.77900000000000e+01	1.88495559215388e+03	3.00000000000000e-02	0.00000000000000e+00	0.00000000000000e+00	7.56195470225632e+01	-3.64333722738793e+00
62	152	92	122	5.68300000000000e+01	1.88495559215388e+03	3.00000000000000e-02	0.00000000000000e+00	0.00000000000000e+00	7.66235184401463e+01	-9.96132345194705e+00
63	153	93	123	4.58800000000000e+01	1.88495559215388e+03	3.00000000000000e-02	0.00000000000000e+00	0.00000000000000e+00	7.74778280091200e+01	-1.74654170987206e+01
64	154	94	124	6.74200000000000e+01	1.88495559215388e+03	3.00000000000000e-02	0.00000000000000e+00	0.00000000000000e+00	7.78586926862566e+01	-4.79846138886349e+00
65	155	95	125	8.89600000000000e+01	1.88495559215388e+03	3.00000000000000e-02	0.00000000000000e+00	0.00000000000000e+00	7.82262146926050e+01	4.28606709595420e+00
66	156	96	126	1.25700000000000e+02	1.88495559215388e+03	3.00000000000000e-02	0.00000000000000e+00	0.00000000000000e+00	7.86771436533223e+01	1.56181808690961e+01
67	157	97	127	1.62450000000000e+02	1.88495559215388e+03	3.00000000000000e-02	0.00000000000000e+00	0.00000000000000e+00	7.89611606121343e+01	2.40471389454224e+01
68	158	98	128	2.31670000000000e+02	1.88495559215388e+03	3.00000000000000e-02	0.00000000000000e+00	0.00000000000000e+00	8.01978450570585e+01	3.53605766794547e+01
69	159	99	129	1.56540000000000e+02	1.88495559215388e+03	3.00000000000000e-02	0.00000000000000e+00	0.00000000000000e+00	8.19087111794382e+01	2.15902073188857e+01
70	160	100	130	1.18590000000000e+02	1.88495559215388e+03	3.00000000000000e-02	0.00000000000000e+00	0.00000000000000e+00	8.33517631576436e+01	1.17534134447548e+01
71	161	101	131	8.06300000000000e+01	1.88495559215388e+03	3.00000000000000e-02	0.00000000000000e+00	0.00000000000000e+00	8.31794207354784e+01	-1.03763938685297e+00
72	162	102	132	6.93900000000000e+01	1.88495559215388e+03	3.00000000000000e-02	0.00000000000000e+00	0.00000000000000e+00	8.07439811777259e+01	-5.05135526381920e+00
73	163	103	133	5.59200000000000e+01	1.88495559215388e+03	3.00000000000000e-02	0.00000000000000e+00	0.00000000000000e+00	7.70073156191156e+01	-1.06659442485205e+01
74	164	104	134	6.74900000000000e+01	1.88495559215388e+03	3.00000000000000e-02	0.00000000000000e+00	0.00000000000000e+00	7.56931538995230e+01	-3.82360934465931e+00
75	165	105	135	7.92500000000000e+01	1.88495559215388e+03	3.00000000000000e-02	0.00000000000000e+00	0.00000000000000e+00	7.49345430055998e+01	1.86641467410338e+00
76	166	106	136	9.10200000000000e+01	1.88495559215388e+03	3.00000000000000e-02	0.00000000000000e+00	0.00000000000000e+00	7.17040057003406e+01	7.95108830117384e+00
77	167	107	137	1.24980000000000e+02	1.88495559215388e+03	3.00000000000000e-02	0.00000000000000e+00	0.00000000000000e+00	6.77325384168078e+01	2.04195677835304e+01
1	93	31	62	1.18880000000000e+02	1.94778744522567e+03	3.00000000000000e-02	0.00000000000000e+00	0.00000000000000e+00	1.11417256802251e+02	2.16107856716906e+00
3	94	32	63	1.09810000000000e+02	1.94778744522567e+03	3.00000000000000e-02	0.00000000000000e+00	0.00000000000000e+00	1.13983432310381e+02	-1.24338358708892e+00
4	95	33	64	1.00730000000000e+02	1.94778744522567e+03	3.00000000000000e-02	0.00000000000000e+00	0.00000000000000e+00	1.15519806005688e+02	-4.56661086249586e+00
2	96	34	65	1.24000000000000e+02	1.94778744522567e+03	3.00000000000000e-02	0.00000000000000e+00	0.00000000000000e+00	1.15962636812916e+02	2.23378409410845e+00
5	97	35	66	1.47280000000000e+02	1.94778744522567e+03	3.00000000000000e-02	0.00000000000000e+00	0.00000000000000e+00	1.14985420259830e+02	8.25100656493959e+00
6	98	36	67	1.19390000000000e+02	1.94778744522567e+03	3.00000000000000e-02	0.00000000000000e+00	0.00000000000000e+00	1.10527331891139e+02	2.57108691845662e+00
7	99	37	68	9.15000000000000e+01	1.94778744522567e+03	3.00000000000000e-02	0.00000000000000e+00	0.00000000000000e+00	1.07364367673520e+02	-5.32964608724550e+00
8	100	38	69	1.35160000000000e+02	1.94778744522567e+03	3.00000000000000e-02	0.00000000000000e+00	0.00000000000000e+00	1.08794480582880e+02	7.23328862159383e+00
9	101	39	70	1.57520000000000e+02	1.94778744522567e+03	3.00000000000000e-02	0.00000000000000e+00	0.00000000000000e+00	1.09988365872277e+02	1.19725946309807e+01
10	102	40	71	1.23430000000000e+02	1.94778744522567e+03	3.00000000000000e-02	0.00000000000000e+00	0.00000000000000e+00	1.11378543501203e+02	3.42464975076758e+00
11	103	41	72	8.93300000000000e+01	1.94778744522567e+03	3.00000000000000e-02	0.00000000000000e+00	0.00000000000000e+00	1.10005649977200e+02	-6.93981167295691e+00
12	104	42	73	9.31100000000000e+01	1.94778744522567e+03	3.00000000000000e-02	0.00000000000000e+00	0.00000000000000e+00	1.08479992573013e+02	-5.09280552758427e+00
13	105	43	74	1.22530000000000e+02	1.94778744522567e+03	3.00000000000000e-02	0.00000000000000e+00	0.00000000000000e+00	1.03898204923628e+02	5.49814256558721e+00
14	106	44	75	1.73370000000000e+02	1.94778744522567e+03	3.00000000000000e-02	0.00000000000000e+00	0.00000000000000e+00	9.85653891875768e+01	1.88235953816791e+01
15	107	45	76	2.24210000000000e+02	1.94778744522567e+03	3.00000000000000e-02	0.00000000000000e+00	0.00000000000000e+00	9.28103207588700e+01	2.94008421331377e+01
16	109	47	78	2.09190000000000e+02	1.94778744522567e+03	3.00000000000000e-02	0.00000000000000e+00	0.00000000000000e+00	8.64522746181351e+01	2.94550135581857e+01
18	110	48	79	1.42650000000000e+02	1.94778744522567e+03	3.00000000000000e-02	0.00000000000000e+00	0.00000000000000e+00	8.30610756646942e+01	1.80272629695647e+01
19	111	49	80	1.38430000000000e+02	1.94778744522567e+03	3.00000000000000e-02	0.00000000000000e+00	0.00000000000000e+00	7.98209660134759e+01	1.83526193584481e+01
17	112	50	81	1.06100000000000e+02	1.94778744522567e+03	3.00000000000000e-02	0.00000000000000e+00	0.00000000000000e+00	7.55101873205131e+01	1.13371489023285e+01
20	113	51	82	1.30750000000000e+02	1.94778744522567e+03	3.00000000000000e-02	0.00000000000000e+00	0.00000000000000e+00	7.08843592580750e+01	2.04079098863788e+01
21	114	52	83	1.55400000000000e+02	1.94778744522567e+03	3.00000000000000e-02	0.00000000000000e+00	0.00000000000000e+00	6.79526064620318e+01	2.75730646514422e+01
22	115	53	84	1.19030000000000e+02	1.94778744522567e+03	3.00000000000000e-02	0.00000000000000e+00	0.00000000000000e+00	6.47053645098016e+01	2.03177150170635e+01
23	116	54	85	8.26600000000000e+01	1.94778744522567e+03	3.00000000000000e-02	0.00000000000000e+00	0.00000000000000e+00	6.10081842183593e+01	1.01242595465281e+01
24	117	55	86	7.26700000000000e+01	1.94778744522567e+03	3.00000000000000e-02	0.00000000000000e+00	0.00000000000000e+00	5.94308299578612e+01	6.70385100153687e+00
25	118	56	87	9.21800000000000e+01	1.94778744522567e+03	3.00000000000000e-02	0.00000000000000e+00	0.00000000000000e+00	5.98676145330228e+01	1.43869162420254e+01
26	119	57	88	7.95300000000000e+01	1.94778744522567e+03	3.00000000000000e-02	0.00000000000000e+00	0.00000000000000e+00	6.09008789093725e+01	8.89622341159774e+00
27	120	58	89	6.68800000000000e+01	1.94778744522567e+03	3.00000000000000e-02	0.00000000000000e+00	0.00000000000000e+00	6.17008018317606e+01	2.68676807656751e+00
28	121	59	90	5.93100000000000e+01	1.94778744522567e+03	3.00000000000000e-02	0.00000000000000e+00	0.00000000000000e+00	6.21151734397480e+01	-1.54041240157496e+00
29	122	60	91	5.17400000000000e+01	1.94778744522567e+03	3.00000000000000e-02	0.00000000000000e+00	0.00000000000000e+00	6.26030836409729e+01	-6.35277865251419e+00
30	123	61	92	6.47400000000000e+01	1.94778744522567e+03	3.00000000000000e-02	0.00000000000000e+00	0.00000000000000e+00	6.21363073774581e+01	1.36829235144014e+00
31	124	62	93	5.90900000000000e+01	1.94778744522567e+03	3.00000000000000e-02	0.00000000000000e+00	0.00000000000000e+00	6.09454167650498e+01	-1.03056503688395e+00
32	125	63	94	6.90200000000000e+01	1.94778744522567e+03	3.00000000000000e-02	0.00000000000000e+00	0.00000000000000e+00	5.97220811355987e+01	4.82314991292402e+00
33	126	64	95	5.97100000000000e+01	1.94778744522567e+03	3.00000000000000e-02	0.00000000000000e+00	0.00000000000000e+00	5.84869567820797e+01	6.89858072355894e-01
34	127	65	96	5.04000000000000e+01	1.94778744522567e+03	3.00000000000000e-02	0.00000000000000e+00	0.00000000000000e+00	5.73932686036972e+01	-4.33119498862471e+00
35	128	66	97	5.01200000000000e+01	1.94778744522567e+03	3.00000000000000e-02	0.00000000000000e+00	0.00000000000000e+00	5.72617332706357e+01	-4.44041464554064e+00
36	129	67	98	5.73100000000000e+01	1.94778744522567e+03	3.00000000000000e-02	0.00000000000000e+00	0.00000000000000e+00	5.94184224152519e+01	-1.20430637972916e+00
37	130	68	99	4.46600000000000e+01	1.94778744522567e+03	3.00000000000000e-02	0.00000000000000e+00	0.00000000000000e+00	6.04776877307422e+01	-1.01065417587721e+01
38	131	69	100	4.29600000000000e+01	1.94778744522567e+03	3.00000000000000e-02	0.00000000000000e+00	0.00000000000000e+00	5.86895910592386e+01	-1.03997645511829e+01
39	132	70	101	4.72600000000000e+01	1.94778744522567e+03	3.00000000000000e-02	0.00000000000000e+00	0.00000000000000e+00	5.70300492238958e+01	-6.26380121773855e+00
40	133	71	102	3.61600000000000e+01	1.94778744522567e+03	3.00000000000000e-02	0.00000000000000e+00	0.00000000000000e+00	5.53999918287271e+01	-1.42208636911117e+01
41	134	72	103	3.71100000000000e+01	1.94778744522567e+03	3.00000000000000e-02	0.00000000000000e+00	0.00000000000000e+00	5.59744006957184e+01	-1.37002660237691e+01
42	135	73	104	4.55100000000000e+01	1.94778744522567e+03	3.00000000000000e-02	0.00000000000000e+00	0.00000000000000e+00	5.67472785577681e+01	-7.35585394179634e+00
43	136	74	105	5.39000000000000e+01	1.94778744522567e+03	3.00000000000000e-02	0.00000000000000e+00	0.00000000000000e+00	6.04343255284081e+01	-3.81422563510108e+00
44	137	75	106	7.95800000000000e+01	1.94778744522567e+03	3.00000000000000e-02	0.00000000000000e+00	0.00000000000000e+00	6.40652095114343e+01	7.22871139159409e+00
45	138	76	107	1.05270000000000e+02	1.94778744522567e+03	3.00000000000000e-02	0.00000000000000e+00	0.00000000000000e+00	6.79546156199303e+01	1.45896137754402e+01
46	139	77	108	8.16800000000000e+01	1.94778744522567e+03	3.00000000000000e-02	0.00000000000000e+00	0.00000000000000e+00	7.00097008547557e+01	5.13917859231698e+00
47	140	78	109	5.80900000000000e+01	1.94778744522567e+03	3.00000000000000e-02	0.00000000000000e+00	0.00000000000000e+00	7.08185378513521e+01	-6.60424228271076e+00
48	141	79	110	4.03400000000000e+01	1.94778744522567e+03	3.00000000000000e-02	0.00000000000000e+00	0.00000000000000e+00	7.25711166809268e+01	-1.95741156094701e+01
49	142	80	111	5.39800000000000e+01	1.94778744522567e+03	3.00000000000000e-02	0.00000000000000e+00	0.00000000000000e+00	7.43486994841344e+01	-1.06717524452039e+01
50	143	81	112	1.02370000000000e+02	1.94778744522567e+03	3.00000000000000e-02	0.00000000000000e+00	0.00000000000000e+00	7.68787557670921e+01	9.54547068305001e+00
51	144	82	113	1.50760000000000e+02	1.94778744522567e+03	3.00000000000000e-02	0.00000000000000e+00	0.00000000000000e+00	7.93702667083493e+01	2.13855114994978e+01
52	145	83	114	1.42780000000000e+02	1.94778744522567e+03	3.00000000000000e-02	0.00000000000000e+00	0.00000000000000e+00	8.00893000135427e+01	1.92720907258379e+01
53	146	84	115	1.13910000000000e+02	1.94778744522567e+03	3.00000000000000e-02	0.00000000000000e+00	0.00000000000000e+00	8.15995848987256e+01	1.11194829326707e+01
54	147	85	116	8.50500000000000e+01	1.94778744522567e+03	3.00000000000000e-02	0.00000000000000e+00	0.00000000000000e+00	8.43797976022997e+01	2.63710359799063e-01
55	148	86	117	6.68100000000000e+01	1.94778744522567e+03	3.00000000000000e-02	0.00000000000000e+00	0.00000000000000e+00	8.49545133385052e+01	-8.00877353739544e+00
56	149	87	118	7.88200000000000e+01	1.94778744522567e+03	3.00000000000000e-02	0.00000000000000e+00	0.00000000000000e+00	8.29578915272082e+01	-1.70554587654452e+00
57	150	88	119	1.12980000000000e+02	1.94778744522567e+03	3.00000000000000e-02	0.00000000000000e+00	0.00000000000000e+00	8.05047895154230e+01	1.12964710718827e+01
58	151	89	120	9.72400000000000e+01	1.94778744522567e+03	3.00000000000000e-02	0.00000000000000e+00	0.00000000000000e+00	7.86645543089030e+01	7.06631618188046e+00
59	152	90	121	8.15000000000000e+01	1.94778744522567e+03	3.00000000000000e-02	0.00000000000000e+00	0.00000000000000e+00	7.81027456034493e+01	1.41926030151186e+00
60	153	91	122	8.61100000000000e+01	1.94778744522567e+03	3.00000000000000e-02	0.00000000000000e+00	0.00000000000000e+00	7.71399705346248e+01	3.66679926335935e+00
61	154	92	123	9.07200000000000e+01	1.94778744522567e+03	3.00000000000000e-02	0.00000000000000e+00	0.00000000000000e+00	7.71303402229373e+01	5.40937063369187e+00
62	155	93	124	9.35200000000000e+01	1.94778744522567e+03	3.00000000000000e-02	0.00000000000000e+00	0.00000000000000e+00	7.77034655340096e+01	6.17584864391742e+00
63	156	94	125	9.63200000000000e+01	1.94778744522567e+03	3.00000000000000e-02	0.00000000000000e+00	0.00000000000000e+00	7.92449991445324e+01	6.50438910237821e+00
64	157	95	126	1.30850000000000e+02	1.94778744522567e+03	3.00000000000000e-02	0.00000000000000e+00	0.00000000000000e+00	8.05311590570633e+01	1.61802483470562e+01
65	158	96	127	1.42110000000000e+02	1.94778744522567e+03	3.00000000000000e-02	0.00000000000000e+00	0.00000000000000e+00	8.15702206874951e+01	1.85045717598885e+01
66	159	97	128	1.77060000000000e+02	1.94778744522567e+03	3.00000000000000e-02	0.00000000000000e+00	0.00000000000000e+00	8.21486955449845e+01	2.55985897588949e+01
67	160	98	129	1.26320000000000e+02	1.94778744522567e+03	3.00000000000000e-02	0.00000000000000e+00	0.00000000000000e+00	8.18984676610470e+01	1.44446029713574e+01
68	161	99	130	9.70600000000000e+01	1.94778744522567e+03	3.00000000000000e-02	0.00000000000000e+00	0.00000000000000e+00	8.27130810038827e+01	5.33171934284509e+00
69	162	100	131	6.78100000000000e+01	1.94778744522567e+03	3.00000000000000e-02	0.00000000000000e+00	0.00000000000000e+00	8.18974311409092e+01	-6.29193159568307e+00
70	163	101	132	6.00300000000000e+01	1.94778744522567e+03	3.00000000000000e-02	0.00000000000000e+00	0.00000000000000e+00	8.11439376368489e+01	-1.00460049420170e+01
71	164	102	133	5.50400000000000e+01	1.94778744522567e+03	3.00000000000000e-02	0.00000000000000e+00	0.00000000000000e+00	8.00014765181772e+01	-1.24661632451896e+01
72	165	103	134	5.00600000000000e+01	1.94778744522567e+03	3.00000000000000e-02	0.00000000000000e+00	0.00000000000000e+00	7.83089751413455e+01	-1.49146645157764e+01
73	166	104	135	5.19000000000000e+01	1.94778744522567e+03	3.00000000000000e-02	0.00000000000000e+00	0.00000000000000e+00	7.65518820616608e+01	-1.29549972557840e+01
74	167	105	136	7.77100000000000e+01	1.94778744522567e+03	3.00000000000000e-02	0.00000000000000e+00	0.00000000000000e+00	7.58001658772260e+01	8.29448940710472e-01
1	96	32	64	1.03510000000000e+02	2.01061929829747e+03	3.00000000000000e-02	0.00000000000000e+00	0.00000000000000e+00	1.17424978389679e+02	-4.20438071607624e+00
3	97	33	65	1.38050000000000e+02	2.01061929829747e+03	3.00000000000000e-02	0.00000000000000e+00	0.00000000000000e+00	1.20010424949374e+02	4.66791082631254e+00
4	98	34	66	1.02860000000000e+02	2.01061929829747e+03	3.00000000000000e-02	0.00000000000000e+00	0.00000000000000e+00	1.18529400177296e+02	-4.72640640726686e+00
2	99	35	67	8.61200000000000e+01	2.01061929829747e+03	3.00000000000000e-02	0.00000000000000e+00	0.00000000000000e+00	1.16912603879928e+02	-1.01895002597081e+01
5	100	36	68	1.07350000000000e+02	2.01061929829747e+03	3.00000000000000e-02	0.00000000000000e+00	0.00000000000000e+00	1.14717989089563e+02	-2.21274411720718e+00
6	101	37	69	1.28580000000000e+02	2.01061929829747e+03	3.00000000000000e-02	0.00000000000000e+00	0.00000000000000e+00	1.12670212519569e+02	4.40287334422293e+00
7	102	38	70	8.79300000000000e+01	2.01061929829747e+03	3.00000000000000e-02	0.00000000000000e+00	0.00000000000000e+00	1.11918470557764e+02	-8.04098737925424e+00
8	103	39	71	1.14850000000000e+02	2.01061929829747e+03	3.00000000000000e-02	0.00000000000000e+00	0.00000000000000e+00	1.12734363672448e+02	6.19754725561113e-01
9	104	40	72	7.78600000000000e+01	2.01061929829747e+03	3.00000000000000e-02	0.00000000000000e+00	0.00000000000000e+00	1.13445608360355e+02	-1.25470386127052e+01
10	105	41	73	7.24500000000000e+01	2.01061929829747e+03	3.00000000000000e-02	0.00000000000000e+00	0.00000000000000e+00	1.11423912302057e+02	-1.43481762771202e+01
11	106	42	74	8.18100000000000e+01	2.01061929829747e+03	3.00000000000000e-02	0.00000000000000e+00	0.00000000000000e+00	1.07622359336864e+02	-9.14096470476717e+00
12	107	43	75	7.86900000000000e+01	2.01061929829747e+03	3.00000000000000e-02	0.00000000000000e+00	0.00000000000000e+00	1.01339543032913e+02	-8.43202027479138e+00
13	108	44	76	9.89200000000000e+01	2.01061929829747e+03	3.00000000000000e-02	0.00000000000000e+00	0.00000000000000e+00	9.61295869209484e+01	9.53809922417914e-01
14	109	45	77	1.42000000000000e+02	2.01061929829747e+03	3.00000000000000e-02	0.00000000000000e+00	0.00000000000000e+00	9.20655263525109e+01	1.44442163704930e+01
15	110	46	78	1.07220000000000e+02	2.01061929829747e+03	3.00000000000000e-02	0.00000000000000e+00	0.00000000000000e+00	8.80922018474331e+01	6.54995947200057e+00
16	112	48	80	7.75000000000000e+01	2.01061929829747e+03	3.00000000000000e-02	0.00000000000000e+00	0.00000000000000e+00	8.13388167796839e+01	-1.61151391385156e+00
18	113	49	81	1.04290000000000e+02	2.01061929829747e+03	3.00000000000000e-02	0.00000000000000e+00	0.00000000000000e+00	7.84562967636833e+01	9.48779131670049e+00
19	114	50	82	1.31080000000000e+02	2.01061929829747e+03	3.00000000000000e-02	0.00000000000000e+00	0.00000000000000e+00	7.53705965157093e+01	1.84463530502873e+01
17	115	51	83	1.02250000000000e+02	2.01061929829747e+03	3.00000000000000e-02	0.00000000000000e+00	0.00000000000000e+00	7.19442118253872e+01	1.17176604001916e+01
20	116	52	84	9.17700000000000e+01	2.01061929829747e+03	3.00000000000000e-02	0.00000000000000e+00	0.00000000000000e+00	6.89900788342524e+01	9.51075791941841e+00
21	117	53	85	6.65300000000000e+01	2.01061929829747e+03	3.00000000000000e-02	0.00000000000000e+00	0.00000000000000e+00	6.56520943896869e+01	4.42782371920813e-01
22	118	54	86	6.86800000000000e+01	2.01061929829747e+03	3.00000000000000e-02	0.00000000000000e+00	0.00000000000000e+00	6.30617280939046e+01	2.84479927749587e+00
23	119	55	87	7.83500000000000e+01	2.01061929829747e+03	3.00000000000000e-02	0.00000000000000e+00	0.00000000000000e+00	6.29305850680940e+01	7.30512247270410e+00
24	120	56	88	6.61500000000000e+01	2.01061929829747e+03	3.00000000000000e-02	0.00000000000000e+00	0.00000000000000e+00	6.39042110850114e+01	1.15132100583253e+00
25	121	57	89	5.39500000000000e+01	2.01061929829747e+03	3.00000000000000e-02	0.00000000000000e+00	0.00000000000000e+00	6.47699792884556e+01	-6.09281739066631e+00
26	122	58	90	5.15900000000000e+01	2.01061929829747e+03	3.00000000000000e-02	0.00000000000000e+00	0.00000000000000e+00	6.51178877017711e+01	-7.76238096331734e+00
27	123	59	91	3.81400000000000e+01	2.01061929829747e+03	3.00000000000000e-02	0.00000000000000e+00	0.00000000000000e+00	6.60828087085762e+01	-1.83215010935629e+01
28	124	60	92	4.00600000000000e+01	2.01061929829747e+03	3.00000000000000e-02	0.00000000000000e+00	0.00000000000000e+00	6.62731786384444e+01	-1.67802313226803e+01
29	125	61	93	4.19800000000000e+01	2.01061929829747e+03	3.00000000000000e-02	0.00000000000000e+00	0.00000000000000e+00	6.54669350448923e+01	-1.48117297438366e+01
30	126	62	94	4.76500000000000e+01	2.01061929829747e+03	3.00000000000000e-02	0.00000000000000e+00	0.00000000000000e+00	6.39046130392097e+01	-9.78363067381743e+00
31	127	63	95	5.33100000000000e+01	2.01061929829747e+03	3.00000000000000e-02	0.00000000000000e+00	0.00000000000000e+00	6.28467097418425e+01	-5.48582172887042e+00
32	128	64	96	4.90800000000000e+01	2.01061929829747e+03	3.00000000000000e-02	0.00000000000000e+00	0.00000000000000e+00	6.10807820248240e+01	-7.29152212378813e+00
33	129	65	97	4.48500000000000e+01	2.01061929829747e+03	3.00000000000000e-02	0.00000000000000e+00	0.00000000000000e+00	5.92127787735812e+01	-9.26045959176952e+00
34	130	66	98	6.59200000000000e+01	2.01061929829747e+03	3.00000000000000e-02	0.00000000000000e+00	0.00000000000000e+00	5.86903949291051e+01	3.87219339946130e+00
35	131	67	99	5.28700000000000e+01	2.01061929829747e+03	3.00000000000000e-02	0.00000000000000e+00	0.00000000000000e+00	5.87749946390194e+01	-3.52934776556168e+00
36	132	68	100	6.06800000000000e+01	2.01061929829747e+03	3.00000000000000e-02	0.00000000000000e+00	0.00000000000000e+00	5.95714672344282e+01	6.14581090595845e-01
37	133	69	101	6.84800000000000e+01	2.01061929829747e+03	3.00000000000000e-02	0.00000000000000e+00	0.00000000000000e+00	5.96266198261859e+01	4.61465386992653e+00
38	134	70	102	5.32400000000000e+01	2.01061929829747e+03	3.00000000000000e-02	0.00000000000000e+00	0.00000000000000e+00	5.89809144031987e+01	-3.41346377849344e+00
39	135	71	103	5.67300000000000e+01	2.01061929829747e+03	3.00000000000000e-02	0.00000000000000e+00	0.00000000000000e+00	5.72997609431065e+01	-3.33109345031405e-01
40	136	72	104	4.51700000000000e+01	2.01061929829747e+03	3.00000000000000e-02	0.00000000000000e+00	0.00000000000000e+00	5.61016133915367e+01	-7.22438072186756e+00
41	137	73	105	3.36000000000000e+01	2.01061929829747e+03	3.00000000000000e-02	0.00000000000000e+00	0.00000000000000e+00	5.73879015538731e+01	-1.78435813272521e+01
42	138	74	106	3.00900000000000e+01	2.01061929829747e+03	3.00000000000000e-02	0.00000000000000e+00	0.00000000000000e+00	5.96974885105583e+01	-2.28365686790612e+01
43	139	75	107	4.32500000000000e+01	2.01061929829747e+03	3.00000000000000e-02	0.00000000000000e+00	0.00000000000000e+00	6.42405029543704e+01	-1.31878888510708e+01
44	140	76	108	5.64200000000000e+01	2.01061929829747e+03	3.00000000000000e-02	0.00000000000000e+00	0.00000000000000e+00	6.81435065696043e+01	-6.29307221951052e+00
45	141	77	109	8.25400000000000e+01	2.01061929829747e+03	3.00000000000000e-02	0.00000000000000e+00	0.00000000000000e+00	7.07849466187338e+01	5.12122215369066e+00
46	142	78	110	9.66200000000000e+01	2.01061929829747e+03	3.00000000000000e-02	0.00000000000000e+00	0.00000000000000e+00	7.28431806100025e+01	9.41589465048273e+00
47	143	79	111	7.35600000000000e+01	2.01061929829747e+03	3.00000000000000e-02	0.00000000000000e+00	0.00000000000000e+00	7.45514322267126e+01	-4.46261763866988e-01
48	144	80	112	9.25500000000000e+01	2.01061929829747e+03	3.00000000000000e-02	0.00000000000000e+00	0.00000000000000e+00	7.66216177358213e+01	6.29565954053429e+00
49	145	81	113	1.03030000000000e+02	2.01061929829747e+03	3.00000000000000e-02	0.00000000000000e+00	0.00000000000000e+00	7.77366997946344e+01	9.38975784217696e+00
50	146	82	114	1.13520000000000e+02	2.01061929829747e+03	3.00000000000000e-02	0.00000000000000e+00	0.00000000000000e+00	7.89347028175492e+01	1.21119356258687e+01
51	147	83	115	1.44680000000000e+02	2.01061929829747e+03	3.00000000000000e-02	0.00000000000000e+00	0.00000000000000e+00	8.04409545169968e+01	1.95666992017160e+01
52	148	84	116	1.75840000000000e+02	2.01061929829747e+03	3.00000000000000e-02	0.00000000000000e+00	0.00000000000000e+00	8.19802773972224e+01	2.54365263955530e+01
53	149	85	117	1.22050000000000e+02	2.01061929829747e+03	3.00000000000000e-02	0.00000000000000e+00	0.00000000000000e+00	8.45574488207406e+01	1.22333208593373e+01
54	150	86	118	9.12300000000000e+01	2.01061929829747e+03	3.00000000000000e-02	0.00000000000000e+00	0.00000000000000e+00	8.60399960961296e+01	1.95238437768642e+00
55	151	87	119	7.27800000000000e+01	2.01061929829747e+03	3.00000000000000e-02	0.00000000000000e+00	0.00000000000000e+00	8.45784218015813e+01	-5.00793268158102e+00
56	152	88	120	5.43200000000000e+01	2.01061929829747e+03	3.00000000000000e-02	0.00000000000000e+00	0.00000000000000e+00	8.21019071976854e+01	-1.37689587705666e+01
57	153	89	121	4.48600000000000e+01	2.01061929829747e+03	3.00000000000000e-02	0.00000000000000e+00	0.00000000000000e+00	8.09181194624210e+01	-1.96630414490521e+01
58	154	90	122	5.08900000000000e+01	2.01061929829747e+03	3.00000000000000e-02	0.00000000000000e+00	0.00000000000000e+00	8.04620658378060e+01	-1.52706466976890e+01
59	155	91	123	4.82100000000000e+01	2.01061929829747e+03	3.00000000000000e-02	0.00000000000000e+00	0.00000000000000e+00	7.86640962379733e+01	-1.63206790821705e+01
60	156	92	124	6.80300000000000e+01	2.01061929829747e+03	3.00000000000000e-02	0.00000000000000e+00	0.00000000000000e+00	7.77901635901075e+01	-4.46887356101395e+00
61	157	93	125	8.78500000000000e+01	2.01061929829747e+03	3.00000000000000e-02	0.00000000000000e+00	0.00000000000000e+00	7.91879223403074e+01	3.46023410481893e+00
62	158	94	126	8.73500000000000e+01	2.01061929829747e+03	3.00000000000000e-02	0.00000000000000e+00	0.00000000000000e+00	8.14534984436036e+01	2.32969168050309e+00
63	159	95	127	8.68500000000000e+01	2.01061929829747e+03	3.00000000000000e-02	0.00000000000000e+00	0.00000000000000e+00	8.17474625749946e+01	2.01825740764843e+00
64	160	96	128	7.25800000000000e+01	2.01061929829747e+03	3.00000000000000e-02	0.00000000000000e+00	0.00000000000000e+00	8.27462310887357e+01	-4.36963552265161e+00
65	161	97	129	7.85200000000000e+01	2.01061929829747e+03	3.00000000000000e-02	0.00000000000000e+00	0.00000000000000e+00	8.33778001365139e+01	-2.00095730364375e+00
66	162	98	130	8.44600000000000e+01	2.01061929829747e+03	3.00000000000000e-02	0.00000000000000e+00	0.00000000000000e+00	8.22734294531844e+01	8.74328128352531e-01
67	163	99	131	7.82800000000000e+01	2.01061929829747e+03	3.00000000000000e-02	0.00000000000000e+00	0.00000000000000e+00	8.03388324275659e+01	-8.65365113567229e-01
68	164	100	132	7.21000000000000e+01	2.01061929829747e+03	3.00000000000000e-02	0.00000000000000e+00	0.00000000000000e+00	8.06379691091779e+01	-3.73051916856681e+00
69	165	101	133	5.61200000000000e+01	2.01061929829747e+03	3.00000000000000e-02	0.00000000000000e+00	0.00000000000000e+00	8.10961591307455e+01	-1.22714448365129e+01
70	166	102	134	4.01400000000000e+01	2.01061929829747e+03	3.00000000000000e-02	0.00000000000000e+00	0.00000000000000e+00	7.90365515896218e+01	-2.25845693481950e+01
71	167	103	135	5.73200000000000e+01	2.01061929829747e+03	3.00000000000000e-02	0.00000000000000e+00	0.00000000000000e+00	7.76783208507808e+01	-1.01308868184459e+01
0
