              GEOPEN                   
                  10                   
                   1                   
                3733                   
                   1                   
                   0                   
                  15                  10               47.49                   
                  25                  10               52.47                   
                  35                  10               57.46                   
                  45                  10               77.33                   
                  55                  10               91.35                   
                  65                  10              105.36                   
                  75                  10              109.56                   
                  85                  10               83.04                   
                  95                  10               96.25                   
                 105                  10               81.71                   
                 115                  10               67.17                   
                 125                  10               52.61                   
                 175                  10               47.05                   
                 185                  10               67.14                   
                 195                  10               87.22                   
                 205                  10               96.68                   
                 215                  10              137.27                   
                 225                  10              177.86                   
                 235                  10              175.81                   
                 245                  10              169.77                   
                 255                  10              161.03                   
                 265                  10              161.71                   
                 275                  10              136.28                   
                 285                  10              130.28                   
                 295                  10              112.75                   
                 305                  10              116.45                   
                 315                  10              125.62                   
                 325                  10              109.62                   
                 335                  10               98.97                   
                 345                  10               91.36                   
                 355                  10              113.58                   
                 365                  10              104.07                   
                 375                  10              111.33                   
                 385                  10              108.98                   
                 395                  10               83.51                   
                 405                  10               76.47                   
                 415                  10               61.82                   
                 425                  10               45.07                   
                 435                  10               30.10                   
                 445                  10               29.37                   
                 455                  10               23.76                   
                 465                  10               29.40                   
                 475                  10               43.58                   
                 485                  10               57.76                   
                 495                  10               80.47                   
                 505                  10               63.43                   
                 515                  10               50.88                   
                 525                  10               62.71                   
                 535                  10               51.96                   
                 545                  10               41.21                   
                 555                  10               31.07                   
                 565                  10               20.92                   
                 575                  10               15.88                   
                 585                  10               22.84                   
                 595                  10               20.03                   
                 605                  10               14.88                   
                 615                  10               14.22                   
                 625                  10               15.32                   
                 635                  10               16.41                   
                 645                  10               22.34                   
                 655                  10               20.13                   
                 665                  10               24.97                   
                 675                  10               20.76                   
                 685                  10               24.81                   
                 695                  10               23.12                   
                 705                  10               30.44                   
                 715                  10               56.19                   
                 725                  10               81.95                   
                 735                  10              110.36                   
                 745                  10              138.78                   
                 755                  10              151.40                   
                 765                  10              205.05                   
                 775                  10              190.52                   
                 785                  10              163.78                   
                 795                  10              160.84                   
                 805                  10              162.51                   
                 815                  10              156.03                   
                 825                  10              108.34                   
                 835                  10              137.10                   
                 845                  10              104.02                   
                 855                  10               99.61                   
                 865                  10               83.07                   
                 875                  10               68.68                   
                 885                  10               54.29                   
                 895                  10               78.82                   
                 905                  10               88.66                   
                 915                  10               67.26                   
                 925                  10               78.40                   
                 935                  10               75.00                   
                 945                  10               67.37                   
                 955                  10               92.98                   
                 965                  10               66.90                   
                 975                  10               80.02                   
                 985                  10               68.33                   
                 995                  10               78.47                   
                1005                  10              106.78                   
                1015                  10              152.61                   
                1025                  10              162.97                   
                1035                  10              188.87                   
                1045                  10              160.07                   
                1055                  10              167.30                   
                1065                  10              183.29                   
                1075                  10              149.72                   
                1085                  10              145.26                   
                1095                  10              132.49                   
                1105                  10              171.59                   
                1115                  10              135.60                   
                1125                  10              168.87                   
                1135                  10              154.13                   
                1145                  10              156.54                   
                1155                  10              175.60                   
                1165                  10              151.78                   
                1175                  10              125.63                   
                1185                  10               88.65                   
                1195                  10               79.83                   
                1205                  10               71.01                   
                1215                  10               57.75                   
                1225                  10               77.99                   
                1235                  10               53.16                   
                1245                  10               43.28                   
                1255                  10               63.27                   
                1265                  10               83.26                   
                1275                  10              113.34                   
                1285                  10               90.41                   
                1295                  10              119.85                   
                1305                  10               97.64                   
                1315                  10              128.99                   
                1325                  10              111.35                   
                1335                  10              164.57                   
                1345                  10              139.27                   
                1355                  10              146.18                   
                1365                  10              144.92                   
                1375                  10              117.92                   
                1385                  10              136.77                   
                1395                  10              107.59                   
                1405                  10              135.51                   
                1415                  10              163.43                   
                1425                  10              164.06                   
                1435                  10              149.24                   
                1445                  10              184.81                   
                1455                  10              182.48                   
                1465                  10              204.10                   
                1475                  10              183.11                   
                1485                  10              153.91                   
                1495                  10              198.73                   
                1505                  10              157.10                   
                1515                  10              196.83                   
                1525                  10              187.50                   
                1535                  10              227.05                   
                1545                  10              208.07                   
                1555                  10              184.27                   
                1565                  10              137.42                   
                1575                  10              156.44                   
                1585                  10              163.69                   
                1595                  10              165.14                   
                1605                  10              180.76                   
                1615                  10              129.58                   
                1625                  10               93.75                   
                1635                  10               70.48                   
                1645                  10               47.21                   
                1655                  10               36.50                   
                  30                  20               42.48                   
                  40                  20               48.74                   
                  50                  20               36.25                   
                  60                  20               44.75                   
                  70                  20               59.25                   
                  80                  20               41.56                   
                  90                  20               46.47                   
                 100                  20               51.39                   
                 110                  20               41.06                   
                 130                  20               29.34                   
                 150                  20               32.87                   
                 170                  20               36.40                   
                 190                  20               54.37                   
                 200                  20               77.44                   
                 210                  20               77.06                   
                 220                  20               78.15                   
                 230                  20               90.29                   
                 240                  20              109.69                   
                 250                  20               88.91                   
                 260                  20               88.61                   
                 270                  20              104.14                   
                 280                  20               92.89                   
                 290                  20               76.08                   
                 300                  20               76.93                   
                 310                  20               88.84                   
                 320                  20               74.44                   
                 330                  20               65.76                   
                 340                  20               65.73                   
                 350                  20               85.78                   
                 360                  20               77.17                   
                 370                  20               63.64                   
                 380                  20               45.97                   
                 390                  20               50.94                   
                 400                  20               53.63                   
                 410                  20               58.60                   
                 420                  20               48.17                   
                 430                  20               37.74                   
                 440                  20               34.29                   
                 450                  20               30.83                   
                 460                  20               40.90                   
                 470                  20               50.98                   
                 480                  20               48.03                   
                 490                  20               45.08                   
                 500                  20               36.62                   
                 510                  20               28.17                   
                 520                  20               20.78                   
                 530                  20               29.21                   
                 540                  20               25.36                   
                 550                  20               21.51                   
                 560                  20               29.90                   
                 570                  20               38.28                   
                 580                  20               27.50                   
                 590                  20               31.74                   
                 600                  20               35.98                   
                 610                  20               30.46                   
                 620                  20               22.74                   
                 630                  20               27.85                   
                 640                  20               32.97                   
                 650                  20               33.89                   
                 660                  20               30.01                   
                 670                  20               34.19                   
                 680                  20               35.70                   
                 690                  20               29.06                   
                 700                  20               36.74                   
                 710                  20               44.43                   
                 720                  20               53.94                   
                 730                  20               80.47                   
                 740                  20              107.01                   
                 750                  20               97.59                   
                 760                  20               86.71                   
                 770                  20              110.39                   
                 780                  20              129.72                   
                 790                  20               98.21                   
                 800                  20              103.62                   
                 810                  20               86.42                   
                 820                  20               69.22                   
                 830                  20               51.49                   
                 840                  20               53.93                   
                 850                  20               56.38                   
                 860                  20               49.57                   
                 870                  20               64.22                   
                 880                  20               71.55                   
                 890                  20               48.79                   
                 900                  20               72.23                   
                 910                  20               77.85                   
                 920                  20               52.93                   
                 930                  20               47.33                   
                 940                  20               67.31                   
                 950                  20               95.35                   
                 960                  20               94.97                   
                 970                  20               78.65                   
                 980                  20               71.33                   
                 990                  20               86.29                   
                1000                  20              111.92                   
                1010                  20              131.55                   
                1020                  20              120.86                   
                1030                  20              123.62                   
                1040                  20              119.66                   
                1050                  20              160.89                   
                1060                  20              134.49                   
                1070                  20              108.08                   
                1080                  20              122.49                   
                1090                  20              136.89                   
                1100                  20              187.23                   
                1110                  20              148.73                   
                1120                  20              110.74                   
                1130                  20              105.07                   
                1140                  20               99.41                   
                1150                  20              148.20                   
                1160                  20              131.98                   
                1170                  20               94.91                   
                1180                  20               86.35                   
                1190                  20               80.39                   
                1200                  20               77.69                   
                1210                  20               66.00                   
                1220                  20               64.56                   
                1230                  20               47.75                   
                1240                  20               68.66                   
                1250                  20               95.45                   
                1260                  20               76.60                   
                1270                  20               57.76                   
                1280                  20               84.69                   
                1290                  20              111.62                   
                1300                  20              147.19                   
                1310                  20              100.13                   
                1320                  20               81.10                   
                1330                  20               84.99                   
                1340                  20              118.61                   
                1350                  20              154.24                   
                1360                  20              138.38                   
                1370                  20              100.58                   
                1380                  20              105.46                   
                1390                  20              137.59                   
                1400                  20              108.50                   
                1410                  20              157.67                   
                1420                  20              206.84                   
                1430                  20              177.01                   
                1440                  20              131.37                   
                1450                  20              156.94                   
                1460                  20              231.27                   
                1470                  20              215.06                   
                1480                  20              181.92                   
                1490                  20              207.28                   
                1500                  20              235.31                   
                1510                  20              201.10                   
                1520                  20              172.32                   
                1530                  20              219.24                   
                1540                  20              223.81                   
                1550                  20              194.89                   
                1560                  20              155.14                   
                1570                  20              186.29                   
                1580                  20              181.59                   
                1590                  20              143.98                   
                1600                  20              100.57                   
                1610                  20               98.78                   
                1620                  20              108.85                   
                1630                  20               84.53                   
                1640                  20               62.09                   
                  45                  30               57.85                   
                  55                  30               53.60                   
                  65                  30               39.79                   
                  75                  30               47.22                   
                  85                  30               54.65                   
                  95                  30               47.49                   
                 115                  30               40.32                   
                 125                  30               28.27                   
                 145                  30               25.59                   
                 155                  30               22.90                   
                 175                  30               32.03                   
                 185                  30               41.15                   
                 205                  30               46.44                   
                 215                  30               57.90                   
                 225                  30               56.47                   
                 235                  30               51.12                   
                 245                  30               53.61                   
                 255                  30               56.11                   
                 265                  30               60.33                   
                 275                  30               55.09                   
                 285                  30               54.21                   
                 295                  30               57.25                   
                 305                  30               49.76                   
                 315                  30               51.77                   
                 325                  30               46.46                   
                 335                  30               35.99                   
                 345                  30               40.25                   
                 355                  30               52.18                   
                 365                  30               40.81                   
                 375                  30               32.34                   
                 385                  30               23.87                   
                 395                  30               29.12                   
                 405                  30               34.37                   
                 415                  30               46.61                   
                 425                  30               37.99                   
                 435                  30               29.38                   
                 445                  30               27.31                   
                 455                  30               25.23                   
                 465                  30               36.01                   
                 475                  30               46.79                   
                 485                  30               38.71                   
                 495                  30               41.19                   
                 505                  30               43.67                   
                 515                  30               61.04                   
                 525                  30               45.98                   
                 535                  30               53.55                   
                 545                  30               61.12                   
                 555                  30               65.53                   
                 565                  30               69.93                   
                 575                  30               65.02                   
                 585                  30               60.12                   
                 595                  30               43.30                   
                 605                  30               48.45                   
                 615                  30               41.69                   
                 625                  30               34.92                   
                 635                  30               36.11                   
                 645                  30               46.20                   
                 655                  30               31.97                   
                 665                  30               36.34                   
                 675                  30               45.34                   
                 685                  30               38.23                   
                 695                  30               44.18                   
                 705                  30               36.96                   
                 715                  30               54.21                   
                 725                  30               56.76                   
                 735                  30               82.99                   
                 745                  30               66.94                   
                 755                  30               54.81                   
                 765                  30               51.25                   
                 775                  30               47.60                   
                 785                  30               59.84                   
                 795                  30               81.97                   
                 805                  30               76.02                   
                 815                  30               57.71                   
                 825                  30               39.40                   
                 835                  30               37.62                   
                 845                  30               45.34                   
                 855                  30               61.65                   
                 865                  30               77.96                   
                 875                  30               52.17                   
                 885                  30               51.19                   
                 895                  30               67.45                   
                 905                  30               46.18                   
                 915                  30               36.34                   
                 925                  30               44.96                   
                 935                  30               53.58                   
                 945                  30               55.46                   
                 955                  30               82.01                   
                 965                  30               93.84                   
                 975                  30               86.47                   
                 985                  30               75.28                   
                 995                  30               69.93                   
                1005                  30               75.61                   
                1015                  30               86.94                   
                1025                  30              105.41                   
                1035                  30              114.70                   
                1045                  30               93.91                   
                1055                  30              124.91                   
                1065                  30               91.45                   
                1075                  30               80.07                   
                1085                  30              103.34                   
                1095                  30              126.60                   
                1105                  30              184.51                   
                1115                  30              129.27                   
                1125                  30               88.35                   
                1135                  30               67.73                   
                1145                  30               70.41                   
                1155                  30               73.10                   
                1165                  30              106.53                   
                1175                  30               89.80                   
                1185                  30               70.76                   
                1195                  30               66.34                   
                1205                  30               66.19                   
                1215                  30               68.26                   
                1225                  30               66.43                   
                1235                  30               72.93                   
                1245                  30               77.55                   
                1255                  30               62.78                   
                1265                  30               51.27                   
                1275                  30               54.62                   
                1285                  30               78.80                   
                1295                  30               94.13                   
                1305                  30              100.12                   
                1315                  30               73.72                   
                1325                  30               73.10                   
                1335                  30              103.34                   
                1345                  30              124.04                   
                1355                  30              122.08                   
                1365                  30              108.34                   
                1375                  30               86.46                   
                1385                  30               83.64                   
                1395                  30              115.89                   
                1405                  30              148.13                   
                1415                  30              183.83                   
                1425                  30              177.81                   
                1435                  30              155.87                   
                1445                  30              142.82                   
                1455                  30              148.42                   
                1465                  30              186.51                   
                1475                  30              213.44                   
                1485                  30              217.39                   
                1495                  30              195.91                   
                1505                  30              179.06                   
                1515                  30              171.66                   
                1525                  30              175.93                   
                1535                  30              181.65                   
                1545                  30              190.43                   
                1555                  30              170.62                   
                1565                  30              167.79                   
                1575                  30              146.58                   
                1585                  30              112.27                   
                1595                  30               82.67                   
                1605                  30               90.19                   
                1615                  30               96.53                   
                1625                  30               67.07                   
                  60                  40               51.81                   
                  70                  40               77.32                   
                  80                  40               57.02                   
                 100                  40               43.18                   
                 110                  40               29.34                   
                 120                  40               32.18                   
                 140                  40               27.73                   
                 150                  40               22.01                   
                 160                  40               16.30                   
                 180                  40               29.19                   
                 190                  40               42.09                   
                 200                  40               40.77                   
                 220                  40               39.45                   
                 230                  40               34.83                   
                 240                  40               31.37                   
                 250                  40               31.13                   
                 260                  40               27.34                   
                 270                  40               35.69                   
                 280                  40               33.76                   
                 290                  40               33.86                   
                 300                  40               34.93                   
                 310                  40               34.60                   
                 320                  40               32.20                   
                 330                  40               26.93                   
                 340                  40               26.38                   
                 350                  40               28.83                   
                 360                  40               23.01                   
                 370                  40               22.61                   
                 380                  40               23.91                   
                 390                  40               25.22                   
                 400                  40               34.71                   
                 410                  40               32.10                   
                 420                  40               29.48                   
                 430                  40               33.08                   
                 440                  40               36.81                   
                 450                  40               27.43                   
                 460                  40               37.81                   
                 470                  40               31.97                   
                 480                  40               26.14                   
                 490                  40               27.32                   
                 500                  40               19.27                   
                 510                  40               28.89                   
                 520                  40               23.48                   
                 530                  40               38.95                   
                 540                  40               54.42                   
                 550                  40               78.22                   
                 560                  40               63.25                   
                 570                  40               79.89                   
                 580                  40               96.52                   
                 590                  40               92.10                   
                 600                  40               87.69                   
                 610                  40               69.48                   
                 620                  40               51.28                   
                 630                  40               48.46                   
                 640                  40               44.58                   
                 650                  40               32.33                   
                 660                  40               29.74                   
                 670                  40               27.15                   
                 680                  40               36.42                   
                 690                  40               53.10                   
                 700                  40               58.96                   
                 710                  40               58.61                   
                 720                  40               52.92                   
                 730                  40               63.50                   
                 740                  40               44.26                   
                 750                  40               33.65                   
                 760                  40               39.61                   
                 770                  40               36.79                   
                 780                  40               34.46                   
                 790                  40               41.72                   
                 800                  40               54.73                   
                 810                  40               72.99                   
                 820                  40               54.82                   
                 830                  40               36.65                   
                 840                  40               38.12                   
                 850                  40               47.80                   
                 860                  40               34.96                   
                 870                  40               34.62                   
                 880                  40               46.26                   
                 890                  40               41.85                   
                 900                  40               37.44                   
                 910                  40               37.96                   
                 920                  40               42.62                   
                 930                  40               40.11                   
                 940                  40               52.55                   
                 950                  40               71.18                   
                 960                  40               79.70                   
                 970                  40               81.75                   
                 980                  40               83.06                   
                 990                  40               72.68                   
                1000                  40               60.41                   
                1010                  40               68.87                   
                1020                  40               76.40                   
                1030                  40               99.95                   
                1040                  40               84.55                   
                1050                  40               67.85                   
                1060                  40               51.14                   
                1070                  40               54.28                   
                1080                  40               59.60                   
                1090                  40               64.93                   
                1100                  40               96.13                   
                1110                  40              115.89                   
                1120                  40              117.52                   
                1130                  40               82.36                   
                1140                  40               60.58                   
                1150                  40               50.48                   
                1160                  40               40.38                   
                1170                  40               59.26                   
                1180                  40               62.46                   
                1190                  40               68.33                   
                1200                  40               56.18                   
                1210                  40               72.82                   
                1220                  40               78.74                   
                1230                  40               76.02                   
                1240                  40               54.25                   
                1250                  40               51.81                   
                1260                  40               49.37                   
                1270                  40               48.09                   
                1280                  40               58.39                   
                1290                  40               58.87                   
                1300                  40               76.13                   
                1310                  40               82.69                   
                1320                  40               81.74                   
                1330                  40               93.76                   
                1340                  40              101.25                   
                1350                  40              114.24                   
                1360                  40              101.40                   
                1370                  40               81.23                   
                1380                  40               74.61                   
                1390                  40               93.08                   
                1400                  40              111.56                   
                1410                  40              149.21                   
                1420                  40              151.99                   
                1430                  40              160.03                   
                1440                  40              138.13                   
                1450                  40              134.99                   
                1460                  40              156.98                   
                1470                  40              159.62                   
                1480                  40              174.32                   
                1490                  40              173.04                   
                1500                  40              152.26                   
                1510                  40              145.84                   
                1520                  40              123.07                   
                1530                  40              140.52                   
                1540                  40              164.30                   
                1550                  40              165.88                   
                1560                  40              149.22                   
                1570                  40              120.42                   
                1580                  40              103.92                   
                1590                  40               91.92                   
                1600                  40              127.17                   
                1610                  40               94.28                   
                  85                  50               74.62                   
                  95                  50               54.96                   
                 105                  50               75.51                   
                 115                  50               55.57                   
                 135                  50               40.87                   
                 145                  50               30.51                   
                 155                  50               45.06                   
                 165                  50               59.62                   
                 185                  50               39.87                   
                 195                  50               48.57                   
                 205                  50               57.27                   
                 215                  50               51.64                   
                 235                  50               46.02                   
                 245                  50               32.45                   
                 255                  50               29.47                   
                 265                  50               26.48                   
                 275                  50               19.39                   
                 285                  50               26.61                   
                 295                  50               22.51                   
                 305                  50               25.82                   
                 315                  50               20.42                   
                 325                  50               17.99                   
                 335                  50               17.11                   
                 345                  50               17.68                   
                 355                  50               16.69                   
                 365                  50               24.90                   
                 375                  50               33.12                   
                 385                  50               45.01                   
                 395                  50               35.75                   
                 405                  50               26.50                   
                 415                  50               35.73                   
                 425                  50               38.09                   
                 435                  50               40.45                   
                 445                  50               55.10                   
                 455                  50               50.40                   
                 465                  50               40.07                   
                 475                  50               29.75                   
                 485                  50               22.57                   
                 495                  50               25.56                   
                 505                  50               28.55                   
                 515                  50               33.52                   
                 525                  50               48.73                   
                 535                  50               63.94                   
                 545                  50               89.39                   
                 555                  50               83.32                   
                 565                  50               77.25                   
                 575                  50               56.59                   
                 585                  50               54.45                   
                 595                  50               70.98                   
                 605                  50               87.50                   
                 615                  50               74.94                   
                 625                  50               62.38                   
                 635                  50               45.63                   
                 645                  50               39.43                   
                 655                  50               55.12                   
                 665                  50               53.86                   
                 675                  50               35.91                   
                 685                  50               43.44                   
                 695                  50               52.71                   
                 705                  50               60.90                   
                 715                  50               62.89                   
                 725                  50               48.32                   
                 735                  50               33.75                   
                 745                  50               31.56                   
                 755                  50               29.02                   
                 765                  50               27.55                   
                 775                  50               36.35                   
                 785                  50               45.15                   
                 795                  50               34.91                   
                 805                  50               44.54                   
                 815                  50               55.91                   
                 825                  50               48.62                   
                 835                  50               33.87                   
                 845                  50               43.29                   
                 855                  50               52.72                   
                 865                  50               49.88                   
                 875                  50               64.56                   
                 885                  50               58.37                   
                 895                  50               52.19                   
                 905                  50               59.36                   
                 915                  50               52.80                   
                 925                  50               54.73                   
                 935                  50               60.98                   
                 945                  50               62.49                   
                 955                  50               63.33                   
                 965                  50               67.29                   
                 975                  50               64.05                   
                 985                  50               54.14                   
                 995                  50               59.97                   
                1005                  50               63.90                   
                1015                  50               58.25                   
                1025                  50               47.50                   
                1035                  50               36.74                   
                1045                  50               50.47                   
                1055                  50               58.25                   
                1065                  50               42.71                   
                1075                  50               56.05                   
                1085                  50               72.21                   
                1095                  50               82.34                   
                1105                  50               85.98                   
                1115                  50               98.66                   
                1125                  50               76.37                   
                1135                  50               54.07                   
                1145                  50               42.30                   
                1155                  50               30.53                   
                1165                  50               31.04                   
                1175                  50               35.67                   
                1185                  50               49.23                   
                1195                  50               62.79                   
                1205                  50               76.56                   
                1215                  50               69.39                   
                1225                  50               65.93                   
                1235                  50               60.25                   
                1245                  50               59.93                   
                1255                  50               51.79                   
                1265                  50               44.89                   
                1275                  50               38.86                   
                1285                  50               39.79                   
                1295                  50               48.16                   
                1305                  50               61.59                   
                1315                  50               81.67                   
                1325                  50               91.17                   
                1335                  50               98.23                   
                1345                  50              102.22                   
                1355                  50               83.52                   
                1365                  50               77.10                   
                1375                  50               80.30                   
                1385                  50               71.70                   
                1395                  50               87.05                   
                1405                  50              107.41                   
                1415                  50              115.56                   
                1425                  50              111.54                   
                1435                  50              137.37                   
                1445                  50              140.48                   
                1455                  50              139.62                   
                1465                  50              129.38                   
                1475                  50              119.58                   
                1485                  50              111.74                   
                1495                  50              110.32                   
                1505                  50              109.35                   
                1515                  50              107.57                   
                1525                  50              103.46                   
                1535                  50              119.32                   
                1545                  50              126.31                   
                1555                  50              145.35                   
                1565                  50              119.37                   
                1575                  50              113.69                   
                1585                  50               87.35                   
                1595                  50               63.56                   
                  90                  60               48.35                   
                 100                  60               54.99                   
                 110                  60               46.22                   
                 130                  60               37.46                   
                 140                  60               33.36                   
                 150                  60               46.61                   
                 160                  60               59.85                   
                 170                  60               47.15                   
                 190                  60               34.45                   
                 200                  60               24.40                   
                 210                  60               32.58                   
                 220                  60               40.77                   
                 230                  60               35.48                   
                 250                  60               30.19                   
                 260                  60               24.36                   
                 270                  60               18.54                   
                 280                  60               19.07                   
                 290                  60               17.65                   
                 300                  60               15.97                   
                 310                  60               14.28                   
                 320                  60               14.46                   
                 330                  60               17.09                   
                 340                  60               18.08                   
                 350                  60               24.67                   
                 360                  60               36.89                   
                 370                  60               31.30                   
                 380                  60               25.72                   
                 390                  60               29.35                   
                 400                  60               32.78                   
                 410                  60               36.22                   
                 420                  60               49.76                   
                 430                  60               46.62                   
                 440                  60               43.48                   
                 450                  60               31.87                   
                 460                  60               29.70                   
                 470                  60               27.53                   
                 480                  60               37.48                   
                 490                  60               47.43                   
                 500                  60               34.73                   
                 510                  60               33.47                   
                 520                  60               32.20                   
                 530                  60               39.15                   
                 540                  60               50.29                   
                 550                  60               66.74                   
                 560                  60               51.91                   
                 570                  60               37.52                   
                 580                  60               53.14                   
                 590                  60               90.36                   
                 600                  60              127.58                   
                 610                  60              127.58                   
                 620                  60              127.57                   
                 630                  60               86.66                   
                 640                  60               67.93                   
                 650                  60               49.20                   
                 660                  60               50.10                   
                 670                  60               59.78                   
                 680                  60               86.30                   
                 690                  60               66.15                   
                 700                  60               67.41                   
                 710                  60               57.65                   
                 720                  60               47.88                   
                 730                  60               50.29                   
                 740                  60               41.25                   
                 750                  60               37.36                   
                 760                  60               26.91                   
                 770                  60               35.06                   
                 780                  60               43.20                   
                 790                  60               37.29                   
                 800                  60               43.19                   
                 810                  60               44.48                   
                 820                  60               44.92                   
                 830                  60               54.64                   
                 840                  60               59.23                   
                 850                  60               54.44                   
                 860                  60               47.29                   
                 870                  60               37.58                   
                 880                  60               54.01                   
                 890                  60               59.27                   
                 900                  60               54.13                   
                 910                  60               55.42                   
                 920                  60               55.62                   
                 930                  60               65.17                   
                 940                  60               66.55                   
                 950                  60               65.79                   
                 960                  60               67.73                   
                 970                  60               54.75                   
                 980                  60               57.36                   
                 990                  60               55.72                   
                1000                  60               57.25                   
                1010                  60               43.92                   
                1020                  60               30.58                   
                1030                  60               42.61                   
                1040                  60               49.84                   
                1050                  60               52.59                   
                1060                  60               61.65                   
                1070                  60               64.14                   
                1080                  60               71.19                   
                1090                  60               74.10                   
                1100                  60               78.06                   
                1110                  60               78.11                   
                1120                  60               73.17                   
                1130                  60               57.69                   
                1140                  60               46.55                   
                1150                  60               35.41                   
                1160                  60               27.11                   
                1170                  60               30.87                   
                1180                  60               41.58                   
                1190                  60               52.29                   
                1200                  60               69.96                   
                1210                  60               53.65                   
                1220                  60               56.35                   
                1230                  60               59.05                   
                1240                  60               50.27                   
                1250                  60               51.63                   
                1260                  60               38.39                   
                1270                  60               43.50                   
                1280                  60               33.90                   
                1290                  60               49.35                   
                1300                  60               47.15                   
                1310                  60               58.21                   
                1320                  60               77.12                   
                1330                  60               83.88                   
                1340                  60               79.33                   
                1350                  60               86.69                   
                1360                  60               80.45                   
                1370                  60               79.06                   
                1380                  60               63.14                   
                1390                  60               78.38                   
                1400                  60               88.51                   
                1410                  60               88.01                   
                1420                  60               89.93                   
                1430                  60               97.79                   
                1440                  60              118.00                   
                1450                  60              124.53                   
                1460                  60              102.03                   
                1470                  60              100.33                   
                1480                  60               89.57                   
                1490                  60               79.19                   
                1500                  60               83.31                   
                1510                  60               87.42                   
                1520                  60              109.76                   
                1530                  60               94.79                   
                1540                  60               86.65                   
                1550                  60               94.79                   
                1560                  60              109.69                   
                1570                  60               85.45                   
                1580                  60               61.44                   
                 105                  70               44.43                   
                 125                  70               31.61                   
                 135                  70               24.87                   
                 145                  70               18.13                   
                 155                  70               34.52                   
                 165                  70               50.92                   
                 175                  70               48.80                   
                 195                  70               46.67                   
                 205                  70               34.62                   
                 215                  70               24.87                   
                 225                  70               47.00                   
                 235                  70               69.14                   
                 245                  70               55.89                   
                 265                  70               41.47                   
                 275                  70               31.99                   
                 285                  70               22.50                   
                 295                  70               15.49                   
                 305                  70               13.15                   
                 315                  70               15.62                   
                 325                  70               18.08                   
                 335                  70               14.51                   
                 345                  70               21.49                   
                 355                  70               28.46                   
                 365                  70               20.96                   
                 375                  70               19.72                   
                 385                  70               24.24                   
                 395                  70               35.86                   
                 405                  70               47.49                   
                 415                  70               41.82                   
                 425                  70               36.16                   
                 435                  70               29.98                   
                 445                  70               23.80                   
                 455                  70               18.28                   
                 465                  70               20.23                   
                 475                  70               22.18                   
                 485                  70               31.60                   
                 495                  70               26.22                   
                 505                  70               34.62                   
                 515                  70               43.01                   
                 525                  70               40.01                   
                 535                  70               37.01                   
                 545                  70               42.55                   
                 555                  70               57.80                   
                 565                  70               73.04                   
                 575                  70               56.09                   
                 585                  70               39.14                   
                 595                  70               66.50                   
                 605                  70               93.86                   
                 615                  70              137.69                   
                 625                  70              111.71                   
                 635                  70               82.23                   
                 645                  70               69.85                   
                 655                  70               57.47                   
                 665                  70               61.75                   
                 675                  70               62.77                   
                 685                  70               69.92                   
                 695                  70               65.48                   
                 705                  70               56.93                   
                 715                  70               56.33                   
                 725                  70               49.17                   
                 735                  70               44.64                   
                 745                  70               46.51                   
                 755                  70               41.66                   
                 765                  70               35.20                   
                 775                  70               34.11                   
                 785                  70               39.13                   
                 795                  70               44.62                   
                 805                  70               45.28                   
                 815                  70               44.51                   
                 825                  70               46.09                   
                 835                  70               53.50                   
                 845                  70               69.93                   
                 855                  70               50.83                   
                 865                  70               43.56                   
                 875                  70               36.28                   
                 885                  70               49.54                   
                 895                  70               52.27                   
                 905                  70               51.53                   
                 915                  70               57.74                   
                 925                  70               49.32                   
                 935                  70               61.43                   
                 945                  70               67.71                   
                 955                  70               57.83                   
                 965                  70               55.42                   
                 975                  70               51.52                   
                 985                  70               44.41                   
                 995                  70               59.74                   
                1005                  70               46.47                   
                1015                  70               35.39                   
                1025                  70               34.64                   
                1035                  70               39.07                   
                1045                  70               49.26                   
                1055                  70               47.13                   
                1065                  70               47.49                   
                1075                  70               58.02                   
                1085                  70               74.48                   
                1095                  70               60.86                   
                1105                  70               64.80                   
                1115                  70               56.47                   
                1125                  70               63.27                   
                1135                  70               56.35                   
                1145                  70               37.76                   
                1155                  70               28.46                   
                1165                  70               35.62                   
                1175                  70               42.79                   
                1185                  70               44.59                   
                1195                  70               37.23                   
                1205                  70               29.87                   
                1215                  70               37.34                   
                1225                  70               49.48                   
                1235                  70               41.50                   
                1245                  70               44.87                   
                1255                  70               42.17                   
                1265                  70               39.68                   
                1275                  70               45.41                   
                1285                  70               44.87                   
                1295                  70               46.37                   
                1305                  70               56.92                   
                1315                  70               58.26                   
                1325                  70               65.99                   
                1335                  70               65.68                   
                1345                  70               72.66                   
                1355                  70               71.67                   
                1365                  70               77.11                   
                1375                  70               64.77                   
                1385                  70               73.37                   
                1395                  70               75.12                   
                1405                  70               76.42                   
                1415                  70               74.55                   
                1425                  70               88.91                   
                1435                  70               92.93                   
                1445                  70               96.97                   
                1455                  70               88.68                   
                1465                  70               81.74                   
                1475                  70               70.38                   
                1485                  70               65.32                   
                1495                  70               60.33                   
                1505                  70               78.70                   
                1515                  70               76.71                   
                1525                  70               76.73                   
                1535                  70               77.89                   
                1545                  70               81.11                   
                1555                  70               68.03                   
                1565                  70               54.95                   
                 120                  80               37.96                   
                 130                  80               27.06                   
                 140                  80               21.89                   
                 150                  80               16.73                   
                 160                  80               22.12                   
                 170                  80               27.51                   
                 180                  80               33.48                   
                 200                  80               39.45                   
                 210                  80               29.13                   
                 220                  80               23.94                   
                 230                  80               37.01                   
                 240                  80               50.09                   
                 250                  80               72.58                   
                 260                  80               55.79                   
                 280                  80               38.49                   
                 290                  80               32.07                   
                 300                  80               23.98                   
                 310                  80               32.04                   
                 320                  80               40.10                   
                 330                  80               34.89                   
                 340                  80               24.67                   
                 350                  80               23.15                   
                 360                  80               21.63                   
                 370                  80               28.99                   
                 380                  80               25.07                   
                 390                  80               36.16                   
                 400                  80               47.25                   
                 410                  80               36.28                   
                 420                  80               38.53                   
                 430                  80               40.78                   
                 440                  80               32.83                   
                 450                  80               29.57                   
                 460                  80               35.16                   
                 470                  80               46.18                   
                 480                  80               34.61                   
                 490                  80               50.67                   
                 500                  80               66.73                   
                 510                  80               53.68                   
                 520                  80               52.25                   
                 530                  80               41.85                   
                 540                  80               52.04                   
                 550                  80               62.24                   
                 560                  80               48.95                   
                 570                  80               35.66                   
                 580                  80               52.53                   
                 590                  80               51.72                   
                 600                  80               58.62                   
                 610                  80               70.54                   
                 620                  80               63.14                   
                 630                  80               71.99                   
                 640                  80               80.83                   
                 650                  80               82.20                   
                 660                  80               71.88                   
                 670                  80               71.82                   
                 680                  80               70.63                   
                 690                  80               59.77                   
                 700                  80               66.38                   
                 710                  80               72.02                   
                 720                  80               58.13                   
                 730                  80               45.43                   
                 740                  80               43.04                   
                 750                  80               38.13                   
                 760                  80               38.18                   
                 770                  80               36.57                   
                 780                  80               45.59                   
                 790                  80               41.42                   
                 800                  80               49.18                   
                 810                  80               50.55                   
                 820                  80               54.52                   
                 830                  80               58.52                   
                 840                  80               52.60                   
                 850                  80               58.85                   
                 860                  80               57.46                   
                 870                  80               54.22                   
                 880                  80               40.88                   
                 890                  80               51.74                   
                 900                  80               50.70                   
                 910                  80               54.77                   
                 920                  80               57.85                   
                 930                  80               59.39                   
                 940                  80               46.67                   
                 950                  80               57.84                   
                 960                  80               66.28                   
                 970                  80               55.79                   
                 980                  80               45.31                   
                 990                  80               35.37                   
                1000                  80               24.91                   
                1010                  80               22.88                   
                1020                  80               25.39                   
                1030                  80               35.67                   
                1040                  80               45.94                   
                1050                  80               47.61                   
                1060                  80               42.28                   
                1070                  80               43.53                   
                1080                  80               56.47                   
                1090                  80               52.71                   
                1100                  80               68.21                   
                1110                  80               57.44                   
                1120                  80               73.48                   
                1130                  80               73.48                   
                1140                  80               61.03                   
                1150                  80               52.02                   
                1160                  80               50.13                   
                1170                  80               53.29                   
                1180                  80               36.98                   
                1190                  80               35.33                   
                1200                  80               29.47                   
                1210                  80               26.32                   
                1220                  80               24.76                   
                1230                  80               31.15                   
                1240                  80               26.49                   
                1250                  80               26.63                   
                1260                  80               30.62                   
                1270                  80               37.50                   
                1280                  80               44.38                   
                1290                  80               44.70                   
                1300                  80               47.39                   
                1310                  80               54.41                   
                1320                  80               64.68                   
                1330                  80               72.18                   
                1340                  80               69.80                   
                1350                  80               67.41                   
                1360                  80               64.37                   
                1370                  80               60.87                   
                1380                  80               68.21                   
                1390                  80               69.82                   
                1400                  80               69.53                   
                1410                  80               70.28                   
                1420                  80               74.74                   
                1430                  80               67.61                   
                1440                  80               77.90                   
                1450                  80               71.12                   
                1460                  80               72.75                   
                1470                  80               49.78                   
                1480                  80               60.67                   
                1490                  80               76.76                   
                1500                  80               70.51                   
                1510                  80               68.94                   
                1520                  80               67.45                   
                1530                  80               66.61                   
                1540                  80               53.36                   
                1550                  80               40.12                   
                 135                  90               28.81                   
                 145                  90               26.34                   
                 155                  90               33.53                   
                 165                  90               40.73                   
                 175                  90               50.31                   
                 185                  90               59.90                   
                 205                  90               61.80                   
                 215                  90               45.30                   
                 225                  90               32.38                   
                 235                  90               28.19                   
                 245                  90               23.99                   
                 255                  90               44.88                   
                 265                  90               65.76                   
                 275                  90               54.17                   
                 295                  90               39.55                   
                 305                  90               33.70                   
                 315                  90               27.85                   
                 325                  90               30.76                   
                 335                  90               23.41                   
                 345                  90               16.06                   
                 355                  90               26.33                   
                 365                  90               45.05                   
                 375                  90               63.77                   
                 385                  90               60.02                   
                 395                  90               56.27                   
                 405                  90               42.20                   
                 415                  90               32.57                   
                 425                  90               22.94                   
                 435                  90               24.80                   
                 445                  90               26.66                   
                 455                  90               41.98                   
                 465                  90               57.29                   
                 475                  90               57.58                   
                 485                  90               57.88                   
                 495                  90               60.15                   
                 505                  90               62.43                   
                 515                  90               48.26                   
                 525                  90               39.30                   
                 535                  90               49.95                   
                 545                  90               69.98                   
                 555                  90               90.00                   
                 565                  90               91.04                   
                 575                  90               92.08                   
                 585                  90               72.51                   
                 595                  90               88.52                   
                 605                  90               69.05                   
                 615                  90               49.58                   
                 625                  90               45.02                   
                 635                  90               76.90                   
                 645                  90              108.78                   
                 655                  90              154.62                   
                 665                  90              114.03                   
                 675                  90               92.92                   
                 685                  90               71.81                   
                 695                  90               55.18                   
                 705                  90               69.59                   
                 715                  90               60.27                   
                 725                  90               48.44                   
                 735                  90               39.94                   
                 745                  90               47.23                   
                 755                  90               38.59                   
                 765                  90               29.95                   
                 775                  90               32.34                   
                 785                  90               41.28                   
                 795                  90               43.12                   
                 805                  90               52.49                   
                 815                  90               58.95                   
                 825                  90               65.89                   
                 835                  90               60.14                   
                 845                  90               53.92                   
                 855                  90               58.50                   
                 865                  90               63.44                   
                 875                  90               54.50                   
                 885                  90               59.46                   
                 895                  90               48.23                   
                 905                  90               52.68                   
                 915                  90               40.64                   
                 925                  90               52.26                   
                 935                  90               45.42                   
                 945                  90               53.37                   
                 955                  90               46.01                   
                 965                  90               39.09                   
                 975                  90               29.10                   
                 985                  90               33.48                   
                 995                  90               27.86                   
                1005                  90               22.25                   
                1015                  90               29.01                   
                1025                  90               42.04                   
                1035                  90               33.61                   
                1045                  90               44.71                   
                1055                  90               39.35                   
                1065                  90               46.26                   
                1075                  90               61.99                   
                1085                  90               64.14                   
                1095                  90               74.33                   
                1105                  90               65.96                   
                1115                  90               57.59                   
                1125                  90               65.76                   
                1135                  90               57.94                   
                1145                  90               43.51                   
                1155                  90               29.08                   
                1165                  90               42.69                   
                1175                  90               56.31                   
                1185                  90               43.08                   
                1195                  90               29.84                   
                1205                  90               27.82                   
                1215                  90               29.63                   
                1225                  90               33.08                   
                1235                  90               36.52                   
                1245                  90               34.78                   
                1255                  90               33.05                   
                1265                  90               30.31                   
                1275                  90               31.71                   
                1285                  90               35.17                   
                1295                  90               39.10                   
                1305                  90               41.75                   
                1315                  90               50.81                   
                1325                  90               57.68                   
                1335                  90               74.01                   
                1345                  90               57.74                   
                1355                  90               62.14                   
                1365                  90               56.97                   
                1375                  90               76.83                   
                1385                  90               71.08                   
                1395                  90               77.82                   
                1405                  90               72.44                   
                1415                  90               55.68                   
                1425                  90               71.47                   
                1435                  90               66.63                   
                1445                  90               61.88                   
                1455                  90               65.94                   
                1465                  90               60.53                   
                1475                  90               72.90                   
                1485                  90               62.27                   
                1495                  90               68.85                   
                1505                  90               72.30                   
                1515                  90               64.87                   
                1525                  90               52.48                   
                1535                  90               40.08                   
                 150                 100               27.80                   
                 160                 100               40.41                   
                 170                 100               71.70                   
                 180                 100              103.00                   
                 190                 100               94.10                   
                 210                 100               85.20                   
                 220                 100               75.64                   
                 230                 100               55.31                   
                 240                 100               39.59                   
                 250                 100               27.94                   
                 260                 100               28.81                   
                 270                 100               46.60                   
                 280                 100               64.38                   
                 290                 100               50.12                   
                 310                 100               35.86                   
                 320                 100               28.73                   
                 330                 100               21.59                   
                 340                 100               29.27                   
                 350                 100               43.10                   
                 360                 100               56.92                   
                 370                 100               55.93                   
                 380                 100               54.95                   
                 390                 100               40.72                   
                 400                 100               33.31                   
                 410                 100               41.29                   
                 420                 100               32.92                   
                 430                 100               24.56                   
                 440                 100               24.32                   
                 450                 100               30.55                   
                 460                 100               36.78                   
                 470                 100               26.55                   
                 480                 100               27.79                   
                 490                 100               31.55                   
                 500                 100               37.84                   
                 510                 100               46.73                   
                 520                 100               43.95                   
                 530                 100               49.41                   
                 540                 100               43.33                   
                 550                 100               48.21                   
                 560                 100               53.09                   
                 570                 100               46.53                   
                 580                 100               61.82                   
                 590                 100               53.71                   
                 600                 100               45.60                   
                 610                 100               58.86                   
                 620                 100               72.13                   
                 630                 100               50.64                   
                 640                 100               71.12                   
                 650                 100               69.96                   
                 660                 100               72.65                   
                 670                 100               80.92                   
                 680                 100               77.83                   
                 690                 100               74.74                   
                 700                 100               60.66                   
                 710                 100               66.23                   
                 720                 100               58.31                   
                 730                 100               58.53                   
                 740                 100               48.03                   
                 750                 100               37.54                   
                 760                 100               45.12                   
                 770                 100               41.91                   
                 780                 100               44.49                   
                 790                 100               48.56                   
                 800                 100               52.55                   
                 810                 100               56.54                   
                 820                 100               52.71                   
                 830                 100               63.95                   
                 840                 100               58.73                   
                 850                 100               87.28                   
                 860                 100              115.84                   
                 870                 100               89.21                   
                 880                 100               60.75                   
                 890                 100               52.31                   
                 900                 100               63.98                   
                 910                 100               52.32                   
                 920                 100               58.14                   
                 930                 100               41.98                   
                 940                 100               42.59                   
                 950                 100               29.59                   
                 960                 100               26.12                   
                 970                 100               28.49                   
                 980                 100               30.28                   
                 990                 100               31.16                   
                1000                 100               27.82                   
                1010                 100               35.15                   
                1020                 100               42.68                   
                1030                 100               34.92                   
                1040                 100               39.88                   
                1050                 100               51.48                   
                1060                 100               57.12                   
                1070                 100               70.08                   
                1080                 100               61.25                   
                1090                 100               49.98                   
                1100                 100               70.19                   
                1110                 100               65.02                   
                1120                 100               63.96                   
                1130                 100               67.56                   
                1140                 100               58.94                   
                1150                 100               43.24                   
                1160                 100               42.34                   
                1170                 100               38.68                   
                1180                 100               36.67                   
                1190                 100               26.08                   
                1200                 100               38.88                   
                1210                 100               27.97                   
                1220                 100               27.86                   
                1230                 100               27.75                   
                1240                 100               24.07                   
                1250                 100               30.34                   
                1260                 100               27.54                   
                1270                 100               31.93                   
                1280                 100               30.50                   
                1290                 100               32.58                   
                1300                 100               44.59                   
                1310                 100               49.41                   
                1320                 100               51.07                   
                1330                 100               53.32                   
                1340                 100               54.90                   
                1350                 100               60.25                   
                1360                 100               61.36                   
                1370                 100               66.90                   
                1380                 100               71.51                   
                1390                 100               76.14                   
                1400                 100               66.36                   
                1410                 100               71.50                   
                1420                 100               93.92                   
                1430                 100              116.35                   
                1440                 100               90.62                   
                1450                 100               64.90                   
                1460                 100               76.31                   
                1470                 100               65.04                   
                1480                 100               51.10                   
                1490                 100               61.62                   
                1500                 100               66.91                   
                1510                 100               53.89                   
                1520                 100               40.22                   
                 165                 110               39.67                   
                 175                 110               39.12                   
                 185                 110               32.49                   
                 195                 110               30.44                   
                 215                 110               28.38                   
                 225                 110               22.00                   
                 235                 110               30.98                   
                 245                 110               21.90                   
                 255                 110               18.12                   
                 265                 110               12.69                   
                 275                 110               18.87                   
                 285                 110               41.36                   
                 295                 110               49.29                   
                 305                 110               57.21                   
                 325                 110               50.56                   
                 335                 110               34.33                   
                 345                 110               29.82                   
                 355                 110               39.48                   
                 365                 110               31.01                   
                 375                 110               22.55                   
                 385                 110               24.60                   
                 395                 110               24.76                   
                 405                 110               31.38                   
                 415                 110               27.08                   
                 425                 110               26.52                   
                 435                 110               30.06                   
                 445                 110               34.65                   
                 455                 110               45.69                   
                 465                 110               56.72                   
                 475                 110               49.05                   
                 485                 110               41.38                   
                 495                 110               36.88                   
                 505                 110               53.36                   
                 515                 110               44.55                   
                 525                 110               35.80                   
                 535                 110               34.57                   
                 545                 110               39.92                   
                 555                 110               39.23                   
                 565                 110               67.83                   
                 575                 110               96.44                   
                 585                 110              136.36                   
                 595                 110              101.56                   
                 605                 110               76.21                   
                 615                 110               50.86                   
                 625                 110               67.10                   
                 635                 110               83.33                   
                 645                 110               63.37                   
                 655                 110               60.72                   
                 665                 110               80.53                   
                 675                 110               78.06                   
                 685                 110               71.06                   
                 695                 110               59.72                   
                 705                 110               48.39                   
                 715                 110               57.33                   
                 725                 110               57.38                   
                 735                 110               62.09                   
                 745                 110               66.51                   
                 755                 110               75.89                   
                 765                 110               51.93                   
                 775                 110               44.85                   
                 785                 110               40.05                   
                 795                 110               44.01                   
                 805                 110               49.36                   
                 815                 110               55.13                   
                 825                 110               55.53                   
                 835                 110               63.97                   
                 845                 110               58.11                   
                 855                 110               74.13                   
                 865                 110               74.64                   
                 875                 110               93.63                   
                 885                 110               75.75                   
                 895                 110               57.87                   
                 905                 110               67.18                   
                 915                 110               56.37                   
                 925                 110               57.02                   
                 935                 110               39.29                   
                 945                 110               33.83                   
                 955                 110               28.38                   
                 965                 110               27.83                   
                 975                 110               25.18                   
                 985                 110               26.83                   
                 995                 110               32.29                   
                1005                 110               37.74                   
                1015                 110               34.15                   
                1025                 110               30.55                   
                1035                 110               41.14                   
                1045                 110               46.07                   
                1055                 110               50.58                   
                1065                 110               56.43                   
                1075                 110               63.51                   
                1085                 110               64.84                   
                1095                 110               91.80                   
                1105                 110               61.97                   
                1115                 110               64.79                   
                1125                 110               65.49                   
                1135                 110               54.07                   
                1145                 110               42.65                   
                1155                 110               46.64                   
                1165                 110               41.73                   
                1175                 110               30.68                   
                1185                 110               21.45                   
                1195                 110               20.83                   
                1205                 110               20.20                   
                1215                 110               23.96                   
                1225                 110               25.63                   
                1235                 110               24.42                   
                1245                 110               23.95                   
                1255                 110               27.44                   
                1265                 110               25.14                   
                1275                 110               22.62                   
                1285                 110               26.40                   
                1295                 110               37.63                   
                1305                 110               40.47                   
                1315                 110               46.32                   
                1325                 110               54.88                   
                1335                 110               49.19                   
                1345                 110               46.99                   
                1355                 110               51.40                   
                1365                 110               57.63                   
                1375                 110               74.02                   
                1385                 110               52.00                   
                1395                 110               65.26                   
                1405                 110               69.86                   
                1415                 110               96.94                   
                1425                 110               76.28                   
                1435                 110               55.62                   
                1445                 110               74.05                   
                1455                 110               68.70                   
                1465                 110               60.71                   
                1475                 110               71.19                   
                1485                 110               53.98                   
                1495                 110               45.90                   
                1505                 110               37.82                   
                 180                 120               40.68                   
                 190                 120               43.53                   
                 200                 120               36.38                   
                 220                 120               26.86                   
                 230                 120               20.96                   
                 240                 120               15.06                   
                 250                 120               19.08                   
                 260                 120               23.10                   
                 270                 120               33.43                   
                 280                 120               31.39                   
                 290                 120               25.09                   
                 300                 120               29.93                   
                 310                 120               51.26                   
                 320                 120               72.59                   
                 340                 120               96.82                   
                 350                 120              121.06                   
                 360                 120               86.30                   
                 370                 120               62.68                   
                 380                 120               45.74                   
                 390                 120               60.89                   
                 400                 120               76.04                   
                 410                 120               52.50                   
                 420                 120               43.72                   
                 430                 120               34.94                   
                 440                 120               42.11                   
                 450                 120               45.01                   
                 460                 120               66.65                   
                 470                 120               88.29                   
                 480                 120               59.45                   
                 490                 120               56.58                   
                 500                 120               53.70                   
                 510                 120               40.49                   
                 520                 120               47.48                   
                 530                 120               55.35                   
                 540                 120               43.50                   
                 550                 120               31.66                   
                 560                 120               44.05                   
                 570                 120               47.29                   
                 580                 120               50.53                   
                 590                 120               68.74                   
                 600                 120               58.06                   
                 610                 120               48.20                   
                 620                 120               46.24                   
                 630                 120               51.44                   
                 640                 120               67.61                   
                 650                 120               68.26                   
                 660                 120               74.56                   
                 670                 120               66.70                   
                 680                 120               60.94                   
                 690                 120               72.10                   
                 700                 120               58.97                   
                 710                 120               45.83                   
                 720                 120               60.71                   
                 730                 120               56.15                   
                 740                 120               78.93                   
                 750                 120              101.70                   
                 760                 120              146.71                   
                 770                 120              132.51                   
                 780                 120              118.31                   
                 790                 120               80.91                   
                 800                 120               64.43                   
                 810                 120               47.95                   
                 820                 120               69.72                   
                 830                 120               65.35                   
                 840                 120               59.09                   
                 850                 120               64.88                   
                 860                 120               67.96                   
                 870                 120               88.05                   
                 880                 120               78.09                   
                 890                 120               68.12                   
                 900                 120               63.96                   
                 910                 120               66.11                   
                 920                 120               53.13                   
                 930                 120               41.66                   
                 940                 120               36.85                   
                 950                 120               32.25                   
                 960                 120               38.28                   
                 970                 120               35.26                   
                 980                 120               39.46                   
                 990                 120               39.97                   
                1000                 120               26.74                   
                1010                 120               22.40                   
                1020                 120               31.05                   
                1030                 120               39.69                   
                1040                 120               40.54                   
                1050                 120               53.82                   
                1060                 120               55.18                   
                1070                 120               82.19                   
                1080                 120               59.27                   
                1090                 120               39.52                   
                1100                 120               56.91                   
                1110                 120               78.93                   
                1120                 120               70.14                   
                1130                 120               61.34                   
                1140                 120               59.64                   
                1150                 120               68.80                   
                1160                 120               61.51                   
                1170                 120               48.98                   
                1180                 120               36.46                   
                1190                 120               29.77                   
                1200                 120               23.09                   
                1210                 120               25.75                   
                1220                 120               32.02                   
                1230                 120               22.85                   
                1240                 120               19.23                   
                1250                 120               15.60                   
                1260                 120               19.03                   
                1270                 120               15.99                   
                1280                 120               18.76                   
                1290                 120               21.75                   
                1300                 120               29.57                   
                1310                 120               37.39                   
                1320                 120               38.47                   
                1330                 120               44.63                   
                1340                 120               57.88                   
                1350                 120               53.83                   
                1360                 120               74.83                   
                1370                 120               95.84                   
                1380                 120               67.05                   
                1390                 120               61.60                   
                1400                 120               56.14                   
                1410                 120               50.12                   
                1420                 120               74.00                   
                1430                 120               68.93                   
                1440                 120               70.10                   
                1450                 120               64.65                   
                1460                 120               62.72                   
                1470                 120               61.52                   
                1480                 120               49.18                   
                1490                 120               63.05                   
                 195                 130               76.93                   
                 205                 130               57.14                   
                 225                 130               58.02                   
                 235                 130               47.50                   
                 245                 130               53.57                   
                 255                 130               46.47                   
                 265                 130               39.37                   
                 275                 130               29.87                   
                 285                 130               20.36                   
                 295                 130               18.75                   
                 305                 130               33.97                   
                 315                 130               49.20                   
                 325                 130               70.82                   
                 335                 130               58.55                   
                 355                 130               46.28                   
                 365                 130               65.25                   
                 375                 130               84.21                   
                 385                 130               82.33                   
                 395                 130               80.45                   
                 405                 130               59.16                   
                 415                 130               49.15                   
                 425                 130               39.13                   
                 435                 130               37.69                   
                 445                 130               42.20                   
                 455                 130               58.37                   
                 465                 130               74.54                   
                 475                 130               81.76                   
                 485                 130               59.64                   
                 495                 130               49.51                   
                 505                 130               39.38                   
                 515                 130               33.99                   
                 525                 130               26.12                   
                 535                 130               35.53                   
                 545                 130               44.93                   
                 555                 130               56.93                   
                 565                 130               68.93                   
                 575                 130               55.62                   
                 585                 130               42.32                   
                 595                 130               40.89                   
                 605                 130               45.63                   
                 615                 130               41.23                   
                 625                 130               57.63                   
                 635                 130               74.03                   
                 645                 130              105.51                   
                 655                 130              148.07                   
                 665                 130              112.23                   
                 675                 130               76.38                   
                 685                 130               71.09                   
                 695                 130               87.98                   
                 705                 130              104.86                   
                 715                 130              143.06                   
                 725                 130              108.54                   
                 735                 130               77.17                   
                 745                 130               58.81                   
                 755                 130               40.44                   
                 765                 130               45.41                   
                 775                 130               65.45                   
                 785                 130               56.09                   
                 795                 130               46.73                   
                 805                 130               47.20                   
                 815                 130               60.65                   
                 825                 130               50.10                   
                 835                 130               66.88                   
                 845                 130               85.74                   
                 855                 130              104.61                   
                 865                 130               74.47                   
                 875                 130               61.70                   
                 885                 130               66.70                   
                 895                 130               73.89                   
                 905                 130               99.17                   
                 915                 130               80.28                   
                 925                 130               60.50                   
                 935                 130               40.72                   
                 945                 130               43.17                   
                 955                 130               42.43                   
                 965                 130               31.16                   
                 975                 130               26.20                   
                 985                 130               21.24                   
                 995                 130               23.12                   
                1005                 130               32.40                   
                1015                 130               29.17                   
                1025                 130               33.91                   
                1035                 130               35.72                   
                1045                 130               33.39                   
                1055                 130               42.60                   
                1065                 130               56.06                   
                1075                 130               59.28                   
                1085                 130               58.96                   
                1095                 130               63.27                   
                1105                 130               63.93                   
                1115                 130               59.65                   
                1125                 130               69.85                   
                1135                 130               48.57                   
                1145                 130               56.97                   
                1155                 130               58.95                   
                1165                 130               66.94                   
                1175                 130               48.77                   
                1185                 130               40.88                   
                1195                 130               32.99                   
                1205                 130               35.39                   
                1215                 130               25.46                   
                1225                 130               21.90                   
                1235                 130               23.19                   
                1245                 130               28.97                   
                1255                 130               22.74                   
                1265                 130               24.65                   
                1275                 130               31.00                   
                1285                 130               29.47                   
                1295                 130               40.67                   
                1305                 130               51.87                   
                1315                 130               45.72                   
                1325                 130               41.63                   
                1335                 130               49.17                   
                1345                 130               48.15                   
                1355                 130               47.13                   
                1365                 130               59.28                   
                1375                 130               83.85                   
                1385                 130              108.43                   
                1395                 130              146.07                   
                1405                 130              111.19                   
                1415                 130               76.30                   
                1425                 130               77.74                   
                1435                 130               90.37                   
                1445                 130               70.35                   
                1455                 130               65.35                   
                1465                 130               61.72                   
                1475                 130               41.80                   
                 210                 140               32.12                   
                 230                 140               34.50                   
                 240                 140               36.87                   
                 250                 140               35.38                   
                 260                 140               33.90                   
                 270                 140               40.88                   
                 280                 140               47.87                   
                 290                 140               76.97                   
                 300                 140              106.07                   
                 310                 140              100.74                   
                 320                 140               95.41                   
                 330                 140               67.74                   
                 340                 140               95.20                   
                 350                 140               76.47                   
                 370                 140               83.45                   
                 380                 140               90.42                   
                 390                 140               65.33                   
                 400                 140               52.24                   
                 410                 140               39.16                   
                 420                 140               42.60                   
                 430                 140               54.09                   
                 440                 140               46.06                   
                 450                 140               57.96                   
                 460                 140               69.85                   
                 470                 140               56.06                   
                 480                 140               75.73                   
                 490                 140               60.30                   
                 500                 140               44.87                   
                 510                 140               38.01                   
                 520                 140               31.15                   
                 530                 140               37.01                   
                 540                 140               32.06                   
                 550                 140               31.04                   
                 560                 140               31.59                   
                 570                 140               53.71                   
                 580                 140               75.82                   
                 590                 140              105.35                   
                 600                 140               77.44                   
                 610                 140               63.07                   
                 620                 140               48.69                   
                 630                 140               56.56                   
                 640                 140               61.55                   
                 650                 140               57.06                   
                 660                 140               62.59                   
                 670                 140               68.13                   
                 680                 140               93.05                   
                 690                 140               62.36                   
                 700                 140               68.92                   
                 710                 140               62.54                   
                 720                 140               84.07                   
                 730                 140              101.69                   
                 740                 140               76.53                   
                 750                 140               51.37                   
                 760                 140               46.86                   
                 770                 140               49.45                   
                 780                 140               50.15                   
                 790                 140               51.00                   
                 800                 140               56.17                   
                 810                 140               55.06                   
                 820                 140               50.51                   
                 830                 140               62.11                   
                 840                 140               78.00                   
                 850                 140               60.25                   
                 860                 140               71.26                   
                 870                 140               91.75                   
                 880                 140               79.45                   
                 890                 140               63.36                   
                 900                 140               66.15                   
                 910                 140               70.16                   
                 920                 140               64.03                   
                 930                 140               66.05                   
                 940                 140               54.02                   
                 950                 140               50.07                   
                 960                 140               42.63                   
                 970                 140               33.65                   
                 980                 140               24.68                   
                 990                 140               25.16                   
                1000                 140               31.02                   
                1010                 140               42.40                   
                1020                 140               30.58                   
                1030                 140               34.72                   
                1040                 140               28.44                   
                1050                 140               25.90                   
                1060                 140               33.14                   
                1070                 140               40.38                   
                1080                 140               44.57                   
                1090                 140               63.51                   
                1100                 140               82.45                   
                1110                 140               59.56                   
                1120                 140               82.85                   
                1130                 140               61.73                   
                1140                 140               53.24                   
                1150                 140               67.71                   
                1160                 140               60.22                   
                1170                 140               54.88                   
                1180                 140               43.85                   
                1190                 140               35.26                   
                1200                 140               31.32                   
                1210                 140               33.18                   
                1220                 140               29.60                   
                1230                 140               23.27                   
                1240                 140               26.24                   
                1250                 140               35.45                   
                1260                 140               31.82                   
                1270                 140               28.19                   
                1280                 140               29.23                   
                1290                 140               30.83                   
                1300                 140               30.76                   
                1310                 140               26.34                   
                1320                 140               37.48                   
                1330                 140               49.66                   
                1340                 140               63.86                   
                1350                 140               75.40                   
                1360                 140               86.93                   
                1370                 140              122.80                   
                1380                 140              108.21                   
                1390                 140               93.62                   
                1400                 140               77.72                   
                1410                 140               75.67                   
                1420                 140               52.91                   
                1430                 140               75.79                   
                1440                 140               70.02                   
                1450                 140               66.10                   
                1460                 140               60.79                   
                 235                 150               45.67                   
                 245                 150               59.48                   
                 255                 150               47.94                   
                 265                 150               36.39                   
                 275                 150               36.84                   
                 285                 150               49.96                   
                 295                 150               63.09                   
                 305                 150               43.79                   
                 315                 150               36.41                   
                 325                 150               29.02                   
                 335                 150               36.77                   
                 345                 150               31.50                   
                 355                 150               46.43                   
                 365                 150               61.37                   
                 385                 150               90.09                   
                 395                 150               71.37                   
                 405                 150               73.57                   
                 415                 150               65.69                   
                 425                 150               72.45                   
                 435                 150               79.21                   
                 445                 150               69.87                   
                 455                 150               60.53                   
                 465                 150               41.97                   
                 475                 150               41.80                   
                 485                 150               45.39                   
                 495                 150               43.02                   
                 505                 150               61.10                   
                 515                 150               79.18                   
                 525                 150               88.76                   
                 535                 150               98.33                   
                 545                 150               68.76                   
                 555                 150               62.40                   
                 565                 150               56.04                   
                 575                 150               69.65                   
                 585                 150               83.26                   
                 595                 150               70.44                   
                 605                 150               57.61                   
                 615                 150               56.70                   
                 625                 150               49.19                   
                 635                 150               69.33                   
                 645                 150               62.75                   
                 655                 150               56.16                   
                 665                 150               59.37                   
                 675                 150               88.42                   
                 685                 150               82.58                   
                 695                 150               74.06                   
                 705                 150               65.53                   
                 715                 150               68.73                   
                 725                 150               75.78                   
                 735                 150               82.82                   
                 745                 150              118.70                   
                 755                 150               87.42                   
                 765                 150               69.75                   
                 775                 150               52.09                   
                 785                 150               45.59                   
                 795                 150               63.57                   
                 805                 150               81.56                   
                 815                 150               76.76                   
                 825                 150               71.97                   
                 835                 150               87.76                   
                 845                 150               67.24                   
                 855                 150               57.21                   
                 865                 150               79.49                   
                 875                 150              101.76                   
                 885                 150              137.47                   
                 895                 150               93.61                   
                 905                 150               73.04                   
                 915                 150               52.48                   
                 925                 150               77.68                   
                 935                 150               52.92                   
                 945                 150               53.25                   
                 955                 150               57.77                   
                 965                 150               57.85                   
                 975                 150               58.18                   
                 985                 150               53.18                   
                 995                 150               39.43                   
                1005                 150               35.42                   
                1015                 150               36.36                   
                1025                 150               41.74                   
                1035                 150               29.06                   
                1045                 150               41.86                   
                1055                 150               55.36                   
                1065                 150               43.93                   
                1075                 150               37.94                   
                1085                 150               49.08                   
                1095                 150               60.22                   
                1105                 150               47.17                   
                1115                 150               45.46                   
                1125                 150               37.39                   
                1135                 150               51.80                   
                1145                 150               36.44                   
                1155                 150               49.73                   
                1165                 150               44.42                   
                1175                 150               39.12                   
                1185                 150               33.22                   
                1195                 150               29.38                   
                1205                 150               26.14                   
                1215                 150               22.24                   
                1225                 150               30.42                   
                1235                 150               29.40                   
                1245                 150               35.85                   
                1255                 150               26.00                   
                1265                 150               32.37                   
                1275                 150               38.73                   
                1285                 150               29.95                   
                1295                 150               30.65                   
                1305                 150               32.16                   
                1315                 150               39.70                   
                1325                 150               42.19                   
                1335                 150               56.47                   
                1345                 150               52.07                   
                1355                 150               55.27                   
                1365                 150               63.43                   
                1375                 150               71.60                   
                1385                 150               65.27                   
                1395                 150               69.86                   
                1405                 150               71.63                   
                1415                 150               69.85                   
                1425                 150               69.80                   
                1435                 150               68.57                   
                1445                 150               55.27                   
                 240                 160               66.70                   
                 250                 160               78.12                   
                 260                 160               93.69                   
                 270                 160              109.27                   
                 280                 160               97.27                   
                 290                 160               85.27                   
                 300                 160               57.73                   
                 310                 160               55.53                   
                 320                 160               44.28                   
                 330                 160               51.06                   
                 340                 160               57.83                   
                 350                 160               82.64                   
                 360                 160               71.37                   
                 370                 160               84.51                   
                 380                 160               97.65                   
                 400                 160               82.06                   
                 410                 160               79.44                   
                 420                 160               77.59                   
                 430                 160              105.63                   
                 440                 160              133.66                   
                 450                 160              102.74                   
                 460                 160               72.53                   
                 470                 160               62.83                   
                 480                 160               46.74                   
                 490                 160               49.01                   
                 500                 160               38.05                   
                 510                 160               27.09                   
                 520                 160               28.60                   
                 530                 160               39.79                   
                 540                 160               54.93                   
                 550                 160               64.80                   
                 560                 160               74.67                   
                 570                 160               59.69                   
                 580                 160               69.24                   
                 590                 160               60.66                   
                 600                 160               52.09                   
                 610                 160               52.09                   
                 620                 160               77.75                   
                 630                 160               52.32                   
                 640                 160               51.86                   
                 650                 160               64.51                   
                 660                 160               54.27                   
                 670                 160               48.52                   
                 680                 160               60.13                   
                 690                 160               80.14                   
                 700                 160               69.90                   
                 710                 160               47.42                   
                 720                 160               55.40                   
                 730                 160               63.39                   
                 740                 160               58.95                   
                 750                 160               72.29                   
                 760                 160               85.64                   
                 770                 160               68.24                   
                 780                 160               50.83                   
                 790                 160               56.01                   
                 800                 160               58.45                   
                 810                 160               71.18                   
                 820                 160               84.29                   
                 830                 160               70.22                   
                 840                 160               56.16                   
                 850                 160               71.37                   
                 860                 160               86.58                   
                 870                 160               62.52                   
                 880                 160               80.22                   
                 890                 160               64.50                   
                 900                 160               71.65                   
                 910                 160               61.80                   
                 920                 160               51.94                   
                 930                 160               45.23                   
                 940                 160               57.67                   
                 950                 160               47.23                   
                 960                 160               56.45                   
                 970                 160               40.87                   
                 980                 160               48.63                   
                 990                 160               53.53                   
                1000                 160               46.03                   
                1010                 160               38.52                   
                1020                 160               37.19                   
                1030                 160               43.51                   
                1040                 160               47.49                   
                1050                 160               42.09                   
                1060                 160               57.03                   
                1070                 160               42.57                   
                1080                 160               45.64                   
                1090                 160               43.72                   
                1100                 160               42.03                   
                1110                 160               36.76                   
                1120                 160               42.13                   
                1130                 160               47.49                   
                1140                 160               45.73                   
                1150                 160               49.80                   
                1160                 160               47.61                   
                1170                 160               34.05                   
                1180                 160               37.08                   
                1190                 160               41.41                   
                1200                 160               43.59                   
                1210                 160               29.72                   
                1220                 160               29.16                   
                1230                 160               28.39                   
                1240                 160               29.10                   
                1250                 160               31.79                   
                1260                 160               30.27                   
                1270                 160               32.28                   
                1280                 160               40.51                   
                1290                 160               28.91                   
                1300                 160               43.15                   
                1310                 160               32.03                   
                1320                 160               40.03                   
                1330                 160               39.13                   
                1340                 160               42.65                   
                1350                 160               48.09                   
                1360                 160               64.69                   
                1370                 160               67.77                   
                1380                 160               64.71                   
                1390                 160               64.66                   
                1400                 160               71.01                   
                1410                 160               68.84                   
                1420                 160               57.96                   
                1430                 160               47.08                   
                 255                 170               36.64                   
                 265                 170               42.80                   
                 275                 170               58.59                   
                 285                 170               74.38                   
                 295                 170               99.79                   
                 305                 170               70.45                   
                 315                 170               49.49                   
                 325                 170               43.18                   
                 335                 170               36.87                   
                 345                 170               39.48                   
                 355                 170               52.71                   
                 365                 170               72.65                   
                 375                 170               66.62                   
                 385                 170               87.96                   
                 395                 170              126.40                   
                 415                 170              101.38                   
                 425                 170              123.48                   
                 435                 170              109.68                   
                 445                 170               95.89                   
                 455                 170               69.94                   
                 465                 170               58.47                   
                 475                 170               46.99                   
                 485                 170               41.21                   
                 495                 170               36.14                   
                 505                 170               28.43                   
                 515                 170               35.81                   
                 525                 170               43.19                   
                 535                 170               58.96                   
                 545                 170               74.74                   
                 555                 170               67.16                   
                 565                 170               50.19                   
                 575                 170               62.69                   
                 585                 170               97.55                   
                 595                 170              132.41                   
                 605                 170              125.88                   
                 615                 170              119.35                   
                 625                 170               90.80                   
                 635                 170               62.25                   
                 645                 170               58.22                   
                 655                 170               77.25                   
                 665                 170               96.27                   
                 675                 170               78.53                   
                 685                 170               60.78                   
                 695                 170               52.19                   
                 705                 170               54.17                   
                 715                 170               73.14                   
                 725                 170               64.29                   
                 735                 170               55.43                   
                 745                 170               53.37                   
                 755                 170               90.83                   
                 765                 170              128.29                   
                 775                 170              123.95                   
                 785                 170              119.61                   
                 795                 170               86.19                   
                 805                 170               69.47                   
                 815                 170               92.66                   
                 825                 170              115.86                   
                 835                 170              118.65                   
                 845                 170              121.45                   
                 855                 170               83.26                   
                 865                 170               68.07                   
                 875                 170               52.87                   
                 885                 170               49.48                   
                 895                 170               54.04                   
                 905                 170               48.62                   
                 915                 170               51.71                   
                 925                 170               42.42                   
                 935                 170               63.31                   
                 945                 170               58.65                   
                 955                 170               53.99                   
                 965                 170               55.30                   
                 975                 170               45.90                   
                 985                 170               55.00                   
                 995                 170               45.65                   
                1005                 170               62.63                   
                1015                 170               64.00                   
                1025                 170               59.76                   
                1035                 170               45.09                   
                1045                 170               52.51                   
                1055                 170               36.11                   
                1065                 170               47.91                   
                1075                 170               41.57                   
                1085                 170               48.99                   
                1095                 170               47.25                   
                1105                 170               38.24                   
                1115                 170               29.55                   
                1125                 170               40.42                   
                1135                 170               49.24                   
                1145                 170               51.41                   
                1155                 170               36.71                   
                1165                 170               40.09                   
                1175                 170               42.61                   
                1185                 170               31.16                   
                1195                 170               33.57                   
                1205                 170               32.35                   
                1215                 170               33.29                   
                1225                 170               33.10                   
                1235                 170               26.64                   
                1245                 170               31.15                   
                1255                 170               23.07                   
                1265                 170               24.10                   
                1275                 170               33.63                   
                1285                 170               47.64                   
                1295                 170               51.82                   
                1305                 170               51.44                   
                1315                 170               71.24                   
                1325                 170               63.49                   
                1335                 170               55.74                   
                1345                 170               54.27                   
                1355                 170               52.79                   
                1365                 170               60.52                   
                1375                 170               71.35                   
                1385                 170               86.31                   
                1395                 170              101.27                   
                1405                 170               82.19                   
                1415                 170               57.17                   
                 270                 180               64.44                   
                 280                 180               53.82                   
                 290                 180               43.19                   
                 300                 180               33.46                   
                 310                 180               36.64                   
                 320                 180               39.82                   
                 330                 180               58.99                   
                 340                 180               78.16                   
                 350                 180              107.46                   
                 360                 180               77.53                   
                 370                 180              108.13                   
                 380                 180               72.20                   
                 390                 180               88.19                   
                 400                 180              104.18                   
                 410                 180              101.56                   
                 430                 180               98.95                   
                 440                 180               75.80                   
                 450                 180               52.65                   
                 460                 180               39.95                   
                 470                 180               34.11                   
                 480                 180               28.27                   
                 490                 180               32.53                   
                 500                 180               25.65                   
                 510                 180               32.66                   
                 520                 180               43.98                   
                 530                 180               56.66                   
                 540                 180               71.26                   
                 550                 180               52.88                   
                 560                 180               51.91                   
                 570                 180               50.94                   
                 580                 180               61.86                   
                 590                 180               54.45                   
                 600                 180               47.03                   
                 610                 180               55.56                   
                 620                 180               56.08                   
                 630                 180               62.95                   
                 640                 180               80.78                   
                 650                 180               98.60                   
                 660                 180              134.01                   
                 670                 180               95.69                   
                 680                 180               76.03                   
                 690                 180               56.36                   
                 700                 180               60.19                   
                 710                 180               79.64                   
                 720                 180               99.09                   
                 730                 180               74.19                   
                 740                 180               66.63                   
                 750                 180               59.06                   
                 760                 180               54.18                   
                 770                 180               69.46                   
                 780                 180               84.74                   
                 790                 180              121.36                   
                 800                 180               84.51                   
                 810                 180               66.42                   
                 820                 180               48.33                   
                 830                 180               41.14                   
                 840                 180               56.15                   
                 850                 180               71.17                   
                 860                 180               60.48                   
                 870                 180               49.79                   
                 880                 180               63.07                   
                 890                 180               52.74                   
                 900                 180               48.13                   
                 910                 180               53.35                   
                 920                 180               51.19                   
                 930                 180               64.12                   
                 940                 180               56.32                   
                 950                 180               48.51                   
                 960                 180               43.72                   
                 970                 180               60.99                   
                 980                 180               55.01                   
                 990                 180               49.03                   
                1000                 180               47.74                   
                1010                 180               66.72                   
                1020                 180               48.44                   
                1030                 180               67.46                   
                1040                 180               50.54                   
                1050                 180               50.59                   
                1060                 180               37.15                   
                1070                 180               45.98                   
                1080                 180               46.67                   
                1090                 180               41.74                   
                1100                 180               41.96                   
                1110                 180               33.52                   
                1120                 180               38.85                   
                1130                 180               42.52                   
                1140                 180               44.85                   
                1150                 180               42.78                   
                1160                 180               41.40                   
                1170                 180               30.50                   
                1180                 180               44.62                   
                1190                 180               36.17                   
                1200                 180               42.94                   
                1210                 180               33.89                   
                1220                 180               24.83                   
                1230                 180               34.11                   
                1240                 180               26.69                   
                1250                 180               34.52                   
                1260                 180               33.42                   
                1270                 180               39.12                   
                1280                 180               58.63                   
                1290                 180               62.75                   
                1300                 180               66.86                   
                1310                 180               89.52                   
                1320                 180               97.69                   
                1330                 180               73.11                   
                1340                 180               66.38                   
                1350                 180               59.65                   
                1360                 180               56.99                   
                1370                 180               60.10                   
                1380                 180               67.69                   
                1390                 180               56.77                   
                1400                 180               45.85                   
                 285                 190               37.03                   
                 295                 190               42.66                   
                 305                 190               33.33                   
                 315                 190               45.45                   
                 325                 190               57.57                   
                 335                 190               72.07                   
                 345                 190               86.57                   
                 355                 190              124.46                   
                 365                 190              105.57                   
                 375                 190               77.59                   
                 385                 190               71.27                   
                 395                 190               64.95                   
                 405                 190               92.40                   
                 415                 190              103.89                   
                 425                 190              136.42                   
                 445                 190              168.95                   
                 455                 190              117.89                   
                 465                 190               84.34                   
                 475                 190               62.66                   
                 485                 190               52.64                   
                 495                 190               58.33                   
                 505                 190               64.01                   
                 515                 190               85.40                   
                 525                 190               78.09                   
                 535                 190               60.30                   
                 545                 190               42.52                   
                 555                 190               56.89                   
                 565                 190               71.27                   
                 575                 190               76.28                   
                 585                 190               81.30                   
                 595                 190               67.98                   
                 605                 190               54.65                   
                 615                 190               52.48                   
                 625                 190               63.76                   
                 635                 190               92.59                   
                 645                 190               78.85                   
                 655                 190               65.10                   
                 665                 190               54.97                   
                 675                 190               53.04                   
                 685                 190               56.06                   
                 695                 190               42.13                   
                 705                 190               28.20                   
                 715                 190               38.58                   
                 725                 190               52.31                   
                 735                 190               69.46                   
                 745                 190               54.51                   
                 755                 190               39.57                   
                 765                 190               45.77                   
                 775                 190               53.58                   
                 785                 190               84.40                   
                 795                 190              115.21                   
                 805                 190              162.87                   
                 815                 190              116.96                   
                 825                 190               80.21                   
                 835                 190               61.76                   
                 845                 190               63.54                   
                 855                 190               65.32                   
                 865                 190               92.73                   
                 875                 190               71.58                   
                 885                 190               50.43                   
                 895                 190               49.81                   
                 905                 190               69.51                   
                 915                 190               49.56                   
                 925                 190               50.57                   
                 935                 190               43.51                   
                 945                 190               52.11                   
                 955                 190               72.63                   
                 965                 190               58.22                   
                 975                 190               52.16                   
                 985                 190               50.14                   
                 995                 190               68.80                   
                1005                 190               74.66                   
                1015                 190               62.29                   
                1025                 190               47.37                   
                1035                 190               64.01                   
                1045                 190               57.92                   
                1055                 190               60.08                   
                1065                 190               56.25                   
                1075                 190               47.96                   
                1085                 190               42.66                   
                1095                 190               39.11                   
                1105                 190               35.56                   
                1115                 190               49.12                   
                1125                 190               44.53                   
                1135                 190               57.53                   
                1145                 190               42.65                   
                1155                 190               41.87                   
                1165                 190               41.09                   
                1175                 190               33.86                   
                1185                 190               44.76                   
                1195                 190               34.14                   
                1205                 190               36.25                   
                1215                 190               28.87                   
                1225                 190               38.38                   
                1235                 190               26.59                   
                1245                 190               30.11                   
                1255                 190               32.25                   
                1265                 190               31.16                   
                1275                 190               45.20                   
                1285                 190               56.49                   
                1295                 190               56.40                   
                1305                 190               68.14                   
                1315                 190               60.28                   
                1325                 190               77.69                   
                1335                 190               69.34                   
                1345                 190               60.99                   
                1355                 190               56.25                   
                1365                 190               59.97                   
                1375                 190               63.14                   
                1385                 190               45.87                   
                 300                 200               61.80                   
                 310                 200               77.73                   
                 320                 200               52.72                   
                 330                 200               77.21                   
                 340                 200              101.69                   
                 350                 200               78.71                   
                 360                 200               55.73                   
                 370                 200               65.22                   
                 380                 200               75.25                   
                 390                 200               57.59                   
                 400                 200               96.91                   
                 410                 200              136.22                   
                 420                 200              195.03                   
                 430                 200              152.94                   
                 440                 200              123.64                   
                 460                 200               94.35                   
                 470                 200              109.60                   
                 480                 200              124.85                   
                 490                 200               91.65                   
                 500                 200               63.42                   
                 510                 200               57.49                   
                 520                 200               43.36                   
                 530                 200               48.37                   
                 540                 200               66.14                   
                 550                 200               83.91                   
                 560                 200              118.88                   
                 570                 200               83.04                   
                 580                 200               64.74                   
                 590                 200               46.44                   
                 600                 200               75.24                   
                 610                 200              104.03                   
                 620                 200              110.27                   
                 630                 200              116.50                   
                 640                 200               82.40                   
                 650                 200               64.90                   
                 660                 200               47.41                   
                 670                 200               52.25                   
                 680                 200               72.26                   
                 690                 200               66.33                   
                 700                 200               60.40                   
                 710                 200               50.23                   
                 720                 200               53.06                   
                 730                 200               59.09                   
                 740                 200               56.00                   
                 750                 200               38.56                   
                 760                 200               54.93                   
                 770                 200               71.30                   
                 780                 200               60.23                   
                 790                 200               74.95                   
                 800                 200               78.51                   
                 810                 200               82.08                   
                 820                 200              113.83                   
                 830                 200               88.22                   
                 840                 200               63.75                   
                 850                 200               54.98                   
                 860                 200               64.61                   
                 870                 200               53.78                   
                 880                 200               63.41                   
                 890                 200               73.03                   
                 900                 200               70.20                   
                 910                 200               47.44                   
                 920                 200               52.91                   
                 930                 200               58.38                   
                 940                 200               66.54                   
                 950                 200               74.71                   
                 960                 200               67.99                   
                 970                 200               49.79                   
                 980                 200               54.39                   
                 990                 200               58.99                   
                1000                 200               63.70                   
                1010                 200               60.36                   
                1020                 200               46.81                   
                1030                 200               61.77                   
                1040                 200               65.44                   
                1050                 200               56.53                   
                1060                 200               66.14                   
                1070                 200               49.61                   
                1080                 200               57.43                   
                1090                 200               57.65                   
                1100                 200               45.65                   
                1110                 200               45.77                   
                1120                 200               55.95                   
                1130                 200               53.37                   
                1140                 200               63.17                   
                1150                 200               53.07                   
                1160                 200               42.97                   
                1170                 200               30.21                   
                1180                 200               43.86                   
                1190                 200               36.34                   
                1200                 200               47.01                   
                1210                 200               57.68                   
                1220                 200               50.54                   
                1230                 200               43.40                   
                1240                 200               49.46                   
                1250                 200               42.62                   
                1260                 200               53.97                   
                1270                 200               66.34                   
                1280                 200               78.71                   
                1290                 200              108.88                   
                1300                 200               81.80                   
                1310                 200               54.73                   
                1320                 200               53.69                   
                1330                 200               66.99                   
                1340                 200               56.89                   
                1350                 200               67.86                   
                1360                 200               65.00                   
                1370                 200               60.24                   
                 315                 210               53.40                   
                 325                 210               56.56                   
                 335                 210               68.54                   
                 345                 210               80.51                   
                 355                 210              119.10                   
                 365                 210              113.21                   
                 375                 210              121.03                   
                 385                 210              128.85                   
                 395                 210              110.73                   
                 405                 210              147.10                   
                 415                 210              132.62                   
                 425                 210              118.14                   
                 435                 210              141.34                   
                 445                 210              164.54                   
                 455                 210              153.80                   
                 475                 210              143.06                   
                 485                 210              106.75                   
                 495                 210              119.26                   
                 505                 210               94.55                   
                 515                 210               69.85                   
                 525                 210               85.70                   
                 535                 210              101.55                   
                 545                 210               99.53                   
                 555                 210               97.52                   
                 565                 210               75.77                   
                 575                 210               54.03                   
                 585                 210               50.15                   
                 595                 210               55.09                   
                 605                 210               67.11                   
                 615                 210               82.75                   
                 625                 210               84.19                   
                 635                 210               82.11                   
                 645                 210               61.11                   
                 655                 210               58.15                   
                 665                 210               55.19                   
                 675                 210               79.32                   
                 685                 210              103.45                   
                 695                 210               73.61                   
                 705                 210               58.05                   
                 715                 210               42.50                   
                 725                 210               43.31                   
                 735                 210               45.68                   
                 745                 210               53.90                   
                 755                 210               79.04                   
                 765                 210              104.18                   
                 775                 210               98.25                   
                 785                 210               76.46                   
                 795                 210               52.11                   
                 805                 210               48.09                   
                 815                 210               68.81                   
                 825                 210               89.52                   
                 835                 210              133.42                   
                 845                 210               90.25                   
                 855                 210               71.14                   
                 865                 210               52.02                   
                 875                 210               69.67                   
                 885                 210               87.32                   
                 895                 210              118.03                   
                 905                 210               84.42                   
                 915                 210               63.63                   
                 925                 210               94.19                   
                 935                 210               87.21                   
                 945                 210               80.22                   
                 955                 210               71.49                   
                 965                 210               55.01                   
                 975                 210               60.64                   
                 985                 210               66.28                   
                 995                 210               61.15                   
                1005                 210               56.02                   
                1015                 210               63.18                   
                1025                 210               70.33                   
                1035                 210               59.74                   
                1045                 210               55.46                   
                1055                 210               65.72                   
                1065                 210               62.02                   
                1075                 210               49.54                   
                1085                 210               57.11                   
                1095                 210               63.72                   
                1105                 210               70.34                   
                1115                 210               93.89                   
                1125                 210               69.60                   
                1135                 210               49.39                   
                1145                 210               46.61                   
                1155                 210               43.83                   
                1165                 210               42.22                   
                1175                 210               53.77                   
                1185                 210               47.97                   
                1195                 210               42.16                   
                1205                 210               42.10                   
                1215                 210               29.36                   
                1225                 210               29.14                   
                1235                 210               40.63                   
                1245                 210               52.11                   
                1255                 210               48.92                   
                1265                 210               45.72                   
                1275                 210               46.10                   
                1285                 210               34.83                   
                1295                 210               46.87                   
                1305                 210               46.83                   
                1315                 210               55.30                   
                1325                 210               44.70                   
                1335                 210               52.27                   
                1345                 210               59.10                   
                1355                 210               82.85                   
                 330                 220              106.61                   
                 340                 220              101.30                   
                 350                 220               95.99                   
                 360                 220               69.83                   
                 370                 220               76.17                   
                 380                 220               82.52                   
                 390                 220               63.54                   
                 400                 220               77.19                   
                 410                 220               70.37                   
                 420                 220               63.54                   
                 430                 220               86.80                   
                 440                 220              110.07                   
                 450                 220              138.46                   
                 460                 220              166.85                   
                 470                 220              145.06                   
                 490                 220              123.28                   
                 500                 220              154.00                   
                 510                 220              112.71                   
                 520                 220              100.93                   
                 530                 220               78.49                   
                 540                 220               56.06                   
                 550                 220               63.21                   
                 560                 220               70.35                   
                 570                 220               52.89                   
                 580                 220               79.12                   
                 590                 220              105.35                   
                 600                 220               85.61                   
                 610                 220               61.23                   
                 620                 220               64.85                   
                 630                 220               68.46                   
                 640                 220               62.18                   
                 650                 220               55.90                   
                 660                 220               45.97                   
                 670                 220               45.50                   
                 680                 220               41.40                   
                 690                 220               56.69                   
                 700                 220               46.31                   
                 710                 220               68.11                   
                 720                 220               57.09                   
                 730                 220               46.07                   
                 740                 220               53.36                   
                 750                 220               45.65                   
                 760                 220               57.25                   
                 770                 220               68.84                   
                 780                 220               94.92                   
                 790                 220               75.75                   
                 800                 220               56.59                   
                 810                 220               53.98                   
                 820                 220               80.38                   
                 830                 220               94.07                   
                 840                 220              107.77                   
                 850                 220              103.32                   
                 860                 220               98.87                   
                 870                 220               71.79                   
                 880                 220               57.73                   
                 890                 220               43.66                   
                 900                 220               51.90                   
                 910                 220               51.07                   
                 920                 220               40.72                   
                 930                 220               30.38                   
                 940                 220               45.14                   
                 950                 220               72.29                   
                 960                 220               99.44                   
                 970                 220              106.81                   
                 980                 220              114.18                   
                 990                 220              108.59                   
                1000                 220               86.79                   
                1010                 220               93.55                   
                1020                 220               69.50                   
                1030                 220               73.85                   
                1040                 220               78.20                   
                1050                 220               53.04                   
                1060                 220               46.77                   
                1070                 220               59.09                   
                1080                 220               57.14                   
                1090                 220               62.41                   
                1100                 220               51.27                   
                1110                 220               53.73                   
                1120                 220               55.22                   
                1130                 220               61.57                   
                1140                 220               54.51                   
                1150                 220               44.04                   
                1160                 220               43.76                   
                1170                 220               36.67                   
                1180                 220               29.58                   
                1190                 220               35.89                   
                1200                 220               38.92                   
                1210                 220               41.95                   
                1220                 220               30.57                   
                1230                 220               41.90                   
                1240                 220               53.24                   
                1250                 220               72.03                   
                1260                 220               58.52                   
                1270                 220               45.01                   
                1280                 220               46.40                   
                1290                 220               43.57                   
                1300                 220               64.96                   
                1310                 220               59.28                   
                1320                 220               53.59                   
                1330                 220               53.25                   
                1340                 220               79.70                   
                 345                 230               68.56                   
                 355                 230               92.34                   
                 365                 230               65.47                   
                 375                 230               63.94                   
                 385                 230               94.58                   
                 395                 230               78.52                   
                 405                 230               62.47                   
                 415                 230               52.30                   
                 425                 230               64.82                   
                 435                 230               77.33                   
                 445                 230               54.62                   
                 455                 230               90.47                   
                 465                 230              126.33                   
                 475                 230              121.75                   
                 485                 230              117.17                   
                 505                 230              115.51                   
                 515                 230               91.15                   
                 525                 230              124.71                   
                 535                 230               95.80                   
                 545                 230              115.45                   
                 555                 230              168.56                   
                 565                 230              221.66                   
                 575                 230              149.83                   
                 585                 230              121.58                   
                 595                 230               93.33                   
                 605                 230               68.68                   
                 615                 230               61.97                   
                 625                 230               55.26                   
                 635                 230               76.68                   
                 645                 230               56.57                   
                 655                 230               56.87                   
                 665                 230               65.34                   
                 675                 230               45.11                   
                 685                 230               41.94                   
                 695                 230               40.25                   
                 705                 230               38.57                   
                 715                 230               49.56                   
                 725                 230               42.59                   
                 735                 230               35.62                   
                 745                 230               51.35                   
                 755                 230               49.85                   
                 765                 230               45.67                   
                 775                 230               93.57                   
                 785                 230              117.32                   
                 795                 230              141.07                   
                 805                 230              117.39                   
                 815                 230               93.70                   
                 825                 230               74.01                   
                 835                 230               54.32                   
                 845                 230               77.73                   
                 855                 230              101.14                   
                 865                 230               97.22                   
                 875                 230               93.30                   
                 885                 230               70.41                   
                 895                 230               47.52                   
                 905                 230               37.31                   
                 915                 230               46.43                   
                 925                 230               55.55                   
                 935                 230               41.53                   
                 945                 230               56.30                   
                 955                 230               71.07                   
                 965                 230              100.06                   
                 975                 230              138.52                   
                 985                 230              105.69                   
                 995                 230               73.53                   
                1005                 230               99.49                   
                1015                 230               85.22                   
                1025                 230               70.94                   
                1035                 230               74.95                   
                1045                 230               96.11                   
                1055                 230               79.64                   
                1065                 230               62.70                   
                1075                 230               54.93                   
                1085                 230               56.81                   
                1095                 230               55.96                   
                1105                 230               64.45                   
                1115                 230               67.15                   
                1125                 230               46.81                   
                1135                 230               54.50                   
                1145                 230               70.58                   
                1155                 230               86.66                   
                1165                 230               59.85                   
                1175                 230               53.64                   
                1185                 230               47.42                   
                1195                 230               45.99                   
                1205                 230               46.74                   
                1215                 230               55.36                   
                1225                 230               63.98                   
                1235                 230               86.34                   
                1245                 230              102.78                   
                1255                 230               72.96                   
                1265                 230               67.26                   
                1275                 230               83.15                   
                1285                 230               63.87                   
                1295                 230               44.59                   
                1305                 230               51.20                   
                1315                 230               44.04                   
                1325                 230               61.02                   
                 360                 240               77.99                   
                 370                 240              106.07                   
                 380                 240               76.89                   
                 390                 240               74.78                   
                 400                 240              109.22                   
                 410                 240               82.54                   
                 420                 240               55.86                   
                 430                 240               72.94                   
                 440                 240               80.91                   
                 450                 240               58.28                   
                 460                 240               71.38                   
                 470                 240              109.82                   
                 480                 240              148.26                   
                 490                 240              144.22                   
                 500                 240              140.17                   
                 520                 240              149.12                   
                 530                 240              176.09                   
                 540                 240              235.64                   
                 550                 240              157.12                   
                 560                 240              117.53                   
                 570                 240               92.92                   
                 580                 240               68.31                   
                 590                 240               67.82                   
                 600                 240               84.72                   
                 610                 240               60.96                   
                 620                 240               77.53                   
                 630                 240               94.11                   
                 640                 240              137.37                   
                 650                 240               93.43                   
                 660                 240               68.91                   
                 670                 240               58.56                   
                 680                 240               48.21                   
                 690                 240               43.35                   
                 700                 240               42.24                   
                 710                 240               41.12                   
                 720                 240               55.12                   
                 730                 240               51.91                   
                 740                 240               52.63                   
                 750                 240               49.44                   
                 760                 240               63.27                   
                 770                 240               49.28                   
                 780                 240               52.83                   
                 790                 240               85.82                   
                 800                 240              118.80                   
                 810                 240              126.09                   
                 820                 240              107.20                   
                 830                 240               88.30                   
                 840                 240               70.30                   
                 850                 240               52.30                   
                 860                 240               88.97                   
                 870                 240              125.63                   
                 880                 240              119.78                   
                 890                 240              113.92                   
                 900                 240               76.43                   
                 910                 240               69.36                   
                 920                 240               78.11                   
                 930                 240               86.87                   
                 940                 240               82.77                   
                 950                 240               78.66                   
                 960                 240               54.85                   
                 970                 240               46.90                   
                 980                 240               55.02                   
                 990                 240               63.14                   
                1000                 240               87.33                   
                1010                 240              124.18                   
                1020                 240              117.25                   
                1030                 240               85.33                   
                1040                 240               81.23                   
                1050                 240               77.12                   
                1060                 240               99.00                   
                1070                 240               93.52                   
                1080                 240               74.33                   
                1090                 240               55.14                   
                1100                 240               55.26                   
                1110                 240               54.56                   
                1120                 240               52.12                   
                1130                 240               50.34                   
                1140                 240               56.32                   
                1150                 240               40.16                   
                1160                 240               56.74                   
                1170                 240               77.12                   
                1180                 240               97.51                   
                1190                 240               70.48                   
                1200                 240               61.77                   
                1210                 240               75.57                   
                1220                 240               89.36                   
                1230                 240               79.10                   
                1240                 240               68.83                   
                1250                 240               51.63                   
                1260                 240               47.71                   
                1270                 240               47.76                   
                1280                 240               36.42                   
                1290                 240               40.77                   
                1300                 240               38.78                   
                1310                 240               54.76                   
                 375                 250               71.02                   
                 385                 250               81.77                   
                 395                 250              115.61                   
                 405                 250               78.63                   
                 415                 250               80.57                   
                 425                 250               82.51                   
                 435                 250               76.64                   
                 445                 250               87.11                   
                 455                 250               97.57                   
                 465                 250               81.16                   
                 475                 250               64.75                   
                 485                 250               55.67                   
                 495                 250               77.30                   
                 505                 250               91.24                   
                 515                 250              105.18                   
                 535                 250              143.87                   
                 545                 250              107.43                   
                 555                 250              133.25                   
                 565                 250              159.07                   
                 575                 250              123.96                   
                 585                 250               88.84                   
                 595                 250               90.21                   
                 605                 250               81.31                   
                 615                 250               64.35                   
                 625                 250               77.06                   
                 635                 250               63.58                   
                 645                 250               50.11                   
                 655                 250               57.06                   
                 665                 250               59.38                   
                 675                 250               53.09                   
                 685                 250               46.80                   
                 695                 250               47.88                   
                 705                 250               46.07                   
                 715                 250               36.41                   
                 725                 250               53.58                   
                 735                 250               70.74                   
                 745                 250               64.45                   
                 755                 250               58.15                   
                 765                 250               60.17                   
                 775                 250               56.77                   
                 785                 250               61.29                   
                 795                 250               61.98                   
                 805                 250               85.17                   
                 815                 250              108.37                   
                 825                 250              111.85                   
                 835                 250              115.32                   
                 845                 250              113.43                   
                 855                 250              111.53                   
                 865                 250               76.18                   
                 875                 250               84.64                   
                 885                 250               93.11                   
                 895                 250              125.45                   
                 905                 250               84.12                   
                 915                 250               61.81                   
                 925                 250               43.53                   
                 935                 250               46.93                   
                 945                 250               64.71                   
                 955                 250               82.50                   
                 965                 250               64.88                   
                 975                 250               47.26                   
                 985                 250               41.05                   
                 995                 250               54.64                   
                1005                 250               68.23                   
                1015                 250               79.33                   
                1025                 250               90.43                   
                1035                 250               76.80                   
                1045                 250              101.96                   
                1055                 250               75.70                   
                1065                 250               88.62                   
                1075                 250              101.53                   
                1085                 250               93.10                   
                1095                 250               84.67                   
                1105                 250               56.51                   
                1115                 250               69.08                   
                1125                 250               56.78                   
                1135                 250               41.12                   
                1145                 250               62.04                   
                1155                 250               82.97                   
                1165                 250               91.68                   
                1175                 250              100.39                   
                1185                 250               74.39                   
                1195                 250               97.05                   
                1205                 250              119.72                   
                1215                 250              100.87                   
                1225                 250               74.90                   
                1235                 250               75.85                   
                1245                 250               53.80                   
                1255                 250               55.76                   
                1265                 250               57.73                   
                1275                 250               46.58                   
                1285                 250               46.67                   
                1295                 250               46.13                   
                 390                 260               67.88                   
                 400                 260               86.63                   
                 410                 260               96.76                   
                 420                 260               65.78                   
                 430                 260               79.29                   
                 440                 260               92.81                   
                 450                 260               94.05                   
                 460                 260               95.29                   
                 470                 260               73.62                   
                 480                 260               81.07                   
                 490                 260               88.52                   
                 500                 260              125.10                   
                 510                 260              185.70                   
                 520                 260              127.46                   
                 530                 260              142.17                   
                 550                 260              156.87                   
                 560                 260              164.49                   
                 570                 260              138.64                   
                 580                 260              112.79                   
                 590                 260               99.44                   
                 600                 260               79.73                   
                 610                 260               86.73                   
                 620                 260               60.66                   
                 630                 260               70.85                   
                 640                 260               63.54                   
                 650                 260               61.66                   
                 660                 260               61.66                   
                 670                 260               42.33                   
                 680                 260               35.09                   
                 690                 260               38.75                   
                 700                 260               42.40                   
                 710                 260               30.49                   
                 720                 260               34.49                   
                 730                 260               38.50                   
                 740                 260               42.50                   
                 750                 260               53.52                   
                 760                 260               42.58                   
                 770                 260               52.55                   
                 780                 260               51.67                   
                 790                 260               47.73                   
                 800                 260               51.21                   
                 810                 260               43.61                   
                 820                 260               42.45                   
                 830                 260               30.87                   
                 840                 260               39.93                   
                 850                 260               48.03                   
                 860                 260               35.97                   
                 870                 260               39.94                   
                 880                 260               61.57                   
                 890                 260               83.21                   
                 900                 260              122.52                   
                 910                 260              106.83                   
                 920                 260               91.15                   
                 930                 260               60.96                   
                 940                 260               76.97                   
                 950                 260               92.98                   
                 960                 260               74.11                   
                 970                 260               55.25                   
                 980                 260               44.69                   
                 990                 260               57.19                   
                1000                 260               83.35                   
                1010                 260              109.51                   
                1020                 260              149.33                   
                1030                 260              112.30                   
                1040                 260               75.27                   
                1050                 260               83.31                   
                1060                 260               91.35                   
                1070                 260              125.05                   
                1080                 260              137.27                   
                1090                 260              102.68                   
                1100                 260               75.35                   
                1110                 260               60.31                   
                1120                 260               45.28                   
                1130                 260               61.60                   
                1140                 260               77.93                   
                1150                 260               57.08                   
                1160                 260               79.35                   
                1170                 260              101.62                   
                1180                 260               75.79                   
                1190                 260               83.40                   
                1200                 260              121.71                   
                1210                 260               88.48                   
                1220                 260               70.29                   
                1230                 260               52.09                   
                1240                 260               58.90                   
                1250                 260               49.78                   
                1260                 260               67.58                   
                1270                 260               46.24                   
                1280                 260               55.23                   
                 405                 270               64.22                   
                 415                 270               86.43                   
                 425                 270               70.32                   
                 435                 270               54.21                   
                 445                 270               67.11                   
                 455                 270               80.02                   
                 465                 270              106.51                   
                 475                 270              133.00                   
                 485                 270               99.32                   
                 495                 270               99.88                   
                 505                 270              100.43                   
                 515                 270              103.38                   
                 525                 270              113.68                   
                 535                 270               89.67                   
                 545                 270              123.81                   
                 565                 270              157.95                   
                 575                 270              177.52                   
                 585                 270              197.10                   
                 595                 270              188.29                   
                 605                 270              179.48                   
                 615                 270              126.35                   
                 625                 270              134.78                   
                 635                 270              143.20                   
                 645                 270              115.17                   
                 655                 270               84.31                   
                 665                 270               60.32                   
                 675                 270               43.55                   
                 685                 270               51.59                   
                 695                 270               59.63                   
                 705                 270               41.47                   
                 715                 270               34.03                   
                 725                 270               37.29                   
                 735                 270               40.54                   
                 745                 270               54.49                   
                 755                 270               54.24                   
                 765                 270               50.67                   
                 775                 270               43.96                   
                 785                 270               42.45                   
                 795                 270               39.55                   
                 805                 270               54.89                   
                 815                 270               63.54                   
                 825                 270               49.77                   
                 835                 270               59.04                   
                 845                 270               68.31                   
                 855                 270              100.63                   
                 865                 270               77.79                   
                 875                 270               88.49                   
                 885                 270               75.53                   
                 895                 270               62.57                   
                 905                 270               73.00                   
                 915                 270               83.42                   
                 925                 270               79.17                   
                 935                 270               74.93                   
                 945                 270               75.14                   
                 955                 270               53.87                   
                 965                 270               68.59                   
                 975                 270               83.31                   
                 985                 270              119.73                   
                 995                 270               94.77                   
                1005                 270              100.34                   
                1015                 270              113.62                   
                1025                 270               99.00                   
                1035                 270               84.38                   
                1045                 270              100.78                   
                1055                 270               73.48                   
                1065                 270              105.44                   
                1075                 270               74.99                   
                1085                 270               93.67                   
                1095                 270               63.33                   
                1105                 270               48.20                   
                1115                 270               79.04                   
                1125                 270              109.87                   
                1135                 270              107.96                   
                1145                 270              106.05                   
                1155                 270              120.80                   
                1165                 270              135.55                   
                1175                 270              189.73                   
                1185                 270              128.15                   
                1195                 270               90.42                   
                1205                 270               77.54                   
                1215                 270               58.52                   
                1225                 270               60.23                   
                1235                 270               61.94                   
                1245                 270               81.89                   
                1255                 270               69.09                   
                1265                 270               77.73                   
                 420                 280               86.37                   
                 430                 280               92.38                   
                 440                 280              123.96                   
                 450                 280              100.00                   
                 460                 280               97.54                   
                 470                 280               95.07                   
                 480                 280              111.10                   
                 490                 280              127.12                   
                 500                 280              154.74                   
                 510                 280              162.53                   
                 520                 280              113.56                   
                 530                 280               91.51                   
                 540                 280              126.92                   
                 550                 280              162.34                   
                 560                 280              115.90                   
                 580                 280              148.04                   
                 590                 280              179.53                   
                 600                 280              124.49                   
                 610                 280              108.69                   
                 620                 280               92.88                   
                 630                 280               83.83                   
                 640                 280               74.79                   
                 650                 280               96.13                   
                 660                 280               72.71                   
                 670                 280               49.28                   
                 680                 280               53.06                   
                 690                 280               39.14                   
                 700                 280               28.68                   
                 710                 280               35.00                   
                 720                 280               41.32                   
                 730                 280               39.70                   
                 740                 280               50.95                   
                 750                 280               54.29                   
                 760                 280               43.69                   
                 770                 280               40.29                   
                 780                 280               43.45                   
                 790                 280               46.61                   
                 800                 280               38.24                   
                 810                 280               44.38                   
                 820                 280               40.71                   
                 830                 280               54.02                   
                 840                 280               44.44                   
                 850                 280               34.85                   
                 860                 280               32.49                   
                 870                 280               44.62                   
                 880                 280               56.75                   
                 890                 280               52.94                   
                 900                 280               49.12                   
                 910                 280               36.56                   
                 920                 280               70.74                   
                 930                 280              104.91                   
                 940                 280              105.59                   
                 950                 280               85.96                   
                 960                 280               66.33                   
                 970                 280               47.48                   
                 980                 280               54.48                   
                 990                 280               73.90                   
                1000                 280               93.31                   
                1010                 280               63.78                   
                1020                 280               53.68                   
                1030                 280               77.94                   
                1040                 280               59.19                   
                1050                 280               40.43                   
                1060                 280               38.28                   
                1070                 280               48.31                   
                1080                 280               58.33                   
                1090                 280               80.54                   
                1100                 280              108.74                   
                1110                 280              136.95                   
                1120                 280              132.15                   
                1130                 280              106.51                   
                1140                 280               80.88                   
                1150                 280              104.05                   
                1160                 280              127.22                   
                1170                 280               85.93                   
                1180                 280               73.97                   
                1190                 280               62.00                   
                1200                 280               50.72                   
                1210                 280               58.02                   
                1220                 280               65.32                   
                1230                 280               91.20                   
                1240                 280               60.94                   
                1250                 280               60.02                   
                 435                 290               87.60                   
                 445                 290              115.17                   
                 455                 290               79.85                   
                 465                 290              114.74                   
                 475                 290              149.64                   
                 485                 290              127.33                   
                 495                 290              150.21                   
                 505                 290              117.39                   
                 515                 290               84.57                   
                 525                 290              116.49                   
                 535                 290              148.41                   
                 545                 290              204.71                   
                 555                 290              188.51                   
                 565                 290              127.46                   
                 575                 290               96.93                   
                 595                 290              145.04                   
                 605                 290              104.86                   
                 615                 290              151.30                   
                 625                 290              114.96                   
                 635                 290               78.62                   
                 645                 290               72.72                   
                 655                 290               85.96                   
                 665                 290               81.85                   
                 675                 290               72.72                   
                 685                 290               49.97                   
                 695                 290               44.10                   
                 705                 290               38.23                   
                 715                 290               41.34                   
                 725                 290               33.28                   
                 735                 290               49.79                   
                 745                 290               66.30                   
                 755                 290               61.02                   
                 765                 290               72.04                   
                 775                 290               59.78                   
                 785                 290               47.53                   
                 795                 290               49.61                   
                 805                 290               68.14                   
                 815                 290               53.93                   
                 825                 290               39.72                   
                 835                 290               38.21                   
                 845                 290               34.02                   
                 855                 290               34.28                   
                 865                 290               48.59                   
                 875                 290               62.90                   
                 885                 290               87.53                   
                 895                 290               84.94                   
                 905                 290               82.35                   
                 915                 290               92.76                   
                 925                 290              103.17                   
                 935                 290              138.61                   
                 945                 290              166.24                   
                 955                 290              140.32                   
                 965                 290              114.40                   
                 975                 290               78.81                   
                 985                 290               60.75                   
                 995                 290               85.04                   
                1005                 290              109.33                   
                1015                 290               76.55                   
                1025                 290               55.42                   
                1035                 290               46.06                   
                1045                 290               52.92                   
                1055                 290               64.24                   
                1065                 290               75.56                   
                1075                 290              106.53                   
                1085                 290               84.97                   
                1095                 290              111.99                   
                1105                 290              139.01                   
                1115                 290              108.75                   
                1125                 290              158.45                   
                1135                 290              208.15                   
                1145                 290              155.76                   
                1155                 290              121.66                   
                1165                 290               87.57                   
                1175                 290               71.77                   
                1185                 290               51.69                   
                1195                 290               72.98                   
                1205                 290               52.71                   
                1215                 290               52.53                   
                1225                 290               56.54                   
                1235                 290               66.91                   
                 450                 300               96.71                   
                 460                 300              120.99                   
                 470                 300               91.33                   
                 480                 300              134.18                   
                 490                 300              177.02                   
                 500                 300              130.77                   
                 510                 300              117.65                   
                 520                 300              146.24                   
                 530                 300              174.83                   
                 540                 300              127.44                   
                 550                 300               99.98                   
                 560                 300              107.90                   
                 570                 300              115.82                   
                 580                 300              164.75                   
                 590                 300              195.89                   
                 610                 300              227.02                   
                 620                 300              214.14                   
                 630                 300              240.52                   
                 640                 300              163.03                   
                 650                 300              143.62                   
                 660                 300               98.16                   
                 670                 300               82.51                   
                 680                 300               66.87                   
                 690                 300               44.92                   
                 700                 300               38.30                   
                 710                 300               31.67                   
                 720                 300               33.45                   
                 730                 300               40.61                   
                 740                 300               32.91                   
                 750                 300               44.75                   
                 760                 300               56.58                   
                 770                 300               37.92                   
                 780                 300               53.29                   
                 790                 300               68.67                   
                 800                 300               96.64                   
                 810                 300               70.19                   
                 820                 300               57.78                   
                 830                 300               45.37                   
                 840                 300               38.49                   
                 850                 300               42.23                   
                 860                 300               56.86                   
                 870                 300               42.61                   
                 880                 300               82.90                   
                 890                 300              123.18                   
                 900                 300              119.79                   
                 910                 300               97.46                   
                 920                 300               75.12                   
                 930                 300               61.72                   
                 940                 300               48.32                   
                 950                 300               70.32                   
                 960                 300               92.32                   
                 970                 300               81.40                   
                 980                 300               59.22                   
                 990                 300               50.63                   
                1000                 300               42.04                   
                1010                 300               72.30                   
                1020                 300              102.57                   
                1030                 300               96.93                   
                1040                 300               91.29                   
                1050                 300               65.85                   
                1060                 300               67.79                   
                1070                 300               56.83                   
                1080                 300               45.88                   
                1090                 300               67.42                   
                1100                 300               88.96                   
                1110                 300              125.70                   
                1120                 300              162.45                   
                1130                 300              231.67                   
                1140                 300              156.54                   
                1150                 300              118.59                   
                1160                 300               80.63                   
                1170                 300               69.39                   
                1180                 300               55.92                   
                1190                 300               67.49                   
                1200                 300               79.25                   
                1210                 300               91.02                   
                1220                 300              124.98                   
                 465                 310              118.88                   
                 475                 310              109.81                   
                 485                 310              100.73                   
                 495                 310              124.00                   
                 505                 310              147.28                   
                 515                 310              119.39                   
                 525                 310               91.50                   
                 535                 310              135.16                   
                 545                 310              157.52                   
                 555                 310              123.43                   
                 565                 310               89.33                   
                 575                 310               93.11                   
                 585                 310              122.53                   
                 595                 310              173.37                   
                 605                 310              224.21                   
                 625                 310              209.19                   
                 635                 310              142.65                   
                 645                 310              138.43                   
                 655                 310              106.10                   
                 665                 310              130.75                   
                 675                 310              155.40                   
                 685                 310              119.03                   
                 695                 310               82.66                   
                 705                 310               72.67                   
                 715                 310               92.18                   
                 725                 310               79.53                   
                 735                 310               66.88                   
                 745                 310               59.31                   
                 755                 310               51.74                   
                 765                 310               64.74                   
                 775                 310               59.09                   
                 785                 310               69.02                   
                 795                 310               59.71                   
                 805                 310               50.40                   
                 815                 310               50.12                   
                 825                 310               57.31                   
                 835                 310               44.66                   
                 845                 310               42.96                   
                 855                 310               47.26                   
                 865                 310               36.16                   
                 875                 310               37.11                   
                 885                 310               45.51                   
                 895                 310               53.90                   
                 905                 310               79.58                   
                 915                 310              105.27                   
                 925                 310               81.68                   
                 935                 310               58.09                   
                 945                 310               40.34                   
                 955                 310               53.98                   
                 965                 310              102.37                   
                 975                 310              150.76                   
                 985                 310              142.78                   
                 995                 310              113.91                   
                1005                 310               85.05                   
                1015                 310               66.81                   
                1025                 310               78.82                   
                1035                 310              112.98                   
                1045                 310               97.24                   
                1055                 310               81.50                   
                1065                 310               86.11                   
                1075                 310               90.72                   
                1085                 310               93.52                   
                1095                 310               96.32                   
                1105                 310              130.85                   
                1115                 310              142.11                   
                1125                 310              177.06                   
                1135                 310              126.32                   
                1145                 310               97.06                   
                1155                 310               67.81                   
                1165                 310               60.03                   
                1175                 310               55.04                   
                1185                 310               50.06                   
                1195                 310               51.90                   
                1205                 310               77.71                   
                 480                 320              103.51                   
                 490                 320              138.05                   
                 500                 320              102.86                   
                 510                 320               86.12                   
                 520                 320              107.35                   
                 530                 320              128.58                   
                 540                 320               87.93                   
                 550                 320              114.85                   
                 560                 320               77.86                   
                 570                 320               72.45                   
                 580                 320               81.81                   
                 590                 320               78.69                   
                 600                 320               98.92                   
                 610                 320              142.00                   
                 620                 320              107.22                   
                 640                 320               77.50                   
                 650                 320              104.29                   
                 660                 320              131.08                   
                 670                 320              102.25                   
                 680                 320               91.77                   
                 690                 320               66.53                   
                 700                 320               68.68                   
                 710                 320               78.35                   
                 720                 320               66.15                   
                 730                 320               53.95                   
                 740                 320               51.59                   
                 750                 320               38.14                   
                 760                 320               40.06                   
                 770                 320               41.98                   
                 780                 320               47.65                   
                 790                 320               53.31                   
                 800                 320               49.08                   
                 810                 320               44.85                   
                 820                 320               65.92                   
                 830                 320               52.87                   
                 840                 320               60.68                   
                 850                 320               68.48                   
                 860                 320               53.24                   
                 870                 320               56.73                   
                 880                 320               45.17                   
                 890                 320               33.60                   
                 900                 320               30.09                   
                 910                 320               43.25                   
                 920                 320               56.42                   
                 930                 320               82.54                   
                 940                 320               96.62                   
                 950                 320               73.56                   
                 960                 320               92.55                   
                 970                 320              103.03                   
                 980                 320              113.52                   
                 990                 320              144.68                   
                1000                 320              175.84                   
                1010                 320              122.05                   
                1020                 320               91.23                   
                1030                 320               72.78                   
                1040                 320               54.32                   
                1050                 320               44.86                   
                1060                 320               50.89                   
                1070                 320               48.21                   
                1080                 320               68.03                   
                1090                 320               87.85                   
                1100                 320               87.35                   
                1110                 320               86.85                   
                1120                 320               72.58                   
                1130                 320               78.52                   
                1140                 320               84.46                   
                1150                 320               78.28                   
                1160                 320               72.10                   
                1170                 320               56.12                   
                1180                 320               40.14                   
                1190                 320               57.32                   
                   0                   
                   0                   
                   0                   
                   0                   
