176
# x y z
0	0	0
30	0	0
10	0	0
20	0	0
40	0	0
50	0	0
60	0	0
70	0	0
80	0	0
90	0	0
100	0	0
110	0	0
120	0	0
130	0	0
140	0	0
150	0	0
160	0	0
170	0	0
180	0	0
190	0	0
200	0	0
210	0	0
220	0	0
230	0	0
240	0	0
250	0	0
260	0	0
270	0	0
280	0	0
290	0	0
300	0	0
310	0	0
320	0	0
330	0	0
340	0	0
350	0	0
360	0	0
370	0	0
380	0	0
390	0	0
400	0	0
410	0	0
420	0	0
430	0	0
440	0	0
450	0	0
460	0	0
470	0	0
480	0	0
490	0	0
500	0	0
510	0	0
520	0	0
530	0	0
540	0	0
550	0	0
560	0	0
570	0	0
580	0	0
590	0	0
600	0	0
610	0	0
620	0	0
630	0	0
640	0	0
650	0	0
660	0	0
670	0	0
680	0	0
690	0	0
700	0	0
710	0	0
720	0	0
730	0	0
740	0	0
750	0	0
760	0	0
770	0	0
780	0	0
790	0	0
800	0	0
810	0	0
820	0	0
830	0	0
840	0	0
850	0	0
860	0	0
870	0	0
880	0	0
890	0	0
900	0	0
910	0	0
920	0	0
930	0	0
940	0	0
950	0	0
960	0	0
970	0	0
980	0	0
990	0	0
1000	0	0
1010	0	0
1020	0	0
1030	0	0
1040	0	0
1050	0	0
1060	0	0
1070	0	0
1080	0	0
1090	0	0
1100	0	0
1110	0	0
1120	0	0
1130	0	0
1140	0	0
1150	0	0
1160	0	0
1170	0	0
1180	0	0
1190	0	0
1200	0	0
1210	0	0
1220	0	0
1230	0	0
1240	0	0
1250	0	0
1260	0	0
1270	0	0
1280	0	0
1290	0	0
1300	0	0
1310	0	0
1320	0	0
1330	0	0
1340	0	0
1350	0	0
1360	0	0
1370	0	0
1380	0	0
1390	0	0
1400	0	0
1410	0	0
1420	0	0
1430	0	0
1440	0	0
1450	0	0
1460	0	0
1470	0	0
1480	0	0
1490	0	0
1500	0	0
1510	0	0
1520	0	0
1530	0	0
1540	0	0
1550	0	0
1560	0	0
1570	0	0
1580	0	0
1590	0	0
1600	0	0
1610	0	0
1620	0	0
1630	0	0
1640	0	0
1650	0	0
1660	0	0
1670	0	0
1680	0	0
1690	0	0
1700	0	0
1710	0	0
1720	0	0
1730	0	0
1740	0	0
1750	0	0
4975
# a b m n rhoa k err ip iperr response residual
1	2	3	4	1.02980000000000e+02	6.28318530717959e+01	3.00000000000000e-02	0.00000000000000e+00	0.00000000000000e+00	1.05738490509655e+02	-8.81139353236756e-01
3	5	4	2	1.50960000000000e+02	6.28318530717959e+01	3.00000000000000e-02	0.00000000000000e+00	0.00000000000000e+00	1.56714133108726e+02	-1.24694787923640e+00
4	6	2	5	1.98940000000000e+02	6.28318530717959e+01	3.00000000000000e-02	0.00000000000000e+00	0.00000000000000e+00	2.20906618773099e+02	-3.49122670034265e+00
2	7	5	6	2.38820000000000e+02	6.28318530717959e+01	3.00000000000000e-02	0.00000000000000e+00	0.00000000000000e+00	2.40821023495472e+02	-2.78129546442951e-01
5	8	6	7	2.36040000000000e+02	6.28318530717959e+01	3.00000000000000e-02	0.00000000000000e+00	0.00000000000000e+00	2.27239382408336e+02	1.26657574328067e+00
6	9	7	8	2.71870000000000e+02	6.28318530717959e+01	3.00000000000000e-02	0.00000000000000e+00	0.00000000000000e+00	2.52499042286960e+02	2.46388516946494e+00
7	10	8	9	2.47160000000000e+02	6.28318530717959e+01	3.00000000000000e-02	0.00000000000000e+00	0.00000000000000e+00	2.57322713764370e+02	-1.34316975191044e+00
8	11	9	10	1.87900000000000e+02	6.28318530717959e+01	3.00000000000000e-02	0.00000000000000e+00	0.00000000000000e+00	2.10098951830357e+02	-3.72229041702494e+00
9	12	10	11	2.15070000000000e+02	6.28318530717959e+01	3.00000000000000e-02	0.00000000000000e+00	0.00000000000000e+00	2.28802969757488e+02	-2.06325608659386e+00
10	13	11	12	2.81170000000000e+02	6.28318530717959e+01	3.00000000000000e-02	0.00000000000000e+00	0.00000000000000e+00	2.60212705790290e+02	2.58200242879951e+00
11	14	12	13	2.01850000000000e+02	6.28318530717959e+01	3.00000000000000e-02	0.00000000000000e+00	0.00000000000000e+00	1.90210162440743e+02	1.97984227757300e+00
12	15	13	14	2.41030000000000e+02	6.28318530717959e+01	3.00000000000000e-02	0.00000000000000e+00	0.00000000000000e+00	2.34709097714520e+02	8.85818060063167e-01
13	16	14	15	1.55660000000000e+02	6.28318530717959e+01	3.00000000000000e-02	0.00000000000000e+00	0.00000000000000e+00	1.65125426482263e+02	-1.96770680307491e+00
14	17	15	16	1.07070000000000e+02	6.28318530717959e+01	3.00000000000000e-02	0.00000000000000e+00	0.00000000000000e+00	1.08020954121854e+02	-2.94746726048611e-01
15	18	16	17	7.63900000000000e+01	6.28318530717959e+01	3.00000000000000e-02	0.00000000000000e+00	0.00000000000000e+00	7.73821227722328e+01	-4.30132814310369e-01
16	19	17	18	6.62600000000000e+01	6.28318530717959e+01	3.00000000000000e-02	0.00000000000000e+00	0.00000000000000e+00	6.53133364662458e+01	4.79671588531261e-01
17	20	18	19	5.61200000000000e+01	6.28318530717959e+01	3.00000000000000e-02	0.00000000000000e+00	0.00000000000000e+00	5.91520698900087e+01	-1.75397761639295e+00
18	21	19	20	5.34400000000000e+01	6.28318530717959e+01	3.00000000000000e-02	0.00000000000000e+00	0.00000000000000e+00	5.57120754153686e+01	-1.38791293403956e+00
19	22	20	21	7.89500000000000e+01	6.28318530717959e+01	3.00000000000000e-02	0.00000000000000e+00	0.00000000000000e+00	7.63030725743899e+01	1.13671778569323e+00
20	23	21	22	1.05490000000000e+02	6.28318530717959e+01	3.00000000000000e-02	0.00000000000000e+00	0.00000000000000e+00	1.00950553227287e+02	1.46617789130052e+00
21	24	22	23	1.09620000000000e+02	6.28318530717959e+01	3.00000000000000e-02	0.00000000000000e+00	0.00000000000000e+00	1.12456342347575e+02	-8.51507956235675e-01
22	25	23	24	1.76630000000000e+02	6.28318530717959e+01	3.00000000000000e-02	0.00000000000000e+00	0.00000000000000e+00	1.78208439404348e+02	-2.96557463979112e-01
23	26	24	25	2.43640000000000e+02	6.28318530717959e+01	3.00000000000000e-02	0.00000000000000e+00	0.00000000000000e+00	2.40458962765922e+02	4.38076132395437e-01
24	27	25	26	2.29530000000000e+02	6.28318530717959e+01	3.00000000000000e-02	0.00000000000000e+00	0.00000000000000e+00	2.27887872493884e+02	2.39333974399821e-01
25	28	26	27	3.23520000000000e+02	6.28318530717959e+01	3.00000000000000e-02	0.00000000000000e+00	0.00000000000000e+00	3.50047766393696e+02	-2.62695615833308e+00
26	29	27	28	2.89240000000000e+02	6.28318530717959e+01	3.00000000000000e-02	0.00000000000000e+00	0.00000000000000e+00	2.85893501420564e+02	3.87914149672763e-01
27	30	28	29	3.73370000000000e+02	6.28318530717959e+01	3.00000000000000e-02	0.00000000000000e+00	0.00000000000000e+00	3.35715083638684e+02	3.54356834026299e+00
28	31	29	30	4.57500000000000e+02	6.28318530717959e+01	3.00000000000000e-02	0.00000000000000e+00	0.00000000000000e+00	4.60872910923102e+02	-2.44847965973675e-01
29	32	30	31	3.85700000000000e+02	6.28318530717959e+01	3.00000000000000e-02	0.00000000000000e+00	0.00000000000000e+00	4.25322093547438e+02	-3.25956279481225e+00
30	33	31	32	4.04210000000000e+02	6.28318530717959e+01	3.00000000000000e-02	0.00000000000000e+00	0.00000000000000e+00	4.52654499372508e+02	-3.77315316835200e+00
31	34	32	33	4.09160000000000e+02	6.28318530717959e+01	3.00000000000000e-02	0.00000000000000e+00	0.00000000000000e+00	4.19307811871769e+02	-8.16633572009688e-01
32	35	33	34	4.94880000000000e+02	6.28318530717959e+01	3.00000000000000e-02	0.00000000000000e+00	0.00000000000000e+00	4.75028541224585e+02	1.36468066395521e+00
33	36	34	35	4.40220000000000e+02	6.28318530717959e+01	3.00000000000000e-02	0.00000000000000e+00	0.00000000000000e+00	4.42591773519825e+02	-1.79107959166439e-01
34	37	35	36	3.72360000000000e+02	6.28318530717959e+01	3.00000000000000e-02	0.00000000000000e+00	0.00000000000000e+00	3.93647313708042e+02	-1.85314124323419e+00
35	38	36	37	4.66700000000000e+02	6.28318530717959e+01	3.00000000000000e-02	0.00000000000000e+00	0.00000000000000e+00	4.83237682570232e+02	-1.16073253585893e+00
36	39	37	38	3.16280000000000e+02	6.28318530717959e+01	3.00000000000000e-02	0.00000000000000e+00	0.00000000000000e+00	3.16217891272351e+02	6.54639630222794e-03
37	40	38	39	3.36090000000000e+02	6.28318530717959e+01	3.00000000000000e-02	0.00000000000000e+00	0.00000000000000e+00	3.27127346316920e+02	9.00981595828328e-01
38	41	39	40	3.77670000000000e+02	6.28318530717959e+01	3.00000000000000e-02	0.00000000000000e+00	0.00000000000000e+00	3.52641428673651e+02	2.28563468547153e+00
39	42	40	41	2.96980000000000e+02	6.28318530717959e+01	3.00000000000000e-02	0.00000000000000e+00	0.00000000000000e+00	2.81923384976954e+02	1.73431489738677e+00
40	43	41	42	3.34490000000000e+02	6.28318530717959e+01	3.00000000000000e-02	0.00000000000000e+00	0.00000000000000e+00	3.50060974436377e+02	-1.51667894101225e+00
41	44	42	43	3.63240000000000e+02	6.28318530717959e+01	3.00000000000000e-02	0.00000000000000e+00	0.00000000000000e+00	3.49423853883590e+02	1.29260354876441e+00
42	45	43	44	4.16550000000000e+02	6.28318530717959e+01	3.00000000000000e-02	0.00000000000000e+00	0.00000000000000e+00	3.78139973556313e+02	3.22473583106939e+00
43	46	44	45	4.69860000000000e+02	6.28318530717959e+01	3.00000000000000e-02	0.00000000000000e+00	0.00000000000000e+00	4.83255982006799e+02	-9.37057290699084e-01
44	47	45	46	3.74130000000000e+02	6.28318530717959e+01	3.00000000000000e-02	0.00000000000000e+00	0.00000000000000e+00	4.13730448705478e+02	-3.35371136966550e+00
45	48	46	47	4.15350000000000e+02	6.28318530717959e+01	3.00000000000000e-02	0.00000000000000e+00	0.00000000000000e+00	4.14891864642170e+02	3.67873045065359e-02
46	49	47	48	4.56580000000000e+02	6.28318530717959e+01	3.00000000000000e-02	0.00000000000000e+00	0.00000000000000e+00	4.47301766837790e+02	6.84349022807614e-01
47	50	48	49	4.08990000000000e+02	6.28318530717959e+01	3.00000000000000e-02	0.00000000000000e+00	0.00000000000000e+00	4.17537608707722e+02	-6.89463836826517e-01
48	51	49	50	4.88970000000000e+02	6.28318530717959e+01	3.00000000000000e-02	0.00000000000000e+00	0.00000000000000e+00	5.04205558866969e+02	-1.02276339720990e+00
49	52	50	51	4.27010000000000e+02	6.28318530717959e+01	3.00000000000000e-02	0.00000000000000e+00	0.00000000000000e+00	4.61708105532102e+02	-2.60418176807905e+00
50	53	51	52	5.34030000000000e+02	6.28318530717959e+01	3.00000000000000e-02	0.00000000000000e+00	0.00000000000000e+00	5.54330319249676e+02	-1.24362453466382e+00
51	54	52	53	6.41060000000000e+02	6.28318530717959e+01	3.00000000000000e-02	0.00000000000000e+00	0.00000000000000e+00	6.13187934229234e+02	1.48171954033597e+00
52	55	53	54	6.40050000000000e+02	6.28318530717959e+01	3.00000000000000e-02	0.00000000000000e+00	0.00000000000000e+00	5.85794222092548e+02	2.95259090779204e+00
53	56	54	55	5.68420000000000e+02	6.28318530717959e+01	3.00000000000000e-02	0.00000000000000e+00	0.00000000000000e+00	5.74051414617517e+02	-3.28612757342336e-01
54	57	55	56	7.49480000000000e+02	6.28318530717959e+01	3.00000000000000e-02	0.00000000000000e+00	0.00000000000000e+00	7.00828841023858e+02	2.23719798419767e+00
55	58	56	57	5.46250000000000e+02	6.28318530717959e+01	3.00000000000000e-02	0.00000000000000e+00	0.00000000000000e+00	5.51004659479302e+02	-2.88883970420883e-01
56	59	57	58	4.75150000000000e+02	6.28318530717959e+01	3.00000000000000e-02	0.00000000000000e+00	0.00000000000000e+00	5.80722530540714e+02	-6.68808423005244e+00
57	60	58	59	7.03970000000000e+02	6.28318530717959e+01	3.00000000000000e-02	0.00000000000000e+00	0.00000000000000e+00	7.37806871936532e+02	-1.56487858655892e+00
58	61	59	60	9.32800000000000e+02	6.28318530717959e+01	3.00000000000000e-02	0.00000000000000e+00	0.00000000000000e+00	9.81571841791884e+02	-1.69881304526447e+00
59	62	60	61	7.08190000000000e+02	6.28318530717959e+01	3.00000000000000e-02	0.00000000000000e+00	0.00000000000000e+00	6.73376542409159e+02	1.68025825700366e+00
60	63	61	62	8.94980000000000e+02	6.28318530717959e+01	3.00000000000000e-02	0.00000000000000e+00	0.00000000000000e+00	8.32292947072115e+02	2.42056309871863e+00
61	64	62	63	7.09940000000000e+02	6.28318530717959e+01	3.00000000000000e-02	0.00000000000000e+00	0.00000000000000e+00	7.48679658063899e+02	-1.77102465899261e+00
62	65	63	64	5.24900000000000e+02	6.28318530717959e+01	3.00000000000000e-02	0.00000000000000e+00	0.00000000000000e+00	5.52580509597774e+02	-1.71304577489044e+00
63	66	64	65	6.75890000000000e+02	6.28318530717959e+01	3.00000000000000e-02	0.00000000000000e+00	0.00000000000000e+00	6.57429791273557e+02	9.23078796381175e-01
64	67	65	66	4.61780000000000e+02	6.28318530717959e+01	3.00000000000000e-02	0.00000000000000e+00	0.00000000000000e+00	4.63441268368200e+02	-1.19702548300774e-01
65	68	66	67	3.85560000000000e+02	6.28318530717959e+01	3.00000000000000e-02	0.00000000000000e+00	0.00000000000000e+00	3.93735639526105e+02	-6.99429850472585e-01
66	69	67	68	4.64580000000000e+02	6.28318530717959e+01	3.00000000000000e-02	0.00000000000000e+00	0.00000000000000e+00	4.51313955862722e+02	9.65684719290068e-01
67	70	68	69	4.09500000000000e+02	6.28318530717959e+01	3.00000000000000e-02	0.00000000000000e+00	0.00000000000000e+00	4.14051567717934e+02	-3.68454082680950e-01
68	71	69	70	5.17990000000000e+02	6.28318530717959e+01	3.00000000000000e-02	0.00000000000000e+00	0.00000000000000e+00	5.12112033142953e+02	3.80417373948265e-01
69	72	70	71	6.64360000000000e+02	6.28318530717959e+01	3.00000000000000e-02	0.00000000000000e+00	0.00000000000000e+00	6.48637679609530e+02	7.98329509663365e-01
70	73	71	72	5.03390000000000e+02	6.28318530717959e+01	3.00000000000000e-02	0.00000000000000e+00	0.00000000000000e+00	5.00907167585695e+02	1.64814263657191e-01
71	74	72	73	5.38010000000000e+02	6.28318530717959e+01	3.00000000000000e-02	0.00000000000000e+00	0.00000000000000e+00	5.35324092518566e+02	1.66826781865984e-01
72	75	73	74	4.41050000000000e+02	6.28318530717959e+01	3.00000000000000e-02	0.00000000000000e+00	0.00000000000000e+00	4.69340941812815e+02	-2.07237371541987e+00
73	76	74	75	4.49040000000000e+02	6.28318530717959e+01	3.00000000000000e-02	0.00000000000000e+00	0.00000000000000e+00	4.53326738236157e+02	-3.16705710458158e-01
74	77	75	76	4.25840000000000e+02	6.28318530717959e+01	3.00000000000000e-02	0.00000000000000e+00	0.00000000000000e+00	3.99550369110543e+02	2.12412837429354e+00
75	78	76	77	3.62870000000000e+02	6.28318530717959e+01	3.00000000000000e-02	0.00000000000000e+00	0.00000000000000e+00	3.61727423686565e+02	1.05122948096585e-01
76	79	77	78	2.74050000000000e+02	6.28318530717959e+01	3.00000000000000e-02	0.00000000000000e+00	0.00000000000000e+00	3.29140434441790e+02	-6.10579802014438e+00
77	80	78	79	1.85230000000000e+02	6.28318530717959e+01	3.00000000000000e-02	0.00000000000000e+00	0.00000000000000e+00	2.00429183561454e+02	-2.62875630092413e+00
78	81	79	80	2.27730000000000e+02	6.28318530717959e+01	3.00000000000000e-02	0.00000000000000e+00	0.00000000000000e+00	2.40322975205024e+02	-1.79410106610138e+00
79	82	80	81	2.81190000000000e+02	6.28318530717959e+01	3.00000000000000e-02	0.00000000000000e+00	0.00000000000000e+00	2.87199469952673e+02	-7.04879805905871e-01
80	83	81	82	3.41430000000000e+02	6.28318530717959e+01	3.00000000000000e-02	0.00000000000000e+00	0.00000000000000e+00	3.46243082505710e+02	-4.66613300573737e-01
81	84	82	83	3.33170000000000e+02	6.28318530717959e+01	3.00000000000000e-02	0.00000000000000e+00	0.00000000000000e+00	3.53403636342087e+02	-1.96526597335458e+00
82	85	83	84	3.03510000000000e+02	6.28318530717959e+01	3.00000000000000e-02	0.00000000000000e+00	0.00000000000000e+00	3.31488189600108e+02	-2.93925409854502e+00
83	86	84	85	3.42910000000000e+02	6.28318530717959e+01	3.00000000000000e-02	0.00000000000000e+00	0.00000000000000e+00	3.57477655859847e+02	-1.38682790081731e+00
84	87	85	86	2.64530000000000e+02	6.28318530717959e+01	3.00000000000000e-02	0.00000000000000e+00	0.00000000000000e+00	2.73848348261924e+02	-1.15399377505791e+00
85	88	86	87	3.53610000000000e+02	6.28318530717959e+01	3.00000000000000e-02	0.00000000000000e+00	0.00000000000000e+00	3.42055519743019e+02	1.10738495298529e+00
86	89	87	88	3.04500000000000e+02	6.28318530717959e+01	3.00000000000000e-02	0.00000000000000e+00	0.00000000000000e+00	2.93504823354940e+02	1.22590046996039e+00
87	90	88	89	2.89450000000000e+02	6.28318530717959e+01	3.00000000000000e-02	0.00000000000000e+00	0.00000000000000e+00	2.97014484491629e+02	-8.59944547352853e-01
88	91	89	90	3.28630000000000e+02	6.28318530717959e+01	3.00000000000000e-02	0.00000000000000e+00	0.00000000000000e+00	3.30831660921640e+02	-2.22572362895009e-01
89	92	90	91	2.35210000000000e+02	6.28318530717959e+01	3.00000000000000e-02	0.00000000000000e+00	0.00000000000000e+00	2.38576376661232e+02	-4.73692150304572e-01
90	93	91	92	3.19490000000000e+02	6.28318530717959e+01	3.00000000000000e-02	0.00000000000000e+00	0.00000000000000e+00	3.08478250818235e+02	1.16915444472771e+00
91	94	92	93	4.03780000000000e+02	6.28318530717959e+01	3.00000000000000e-02	0.00000000000000e+00	0.00000000000000e+00	4.08589654443694e+02	-3.94706245327943e-01
92	95	93	94	5.02980000000000e+02	6.28318530717959e+01	3.00000000000000e-02	0.00000000000000e+00	0.00000000000000e+00	5.26967006555746e+02	-1.55291775158715e+00
93	96	94	95	6.02190000000000e+02	6.28318530717959e+01	3.00000000000000e-02	0.00000000000000e+00	0.00000000000000e+00	6.38526943970489e+02	-1.95302877695879e+00
94	97	95	96	1.25588000000000e+03	6.28318530717959e+01	3.00000000000000e-02	0.00000000000000e+00	0.00000000000000e+00	1.05488331549779e+03	5.81354542310043e+00
95	98	96	97	8.78040000000000e+02	6.28318530717959e+01	3.00000000000000e-02	0.00000000000000e+00	0.00000000000000e+00	7.96026974808355e+02	3.26863591545150e+00
96	99	97	98	7.14080000000000e+02	6.28318530717959e+01	3.00000000000000e-02	0.00000000000000e+00	0.00000000000000e+00	7.94844196890522e+02	-3.57170386043218e+00
97	100	98	99	4.32210000000000e+02	6.28318530717959e+01	3.00000000000000e-02	0.00000000000000e+00	0.00000000000000e+00	5.21865159519249e+02	-6.28325527249443e+00
98	101	99	100	4.07380000000000e+02	6.28318530717959e+01	3.00000000000000e-02	0.00000000000000e+00	0.00000000000000e+00	3.87052313666748e+02	1.70621831528003e+00
99	102	100	101	3.82550000000000e+02	6.28318530717959e+01	3.00000000000000e-02	0.00000000000000e+00	0.00000000000000e+00	3.72353896902541e+02	9.00487529275473e-01
100	103	101	102	5.28490000000000e+02	6.28318530717959e+01	3.00000000000000e-02	0.00000000000000e+00	0.00000000000000e+00	5.37329914549450e+02	-5.52946274059825e-01
101	104	102	103	3.71760000000000e+02	6.28318530717959e+01	3.00000000000000e-02	0.00000000000000e+00	0.00000000000000e+00	3.81964043719072e+02	-9.02599766994102e-01
102	105	103	104	6.39110000000000e+02	6.28318530717959e+01	3.00000000000000e-02	0.00000000000000e+00	0.00000000000000e+00	6.32063458933351e+02	3.69559490887076e-01
103	106	104	105	4.20860000000000e+02	6.28318530717959e+01	3.00000000000000e-02	0.00000000000000e+00	0.00000000000000e+00	4.56976751269866e+02	-2.74440934316189e+00
104	107	105	106	5.53850000000000e+02	6.28318530717959e+01	3.00000000000000e-02	0.00000000000000e+00	0.00000000000000e+00	5.37583057304049e+02	9.93687289402701e-01
105	108	106	107	4.23730000000000e+02	6.28318530717959e+01	3.00000000000000e-02	0.00000000000000e+00	0.00000000000000e+00	4.17976747951873e+02	4.55688529085663e-01
106	109	107	108	4.49710000000000e+02	6.28318530717959e+01	3.00000000000000e-02	0.00000000000000e+00	0.00000000000000e+00	4.34292135974998e+02	1.16284995187259e+00
107	110	108	109	3.44580000000000e+02	6.28318530717959e+01	3.00000000000000e-02	0.00000000000000e+00	0.00000000000000e+00	3.32924342828663e+02	1.14703395500258e+00
108	111	109	110	2.39440000000000e+02	6.28318530717959e+01	3.00000000000000e-02	0.00000000000000e+00	0.00000000000000e+00	2.82995889049877e+02	-5.57098358892543e+00
109	112	110	111	1.75590000000000e+02	6.28318530717959e+01	3.00000000000000e-02	0.00000000000000e+00	0.00000000000000e+00	1.96562533839672e+02	-3.76096290269394e+00
110	113	111	112	2.24260000000000e+02	6.28318530717959e+01	3.00000000000000e-02	0.00000000000000e+00	0.00000000000000e+00	2.19081250608695e+02	7.78780822560066e-01
111	114	112	113	1.98570000000000e+02	6.28318530717959e+01	3.00000000000000e-02	0.00000000000000e+00	0.00000000000000e+00	2.14590606031035e+02	-2.58634573733435e+00
112	115	113	114	3.18410000000000e+02	6.28318530717959e+01	3.00000000000000e-02	0.00000000000000e+00	0.00000000000000e+00	3.05697421125001e+02	1.35813558725456e+00
113	116	114	115	4.38260000000000e+02	6.28318530717959e+01	3.00000000000000e-02	0.00000000000000e+00	0.00000000000000e+00	4.23448903520723e+02	1.14598291993057e+00
114	117	115	116	3.33450000000000e+02	6.28318530717959e+01	3.00000000000000e-02	0.00000000000000e+00	0.00000000000000e+00	3.46306771956835e+02	-1.26106924376958e+00
115	118	116	117	4.28090000000000e+02	6.28318530717959e+01	3.00000000000000e-02	0.00000000000000e+00	0.00000000000000e+00	4.11697719662299e+02	1.30146879742223e+00
116	119	117	118	3.86250000000000e+02	6.28318530717959e+01	3.00000000000000e-02	0.00000000000000e+00	0.00000000000000e+00	3.71007856089847e+02	1.34205301281283e+00
117	120	118	119	4.83130000000000e+02	6.28318530717959e+01	3.00000000000000e-02	0.00000000000000e+00	0.00000000000000e+00	5.00676568382580e+02	-1.18915173153991e+00
118	121	119	120	3.82180000000000e+02	6.28318530717959e+01	3.00000000000000e-02	0.00000000000000e+00	0.00000000000000e+00	4.05098918619979e+02	-1.94131929922818e+00
119	122	120	121	5.65880000000000e+02	6.28318530717959e+01	3.00000000000000e-02	0.00000000000000e+00	0.00000000000000e+00	5.65544071673942e+02	1.97938358887484e-02
120	123	121	122	3.84570000000000e+02	6.28318530717959e+01	3.00000000000000e-02	0.00000000000000e+00	0.00000000000000e+00	3.61452145210293e+02	2.06653908502969e+00
121	124	122	123	4.15270000000000e+02	6.28318530717959e+01	3.00000000000000e-02	0.00000000000000e+00	0.00000000000000e+00	3.88725807747763e+02	2.20182268024131e+00
122	125	123	124	2.79980000000000e+02	6.28318530717959e+01	3.00000000000000e-02	0.00000000000000e+00	0.00000000000000e+00	2.87579487858638e+02	-8.92704316187191e-01
123	126	124	125	1.70720000000000e+02	6.28318530717959e+01	3.00000000000000e-02	0.00000000000000e+00	0.00000000000000e+00	1.69454065233777e+02	2.48096634371227e-01
124	127	125	126	1.15400000000000e+02	6.28318530717959e+01	3.00000000000000e-02	0.00000000000000e+00	0.00000000000000e+00	1.20072142619416e+02	-1.32294655205903e+00
125	128	126	127	8.30400000000000e+01	6.28318530717959e+01	3.00000000000000e-02	0.00000000000000e+00	0.00000000000000e+00	8.28354828409680e+01	8.21971031778723e-02
126	129	127	128	7.71300000000000e+01	6.28318530717959e+01	3.00000000000000e-02	0.00000000000000e+00	0.00000000000000e+00	7.75019580965305e+01	-1.60363061863459e-01
127	130	128	129	7.12300000000000e+01	6.28318530717959e+01	3.00000000000000e-02	0.00000000000000e+00	0.00000000000000e+00	7.81374055560443e+01	-3.08516028592318e+00
128	131	129	130	1.08360000000000e+02	6.28318530717959e+01	3.00000000000000e-02	0.00000000000000e+00	0.00000000000000e+00	1.08594722624177e+02	-7.21264827114728e-02
129	132	130	131	1.45480000000000e+02	6.28318530717959e+01	3.00000000000000e-02	0.00000000000000e+00	0.00000000000000e+00	1.51371806551317e+02	-1.32334950855263e+00
130	133	131	132	2.00400000000000e+02	6.28318530717959e+01	3.00000000000000e-02	0.00000000000000e+00	0.00000000000000e+00	2.12397396056651e+02	-1.93812201538792e+00
131	134	132	133	3.19980000000000e+02	6.28318530717959e+01	3.00000000000000e-02	0.00000000000000e+00	0.00000000000000e+00	3.18177309462125e+02	1.88322984124145e-01
132	135	133	134	4.39570000000000e+02	6.28318530717959e+01	3.00000000000000e-02	0.00000000000000e+00	0.00000000000000e+00	4.20101123525987e+02	1.51005079152764e+00
133	136	134	135	4.30200000000000e+02	6.28318530717959e+01	3.00000000000000e-02	0.00000000000000e+00	0.00000000000000e+00	4.41612886495752e+02	-8.72781969324639e-01
134	137	135	136	4.41660000000000e+02	6.28318530717959e+01	3.00000000000000e-02	0.00000000000000e+00	0.00000000000000e+00	4.58329859930223e+02	-1.23495959237060e+00
135	138	136	137	5.82060000000000e+02	6.28318530717959e+01	3.00000000000000e-02	0.00000000000000e+00	0.00000000000000e+00	5.61120497198637e+02	1.22126209090760e+00
136	139	137	138	4.40110000000000e+02	6.28318530717959e+01	3.00000000000000e-02	0.00000000000000e+00	0.00000000000000e+00	4.39986838520217e+02	9.32938855487583e-03
137	140	138	139	4.58760000000000e+02	6.28318530717959e+01	3.00000000000000e-02	0.00000000000000e+00	0.00000000000000e+00	4.48186853851849e+02	7.77232251538695e-01
138	141	139	140	6.27020000000000e+02	6.28318530717959e+01	3.00000000000000e-02	0.00000000000000e+00	0.00000000000000e+00	6.47734471176070e+02	-1.08341358735113e+00
139	142	140	141	7.42500000000000e+02	6.28318530717959e+01	3.00000000000000e-02	0.00000000000000e+00	0.00000000000000e+00	5.92484031644575e+02	7.52329829471975e+00
140	143	141	142	8.20060000000000e+02	6.28318530717959e+01	3.00000000000000e-02	0.00000000000000e+00	0.00000000000000e+00	7.10498264994496e+02	4.78036675763421e+00
141	144	142	143	7.03620000000000e+02	6.28318530717959e+01	3.00000000000000e-02	0.00000000000000e+00	0.00000000000000e+00	7.36671271317590e+02	-1.53011062601628e+00
142	145	143	144	5.87170000000000e+02	6.28318530717959e+01	3.00000000000000e-02	0.00000000000000e+00	0.00000000000000e+00	5.83765947329259e+02	1.93808623387752e-01
143	146	144	145	6.00920000000000e+02	6.28318530717959e+01	3.00000000000000e-02	0.00000000000000e+00	0.00000000000000e+00	5.29377923952944e+02	4.22530751324534e+00
144	147	145	146	5.09910000000000e+02	6.28318530717959e+01	3.00000000000000e-02	0.00000000000000e+00	0.00000000000000e+00	5.12095584260007e+02	-1.42568535530874e-01
145	148	146	147	4.18910000000000e+02	6.28318530717959e+01	3.00000000000000e-02	0.00000000000000e+00	0.00000000000000e+00	4.36063919229320e+02	-1.33775788756131e+00
146	149	147	148	3.94260000000000e+02	6.28318530717959e+01	3.00000000000000e-02	0.00000000000000e+00	0.00000000000000e+00	4.20022864706977e+02	-2.10995198121025e+00
147	150	148	149	3.69610000000000e+02	6.28318530717959e+01	3.00000000000000e-02	0.00000000000000e+00	0.00000000000000e+00	3.59458279449587e+02	9.28342561752368e-01
148	151	149	150	4.23280000000000e+02	6.28318530717959e+01	3.00000000000000e-02	0.00000000000000e+00	0.00000000000000e+00	3.75983689665323e+02	3.94960448988438e+00
149	152	150	151	3.44170000000000e+02	6.28318530717959e+01	3.00000000000000e-02	0.00000000000000e+00	0.00000000000000e+00	3.52050595155139e+02	-7.54639338500803e-01
150	153	151	152	2.65050000000000e+02	6.28318530717959e+01	3.00000000000000e-02	0.00000000000000e+00	0.00000000000000e+00	2.76795456905816e+02	-1.44534410874965e+00
151	154	152	153	3.47780000000000e+02	6.28318530717959e+01	3.00000000000000e-02	0.00000000000000e+00	0.00000000000000e+00	3.35054885966524e+02	1.24252462809693e+00
152	155	153	154	2.44150000000000e+02	6.28318530717959e+01	3.00000000000000e-02	0.00000000000000e+00	0.00000000000000e+00	2.35451090039833e+02	1.20931947422145e+00
153	156	154	155	2.06940000000000e+02	6.28318530717959e+01	3.00000000000000e-02	0.00000000000000e+00	0.00000000000000e+00	2.02690876300134e+02	6.91561819489521e-01
154	157	155	156	1.49090000000000e+02	6.28318530717959e+01	3.00000000000000e-02	0.00000000000000e+00	0.00000000000000e+00	1.52010151501832e+02	-6.46571812404506e-01
155	158	156	157	1.60670000000000e+02	6.28318530717959e+01	3.00000000000000e-02	0.00000000000000e+00	0.00000000000000e+00	1.63129779561305e+02	-5.06450186171688e-01
156	159	157	158	1.84810000000000e+02	6.28318530717959e+01	3.00000000000000e-02	0.00000000000000e+00	0.00000000000000e+00	1.81366677454661e+02	6.26914866407150e-01
157	160	158	159	2.08950000000000e+02	6.28318530717959e+01	3.00000000000000e-02	0.00000000000000e+00	0.00000000000000e+00	1.89979268760577e+02	3.17266781576671e+00
158	161	159	160	2.35590000000000e+02	6.28318530717959e+01	3.00000000000000e-02	0.00000000000000e+00	0.00000000000000e+00	2.33948954945876e+02	2.33001858346604e-01
159	162	160	161	2.04500000000000e+02	6.28318530717959e+01	3.00000000000000e-02	0.00000000000000e+00	0.00000000000000e+00	1.96544192290106e+02	1.32268907694823e+00
160	163	161	162	2.57670000000000e+02	6.28318530717959e+01	3.00000000000000e-02	0.00000000000000e+00	0.00000000000000e+00	2.50824350374390e+02	8.97560053116860e-01
161	164	162	163	3.10840000000000e+02	6.28318530717959e+01	3.00000000000000e-02	0.00000000000000e+00	0.00000000000000e+00	3.01519804939656e+02	1.01475361019236e+00
162	165	163	164	2.50750000000000e+02	6.28318530717959e+01	3.00000000000000e-02	0.00000000000000e+00	0.00000000000000e+00	2.56866806665884e+02	-8.03375390285173e-01
163	166	164	165	3.70340000000000e+02	6.28318530717959e+01	3.00000000000000e-02	0.00000000000000e+00	0.00000000000000e+00	3.73592395163482e+02	-2.91461599323650e-01
164	167	165	166	5.14780000000000e+02	6.28318530717959e+01	3.00000000000000e-02	0.00000000000000e+00	0.00000000000000e+00	4.64205009731285e+02	3.44711129878247e+00
165	168	166	167	3.99290000000000e+02	6.28318530717959e+01	3.00000000000000e-02	0.00000000000000e+00	0.00000000000000e+00	4.03597964644682e+02	-3.57709184552550e-01
166	169	167	168	4.84130000000000e+02	6.28318530717959e+01	3.00000000000000e-02	0.00000000000000e+00	0.00000000000000e+00	5.78277480197147e+02	-5.92334524427782e+00
167	170	168	169	5.68980000000000e+02	6.28318530717959e+01	3.00000000000000e-02	0.00000000000000e+00	0.00000000000000e+00	5.36670081361411e+02	1.94872506827653e+00
168	171	169	170	5.75160000000000e+02	6.28318530717959e+01	3.00000000000000e-02	0.00000000000000e+00	0.00000000000000e+00	5.60681179700409e+02	8.49860870464880e-01
169	172	170	171	6.44740000000000e+02	6.28318530717959e+01	3.00000000000000e-02	0.00000000000000e+00	0.00000000000000e+00	6.72999956254555e+02	-1.42993766301481e+00
170	173	171	172	4.64100000000000e+02	6.28318530717959e+01	3.00000000000000e-02	0.00000000000000e+00	0.00000000000000e+00	4.56456741207754e+02	5.53537085640314e-01
171	174	172	173	6.71770000000000e+02	6.28318530717959e+01	3.00000000000000e-02	0.00000000000000e+00	0.00000000000000e+00	6.00137284104460e+02	3.75858613829309e+00
172	175	173	174	4.56440000000000e+02	6.28318530717959e+01	3.00000000000000e-02	0.00000000000000e+00	0.00000000000000e+00	4.31999946442189e+02	1.83439307662641e+00
173	176	174	175	3.07730000000000e+02	6.28318530717959e+01	3.00000000000000e-02	0.00000000000000e+00	0.00000000000000e+00	3.27311515029297e+02	-2.05631958767354e+00
1	7	4	5	2.89920000000000e+02	1.25663706143592e+02	3.00000000000000e-02	0.00000000000000e+00	0.00000000000000e+00	2.88211985887690e+02	1.96958378983088e-01
3	8	2	6	2.76050000000000e+02	1.25663706143592e+02	3.00000000000000e-02	0.00000000000000e+00	0.00000000000000e+00	3.00325248795663e+02	-2.80946804328206e+00
4	9	5	7	2.30840000000000e+02	1.25663706143592e+02	3.00000000000000e-02	0.00000000000000e+00	0.00000000000000e+00	2.21224875927839e+02	1.41817025103362e+00
2	10	6	8	2.23590000000000e+02	1.25663706143592e+02	3.00000000000000e-02	0.00000000000000e+00	0.00000000000000e+00	2.16564715346703e+02	1.06415328782147e+00
5	11	7	9	2.98120000000000e+02	1.25663706143592e+02	3.00000000000000e-02	0.00000000000000e+00	0.00000000000000e+00	2.91097887552482e+02	7.94549868810979e-01
6	12	8	10	2.91360000000000e+02	1.25663706143592e+02	3.00000000000000e-02	0.00000000000000e+00	0.00000000000000e+00	2.63189050831873e+02	3.38956725254338e+00
7	13	9	11	3.01170000000000e+02	1.25663706143592e+02	3.00000000000000e-02	0.00000000000000e+00	0.00000000000000e+00	2.71805128953306e+02	3.41965058371096e+00
8	14	10	12	2.93810000000000e+02	1.25663706143592e+02	3.00000000000000e-02	0.00000000000000e+00	0.00000000000000e+00	2.72317479149458e+02	2.53215705068106e+00
9	15	11	13	2.17380000000000e+02	1.25663706143592e+02	3.00000000000000e-02	0.00000000000000e+00	0.00000000000000e+00	2.30135791104996e+02	-1.90075188938727e+00
10	16	12	14	1.88600000000000e+02	1.25663706143592e+02	3.00000000000000e-02	0.00000000000000e+00	0.00000000000000e+00	1.98432582478338e+02	-1.69403457896905e+00
11	17	13	15	2.42120000000000e+02	1.25663706143592e+02	3.00000000000000e-02	0.00000000000000e+00	0.00000000000000e+00	2.50565358990895e+02	-1.14287765348555e+00
12	18	14	16	1.74750000000000e+02	1.25663706143592e+02	3.00000000000000e-02	0.00000000000000e+00	0.00000000000000e+00	1.99467416356982e+02	-4.40981717817825e+00
13	19	15	17	1.40660000000000e+02	1.25663706143592e+02	3.00000000000000e-02	0.00000000000000e+00	0.00000000000000e+00	1.26389356482248e+02	3.56594525860219e+00
14	20	16	18	1.06570000000000e+02	1.25663706143592e+02	3.00000000000000e-02	0.00000000000000e+00	0.00000000000000e+00	1.12060931876619e+02	-1.67469039139074e+00
15	21	17	19	1.17650000000000e+02	1.25663706143592e+02	3.00000000000000e-02	0.00000000000000e+00	0.00000000000000e+00	1.15841206728318e+02	5.16458979711606e-01
16	22	18	20	1.05330000000000e+02	1.25663706143592e+02	3.00000000000000e-02	0.00000000000000e+00	0.00000000000000e+00	1.01493221888748e+02	1.23687540058845e+00
17	23	19	21	1.21640000000000e+02	1.25663706143592e+02	3.00000000000000e-02	0.00000000000000e+00	0.00000000000000e+00	1.29063007017332e+02	-1.97449496006878e+00
18	24	20	22	1.70210000000000e+02	1.25663706143592e+02	3.00000000000000e-02	0.00000000000000e+00	0.00000000000000e+00	1.73697939769146e+02	-6.76161449995938e-01
19	25	21	23	2.03000000000000e+02	1.25663706143592e+02	3.00000000000000e-02	0.00000000000000e+00	0.00000000000000e+00	1.96516813169652e+02	1.08193293961530e+00
20	26	22	24	2.46920000000000e+02	1.25663706143592e+02	3.00000000000000e-02	0.00000000000000e+00	0.00000000000000e+00	2.63412116145711e+02	-2.15517965867168e+00
21	27	23	25	3.16200000000000e+02	1.25663706143592e+02	3.00000000000000e-02	0.00000000000000e+00	0.00000000000000e+00	3.17755283209473e+02	-1.63553736457533e-01
22	28	24	26	3.37760000000000e+02	1.25663706143592e+02	3.00000000000000e-02	0.00000000000000e+00	0.00000000000000e+00	3.47315444270646e+02	-9.29928139985344e-01
23	29	25	27	4.26260000000000e+02	1.25663706143592e+02	3.00000000000000e-02	0.00000000000000e+00	0.00000000000000e+00	4.42332718957615e+02	-1.23376226623986e+00
24	30	26	28	4.58080000000000e+02	1.25663706143592e+02	3.00000000000000e-02	0.00000000000000e+00	0.00000000000000e+00	4.11400072260200e+02	3.58258961621119e+00
25	31	27	29	3.68480000000000e+02	1.25663706143592e+02	3.00000000000000e-02	0.00000000000000e+00	0.00000000000000e+00	3.40186786048803e+02	2.66305328597503e+00
26	32	28	30	4.12120000000000e+02	1.25663706143592e+02	3.00000000000000e-02	0.00000000000000e+00	0.00000000000000e+00	4.32255649106929e+02	-1.59008748248072e+00
27	33	29	31	5.61750000000000e+02	1.25663706143592e+02	3.00000000000000e-02	0.00000000000000e+00	0.00000000000000e+00	5.38004659904035e+02	1.43965631365003e+00
28	34	30	32	5.19180000000000e+02	1.25663706143592e+02	3.00000000000000e-02	0.00000000000000e+00	0.00000000000000e+00	4.87105701080480e+02	2.12564996584167e+00
29	35	31	33	4.17510000000000e+02	1.25663706143592e+02	3.00000000000000e-02	0.00000000000000e+00	0.00000000000000e+00	4.24889789392766e+02	-5.84044003989792e-01
30	36	32	34	4.62830000000000e+02	1.25663706143592e+02	3.00000000000000e-02	0.00000000000000e+00	0.00000000000000e+00	4.73703907643877e+02	-7.74088101829040e-01
31	37	33	35	4.18460000000000e+02	1.25663706143592e+02	3.00000000000000e-02	0.00000000000000e+00	0.00000000000000e+00	4.15198390994016e+02	2.60828310739806e-01
32	38	34	36	4.01930000000000e+02	1.25663706143592e+02	3.00000000000000e-02	0.00000000000000e+00	0.00000000000000e+00	4.19302286222515e+02	-1.41047208442468e+00
33	39	35	37	4.58290000000000e+02	1.25663706143592e+02	3.00000000000000e-02	0.00000000000000e+00	0.00000000000000e+00	4.53166956771694e+02	3.74718531039520e-01
34	40	36	38	4.29740000000000e+02	1.25663706143592e+02	3.00000000000000e-02	0.00000000000000e+00	0.00000000000000e+00	4.16444740621399e+02	1.04755324745807e+00
35	41	37	39	2.92100000000000e+02	1.25663706143592e+02	3.00000000000000e-02	0.00000000000000e+00	0.00000000000000e+00	2.89214827514826e+02	3.30881654174468e-01
36	42	38	40	2.98450000000000e+02	1.25663706143592e+02	3.00000000000000e-02	0.00000000000000e+00	0.00000000000000e+00	3.04989361119265e+02	-7.22482660273194e-01
37	43	39	41	3.81100000000000e+02	1.25663706143592e+02	3.00000000000000e-02	0.00000000000000e+00	0.00000000000000e+00	3.88538110502473e+02	-6.44315121606631e-01
38	44	40	42	4.17750000000000e+02	1.25663706143592e+02	3.00000000000000e-02	0.00000000000000e+00	0.00000000000000e+00	4.29926523491014e+02	-9.57705033630418e-01
39	45	41	43	3.90510000000000e+02	1.25663706143592e+02	3.00000000000000e-02	0.00000000000000e+00	0.00000000000000e+00	3.76550092508776e+02	1.21341636415118e+00
40	46	42	44	3.22930000000000e+02	1.25663706143592e+02	3.00000000000000e-02	0.00000000000000e+00	0.00000000000000e+00	3.07357604495004e+02	1.64745587627599e+00
41	47	43	45	3.85830000000000e+02	1.25663706143592e+02	3.00000000000000e-02	0.00000000000000e+00	0.00000000000000e+00	3.76482163035441e+02	8.17539585476723e-01
42	48	44	46	4.45620000000000e+02	1.25663706143592e+02	3.00000000000000e-02	0.00000000000000e+00	0.00000000000000e+00	4.29020610282011e+02	1.26538701732806e+00
43	49	45	47	3.14650000000000e+02	1.25663706143592e+02	3.00000000000000e-02	0.00000000000000e+00	0.00000000000000e+00	3.31956966975410e+02	-1.78481443328401e+00
44	50	46	48	3.83470000000000e+02	1.25663706143592e+02	3.00000000000000e-02	0.00000000000000e+00	0.00000000000000e+00	4.28381975626518e+02	-3.69179576993301e+00
45	51	47	49	5.26280000000000e+02	1.25663706143592e+02	3.00000000000000e-02	0.00000000000000e+00	0.00000000000000e+00	4.78678907503972e+02	3.16011190348903e+00
46	52	48	50	4.20910000000000e+02	1.25663706143592e+02	3.00000000000000e-02	0.00000000000000e+00	0.00000000000000e+00	4.69232486496437e+02	-3.62264394442944e+00
47	53	49	51	4.46490000000000e+02	1.25663706143592e+02	3.00000000000000e-02	0.00000000000000e+00	0.00000000000000e+00	4.58688770235918e+02	-8.98497197873057e-01
48	54	50	52	5.73710000000000e+02	1.25663706143592e+02	3.00000000000000e-02	0.00000000000000e+00	0.00000000000000e+00	5.91732795439322e+02	-1.03103772556059e+00
49	55	51	53	6.40400000000000e+02	1.25663706143592e+02	3.00000000000000e-02	0.00000000000000e+00	0.00000000000000e+00	6.65900413437391e+02	-1.30157162879702e+00
50	56	52	54	5.94560000000000e+02	1.25663706143592e+02	3.00000000000000e-02	0.00000000000000e+00	0.00000000000000e+00	5.65863786490280e+02	1.64894156188818e+00
51	57	53	55	5.04050000000000e+02	1.25663706143592e+02	3.00000000000000e-02	0.00000000000000e+00	0.00000000000000e+00	4.95091860213323e+02	5.97738265328622e-01
52	58	54	56	6.68040000000000e+02	1.25663706143592e+02	3.00000000000000e-02	0.00000000000000e+00	0.00000000000000e+00	6.16679984835467e+02	2.66659419272939e+00
53	59	55	57	6.88950000000000e+02	1.25663706143592e+02	3.00000000000000e-02	0.00000000000000e+00	0.00000000000000e+00	7.29380154749398e+02	-1.90087903090982e+00
54	60	56	58	6.70010000000000e+02	1.25663706143592e+02	3.00000000000000e-02	0.00000000000000e+00	0.00000000000000e+00	6.62068464173727e+02	3.97455561841683e-01
55	61	57	59	8.12890000000000e+02	1.25663706143592e+02	3.00000000000000e-02	0.00000000000000e+00	0.00000000000000e+00	7.48225562357232e+02	2.76304375236673e+00
56	62	58	60	9.55770000000000e+02	1.25663706143592e+02	3.00000000000000e-02	0.00000000000000e+00	0.00000000000000e+00	9.67748002217315e+02	-4.15147558848202e-01
57	63	59	61	6.84620000000000e+02	1.25663706143592e+02	3.00000000000000e-02	0.00000000000000e+00	0.00000000000000e+00	7.48332426376723e+02	-2.96611199099207e+00
58	64	60	62	6.16940000000000e+02	1.25663706143592e+02	3.00000000000000e-02	0.00000000000000e+00	0.00000000000000e+00	5.62132848823794e+02	3.10111888926015e+00
59	65	61	63	7.43280000000000e+02	1.25663706143592e+02	3.00000000000000e-02	0.00000000000000e+00	0.00000000000000e+00	7.08402998792832e+02	1.60198950806256e+00
60	66	62	64	8.69610000000000e+02	1.25663706143592e+02	3.00000000000000e-02	0.00000000000000e+00	0.00000000000000e+00	8.92590246679815e+02	-8.69426332967560e-01
61	67	63	65	8.79930000000000e+02	1.25663706143592e+02	3.00000000000000e-02	0.00000000000000e+00	0.00000000000000e+00	8.07502955608507e+02	2.86318811891310e+00
62	68	64	66	6.45300000000000e+02	1.25663706143592e+02	3.00000000000000e-02	0.00000000000000e+00	0.00000000000000e+00	6.95929224725245e+02	-2.51775472029445e+00
63	69	65	67	6.13110000000000e+02	1.25663706143592e+02	3.00000000000000e-02	0.00000000000000e+00	0.00000000000000e+00	6.34051771167873e+02	-1.11954146361099e+00
64	70	66	68	6.40060000000000e+02	1.25663706143592e+02	3.00000000000000e-02	0.00000000000000e+00	0.00000000000000e+00	6.26983561563136e+02	6.88053309096019e-01
65	71	67	69	5.67890000000000e+02	1.25663706143592e+02	3.00000000000000e-02	0.00000000000000e+00	0.00000000000000e+00	5.77536117244453e+02	-5.61441437632600e-01
66	72	68	70	6.17890000000000e+02	1.25663706143592e+02	3.00000000000000e-02	0.00000000000000e+00	0.00000000000000e+00	6.14125281895580e+02	2.03716619295798e-01
67	73	69	71	7.93120000000000e+02	1.25663706143592e+02	3.00000000000000e-02	0.00000000000000e+00	0.00000000000000e+00	7.81240228372418e+02	5.03061366105969e-01
68	74	70	72	8.16530000000000e+02	1.25663706143592e+02	3.00000000000000e-02	0.00000000000000e+00	0.00000000000000e+00	7.83378424169834e+02	1.38159247814675e+00
69	75	71	73	6.09570000000000e+02	1.25663706143592e+02	3.00000000000000e-02	0.00000000000000e+00	0.00000000000000e+00	5.98054059509832e+02	6.35754672672206e-01
70	76	72	74	6.30430000000000e+02	1.25663706143592e+02	3.00000000000000e-02	0.00000000000000e+00	0.00000000000000e+00	6.21169198838535e+02	4.93287317452159e-01
71	77	73	75	6.22370000000000e+02	1.25663706143592e+02	3.00000000000000e-02	0.00000000000000e+00	0.00000000000000e+00	6.25401170190672e+02	-1.61951498039858e-01
72	78	74	76	5.86650000000000e+02	1.25663706143592e+02	3.00000000000000e-02	0.00000000000000e+00	0.00000000000000e+00	5.59536141718031e+02	1.57734225821020e+00
73	79	75	77	5.76660000000000e+02	1.25663706143592e+02	3.00000000000000e-02	0.00000000000000e+00	0.00000000000000e+00	5.55638723709878e+02	1.23781775032589e+00
74	80	76	78	6.70970000000000e+02	1.25663706143592e+02	3.00000000000000e-02	0.00000000000000e+00	0.00000000000000e+00	6.48043148262708e+02	1.15890485408595e+00
75	81	77	79	4.65940000000000e+02	1.25663706143592e+02	3.00000000000000e-02	0.00000000000000e+00	0.00000000000000e+00	4.73471304090840e+02	-5.34481216588893e-01
76	82	78	80	3.93390000000000e+02	1.25663706143592e+02	3.00000000000000e-02	0.00000000000000e+00	0.00000000000000e+00	3.24912601531083e+02	6.37484194708768e+00
77	83	79	81	4.38420000000000e+02	1.25663706143592e+02	3.00000000000000e-02	0.00000000000000e+00	0.00000000000000e+00	3.75313026501305e+02	5.18056466411370e+00
78	84	80	82	4.83440000000000e+02	1.25663706143592e+02	3.00000000000000e-02	0.00000000000000e+00	0.00000000000000e+00	4.40384841240037e+02	3.10927427443530e+00
79	85	81	83	4.25520000000000e+02	1.25663706143592e+02	3.00000000000000e-02	0.00000000000000e+00	0.00000000000000e+00	3.89495699687384e+02	2.94863752604743e+00
80	86	82	84	3.73910000000000e+02	1.25663706143592e+02	3.00000000000000e-02	0.00000000000000e+00	0.00000000000000e+00	4.03190326815673e+02	-2.51311995641241e+00
81	87	83	85	3.89160000000000e+02	1.25663706143592e+02	3.00000000000000e-02	0.00000000000000e+00	0.00000000000000e+00	4.26516074834419e+02	-3.05531620767079e+00
82	88	84	86	3.63140000000000e+02	1.25663706143592e+02	3.00000000000000e-02	0.00000000000000e+00	0.00000000000000e+00	3.57727649785136e+02	5.00549758423811e-01
83	89	85	87	3.16220000000000e+02	1.25663706143592e+02	3.00000000000000e-02	0.00000000000000e+00	0.00000000000000e+00	3.16402395693816e+02	-1.92211235972313e-02
84	90	86	88	2.55110000000000e+02	1.25663706143592e+02	3.00000000000000e-02	0.00000000000000e+00	0.00000000000000e+00	2.55321593835496e+02	-2.76359392289353e-02
85	91	87	89	2.60990000000000e+02	1.25663706143592e+02	3.00000000000000e-02	0.00000000000000e+00	0.00000000000000e+00	2.59147745621022e+02	2.36124898079915e-01
86	92	88	90	3.40710000000000e+02	1.25663706143592e+02	3.00000000000000e-02	0.00000000000000e+00	0.00000000000000e+00	3.21960099108137e+02	1.88680178395651e+00
87	93	89	91	3.33240000000000e+02	1.25663706143592e+02	3.00000000000000e-02	0.00000000000000e+00	0.00000000000000e+00	3.17827051903170e+02	1.57851927375988e+00
88	94	90	92	3.07360000000000e+02	1.25663706143592e+02	3.00000000000000e-02	0.00000000000000e+00	0.00000000000000e+00	2.93756465511505e+02	1.50895411840558e+00
89	95	91	93	4.28260000000000e+02	1.25663706143592e+02	3.00000000000000e-02	0.00000000000000e+00	0.00000000000000e+00	4.37425391901199e+02	-7.05855689332324e-01
90	96	92	94	4.99120000000000e+02	1.25663706143592e+02	3.00000000000000e-02	0.00000000000000e+00	0.00000000000000e+00	5.00246317778758e+02	-7.51354957372700e-02
91	97	93	95	3.85370000000000e+02	1.25663706143592e+02	3.00000000000000e-02	0.00000000000000e+00	0.00000000000000e+00	3.98703394221261e+02	-1.13379519418852e+00
92	98	94	96	4.79380000000000e+02	1.25663706143592e+02	3.00000000000000e-02	0.00000000000000e+00	0.00000000000000e+00	5.19645652976118e+02	-2.68845134642666e+00
93	99	95	97	5.80430000000000e+02	1.25663706143592e+02	3.00000000000000e-02	0.00000000000000e+00	0.00000000000000e+00	6.04243295527415e+02	-1.34025719431522e+00
94	100	96	98	5.51260000000000e+02	1.25663706143592e+02	3.00000000000000e-02	0.00000000000000e+00	0.00000000000000e+00	5.65414139965901e+02	-8.45062884789183e-01
95	101	97	99	5.83120000000000e+02	1.25663706143592e+02	3.00000000000000e-02	0.00000000000000e+00	0.00000000000000e+00	5.29983801687802e+02	3.18488512826827e+00
96	102	98	100	5.04220000000000e+02	1.25663706143592e+02	3.00000000000000e-02	0.00000000000000e+00	0.00000000000000e+00	5.59079346433234e+02	-3.44262419486678e+00
97	103	99	101	5.16260000000000e+02	1.25663706143592e+02	3.00000000000000e-02	0.00000000000000e+00	0.00000000000000e+00	4.70280818240951e+02	3.10935042160011e+00
98	104	100	102	4.06270000000000e+02	1.25663706143592e+02	3.00000000000000e-02	0.00000000000000e+00	0.00000000000000e+00	3.90908028385156e+02	1.28485508020928e+00
99	105	101	103	2.96270000000000e+02	1.25663706143592e+02	3.00000000000000e-02	0.00000000000000e+00	0.00000000000000e+00	3.72699759507677e+02	-7.65006534984514e+00
100	106	102	104	5.38710000000000e+02	1.25663706143592e+02	3.00000000000000e-02	0.00000000000000e+00	0.00000000000000e+00	5.35631467370837e+02	1.91034300159979e-01
101	107	103	105	7.81150000000000e+02	1.25663706143592e+02	3.00000000000000e-02	0.00000000000000e+00	0.00000000000000e+00	6.62397820499642e+02	5.49669600335954e+00
102	108	104	106	5.03380000000000e+02	1.25663706143592e+02	3.00000000000000e-02	0.00000000000000e+00	0.00000000000000e+00	4.74122724903854e+02	1.99597168642581e+00
103	109	105	107	3.75520000000000e+02	1.25663706143592e+02	3.00000000000000e-02	0.00000000000000e+00	0.00000000000000e+00	3.46860981163856e+02	2.64625543604883e+00
104	110	106	108	4.04570000000000e+02	1.25663706143592e+02	3.00000000000000e-02	0.00000000000000e+00	0.00000000000000e+00	3.62666582203697e+02	3.64469562750275e+00
105	111	107	109	4.33630000000000e+02	1.25663706143592e+02	3.00000000000000e-02	0.00000000000000e+00	0.00000000000000e+00	4.31987692761839e+02	1.26484568761972e-01
106	112	108	110	4.41110000000000e+02	1.25663706143592e+02	3.00000000000000e-02	0.00000000000000e+00	0.00000000000000e+00	4.68137169072328e+02	-1.98223572771837e+00
107	113	109	111	3.31910000000000e+02	1.25663706143592e+02	3.00000000000000e-02	0.00000000000000e+00	0.00000000000000e+00	3.59372331886956e+02	-2.64983797934528e+00
108	114	110	112	2.22710000000000e+02	1.25663706143592e+02	3.00000000000000e-02	0.00000000000000e+00	0.00000000000000e+00	2.62563649200827e+02	-5.48743496910221e+00
109	115	111	113	2.10970000000000e+02	1.25663706143592e+02	3.00000000000000e-02	0.00000000000000e+00	0.00000000000000e+00	2.20169117715368e+02	-1.42266748853895e+00
110	116	112	114	2.42230000000000e+02	1.25663706143592e+02	3.00000000000000e-02	0.00000000000000e+00	0.00000000000000e+00	2.86808435213058e+02	-5.63089439172953e+00
111	117	113	115	3.54410000000000e+02	1.25663706143592e+02	3.00000000000000e-02	0.00000000000000e+00	0.00000000000000e+00	3.47073392459820e+02	6.97272393551440e-01
112	118	114	116	3.42490000000000e+02	1.25663706143592e+02	3.00000000000000e-02	0.00000000000000e+00	0.00000000000000e+00	3.35119043115076e+02	7.25221297037966e-01
113	119	115	117	2.47950000000000e+02	1.25663706143592e+02	3.00000000000000e-02	0.00000000000000e+00	0.00000000000000e+00	2.41378154500494e+02	8.95410113119481e-01
114	120	116	118	3.19280000000000e+02	1.25663706143592e+02	3.00000000000000e-02	0.00000000000000e+00	0.00000000000000e+00	2.87298772278033e+02	3.51819226914601e+00
115	121	117	119	3.90620000000000e+02	1.25663706143592e+02	3.00000000000000e-02	0.00000000000000e+00	0.00000000000000e+00	4.10827578780656e+02	-1.68127965723729e+00
116	122	118	120	4.40060000000000e+02	1.25663706143592e+02	3.00000000000000e-02	0.00000000000000e+00	0.00000000000000e+00	4.25513881284608e+02	1.12045034350373e+00
117	123	119	121	3.27190000000000e+02	1.25663706143592e+02	3.00000000000000e-02	0.00000000000000e+00	0.00000000000000e+00	3.35543439987341e+02	-8.40346148950092e-01
118	124	120	122	2.53930000000000e+02	1.25663706143592e+02	3.00000000000000e-02	0.00000000000000e+00	0.00000000000000e+00	2.75013361249082e+02	-2.65870147870967e+00
119	125	121	123	2.71620000000000e+02	1.25663706143592e+02	3.00000000000000e-02	0.00000000000000e+00	0.00000000000000e+00	2.65806671754761e+02	7.21159468476795e-01
120	126	122	124	2.89300000000000e+02	1.25663706143592e+02	3.00000000000000e-02	0.00000000000000e+00	0.00000000000000e+00	2.92068241573484e+02	-3.17442233348064e-01
121	127	123	125	2.20690000000000e+02	1.25663706143592e+02	3.00000000000000e-02	0.00000000000000e+00	0.00000000000000e+00	2.50617207597613e+02	-4.23892346125182e+00
122	128	124	126	1.48050000000000e+02	1.25663706143592e+02	3.00000000000000e-02	0.00000000000000e+00	0.00000000000000e+00	1.57963537714498e+02	-2.16047259626958e+00
123	129	125	127	1.22570000000000e+02	1.25663706143592e+02	3.00000000000000e-02	0.00000000000000e+00	0.00000000000000e+00	1.20970360195864e+02	4.37891227406369e-01
124	130	126	128	9.71000000000000e+01	1.25663706143592e+02	3.00000000000000e-02	0.00000000000000e+00	0.00000000000000e+00	1.04188858461756e+02	-2.34879412512867e+00
125	131	127	129	1.29470000000000e+02	1.25663706143592e+02	3.00000000000000e-02	0.00000000000000e+00	0.00000000000000e+00	1.21592188909437e+02	2.09254875146131e+00
126	132	128	130	1.33370000000000e+02	1.25663706143592e+02	3.00000000000000e-02	0.00000000000000e+00	0.00000000000000e+00	1.27187203976032e+02	1.58223908204246e+00
127	133	129	131	1.36920000000000e+02	1.25663706143592e+02	3.00000000000000e-02	0.00000000000000e+00	0.00000000000000e+00	1.34707674357454e+02	5.42991938937802e-01
128	134	130	132	1.94790000000000e+02	1.25663706143592e+02	3.00000000000000e-02	0.00000000000000e+00	0.00000000000000e+00	1.58988466375464e+02	6.76967980394722e+00
129	135	131	133	2.52670000000000e+02	1.25663706143592e+02	3.00000000000000e-02	0.00000000000000e+00	0.00000000000000e+00	2.28204558837830e+02	3.39472916307336e+00
130	136	132	134	3.16620000000000e+02	1.25663706143592e+02	3.00000000000000e-02	0.00000000000000e+00	0.00000000000000e+00	3.03919261375518e+02	1.36467460315236e+00
131	137	133	135	2.42050000000000e+02	1.25663706143592e+02	3.00000000000000e-02	0.00000000000000e+00	0.00000000000000e+00	2.26039643157324e+02	2.28113067652638e+00
132	138	134	136	1.94500000000000e+02	1.25663706143592e+02	3.00000000000000e-02	0.00000000000000e+00	0.00000000000000e+00	2.01078346121014e+02	-1.10874835840029e+00
133	139	135	137	2.87490000000000e+02	1.25663706143592e+02	3.00000000000000e-02	0.00000000000000e+00	0.00000000000000e+00	2.80272013554442e+02	8.47582281758304e-01
134	140	136	138	3.42120000000000e+02	1.25663706143592e+02	3.00000000000000e-02	0.00000000000000e+00	0.00000000000000e+00	3.41334980181139e+02	7.65737014481793e-02
135	141	137	139	4.32310000000000e+02	1.25663706143592e+02	3.00000000000000e-02	0.00000000000000e+00	0.00000000000000e+00	3.98887356570778e+02	2.68212869391776e+00
136	142	138	140	5.22500000000000e+02	1.25663706143592e+02	3.00000000000000e-02	0.00000000000000e+00	0.00000000000000e+00	4.96112424330443e+02	1.72741402804801e+00
137	143	139	141	5.73970000000000e+02	1.25663706143592e+02	3.00000000000000e-02	0.00000000000000e+00	0.00000000000000e+00	5.25661002399383e+02	2.93068691019910e+00
138	144	140	142	4.30220000000000e+02	1.25663706143592e+02	3.00000000000000e-02	0.00000000000000e+00	0.00000000000000e+00	4.44004251039438e+02	-1.05124770139626e+00
139	145	141	143	4.44640000000000e+02	1.25663706143592e+02	3.00000000000000e-02	0.00000000000000e+00	0.00000000000000e+00	4.78135293994332e+02	-2.42095894258757e+00
140	146	142	144	4.52820000000000e+02	1.25663706143592e+02	3.00000000000000e-02	0.00000000000000e+00	0.00000000000000e+00	4.33626779593995e+02	1.44368287500898e+00
141	147	143	145	4.03270000000000e+02	1.25663706143592e+02	3.00000000000000e-02	0.00000000000000e+00	0.00000000000000e+00	3.95137509128181e+02	6.79082803485779e-01
142	148	144	146	4.66040000000000e+02	1.25663706143592e+02	3.00000000000000e-02	0.00000000000000e+00	0.00000000000000e+00	4.31081197412037e+02	2.59916673081220e+00
143	149	145	147	4.67570000000000e+02	1.25663706143592e+02	3.00000000000000e-02	0.00000000000000e+00	0.00000000000000e+00	4.31703886067211e+02	2.66030552807166e+00
144	150	146	148	3.88250000000000e+02	1.25663706143592e+02	3.00000000000000e-02	0.00000000000000e+00	0.00000000000000e+00	3.71492442957305e+02	1.47069800167149e+00
145	151	147	149	2.98670000000000e+02	1.25663706143592e+02	3.00000000000000e-02	0.00000000000000e+00	0.00000000000000e+00	2.92813494595835e+02	6.60113861105494e-01
146	152	148	150	3.01870000000000e+02	1.25663706143592e+02	3.00000000000000e-02	0.00000000000000e+00	0.00000000000000e+00	2.93781763068949e+02	9.05309063781997e-01
147	153	149	151	2.51650000000000e+02	1.25663706143592e+02	3.00000000000000e-02	0.00000000000000e+00	0.00000000000000e+00	2.61712731803461e+02	-1.30694085021921e+00
148	154	150	152	2.58730000000000e+02	1.25663706143592e+02	3.00000000000000e-02	0.00000000000000e+00	0.00000000000000e+00	2.56692002979137e+02	2.63603756421678e-01
149	155	151	153	2.22450000000000e+02	1.25663706143592e+02	3.00000000000000e-02	0.00000000000000e+00	0.00000000000000e+00	2.52375595092223e+02	-4.20720257821220e+00
150	156	152	154	2.40350000000000e+02	1.25663706143592e+02	3.00000000000000e-02	0.00000000000000e+00	0.00000000000000e+00	2.62733773892958e+02	-2.96816861944276e+00
151	157	153	155	1.80930000000000e+02	1.25663706143592e+02	3.00000000000000e-02	0.00000000000000e+00	0.00000000000000e+00	1.94139518787741e+02	-2.34889511543939e+00
152	158	154	156	1.21520000000000e+02	1.25663706143592e+02	3.00000000000000e-02	0.00000000000000e+00	0.00000000000000e+00	1.35342319147328e+02	-3.59094693607436e+00
153	159	155	157	1.26260000000000e+02	1.25663706143592e+02	3.00000000000000e-02	0.00000000000000e+00	0.00000000000000e+00	1.39595646663156e+02	-3.34689108470680e+00
154	160	156	158	1.41550000000000e+02	1.25663706143592e+02	3.00000000000000e-02	0.00000000000000e+00	0.00000000000000e+00	1.43319870223939e+02	-4.14199179327361e-01
155	161	157	159	1.19840000000000e+02	1.25663706143592e+02	3.00000000000000e-02	0.00000000000000e+00	0.00000000000000e+00	1.16891444072995e+02	8.30394803544099e-01
156	162	158	160	1.32130000000000e+02	1.25663706143592e+02	3.00000000000000e-02	0.00000000000000e+00	0.00000000000000e+00	1.17872619333421e+02	3.80605807371979e+00
157	163	159	161	1.80390000000000e+02	1.25663706143592e+02	3.00000000000000e-02	0.00000000000000e+00	0.00000000000000e+00	1.68845610071204e+02	2.20454754040166e+00
158	164	160	162	2.04350000000000e+02	1.25663706143592e+02	3.00000000000000e-02	0.00000000000000e+00	0.00000000000000e+00	2.19508384268817e+02	-2.38520729666334e+00
159	165	161	163	2.28180000000000e+02	1.25663706143592e+02	3.00000000000000e-02	0.00000000000000e+00	0.00000000000000e+00	2.28777424054663e+02	-8.71597459782159e-02
160	166	162	164	2.06210000000000e+02	1.25663706143592e+02	3.00000000000000e-02	0.00000000000000e+00	0.00000000000000e+00	2.41805727642409e+02	-5.30798528027579e+00
161	167	163	165	2.67400000000000e+02	1.25663706143592e+02	3.00000000000000e-02	0.00000000000000e+00	0.00000000000000e+00	2.53033976685422e+02	1.84072965859399e+00
162	168	164	166	2.66690000000000e+02	1.25663706143592e+02	3.00000000000000e-02	0.00000000000000e+00	0.00000000000000e+00	2.67815553231406e+02	-1.40385806196175e-01
163	169	165	167	3.55270000000000e+02	1.25663706143592e+02	3.00000000000000e-02	0.00000000000000e+00	0.00000000000000e+00	3.68642937963936e+02	-1.23168213330057e+00
164	170	166	168	4.51410000000000e+02	1.25663706143592e+02	3.00000000000000e-02	0.00000000000000e+00	0.00000000000000e+00	4.03080586340126e+02	3.77465031260800e+00
165	171	167	169	5.47550000000000e+02	1.25663706143592e+02	3.00000000000000e-02	0.00000000000000e+00	0.00000000000000e+00	5.47972320239945e+02	-2.56997813166275e-02
166	172	168	170	5.00540000000000e+02	1.25663706143592e+02	3.00000000000000e-02	0.00000000000000e+00	0.00000000000000e+00	5.53703936064391e+02	-3.36475389402408e+00
167	173	169	171	4.29940000000000e+02	1.25663706143592e+02	3.00000000000000e-02	0.00000000000000e+00	0.00000000000000e+00	4.64663262926322e+02	-2.58891044782832e+00
168	174	170	172	2.86690000000000e+02	1.25663706143592e+02	3.00000000000000e-02	0.00000000000000e+00	0.00000000000000e+00	3.53495080113086e+02	-6.98226916601981e+00
169	175	171	173	3.52230000000000e+02	1.25663706143592e+02	3.00000000000000e-02	0.00000000000000e+00	0.00000000000000e+00	3.96085332526121e+02	-3.91151009691709e+00
170	176	172	174	3.12010000000000e+02	1.25663706143592e+02	3.00000000000000e-02	0.00000000000000e+00	0.00000000000000e+00	4.29804329015304e+02	-1.06764939247320e+01
1	10	2	7	2.71800000000000e+02	1.88495559215388e+02	3.00000000000000e-02	0.00000000000000e+00	0.00000000000000e+00	3.04633414745860e+02	-3.80142110468554e+00
3	11	5	8	2.34050000000000e+02	1.88495559215388e+02	3.00000000000000e-02	0.00000000000000e+00	0.00000000000000e+00	2.41452959658361e+02	-1.03799674501082e+00
4	12	6	9	2.49290000000000e+02	1.88495559215388e+02	3.00000000000000e-02	0.00000000000000e+00	0.00000000000000e+00	2.28833708947756e+02	2.85404331465505e+00
2	13	7	10	2.70420000000000e+02	1.88495559215388e+02	3.00000000000000e-02	0.00000000000000e+00	0.00000000000000e+00	2.58529188817995e+02	1.49892340776336e+00
5	14	8	11	3.13390000000000e+02	1.88495559215388e+02	3.00000000000000e-02	0.00000000000000e+00	0.00000000000000e+00	2.89635358034239e+02	2.62752251965548e+00
6	15	9	12	2.75820000000000e+02	1.88495559215388e+02	3.00000000000000e-02	0.00000000000000e+00	0.00000000000000e+00	2.69184009074046e+02	8.11776156551888e-01
7	16	10	13	2.54200000000000e+02	1.88495559215388e+02	3.00000000000000e-02	0.00000000000000e+00	0.00000000000000e+00	2.50788439233419e+02	4.50388220651702e-01
8	17	11	14	2.55810000000000e+02	1.88495559215388e+02	3.00000000000000e-02	0.00000000000000e+00	0.00000000000000e+00	2.60643600985422e+02	-6.23965975723391e-01
9	18	12	15	2.72280000000000e+02	1.88495559215388e+02	3.00000000000000e-02	0.00000000000000e+00	0.00000000000000e+00	2.57346359899932e+02	1.88026890438365e+00
10	19	13	16	2.45370000000000e+02	1.88495559215388e+02	3.00000000000000e-02	0.00000000000000e+00	0.00000000000000e+00	2.44269485213065e+02	1.49840399360279e-01
11	20	14	17	2.22400000000000e+02	1.88495559215388e+02	3.00000000000000e-02	0.00000000000000e+00	0.00000000000000e+00	2.20433679274874e+02	2.96022899826169e-01
12	21	15	18	1.59470000000000e+02	1.88495559215388e+02	3.00000000000000e-02	0.00000000000000e+00	0.00000000000000e+00	1.72835323247053e+02	-2.68278118862477e+00
13	22	16	19	1.58450000000000e+02	1.88495559215388e+02	3.00000000000000e-02	0.00000000000000e+00	0.00000000000000e+00	1.56497466774548e+02	4.13308767727738e-01
14	23	17	20	1.57700000000000e+02	1.88495559215388e+02	3.00000000000000e-02	0.00000000000000e+00	0.00000000000000e+00	1.59595374680327e+02	-3.98240330902144e-01
15	24	18	21	1.85660000000000e+02	1.88495559215388e+02	3.00000000000000e-02	0.00000000000000e+00	0.00000000000000e+00	1.81553502671153e+02	7.45555104960497e-01
16	25	19	22	2.11850000000000e+02	1.88495559215388e+02	3.00000000000000e-02	0.00000000000000e+00	0.00000000000000e+00	2.17719947892737e+02	-9.11037238728755e-01
17	26	20	23	2.54980000000000e+02	1.88495559215388e+02	3.00000000000000e-02	0.00000000000000e+00	0.00000000000000e+00	2.54451625595945e+02	6.91456343335635e-02
18	27	21	24	3.05140000000000e+02	1.88495559215388e+02	3.00000000000000e-02	0.00000000000000e+00	0.00000000000000e+00	2.88003445139287e+02	1.92660817771560e+00
19	28	22	25	3.77000000000000e+02	1.88495559215388e+02	3.00000000000000e-02	0.00000000000000e+00	0.00000000000000e+00	3.53905008617840e+02	2.10722158536184e+00
20	29	23	26	4.26130000000000e+02	1.88495559215388e+02	3.00000000000000e-02	0.00000000000000e+00	0.00000000000000e+00	4.17155793670466e+02	7.09490202853106e-01
21	30	24	27	4.37260000000000e+02	1.88495559215388e+02	3.00000000000000e-02	0.00000000000000e+00	0.00000000000000e+00	4.57760805421228e+02	-1.52729349783816e+00
22	31	25	28	4.14990000000000e+02	1.88495559215388e+02	3.00000000000000e-02	0.00000000000000e+00	0.00000000000000e+00	3.95663578136714e+02	1.58967078441385e+00
23	32	26	29	3.84080000000000e+02	1.88495559215388e+02	3.00000000000000e-02	0.00000000000000e+00	0.00000000000000e+00	3.50936557345760e+02	3.00818017988129e+00
24	33	27	30	4.47240000000000e+02	1.88495559215388e+02	3.00000000000000e-02	0.00000000000000e+00	0.00000000000000e+00	3.80903701814764e+02	5.35162570805904e+00
25	34	28	31	4.83060000000000e+02	1.88495559215388e+02	3.00000000000000e-02	0.00000000000000e+00	0.00000000000000e+00	4.65784171190041e+02	1.21394982183315e+00
26	35	29	32	5.48240000000000e+02	1.88495559215388e+02	3.00000000000000e-02	0.00000000000000e+00	0.00000000000000e+00	5.71708939187306e+02	-1.39722890069095e+00
27	36	30	33	5.07110000000000e+02	1.88495559215388e+02	3.00000000000000e-02	0.00000000000000e+00	0.00000000000000e+00	5.52677412402343e+02	-2.86821825617632e+00
28	37	31	34	4.96150000000000e+02	1.88495559215388e+02	3.00000000000000e-02	0.00000000000000e+00	0.00000000000000e+00	4.76946724455029e+02	1.31578348276958e+00
29	38	32	35	4.78680000000000e+02	1.88495559215388e+02	3.00000000000000e-02	0.00000000000000e+00	0.00000000000000e+00	4.33968276606088e+02	3.26869598847287e+00
30	39	33	36	5.19230000000000e+02	1.88495559215388e+02	3.00000000000000e-02	0.00000000000000e+00	0.00000000000000e+00	5.06589743841701e+02	8.21515088044726e-01
31	40	34	37	5.13070000000000e+02	1.88495559215388e+02	3.00000000000000e-02	0.00000000000000e+00	0.00000000000000e+00	5.17658369650906e+02	-2.96773950987195e-01
32	41	35	38	4.21850000000000e+02	1.88495559215388e+02	3.00000000000000e-02	0.00000000000000e+00	0.00000000000000e+00	4.45514060508441e+02	-1.81930023291201e+00
33	42	36	39	3.24190000000000e+02	1.88495559215388e+02	3.00000000000000e-02	0.00000000000000e+00	0.00000000000000e+00	3.35787737015272e+02	-1.17164871974615e+00
34	43	37	40	2.75070000000000e+02	1.88495559215388e+02	3.00000000000000e-02	0.00000000000000e+00	0.00000000000000e+00	3.00660716926212e+02	-2.96522773250159e+00
35	44	38	41	3.14740000000000e+02	1.88495559215388e+02	3.00000000000000e-02	0.00000000000000e+00	0.00000000000000e+00	3.42369424100193e+02	-2.80478134448983e+00
36	45	39	42	3.83870000000000e+02	1.88495559215388e+02	3.00000000000000e-02	0.00000000000000e+00	0.00000000000000e+00	3.89938221746033e+02	-5.22812239795852e-01
37	46	40	43	4.07090000000000e+02	1.88495559215388e+02	3.00000000000000e-02	0.00000000000000e+00	0.00000000000000e+00	3.77757598664011e+02	2.49271915592682e+00
38	47	41	44	3.90980000000000e+02	1.88495559215388e+02	3.00000000000000e-02	0.00000000000000e+00	0.00000000000000e+00	3.75651365243619e+02	1.33316382077663e+00
39	48	42	45	3.65520000000000e+02	1.88495559215388e+02	3.00000000000000e-02	0.00000000000000e+00	0.00000000000000e+00	3.68669450922021e+02	-2.85981612011662e-01
40	49	43	46	4.03000000000000e+02	1.88495559215388e+02	3.00000000000000e-02	0.00000000000000e+00	0.00000000000000e+00	3.53648055515408e+02	4.35447789367762e+00
41	50	44	47	3.77340000000000e+02	1.88495559215388e+02	3.00000000000000e-02	0.00000000000000e+00	0.00000000000000e+00	3.84833259352081e+02	-6.55450336687865e-01
42	51	45	48	4.43540000000000e+02	1.88495559215388e+02	3.00000000000000e-02	0.00000000000000e+00	0.00000000000000e+00	4.80402633551540e+02	-2.66121942827657e+00
43	52	46	49	5.28410000000000e+02	1.88495559215388e+02	3.00000000000000e-02	0.00000000000000e+00	0.00000000000000e+00	4.77560321545978e+02	3.37273392462644e+00
44	53	47	50	5.35190000000000e+02	1.88495559215388e+02	3.00000000000000e-02	0.00000000000000e+00	0.00000000000000e+00	5.48735979324823e+02	-8.33186327402095e-01
45	54	48	51	6.18990000000000e+02	1.88495559215388e+02	3.00000000000000e-02	0.00000000000000e+00	0.00000000000000e+00	5.82610293342242e+02	2.01902017184358e+00
46	55	49	52	5.98780000000000e+02	1.88495559215388e+02	3.00000000000000e-02	0.00000000000000e+00	0.00000000000000e+00	5.97901649376973e+02	4.89325784747289e-02
47	56	50	53	6.04290000000000e+02	1.88495559215388e+02	3.00000000000000e-02	0.00000000000000e+00	0.00000000000000e+00	5.79241156922254e+02	1.41117727964429e+00
48	57	51	54	5.30990000000000e+02	1.88495559215388e+02	3.00000000000000e-02	0.00000000000000e+00	0.00000000000000e+00	5.43233251170240e+02	-7.59853306422453e-01
49	58	52	55	5.00970000000000e+02	1.88495559215388e+02	3.00000000000000e-02	0.00000000000000e+00	0.00000000000000e+00	4.67249870754179e+02	2.32273497754617e+00
50	59	53	56	5.04080000000000e+02	1.88495559215388e+02	3.00000000000000e-02	0.00000000000000e+00	0.00000000000000e+00	5.24987727141979e+02	-1.35466332707196e+00
51	60	54	57	5.80290000000000e+02	1.88495559215388e+02	3.00000000000000e-02	0.00000000000000e+00	0.00000000000000e+00	5.63556481642631e+02	9.75347216977044e-01
52	61	55	58	7.15250000000000e+02	1.88495559215388e+02	3.00000000000000e-02	0.00000000000000e+00	0.00000000000000e+00	6.99375814362285e+02	7.48129615011983e-01
53	62	56	59	7.82130000000000e+02	1.88495559215388e+02	3.00000000000000e-02	0.00000000000000e+00	0.00000000000000e+00	7.68570809284028e+02	5.82942293406556e-01
54	63	57	60	9.77680000000000e+02	1.88495559215388e+02	3.00000000000000e-02	0.00000000000000e+00	0.00000000000000e+00	9.51838899737043e+02	8.92887354116390e-01
55	64	58	61	8.02610000000000e+02	1.88495559215388e+02	3.00000000000000e-02	0.00000000000000e+00	0.00000000000000e+00	7.93465424605957e+02	3.81965050669860e-01
56	65	59	62	7.12880000000000e+02	1.88495559215388e+02	3.00000000000000e-02	0.00000000000000e+00	0.00000000000000e+00	6.80611814188904e+02	1.54403276324733e+00
57	66	60	63	5.67190000000000e+02	1.88495559215388e+02	3.00000000000000e-02	0.00000000000000e+00	0.00000000000000e+00	6.33385678696166e+02	-3.67950596822967e+00
58	67	61	64	6.94440000000000e+02	1.88495559215388e+02	3.00000000000000e-02	0.00000000000000e+00	0.00000000000000e+00	7.04217412700285e+02	-4.66045598869099e-01
59	68	62	65	9.08440000000000e+02	1.88495559215388e+02	3.00000000000000e-02	0.00000000000000e+00	0.00000000000000e+00	8.63447211959956e+02	1.69320265518647e+00
60	69	63	66	1.00023000000000e+03	1.88495559215388e+02	3.00000000000000e-02	0.00000000000000e+00	0.00000000000000e+00	9.94939451586755e+02	1.76778996860882e-01
61	70	64	67	8.51720000000000e+02	1.88495559215388e+02	3.00000000000000e-02	0.00000000000000e+00	0.00000000000000e+00	8.35803204285833e+02	6.28821683892185e-01
62	71	65	68	5.99370000000000e+02	1.88495559215388e+02	3.00000000000000e-02	0.00000000000000e+00	0.00000000000000e+00	6.48597738513875e+02	-2.63112011892973e+00
63	72	66	69	6.48670000000000e+02	1.88495559215388e+02	3.00000000000000e-02	0.00000000000000e+00	0.00000000000000e+00	6.28178571387938e+02	1.06998791394490e+00
64	73	67	70	7.23660000000000e+02	1.88495559215388e+02	3.00000000000000e-02	0.00000000000000e+00	0.00000000000000e+00	7.17246968283570e+02	2.96714694406397e-01
65	74	68	71	8.59340000000000e+02	1.88495559215388e+02	3.00000000000000e-02	0.00000000000000e+00	0.00000000000000e+00	8.81658823833835e+02	-8.54683578977481e-01
66	75	69	72	9.57680000000000e+02	1.88495559215388e+02	3.00000000000000e-02	0.00000000000000e+00	0.00000000000000e+00	9.23913947398871e+02	1.19649187196827e+00
67	76	70	73	8.99300000000000e+02	1.88495559215388e+02	3.00000000000000e-02	0.00000000000000e+00	0.00000000000000e+00	8.62293666482862e+02	1.40069299668696e+00
68	77	71	74	7.19880000000000e+02	1.88495559215388e+02	3.00000000000000e-02	0.00000000000000e+00	0.00000000000000e+00	6.97538785662755e+02	1.05088042061743e+00
69	78	72	75	6.38740000000000e+02	1.88495559215388e+02	3.00000000000000e-02	0.00000000000000e+00	0.00000000000000e+00	6.09648778784983e+02	1.55381556516575e+00
70	79	73	76	6.89110000000000e+02	1.88495559215388e+02	3.00000000000000e-02	0.00000000000000e+00	0.00000000000000e+00	6.41440481336181e+02	2.38948368821577e+00
71	80	74	77	8.11770000000000e+02	1.88495559215388e+02	3.00000000000000e-02	0.00000000000000e+00	0.00000000000000e+00	7.79830871791600e+02	1.33799945569884e+00
72	81	75	78	8.30110000000000e+02	1.88495559215388e+02	3.00000000000000e-02	0.00000000000000e+00	0.00000000000000e+00	7.92648618664260e+02	1.53927341742065e+00
73	82	76	79	6.67590000000000e+02	1.88495559215388e+02	3.00000000000000e-02	0.00000000000000e+00	0.00000000000000e+00	6.58573376460979e+02	4.53275598842288e-01
74	83	77	80	5.11710000000000e+02	1.88495559215388e+02	3.00000000000000e-02	0.00000000000000e+00	0.00000000000000e+00	5.35744446700612e+02	-1.52997368370820e+00
75	84	78	81	3.52050000000000e+02	1.88495559215388e+02	3.00000000000000e-02	0.00000000000000e+00	0.00000000000000e+00	3.97825170419991e+02	-4.07464758367680e+00
76	85	79	82	4.35940000000000e+02	1.88495559215388e+02	3.00000000000000e-02	0.00000000000000e+00	0.00000000000000e+00	4.26676864237671e+02	7.15921689446238e-01
77	86	80	83	5.71300000000000e+02	1.88495559215388e+02	3.00000000000000e-02	0.00000000000000e+00	0.00000000000000e+00	5.36514881459729e+02	2.09400553339970e+00
78	87	81	84	6.12060000000000e+02	1.88495559215388e+02	3.00000000000000e-02	0.00000000000000e+00	0.00000000000000e+00	5.77036356079432e+02	1.96416811987262e+00
79	88	82	85	5.31140000000000e+02	1.88495559215388e+02	3.00000000000000e-02	0.00000000000000e+00	0.00000000000000e+00	5.11757102618350e+02	1.23918454840052e+00
80	89	83	86	4.30300000000000e+02	1.88495559215388e+02	3.00000000000000e-02	0.00000000000000e+00	0.00000000000000e+00	4.61592516946154e+02	-2.33999546986950e+00
81	90	84	87	3.61830000000000e+02	1.88495559215388e+02	3.00000000000000e-02	0.00000000000000e+00	0.00000000000000e+00	3.64774529384204e+02	-2.70164891078236e-01
82	91	85	88	2.87300000000000e+02	1.88495559215388e+02	3.00000000000000e-02	0.00000000000000e+00	0.00000000000000e+00	2.76705383443450e+02	1.25245411654567e+00
83	92	86	89	2.70410000000000e+02	1.88495559215388e+02	3.00000000000000e-02	0.00000000000000e+00	0.00000000000000e+00	2.68490495833258e+02	2.37460322671386e-01
84	93	87	90	2.91220000000000e+02	1.88495559215388e+02	3.00000000000000e-02	0.00000000000000e+00	0.00000000000000e+00	2.89213392514672e+02	2.30473241226263e-01
85	94	88	91	3.26400000000000e+02	1.88495559215388e+02	3.00000000000000e-02	0.00000000000000e+00	0.00000000000000e+00	3.00041432525495e+02	2.80676831838417e+00
86	95	89	92	3.43600000000000e+02	1.88495559215388e+02	3.00000000000000e-02	0.00000000000000e+00	0.00000000000000e+00	3.47124026912564e+02	-3.40131741206691e-01
87	96	90	93	4.49560000000000e+02	1.88495559215388e+02	3.00000000000000e-02	0.00000000000000e+00	0.00000000000000e+00	4.24531461732807e+02	1.90944029481808e+00
88	97	91	94	4.35040000000000e+02	1.88495559215388e+02	3.00000000000000e-02	0.00000000000000e+00	0.00000000000000e+00	4.35689622351878e+02	-4.97377873859802e-02
89	98	92	95	4.27470000000000e+02	1.88495559215388e+02	3.00000000000000e-02	0.00000000000000e+00	0.00000000000000e+00	4.21602004056421e+02	4.60745326848115e-01
90	99	93	96	4.12330000000000e+02	1.88495559215388e+02	3.00000000000000e-02	0.00000000000000e+00	0.00000000000000e+00	4.35226252870667e+02	-1.80140059322647e+00
91	100	94	97	5.11100000000000e+02	1.88495559215388e+02	3.00000000000000e-02	0.00000000000000e+00	0.00000000000000e+00	5.03254972179523e+02	5.15610705499814e-01
92	101	95	98	6.41260000000000e+02	1.88495559215388e+02	3.00000000000000e-02	0.00000000000000e+00	0.00000000000000e+00	5.78447049411548e+02	3.43626597654891e+00
93	102	96	99	7.20190000000000e+02	1.88495559215388e+02	3.00000000000000e-02	0.00000000000000e+00	0.00000000000000e+00	6.63707989209219e+02	2.72242628756132e+00
94	103	97	100	5.84140000000000e+02	1.88495559215388e+02	3.00000000000000e-02	0.00000000000000e+00	0.00000000000000e+00	5.58130980549268e+02	1.51823377075860e+00
95	104	98	101	4.35830000000000e+02	1.88495559215388e+02	3.00000000000000e-02	0.00000000000000e+00	0.00000000000000e+00	4.60739546325144e+02	-1.85268829487330e+00
96	105	99	102	3.99750000000000e+02	1.88495559215388e+02	3.00000000000000e-02	0.00000000000000e+00	0.00000000000000e+00	3.94799086932249e+02	4.15411896411448e-01
97	106	100	103	4.73610000000000e+02	1.88495559215388e+02	3.00000000000000e-02	0.00000000000000e+00	0.00000000000000e+00	4.18758360839070e+02	4.10300496963124e+00
98	107	101	104	5.47470000000000e+02	1.88495559215388e+02	3.00000000000000e-02	0.00000000000000e+00	0.00000000000000e+00	5.73961853486915e+02	-1.57517570341588e+00
99	108	102	105	6.46850000000000e+02	1.88495559215388e+02	3.00000000000000e-02	0.00000000000000e+00	0.00000000000000e+00	6.27554334064316e+02	1.00947243187350e+00
100	109	103	106	5.62160000000000e+02	1.88495559215388e+02	3.00000000000000e-02	0.00000000000000e+00	0.00000000000000e+00	5.44070065581303e+02	1.09028237657235e+00
101	110	104	107	3.93470000000000e+02	1.88495559215388e+02	3.00000000000000e-02	0.00000000000000e+00	0.00000000000000e+00	4.02378738442386e+02	-7.46298481583955e-01
102	111	105	108	3.61870000000000e+02	1.88495559215388e+02	3.00000000000000e-02	0.00000000000000e+00	0.00000000000000e+00	3.24588666722289e+02	3.62420971435489e+00
103	112	106	109	3.30260000000000e+02	1.88495559215388e+02	3.00000000000000e-02	0.00000000000000e+00	0.00000000000000e+00	3.89292465788962e+02	-5.48168927226301e+00
104	113	107	110	4.47900000000000e+02	1.88495559215388e+02	3.00000000000000e-02	0.00000000000000e+00	0.00000000000000e+00	5.22332866560969e+02	-5.12450222816566e+00
105	114	108	111	5.64670000000000e+02	1.88495559215388e+02	3.00000000000000e-02	0.00000000000000e+00	0.00000000000000e+00	5.30727093410672e+02	2.06645163227117e+00
106	115	109	112	3.88270000000000e+02	1.88495559215388e+02	3.00000000000000e-02	0.00000000000000e+00	0.00000000000000e+00	3.84101970445223e+02	3.59763617725702e-01
107	116	110	113	3.23730000000000e+02	1.88495559215388e+02	3.00000000000000e-02	0.00000000000000e+00	0.00000000000000e+00	3.29679348818916e+02	-6.07022559783606e-01
108	117	111	114	2.59410000000000e+02	1.88495559215388e+02	3.00000000000000e-02	0.00000000000000e+00	0.00000000000000e+00	2.69119785675077e+02	-1.22489195840532e+00
109	118	112	115	3.59750000000000e+02	1.88495559215388e+02	3.00000000000000e-02	0.00000000000000e+00	0.00000000000000e+00	3.65219386875990e+02	-5.02962906168669e-01
110	119	113	116	2.87170000000000e+02	1.88495559215388e+02	3.00000000000000e-02	0.00000000000000e+00	0.00000000000000e+00	3.06340002518998e+02	-2.15404098552430e+00
111	120	114	117	2.60180000000000e+02	1.88495559215388e+02	3.00000000000000e-02	0.00000000000000e+00	0.00000000000000e+00	2.59895276383580e+02	3.64977478959361e-02
112	121	115	118	1.92860000000000e+02	1.88495559215388e+02	3.00000000000000e-02	0.00000000000000e+00	0.00000000000000e+00	2.06484654444055e+02	-2.27538533126467e+00
113	122	116	119	2.49460000000000e+02	1.88495559215388e+02	3.00000000000000e-02	0.00000000000000e+00	0.00000000000000e+00	2.69307472985163e+02	-2.55183891337942e+00
114	123	117	120	3.31630000000000e+02	1.88495559215388e+02	3.00000000000000e-02	0.00000000000000e+00	0.00000000000000e+00	2.71809776625365e+02	6.63058062070121e+00
115	124	118	121	3.31170000000000e+02	1.88495559215388e+02	3.00000000000000e-02	0.00000000000000e+00	0.00000000000000e+00	3.32879196854676e+02	-1.71593775204570e-01
116	125	119	122	2.70560000000000e+02	1.88495559215388e+02	3.00000000000000e-02	0.00000000000000e+00	0.00000000000000e+00	2.46263003389647e+02	3.13646002830016e+00
117	126	120	123	2.13810000000000e+02	1.88495559215388e+02	3.00000000000000e-02	0.00000000000000e+00	0.00000000000000e+00	2.21818040336418e+02	-1.22565458263866e+00
118	127	121	124	2.24380000000000e+02	1.88495559215388e+02	3.00000000000000e-02	0.00000000000000e+00	0.00000000000000e+00	2.18713248938110e+02	8.52651228261466e-01
119	128	122	125	3.16220000000000e+02	1.88495559215388e+02	3.00000000000000e-02	0.00000000000000e+00	0.00000000000000e+00	2.89127872375852e+02	2.98563728866596e+00
120	129	123	126	2.47870000000000e+02	1.88495559215388e+02	3.00000000000000e-02	0.00000000000000e+00	0.00000000000000e+00	2.53488325019244e+02	-7.47111721354295e-01
121	130	124	127	1.77070000000000e+02	1.88495559215388e+02	3.00000000000000e-02	0.00000000000000e+00	0.00000000000000e+00	1.90832666903297e+02	-2.49506066420873e+00
122	131	125	128	1.47640000000000e+02	1.88495559215388e+02	3.00000000000000e-02	0.00000000000000e+00	0.00000000000000e+00	1.34657382334092e+02	3.06810781030376e+00
123	132	126	129	1.18220000000000e+02	1.88495559215388e+02	3.00000000000000e-02	0.00000000000000e+00	0.00000000000000e+00	1.19880362602457e+02	-4.64899058650599e-01
124	133	127	130	1.26280000000000e+02	1.88495559215388e+02	3.00000000000000e-02	0.00000000000000e+00	0.00000000000000e+00	1.18581710087453e+02	2.09664680442551e+00
125	134	128	131	1.43930000000000e+02	1.88495559215388e+02	3.00000000000000e-02	0.00000000000000e+00	0.00000000000000e+00	1.32272863498067e+02	2.81533778618638e+00
126	135	129	132	1.68430000000000e+02	1.88495559215388e+02	3.00000000000000e-02	0.00000000000000e+00	0.00000000000000e+00	1.59793987299451e+02	1.75449423324864e+00
127	136	130	133	2.07600000000000e+02	1.88495559215388e+02	3.00000000000000e-02	0.00000000000000e+00	0.00000000000000e+00	2.10591130116311e+02	-4.76844343822839e-01
128	137	131	134	2.08020000000000e+02	1.88495559215388e+02	3.00000000000000e-02	0.00000000000000e+00	0.00000000000000e+00	2.11301017872254e+02	-5.21650429181886e-01
129	138	132	135	1.87650000000000e+02	1.88495559215388e+02	3.00000000000000e-02	0.00000000000000e+00	0.00000000000000e+00	1.88474489426200e+02	-1.46137917982111e-01
130	139	133	136	1.48110000000000e+02	1.88495559215388e+02	3.00000000000000e-02	0.00000000000000e+00	0.00000000000000e+00	1.58479910908172e+02	-2.25575330955889e+00
131	140	134	137	1.60240000000000e+02	1.88495559215388e+02	3.00000000000000e-02	0.00000000000000e+00	0.00000000000000e+00	1.71194563700646e+02	-2.20426725869650e+00
132	141	135	138	2.45000000000000e+02	1.88495559215388e+02	3.00000000000000e-02	0.00000000000000e+00	0.00000000000000e+00	2.37163878918947e+02	1.08356120448428e+00
133	142	136	139	3.29760000000000e+02	1.88495559215388e+02	3.00000000000000e-02	0.00000000000000e+00	0.00000000000000e+00	3.72727445768460e+02	-4.08274423362055e+00
134	143	137	140	4.68820000000000e+02	1.88495559215388e+02	3.00000000000000e-02	0.00000000000000e+00	0.00000000000000e+00	4.73611601396992e+02	-3.38955999796712e-01
135	144	138	141	5.10540000000000e+02	1.88495559215388e+02	3.00000000000000e-02	0.00000000000000e+00	0.00000000000000e+00	5.39662686373705e+02	-1.84917668090521e+00
136	145	139	142	5.68600000000000e+02	1.88495559215388e+02	3.00000000000000e-02	0.00000000000000e+00	0.00000000000000e+00	5.08149857134766e+02	3.74669335936411e+00
137	146	140	143	4.10900000000000e+02	1.88495559215388e+02	3.00000000000000e-02	0.00000000000000e+00	0.00000000000000e+00	3.75660619179527e+02	2.98879162203175e+00
138	147	141	144	3.28590000000000e+02	1.88495559215388e+02	3.00000000000000e-02	0.00000000000000e+00	0.00000000000000e+00	2.72959308242561e+02	6.18293476616731e+00
139	148	142	145	2.46290000000000e+02	1.88495559215388e+02	3.00000000000000e-02	0.00000000000000e+00	0.00000000000000e+00	2.38761558462229e+02	1.03481042709310e+00
140	149	143	146	2.82990000000000e+02	1.88495559215388e+02	3.00000000000000e-02	0.00000000000000e+00	0.00000000000000e+00	2.76951276165566e+02	7.18998964457107e-01
141	150	144	147	3.61730000000000e+02	1.88495559215388e+02	3.00000000000000e-02	0.00000000000000e+00	0.00000000000000e+00	3.23823024376787e+02	3.69003105609940e+00
142	151	145	148	3.88890000000000e+02	1.88495559215388e+02	3.00000000000000e-02	0.00000000000000e+00	0.00000000000000e+00	3.70444535149458e+02	1.61975988170019e+00
143	152	146	149	3.52420000000000e+02	1.88495559215388e+02	3.00000000000000e-02	0.00000000000000e+00	0.00000000000000e+00	3.39475065894354e+02	1.24743818163662e+00
144	153	147	150	2.97280000000000e+02	1.88495559215388e+02	3.00000000000000e-02	0.00000000000000e+00	0.00000000000000e+00	2.78718219383525e+02	2.14910501770310e+00
145	154	148	151	2.58080000000000e+02	1.88495559215388e+02	3.00000000000000e-02	0.00000000000000e+00	0.00000000000000e+00	2.67661121525543e+02	-1.21506980317223e+00
146	155	149	152	2.79300000000000e+02	1.88495559215388e+02	3.00000000000000e-02	0.00000000000000e+00	0.00000000000000e+00	2.76897761792830e+02	2.87937529841820e-01
147	156	150	153	3.40620000000000e+02	1.88495559215388e+02	3.00000000000000e-02	0.00000000000000e+00	0.00000000000000e+00	3.10408528432074e+02	3.09594076200931e+00
148	157	151	154	2.98400000000000e+02	1.88495559215388e+02	3.00000000000000e-02	0.00000000000000e+00	0.00000000000000e+00	3.25160434381224e+02	-2.86279454826038e+00
149	158	152	155	2.70470000000000e+02	1.88495559215388e+02	3.00000000000000e-02	0.00000000000000e+00	0.00000000000000e+00	2.96286598307700e+02	-3.03886790015193e+00
150	159	153	156	1.91290000000000e+02	1.88495559215388e+02	3.00000000000000e-02	0.00000000000000e+00	0.00000000000000e+00	2.17436588486529e+02	-4.27055532225535e+00
151	160	154	157	1.49830000000000e+02	1.88495559215388e+02	3.00000000000000e-02	0.00000000000000e+00	0.00000000000000e+00	1.68073452533255e+02	-3.82999277521187e+00
152	161	155	158	1.08370000000000e+02	1.88495559215388e+02	3.00000000000000e-02	0.00000000000000e+00	0.00000000000000e+00	1.32513444765083e+02	-6.70442707562691e+00
153	162	156	159	1.24910000000000e+02	1.88495559215388e+02	3.00000000000000e-02	0.00000000000000e+00	0.00000000000000e+00	1.40303004612659e+02	-3.87369748432149e+00
154	163	157	160	1.35540000000000e+02	1.88495559215388e+02	3.00000000000000e-02	0.00000000000000e+00	0.00000000000000e+00	1.60071454411273e+02	-5.54511686348841e+00
155	164	158	161	1.98890000000000e+02	1.88495559215388e+02	3.00000000000000e-02	0.00000000000000e+00	0.00000000000000e+00	1.87282886385883e+02	2.00438909565479e+00
156	165	159	162	1.86890000000000e+02	1.88495559215388e+02	3.00000000000000e-02	0.00000000000000e+00	0.00000000000000e+00	1.77072304375791e+02	1.79873533410830e+00
157	166	160	163	2.05540000000000e+02	1.88495559215388e+02	3.00000000000000e-02	0.00000000000000e+00	0.00000000000000e+00	2.33126325041015e+02	-4.19799373356830e+00
158	167	161	164	1.92080000000000e+02	1.88495559215388e+02	3.00000000000000e-02	0.00000000000000e+00	0.00000000000000e+00	2.08070328266176e+02	-2.66547291013571e+00
159	168	162	165	1.36340000000000e+02	1.88495559215388e+02	3.00000000000000e-02	0.00000000000000e+00	0.00000000000000e+00	1.57289228362714e+02	-4.76448544934742e+00
160	169	163	166	2.00400000000000e+02	1.88495559215388e+02	3.00000000000000e-02	0.00000000000000e+00	0.00000000000000e+00	1.89136108415775e+02	1.92828209956296e+00
161	170	164	167	2.54640000000000e+02	1.88495559215388e+02	3.00000000000000e-02	0.00000000000000e+00	0.00000000000000e+00	2.45645460544345e+02	1.19871679644901e+00
162	171	165	168	3.05960000000000e+02	1.88495559215388e+02	3.00000000000000e-02	0.00000000000000e+00	0.00000000000000e+00	2.97449274861731e+02	9.40355622400150e-01
163	172	166	169	1.00096000000000e+03	1.88495559215388e+02	3.00000000000000e-02	0.00000000000000e+00	0.00000000000000e+00	5.36510321721505e+02	2.07876339198290e+01
164	173	167	170	6.53760000000000e+02	1.88495559215388e+02	3.00000000000000e-02	0.00000000000000e+00	0.00000000000000e+00	5.58388933763489e+02	5.25615260454210e+00
165	174	168	171	4.49470000000000e+02	1.88495559215388e+02	3.00000000000000e-02	0.00000000000000e+00	0.00000000000000e+00	4.18579523514797e+02	2.37340728791097e+00
166	175	169	172	3.53700000000000e+02	1.88495559215388e+02	3.00000000000000e-02	0.00000000000000e+00	0.00000000000000e+00	2.96553888905740e+02	5.87400480615097e+00
167	176	170	173	2.57940000000000e+02	1.88495559215388e+02	3.00000000000000e-02	0.00000000000000e+00	0.00000000000000e+00	2.49680918934562e+02	1.08477404437570e+00
1	13	5	9	2.63660000000000e+02	2.51327412287183e+02	3.00000000000000e-02	0.00000000000000e+00	0.00000000000000e+00	2.64183393066491e+02	-6.61046116962420e-02
3	14	6	10	2.34870000000000e+02	2.51327412287183e+02	3.00000000000000e-02	0.00000000000000e+00	0.00000000000000e+00	2.13955778414224e+02	3.10876062812862e+00
4	15	7	11	2.19370000000000e+02	2.51327412287183e+02	3.00000000000000e-02	0.00000000000000e+00	0.00000000000000e+00	2.22646718633666e+02	-4.94216398107827e-01
2	16	8	12	2.67500000000000e+02	2.51327412287183e+02	3.00000000000000e-02	0.00000000000000e+00	0.00000000000000e+00	2.59760727093559e+02	9.78621314930628e-01
5	17	9	13	2.84730000000000e+02	2.51327412287183e+02	3.00000000000000e-02	0.00000000000000e+00	0.00000000000000e+00	2.84562419410838e+02	1.96244306426803e-02
6	18	10	14	2.94720000000000e+02	2.51327412287183e+02	3.00000000000000e-02	0.00000000000000e+00	0.00000000000000e+00	3.11279216403419e+02	-1.82215194231488e+00
7	19	11	15	3.29540000000000e+02	2.51327412287183e+02	3.00000000000000e-02	0.00000000000000e+00	0.00000000000000e+00	3.21097165517881e+02	8.65132299505659e-01
8	20	12	16	2.94660000000000e+02	2.51327412287183e+02	3.00000000000000e-02	0.00000000000000e+00	0.00000000000000e+00	2.83683735929375e+02	1.26540458400782e+00
9	21	13	17	2.91670000000000e+02	2.51327412287183e+02	3.00000000000000e-02	0.00000000000000e+00	0.00000000000000e+00	2.85543851345826e+02	7.07580466249435e-01
10	22	14	18	2.54020000000000e+02	2.51327412287183e+02	3.00000000000000e-02	0.00000000000000e+00	0.00000000000000e+00	2.42018301536757e+02	1.61332181980190e+00
11	23	15	19	1.99150000000000e+02	2.51327412287183e+02	3.00000000000000e-02	0.00000000000000e+00	0.00000000000000e+00	2.07563747121422e+02	-1.37933993017390e+00
12	24	16	20	2.03100000000000e+02	2.51327412287183e+02	3.00000000000000e-02	0.00000000000000e+00	0.00000000000000e+00	2.07487254648575e+02	-7.12381527251941e-01
13	25	17	21	2.17110000000000e+02	2.51327412287183e+02	3.00000000000000e-02	0.00000000000000e+00	0.00000000000000e+00	2.19664687358271e+02	-3.89936591300947e-01
14	26	18	22	2.59680000000000e+02	2.51327412287183e+02	3.00000000000000e-02	0.00000000000000e+00	0.00000000000000e+00	2.54041302506526e+02	7.31774722454344e-01
15	27	19	23	2.80040000000000e+02	2.51327412287183e+02	3.00000000000000e-02	0.00000000000000e+00	0.00000000000000e+00	2.55274252564320e+02	3.08646608781293e+00
16	28	20	24	3.40770000000000e+02	2.51327412287183e+02	3.00000000000000e-02	0.00000000000000e+00	0.00000000000000e+00	3.12206306057003e+02	2.91811854202895e+00
17	29	21	25	4.38840000000000e+02	2.51327412287183e+02	3.00000000000000e-02	0.00000000000000e+00	0.00000000000000e+00	4.01209461517347e+02	2.98837476984506e+00
18	30	22	26	4.14500000000000e+02	2.51327412287183e+02	3.00000000000000e-02	0.00000000000000e+00	0.00000000000000e+00	4.04555710359869e+02	8.09450702780505e-01
19	31	23	27	4.09960000000000e+02	2.51327412287183e+02	3.00000000000000e-02	0.00000000000000e+00	0.00000000000000e+00	4.39129415495015e+02	-2.29115239280600e+00
20	32	24	28	3.99050000000000e+02	2.51327412287183e+02	3.00000000000000e-02	0.00000000000000e+00	0.00000000000000e+00	3.54021886149884e+02	3.99093286057299e+00
21	33	25	29	3.53820000000000e+02	2.51327412287183e+02	3.00000000000000e-02	0.00000000000000e+00	0.00000000000000e+00	3.22826980291757e+02	3.05572647562729e+00
22	34	26	30	4.14560000000000e+02	2.51327412287183e+02	3.00000000000000e-02	0.00000000000000e+00	0.00000000000000e+00	3.91010936254775e+02	1.94940624195083e+00
23	35	27	31	4.38670000000000e+02	2.51327412287183e+02	3.00000000000000e-02	0.00000000000000e+00	0.00000000000000e+00	4.07313773778952e+02	2.47211968693056e+00
24	36	28	32	4.87040000000000e+02	2.51327412287183e+02	3.00000000000000e-02	0.00000000000000e+00	0.00000000000000e+00	4.96326415265815e+02	-6.29585011196395e-01
25	37	29	33	5.78290000000000e+02	2.51327412287183e+02	3.00000000000000e-02	0.00000000000000e+00	0.00000000000000e+00	5.59869731939758e+02	1.07904459397525e+00
26	38	30	34	5.91110000000000e+02	2.51327412287183e+02	3.00000000000000e-02	0.00000000000000e+00	0.00000000000000e+00	5.87394949300794e+02	2.10156832309257e-01
27	39	31	35	6.17110000000000e+02	2.51327412287183e+02	3.00000000000000e-02	0.00000000000000e+00	0.00000000000000e+00	6.29151659939157e+02	-6.44168346450543e-01
28	40	32	36	6.00740000000000e+02	2.51327412287183e+02	3.00000000000000e-02	0.00000000000000e+00	0.00000000000000e+00	5.59232245466952e+02	2.38657919313532e+00
29	41	33	37	5.75200000000000e+02	2.51327412287183e+02	3.00000000000000e-02	0.00000000000000e+00	0.00000000000000e+00	5.48866662879118e+02	1.56207557037641e+00
30	42	34	38	4.84700000000000e+02	2.51327412287183e+02	3.00000000000000e-02	0.00000000000000e+00	0.00000000000000e+00	4.80866942431587e+02	2.64651265840736e-01
31	43	35	39	3.92260000000000e+02	2.51327412287183e+02	3.00000000000000e-02	0.00000000000000e+00	0.00000000000000e+00	4.06196644527863e+02	-1.16375010794612e+00
32	44	36	40	3.46290000000000e+02	2.51327412287183e+02	3.00000000000000e-02	0.00000000000000e+00	0.00000000000000e+00	3.46392502065205e+02	-9.86522835955128e-03
33	45	37	41	2.60540000000000e+02	2.51327412287183e+02	3.00000000000000e-02	0.00000000000000e+00	0.00000000000000e+00	2.51600323249570e+02	1.16381968894137e+00
34	46	38	42	2.87840000000000e+02	2.51327412287183e+02	3.00000000000000e-02	0.00000000000000e+00	0.00000000000000e+00	2.85555971323209e+02	2.65557121818816e-01
35	47	39	43	3.67380000000000e+02	2.51327412287183e+02	3.00000000000000e-02	0.00000000000000e+00	0.00000000000000e+00	3.54458128265477e+02	1.19355035429421e+00
36	48	40	44	3.31040000000000e+02	2.51327412287183e+02	3.00000000000000e-02	0.00000000000000e+00	0.00000000000000e+00	3.83746017340409e+02	-4.92472355280951e+00
37	49	41	45	4.33460000000000e+02	2.51327412287183e+02	3.00000000000000e-02	0.00000000000000e+00	0.00000000000000e+00	4.34595914486155e+02	-8.72382462593357e-02
38	50	42	46	4.18710000000000e+02	2.51327412287183e+02	3.00000000000000e-02	0.00000000000000e+00	0.00000000000000e+00	4.03729730090464e+02	1.21442956741233e+00
39	51	43	47	4.07520000000000e+02	2.51327412287183e+02	3.00000000000000e-02	0.00000000000000e+00	0.00000000000000e+00	3.93064787328804e+02	1.20385198982452e+00
40	52	44	48	5.28860000000000e+02	2.51327412287183e+02	3.00000000000000e-02	0.00000000000000e+00	0.00000000000000e+00	5.28762634821786e+02	6.13736098825276e-03
41	53	45	49	5.59860000000000e+02	2.51327412287183e+02	3.00000000000000e-02	0.00000000000000e+00	0.00000000000000e+00	5.41667352903804e+02	1.10115598265764e+00
42	54	46	50	6.14720000000000e+02	2.51327412287183e+02	3.00000000000000e-02	0.00000000000000e+00	0.00000000000000e+00	6.26810992567323e+02	-6.49272278244073e-01
43	55	47	51	7.65440000000000e+02	2.51327412287183e+02	3.00000000000000e-02	0.00000000000000e+00	0.00000000000000e+00	7.39535447650723e+02	1.14762054203889e+00
44	56	48	52	6.63540000000000e+02	2.51327412287183e+02	3.00000000000000e-02	0.00000000000000e+00	0.00000000000000e+00	6.42429699929733e+02	1.07772479947140e+00
45	57	49	53	6.36630000000000e+02	2.51327412287183e+02	3.00000000000000e-02	0.00000000000000e+00	0.00000000000000e+00	6.06287127760189e+02	1.62783190160927e+00
46	58	50	54	5.78390000000000e+02	2.51327412287183e+02	3.00000000000000e-02	0.00000000000000e+00	0.00000000000000e+00	5.31536442548306e+02	2.81588735728035e+00
47	59	51	55	4.59760000000000e+02	2.51327412287183e+02	3.00000000000000e-02	0.00000000000000e+00	0.00000000000000e+00	4.54610375235116e+02	3.75462675431907e-01
48	60	52	56	4.73580000000000e+02	2.51327412287183e+02	3.00000000000000e-02	0.00000000000000e+00	0.00000000000000e+00	4.77785111662925e+02	-2.94674042380934e-01
49	61	53	57	4.77120000000000e+02	2.51327412287183e+02	3.00000000000000e-02	0.00000000000000e+00	0.00000000000000e+00	4.74407826703171e+02	1.90022863979955e-01
50	62	54	58	6.55090000000000e+02	2.51327412287183e+02	3.00000000000000e-02	0.00000000000000e+00	0.00000000000000e+00	6.18257828871207e+02	1.92890205003584e+00
51	63	55	59	7.29320000000000e+02	2.51327412287183e+02	3.00000000000000e-02	0.00000000000000e+00	0.00000000000000e+00	7.59297674069926e+02	-1.34270999292549e+00
52	64	56	60	9.32150000000000e+02	2.51327412287183e+02	3.00000000000000e-02	0.00000000000000e+00	0.00000000000000e+00	9.03888394727067e+02	1.02626167770268e+00
53	65	57	61	8.54710000000000e+02	2.51327412287183e+02	3.00000000000000e-02	0.00000000000000e+00	0.00000000000000e+00	8.58458871376448e+02	-1.45884717805374e-01
54	66	58	62	7.47540000000000e+02	2.51327412287183e+02	3.00000000000000e-02	0.00000000000000e+00	0.00000000000000e+00	7.58559450630467e+02	-4.87778646261698e-01
55	67	59	63	8.55890000000000e+02	2.51327412287183e+02	3.00000000000000e-02	0.00000000000000e+00	0.00000000000000e+00	8.02742292032716e+02	2.13693774134270e+00
56	68	60	64	7.32500000000000e+02	2.51327412287183e+02	3.00000000000000e-02	0.00000000000000e+00	0.00000000000000e+00	7.52841590827381e+02	-9.13049801015712e-01
57	69	61	65	8.65770000000000e+02	2.51327412287183e+02	3.00000000000000e-02	0.00000000000000e+00	0.00000000000000e+00	8.54971777940740e+02	4.18360807912421e-01
58	70	62	66	9.85030000000000e+02	2.51327412287183e+02	3.00000000000000e-02	0.00000000000000e+00	0.00000000000000e+00	9.18284101226007e+02	2.33884254531557e+00
59	71	63	67	8.22700000000000e+02	2.51327412287183e+02	3.00000000000000e-02	0.00000000000000e+00	0.00000000000000e+00	8.22089493754612e+02	2.47450621388978e-02
60	72	64	68	8.77490000000000e+02	2.51327412287183e+02	3.00000000000000e-02	0.00000000000000e+00	0.00000000000000e+00	8.68115641357219e+02	3.58020870241660e-01
61	73	65	69	7.44850000000000e+02	2.51327412287183e+02	3.00000000000000e-02	0.00000000000000e+00	0.00000000000000e+00	7.19045072154398e+02	1.17529375964036e+00
62	74	66	70	6.98720000000000e+02	2.51327412287183e+02	3.00000000000000e-02	0.00000000000000e+00	0.00000000000000e+00	7.32880275293237e+02	-1.59107545339028e+00
63	75	67	71	8.89180000000000e+02	2.51327412287183e+02	3.00000000000000e-02	0.00000000000000e+00	0.00000000000000e+00	8.86427437692311e+02	1.03347337337389e-01
64	76	68	72	8.83030000000000e+02	2.51327412287183e+02	3.00000000000000e-02	0.00000000000000e+00	0.00000000000000e+00	8.90819887673152e+02	-2.92769521814288e-01
65	77	69	73	9.40630000000000e+02	2.51327412287183e+02	3.00000000000000e-02	0.00000000000000e+00	0.00000000000000e+00	9.31859886368750e+02	3.12246555600767e-01
66	78	70	74	8.66760000000000e+02	2.51327412287183e+02	3.00000000000000e-02	0.00000000000000e+00	0.00000000000000e+00	8.53226813015361e+02	5.24556977820219e-01
67	79	71	75	7.64560000000000e+02	2.51327412287183e+02	3.00000000000000e-02	0.00000000000000e+00	0.00000000000000e+00	7.34920358677631e+02	1.31794557188701e+00
68	80	72	76	8.19590000000000e+02	2.51327412287183e+02	3.00000000000000e-02	0.00000000000000e+00	0.00000000000000e+00	7.66602065305574e+02	2.22787893875619e+00
69	81	73	77	8.35970000000000e+02	2.51327412287183e+02	3.00000000000000e-02	0.00000000000000e+00	0.00000000000000e+00	7.91983063611149e+02	1.80175733389767e+00
70	82	74	78	8.43310000000000e+02	2.51327412287183e+02	3.00000000000000e-02	0.00000000000000e+00	0.00000000000000e+00	8.28485186615277e+02	5.91188924800938e-01
71	83	75	79	7.57260000000000e+02	2.51327412287183e+02	3.00000000000000e-02	0.00000000000000e+00	0.00000000000000e+00	7.53624611517859e+02	1.60409139127893e-01
72	84	76	80	6.56110000000000e+02	2.51327412287183e+02	3.00000000000000e-02	0.00000000000000e+00	0.00000000000000e+00	6.62350953462650e+02	-3.15569961011993e-01
73	85	77	81	5.88040000000000e+02	2.51327412287183e+02	3.00000000000000e-02	0.00000000000000e+00	0.00000000000000e+00	5.76496000644066e+02	6.60885680500763e-01
74	86	78	82	4.79920000000000e+02	2.51327412287183e+02	3.00000000000000e-02	0.00000000000000e+00	0.00000000000000e+00	5.03073347221563e+02	-1.57055185500790e+00
75	87	79	83	5.60750000000000e+02	2.51327412287183e+02	3.00000000000000e-02	0.00000000000000e+00	0.00000000000000e+00	5.76987938481933e+02	-9.51539634838531e-01
76	88	80	84	7.19800000000000e+02	2.51327412287183e+02	3.00000000000000e-02	0.00000000000000e+00	0.00000000000000e+00	6.88233244516944e+02	1.49485323240125e+00
77	89	81	85	7.34820000000000e+02	2.51327412287183e+02	3.00000000000000e-02	0.00000000000000e+00	0.00000000000000e+00	7.06724627241748e+02	1.29948253150047e+00
78	90	82	86	6.20760000000000e+02	2.51327412287183e+02	3.00000000000000e-02	0.00000000000000e+00	0.00000000000000e+00	6.02069290782323e+02	1.01906647169656e+00
79	91	83	87	4.71150000000000e+02	2.51327412287183e+02	3.00000000000000e-02	0.00000000000000e+00	0.00000000000000e+00	4.72756418466606e+02	-1.13458988880488e-01
80	92	84	88	3.73000000000000e+02	2.51327412287183e+02	3.00000000000000e-02	0.00000000000000e+00	0.00000000000000e+00	3.74455460209585e+02	-1.29814829699744e-01
81	93	85	89	2.86990000000000e+02	2.51327412287183e+02	3.00000000000000e-02	0.00000000000000e+00	0.00000000000000e+00	2.98036347708454e+02	-1.25893597654724e+00
82	94	86	90	2.83340000000000e+02	2.51327412287183e+02	3.00000000000000e-02	0.00000000000000e+00	0.00000000000000e+00	2.99761456564447e+02	-1.87798078748426e+00
83	95	87	91	2.69730000000000e+02	2.51327412287183e+02	3.00000000000000e-02	0.00000000000000e+00	0.00000000000000e+00	2.99211753674377e+02	-3.45766901116651e+00
84	96	88	92	3.28540000000000e+02	2.51327412287183e+02	3.00000000000000e-02	0.00000000000000e+00	0.00000000000000e+00	3.28353156726203e+02	1.89623205258431e-02
85	97	89	93	4.09690000000000e+02	2.51327412287183e+02	3.00000000000000e-02	0.00000000000000e+00	0.00000000000000e+00	3.95603948412487e+02	1.16623985441541e+00
86	98	90	94	4.20400000000000e+02	2.51327412287183e+02	3.00000000000000e-02	0.00000000000000e+00	0.00000000000000e+00	3.99420746228245e+02	1.70637586280857e+00
87	99	91	95	3.65360000000000e+02	2.51327412287183e+02	3.00000000000000e-02	0.00000000000000e+00	0.00000000000000e+00	3.82536853132841e+02	-1.53139426027954e+00
88	100	92	96	4.92400000000000e+02	2.51327412287183e+02	3.00000000000000e-02	0.00000000000000e+00	0.00000000000000e+00	4.86054865131976e+02	4.32329518782737e-01
89	101	93	97	5.84380000000000e+02	2.51327412287183e+02	3.00000000000000e-02	0.00000000000000e+00	0.00000000000000e+00	5.92757014041008e+02	-4.74436725682370e-01
90	102	94	98	6.95150000000000e+02	2.51327412287183e+02	3.00000000000000e-02	0.00000000000000e+00	0.00000000000000e+00	6.43740293805818e+02	2.56107584448231e+00
91	103	95	99	7.34120000000000e+02	2.51327412287183e+02	3.00000000000000e-02	0.00000000000000e+00	0.00000000000000e+00	7.10624822420797e+02	1.08426294590268e+00
92	104	96	100	6.13710000000000e+02	2.51327412287183e+02	3.00000000000000e-02	0.00000000000000e+00	0.00000000000000e+00	5.54658378851933e+02	3.37233710803494e+00
93	105	97	101	4.82440000000000e+02	2.51327412287183e+02	3.00000000000000e-02	0.00000000000000e+00	0.00000000000000e+00	4.69882447981313e+02	8.79133599062894e-01
94	106	98	102	4.63820000000000e+02	2.51327412287183e+02	3.00000000000000e-02	0.00000000000000e+00	0.00000000000000e+00	4.45612712798673e+02	1.33487760336495e+00
95	107	99	103	3.44130000000000e+02	2.51327412287183e+02	3.00000000000000e-02	0.00000000000000e+00	0.00000000000000e+00	3.72330399977749e+02	-2.62540463679031e+00
96	108	100	104	4.90180000000000e+02	2.51327412287183e+02	3.00000000000000e-02	0.00000000000000e+00	0.00000000000000e+00	5.13848451791734e+02	-1.57185701736188e+00
97	109	101	105	5.69330000000000e+02	2.51327412287183e+02	3.00000000000000e-02	0.00000000000000e+00	0.00000000000000e+00	5.42896253160479e+02	1.58473305008947e+00
98	110	102	106	5.59560000000000e+02	2.51327412287183e+02	3.00000000000000e-02	0.00000000000000e+00	0.00000000000000e+00	5.10330869078631e+02	3.06971607820854e+00
99	111	103	107	5.00340000000000e+02	2.51327412287183e+02	3.00000000000000e-02	0.00000000000000e+00	0.00000000000000e+00	5.10328904870578e+02	-6.58918734543216e-01
100	112	104	108	4.16900000000000e+02	2.51327412287183e+02	3.00000000000000e-02	0.00000000000000e+00	0.00000000000000e+00	3.90352569034440e+02	2.19320103268880e+00
101	113	105	109	3.35140000000000e+02	2.51327412287183e+02	3.00000000000000e-02	0.00000000000000e+00	0.00000000000000e+00	3.92000234620841e+02	-5.22380277800867e+00
102	114	106	110	4.09070000000000e+02	2.51327412287183e+02	3.00000000000000e-02	0.00000000000000e+00	0.00000000000000e+00	4.58416952565827e+02	-3.79642854037145e+00
103	115	107	111	4.95010000000000e+02	2.51327412287183e+02	3.00000000000000e-02	0.00000000000000e+00	0.00000000000000e+00	4.86381932840893e+02	5.86125969184200e-01
104	116	108	112	5.15710000000000e+02	2.51327412287183e+02	3.00000000000000e-02	0.00000000000000e+00	0.00000000000000e+00	5.50075747346596e+02	-2.15037997347437e+00
105	117	109	113	5.01540000000000e+02	2.51327412287183e+02	3.00000000000000e-02	0.00000000000000e+00	0.00000000000000e+00	4.81359440377756e+02	1.36896988711272e+00
106	118	110	114	3.81560000000000e+02	2.51327412287183e+02	3.00000000000000e-02	0.00000000000000e+00	0.00000000000000e+00	3.84925358857929e+02	-2.92711003955729e-01
107	119	111	115	3.09170000000000e+02	2.51327412287183e+02	3.00000000000000e-02	0.00000000000000e+00	0.00000000000000e+00	3.35609653428096e+02	-2.73524838124244e+00
108	120	112	116	2.89840000000000e+02	2.51327412287183e+02	3.00000000000000e-02	0.00000000000000e+00	0.00000000000000e+00	2.96455476368095e+02	-7.52266551843247e-01
109	121	113	117	2.30730000000000e+02	2.51327412287183e+02	3.00000000000000e-02	0.00000000000000e+00	0.00000000000000e+00	2.24117946599872e+02	9.69191171285733e-01
110	122	114	118	1.96260000000000e+02	2.51327412287183e+02	3.00000000000000e-02	0.00000000000000e+00	0.00000000000000e+00	2.31317440325202e+02	-5.47835523120055e+00
111	123	115	119	2.23410000000000e+02	2.51327412287183e+02	3.00000000000000e-02	0.00000000000000e+00	0.00000000000000e+00	2.08458850238436e+02	2.30889958655934e+00
112	124	116	120	1.75770000000000e+02	2.51327412287183e+02	3.00000000000000e-02	0.00000000000000e+00	0.00000000000000e+00	1.97903508989843e+02	-3.95344204508516e+00
113	125	117	121	2.39810000000000e+02	2.51327412287183e+02	3.00000000000000e-02	0.00000000000000e+00	0.00000000000000e+00	2.22341450744533e+02	2.52108921551318e+00
114	126	118	122	2.35870000000000e+02	2.51327412287183e+02	3.00000000000000e-02	0.00000000000000e+00	0.00000000000000e+00	2.18128735995885e+02	2.60651284036462e+00
115	127	119	123	2.73440000000000e+02	2.51327412287183e+02	3.00000000000000e-02	0.00000000000000e+00	0.00000000000000e+00	2.52382293793560e+02	2.67124141778424e+00
116	128	120	124	2.83310000000000e+02	2.51327412287183e+02	3.00000000000000e-02	0.00000000000000e+00	0.00000000000000e+00	2.66002861093633e+02	2.10115465896437e+00
117	129	121	125	2.91580000000000e+02	2.51327412287183e+02	3.00000000000000e-02	0.00000000000000e+00	0.00000000000000e+00	2.53362825294996e+02	4.68306190673475e+00
118	130	122	126	2.94290000000000e+02	2.51327412287183e+02	3.00000000000000e-02	0.00000000000000e+00	0.00000000000000e+00	2.63331952359767e+02	3.70500877177597e+00
119	131	123	127	2.77850000000000e+02	2.51327412287183e+02	3.00000000000000e-02	0.00000000000000e+00	0.00000000000000e+00	2.50976987763156e+02	3.39067156719066e+00
120	132	124	128	1.99740000000000e+02	2.51327412287183e+02	3.00000000000000e-02	0.00000000000000e+00	0.00000000000000e+00	1.96639758299187e+02	5.21436805062277e-01
121	133	125	129	1.50630000000000e+02	2.51327412287183e+02	3.00000000000000e-02	0.00000000000000e+00	0.00000000000000e+00	1.41461185027813e+02	2.09337100063379e+00
122	134	126	130	1.01520000000000e+02	2.51327412287183e+02	3.00000000000000e-02	0.00000000000000e+00	0.00000000000000e+00	1.12092426001896e+02	-3.30226465773003e+00
123	135	127	131	1.25460000000000e+02	2.51327412287183e+02	3.00000000000000e-02	0.00000000000000e+00	0.00000000000000e+00	1.29840572983409e+02	-1.14401178413560e+00
124	136	128	132	1.61370000000000e+02	2.51327412287183e+02	3.00000000000000e-02	0.00000000000000e+00	0.00000000000000e+00	1.64189334279101e+02	-5.77345809535205e-01
125	137	129	133	1.75740000000000e+02	2.51327412287183e+02	3.00000000000000e-02	0.00000000000000e+00	0.00000000000000e+00	1.78451039788616e+02	-5.10288220998589e-01
126	138	130	134	1.90500000000000e+02	2.51327412287183e+02	3.00000000000000e-02	0.00000000000000e+00	0.00000000000000e+00	1.83726086349502e+02	1.20687357528976e+00
127	139	131	135	1.65700000000000e+02	2.51327412287183e+02	3.00000000000000e-02	0.00000000000000e+00	0.00000000000000e+00	1.66130424774578e+02	-8.64748947740542e-02
128	140	132	136	1.43370000000000e+02	2.51327412287183e+02	3.00000000000000e-02	0.00000000000000e+00	0.00000000000000e+00	1.54522833164503e+02	-2.49710572108800e+00
129	141	133	137	1.66800000000000e+02	2.51327412287183e+02	3.00000000000000e-02	0.00000000000000e+00	0.00000000000000e+00	1.78101588053165e+02	-2.18528723229546e+00
130	142	134	138	1.85430000000000e+02	2.51327412287183e+02	3.00000000000000e-02	0.00000000000000e+00	0.00000000000000e+00	2.01713017141470e+02	-2.80561758933633e+00
131	143	135	139	3.27460000000000e+02	2.51327412287183e+02	3.00000000000000e-02	0.00000000000000e+00	0.00000000000000e+00	3.21083930397019e+02	6.55445194872684e-01
132	144	136	140	4.69480000000000e+02	2.51327412287183e+02	3.00000000000000e-02	0.00000000000000e+00	0.00000000000000e+00	4.96778602561450e+02	-1.88395866437672e+00
133	145	137	141	6.49120000000000e+02	2.51327412287183e+02	3.00000000000000e-02	0.00000000000000e+00	0.00000000000000e+00	5.87488046090642e+02	3.32539002421951e+00
134	146	138	142	6.04650000000000e+02	2.51327412287183e+02	3.00000000000000e-02	0.00000000000000e+00	0.00000000000000e+00	5.90821396590592e+02	7.71200397630641e-01
135	147	139	143	4.60090000000000e+02	2.51327412287183e+02	3.00000000000000e-02	0.00000000000000e+00	0.00000000000000e+00	4.70559148019007e+02	-7.49984723871252e-01
136	148	140	144	3.15540000000000e+02	2.51327412287183e+02	3.00000000000000e-02	0.00000000000000e+00	0.00000000000000e+00	3.09518995228449e+02	6.42199755576082e-01
137	149	141	145	2.14530000000000e+02	2.51327412287183e+02	3.00000000000000e-02	0.00000000000000e+00	0.00000000000000e+00	2.21156214451104e+02	-1.01399052688483e+00
138	150	142	146	1.95620000000000e+02	2.51327412287183e+02	3.00000000000000e-02	0.00000000000000e+00	0.00000000000000e+00	1.92703254200487e+02	5.00751306412095e-01
139	151	143	147	2.18630000000000e+02	2.51327412287183e+02	3.00000000000000e-02	0.00000000000000e+00	0.00000000000000e+00	2.12939425268238e+02	8.79102214581717e-01
140	152	144	148	2.41640000000000e+02	2.51327412287183e+02	3.00000000000000e-02	0.00000000000000e+00	0.00000000000000e+00	2.77893560573737e+02	-4.65963831568225e+00
141	153	145	149	3.55400000000000e+02	2.51327412287183e+02	3.00000000000000e-02	0.00000000000000e+00	0.00000000000000e+00	3.12515319306369e+02	4.28634753217475e+00
142	154	146	150	2.63690000000000e+02	2.51327412287183e+02	3.00000000000000e-02	0.00000000000000e+00	0.00000000000000e+00	3.02310567405483e+02	-4.55602290329603e+00
143	155	147	151	3.31490000000000e+02	2.51327412287183e+02	3.00000000000000e-02	0.00000000000000e+00	0.00000000000000e+00	3.07961420944188e+02	2.45410416016032e+00
144	156	148	152	3.26670000000000e+02	2.51327412287183e+02	3.00000000000000e-02	0.00000000000000e+00	0.00000000000000e+00	3.15615438735613e+02	1.14753268567303e+00
145	157	149	153	3.92230000000000e+02	2.51327412287183e+02	3.00000000000000e-02	0.00000000000000e+00	0.00000000000000e+00	3.54307225538153e+02	3.38946656391850e+00
146	158	150	154	4.41380000000000e+02	2.51327412287183e+02	3.00000000000000e-02	0.00000000000000e+00	0.00000000000000e+00	4.07574413486148e+02	2.65608855427579e+00
147	159	151	155	3.93750000000000e+02	2.51327412287183e+02	3.00000000000000e-02	0.00000000000000e+00	0.00000000000000e+00	3.87590830554351e+02	5.25532246119316e-01
148	160	152	156	3.12460000000000e+02	2.51327412287183e+02	3.00000000000000e-02	0.00000000000000e+00	0.00000000000000e+00	3.34386234164352e+02	-2.26067512009992e+00
149	161	153	157	2.31880000000000e+02	2.51327412287183e+02	3.00000000000000e-02	0.00000000000000e+00	0.00000000000000e+00	2.40113391518898e+02	-1.16304266520831e+00
150	162	154	158	1.90410000000000e+02	2.51327412287183e+02	3.00000000000000e-02	0.00000000000000e+00	0.00000000000000e+00	1.82756766102399e+02	1.36745067419420e+00
151	163	155	159	1.48950000000000e+02	2.51327412287183e+02	3.00000000000000e-02	0.00000000000000e+00	0.00000000000000e+00	1.75453441243314e+02	-5.45876788298590e+00
152	164	156	160	1.46540000000000e+02	2.51327412287183e+02	3.00000000000000e-02	0.00000000000000e+00	0.00000000000000e+00	1.78293578379540e+02	-6.53776932233561e+00
153	165	157	161	1.87000000000000e+02	2.51327412287183e+02	3.00000000000000e-02	0.00000000000000e+00	0.00000000000000e+00	1.94724669419976e+02	-1.34926640912167e+00
154	166	158	162	2.11780000000000e+02	2.51327412287183e+02	3.00000000000000e-02	0.00000000000000e+00	0.00000000000000e+00	2.17789328200131e+02	-9.32673704441722e-01
155	167	159	163	2.22940000000000e+02	2.51327412287183e+02	3.00000000000000e-02	0.00000000000000e+00	0.00000000000000e+00	2.23328377924509e+02	-5.80186037178798e-02
156	168	160	164	1.81750000000000e+02	2.51327412287183e+02	3.00000000000000e-02	0.00000000000000e+00	0.00000000000000e+00	1.57278332800129e+02	4.82050200911971e+00
157	169	161	165	1.50450000000000e+02	2.51327412287183e+02	3.00000000000000e-02	0.00000000000000e+00	0.00000000000000e+00	1.33814498380155e+02	3.90587675520730e+00
158	170	162	166	1.52990000000000e+02	2.51327412287183e+02	3.00000000000000e-02	0.00000000000000e+00	0.00000000000000e+00	1.50368964466137e+02	5.76017428032749e-01
159	171	163	167	2.29170000000000e+02	2.51327412287183e+02	3.00000000000000e-02	0.00000000000000e+00	0.00000000000000e+00	2.18414442128925e+02	1.60232391909929e+00
160	172	164	168	3.19400000000000e+02	2.51327412287183e+02	3.00000000000000e-02	0.00000000000000e+00	0.00000000000000e+00	2.71507297154702e+02	5.41517398622950e+00
161	173	165	169	3.32730000000000e+02	2.51327412287183e+02	3.00000000000000e-02	0.00000000000000e+00	0.00000000000000e+00	3.98076930725012e+02	-5.97713098666214e+00
162	174	166	170	6.65480000000000e+02	2.51327412287183e+02	3.00000000000000e-02	0.00000000000000e+00	0.00000000000000e+00	4.57471163108487e+02	1.24931577839797e+01
163	175	167	171	4.44710000000000e+02	2.51327412287183e+02	3.00000000000000e-02	0.00000000000000e+00	0.00000000000000e+00	3.69189451688189e+02	6.20374842795298e+00
164	176	168	172	3.34750000000000e+02	2.51327412287183e+02	3.00000000000000e-02	0.00000000000000e+00	0.00000000000000e+00	2.68321364698897e+02	7.37328668073986e+00
1	16	6	11	2.24780000000000e+02	3.14159265358979e+02	3.00000000000000e-02	0.00000000000000e+00	0.00000000000000e+00	2.18496007133005e+02	9.45146857075615e-01
3	17	7	12	2.43710000000000e+02	3.14159265358979e+02	3.00000000000000e-02	0.00000000000000e+00	0.00000000000000e+00	2.41625940785934e+02	2.86272091600726e-01
4	18	8	13	2.62860000000000e+02	3.14159265358979e+02	3.00000000000000e-02	0.00000000000000e+00	0.00000000000000e+00	2.48984974594701e+02	1.80763398010111e+00
2	19	9	14	2.95020000000000e+02	3.14159265358979e+02	3.00000000000000e-02	0.00000000000000e+00	0.00000000000000e+00	2.89162001903876e+02	6.68535312454595e-01
5	20	10	15	3.60120000000000e+02	3.14159265358979e+02	3.00000000000000e-02	0.00000000000000e+00	0.00000000000000e+00	3.74497603437248e+02	-1.30493647766758e+00
6	21	11	16	3.53630000000000e+02	3.14159265358979e+02	3.00000000000000e-02	0.00000000000000e+00	0.00000000000000e+00	3.71404056295933e+02	-1.63464672340779e+00
7	22	12	17	3.31910000000000e+02	3.14159265358979e+02	3.00000000000000e-02	0.00000000000000e+00	0.00000000000000e+00	3.27809898708842e+02	4.14332819063941e-01
8	23	13	18	3.21490000000000e+02	3.14159265358979e+02	3.00000000000000e-02	0.00000000000000e+00	0.00000000000000e+00	3.18284168539481e+02	3.34061449619819e-01
9	24	14	19	3.00090000000000e+02	3.14159265358979e+02	3.00000000000000e-02	0.00000000000000e+00	0.00000000000000e+00	2.85995221838200e+02	1.60357752814493e+00
10	25	15	20	2.24810000000000e+02	3.14159265358979e+02	3.00000000000000e-02	0.00000000000000e+00	0.00000000000000e+00	2.32656094135993e+02	-1.14352571232118e+00
11	26	16	21	2.48610000000000e+02	3.14159265358979e+02	3.00000000000000e-02	0.00000000000000e+00	0.00000000000000e+00	2.48481010072909e+02	1.72993043355755e-02
12	27	17	22	2.75860000000000e+02	3.14159265358979e+02	3.00000000000000e-02	0.00000000000000e+00	0.00000000000000e+00	2.57683832294109e+02	2.27200378118750e+00
13	28	18	23	2.98620000000000e+02	3.14159265358979e+02	3.00000000000000e-02	0.00000000000000e+00	0.00000000000000e+00	2.64176132160484e+02	4.08519380449297e+00
14	29	19	24	3.64760000000000e+02	3.14159265358979e+02	3.00000000000000e-02	0.00000000000000e+00	0.00000000000000e+00	3.32934471838107e+02	3.04313045719802e+00
15	30	20	25	4.17500000000000e+02	3.14159265358979e+02	3.00000000000000e-02	0.00000000000000e+00	0.00000000000000e+00	3.86437088385104e+02	2.57718207084195e+00
16	31	21	26	3.80930000000000e+02	3.14159265358979e+02	3.00000000000000e-02	0.00000000000000e+00	0.00000000000000e+00	3.84647907043616e+02	-3.23758582684934e-01
17	32	22	27	3.94020000000000e+02	3.14159265358979e+02	3.00000000000000e-02	0.00000000000000e+00	0.00000000000000e+00	3.72323304046358e+02	1.88796985683372e+00
18	33	23	28	3.98600000000000e+02	3.14159265358979e+02	3.00000000000000e-02	0.00000000000000e+00	0.00000000000000e+00	3.41990012628743e+02	5.10589579941447e+00
19	34	24	29	3.68210000000000e+02	3.14159265358979e+02	3.00000000000000e-02	0.00000000000000e+00	0.00000000000000e+00	3.32442601416450e+02	3.40620699025524e+00
20	35	25	30	3.81870000000000e+02	3.14159265358979e+02	3.00000000000000e-02	0.00000000000000e+00	0.00000000000000e+00	3.72636148331226e+02	8.15925554450233e-01
21	36	26	31	4.40930000000000e+02	3.14159265358979e+02	3.00000000000000e-02	0.00000000000000e+00	0.00000000000000e+00	4.31453303283468e+02	7.24228250903636e-01
22	37	27	32	4.58990000000000e+02	3.14159265358979e+02	3.00000000000000e-02	0.00000000000000e+00	0.00000000000000e+00	4.53440810956436e+02	4.05455945881557e-01
23	38	28	33	5.18380000000000e+02	3.14159265358979e+02	3.00000000000000e-02	0.00000000000000e+00	0.00000000000000e+00	4.89191719435576e+02	1.93180290412431e+00
24	39	29	34	6.68350000000000e+02	3.14159265358979e+02	3.00000000000000e-02	0.00000000000000e+00	0.00000000000000e+00	6.15671576998913e+02	2.73661070945851e+00
25	40	30	35	7.14540000000000e+02	3.14159265358979e+02	3.00000000000000e-02	0.00000000000000e+00	0.00000000000000e+00	6.91388916417754e+02	1.09788274285580e+00
26	41	31	36	6.73810000000000e+02	3.14159265358979e+02	3.00000000000000e-02	0.00000000000000e+00	0.00000000000000e+00	7.08434450955312e+02	-1.67031215767812e+00
27	42	32	37	6.34660000000000e+02	3.14159265358979e+02	3.00000000000000e-02	0.00000000000000e+00	0.00000000000000e+00	6.22615784564600e+02	6.38660402755035e-01
28	43	33	38	5.54300000000000e+02	3.14159265358979e+02	3.00000000000000e-02	0.00000000000000e+00	0.00000000000000e+00	5.11285365475532e+02	2.69260589789753e+00
29	44	34	39	4.53550000000000e+02	3.14159265358979e+02	3.00000000000000e-02	0.00000000000000e+00	0.00000000000000e+00	4.23718822226501e+02	2.26784789799315e+00
30	45	35	40	3.66650000000000e+02	3.14159265358979e+02	3.00000000000000e-02	0.00000000000000e+00	0.00000000000000e+00	3.56446955455175e+02	9.40742610275702e-01
31	46	36	41	2.96640000000000e+02	3.14159265358979e+02	3.00000000000000e-02	0.00000000000000e+00	0.00000000000000e+00	2.99519466532941e+02	-3.22004327896804e-01
32	47	37	42	2.60420000000000e+02	3.14159265358979e+02	3.00000000000000e-02	0.00000000000000e+00	0.00000000000000e+00	2.72576417235131e+02	-1.52077642367248e+00
33	48	38	43	2.42860000000000e+02	3.14159265358979e+02	3.00000000000000e-02	0.00000000000000e+00	0.00000000000000e+00	2.54581701510292e+02	-1.57122221306466e+00
34	49	39	44	2.83000000000000e+02	3.14159265358979e+02	3.00000000000000e-02	0.00000000000000e+00	0.00000000000000e+00	2.91950316639024e+02	-1.03789138838838e+00
35	50	40	45	3.49250000000000e+02	3.14159265358979e+02	3.00000000000000e-02	0.00000000000000e+00	0.00000000000000e+00	3.76107218599795e+02	-2.46954201513795e+00
36	51	41	46	4.29710000000000e+02	3.14159265358979e+02	3.00000000000000e-02	0.00000000000000e+00	0.00000000000000e+00	4.35260046169354e+02	-4.27769906617836e-01
37	52	42	47	4.28840000000000e+02	3.14159265358979e+02	3.00000000000000e-02	0.00000000000000e+00	0.00000000000000e+00	4.52388349217882e+02	-1.78190338820610e+00
38	53	43	48	5.56330000000000e+02	3.14159265358979e+02	3.00000000000000e-02	0.00000000000000e+00	0.00000000000000e+00	5.79702932404806e+02	-1.37180478185585e+00
39	54	44	49	7.28510000000000e+02	3.14159265358979e+02	3.00000000000000e-02	0.00000000000000e+00	0.00000000000000e+00	6.49336052327292e+02	3.83503231630161e+00
40	55	45	50	7.42120000000000e+02	3.14159265358979e+02	3.00000000000000e-02	0.00000000000000e+00	0.00000000000000e+00	7.01736110586045e+02	1.86511775503832e+00
41	56	46	51	7.58780000000000e+02	3.14159265358979e+02	3.00000000000000e-02	0.00000000000000e+00	0.00000000000000e+00	7.61240653061538e+02	-1.07922007772417e-01
42	57	47	52	7.67000000000000e+02	3.14159265358979e+02	3.00000000000000e-02	0.00000000000000e+00	0.00000000000000e+00	8.11096249193866e+02	-1.86333084511562e+00
43	58	48	53	7.53210000000000e+02	3.14159265358979e+02	3.00000000000000e-02	0.00000000000000e+00	0.00000000000000e+00	6.89441791222404e+02	2.94872671445872e+00
44	59	49	54	5.92190000000000e+02	3.14159265358979e+02	3.00000000000000e-02	0.00000000000000e+00	0.00000000000000e+00	5.80230631998687e+02	6.80062115289607e-01
45	60	50	55	4.80320000000000e+02	3.14159265358979e+02	3.00000000000000e-02	0.00000000000000e+00	0.00000000000000e+00	5.04292579765999e+02	-1.62346888670373e+00
46	61	51	56	4.79460000000000e+02	3.14159265358979e+02	3.00000000000000e-02	0.00000000000000e+00	0.00000000000000e+00	4.68246122915220e+02	7.88880309021541e-01
47	62	52	57	4.49680000000000e+02	3.14159265358979e+02	3.00000000000000e-02	0.00000000000000e+00	0.00000000000000e+00	4.59104282922202e+02	-6.91372049019338e-01
48	63	53	58	5.55150000000000e+02	3.14159265358979e+02	3.00000000000000e-02	0.00000000000000e+00	0.00000000000000e+00	5.60561334093977e+02	-3.23343882997159e-01
49	64	54	59	6.42710000000000e+02	3.14159265358979e+02	3.00000000000000e-02	0.00000000000000e+00	0.00000000000000e+00	6.54437094180870e+02	-6.02728544287216e-01
50	65	55	60	9.30910000000000e+02	3.14159265358979e+02	3.00000000000000e-02	0.00000000000000e+00	0.00000000000000e+00	8.55440967487189e+02	2.81818383091507e+00
51	66	56	61	8.64550000000000e+02	3.14159265358979e+02	3.00000000000000e-02	0.00000000000000e+00	0.00000000000000e+00	8.59394299592177e+02	1.99376734692406e-01
52	67	57	62	8.06000000000000e+02	3.14159265358979e+02	3.00000000000000e-02	0.00000000000000e+00	0.00000000000000e+00	8.68697976511262e+02	-2.49705898089339e+00
53	68	58	63	9.37340000000000e+02	3.14159265358979e+02	3.00000000000000e-02	0.00000000000000e+00	0.00000000000000e+00	9.11024548859245e+02	9.49207751988486e-01
54	69	59	64	1.04193000000000e+03	3.14159265358979e+02	3.00000000000000e-02	0.00000000000000e+00	0.00000000000000e+00	9.47795858891011e+02	3.15636337367028e+00
55	70	60	65	8.61040000000000e+02	3.14159265358979e+02	3.00000000000000e-02	0.00000000000000e+00	0.00000000000000e+00	9.08643134348941e+02	-1.79371548873049e+00
56	71	61	66	8.73970000000000e+02	3.14159265358979e+02	3.00000000000000e-02	0.00000000000000e+00	0.00000000000000e+00	8.56744943507848e+02	6.63526377741016e-01
57	72	62	67	8.90210000000000e+02	3.14159265358979e+02	3.00000000000000e-02	0.00000000000000e+00	0.00000000000000e+00	8.39866659799254e+02	1.94047496821579e+00
58	73	63	68	8.58660000000000e+02	3.14159265358979e+02	3.00000000000000e-02	0.00000000000000e+00	0.00000000000000e+00	8.29972215002422e+02	1.13269367404074e+00
59	74	64	69	7.65230000000000e+02	3.14159265358979e+02	3.00000000000000e-02	0.00000000000000e+00	0.00000000000000e+00	7.92310845625506e+02	-1.15924514766285e+00
60	75	65	70	8.27660000000000e+02	3.14159265358979e+02	3.00000000000000e-02	0.00000000000000e+00	0.00000000000000e+00	8.29014357677247e+02	-5.45010741022978e-02
61	76	66	71	8.37380000000000e+02	3.14159265358979e+02	3.00000000000000e-02	0.00000000000000e+00	0.00000000000000e+00	8.69812739219445e+02	-1.26666587843755e+00
62	77	67	72	8.02000000000000e+02	3.14159265358979e+02	3.00000000000000e-02	0.00000000000000e+00	0.00000000000000e+00	8.09010259034385e+02	-2.90099674727943e-01
63	78	68	73	7.99860000000000e+02	3.14159265358979e+02	3.00000000000000e-02	0.00000000000000e+00	0.00000000000000e+00	7.78425309789891e+02	9.05455562137873e-01
64	79	69	74	8.75990000000000e+02	3.14159265358979e+02	3.00000000000000e-02	0.00000000000000e+00	0.00000000000000e+00	8.71722275648888e+02	1.62793113152719e-01
65	80	70	75	9.80880000000000e+02	3.14159265358979e+02	3.00000000000000e-02	0.00000000000000e+00	0.00000000000000e+00	9.58999754290303e+02	7.51976975173877e-01
66	81	71	76	8.76770000000000e+02	3.14159265358979e+02	3.00000000000000e-02	0.00000000000000e+00	0.00000000000000e+00	8.60276180159726e+02	6.33040762202815e-01
67	82	72	77	8.54100000000000e+02	3.14159265358979e+02	3.00000000000000e-02	0.00000000000000e+00	0.00000000000000e+00	8.42415104926748e+02	4.59179715612231e-01
68	83	73	78	8.79350000000000e+02	3.14159265358979e+02	3.00000000000000e-02	0.00000000000000e+00	0.00000000000000e+00	8.44265638181414e+02	1.35719386413342e+00
69	84	74	79	7.59310000000000e+02	3.14159265358979e+02	3.00000000000000e-02	0.00000000000000e+00	0.00000000000000e+00	7.34059929501385e+02	1.12731510179745e+00
70	85	75	80	6.84810000000000e+02	3.14159265358979e+02	3.00000000000000e-02	0.00000000000000e+00	0.00000000000000e+00	6.96800046973051e+02	-5.78568847539026e-01
71	86	76	81	7.19240000000000e+02	3.14159265358979e+02	3.00000000000000e-02	0.00000000000000e+00	0.00000000000000e+00	7.50784222582292e+02	-1.43077304620860e+00
72	87	77	82	7.18280000000000e+02	3.14159265358979e+02	3.00000000000000e-02	0.00000000000000e+00	0.00000000000000e+00	7.09502726389806e+02	4.09837529640633e-01
73	88	78	83	6.36590000000000e+02	3.14159265358979e+02	3.00000000000000e-02	0.00000000000000e+00	0.00000000000000e+00	6.43945395977692e+02	-3.82937579386441e-01
74	89	79	84	7.11980000000000e+02	3.14159265358979e+02	3.00000000000000e-02	0.00000000000000e+00	0.00000000000000e+00	7.33685972453624e+02	-1.00104284981658e+00
75	90	80	85	8.31420000000000e+02	3.14159265358979e+02	3.00000000000000e-02	0.00000000000000e+00	0.00000000000000e+00	8.18288658446624e+02	5.30664159932570e-01
76	91	81	86	7.80710000000000e+02	3.14159265358979e+02	3.00000000000000e-02	0.00000000000000e+00	0.00000000000000e+00	7.61171763250798e+02	8.44824079134939e-01
77	92	82	87	6.62550000000000e+02	3.14159265358979e+02	3.00000000000000e-02	0.00000000000000e+00	0.00000000000000e+00	6.53062537588789e+02	4.80771078619894e-01
78	93	83	88	5.12240000000000e+02	3.14159265358979e+02	3.00000000000000e-02	0.00000000000000e+00	0.00000000000000e+00	5.17871337044875e+02	-3.64452070441601e-01
79	94	84	89	3.64530000000000e+02	3.14159265358979e+02	3.00000000000000e-02	0.00000000000000e+00	0.00000000000000e+00	3.79622619254093e+02	-1.35229331493395e+00
80	95	85	90	3.22100000000000e+02	3.14159265358979e+02	3.00000000000000e-02	0.00000000000000e+00	0.00000000000000e+00	3.29276550105296e+02	-7.34530638939113e-01
81	96	86	91	2.83110000000000e+02	3.14159265358979e+02	3.00000000000000e-02	0.00000000000000e+00	0.00000000000000e+00	2.92512319664112e+02	-1.08904231977946e+00
82	97	87	92	2.35030000000000e+02	3.14159265358979e+02	3.00000000000000e-02	0.00000000000000e+00	0.00000000000000e+00	2.82604422805725e+02	-6.14449849888755e+00
83	98	88	93	3.38830000000000e+02	3.14159265358979e+02	3.00000000000000e-02	0.00000000000000e+00	0.00000000000000e+00	3.35106033963583e+02	3.68383521197095e-01
84	99	89	94	3.36080000000000e+02	3.14159265358979e+02	3.00000000000000e-02	0.00000000000000e+00	0.00000000000000e+00	3.46582653206289e+02	-1.02573669050662e+00
85	100	90	95	3.90590000000000e+02	3.14159265358979e+02	3.00000000000000e-02	0.00000000000000e+00	0.00000000000000e+00	3.83286857238416e+02	6.29157770810155e-01
86	101	91	96	5.19610000000000e+02	3.14159265358979e+02	3.00000000000000e-02	0.00000000000000e+00	0.00000000000000e+00	5.24439978757827e+02	-3.08415198064793e-01
87	102	92	97	6.61930000000000e+02	3.14159265358979e+02	3.00000000000000e-02	0.00000000000000e+00	0.00000000000000e+00	6.85005226149738e+02	-1.14222191613154e+00
88	103	93	98	7.46900000000000e+02	3.14159265358979e+02	3.00000000000000e-02	0.00000000000000e+00	0.00000000000000e+00	7.09037634288158e+02	1.73409004794263e+00
89	104	94	99	7.25140000000000e+02	3.14159265358979e+02	3.00000000000000e-02	0.00000000000000e+00	0.00000000000000e+00	6.73490226942479e+02	2.46304182552709e+00
90	105	95	100	6.38770000000000e+02	3.14159265358979e+02	3.00000000000000e-02	0.00000000000000e+00	0.00000000000000e+00	5.99173267157924e+02	2.13312117323288e+00
91	106	96	101	5.63020000000000e+02	3.14159265358979e+02	3.00000000000000e-02	0.00000000000000e+00	0.00000000000000e+00	5.15288773687686e+02	2.95292274547938e+00
92	107	97	102	5.04260000000000e+02	3.14159265358979e+02	3.00000000000000e-02	0.00000000000000e+00	0.00000000000000e+00	4.59917257708321e+02	3.06818031046188e+00
93	108	98	103	5.01010000000000e+02	3.14159265358979e+02	3.00000000000000e-02	0.00000000000000e+00	0.00000000000000e+00	4.46947379326971e+02	3.80617309692998e+00
94	109	99	104	3.40840000000000e+02	3.14159265358979e+02	3.00000000000000e-02	0.00000000000000e+00	0.00000000000000e+00	3.91688169712640e+02	-4.63509596124476e+00
95	110	100	105	3.57190000000000e+02	3.14159265358979e+02	3.00000000000000e-02	0.00000000000000e+00	0.00000000000000e+00	3.63952589197277e+02	-6.25191886858930e-01
96	111	101	106	3.84590000000000e+02	3.14159265358979e+02	3.00000000000000e-02	0.00000000000000e+00	0.00000000000000e+00	3.82464280913211e+02	1.84752203464485e-01
97	112	102	107	4.65320000000000e+02	3.14159265358979e+02	3.00000000000000e-02	0.00000000000000e+00	0.00000000000000e+00	4.71620448150494e+02	-4.48306195747013e-01
98	113	103	108	5.28110000000000e+02	3.14159265358979e+02	3.00000000000000e-02	0.00000000000000e+00	0.00000000000000e+00	4.99578237549104e+02	1.85134592627142e+00
99	114	104	109	5.09630000000000e+02	3.14159265358979e+02	3.00000000000000e-02	0.00000000000000e+00	0.00000000000000e+00	4.85112731744134e+02	1.64345572375995e+00
100	115	105	110	4.41580000000000e+02	3.14159265358979e+02	3.00000000000000e-02	0.00000000000000e+00	0.00000000000000e+00	4.45782013925353e+02	-3.15695681394394e-01
101	116	106	111	4.81410000000000e+02	3.14159265358979e+02	3.00000000000000e-02	0.00000000000000e+00	0.00000000000000e+00	4.71610329589963e+02	6.85540872314376e-01
102	117	107	112	5.09160000000000e+02	3.14159265358979e+02	3.00000000000000e-02	0.00000000000000e+00	0.00000000000000e+00	5.18860455129326e+02	-6.29088847591823e-01
103	118	108	113	5.72130000000000e+02	3.14159265358979e+02	3.00000000000000e-02	0.00000000000000e+00	0.00000000000000e+00	5.70317730445592e+02	1.05753697446994e-01
104	119	109	114	4.41990000000000e+02	3.14159265358979e+02	3.00000000000000e-02	0.00000000000000e+00	0.00000000000000e+00	4.92505743485665e+02	-3.60729550188668e+00
105	120	110	115	4.02950000000000e+02	3.14159265358979e+02	3.00000000000000e-02	0.00000000000000e+00	0.00000000000000e+00	4.20220405733213e+02	-1.39889548052077e+00
106	121	111	116	2.70140000000000e+02	3.14159265358979e+02	3.00000000000000e-02	0.00000000000000e+00	0.00000000000000e+00	2.87637019138349e+02	-2.09196639599837e+00
107	122	112	117	2.56980000000000e+02	3.14159265358979e+02	3.00000000000000e-02	0.00000000000000e+00	0.00000000000000e+00	2.55497224320876e+02	1.92890499511922e-01
108	123	113	118	2.09800000000000e+02	3.14159265358979e+02	3.00000000000000e-02	0.00000000000000e+00	0.00000000000000e+00	1.96370496343505e+02	2.20505112033026e+00
109	124	114	119	1.80450000000000e+02	3.14159265358979e+02	3.00000000000000e-02	0.00000000000000e+00	0.00000000000000e+00	1.83407616950375e+02	-5.41911992355922e-01
110	125	115	120	1.47490000000000e+02	3.14159265358979e+02	3.00000000000000e-02	0.00000000000000e+00	0.00000000000000e+00	1.55331048833887e+02	-1.72660871333316e+00
111	126	116	121	1.76570000000000e+02	3.14159265358979e+02	3.00000000000000e-02	0.00000000000000e+00	0.00000000000000e+00	1.57255225322218e+02	3.86157579640557e+00
112	127	117	122	1.87030000000000e+02	3.14159265358979e+02	3.00000000000000e-02	0.00000000000000e+00	0.00000000000000e+00	1.78196076640034e+02	1.61281778703103e+00
113	128	118	123	2.38890000000000e+02	3.14159265358979e+02	3.00000000000000e-02	0.00000000000000e+00	0.00000000000000e+00	2.36506540923269e+02	3.34244340236249e-01
114	129	119	124	2.93780000000000e+02	3.14159265358979e+02	3.00000000000000e-02	0.00000000000000e+00	0.00000000000000e+00	2.59892115672777e+02	4.08548609063789e+00
115	130	120	125	3.19110000000000e+02	3.14159265358979e+02	3.00000000000000e-02	0.00000000000000e+00	0.00000000000000e+00	3.09324336724621e+02	1.03818370336359e+00
116	131	121	126	2.98510000000000e+02	3.14159265358979e+02	3.00000000000000e-02	0.00000000000000e+00	0.00000000000000e+00	2.75804854458742e+02	2.63699555104970e+00
117	132	122	127	3.11840000000000e+02	3.14159265358979e+02	3.00000000000000e-02	0.00000000000000e+00	0.00000000000000e+00	2.60896819149487e+02	5.94550785096022e+00
118	133	123	128	2.54980000000000e+02	3.14159265358979e+02	3.00000000000000e-02	0.00000000000000e+00	0.00000000000000e+00	2.28141807877027e+02	3.70725702407627e+00
119	134	124	129	1.88380000000000e+02	3.14159265358979e+02	3.00000000000000e-02	0.00000000000000e+00	0.00000000000000e+00	1.87389931927793e+02	1.75651869068361e-01
120	135	125	130	1.58220000000000e+02	3.14159265358979e+02	3.00000000000000e-02	0.00000000000000e+00	0.00000000000000e+00	1.47778997440863e+02	2.27561907961675e+00
121	136	126	131	1.28050000000000e+02	3.14159265358979e+02	3.00000000000000e-02	0.00000000000000e+00	0.00000000000000e+00	1.40398853382700e+02	-3.06888373743141e+00
122	137	127	132	1.33620000000000e+02	3.14159265358979e+02	3.00000000000000e-02	0.00000000000000e+00	0.00000000000000e+00	1.34408150470398e+02	-1.96037304464092e-01
123	138	128	133	1.44700000000000e+02	3.14159265358979e+02	3.00000000000000e-02	0.00000000000000e+00	0.00000000000000e+00	1.57512808605929e+02	-2.82813819345608e+00
124	139	129	134	1.62950000000000e+02	3.14159265358979e+02	3.00000000000000e-02	0.00000000000000e+00	0.00000000000000e+00	1.68473936216326e+02	-1.11125504452415e+00
125	140	130	135	1.68660000000000e+02	3.14159265358979e+02	3.00000000000000e-02	0.00000000000000e+00	0.00000000000000e+00	1.60171500153646e+02	1.72132456670833e+00
126	141	131	136	1.65190000000000e+02	3.14159265358979e+02	3.00000000000000e-02	0.00000000000000e+00	0.00000000000000e+00	1.64632902848707e+02	1.12605416680663e-01
127	142	132	137	1.91100000000000e+02	3.14159265358979e+02	3.00000000000000e-02	0.00000000000000e+00	0.00000000000000e+00	1.84987080462348e+02	1.08369546483885e+00
128	143	133	138	1.96200000000000e+02	3.14159265358979e+02	3.00000000000000e-02	0.00000000000000e+00	0.00000000000000e+00	2.10431787972884e+02	-2.33423352805466e+00
129	144	134	139	3.62650000000000e+02	3.14159265358979e+02	3.00000000000000e-02	0.00000000000000e+00	0.00000000000000e+00	3.27647589469556e+02	3.38331911265503e+00
130	145	135	140	5.29090000000000e+02	3.14159265358979e+02	3.00000000000000e-02	0.00000000000000e+00	0.00000000000000e+00	5.16116075130506e+02	8.27561924185775e-01
131	146	136	141	6.64160000000000e+02	3.14159265358979e+02	3.00000000000000e-02	0.00000000000000e+00	0.00000000000000e+00	6.35657926946717e+02	1.46208387902981e+00
132	147	137	142	6.52820000000000e+02	3.14159265358979e+02	3.00000000000000e-02	0.00000000000000e+00	0.00000000000000e+00	6.38042111542207e+02	7.63238457230683e-01
133	148	138	143	5.85910000000000e+02	3.14159265358979e+02	3.00000000000000e-02	0.00000000000000e+00	0.00000000000000e+00	5.88195372635094e+02	-1.29765497749871e-01
134	149	139	144	4.53180000000000e+02	3.14159265358979e+02	3.00000000000000e-02	0.00000000000000e+00	0.00000000000000e+00	4.59223557140796e+02	-4.41591550994798e-01
135	150	140	145	3.07520000000000e+02	3.14159265358979e+02	3.00000000000000e-02	0.00000000000000e+00	0.00000000000000e+00	3.01873954301584e+02	6.17685513080228e-01
136	151	141	146	2.20620000000000e+02	3.14159265358979e+02	3.00000000000000e-02	0.00000000000000e+00	0.00000000000000e+00	2.13601566116627e+02	1.07764418251313e+00
137	152	142	147	1.55740000000000e+02	3.14159265358979e+02	3.00000000000000e-02	0.00000000000000e+00	0.00000000000000e+00	1.65513714939782e+02	-2.02887036538500e+00
138	153	143	148	1.30350000000000e+02	3.14159265358979e+02	3.00000000000000e-02	0.00000000000000e+00	0.00000000000000e+00	1.49004195711257e+02	-4.45837747684807e+00
139	154	144	149	1.65980000000000e+02	3.14159265358979e+02	3.00000000000000e-02	0.00000000000000e+00	0.00000000000000e+00	1.70725882898470e+02	-9.39731570970300e-01
140	155	145	150	2.34970000000000e+02	3.14159265358979e+02	3.00000000000000e-02	0.00000000000000e+00	0.00000000000000e+00	2.35745659802504e+02	-1.09855491797598e-01
141	156	146	151	3.03960000000000e+02	3.14159265358979e+02	3.00000000000000e-02	0.00000000000000e+00	0.00000000000000e+00	3.13723654307235e+02	-1.05388009277322e+00
142	157	147	152	3.92390000000000e+02	3.14159265358979e+02	3.00000000000000e-02	0.00000000000000e+00	0.00000000000000e+00	3.79992725593385e+02	1.07013779349296e+00
143	158	148	153	4.49510000000000e+02	3.14159265358979e+02	3.00000000000000e-02	0.00000000000000e+00	0.00000000000000e+00	4.40477930694669e+02	6.76591902124753e-01
144	159	149	154	5.32410000000000e+02	3.14159265358979e+02	3.00000000000000e-02	0.00000000000000e+00	0.00000000000000e+00	4.72312285557803e+02	3.99244934866122e+00
145	160	150	155	5.13090000000000e+02	3.14159265358979e+02	3.00000000000000e-02	0.00000000000000e+00	0.00000000000000e+00	4.67497271966470e+02	3.10192516779445e+00
146	161	151	156	4.50680000000000e+02	3.14159265358979e+02	3.00000000000000e-02	0.00000000000000e+00	0.00000000000000e+00	4.21772761640861e+02	2.20969546053815e+00
147	162	152	157	3.75270000000000e+02	3.14159265358979e+02	3.00000000000000e-02	0.00000000000000e+00	0.00000000000000e+00	3.60429148499205e+02	1.34501220807823e+00
148	163	153	158	2.81410000000000e+02	3.14159265358979e+02	3.00000000000000e-02	0.00000000000000e+00	0.00000000000000e+00	2.87133450182146e+02	-6.71147008329953e-01
149	164	154	159	2.57860000000000e+02	3.14159265358979e+02	3.00000000000000e-02	0.00000000000000e+00	0.00000000000000e+00	2.32846231127442e+02	3.40128395080228e+00
150	165	155	160	1.86850000000000e+02	3.14159265358979e+02	3.00000000000000e-02	0.00000000000000e+00	0.00000000000000e+00	1.96907655910445e+02	-1.74762370614780e+00
151	166	156	161	2.21230000000000e+02	3.14159265358979e+02	3.00000000000000e-02	0.00000000000000e+00	0.00000000000000e+00	2.14655309334152e+02	1.00564517045839e+00
152	167	157	162	2.14070000000000e+02	3.14159265358979e+02	3.00000000000000e-02	0.00000000000000e+00	0.00000000000000e+00	2.10455324320331e+02	5.67655658329110e-01
153	168	158	163	2.24570000000000e+02	3.14159265358979e+02	3.00000000000000e-02	0.00000000000000e+00	0.00000000000000e+00	2.07569162615738e+02	2.62409548818727e+00
154	169	159	164	2.18420000000000e+02	3.14159265358979e+02	3.00000000000000e-02	0.00000000000000e+00	0.00000000000000e+00	1.98226758865572e+02	3.23360641913567e+00
155	170	160	165	1.84310000000000e+02	3.14159265358979e+02	3.00000000000000e-02	0.00000000000000e+00	0.00000000000000e+00	1.70514098500480e+02	2.59337133687154e+00
156	171	161	166	1.83420000000000e+02	3.14159265358979e+02	3.00000000000000e-02	0.00000000000000e+00	0.00000000000000e+00	1.46583004154374e+02	7.47289186205705e+00
157	172	162	167	2.02390000000000e+02	3.14159265358979e+02	3.00000000000000e-02	0.00000000000000e+00	0.00000000000000e+00	1.92927385823410e+02	1.59608834086402e+00
158	173	163	168	2.55310000000000e+02	3.14159265358979e+02	3.00000000000000e-02	0.00000000000000e+00	0.00000000000000e+00	2.35378708663926e+02	2.70942499420368e+00
159	174	164	169	2.47980000000000e+02	3.14159265358979e+02	3.00000000000000e-02	0.00000000000000e+00	0.00000000000000e+00	3.44147441290893e+02	-1.09240692066372e+01
160	175	165	170	2.43300000000000e+02	3.14159265358979e+02	3.00000000000000e-02	0.00000000000000e+00	0.00000000000000e+00	3.21677602024808e+02	-9.30848527451982e+00
161	176	166	171	2.23330000000000e+02	3.14159265358979e+02	3.00000000000000e-02	0.00000000000000e+00	0.00000000000000e+00	2.96450632690748e+02	-9.44100687142872e+00
1	19	7	13	2.71360000000000e+02	3.76991118430775e+02	3.00000000000000e-02	0.00000000000000e+00	0.00000000000000e+00	2.64506849543879e+02	8.52640181478156e-01
3	20	8	14	2.99140000000000e+02	3.76991118430775e+02	3.00000000000000e-02	0.00000000000000e+00	0.00000000000000e+00	2.84219470271305e+02	1.70549896224322e+00
4	21	9	15	3.44090000000000e+02	3.76991118430775e+02	3.00000000000000e-02	0.00000000000000e+00	0.00000000000000e+00	3.17932306751828e+02	2.63549209305373e+00
2	22	10	16	3.59100000000000e+02	3.76991118430775e+02	3.00000000000000e-02	0.00000000000000e+00	0.00000000000000e+00	3.54119842812793e+02	4.65516879015867e-01
5	23	11	17	3.78900000000000e+02	3.76991118430775e+02	3.00000000000000e-02	0.00000000000000e+00	0.00000000000000e+00	4.02919096421548e+02	-2.04878234906936e+00
6	24	12	18	3.68790000000000e+02	3.76991118430775e+02	3.00000000000000e-02	0.00000000000000e+00	0.00000000000000e+00	3.74797924896227e+02	-5.38654581289559e-01
7	25	13	19	3.52570000000000e+02	3.76991118430775e+02	3.00000000000000e-02	0.00000000000000e+00	0.00000000000000e+00	3.52047169957888e+02	4.94670638521673e-02
8	26	14	20	3.12260000000000e+02	3.76991118430775e+02	3.00000000000000e-02	0.00000000000000e+00	0.00000000000000e+00	3.05345211670932e+02	7.46439867055078e-01
9	27	15	21	2.59490000000000e+02	3.76991118430775e+02	3.00000000000000e-02	0.00000000000000e+00	0.00000000000000e+00	2.53786664212612e+02	7.40805226390921e-01
10	28	16	22	2.82070000000000e+02	3.76991118430775e+02	3.00000000000000e-02	0.00000000000000e+00	0.00000000000000e+00	2.62520452383553e+02	2.39420914155328e+00
11	29	17	23	3.15060000000000e+02	3.76991118430775e+02	3.00000000000000e-02	0.00000000000000e+00	0.00000000000000e+00	2.84989502288331e+02	3.34369171211980e+00
12	30	18	24	3.42980000000000e+02	3.76991118430775e+02	3.00000000000000e-02	0.00000000000000e+00	0.00000000000000e+00	3.14798676661075e+02	2.85796078795280e+00
13	31	19	25	3.48520000000000e+02	3.76991118430775e+02	3.00000000000000e-02	0.00000000000000e+00	0.00000000000000e+00	3.43814622408196e+02	4.53099786348865e-01
14	32	20	26	3.50940000000000e+02	3.76991118430775e+02	3.00000000000000e-02	0.00000000000000e+00	0.00000000000000e+00	3.24290298119018e+02	2.63253907313254e+00
15	33	21	27	3.96500000000000e+02	3.76991118430775e+02	3.00000000000000e-02	0.00000000000000e+00	0.00000000000000e+00	3.54555206234132e+02	3.72706591236156e+00
16	34	22	28	3.92810000000000e+02	3.76991118430775e+02	3.00000000000000e-02	0.00000000000000e+00	0.00000000000000e+00	3.44553263909066e+02	4.36924478947841e+00
17	35	23	29	3.80460000000000e+02	3.76991118430775e+02	3.00000000000000e-02	0.00000000000000e+00	0.00000000000000e+00	3.51101308741857e+02	2.67687454084185e+00
18	36	24	30	4.15950000000000e+02	3.76991118430775e+02	3.00000000000000e-02	0.00000000000000e+00	0.00000000000000e+00	3.94646910386737e+02	1.75245311162395e+00
19	37	25	31	4.36170000000000e+02	3.76991118430775e+02	3.00000000000000e-02	0.00000000000000e+00	0.00000000000000e+00	4.34426442436439e+02	1.33514589128403e-01
20	38	26	32	4.91210000000000e+02	3.76991118430775e+02	3.00000000000000e-02	0.00000000000000e+00	0.00000000000000e+00	4.99107893189233e+02	-5.31685208793498e-01
21	39	27	33	5.46570000000000e+02	3.76991118430775e+02	3.00000000000000e-02	0.00000000000000e+00	0.00000000000000e+00	5.00942117417246e+02	2.90572756442433e+00
22	40	28	34	6.36850000000000e+02	3.76991118430775e+02	3.00000000000000e-02	0.00000000000000e+00	0.00000000000000e+00	5.80531381451211e+02	3.08634300038329e+00
23	41	29	35	7.38340000000000e+02	3.76991118430775e+02	3.00000000000000e-02	0.00000000000000e+00	0.00000000000000e+00	6.88008025035949e+02	2.35346403179933e+00
24	42	30	36	7.45340000000000e+02	3.76991118430775e+02	3.00000000000000e-02	0.00000000000000e+00	0.00000000000000e+00	7.29036733528159e+02	7.37212348133731e-01
25	43	31	37	7.14450000000000e+02	3.76991118430775e+02	3.00000000000000e-02	0.00000000000000e+00	0.00000000000000e+00	7.12027625883581e+02	1.13210161914405e-01
26	44	32	38	6.03290000000000e+02	3.76991118430775e+02	3.00000000000000e-02	0.00000000000000e+00	0.00000000000000e+00	5.64227317127583e+02	2.23135983193531e+00
27	45	33	39	5.20530000000000e+02	3.76991118430775e+02	3.00000000000000e-02	0.00000000000000e+00	0.00000000000000e+00	4.55653372669202e+02	4.43717168270948e+00
28	46	34	40	4.08860000000000e+02	3.76991118430775e+02	3.00000000000000e-02	0.00000000000000e+00	0.00000000000000e+00	3.89281968376294e+02	1.63562878935795e+00
29	47	35	41	3.25930000000000e+02	3.76991118430775e+02	3.00000000000000e-02	0.00000000000000e+00	0.00000000000000e+00	3.43656452391350e+02	-1.76532796875488e+00
30	48	36	42	2.70180000000000e+02	3.76991118430775e+02	3.00000000000000e-02	0.00000000000000e+00	0.00000000000000e+00	2.91694360723675e+02	-2.55393802310013e+00
31	49	37	43	2.21000000000000e+02	3.76991118430775e+02	3.00000000000000e-02	0.00000000000000e+00	0.00000000000000e+00	2.40352711617138e+02	-2.79815915701578e+00
32	50	38	44	2.14230000000000e+02	3.76991118430775e+02	3.00000000000000e-02	0.00000000000000e+00	0.00000000000000e+00	2.50225995784060e+02	-5.17714294742249e+00
33	51	39	45	2.92730000000000e+02	3.76991118430775e+02	3.00000000000000e-02	0.00000000000000e+00	0.00000000000000e+00	2.74552660508663e+02	2.13691994516368e+00
34	52	40	46	3.38210000000000e+02	3.76991118430775e+02	3.00000000000000e-02	0.00000000000000e+00	0.00000000000000e+00	3.25041725659529e+02	1.32378145321808e+00
35	53	41	47	4.06500000000000e+02	3.76991118430775e+02	3.00000000000000e-02	0.00000000000000e+00	0.00000000000000e+00	4.18304938121376e+02	-9.54225153515509e-01
36	54	42	48	5.96920000000000e+02	3.76991118430775e+02	3.00000000000000e-02	0.00000000000000e+00	0.00000000000000e+00	6.15451197597578e+02	-1.01908507934860e+00
37	55	43	49	7.82280000000000e+02	3.76991118430775e+02	3.00000000000000e-02	0.00000000000000e+00	0.00000000000000e+00	7.35724732901770e+02	2.04522293873805e+00
38	56	44	50	8.17600000000000e+02	3.76991118430775e+02	3.00000000000000e-02	0.00000000000000e+00	0.00000000000000e+00	7.82199429177262e+02	1.47544956313338e+00
39	57	45	51	8.38690000000000e+02	3.76991118430775e+02	3.00000000000000e-02	0.00000000000000e+00	0.00000000000000e+00	8.28384577793456e+02	4.12121273877138e-01
40	58	46	52	8.19100000000000e+02	3.76991118430775e+02	3.00000000000000e-02	0.00000000000000e+00	0.00000000000000e+00	8.42229221258425e+02	-9.28201164846924e-01
41	59	47	53	8.71850000000000e+02	3.76991118430775e+02	3.00000000000000e-02	0.00000000000000e+00	0.00000000000000e+00	8.41352755766373e+02	1.18687902454034e+00
42	60	48	54	6.89410000000000e+02	3.76991118430775e+02	3.00000000000000e-02	0.00000000000000e+00	0.00000000000000e+00	6.71938836800663e+02	8.55627987644899e-01
43	61	49	55	5.55080000000000e+02	3.76991118430775e+02	3.00000000000000e-02	0.00000000000000e+00	0.00000000000000e+00	5.73847920284922e+02	-1.10840554910746e+00
44	62	50	56	5.75720000000000e+02	3.76991118430775e+02	3.00000000000000e-02	0.00000000000000e+00	0.00000000000000e+00	5.69905633729785e+02	3.38354637720665e-01
45	63	51	57	5.31640000000000e+02	3.76991118430775e+02	3.00000000000000e-02	0.00000000000000e+00	0.00000000000000e+00	5.17875941486232e+02	8.74361672584278e-01
46	64	52	58	5.70390000000000e+02	3.76991118430775e+02	3.00000000000000e-02	0.00000000000000e+00	0.00000000000000e+00	5.38832345004387e+02	1.89719543651602e+00
47	65	53	59	7.02620000000000e+02	3.76991118430775e+02	3.00000000000000e-02	0.00000000000000e+00	0.00000000000000e+00	5.76200769544295e+02	6.61200156417383e+00
48	66	54	60	8.34860000000000e+02	3.76991118430775e+02	3.00000000000000e-02	0.00000000000000e+00	0.00000000000000e+00	7.91526532488861e+02	1.77668818612302e+00
49	67	55	61	8.82190000000000e+02	3.76991118430775e+02	3.00000000000000e-02	0.00000000000000e+00	0.00000000000000e+00	8.52501423243138e+02	1.14108578862604e+00
50	68	56	62	8.34650000000000e+02	3.76991118430775e+02	3.00000000000000e-02	0.00000000000000e+00	0.00000000000000e+00	8.57376162845732e+02	-8.95475893439842e-01
51	69	57	63	9.90600000000000e+02	3.76991118430775e+02	3.00000000000000e-02	0.00000000000000e+00	0.00000000000000e+00	1.00559405735997e+03	-5.00764251929050e-01
52	70	58	64	1.03247000000000e+03	3.76991118430775e+02	3.00000000000000e-02	0.00000000000000e+00	0.00000000000000e+00	1.02406651461748e+03	2.72416985064557e-01
53	71	59	65	1.08577000000000e+03	3.76991118430775e+02	3.00000000000000e-02	0.00000000000000e+00	0.00000000000000e+00	1.01025769197218e+03	2.40279912776566e+00
54	72	60	66	8.69300000000000e+02	3.76991118430775e+02	3.00000000000000e-02	0.00000000000000e+00	0.00000000000000e+00	9.04216240674840e+02	-1.31267486629006e+00
55	73	61	67	8.31880000000000e+02	3.76991118430775e+02	3.00000000000000e-02	0.00000000000000e+00	0.00000000000000e+00	8.57634063461923e+02	-1.01631031332836e+00
56	74	62	68	9.02650000000000e+02	3.76991118430775e+02	3.00000000000000e-02	0.00000000000000e+00	0.00000000000000e+00	8.69100312612645e+02	1.26254427474460e+00
57	75	63	69	7.89830000000000e+02	3.76991118430775e+02	3.00000000000000e-02	0.00000000000000e+00	0.00000000000000e+00	7.83485789207922e+02	2.68826945901157e-01
58	76	64	70	7.78770000000000e+02	3.76991118430775e+02	3.00000000000000e-02	0.00000000000000e+00	0.00000000000000e+00	7.92953519351452e+02	-6.01628476058114e-01
59	77	65	71	7.43240000000000e+02	3.76991118430775e+02	3.00000000000000e-02	0.00000000000000e+00	0.00000000000000e+00	7.84029057071050e+02	-1.78090249632259e+00
60	78	66	72	7.68040000000000e+02	3.76991118430775e+02	3.00000000000000e-02	0.00000000000000e+00	0.00000000000000e+00	7.65393353484797e+02	1.15064196182679e-01
61	79	67	73	7.73220000000000e+02	3.76991118430775e+02	3.00000000000000e-02	0.00000000000000e+00	0.00000000000000e+00	7.81577917577659e+02	-3.58374465259192e-01
62	80	68	74	8.54430000000000e+02	3.76991118430775e+02	3.00000000000000e-02	0.00000000000000e+00	0.00000000000000e+00	8.19351761222817e+02	1.39736958075094e+00
63	81	69	75	9.12830000000000e+02	3.76991118430775e+02	3.00000000000000e-02	0.00000000000000e+00	0.00000000000000e+00	9.10316244203715e+02	9.19201224161744e-02
64	82	70	76	9.21820000000000e+02	3.76991118430775e+02	3.00000000000000e-02	0.00000000000000e+00	0.00000000000000e+00	8.98188552916371e+02	8.65665354325707e-01
65	83	71	77	8.51140000000000e+02	3.76991118430775e+02	3.00000000000000e-02	0.00000000000000e+00	0.00000000000000e+00	8.57017809803331e+02	-2.29402418939924e-01
66	84	72	78	8.68500000000000e+02	3.76991118430775e+02	3.00000000000000e-02	0.00000000000000e+00	0.00000000000000e+00	8.63184915400621e+02	2.04621569924512e-01
67	85	73	79	8.28740000000000e+02	3.76991118430775e+02	3.00000000000000e-02	0.00000000000000e+00	0.00000000000000e+00	8.01670618705475e+02	1.10695504748420e+00
68	86	74	80	7.91590000000000e+02	3.76991118430775e+02	3.00000000000000e-02	0.00000000000000e+00	0.00000000000000e+00	7.80517077634736e+02	4.69565363737642e-01
69	87	75	81	7.54390000000000e+02	3.76991118430775e+02	3.00000000000000e-02	0.00000000000000e+00	0.00000000000000e+00	7.77635351887231e+02	-1.01160797555713e+00
70	88	76	82	8.19680000000000e+02	3.76991118430775e+02	3.00000000000000e-02	0.00000000000000e+00	0.00000000000000e+00	8.36184904768719e+02	-6.64524879686201e-01
71	89	77	83	8.45430000000000e+02	3.76991118430775e+02	3.00000000000000e-02	0.00000000000000e+00	0.00000000000000e+00	8.44055834133617e+02	5.42242356284047e-02
72	90	78	84	7.69080000000000e+02	3.76991118430775e+02	3.00000000000000e-02	0.00000000000000e+00	0.00000000000000e+00	7.80323350655376e+02	-4.83779686626236e-01
73	91	79	85	8.36800000000000e+02	3.76991118430775e+02	3.00000000000000e-02	0.00000000000000e+00	0.00000000000000e+00	8.61068368265605e+02	-9.52960453857325e-01
74	92	80	86	8.89960000000000e+02	3.76991118430775e+02	3.00000000000000e-02	0.00000000000000e+00	0.00000000000000e+00	8.96224977702306e+02	-2.33831824882221e-01
75	93	81	87	7.05060000000000e+02	3.76991118430775e+02	3.00000000000000e-02	0.00000000000000e+00	0.00000000000000e+00	7.94295197139524e+02	-3.97240904629556e+00
76	94	82	88	5.20170000000000e+02	3.76991118430775e+02	3.00000000000000e-02	0.00000000000000e+00	0.00000000000000e+00	6.43795848060996e+02	-7.10753295020454e+00
77	95	83	89	5.28980000000000e+02	3.76991118430775e+02	3.00000000000000e-02	0.00000000000000e+00	0.00000000000000e+00	5.28730636923701e+02	1.57171581850690e-02
78	96	84	90	3.99090000000000e+02	3.76991118430775e+02	3.00000000000000e-02	0.00000000000000e+00	0.00000000000000e+00	4.06810785837751e+02	-6.38707410592421e-01
79	97	85	91	2.69210000000000e+02	3.76991118430775e+02	3.00000000000000e-02	0.00000000000000e+00	0.00000000000000e+00	2.78873288388259e+02	-1.17552569972631e+00
80	98	86	92	2.39280000000000e+02	3.76991118430775e+02	3.00000000000000e-02	0.00000000000000e+00	0.00000000000000e+00	2.54475773999663e+02	-2.05237421889685e+00
81	99	87	93	2.64660000000000e+02	3.76991118430775e+02	3.00000000000000e-02	0.00000000000000e+00	0.00000000000000e+00	2.73897466448944e+02	-1.14359476562550e+00
82	100	88	94	3.07720000000000e+02	3.76991118430775e+02	3.00000000000000e-02	0.00000000000000e+00	0.00000000000000e+00	3.19426389246882e+02	-1.24455250295640e+00
83	101	89	95	3.56600000000000e+02	3.76991118430775e+02	3.00000000000000e-02	0.00000000000000e+00	0.00000000000000e+00	3.69129709674059e+02	-1.15111311919408e+00
84	102	90	96	5.01600000000000e+02	3.76991118430775e+02	3.00000000000000e-02	0.00000000000000e+00	0.00000000000000e+00	5.02431698293338e+02	-5.52239193896871e-02
85	103	91	97	6.97440000000000e+02	3.76991118430775e+02	3.00000000000000e-02	0.00000000000000e+00	0.00000000000000e+00	6.98008917794756e+02	-2.71796800308977e-02
86	104	92	98	7.27980000000000e+02	3.76991118430775e+02	3.00000000000000e-02	0.00000000000000e+00	0.00000000000000e+00	6.98421762006765e+02	1.38168038161336e+00
87	105	93	99	7.06430000000000e+02	3.76991118430775e+02	3.00000000000000e-02	0.00000000000000e+00	0.00000000000000e+00	6.69406206843622e+02	1.79443520868986e+00
88	106	94	100	6.53430000000000e+02	3.76991118430775e+02	3.00000000000000e-02	0.00000000000000e+00	0.00000000000000e+00	6.04304652824258e+02	2.60523163100741e+00
89	107	95	101	6.24870000000000e+02	3.76991118430775e+02	3.00000000000000e-02	0.00000000000000e+00	0.00000000000000e+00	5.93539128568874e+02	1.71468292393063e+00
90	108	96	102	5.21970000000000e+02	3.76991118430775e+02	3.00000000000000e-02	0.00000000000000e+00	0.00000000000000e+00	5.53444856921720e+02	-1.95173353537517e+00
91	109	97	103	4.19070000000000e+02	3.76991118430775e+02	3.00000000000000e-02	0.00000000000000e+00	0.00000000000000e+00	4.11266640718616e+02	6.26540179771625e-01
92	110	98	104	3.78100000000000e+02	3.76991118430775e+02	3.00000000000000e-02	0.00000000000000e+00	0.00000000000000e+00	3.79177174432718e+02	-9.48287888567378e-02
93	111	99	105	3.02410000000000e+02	3.76991118430775e+02	3.00000000000000e-02	0.00000000000000e+00	0.00000000000000e+00	3.05913072088321e+02	-3.83909030337145e-01
94	112	100	106	3.23900000000000e+02	3.76991118430775e+02	3.00000000000000e-02	0.00000000000000e+00	0.00000000000000e+00	3.15213331665381e+02	9.06172439843308e-01
95	113	101	107	3.20210000000000e+02	3.76991118430775e+02	3.00000000000000e-02	0.00000000000000e+00	0.00000000000000e+00	3.28259121778728e+02	-8.27542378705370e-01
96	114	102	108	4.16130000000000e+02	3.76991118430775e+02	3.00000000000000e-02	0.00000000000000e+00	0.00000000000000e+00	4.04021635592887e+02	9.84309382278425e-01
97	115	103	109	5.68400000000000e+02	3.76991118430775e+02	3.00000000000000e-02	0.00000000000000e+00	0.00000000000000e+00	5.35605237397507e+02	1.98093346307662e+00
98	116	104	110	5.61230000000000e+02	3.76991118430775e+02	3.00000000000000e-02	0.00000000000000e+00	0.00000000000000e+00	5.19103145077447e+02	2.60094007169114e+00
99	117	105	111	5.58310000000000e+02	3.76991118430775e+02	3.00000000000000e-02	0.00000000000000e+00	0.00000000000000e+00	5.23931917374445e+02	2.11842054893842e+00
100	118	106	112	5.20170000000000e+02	3.76991118430775e+02	3.00000000000000e-02	0.00000000000000e+00	0.00000000000000e+00	5.13018676931560e+02	4.61447648088450e-01
101	119	107	113	5.40670000000000e+02	3.76991118430775e+02	3.00000000000000e-02	0.00000000000000e+00	0.00000000000000e+00	5.48459641863688e+02	-4.76819556397423e-01
102	120	108	114	5.51040000000000e+02	3.76991118430775e+02	3.00000000000000e-02	0.00000000000000e+00	0.00000000000000e+00	5.46069386147858e+02	3.02045109053702e-01
103	121	109	115	4.36500000000000e+02	3.76991118430775e+02	3.00000000000000e-02	0.00000000000000e+00	0.00000000000000e+00	4.49978136713895e+02	-1.01368737413940e+00
104	122	110	116	3.61620000000000e+02	3.76991118430775e+02	3.00000000000000e-02	0.00000000000000e+00	0.00000000000000e+00	3.79548822398650e+02	-1.61297670366247e+00
105	123	111	117	2.62780000000000e+02	3.76991118430775e+02	3.00000000000000e-02	0.00000000000000e+00	0.00000000000000e+00	2.62710754640812e+02	8.78484971460480e-03
106	124	112	118	1.93480000000000e+02	3.76991118430775e+02	3.00000000000000e-02	0.00000000000000e+00	0.00000000000000e+00	2.02523824204407e+02	-1.52277940212272e+00
107	125	113	119	1.39660000000000e+02	3.76991118430775e+02	3.00000000000000e-02	0.00000000000000e+00	0.00000000000000e+00	1.48500861339394e+02	-2.04599536911084e+00
108	126	114	120	1.46500000000000e+02	3.76991118430775e+02	3.00000000000000e-02	0.00000000000000e+00	0.00000000000000e+00	1.28585369618297e+02	4.34774632339143e+00
109	127	115	121	1.61790000000000e+02	3.76991118430775e+02	3.00000000000000e-02	0.00000000000000e+00	0.00000000000000e+00	1.33663650203814e+02	6.36575422290620e+00
110	128	116	122	1.61800000000000e+02	3.76991118430775e+02	3.00000000000000e-02	0.00000000000000e+00	0.00000000000000e+00	1.52713999178169e+02	1.92647063151018e+00
111	129	117	123	2.00280000000000e+02	3.76991118430775e+02	3.00000000000000e-02	0.00000000000000e+00	0.00000000000000e+00	1.83972019089957e+02	2.83109038599575e+00
112	130	118	124	2.25720000000000e+02	3.76991118430775e+02	3.00000000000000e-02	0.00000000000000e+00	0.00000000000000e+00	2.34681317450536e+02	-1.29777349192673e+00
113	131	119	125	3.07490000000000e+02	3.76991118430775e+02	3.00000000000000e-02	0.00000000000000e+00	0.00000000000000e+00	2.85021019674603e+02	2.52932118664457e+00
114	132	120	126	2.78290000000000e+02	3.76991118430775e+02	3.00000000000000e-02	0.00000000000000e+00	0.00000000000000e+00	2.82504558830065e+02	-5.01031748952870e-01
115	133	121	127	2.69710000000000e+02	3.76991118430775e+02	3.00000000000000e-02	0.00000000000000e+00	0.00000000000000e+00	2.68738895636399e+02	1.20234922245969e-01
116	134	122	128	2.75960000000000e+02	3.76991118430775e+02	3.00000000000000e-02	0.00000000000000e+00	0.00000000000000e+00	2.61049201227122e+02	1.85156758907784e+00
117	135	123	129	2.64850000000000e+02	3.76991118430775e+02	3.00000000000000e-02	0.00000000000000e+00	0.00000000000000e+00	2.35481440389077e+02	3.91771756759643e+00
118	136	124	130	1.92890000000000e+02	3.76991118430775e+02	3.00000000000000e-02	0.00000000000000e+00	0.00000000000000e+00	1.93097930704030e+02	-3.59131650851552e-02
119	137	125	131	1.64400000000000e+02	3.76991118430775e+02	3.00000000000000e-02	0.00000000000000e+00	0.00000000000000e+00	1.46405399017332e+02	3.86410010803919e+00
120	138	126	132	1.35900000000000e+02	3.76991118430775e+02	3.00000000000000e-02	0.00000000000000e+00	0.00000000000000e+00	1.37048805979980e+02	-2.80592975293962e-01
121	139	127	133	1.39810000000000e+02	3.76991118430775e+02	3.00000000000000e-02	0.00000000000000e+00	0.00000000000000e+00	1.48815247533711e+02	-2.08070763780608e+00
122	140	128	134	1.42220000000000e+02	3.76991118430775e+02	3.00000000000000e-02	0.00000000000000e+00	0.00000000000000e+00	1.47533933927128e+02	-1.22276851291812e+00
123	141	129	135	1.50170000000000e+02	3.76991118430775e+02	3.00000000000000e-02	0.00000000000000e+00	0.00000000000000e+00	1.51329336894466e+02	-2.56350504866543e-01
124	142	130	136	1.73100000000000e+02	3.76991118430775e+02	3.00000000000000e-02	0.00000000000000e+00	0.00000000000000e+00	1.64270080421999e+02	1.74525190190448e+00
125	143	131	137	2.21090000000000e+02	3.76991118430775e+02	3.00000000000000e-02	0.00000000000000e+00	0.00000000000000e+00	2.05678416932293e+02	2.40853307533092e+00
126	144	132	138	2.33310000000000e+02	3.76991118430775e+02	3.00000000000000e-02	0.00000000000000e+00	0.00000000000000e+00	2.43952811894042e+02	-1.48689237794513e+00
127	145	133	139	3.85820000000000e+02	3.76991118430775e+02	3.00000000000000e-02	0.00000000000000e+00	0.00000000000000e+00	3.62846805376689e+02	2.04634060092192e+00
128	146	134	140	5.38330000000000e+02	3.76991118430775e+02	3.00000000000000e-02	0.00000000000000e+00	0.00000000000000e+00	5.37260576309681e+02	6.62844559551642e-02
129	147	135	141	7.23030000000000e+02	3.76991118430775e+02	3.00000000000000e-02	0.00000000000000e+00	0.00000000000000e+00	6.67118954138924e+02	2.68274476739716e+00
130	148	136	142	6.87320000000000e+02	3.76991118430775e+02	3.00000000000000e-02	0.00000000000000e+00	0.00000000000000e+00	7.00520988906001e+02	-6.34145033303657e-01
131	149	137	143	5.89230000000000e+02	3.76991118430775e+02	3.00000000000000e-02	0.00000000000000e+00	0.00000000000000e+00	6.39756507528529e+02	-2.74236823952343e+00
132	150	138	144	5.76480000000000e+02	3.76991118430775e+02	3.00000000000000e-02	0.00000000000000e+00	0.00000000000000e+00	5.69431189657792e+02	4.10089909960387e-01
133	151	139	145	4.03780000000000e+02	3.76991118430775e+02	3.00000000000000e-02	0.00000000000000e+00	0.00000000000000e+00	4.21337797330281e+02	-1.41882352433180e+00
134	152	140	146	2.56140000000000e+02	3.76991118430775e+02	3.00000000000000e-02	0.00000000000000e+00	0.00000000000000e+00	2.65852669007777e+02	-1.24060364757449e+00
135	153	141	147	1.65200000000000e+02	3.76991118430775e+02	3.00000000000000e-02	0.00000000000000e+00	0.00000000000000e+00	1.55127359333216e+02	2.09701361462201e+00
136	154	142	148	1.15410000000000e+02	3.76991118430775e+02	3.00000000000000e-02	0.00000000000000e+00	0.00000000000000e+00	1.01873416234690e+02	4.15866600515601e+00
137	155	143	149	8.74000000000000e+01	3.76991118430775e+02	3.00000000000000e-02	0.00000000000000e+00	0.00000000000000e+00	8.44908087562956e+01	1.12841754431073e+00
138	156	144	150	1.19080000000000e+02	3.76991118430775e+02	3.00000000000000e-02	0.00000000000000e+00	0.00000000000000e+00	9.68275135206799e+01	6.89547838884561e+00
139	157	145	151	2.07130000000000e+02	3.76991118430775e+02	3.00000000000000e-02	0.00000000000000e+00	0.00000000000000e+00	1.76952172328262e+02	5.24890440807815e+00
140	158	146	152	3.53140000000000e+02	3.76991118430775e+02	3.00000000000000e-02	0.00000000000000e+00	0.00000000000000e+00	3.12955231653568e+02	4.02681428083502e+00
141	159	147	153	4.99160000000000e+02	3.76991118430775e+02	3.00000000000000e-02	0.00000000000000e+00	0.00000000000000e+00	4.60081237132980e+02	2.71745364286306e+00
142	160	148	154	5.37170000000000e+02	3.76991118430775e+02	3.00000000000000e-02	0.00000000000000e+00	0.00000000000000e+00	5.40426988153404e+02	-2.01497598022608e-01
143	161	149	155	5.50430000000000e+02	3.76991118430775e+02	3.00000000000000e-02	0.00000000000000e+00	0.00000000000000e+00	5.47587257355891e+02	1.72598926324863e-01
144	162	150	156	5.61160000000000e+02	3.76991118430775e+02	3.00000000000000e-02	0.00000000000000e+00	0.00000000000000e+00	5.25813236935540e+02	2.16866610075982e+00
145	163	151	157	5.54090000000000e+02	3.76991118430775e+02	3.00000000000000e-02	0.00000000000000e+00	0.00000000000000e+00	4.67527482543870e+02	5.66229984118557e+00
146	164	152	158	4.47830000000000e+02	3.76991118430775e+02	3.00000000000000e-02	0.00000000000000e+00	0.00000000000000e+00	4.13176629406164e+02	2.68461734910061e+00
147	165	153	159	3.40430000000000e+02	3.76991118430775e+02	3.00000000000000e-02	0.00000000000000e+00	0.00000000000000e+00	3.29247556211461e+02	1.11332020395123e+00
148	166	154	160	2.74250000000000e+02	3.76991118430775e+02	3.00000000000000e-02	0.00000000000000e+00	0.00000000000000e+00	2.69573229187184e+02	5.73334110490246e-01
149	167	155	161	2.93880000000000e+02	3.76991118430775e+02	3.00000000000000e-02	0.00000000000000e+00	0.00000000000000e+00	2.39422644632907e+02	6.83137143305285e+00
150	168	156	162	2.37300000000000e+02	3.76991118430775e+02	3.00000000000000e-02	0.00000000000000e+00	0.00000000000000e+00	2.09589754491622e+02	4.13910311439395e+00
151	169	157	163	2.22080000000000e+02	3.76991118430775e+02	3.00000000000000e-02	0.00000000000000e+00	0.00000000000000e+00	2.18207357985291e+02	5.86396106629176e-01
152	170	158	164	2.37050000000000e+02	3.76991118430775e+02	3.00000000000000e-02	0.00000000000000e+00	0.00000000000000e+00	2.22917863999633e+02	2.04892362023793e+00
153	171	159	165	2.43190000000000e+02	3.76991118430775e+02	3.00000000000000e-02	0.00000000000000e+00	0.00000000000000e+00	2.19286690845813e+02	3.44876888336589e+00
154	172	160	166	2.53440000000000e+02	3.76991118430775e+02	3.00000000000000e-02	0.00000000000000e+00	0.00000000000000e+00	2.07636914596800e+02	6.64453857216115e+00
155	173	161	167	2.21550000000000e+02	3.76991118430775e+02	3.00000000000000e-02	0.00000000000000e+00	0.00000000000000e+00	1.99770272461890e+02	3.44934096592932e+00
156	174	162	168	2.14870000000000e+02	3.76991118430775e+02	3.00000000000000e-02	0.00000000000000e+00	0.00000000000000e+00	2.13941207769113e+02	1.44398228795802e-01
157	175	163	169	2.25200000000000e+02	3.76991118430775e+02	3.00000000000000e-02	0.00000000000000e+00	0.00000000000000e+00	2.57022808739462e+02	-4.40586448835457e+00
158	176	164	170	2.94550000000000e+02	3.76991118430775e+02	3.00000000000000e-02	0.00000000000000e+00	0.00000000000000e+00	2.82506368069711e+02	1.39158919318595e+00
1	22	8	15	3.63910000000000e+02	4.39822971502571e+02	3.00000000000000e-02	0.00000000000000e+00	0.00000000000000e+00	3.37333857131585e+02	2.52778234592590e+00
3	23	9	16	3.57860000000000e+02	4.39822971502571e+02	3.00000000000000e-02	0.00000000000000e+00	0.00000000000000e+00	3.33249859053301e+02	2.37497707836072e+00
4	24	10	17	3.65400000000000e+02	4.39822971502571e+02	3.00000000000000e-02	0.00000000000000e+00	0.00000000000000e+00	3.53954599377586e+02	1.06079964602378e+00
2	25	11	18	3.73660000000000e+02	4.39822971502571e+02	3.00000000000000e-02	0.00000000000000e+00	0.00000000000000e+00	3.69907710090119e+02	3.36425023189039e-01
5	26	12	19	3.76420000000000e+02	4.39822971502571e+02	3.00000000000000e-02	0.00000000000000e+00	0.00000000000000e+00	3.84474735875249e+02	-7.05751302941119e-01
6	27	13	20	3.56880000000000e+02	4.39822971502571e+02	3.00000000000000e-02	0.00000000000000e+00	0.00000000000000e+00	3.59398132428283e+02	-2.34372905204516e-01
7	28	14	21	3.34820000000000e+02	4.39822971502571e+02	3.00000000000000e-02	0.00000000000000e+00	0.00000000000000e+00	3.16604293107711e+02	1.86467888652242e+00
8	29	15	22	3.00340000000000e+02	4.39822971502571e+02	3.00000000000000e-02	0.00000000000000e+00	0.00000000000000e+00	2.90150767052356e+02	1.15048306594291e+00
9	30	16	23	2.95640000000000e+02	4.39822971502571e+02	3.00000000000000e-02	0.00000000000000e+00	0.00000000000000e+00	2.78459961573442e+02	1.99560711440811e+00
10	31	17	24	3.00270000000000e+02	4.39822971502571e+02	3.00000000000000e-02	0.00000000000000e+00	0.00000000000000e+00	2.86493793153353e+02	1.56550661217067e+00
11	32	18	25	3.15440000000000e+02	4.39822971502571e+02	3.00000000000000e-02	0.00000000000000e+00	0.00000000000000e+00	2.82041933354236e+02	3.73042432827555e+00
12	33	19	26	3.11350000000000e+02	4.39822971502571e+02	3.00000000000000e-02	0.00000000000000e+00	0.00000000000000e+00	2.94259510848320e+02	1.88185377870648e+00
13	34	20	27	3.47390000000000e+02	4.39822971502571e+02	3.00000000000000e-02	0.00000000000000e+00	0.00000000000000e+00	3.42847773320157e+02	4.38717634655106e-01
14	35	21	28	3.80420000000000e+02	4.39822971502571e+02	3.00000000000000e-02	0.00000000000000e+00	0.00000000000000e+00	3.56651012642266e+02	2.15060524960261e+00
15	36	22	29	4.01950000000000e+02	4.39822971502571e+02	3.00000000000000e-02	0.00000000000000e+00	0.00000000000000e+00	3.65243618528252e+02	3.19210412710792e+00
16	37	23	30	4.33580000000000e+02	4.39822971502571e+02	3.00000000000000e-02	0.00000000000000e+00	0.00000000000000e+00	4.13935536415787e+02	1.54553570131979e+00
17	38	24	31	4.85530000000000e+02	4.39822971502571e+02	3.00000000000000e-02	0.00000000000000e+00	0.00000000000000e+00	4.85747212753129e+02	-1.49090808060137e-02
18	39	25	32	5.38800000000000e+02	4.39822971502571e+02	3.00000000000000e-02	0.00000000000000e+00	0.00000000000000e+00	5.53139092981716e+02	-8.75501657946890e-01
19	40	26	33	6.09770000000000e+02	4.39822971502571e+02	3.00000000000000e-02	0.00000000000000e+00	0.00000000000000e+00	5.70813531026716e+02	2.20064153972463e+00
20	41	27	34	6.48320000000000e+02	4.39822971502571e+02	3.00000000000000e-02	0.00000000000000e+00	0.00000000000000e+00	5.88134547132631e+02	3.24762194143948e+00
21	42	28	35	7.08020000000000e+02	4.39822971502571e+02	3.00000000000000e-02	0.00000000000000e+00	0.00000000000000e+00	6.56557380460777e+02	2.51540827876410e+00
22	43	29	36	7.82520000000000e+02	4.39822971502571e+02	3.00000000000000e-02	0.00000000000000e+00	0.00000000000000e+00	7.39277877253660e+02	1.89485376624496e+00
23	44	30	37	7.59470000000000e+02	4.39822971502571e+02	3.00000000000000e-02	0.00000000000000e+00	0.00000000000000e+00	7.22971234647555e+02	1.64171287735163e+00
24	45	31	38	6.45010000000000e+02	4.39822971502571e+02	3.00000000000000e-02	0.00000000000000e+00	0.00000000000000e+00	6.13648382597794e+02	1.66145744065001e+00
25	46	32	39	5.36970000000000e+02	4.39822971502571e+02	3.00000000000000e-02	0.00000000000000e+00	0.00000000000000e+00	4.93852637597431e+02	2.79016862662873e+00
26	47	33	40	4.53250000000000e+02	4.39822971502571e+02	3.00000000000000e-02	0.00000000000000e+00	0.00000000000000e+00	4.45709616608810e+02	5.59206449959060e-01
27	48	34	41	3.38180000000000e+02	4.39822971502571e+02	3.00000000000000e-02	0.00000000000000e+00	0.00000000000000e+00	3.75068325629586e+02	-3.45099709807709e+00
28	49	35	42	2.90040000000000e+02	4.39822971502571e+02	3.00000000000000e-02	0.00000000000000e+00	0.00000000000000e+00	3.11251127688311e+02	-2.35270754546454e+00
29	50	36	43	2.42210000000000e+02	4.39822971502571e+02	3.00000000000000e-02	0.00000000000000e+00	0.00000000000000e+00	2.59691246219426e+02	-2.32294307875085e+00
30	51	37	44	2.05380000000000e+02	4.39822971502571e+02	3.00000000000000e-02	0.00000000000000e+00	0.00000000000000e+00	2.24878009295344e+02	-3.02320508304910e+00
31	52	38	45	2.32700000000000e+02	4.39822971502571e+02	3.00000000000000e-02	0.00000000000000e+00	0.00000000000000e+00	2.50497538956557e+02	-2.45663418812304e+00
32	53	39	46	2.88240000000000e+02	4.39822971502571e+02	3.00000000000000e-02	0.00000000000000e+00	0.00000000000000e+00	2.85411756309249e+02	3.28685661716014e-01
33	54	40	47	4.31860000000000e+02	4.39822971502571e+02	3.00000000000000e-02	0.00000000000000e+00	0.00000000000000e+00	3.32170950982538e+02	8.74839042180646e+00
34	55	41	48	5.75480000000000e+02	4.39822971502571e+02	3.00000000000000e-02	0.00000000000000e+00	0.00000000000000e+00	5.46270419614641e+02	1.73634493373781e+00
35	56	42	49	6.97320000000000e+02	4.39822971502571e+02	3.00000000000000e-02	0.00000000000000e+00	0.00000000000000e+00	6.76032117635336e+02	1.03346098886001e+00
36	57	43	50	8.03650000000000e+02	4.39822971502571e+02	3.00000000000000e-02	0.00000000000000e+00	0.00000000000000e+00	8.08153689385513e+02	-1.86279968464091e-01
37	58	44	51	9.34630000000000e+02	4.39822971502571e+02	3.00000000000000e-02	0.00000000000000e+00	0.00000000000000e+00	9.14283427161572e+02	7.33670343255947e-01
38	59	45	52	9.08320000000000e+02	4.39822971502571e+02	3.00000000000000e-02	0.00000000000000e+00	0.00000000000000e+00	8.99667290453396e+02	3.19057390653269e-01
39	60	46	53	8.64880000000000e+02	4.39822971502571e+02	3.00000000000000e-02	0.00000000000000e+00	0.00000000000000e+00	8.54715124009452e+02	3.94084795344855e-01
40	61	47	54	8.11650000000000e+02	4.39822971502571e+02	3.00000000000000e-02	0.00000000000000e+00	0.00000000000000e+00	8.30327988479730e+02	-7.58385893966137e-01
41	62	48	55	6.56180000000000e+02	4.39822971502571e+02	3.00000000000000e-02	0.00000000000000e+00	0.00000000000000e+00	7.10530720283151e+02	-2.65256808693402e+00
42	63	49	56	6.61190000000000e+02	4.39822971502571e+02	3.00000000000000e-02	0.00000000000000e+00	0.00000000000000e+00	6.59577309578444e+02	8.14017332357272e-02
43	64	50	57	6.75590000000000e+02	4.39822971502571e+02	3.00000000000000e-02	0.00000000000000e+00	0.00000000000000e+00	6.22064594430308e+02	2.75141487509050e+00
44	65	51	58	6.10870000000000e+02	4.39822971502571e+02	3.00000000000000e-02	0.00000000000000e+00	0.00000000000000e+00	5.97838735089070e+02	7.18770891941182e-01
45	66	52	59	5.81770000000000e+02	4.39822971502571e+02	3.00000000000000e-02	0.00000000000000e+00	0.00000000000000e+00	6.15957781751666e+02	-1.90344148157132e+00
46	67	53	60	7.45710000000000e+02	4.39822971502571e+02	3.00000000000000e-02	0.00000000000000e+00	0.00000000000000e+00	7.52776636043311e+02	-3.14392234562651e-01
47	68	54	61	8.05920000000000e+02	4.39822971502571e+02	3.00000000000000e-02	0.00000000000000e+00	0.00000000000000e+00	7.89735241446520e+02	6.76224337227775e-01
48	69	55	62	8.85610000000000e+02	4.39822971502571e+02	3.00000000000000e-02	0.00000000000000e+00	0.00000000000000e+00	8.77810846658626e+02	2.94851309747675e-01
49	70	56	63	9.71670000000000e+02	4.39822971502571e+02	3.00000000000000e-02	0.00000000000000e+00	0.00000000000000e+00	9.48583628377217e+02	8.01542868960918e-01
50	71	57	64	9.86860000000000e+02	4.39822971502571e+02	3.00000000000000e-02	0.00000000000000e+00	0.00000000000000e+00	9.80239896970121e+02	2.24361695554887e-01
51	72	58	65	1.00547000000000e+03	4.39822971502571e+02	3.00000000000000e-02	0.00000000000000e+00	0.00000000000000e+00	1.04277283882185e+03	-1.21427541541719e+00
52	73	59	66	1.08815000000000e+03	4.39822971502571e+02	3.00000000000000e-02	0.00000000000000e+00	0.00000000000000e+00	1.03944128074677e+03	1.52652226118709e+00
53	74	60	67	8.74540000000000e+02	4.39822971502571e+02	3.00000000000000e-02	0.00000000000000e+00	0.00000000000000e+00	9.10046012880020e+02	-1.32657093337745e+00
54	75	61	68	8.28410000000000e+02	4.39822971502571e+02	3.00000000000000e-02	0.00000000000000e+00	0.00000000000000e+00	8.47119968183195e+02	-7.44470755059160e-01
55	76	62	69	8.13670000000000e+02	4.39822971502571e+02	3.00000000000000e-02	0.00000000000000e+00	0.00000000000000e+00	7.92424417357761e+02	8.81924987139312e-01
56	77	63	70	7.56030000000000e+02	4.39822971502571e+02	3.00000000000000e-02	0.00000000000000e+00	0.00000000000000e+00	7.43370947979557e+02	5.62862692100670e-01
57	78	64	71	6.86390000000000e+02	4.39822971502571e+02	3.00000000000000e-02	0.00000000000000e+00	0.00000000000000e+00	7.01312081493279e+02	-7.16900112466915e-01
58	79	65	72	6.87810000000000e+02	4.39822971502571e+02	3.00000000000000e-02	0.00000000000000e+00	0.00000000000000e+00	6.99382793897197e+02	-5.56186203011529e-01
59	80	66	73	7.16640000000000e+02	4.39822971502571e+02	3.00000000000000e-02	0.00000000000000e+00	0.00000000000000e+00	7.43959035139397e+02	-1.24707835205730e+00
60	81	67	74	8.34420000000000e+02	4.39822971502571e+02	3.00000000000000e-02	0.00000000000000e+00	0.00000000000000e+00	8.32631455452185e+02	7.15252960833783e-02
61	82	68	75	8.30230000000000e+02	4.39822971502571e+02	3.00000000000000e-02	0.00000000000000e+00	0.00000000000000e+00	8.08496419702664e+02	8.84217338344466e-01
62	83	69	76	7.68990000000000e+02	4.39822971502571e+02	3.00000000000000e-02	0.00000000000000e+00	0.00000000000000e+00	7.98809506306091e+02	-1.26815122282130e+00
63	84	70	77	8.46130000000000e+02	4.39822971502571e+02	3.00000000000000e-02	0.00000000000000e+00	0.00000000000000e+00	8.36349567574841e+02	3.87544779476704e-01
64	85	71	78	8.32870000000000e+02	4.39822971502571e+02	3.00000000000000e-02	0.00000000000000e+00	0.00000000000000e+00	8.17316587523463e+02	6.28368257763038e-01
65	86	72	79	8.42200000000000e+02	4.39822971502571e+02	3.00000000000000e-02	0.00000000000000e+00	0.00000000000000e+00	8.41853208699338e+02	1.37284381820516e-02
66	87	73	80	8.55630000000000e+02	4.39822971502571e+02	3.00000000000000e-02	0.00000000000000e+00	0.00000000000000e+00	8.59877683897270e+02	-1.65070379953332e-01
67	88	74	81	8.74870000000000e+02	4.39822971502571e+02	3.00000000000000e-02	0.00000000000000e+00	0.00000000000000e+00	8.92149987023866e+02	-6.51965381381103e-01
68	89	75	82	9.07780000000000e+02	4.39822971502571e+02	3.00000000000000e-02	0.00000000000000e+00	0.00000000000000e+00	9.23196753412651e+02	-5.61344019499869e-01
69	90	76	83	9.37040000000000e+02	4.39822971502571e+02	3.00000000000000e-02	0.00000000000000e+00	0.00000000000000e+00	9.25094747881328e+02	4.27660278427548e-01
70	91	77	84	9.52990000000000e+02	4.39822971502571e+02	3.00000000000000e-02	0.00000000000000e+00	0.00000000000000e+00	9.32840147277007e+02	7.12351873866416e-01
71	92	78	85	8.85070000000000e+02	4.39822971502571e+02	3.00000000000000e-02	0.00000000000000e+00	0.00000000000000e+00	9.17654182234345e+02	-1.20512913057853e+00
72	93	79	86	8.75410000000000e+02	4.39822971502571e+02	3.00000000000000e-02	0.00000000000000e+00	0.00000000000000e+00	9.01960656314567e+02	-9.95951759797009e-01
73	94	80	87	8.88190000000000e+02	4.39822971502571e+02	3.00000000000000e-02	0.00000000000000e+00	0.00000000000000e+00	8.87680007486439e+02	1.91452649661213e-02
74	95	81	88	8.12920000000000e+02	4.39822971502571e+02	3.00000000000000e-02	0.00000000000000e+00	0.00000000000000e+00	7.96490349748553e+02	6.80589675547516e-01
75	96	82	89	6.48060000000000e+02	4.39822971502571e+02	3.00000000000000e-02	0.00000000000000e+00	0.00000000000000e+00	6.34990034782451e+02	6.79132638162342e-01
76	97	83	90	4.87900000000000e+02	4.39822971502571e+02	3.00000000000000e-02	0.00000000000000e+00	0.00000000000000e+00	4.78530449314155e+02	6.46354100769475e-01
77	98	84	91	3.46510000000000e+02	4.39822971502571e+02	3.00000000000000e-02	0.00000000000000e+00	0.00000000000000e+00	3.42855838228330e+02	3.53387204542107e-01
78	99	85	92	2.52880000000000e+02	4.39822971502571e+02	3.00000000000000e-02	0.00000000000000e+00	0.00000000000000e+00	2.57816834611006e+02	-6.44477383897672e-01
79	100	86	93	2.63070000000000e+02	4.39822971502571e+02	3.00000000000000e-02	0.00000000000000e+00	0.00000000000000e+00	2.69622390149741e+02	-8.20075621573402e-01
80	101	87	94	2.92360000000000e+02	4.39822971502571e+02	3.00000000000000e-02	0.00000000000000e+00	0.00000000000000e+00	3.06187773648214e+02	-1.54042111712617e+00
81	102	88	95	3.35650000000000e+02	4.39822971502571e+02	3.00000000000000e-02	0.00000000000000e+00	0.00000000000000e+00	3.54463709228977e+02	-1.81790062125217e+00
82	103	89	96	4.61490000000000e+02	4.39822971502571e+02	3.00000000000000e-02	0.00000000000000e+00	0.00000000000000e+00	4.73333947694099e+02	-8.44692487862157e-01
83	104	90	97	5.82820000000000e+02	4.39822971502571e+02	3.00000000000000e-02	0.00000000000000e+00	0.00000000000000e+00	5.50447457991655e+02	1.90489611237800e+00
84	105	91	98	5.83080000000000e+02	4.39822971502571e+02	3.00000000000000e-02	0.00000000000000e+00	0.00000000000000e+00	6.05065271832964e+02	-1.23373137776082e+00
85	106	92	99	7.34870000000000e+02	4.39822971502571e+02	3.00000000000000e-02	0.00000000000000e+00	0.00000000000000e+00	6.90814310104825e+02	2.06075171661467e+00
86	107	93	100	6.63720000000000e+02	4.39822971502571e+02	3.00000000000000e-02	0.00000000000000e+00	0.00000000000000e+00	6.39474599853561e+02	1.24044907745304e+00
87	108	94	101	6.57960000000000e+02	4.39822971502571e+02	3.00000000000000e-02	0.00000000000000e+00	0.00000000000000e+00	6.05555154552346e+02	2.76661636967468e+00
88	109	95	102	5.45560000000000e+02	4.39822971502571e+02	3.00000000000000e-02	0.00000000000000e+00	0.00000000000000e+00	5.48545262625443e+02	-1.81900233038235e-01
89	110	96	103	5.00690000000000e+02	4.39822971502571e+02	3.00000000000000e-02	0.00000000000000e+00	0.00000000000000e+00	4.57207619411177e+02	3.02831833122479e+00
90	111	97	104	4.46760000000000e+02	4.39822971502571e+02	3.00000000000000e-02	0.00000000000000e+00	0.00000000000000e+00	3.88495196470362e+02	4.65802440796720e+00
91	112	98	105	3.87770000000000e+02	4.39822971502571e+02	3.00000000000000e-02	0.00000000000000e+00	0.00000000000000e+00	3.52051105448635e+02	3.22120097864177e+00
92	113	99	106	2.87000000000000e+02	4.39822971502571e+02	3.00000000000000e-02	0.00000000000000e+00	0.00000000000000e+00	2.89030083856826e+02	-2.34952110851960e-01
93	114	100	107	3.23870000000000e+02	4.39822971502571e+02	3.00000000000000e-02	0.00000000000000e+00	0.00000000000000e+00	3.09973624708846e+02	1.46183294777069e+00
94	115	101	108	3.51870000000000e+02	4.39822971502571e+02	3.00000000000000e-02	0.00000000000000e+00	0.00000000000000e+00	3.37156626240749e+02	1.42380668421795e+00
95	116	102	109	3.92310000000000e+02	4.39822971502571e+02	3.00000000000000e-02	0.00000000000000e+00	0.00000000000000e+00	3.99694272596389e+02	-6.21586425737419e-01
96	117	103	110	5.25740000000000e+02	4.39822971502571e+02	3.00000000000000e-02	0.00000000000000e+00	0.00000000000000e+00	5.16734222876424e+02	5.75937576764633e-01
97	118	104	111	6.58950000000000e+02	4.39822971502571e+02	3.00000000000000e-02	0.00000000000000e+00	0.00000000000000e+00	5.51039066294398e+02	5.96139839115114e+00
98	119	105	112	4.94620000000000e+02	4.39822971502571e+02	3.00000000000000e-02	0.00000000000000e+00	0.00000000000000e+00	5.27066011982461e+02	-2.11786698798161e+00
99	120	106	113	5.87910000000000e+02	4.39822971502571e+02	3.00000000000000e-02	0.00000000000000e+00	0.00000000000000e+00	5.66690984857262e+02	1.22532400165610e+00
100	121	107	114	5.22920000000000e+02	4.39822971502571e+02	3.00000000000000e-02	0.00000000000000e+00	0.00000000000000e+00	5.23218039422687e+02	-1.89929957945978e-02
101	122	108	115	5.39700000000000e+02	4.39822971502571e+02	3.00000000000000e-02	0.00000000000000e+00	0.00000000000000e+00	5.24300953222588e+02	9.64919065385850e-01
102	123	109	116	4.06510000000000e+02	4.39822971502571e+02	3.00000000000000e-02	0.00000000000000e+00	0.00000000000000e+00	4.08940771012809e+02	-1.98726749177366e-01
103	124	110	117	2.83670000000000e+02	4.39822971502571e+02	3.00000000000000e-02	0.00000000000000e+00	0.00000000000000e+00	2.82226351073316e+02	1.70072612028349e-01
104	125	111	118	2.25050000000000e+02	4.39822971502571e+02	3.00000000000000e-02	0.00000000000000e+00	0.00000000000000e+00	1.86695170150933e+02	6.22818063659167e+00
105	126	112	119	1.66430000000000e+02	4.39822971502571e+02	3.00000000000000e-02	0.00000000000000e+00	0.00000000000000e+00	1.65682139420669e+02	1.50122354196232e-01
106	127	113	120	1.50480000000000e+02	4.39822971502571e+02	3.00000000000000e-02	0.00000000000000e+00	0.00000000000000e+00	1.36503931146942e+02	3.24922570570552e+00
107	128	114	121	1.63960000000000e+02	4.39822971502571e+02	3.00000000000000e-02	0.00000000000000e+00	0.00000000000000e+00	1.37241226776305e+02	5.92941129245599e+00
108	129	115	122	1.38920000000000e+02	4.39822971502571e+02	3.00000000000000e-02	0.00000000000000e+00	0.00000000000000e+00	1.25828703159020e+02	3.29922482063836e+00
109	130	116	123	1.77970000000000e+02	4.39822971502571e+02	3.00000000000000e-02	0.00000000000000e+00	0.00000000000000e+00	1.50146470562751e+02	5.66679028948031e+00
110	131	117	124	2.03700000000000e+02	4.39822971502571e+02	3.00000000000000e-02	0.00000000000000e+00	0.00000000000000e+00	1.98063627870434e+02	9.35333042667382e-01
111	132	118	125	2.46770000000000e+02	4.39822971502571e+02	3.00000000000000e-02	0.00000000000000e+00	0.00000000000000e+00	2.30967008605113e+02	2.20606160987386e+00
112	133	119	126	2.20090000000000e+02	4.39822971502571e+02	3.00000000000000e-02	0.00000000000000e+00	0.00000000000000e+00	2.34323332989397e+02	-2.08884576348055e+00
113	134	120	127	2.37540000000000e+02	4.39822971502571e+02	3.00000000000000e-02	0.00000000000000e+00	0.00000000000000e+00	2.57566313268156e+02	-2.69803946194071e+00
114	135	121	128	2.40580000000000e+02	4.39822971502571e+02	3.00000000000000e-02	0.00000000000000e+00	0.00000000000000e+00	2.45710118148581e+02	-7.03326167306736e-01
115	136	122	129	2.82650000000000e+02	4.39822971502571e+02	3.00000000000000e-02	0.00000000000000e+00	0.00000000000000e+00	2.73121613459340e+02	1.14307388606181e+00
116	137	123	130	2.57300000000000e+02	4.39822971502571e+02	3.00000000000000e-02	0.00000000000000e+00	0.00000000000000e+00	2.38160900260663e+02	2.57654075069048e+00
117	138	124	131	1.94860000000000e+02	4.39822971502571e+02	3.00000000000000e-02	0.00000000000000e+00	0.00000000000000e+00	1.88685325083855e+02	1.07335570492830e+00
118	139	125	132	1.33790000000000e+02	4.39822971502571e+02	3.00000000000000e-02	0.00000000000000e+00	0.00000000000000e+00	1.48254344652417e+02	-3.42193124062170e+00
119	140	126	133	1.29640000000000e+02	4.39822971502571e+02	3.00000000000000e-02	0.00000000000000e+00	0.00000000000000e+00	1.39494967890498e+02	-2.44223832892985e+00
120	141	127	134	1.52670000000000e+02	4.39822971502571e+02	3.00000000000000e-02	0.00000000000000e+00	0.00000000000000e+00	1.49284666631601e+02	7.47457724287445e-01
121	142	128	135	1.65830000000000e+02	4.39822971502571e+02	3.00000000000000e-02	0.00000000000000e+00	0.00000000000000e+00	1.54389571230601e+02	2.38280252532599e+00
122	143	129	136	1.69350000000000e+02	4.39822971502571e+02	3.00000000000000e-02	0.00000000000000e+00	0.00000000000000e+00	1.64705473978651e+02	9.26956885836934e-01
123	144	130	137	2.21910000000000e+02	4.39822971502571e+02	3.00000000000000e-02	0.00000000000000e+00	0.00000000000000e+00	2.07226248725142e+02	2.28202362899260e+00
124	145	131	138	2.83520000000000e+02	4.39822971502571e+02	3.00000000000000e-02	0.00000000000000e+00	0.00000000000000e+00	2.69246990665898e+02	1.72178427236691e+00
125	146	132	139	4.50530000000000e+02	4.39822971502571e+02	3.00000000000000e-02	0.00000000000000e+00	0.00000000000000e+00	4.11462774256448e+02	3.02353716710924e+00
126	147	133	140	6.17530000000000e+02	4.39822971502571e+02	3.00000000000000e-02	0.00000000000000e+00	0.00000000000000e+00	5.86365455248889e+02	1.72614704521603e+00
127	148	134	141	7.14460000000000e+02	4.39822971502571e+02	3.00000000000000e-02	0.00000000000000e+00	0.00000000000000e+00	6.89906059786245e+02	1.16571898374636e+00
128	149	135	142	6.80300000000000e+02	4.39822971502571e+02	3.00000000000000e-02	0.00000000000000e+00	0.00000000000000e+00	7.27827292612967e+02	-2.25099690930494e+00
129	150	136	143	7.24190000000000e+02	4.39822971502571e+02	3.00000000000000e-02	0.00000000000000e+00	0.00000000000000e+00	6.96678791973731e+02	1.29097760032331e+00
130	151	137	144	5.75710000000000e+02	4.39822971502571e+02	3.00000000000000e-02	0.00000000000000e+00	0.00000000000000e+00	5.73535741966119e+02	1.26126817998262e-01
131	152	138	145	4.11720000000000e+02	4.39822971502571e+02	3.00000000000000e-02	0.00000000000000e+00	0.00000000000000e+00	4.46932757475664e+02	-2.73548819787216e+00
132	153	139	146	2.68910000000000e+02	4.39822971502571e+02	3.00000000000000e-02	0.00000000000000e+00	0.00000000000000e+00	2.86615102065058e+02	-2.12544855844049e+00
133	154	140	147	1.66330000000000e+02	4.39822971502571e+02	3.00000000000000e-02	0.00000000000000e+00	0.00000000000000e+00	1.55508954383052e+02	2.24234841280489e+00
134	155	141	148	1.13580000000000e+02	4.39822971502571e+02	3.00000000000000e-02	0.00000000000000e+00	0.00000000000000e+00	9.50939590637771e+01	5.92139962842317e+00
135	156	142	149	8.07000000000000e+01	4.39822971502571e+02	3.00000000000000e-02	0.00000000000000e+00	0.00000000000000e+00	6.46197762281518e+01	7.40726925913145e+00
136	157	143	150	9.60800000000000e+01	4.39822971502571e+02	3.00000000000000e-02	0.00000000000000e+00	0.00000000000000e+00	6.00076825972517e+01	1.56902860152980e+01
137	158	144	151	1.11460000000000e+02	4.39822971502571e+02	3.00000000000000e-02	0.00000000000000e+00	0.00000000000000e+00	8.33253280772505e+01	9.69710735448667e+00
138	159	145	152	1.55910000000000e+02	4.39822971502571e+02	3.00000000000000e-02	0.00000000000000e+00	0.00000000000000e+00	1.25043399677196e+02	7.35393477425556e+00
139	160	146	153	2.93770000000000e+02	4.39822971502571e+02	3.00000000000000e-02	0.00000000000000e+00	0.00000000000000e+00	2.41585366149463e+02	6.51914181980973e+00
140	161	147	154	4.31630000000000e+02	4.39822971502571e+02	3.00000000000000e-02	0.00000000000000e+00	0.00000000000000e+00	4.20167123017200e+02	8.97206523187973e-01
141	162	148	155	5.56320000000000e+02	4.39822971502571e+02	3.00000000000000e-02	0.00000000000000e+00	0.00000000000000e+00	5.52333752882455e+02	2.39705996910751e-01
142	163	149	156	5.78720000000000e+02	4.39822971502571e+02	3.00000000000000e-02	0.00000000000000e+00	0.00000000000000e+00	6.03273522537603e+02	-1.38506428527689e+00
143	164	150	157	6.59710000000000e+02	4.39822971502571e+02	3.00000000000000e-02	0.00000000000000e+00	0.00000000000000e+00	5.94219985495820e+02	3.48502492550683e+00
144	165	151	158	6.19110000000000e+02	4.39822971502571e+02	3.00000000000000e-02	0.00000000000000e+00	0.00000000000000e+00	5.32136296577063e+02	5.04611032572700e+00
145	166	152	159	5.25880000000000e+02	4.39822971502571e+02	3.00000000000000e-02	0.00000000000000e+00	0.00000000000000e+00	4.68145001174624e+02	3.87649901096451e+00
146	167	153	160	4.37750000000000e+02	4.39822971502571e+02	3.00000000000000e-02	0.00000000000000e+00	0.00000000000000e+00	3.76906816284869e+02	4.98833286426903e+00
147	168	154	161	3.06190000000000e+02	4.39822971502571e+02	3.00000000000000e-02	0.00000000000000e+00	0.00000000000000e+00	3.05371578926670e+02	8.92165880596115e-02
148	169	155	162	2.94050000000000e+02	4.39822971502571e+02	3.00000000000000e-02	0.00000000000000e+00	0.00000000000000e+00	2.54935102831955e+02	4.75802689453486e+00
149	170	156	163	2.73950000000000e+02	4.39822971502571e+02	3.00000000000000e-02	0.00000000000000e+00	0.00000000000000e+00	2.41563398083178e+02	4.19378838002791e+00
150	171	157	164	2.45550000000000e+02	4.39822971502571e+02	3.00000000000000e-02	0.00000000000000e+00	0.00000000000000e+00	2.47654006733925e+02	-2.84401514552949e-01
151	172	158	165	2.83660000000000e+02	4.39822971502571e+02	3.00000000000000e-02	0.00000000000000e+00	0.00000000000000e+00	2.61144084505937e+02	2.75680116502315e+00
152	173	159	166	2.72590000000000e+02	4.39822971502571e+02	3.00000000000000e-02	0.00000000000000e+00	0.00000000000000e+00	2.50629092508842e+02	2.79982358879831e+00
153	174	160	167	2.49640000000000e+02	4.39822971502571e+02	3.00000000000000e-02	0.00000000000000e+00	0.00000000000000e+00	2.50634596426788e+02	-1.32540241471446e-01
154	175	161	168	2.13260000000000e+02	4.39822971502571e+02	3.00000000000000e-02	0.00000000000000e+00	0.00000000000000e+00	2.16101235217551e+02	-4.41163361998983e-01
155	176	162	169	2.89340000000000e+02	4.39822971502571e+02	3.00000000000000e-02	0.00000000000000e+00	0.00000000000000e+00	2.53695293275964e+02	4.38228510300288e+00
1	25	9	17	3.65420000000000e+02	5.02654824574367e+02	3.00000000000000e-02	0.00000000000000e+00	0.00000000000000e+00	3.52669397676580e+02	1.18387697929752e+00
3	26	10	18	3.72860000000000e+02	5.02654824574367e+02	3.00000000000000e-02	0.00000000000000e+00	0.00000000000000e+00	3.49974097868981e+02	2.11146228036888e+00
4	27	11	19	3.69400000000000e+02	5.02654824574367e+02	3.00000000000000e-02	0.00000000000000e+00	0.00000000000000e+00	3.34640755135458e+02	3.29408280243619e+00
2	28	12	20	3.49170000000000e+02	5.02654824574367e+02	3.00000000000000e-02	0.00000000000000e+00	0.00000000000000e+00	3.27396911546086e+02	2.14618926678248e+00
5	29	13	21	3.69270000000000e+02	5.02654824574367e+02	3.00000000000000e-02	0.00000000000000e+00	0.00000000000000e+00	3.70696037612484e+02	-1.28477912536725e-01
6	30	14	22	3.41680000000000e+02	5.02654824574367e+02	3.00000000000000e-02	0.00000000000000e+00	0.00000000000000e+00	3.42436594720147e+02	-7.37296375552828e-02
7	31	15	23	2.76730000000000e+02	5.02654824574367e+02	3.00000000000000e-02	0.00000000000000e+00	0.00000000000000e+00	2.77934057820812e+02	-1.44719396079029e-01
8	32	16	24	2.86820000000000e+02	5.02654824574367e+02	3.00000000000000e-02	0.00000000000000e+00	0.00000000000000e+00	2.55022137043980e+02	3.91681626578008e+00
9	33	17	25	2.95170000000000e+02	5.02654824574367e+02	3.00000000000000e-02	0.00000000000000e+00	0.00000000000000e+00	2.65106569700817e+02	3.58065221952408e+00
10	34	18	26	3.00770000000000e+02	5.02654824574367e+02	3.00000000000000e-02	0.00000000000000e+00	0.00000000000000e+00	2.80488954102601e+02	2.32705027284537e+00
11	35	19	27	3.25960000000000e+02	5.02654824574367e+02	3.00000000000000e-02	0.00000000000000e+00	0.00000000000000e+00	3.37116945515575e+02	-1.12184050123704e+00
12	36	20	28	3.64010000000000e+02	5.02654824574367e+02	3.00000000000000e-02	0.00000000000000e+00	0.00000000000000e+00	3.57996253266872e+02	5.55293972530357e-01
13	37	21	29	3.82390000000000e+02	5.02654824574367e+02	3.00000000000000e-02	0.00000000000000e+00	0.00000000000000e+00	3.66637291005661e+02	1.40226595792881e+00
14	38	22	30	4.59950000000000e+02	5.02654824574367e+02	3.00000000000000e-02	0.00000000000000e+00	0.00000000000000e+00	4.39871048481960e+02	1.48787251988842e+00
15	39	23	31	5.52950000000000e+02	5.02654824574367e+02	3.00000000000000e-02	0.00000000000000e+00	0.00000000000000e+00	5.40237517689091e+02	7.75289703174872e-01
16	40	24	32	6.04520000000000e+02	5.02654824574367e+02	3.00000000000000e-02	0.00000000000000e+00	0.00000000000000e+00	6.16417687723895e+02	-6.49668117886145e-01
17	41	25	33	6.45450000000000e+02	5.02654824574367e+02	3.00000000000000e-02	0.00000000000000e+00	0.00000000000000e+00	6.29441694100854e+02	8.37150710475972e-01
18	42	26	34	7.18530000000000e+02	5.02654824574367e+02	3.00000000000000e-02	0.00000000000000e+00	0.00000000000000e+00	6.56741263461926e+02	2.99724441694137e+00
19	43	27	35	7.32720000000000e+02	5.02654824574367e+02	3.00000000000000e-02	0.00000000000000e+00	0.00000000000000e+00	6.73680489628256e+02	2.80025631922580e+00
20	44	28	36	7.70790000000000e+02	5.02654824574367e+02	3.00000000000000e-02	0.00000000000000e+00	0.00000000000000e+00	7.18606961824357e+02	2.33671334170751e+00
21	45	29	37	7.65690000000000e+02	5.02654824574367e+02	3.00000000000000e-02	0.00000000000000e+00	0.00000000000000e+00	7.24833036813526e+02	1.82786846020093e+00
22	46	30	38	6.68450000000000e+02	5.02654824574367e+02	3.00000000000000e-02	0.00000000000000e+00	0.00000000000000e+00	6.63142945075080e+02	2.65700968361848e-01
23	47	31	39	5.66950000000000e+02	5.02654824574367e+02	3.00000000000000e-02	0.00000000000000e+00	0.00000000000000e+00	5.78951861470814e+02	-6.98273896280662e-01
24	48	32	40	4.22150000000000e+02	5.02654824574367e+02	3.00000000000000e-02	0.00000000000000e+00	0.00000000000000e+00	4.39398317120741e+02	-1.33485429598072e+00
25	49	33	41	3.69940000000000e+02	5.02654824574367e+02	3.00000000000000e-02	0.00000000000000e+00	0.00000000000000e+00	3.67545477195280e+02	2.16459061981578e-01
26	50	34	42	3.30430000000000e+02	5.02654824574367e+02	3.00000000000000e-02	0.00000000000000e+00	0.00000000000000e+00	3.37853606558073e+02	-7.40594947082762e-01
27	51	35	43	2.64380000000000e+02	5.02654824574367e+02	3.00000000000000e-02	0.00000000000000e+00	0.00000000000000e+00	2.96809688030425e+02	-3.85678967403962e+00
28	52	36	44	2.34050000000000e+02	5.02654824574367e+02	3.00000000000000e-02	0.00000000000000e+00	0.00000000000000e+00	2.47164107886429e+02	-1.81725842205029e+00
29	53	37	45	2.10850000000000e+02	5.02654824574367e+02	3.00000000000000e-02	0.00000000000000e+00	0.00000000000000e+00	2.28418057625401e+02	-2.66768519570946e+00
30	54	38	46	2.82970000000000e+02	5.02654824574367e+02	3.00000000000000e-02	0.00000000000000e+00	0.00000000000000e+00	2.58809608500209e+02	2.97493986311338e+00
31	55	39	47	3.36050000000000e+02	5.02654824574367e+02	3.00000000000000e-02	0.00000000000000e+00	0.00000000000000e+00	3.23656941975047e+02	1.25252748784449e+00
32	56	40	48	4.63520000000000e+02	5.02654824574367e+02	3.00000000000000e-02	0.00000000000000e+00	0.00000000000000e+00	4.96042150782612e+02	-2.26037901699092e+00
33	57	41	49	6.26710000000000e+02	5.02654824574367e+02	3.00000000000000e-02	0.00000000000000e+00	0.00000000000000e+00	6.07504249212064e+02	1.03749146411258e+00
34	58	42	50	7.19210000000000e+02	5.02654824574367e+02	3.00000000000000e-02	0.00000000000000e+00	0.00000000000000e+00	7.08707364308188e+02	4.90356344843897e-01
35	59	43	51	8.19730000000000e+02	5.02654824574367e+02	3.00000000000000e-02	0.00000000000000e+00	0.00000000000000e+00	8.53975454200300e+02	-1.36424778254606e+00
36	60	44	52	9.25200000000000e+02	5.02654824574367e+02	3.00000000000000e-02	0.00000000000000e+00	0.00000000000000e+00	9.11647765924243e+02	4.91874548666971e-01
37	61	45	53	9.67920000000000e+02	5.02654824574367e+02	3.00000000000000e-02	0.00000000000000e+00	0.00000000000000e+00	9.14672537872799e+02	1.88611067063388e+00
38	62	46	54	8.92720000000000e+02	5.02654824574367e+02	3.00000000000000e-02	0.00000000000000e+00	0.00000000000000e+00	9.01859128824738e+02	-3.39511650637162e-01
39	63	47	55	8.55180000000000e+02	5.02654824574367e+02	3.00000000000000e-02	0.00000000000000e+00	0.00000000000000e+00	8.81650147684650e+02	-1.01611154227701e+00
40	64	48	56	8.20220000000000e+02	5.02654824574367e+02	3.00000000000000e-02	0.00000000000000e+00	0.00000000000000e+00	7.85821340407777e+02	1.42810442150780e+00
41	65	49	57	7.12780000000000e+02	5.02654824574367e+02	3.00000000000000e-02	0.00000000000000e+00	0.00000000000000e+00	7.00242009009360e+02	5.91560498393099e-01
42	66	50	58	7.80420000000000e+02	5.02654824574367e+02	3.00000000000000e-02	0.00000000000000e+00	0.00000000000000e+00	7.16292963384559e+02	2.85809954302438e+00
43	67	51	59	6.52960000000000e+02	5.02654824574367e+02	3.00000000000000e-02	0.00000000000000e+00	0.00000000000000e+00	7.05111293697002e+02	-2.56132606985539e+00
44	68	52	60	8.18330000000000e+02	5.02654824574367e+02	3.00000000000000e-02	0.00000000000000e+00	0.00000000000000e+00	8.02255753666630e+02	6.61274211864260e-01
45	69	53	61	8.07480000000000e+02	5.02654824574367e+02	3.00000000000000e-02	0.00000000000000e+00	0.00000000000000e+00	8.25897786720871e+02	-7.51757799524455e-01
46	70	54	62	8.13010000000000e+02	5.02654824574367e+02	3.00000000000000e-02	0.00000000000000e+00	0.00000000000000e+00	8.15518210964672e+02	-1.02678108615735e-01
47	71	55	63	8.60540000000000e+02	5.02654824574367e+02	3.00000000000000e-02	0.00000000000000e+00	0.00000000000000e+00	8.48589347656396e+02	4.66157310932521e-01
48	72	56	64	9.49490000000000e+02	5.02654824574367e+02	3.00000000000000e-02	0.00000000000000e+00	0.00000000000000e+00	9.29977408739427e+02	6.92156805459583e-01
49	73	57	65	9.93040000000000e+02	5.02654824574367e+02	3.00000000000000e-02	0.00000000000000e+00	0.00000000000000e+00	1.01480813848664e+03	-7.22796742632337e-01
50	74	58	66	9.84330000000000e+02	5.02654824574367e+02	3.00000000000000e-02	0.00000000000000e+00	0.00000000000000e+00	1.01020088450427e+03	-8.64775964121141e-01
51	75	59	67	9.27890000000000e+02	5.02654824574367e+02	3.00000000000000e-02	0.00000000000000e+00	0.00000000000000e+00	9.67939742097176e+02	-1.40855480538950e+00
52	76	60	68	8.01600000000000e+02	5.02654824574367e+02	3.00000000000000e-02	0.00000000000000e+00	0.00000000000000e+00	8.52837771045138e+02	-2.06532042417805e+00
53	77	61	69	7.80010000000000e+02	5.02654824574367e+02	3.00000000000000e-02	0.00000000000000e+00	0.00000000000000e+00	7.45869550165689e+02	1.49186736436494e+00
54	78	62	70	7.11690000000000e+02	5.02654824574367e+02	3.00000000000000e-02	0.00000000000000e+00	0.00000000000000e+00	6.89638987808292e+02	1.04913895820250e+00
55	79	63	71	6.82480000000000e+02	5.02654824574367e+02	3.00000000000000e-02	0.00000000000000e+00	0.00000000000000e+00	7.16244230387990e+02	-1.60959966971133e+00
56	80	64	72	7.31860000000000e+02	5.02654824574367e+02	3.00000000000000e-02	0.00000000000000e+00	0.00000000000000e+00	7.35342344132116e+02	-1.58230875475448e-01
57	81	65	73	6.79280000000000e+02	5.02654824574367e+02	3.00000000000000e-02	0.00000000000000e+00	0.00000000000000e+00	6.87297324013434e+02	-3.91119031737593e-01
58	82	66	74	6.72150000000000e+02	5.02654824574367e+02	3.00000000000000e-02	0.00000000000000e+00	0.00000000000000e+00	6.72847711078589e+02	-3.45830150453530e-02
59	83	67	75	7.15310000000000e+02	5.02654824574367e+02	3.00000000000000e-02	0.00000000000000e+00	0.00000000000000e+00	6.83578466940357e+02	1.51248546405336e+00
60	84	68	76	7.98900000000000e+02	5.02654824574367e+02	3.00000000000000e-02	0.00000000000000e+00	0.00000000000000e+00	7.51139064970284e+02	2.05483246011052e+00
61	85	69	77	7.93030000000000e+02	5.02654824574367e+02	3.00000000000000e-02	0.00000000000000e+00	0.00000000000000e+00	8.03023199635196e+02	-4.17418426356519e-01
62	86	70	78	8.09010000000000e+02	5.02654824574367e+02	3.00000000000000e-02	0.00000000000000e+00	0.00000000000000e+00	8.18560047349776e+02	-3.91182629136851e-01
63	87	71	79	8.02110000000000e+02	5.02654824574367e+02	3.00000000000000e-02	0.00000000000000e+00	0.00000000000000e+00	7.94726699427950e+02	3.08249144087854e-01
64	88	72	80	8.38960000000000e+02	5.02654824574367e+02	3.00000000000000e-02	0.00000000000000e+00	0.00000000000000e+00	8.37517030228356e+02	5.73810477550415e-02
65	89	73	81	9.27670000000000e+02	5.02654824574367e+02	3.00000000000000e-02	0.00000000000000e+00	0.00000000000000e+00	9.48905034897203e+02	-7.54421963507775e-01
66	90	74	82	9.98550000000000e+02	5.02654824574367e+02	3.00000000000000e-02	0.00000000000000e+00	0.00000000000000e+00	1.01804963685730e+03	-6.44657613293346e-01
67	91	75	83	1.03804000000000e+03	5.02654824574367e+02	3.00000000000000e-02	0.00000000000000e+00	0.00000000000000e+00	1.03709476787879e+03	3.03669333100961e-02
68	92	76	84	1.09848000000000e+03	5.02654824574367e+02	3.00000000000000e-02	0.00000000000000e+00	0.00000000000000e+00	1.07083943245470e+03	8.49484960560402e-01
69	93	77	85	1.02928000000000e+03	5.02654824574367e+02	3.00000000000000e-02	0.00000000000000e+00	0.00000000000000e+00	1.00204672053857e+03	8.93829994029893e-01
70	94	78	86	8.99880000000000e+02	5.02654824574367e+02	3.00000000000000e-02	0.00000000000000e+00	0.00000000000000e+00	8.91845335545038e+02	2.98956473325370e-01
71	95	79	87	9.13590000000000e+02	5.02654824574367e+02	3.00000000000000e-02	0.00000000000000e+00	0.00000000000000e+00	9.07821479779584e+02	2.11138067781687e-01
72	96	80	88	8.81220000000000e+02	5.02654824574367e+02	3.00000000000000e-02	0.00000000000000e+00	0.00000000000000e+00	8.64494794528288e+02	6.38734241851383e-01
73	97	81	89	7.36880000000000e+02	5.02654824574367e+02	3.00000000000000e-02	0.00000000000000e+00	0.00000000000000e+00	7.26478370755007e+02	4.73878198576087e-01
74	98	82	90	5.80820000000000e+02	5.02654824574367e+02	3.00000000000000e-02	0.00000000000000e+00	0.00000000000000e+00	5.78749495206707e+02	1.19038833079503e-01
75	99	83	91	4.20460000000000e+02	5.02654824574367e+02	3.00000000000000e-02	0.00000000000000e+00	0.00000000000000e+00	4.20604841339652e+02	-1.14807906964979e-02
76	100	84	92	3.23680000000000e+02	5.02654824574367e+02	3.00000000000000e-02	0.00000000000000e+00	0.00000000000000e+00	3.26870060736709e+02	-3.26911690955830e-01
77	101	85	93	3.00150000000000e+02	5.02654824574367e+02	3.00000000000000e-02	0.00000000000000e+00	0.00000000000000e+00	3.11281592995993e+02	-1.21385321771692e+00
78	102	86	94	3.11100000000000e+02	5.02654824574367e+02	3.00000000000000e-02	0.00000000000000e+00	0.00000000000000e+00	3.29385252788519e+02	-1.90378809727504e+00
79	103	87	95	3.34640000000000e+02	5.02654824574367e+02	3.00000000000000e-02	0.00000000000000e+00	0.00000000000000e+00	3.41405840572342e+02	-6.67219693016463e-01
80	104	88	96	3.96770000000000e+02	5.02654824574367e+02	3.00000000000000e-02	0.00000000000000e+00	0.00000000000000e+00	3.93666337017019e+02	2.61769252253104e-01
81	105	89	97	4.61560000000000e+02	5.02654824574367e+02	3.00000000000000e-02	0.00000000000000e+00	0.00000000000000e+00	4.71401128138888e+02	-7.03244244654133e-01
82	106	90	98	5.07220000000000e+02	5.02654824574367e+02	3.00000000000000e-02	0.00000000000000e+00	0.00000000000000e+00	5.13480536816153e+02	-4.08909704699637e-01
83	107	91	99	6.28660000000000e+02	5.02654824574367e+02	3.00000000000000e-02	0.00000000000000e+00	0.00000000000000e+00	5.87954031662671e+02	2.23139342056733e+00
84	108	92	100	6.46470000000000e+02	5.02654824574367e+02	3.00000000000000e-02	0.00000000000000e+00	0.00000000000000e+00	6.11043933315961e+02	1.87859776273968e+00
85	109	93	101	5.79000000000000e+02	5.02654824574367e+02	3.00000000000000e-02	0.00000000000000e+00	0.00000000000000e+00	5.68141529319465e+02	6.31063951759299e-01
86	110	94	102	5.59370000000000e+02	5.02654824574367e+02	3.00000000000000e-02	0.00000000000000e+00	0.00000000000000e+00	5.19951985140781e+02	2.43582264657321e+00
87	111	95	103	5.73690000000000e+02	5.02654824574367e+02	3.00000000000000e-02	0.00000000000000e+00	0.00000000000000e+00	4.78287464228838e+02	6.06257464712379e+00
88	112	96	104	5.08830000000000e+02	5.02654824574367e+02	3.00000000000000e-02	0.00000000000000e+00	0.00000000000000e+00	4.64151688061440e+02	3.06341866082667e+00
89	113	97	105	3.99710000000000e+02	5.02654824574367e+02	3.00000000000000e-02	0.00000000000000e+00	0.00000000000000e+00	3.98723665939459e+02	8.23557927102314e-02
90	114	98	106	3.92940000000000e+02	5.02654824574367e+02	3.00000000000000e-02	0.00000000000000e+00	0.00000000000000e+00	3.59485364384498e+02	2.96611543854117e+00
91	115	99	107	3.09830000000000e+02	5.02654824574367e+02	3.00000000000000e-02	0.00000000000000e+00	0.00000000000000e+00	3.02066508622072e+02	8.45884653646648e-01
92	116	100	108	3.18730000000000e+02	5.02654824574367e+02	3.00000000000000e-02	0.00000000000000e+00	0.00000000000000e+00	3.19844859694504e+02	-1.16390512433876e-01
93	117	101	109	4.06190000000000e+02	5.02654824574367e+02	3.00000000000000e-02	0.00000000000000e+00	0.00000000000000e+00	3.97460817939268e+02	7.24155747157192e-01
94	118	102	110	4.61250000000000e+02	5.02654824574367e+02	3.00000000000000e-02	0.00000000000000e+00	0.00000000000000e+00	4.59885976488117e+02	9.87204599324147e-02
95	119	103	111	5.27250000000000e+02	5.02654824574367e+02	3.00000000000000e-02	0.00000000000000e+00	0.00000000000000e+00	4.88473314735451e+02	2.54633254390256e+00
96	120	104	112	5.42390000000000e+02	5.02654824574367e+02	3.00000000000000e-02	0.00000000000000e+00	0.00000000000000e+00	4.95660772114612e+02	3.00311781087688e+00
97	121	105	113	5.39040000000000e+02	5.02654824574367e+02	3.00000000000000e-02	0.00000000000000e+00	0.00000000000000e+00	5.29665097657142e+02	5.84828801746973e-01
98	122	106	114	5.37880000000000e+02	5.02654824574367e+02	3.00000000000000e-02	0.00000000000000e+00	0.00000000000000e+00	5.32001871683108e+02	3.66282647296116e-01
99	123	107	115	5.60080000000000e+02	5.02654824574367e+02	3.00000000000000e-02	0.00000000000000e+00	0.00000000000000e+00	5.37028680250888e+02	1.40093764326060e+00
100	124	108	116	4.62480000000000e+02	5.02654824574367e+02	3.00000000000000e-02	0.00000000000000e+00	0.00000000000000e+00	4.46217435658319e+02	1.19323185525818e+00
101	125	109	117	3.11700000000000e+02	5.02654824574367e+02	3.00000000000000e-02	0.00000000000000e+00	0.00000000000000e+00	3.05780446373896e+02	6.39127928471546e-01
102	126	110	118	2.28290000000000e+02	5.02654824574367e+02	3.00000000000000e-02	0.00000000000000e+00	0.00000000000000e+00	2.21218059126833e+02	1.04892808745426e+00
103	127	111	119	1.52370000000000e+02	5.02654824574367e+02	3.00000000000000e-02	0.00000000000000e+00	0.00000000000000e+00	1.61866954030518e+02	-2.01543176354783e+00
104	128	112	120	1.76670000000000e+02	5.02654824574367e+02	3.00000000000000e-02	0.00000000000000e+00	0.00000000000000e+00	1.67914753966698e+02	1.69423839552412e+00
105	129	113	121	1.79980000000000e+02	5.02654824574367e+02	3.00000000000000e-02	0.00000000000000e+00	0.00000000000000e+00	1.51935823720552e+02	5.64625047603501e+00
106	130	114	122	1.63640000000000e+02	5.02654824574367e+02	3.00000000000000e-02	0.00000000000000e+00	0.00000000000000e+00	1.38579246236465e+02	5.54088520236589e+00
107	131	115	123	1.49310000000000e+02	5.02654824574367e+02	3.00000000000000e-02	0.00000000000000e+00	0.00000000000000e+00	1.34360398332390e+02	3.51663173779577e+00
108	132	116	124	1.50520000000000e+02	5.02654824574367e+02	3.00000000000000e-02	0.00000000000000e+00	0.00000000000000e+00	1.50853812049802e+02	-7.38423342193724e-02
109	133	117	125	2.00800000000000e+02	5.02654824574367e+02	3.00000000000000e-02	0.00000000000000e+00	0.00000000000000e+00	1.78931189973141e+02	3.84360231468405e+00
110	134	118	126	1.85510000000000e+02	5.02654824574367e+02	3.00000000000000e-02	0.00000000000000e+00	0.00000000000000e+00	2.01740114430356e+02	-2.79571726310790e+00
111	135	119	127	2.12500000000000e+02	5.02654824574367e+02	3.00000000000000e-02	0.00000000000000e+00	0.00000000000000e+00	2.04551224510704e+02	1.27078525477451e+00
112	136	120	128	2.01930000000000e+02	5.02654824574367e+02	3.00000000000000e-02	0.00000000000000e+00	0.00000000000000e+00	2.19323555194746e+02	-2.75423192645787e+00
113	137	121	129	2.22990000000000e+02	5.02654824574367e+02	3.00000000000000e-02	0.00000000000000e+00	0.00000000000000e+00	2.29713090203178e+02	-9.90138964178181e-01
114	138	122	130	2.78270000000000e+02	5.02654824574367e+02	3.00000000000000e-02	0.00000000000000e+00	0.00000000000000e+00	2.42428783100468e+02	4.59612920235939e+00
115	139	123	131	2.45150000000000e+02	5.02654824574367e+02	3.00000000000000e-02	0.00000000000000e+00	0.00000000000000e+00	2.40490199201122e+02	6.39697704809657e-01
116	140	124	132	2.07840000000000e+02	5.02654824574367e+02	3.00000000000000e-02	0.00000000000000e+00	0.00000000000000e+00	1.92067234289080e+02	2.63076878679200e+00
117	141	125	133	1.48830000000000e+02	5.02654824574367e+02	3.00000000000000e-02	0.00000000000000e+00	0.00000000000000e+00	1.58319593274890e+02	-2.06036724344788e+00
118	142	126	134	1.62180000000000e+02	5.02654824574367e+02	3.00000000000000e-02	0.00000000000000e+00	0.00000000000000e+00	1.49717833783956e+02	2.66514716776388e+00
119	143	127	135	1.60210000000000e+02	5.02654824574367e+02	3.00000000000000e-02	0.00000000000000e+00	0.00000000000000e+00	1.58229600337426e+02	4.14610325467901e-01
120	144	128	136	1.79830000000000e+02	5.02654824574367e+02	3.00000000000000e-02	0.00000000000000e+00	0.00000000000000e+00	1.77670531904616e+02	4.02702311844324e-01
121	145	129	137	2.43020000000000e+02	5.02654824574367e+02	3.00000000000000e-02	0.00000000000000e+00	0.00000000000000e+00	2.26127916109746e+02	2.40143016134793e+00
122	146	130	138	2.93080000000000e+02	5.02654824574367e+02	3.00000000000000e-02	0.00000000000000e+00	0.00000000000000e+00	2.79926659629266e+02	1.53059901092059e+00
123	147	131	139	4.67840000000000e+02	5.02654824574367e+02	3.00000000000000e-02	0.00000000000000e+00	0.00000000000000e+00	4.32775341412552e+02	2.59692019224331e+00
124	148	132	140	6.42590000000000e+02	5.02654824574367e+02	3.00000000000000e-02	0.00000000000000e+00	0.00000000000000e+00	6.26876378990031e+02	8.25250876064339e-01
125	149	133	141	7.30230000000000e+02	5.02654824574367e+02	3.00000000000000e-02	0.00000000000000e+00	0.00000000000000e+00	7.34732706504077e+02	-2.04907181286214e-01
126	150	134	142	8.14470000000000e+02	5.02654824574367e+02	3.00000000000000e-02	0.00000000000000e+00	0.00000000000000e+00	7.50297464702437e+02	2.73559491501354e+00
127	151	135	143	7.01510000000000e+02	5.02654824574367e+02	3.00000000000000e-02	0.00000000000000e+00	0.00000000000000e+00	6.68168380599896e+02	1.62316486896475e+00
128	152	136	144	5.28700000000000e+02	5.02654824574367e+02	3.00000000000000e-02	0.00000000000000e+00	0.00000000000000e+00	5.43329474281470e+02	-9.09824643887625e-01
129	153	137	145	3.55880000000000e+02	5.02654824574367e+02	3.00000000000000e-02	0.00000000000000e+00	0.00000000000000e+00	3.69210603462831e+02	-1.22578756482969e+00
130	154	138	146	2.39590000000000e+02	5.02654824574367e+02	3.00000000000000e-02	0.00000000000000e+00	0.00000000000000e+00	2.48995606539924e+02	-1.28353742492665e+00
131	155	139	147	1.56210000000000e+02	5.02654824574367e+02	3.00000000000000e-02	0.00000000000000e+00	0.00000000000000e+00	1.57269318118484e+02	-2.25282730410381e-01
132	156	140	148	1.02860000000000e+02	5.02654824574367e+02	3.00000000000000e-02	0.00000000000000e+00	0.00000000000000e+00	9.98436925294583e+01	9.92098397994212e-01
133	157	141	149	8.52700000000000e+01	5.02654824574367e+02	3.00000000000000e-02	0.00000000000000e+00	0.00000000000000e+00	7.38073720479913e+01	4.81213579624085e+00
134	158	142	150	6.76900000000000e+01	5.02654824574367e+02	3.00000000000000e-02	0.00000000000000e+00	0.00000000000000e+00	6.17210823980430e+01	3.07709646486571e+00
135	159	143	151	7.68200000000000e+01	5.02654824574367e+02	3.00000000000000e-02	0.00000000000000e+00	0.00000000000000e+00	6.17514461988265e+01	7.27825424866702e+00
136	160	144	152	7.72600000000000e+01	5.02654824574367e+02	3.00000000000000e-02	0.00000000000000e+00	0.00000000000000e+00	6.72387378883142e+01	4.63089397083367e+00
137	161	145	153	9.40600000000000e+01	5.02654824574367e+02	3.00000000000000e-02	0.00000000000000e+00	0.00000000000000e+00	8.79322203598092e+01	2.24555273323190e+00
138	162	146	154	1.72550000000000e+02	5.02654824574367e+02	3.00000000000000e-02	0.00000000000000e+00	0.00000000000000e+00	1.40724153331160e+02	6.79618115632783e+00
139	163	147	155	3.15040000000000e+02	5.02654824574367e+02	3.00000000000000e-02	0.00000000000000e+00	0.00000000000000e+00	2.82495129013570e+02	3.63461022942711e+00
140	164	148	156	4.57530000000000e+02	5.02654824574367e+02	3.00000000000000e-02	0.00000000000000e+00	0.00000000000000e+00	4.65440971651954e+02	-5.71427533574761e-01
141	165	149	157	5.64050000000000e+02	5.02654824574367e+02	3.00000000000000e-02	0.00000000000000e+00	0.00000000000000e+00	5.90284914038978e+02	-1.51541418128260e+00
142	166	150	158	7.40040000000000e+02	5.02654824574367e+02	3.00000000000000e-02	0.00000000000000e+00	0.00000000000000e+00	6.47976842537544e+02	4.42830933008267e+00
143	167	151	159	7.08410000000000e+02	5.02654824574367e+02	3.00000000000000e-02	0.00000000000000e+00	0.00000000000000e+00	6.11199693497439e+02	4.91997619173423e+00
144	168	152	160	5.70610000000000e+02	5.02654824574367e+02	3.00000000000000e-02	0.00000000000000e+00	0.00000000000000e+00	5.29122199035380e+02	2.51621862629685e+00
145	169	153	161	4.79350000000000e+02	5.02654824574367e+02	3.00000000000000e-02	0.00000000000000e+00	0.00000000000000e+00	4.33821819240847e+02	3.32657081559553e+00
146	170	154	162	4.06610000000000e+02	5.02654824574367e+02	3.00000000000000e-02	0.00000000000000e+00	0.00000000000000e+00	3.39564680854709e+02	6.00633494178702e+00
147	171	155	163	3.47200000000000e+02	5.02654824574367e+02	3.00000000000000e-02	0.00000000000000e+00	0.00000000000000e+00	2.93554932741165e+02	5.59453988886602e+00
148	172	156	164	2.95290000000000e+02	5.02654824574367e+02	3.00000000000000e-02	0.00000000000000e+00	0.00000000000000e+00	2.87683493889631e+02	8.69900934800031e-01
149	173	157	165	2.62620000000000e+02	5.02654824574367e+02	3.00000000000000e-02	0.00000000000000e+00	0.00000000000000e+00	2.94505843404203e+02	-3.81969080813048e+00
150	174	158	166	2.75930000000000e+02	5.02654824574367e+02	3.00000000000000e-02	0.00000000000000e+00	0.00000000000000e+00	2.94895615083822e+02	-2.21580787289029e+00
151	175	159	167	2.81840000000000e+02	5.02654824574367e+02	3.00000000000000e-02	0.00000000000000e+00	0.00000000000000e+00	2.87721527287323e+02	-6.88451973128590e-01
152	176	160	168	2.52520000000000e+02	5.02654824574367e+02	3.00000000000000e-02	0.00000000000000e+00	0.00000000000000e+00	2.70921669836874e+02	-2.34464281358238e+00
1	28	10	19	3.74110000000000e+02	5.65486677646163e+02	3.00000000000000e-02	0.00000000000000e+00	0.00000000000000e+00	3.41446254734983e+02	3.04531950591892e+00
3	29	11	20	3.67070000000000e+02	5.65486677646163e+02	3.00000000000000e-02	0.00000000000000e+00	0.00000000000000e+00	3.27137679059865e+02	3.83904821317443e+00
4	30	12	21	3.34550000000000e+02	5.65486677646163e+02	3.00000000000000e-02	0.00000000000000e+00	0.00000000000000e+00	3.08877697765581e+02	2.66136489306688e+00
2	31	13	22	3.26640000000000e+02	5.65486677646163e+02	3.00000000000000e-02	0.00000000000000e+00	0.00000000000000e+00	3.19402969386059e+02	7.46837150358637e-01
5	32	14	23	3.11230000000000e+02	5.65486677646163e+02	3.00000000000000e-02	0.00000000000000e+00	0.00000000000000e+00	2.98187547104288e+02	1.42698491470776e+00
6	33	15	24	2.84210000000000e+02	5.65486677646163e+02	3.00000000000000e-02	0.00000000000000e+00	0.00000000000000e+00	2.63479746879384e+02	2.52456328142641e+00
7	34	16	25	3.01680000000000e+02	5.65486677646163e+02	3.00000000000000e-02	0.00000000000000e+00	0.00000000000000e+00	2.74907836885203e+02	3.09769833514277e+00
8	35	17	26	3.03540000000000e+02	5.65486677646163e+02	3.00000000000000e-02	0.00000000000000e+00	0.00000000000000e+00	2.93176197884109e+02	1.15798704306111e+00
9	36	18	27	3.40150000000000e+02	5.65486677646163e+02	3.00000000000000e-02	0.00000000000000e+00	0.00000000000000e+00	3.36080653420558e+02	4.01184189690174e-01
10	37	19	28	3.52290000000000e+02	5.65486677646163e+02	3.00000000000000e-02	0.00000000000000e+00	0.00000000000000e+00	3.46899092667100e+02	5.14025387293149e-01
11	38	20	29	3.85410000000000e+02	5.65486677646163e+02	3.00000000000000e-02	0.00000000000000e+00	0.00000000000000e+00	3.79135753382124e+02	5.47112447333268e-01
12	39	21	30	4.79810000000000e+02	5.65486677646163e+02	3.00000000000000e-02	0.00000000000000e+00	0.00000000000000e+00	4.66614142579237e+02	9.29584107366595e-01
13	40	22	31	5.63510000000000e+02	5.65486677646163e+02	3.00000000000000e-02	0.00000000000000e+00	0.00000000000000e+00	5.58825671549391e+02	2.78250424243875e-01
14	41	23	32	6.45000000000000e+02	5.65486677646163e+02	3.00000000000000e-02	0.00000000000000e+00	0.00000000000000e+00	6.64922585006196e+02	-1.01401011863279e+00
15	42	24	33	7.42300000000000e+02	5.65486677646163e+02	3.00000000000000e-02	0.00000000000000e+00	0.00000000000000e+00	6.93037075386385e+02	2.28899921762033e+00
16	43	25	34	7.53030000000000e+02	5.65486677646163e+02	3.00000000000000e-02	0.00000000000000e+00	0.00000000000000e+00	7.12767028487876e+02	1.83168162957082e+00
17	44	26	35	8.15060000000000e+02	5.65486677646163e+02	3.00000000000000e-02	0.00000000000000e+00	0.00000000000000e+00	7.48008878634112e+02	2.86156274757466e+00
18	45	27	36	7.70260000000000e+02	5.65486677646163e+02	3.00000000000000e-02	0.00000000000000e+00	0.00000000000000e+00	7.25525574590965e+02	1.99439325001653e+00
19	46	28	37	7.51120000000000e+02	5.65486677646163e+02	3.00000000000000e-02	0.00000000000000e+00	0.00000000000000e+00	7.36865805204245e+02	6.38654427694411e-01
20	47	29	38	7.12610000000000e+02	5.65486677646163e+02	3.00000000000000e-02	0.00000000000000e+00	0.00000000000000e+00	7.17279475997843e+02	-2.17708789161275e-01
21	48	30	39	5.82510000000000e+02	5.65486677646163e+02	3.00000000000000e-02	0.00000000000000e+00	0.00000000000000e+00	5.90357460309957e+02	-4.46062189845472e-01
22	49	31	40	4.75810000000000e+02	5.65486677646163e+02	3.00000000000000e-02	0.00000000000000e+00	0.00000000000000e+00	4.81737231710311e+02	-4.12672936222129e-01
23	50	32	41	3.54510000000000e+02	5.65486677646163e+02	3.00000000000000e-02	0.00000000000000e+00	0.00000000000000e+00	3.77973966386302e+02	-2.13629223116198e+00
24	51	33	42	3.25360000000000e+02	5.65486677646163e+02	3.00000000000000e-02	0.00000000000000e+00	0.00000000000000e+00	3.28534096255873e+02	-3.23612157229558e-01
25	52	34	43	2.95540000000000e+02	5.65486677646163e+02	3.00000000000000e-02	0.00000000000000e+00	0.00000000000000e+00	2.99003571498756e+02	-3.88377555191729e-01
26	53	35	44	2.65860000000000e+02	5.65486677646163e+02	3.00000000000000e-02	0.00000000000000e+00	0.00000000000000e+00	2.74884440911327e+02	-1.11269800147354e+00
27	54	36	45	2.77470000000000e+02	5.65486677646163e+02	3.00000000000000e-02	0.00000000000000e+00	0.00000000000000e+00	2.72211014383876e+02	6.37842184345653e-01
28	55	37	46	2.84770000000000e+02	5.65486677646163e+02	3.00000000000000e-02	0.00000000000000e+00	0.00000000000000e+00	2.58231336692706e+02	3.26086666318123e+00
29	56	38	47	3.58500000000000e+02	5.65486677646163e+02	3.00000000000000e-02	0.00000000000000e+00	0.00000000000000e+00	2.87012937803775e+02	7.41337886134795e+00
30	57	39	48	4.32240000000000e+02	5.65486677646163e+02	3.00000000000000e-02	0.00000000000000e+00	0.00000000000000e+00	4.55472253064539e+02	-1.74512699909932e+00
31	58	40	49	5.45910000000000e+02	5.65486677646163e+02	3.00000000000000e-02	0.00000000000000e+00	0.00000000000000e+00	5.64912593130996e+02	-1.14056299208366e+00
32	59	41	50	6.55460000000000e+02	5.65486677646163e+02	3.00000000000000e-02	0.00000000000000e+00	0.00000000000000e+00	6.72235391728341e+02	-8.42376175876443e-01
33	60	42	51	7.75860000000000e+02	5.65486677646163e+02	3.00000000000000e-02	0.00000000000000e+00	0.00000000000000e+00	7.40974544523907e+02	1.53352732330075e+00
34	61	43	52	8.62770000000000e+02	5.65486677646163e+02	3.00000000000000e-02	0.00000000000000e+00	0.00000000000000e+00	8.24718082223976e+02	1.50355113255592e+00
35	62	44	53	9.65750000000000e+02	5.65486677646163e+02	3.00000000000000e-02	0.00000000000000e+00	0.00000000000000e+00	9.08279251427005e+02	2.04510415343681e+00
36	63	45	54	9.39680000000000e+02	5.65486677646163e+02	3.00000000000000e-02	0.00000000000000e+00	0.00000000000000e+00	9.21543436111959e+02	6.49649315424098e-01
37	64	46	55	9.14500000000000e+02	5.65486677646163e+02	3.00000000000000e-02	0.00000000000000e+00	0.00000000000000e+00	9.41281710493529e+02	-9.62166682768562e-01
38	65	47	56	9.41420000000000e+02	5.65486677646163e+02	3.00000000000000e-02	0.00000000000000e+00	0.00000000000000e+00	9.53934462215544e+02	-4.40186583517122e-01
39	66	48	57	8.66850000000000e+02	5.65486677646163e+02	3.00000000000000e-02	0.00000000000000e+00	0.00000000000000e+00	8.34496176768513e+02	1.26792632680788e+00
40	67	49	58	8.18130000000000e+02	5.65486677646163e+02	3.00000000000000e-02	0.00000000000000e+00	0.00000000000000e+00	8.13088634803561e+02	2.06037422568617e-01
41	68	50	59	7.70250000000000e+02	5.65486677646163e+02	3.00000000000000e-02	0.00000000000000e+00	0.00000000000000e+00	8.20813573115600e+02	-2.11936244166277e+00
42	69	51	60	9.26480000000000e+02	5.65486677646163e+02	3.00000000000000e-02	0.00000000000000e+00	0.00000000000000e+00	9.04297741134146e+02	8.07793101642229e-01
43	70	52	61	8.72220000000000e+02	5.65486677646163e+02	3.00000000000000e-02	0.00000000000000e+00	0.00000000000000e+00	8.64327313945242e+02	3.03005100584800e-01
44	71	53	62	7.38450000000000e+02	5.65486677646163e+02	3.00000000000000e-02	0.00000000000000e+00	0.00000000000000e+00	7.88160821574564e+02	-2.17162541516573e+00
45	72	54	63	8.61770000000000e+02	5.65486677646163e+02	3.00000000000000e-02	0.00000000000000e+00	0.00000000000000e+00	8.42466145075574e+02	7.55164539409107e-01
46	73	55	64	9.11830000000000e+02	5.65486677646163e+02	3.00000000000000e-02	0.00000000000000e+00	0.00000000000000e+00	8.81203671062353e+02	1.13882627632913e+00
47	74	56	65	8.94990000000000e+02	5.65486677646163e+02	3.00000000000000e-02	0.00000000000000e+00	0.00000000000000e+00	9.11798525631565e+02	-6.20216858776631e-01
48	75	57	66	9.22300000000000e+02	5.65486677646163e+02	3.00000000000000e-02	0.00000000000000e+00	0.00000000000000e+00	9.47025307168192e+02	-8.81842203393202e-01
49	76	58	67	8.66710000000000e+02	5.65486677646163e+02	3.00000000000000e-02	0.00000000000000e+00	0.00000000000000e+00	8.88143564761304e+02	-8.14298928721543e-01
50	77	59	68	9.09330000000000e+02	5.65486677646163e+02	3.00000000000000e-02	0.00000000000000e+00	0.00000000000000e+00	8.16474077887905e+02	3.59043001779096e+00
51	78	60	69	6.55390000000000e+02	5.65486677646163e+02	3.00000000000000e-02	0.00000000000000e+00	0.00000000000000e+00	6.82404823524634e+02	-1.34641954443356e+00
52	79	61	70	6.81090000000000e+02	5.65486677646163e+02	3.00000000000000e-02	0.00000000000000e+00	0.00000000000000e+00	6.99328685722000e+02	-8.80879949477838e-01
53	80	62	71	8.68050000000000e+02	5.65486677646163e+02	3.00000000000000e-02	0.00000000000000e+00	0.00000000000000e+00	7.71916620932445e+02	3.91242588231826e+00
54	81	63	72	7.01610000000000e+02	5.65486677646163e+02	3.00000000000000e-02	0.00000000000000e+00	0.00000000000000e+00	7.17353709517415e+02	-7.39711452637692e-01
55	82	64	73	6.07850000000000e+02	5.65486677646163e+02	3.00000000000000e-02	0.00000000000000e+00	0.00000000000000e+00	6.46066891742726e+02	-2.03249683364923e+00
56	83	65	74	6.06090000000000e+02	5.65486677646163e+02	3.00000000000000e-02	0.00000000000000e+00	0.00000000000000e+00	6.00125355172349e+02	3.29664373733814e-01
57	84	66	75	5.99970000000000e+02	5.65486677646163e+02	3.00000000000000e-02	0.00000000000000e+00	0.00000000000000e+00	5.78960063625718e+02	1.18820511705563e+00
58	85	67	76	6.38400000000000e+02	5.65486677646163e+02	3.00000000000000e-02	0.00000000000000e+00	0.00000000000000e+00	6.21949802604646e+02	8.70188662035461e-01
59	86	68	77	7.95840000000000e+02	5.65486677646163e+02	3.00000000000000e-02	0.00000000000000e+00	0.00000000000000e+00	6.92299812119466e+02	4.64596814390354e+00
60	87	69	78	8.70450000000000e+02	5.65486677646163e+02	3.00000000000000e-02	0.00000000000000e+00	0.00000000000000e+00	8.53185588521869e+02	6.67774131345163e-01
61	88	70	79	8.41310000000000e+02	5.65486677646163e+02	3.00000000000000e-02	0.00000000000000e+00	0.00000000000000e+00	8.43189741895931e+02	-7.43937059146068e-02
62	89	71	80	7.69390000000000e+02	5.65486677646163e+02	3.00000000000000e-02	0.00000000000000e+00	0.00000000000000e+00	7.91643826775720e+02	-9.50452796759501e-01
63	90	72	81	8.89440000000000e+02	5.65486677646163e+02	3.00000000000000e-02	0.00000000000000e+00	0.00000000000000e+00	8.95549988272236e+02	-2.28199679016949e-01
64	91	73	82	1.02445000000000e+03	5.65486677646163e+02	3.00000000000000e-02	0.00000000000000e+00	0.00000000000000e+00	1.01163676026696e+03	4.19543644000934e-01
65	92	74	83	1.11439000000000e+03	5.65486677646163e+02	3.00000000000000e-02	0.00000000000000e+00	0.00000000000000e+00	1.11332617372125e+03	3.18360831351209e-02
66	93	75	84	1.13032000000000e+03	5.65486677646163e+02	3.00000000000000e-02	0.00000000000000e+00	0.00000000000000e+00	1.13897761576388e+03	-2.54341775420386e-01
67	94	76	85	1.15481000000000e+03	5.65486677646163e+02	3.00000000000000e-02	0.00000000000000e+00	0.00000000000000e+00	1.12416608873850e+03	8.96477398016415e-01
68	95	77	86	1.07967000000000e+03	5.65486677646163e+02	3.00000000000000e-02	0.00000000000000e+00	0.00000000000000e+00	1.01945506199848e+03	1.91290690998006e+00
69	96	78	87	8.97000000000000e+02	5.65486677646163e+02	3.00000000000000e-02	0.00000000000000e+00	0.00000000000000e+00	8.54589666746902e+02	1.61448100849582e+00
70	97	79	88	8.15060000000000e+02	5.65486677646163e+02	3.00000000000000e-02	0.00000000000000e+00	0.00000000000000e+00	8.06523252552716e+02	3.50966719261484e-01
71	98	80	89	7.94910000000000e+02	5.65486677646163e+02	3.00000000000000e-02	0.00000000000000e+00	0.00000000000000e+00	7.97614474952887e+02	-1.13215530658817e-01
72	99	81	90	6.61380000000000e+02	5.65486677646163e+02	3.00000000000000e-02	0.00000000000000e+00	0.00000000000000e+00	6.77353762887466e+02	-7.95504003847824e-01
73	100	82	91	5.34680000000000e+02	5.65486677646163e+02	3.00000000000000e-02	0.00000000000000e+00	0.00000000000000e+00	5.42137146776596e+02	-4.61685688692567e-01
74	101	83	92	4.27610000000000e+02	5.65486677646163e+02	3.00000000000000e-02	0.00000000000000e+00	0.00000000000000e+00	4.41087175416200e+02	-1.03436557907669e+00
75	102	84	93	3.64630000000000e+02	5.65486677646163e+02	3.00000000000000e-02	0.00000000000000e+00	0.00000000000000e+00	3.81787283599014e+02	-1.53268211596052e+00
76	103	85	94	3.33850000000000e+02	5.65486677646163e+02	3.00000000000000e-02	0.00000000000000e+00	0.00000000000000e+00	3.50120636835210e+02	-1.58619938214176e+00
77	104	86	95	3.29350000000000e+02	5.65486677646163e+02	3.00000000000000e-02	0.00000000000000e+00	0.00000000000000e+00	3.28968232069136e+02	3.86609347944322e-02
78	105	87	96	3.51610000000000e+02	5.65486677646163e+02	3.00000000000000e-02	0.00000000000000e+00	0.00000000000000e+00	3.71290992303808e+02	-1.81544980613631e+00
79	106	88	97	4.26840000000000e+02	5.65486677646163e+02	3.00000000000000e-02	0.00000000000000e+00	0.00000000000000e+00	4.28267511249814e+02	-1.11293029015602e-01
80	107	89	98	4.43670000000000e+02	5.65486677646163e+02	3.00000000000000e-02	0.00000000000000e+00	0.00000000000000e+00	4.60596290087630e+02	-1.24802966621216e+00
81	108	90	99	5.42260000000000e+02	5.65486677646163e+02	3.00000000000000e-02	0.00000000000000e+00	0.00000000000000e+00	5.04588333039016e+02	2.40008921607794e+00
82	109	91	100	4.98590000000000e+02	5.65486677646163e+02	3.00000000000000e-02	0.00000000000000e+00	0.00000000000000e+00	4.71677233214958e+02	1.84963969989710e+00
83	110	92	101	4.90940000000000e+02	5.65486677646163e+02	3.00000000000000e-02	0.00000000000000e+00	0.00000000000000e+00	4.64542013150157e+02	1.84233061515246e+00
84	111	93	102	4.89990000000000e+02	5.65486677646163e+02	3.00000000000000e-02	0.00000000000000e+00	0.00000000000000e+00	4.55702049024099e+02	2.41819293471168e+00
85	112	94	103	5.32360000000000e+02	5.65486677646163e+02	3.00000000000000e-02	0.00000000000000e+00	0.00000000000000e+00	4.85880331068990e+02	3.04525303354541e+00
86	113	95	104	4.70520000000000e+02	5.65486677646163e+02	3.00000000000000e-02	0.00000000000000e+00	0.00000000000000e+00	5.12331562025836e+02	-2.83778438127274e+00
87	114	96	105	5.21330000000000e+02	5.65486677646163e+02	3.00000000000000e-02	0.00000000000000e+00	0.00000000000000e+00	4.79439878036449e+02	2.79215789308106e+00
88	115	97	106	4.43520000000000e+02	5.65486677646163e+02	3.00000000000000e-02	0.00000000000000e+00	0.00000000000000e+00	4.07196456811082e+02	2.84823775703528e+00
89	116	98	107	4.13460000000000e+02	5.65486677646163e+02	3.00000000000000e-02	0.00000000000000e+00	0.00000000000000e+00	3.74564805216126e+02	3.29319806581812e+00
90	117	99	108	3.38860000000000e+02	5.65486677646163e+02	3.00000000000000e-02	0.00000000000000e+00	0.00000000000000e+00	3.44088875085554e+02	-5.10431302721711e-01
91	118	100	109	3.94310000000000e+02	5.65486677646163e+02	3.00000000000000e-02	0.00000000000000e+00	0.00000000000000e+00	3.92529295625735e+02	1.50874299596223e-01
92	119	101	110	4.28120000000000e+02	5.65486677646163e+02	3.00000000000000e-02	0.00000000000000e+00	0.00000000000000e+00	4.38741832602497e+02	-8.16920977987727e-01
93	120	102	111	4.90590000000000e+02	5.65486677646163e+02	3.00000000000000e-02	0.00000000000000e+00	0.00000000000000e+00	4.78521817369794e+02	8.30231440655431e-01
94	121	103	112	4.90700000000000e+02	5.65486677646163e+02	3.00000000000000e-02	0.00000000000000e+00	0.00000000000000e+00	4.88837418513792e+02	1.26766212692816e-01
95	122	104	113	4.92830000000000e+02	5.65486677646163e+02	3.00000000000000e-02	0.00000000000000e+00	0.00000000000000e+00	4.74431621353633e+02	1.26822620201521e+00
96	123	105	114	4.75340000000000e+02	5.65486677646163e+02	3.00000000000000e-02	0.00000000000000e+00	0.00000000000000e+00	4.64670693758757e+02	7.56712273756103e-01
97	124	106	115	4.71510000000000e+02	5.65486677646163e+02	3.00000000000000e-02	0.00000000000000e+00	0.00000000000000e+00	4.69064319019495e+02	1.73347031549683e-01
98	125	107	116	4.22750000000000e+02	5.65486677646163e+02	3.00000000000000e-02	0.00000000000000e+00	0.00000000000000e+00	4.26693506358389e+02	-3.09499467195599e-01
99	126	108	117	4.20650000000000e+02	5.65486677646163e+02	3.00000000000000e-02	0.00000000000000e+00	0.00000000000000e+00	3.95638617238147e+02	2.04333073771418e+00
100	127	109	118	3.18730000000000e+02	5.65486677646163e+02	3.00000000000000e-02	0.00000000000000e+00	0.00000000000000e+00	2.83700344858888e+02	3.88085973386850e+00
101	128	110	119	2.26710000000000e+02	5.65486677646163e+02	3.00000000000000e-02	0.00000000000000e+00	0.00000000000000e+00	2.18727989256784e+02	1.19475893553392e+00
102	129	111	120	1.67410000000000e+02	5.65486677646163e+02	3.00000000000000e-02	0.00000000000000e+00	0.00000000000000e+00	1.66558596855221e+02	1.69957095223960e-01
103	130	112	121	1.80480000000000e+02	5.65486677646163e+02	3.00000000000000e-02	0.00000000000000e+00	0.00000000000000e+00	1.64120670776161e+02	3.16726712120285e+00
104	131	113	122	1.71200000000000e+02	5.65486677646163e+02	3.00000000000000e-02	0.00000000000000e+00	0.00000000000000e+00	1.48750605758792e+02	4.68537823207260e+00
105	132	114	123	1.82600000000000e+02	5.65486677646163e+02	3.00000000000000e-02	0.00000000000000e+00	0.00000000000000e+00	1.45288548206862e+02	7.61920718364178e+00
106	133	115	124	1.42300000000000e+02	5.65486677646163e+02	3.00000000000000e-02	0.00000000000000e+00	0.00000000000000e+00	1.37922322372780e+02	1.04156199241506e+00
107	134	116	125	1.32500000000000e+02	5.65486677646163e+02	3.00000000000000e-02	0.00000000000000e+00	0.00000000000000e+00	1.44585827123907e+02	-2.90968817123926e+00
108	135	117	126	1.48200000000000e+02	5.65486677646163e+02	3.00000000000000e-02	0.00000000000000e+00	0.00000000000000e+00	1.53640734337128e+02	-1.20180900667615e+00
109	136	118	127	1.81720000000000e+02	5.65486677646163e+02	3.00000000000000e-02	0.00000000000000e+00	0.00000000000000e+00	1.72515288048282e+02	1.73270606600061e+00
110	137	119	128	1.54520000000000e+02	5.65486677646163e+02	3.00000000000000e-02	0.00000000000000e+00	0.00000000000000e+00	1.78334239048361e+02	-4.77786663975923e+00
111	138	120	129	2.01250000000000e+02	5.65486677646163e+02	3.00000000000000e-02	0.00000000000000e+00	0.00000000000000e+00	1.88926931445628e+02	2.10625273660755e+00
112	139	121	130	1.79210000000000e+02	5.65486677646163e+02	3.00000000000000e-02	0.00000000000000e+00	0.00000000000000e+00	1.93597434092762e+02	-2.57408728487537e+00
113	140	122	131	2.59730000000000e+02	5.65486677646163e+02	3.00000000000000e-02	0.00000000000000e+00	0.00000000000000e+00	2.26490855814557e+02	4.56460191579424e+00
114	141	123	132	2.56590000000000e+02	5.65486677646163e+02	3.00000000000000e-02	0.00000000000000e+00	0.00000000000000e+00	2.24399013125046e+02	4.46845681534690e+00
115	142	124	133	2.15660000000000e+02	5.65486677646163e+02	3.00000000000000e-02	0.00000000000000e+00	0.00000000000000e+00	2.09202432069392e+02	1.01335785866752e+00
116	143	125	134	1.74400000000000e+02	5.65486677646163e+02	3.00000000000000e-02	0.00000000000000e+00	0.00000000000000e+00	1.79781004607371e+02	-1.01293192121918e+00
117	144	126	135	1.80160000000000e+02	5.65486677646163e+02	3.00000000000000e-02	0.00000000000000e+00	0.00000000000000e+00	1.69488789858273e+02	2.03528522824330e+00
118	145	127	136	2.04700000000000e+02	5.65486677646163e+02	3.00000000000000e-02	0.00000000000000e+00	0.00000000000000e+00	1.86816637177034e+02	3.04726355738640e+00
119	146	128	137	2.51510000000000e+02	5.65486677646163e+02	3.00000000000000e-02	0.00000000000000e+00	0.00000000000000e+00	2.37514677494687e+02	1.90844428793178e+00
120	147	129	138	3.20520000000000e+02	5.65486677646163e+02	3.00000000000000e-02	0.00000000000000e+00	0.00000000000000e+00	3.00956011218640e+02	2.09935216571869e+00
121	148	130	139	4.42730000000000e+02	5.65486677646163e+02	3.00000000000000e-02	0.00000000000000e+00	0.00000000000000e+00	4.55521952570325e+02	-9.49460218717106e-01
122	149	131	140	6.52720000000000e+02	5.65486677646163e+02	3.00000000000000e-02	0.00000000000000e+00	0.00000000000000e+00	6.48189957700294e+02	2.32148304251141e-01
123	150	132	141	8.71680000000000e+02	5.65486677646163e+02	3.00000000000000e-02	0.00000000000000e+00	0.00000000000000e+00	7.57550717088799e+02	4.67772985620811e+00
124	151	133	142	7.94260000000000e+02	5.65486677646163e+02	3.00000000000000e-02	0.00000000000000e+00	0.00000000000000e+00	7.26275147962566e+02	2.98273096183266e+00
125	152	134	143	6.38710000000000e+02	5.65486677646163e+02	3.00000000000000e-02	0.00000000000000e+00	0.00000000000000e+00	6.04810575210974e+02	1.81784023558412e+00
126	153	135	144	4.61450000000000e+02	5.65486677646163e+02	3.00000000000000e-02	0.00000000000000e+00	0.00000000000000e+00	4.42768219677922e+02	1.37757595770636e+00
127	154	136	145	3.23200000000000e+02	5.65486677646163e+02	3.00000000000000e-02	0.00000000000000e+00	0.00000000000000e+00	3.04501621185814e+02	1.98649718066057e+00
128	155	137	146	2.28200000000000e+02	5.65486677646163e+02	3.00000000000000e-02	0.00000000000000e+00	0.00000000000000e+00	1.99850638300265e+02	4.42173861263318e+00
129	156	138	147	1.56440000000000e+02	5.65486677646163e+02	3.00000000000000e-02	0.00000000000000e+00	0.00000000000000e+00	1.53843830245576e+02	5.57818377486037e-01
130	157	139	148	1.17380000000000e+02	5.65486677646163e+02	3.00000000000000e-02	0.00000000000000e+00	0.00000000000000e+00	1.20772894770283e+02	-9.49844805087707e-01
131	158	140	149	7.83300000000000e+01	5.65486677646163e+02	3.00000000000000e-02	0.00000000000000e+00	0.00000000000000e+00	8.96234965369387e+01	-4.48956174529348e+00
132	159	141	150	6.98000000000000e+01	5.65486677646163e+02	3.00000000000000e-02	0.00000000000000e+00	0.00000000000000e+00	6.91369934836068e+01	3.18135356410417e-01
133	160	142	151	7.45900000000000e+01	5.65486677646163e+02	3.00000000000000e-02	0.00000000000000e+00	0.00000000000000e+00	5.78027618994948e+01	8.49899639006875e+00
134	161	143	152	4.96800000000000e+01	5.65486677646163e+02	3.00000000000000e-02	0.00000000000000e+00	0.00000000000000e+00	5.10142488123655e+01	-8.83418151838811e-01
135	162	144	153	6.28600000000000e+01	5.65486677646163e+02	3.00000000000000e-02	0.00000000000000e+00	0.00000000000000e+00	5.62848387572683e+01	3.68282754405650e+00
136	163	145	154	7.60400000000000e+01	5.65486677646163e+02	3.00000000000000e-02	0.00000000000000e+00	0.00000000000000e+00	6.88800149792862e+01	3.29644800104886e+00
137	164	146	155	9.32400000000000e+01	5.65486677646163e+02	3.00000000000000e-02	0.00000000000000e+00	0.00000000000000e+00	9.45338965857109e+01	-4.59388334850116e-01
138	165	147	156	1.86560000000000e+02	5.65486677646163e+02	3.00000000000000e-02	0.00000000000000e+00	0.00000000000000e+00	1.46196737392135e+02	8.12665573849071e+00
139	166	148	157	3.34730000000000e+02	5.65486677646163e+02	3.00000000000000e-02	0.00000000000000e+00	0.00000000000000e+00	2.96719642973734e+02	4.01788355898827e+00
140	167	149	158	5.36560000000000e+02	5.65486677646163e+02	3.00000000000000e-02	0.00000000000000e+00	0.00000000000000e+00	5.03423734192408e+02	2.12487208072586e+00
141	168	150	159	7.38380000000000e+02	5.65486677646163e+02	3.00000000000000e-02	0.00000000000000e+00	0.00000000000000e+00	6.49839849742893e+02	4.25775499034599e+00
142	169	151	160	7.31550000000000e+02	5.65486677646163e+02	3.00000000000000e-02	0.00000000000000e+00	0.00000000000000e+00	6.72987785696692e+02	2.78127967944103e+00
143	170	152	161	7.03230000000000e+02	5.65486677646163e+02	3.00000000000000e-02	0.00000000000000e+00	0.00000000000000e+00	6.18297245241696e+02	4.29048954657712e+00
144	171	153	162	5.62070000000000e+02	5.65486677646163e+02	3.00000000000000e-02	0.00000000000000e+00	0.00000000000000e+00	4.86596704993896e+02	4.80635794863590e+00
145	172	154	163	3.94540000000000e+02	5.65486677646163e+02	3.00000000000000e-02	0.00000000000000e+00	0.00000000000000e+00	3.89685045124264e+02	4.12723102071203e-01
146	173	155	164	3.90500000000000e+02	5.65486677646163e+02	3.00000000000000e-02	0.00000000000000e+00	0.00000000000000e+00	3.44848274136937e+02	4.14411446975140e+00
147	174	156	165	3.30590000000000e+02	5.65486677646163e+02	3.00000000000000e-02	0.00000000000000e+00	0.00000000000000e+00	3.37764071111236e+02	-7.15623346604607e-01
148	175	157	166	2.84660000000000e+02	5.65486677646163e+02	3.00000000000000e-02	0.00000000000000e+00	0.00000000000000e+00	3.33848692498712e+02	-5.31307960734457e+00
149	176	158	167	2.83990000000000e+02	5.65486677646163e+02	3.00000000000000e-02	0.00000000000000e+00	0.00000000000000e+00	3.39337679151567e+02	-5.93522296722142e+00
1	31	11	21	3.30270000000000e+02	6.28318530717959e+02	3.00000000000000e-02	0.00000000000000e+00	0.00000000000000e+00	3.15754867113903e+02	1.49814420614855e+00
3	32	12	22	2.90100000000000e+02	6.28318530717959e+02	3.00000000000000e-02	0.00000000000000e+00	0.00000000000000e+00	2.73241800103998e+02	1.99561910965060e+00
4	33	13	23	2.94780000000000e+02	6.28318530717959e+02	3.00000000000000e-02	0.00000000000000e+00	0.00000000000000e+00	2.65138892992124e+02	3.53251674096932e+00
2	34	14	24	3.10260000000000e+02	6.28318530717959e+02	3.00000000000000e-02	0.00000000000000e+00	0.00000000000000e+00	2.72954597454080e+02	4.27017279914107e+00
5	35	15	25	3.02920000000000e+02	6.28318530717959e+02	3.00000000000000e-02	0.00000000000000e+00	0.00000000000000e+00	2.92780234902655e+02	1.13488227282360e+00
6	36	16	26	3.09900000000000e+02	6.28318530717959e+02	3.00000000000000e-02	0.00000000000000e+00	0.00000000000000e+00	3.11862156714711e+02	-2.10387332981643e-01
7	37	17	27	3.43060000000000e+02	6.28318530717959e+02	3.00000000000000e-02	0.00000000000000e+00	0.00000000000000e+00	3.49091387906008e+02	-5.80946180217771e-01
8	38	18	28	3.78390000000000e+02	6.28318530717959e+02	3.00000000000000e-02	0.00000000000000e+00	0.00000000000000e+00	3.66707722615600e+02	1.04534250490994e+00
9	39	19	29	4.14980000000000e+02	6.28318530717959e+02	3.00000000000000e-02	0.00000000000000e+00	0.00000000000000e+00	3.94609143097608e+02	1.67781874772756e+00
10	40	20	30	4.95730000000000e+02	6.28318530717959e+02	3.00000000000000e-02	0.00000000000000e+00	0.00000000000000e+00	4.74060999232428e+02	1.48984732974592e+00
11	41	21	31	5.82340000000000e+02	6.28318530717959e+02	3.00000000000000e-02	0.00000000000000e+00	0.00000000000000e+00	5.80386411717883e+02	1.12012026260514e-01
12	42	22	32	6.73040000000000e+02	6.28318530717959e+02	3.00000000000000e-02	0.00000000000000e+00	0.00000000000000e+00	6.85706688829999e+02	-6.21506858238548e-01
13	43	23	33	7.46290000000000e+02	6.28318530717959e+02	3.00000000000000e-02	0.00000000000000e+00	0.00000000000000e+00	7.25906980909895e+02	9.23079448759386e-01
14	44	24	34	8.22540000000000e+02	6.28318530717959e+02	3.00000000000000e-02	0.00000000000000e+00	0.00000000000000e+00	7.68343696427527e+02	2.27199864153376e+00
15	45	25	35	8.35110000000000e+02	6.28318530717959e+02	3.00000000000000e-02	0.00000000000000e+00	0.00000000000000e+00	7.89891292412779e+02	1.85560404164666e+00
16	46	26	36	8.20060000000000e+02	6.28318530717959e+02	3.00000000000000e-02	0.00000000000000e+00	0.00000000000000e+00	8.09063573489335e+02	4.50000384567417e-01
17	47	27	37	7.70610000000000e+02	6.28318530717959e+02	3.00000000000000e-02	0.00000000000000e+00	0.00000000000000e+00	7.86015590999980e+02	-6.59807303378024e-01
18	48	28	38	6.56880000000000e+02	6.28318530717959e+02	3.00000000000000e-02	0.00000000000000e+00	0.00000000000000e+00	6.79952239069981e+02	-1.15070685470388e+00
19	49	29	39	6.08610000000000e+02	6.28318530717959e+02	3.00000000000000e-02	0.00000000000000e+00	0.00000000000000e+00	6.01586394773884e+02	3.86917039048325e-01
20	50	30	40	5.18750000000000e+02	6.28318530717959e+02	3.00000000000000e-02	0.00000000000000e+00	0.00000000000000e+00	5.24013152243948e+02	-3.36490405444382e-01
21	51	31	41	4.19690000000000e+02	6.28318530717959e+02	3.00000000000000e-02	0.00000000000000e+00	0.00000000000000e+00	4.27506082974682e+02	-6.15072464773488e-01
22	52	32	42	3.46830000000000e+02	6.28318530717959e+02	3.00000000000000e-02	0.00000000000000e+00	0.00000000000000e+00	3.40854694136806e+02	5.79282559543011e-01
23	53	33	43	2.53780000000000e+02	6.28318530717959e+02	3.00000000000000e-02	0.00000000000000e+00	0.00000000000000e+00	2.99861892060671e+02	-5.56180862971880e+00
24	54	34	44	3.00700000000000e+02	6.28318530717959e+02	3.00000000000000e-02	0.00000000000000e+00	0.00000000000000e+00	2.87872894081378e+02	1.45313490909711e+00
25	55	35	45	3.17200000000000e+02	6.28318530717959e+02	3.00000000000000e-02	0.00000000000000e+00	0.00000000000000e+00	2.91811523272561e+02	2.78081213804592e+00
26	56	36	46	2.88010000000000e+02	6.28318530717959e+02	3.00000000000000e-02	0.00000000000000e+00	0.00000000000000e+00	2.77743084470890e+02	1.20995573134109e+00
27	57	37	47	2.94250000000000e+02	6.28318530717959e+02	3.00000000000000e-02	0.00000000000000e+00	0.00000000000000e+00	2.96737563783803e+02	-2.80612613775707e-01
28	58	38	48	3.96970000000000e+02	6.28318530717959e+02	3.00000000000000e-02	0.00000000000000e+00	0.00000000000000e+00	4.25152755267701e+02	-2.28626058083575e+00
29	59	39	49	4.52740000000000e+02	6.28318530717959e+02	3.00000000000000e-02	0.00000000000000e+00	0.00000000000000e+00	5.08541882746086e+02	-3.87431893680577e+00
30	60	40	50	5.46100000000000e+02	6.28318530717959e+02	3.00000000000000e-02	0.00000000000000e+00	0.00000000000000e+00	5.77203754036194e+02	-1.84644071982222e+00
31	61	41	51	6.96840000000000e+02	6.28318530717959e+02	3.00000000000000e-02	0.00000000000000e+00	0.00000000000000e+00	7.01195315711604e+02	-2.07688115477822e-01
32	62	42	52	7.44800000000000e+02	6.28318530717959e+02	3.00000000000000e-02	0.00000000000000e+00	0.00000000000000e+00	7.97946808844164e+02	-2.29754045605383e+00
33	63	43	53	9.18570000000000e+02	6.28318530717959e+02	3.00000000000000e-02	0.00000000000000e+00	0.00000000000000e+00	8.37865645605387e+02	3.06534509255988e+00
34	64	44	54	9.40980000000000e+02	6.28318530717959e+02	3.00000000000000e-02	0.00000000000000e+00	0.00000000000000e+00	8.74555648337599e+02	2.44019861592184e+00
35	65	45	55	9.33280000000000e+02	6.28318530717959e+02	3.00000000000000e-02	0.00000000000000e+00	0.00000000000000e+00	8.96519830657576e+02	1.33949500394177e+00
36	66	46	56	9.78090000000000e+02	6.28318530717959e+02	3.00000000000000e-02	0.00000000000000e+00	0.00000000000000e+00	9.73848271820759e+02	1.44872575033025e-01
37	67	47	57	1.01608000000000e+03	6.28318530717959e+02	3.00000000000000e-02	0.00000000000000e+00	0.00000000000000e+00	1.02308335777590e+03	-2.28962702928559e-01
38	68	48	58	9.09140000000000e+02	6.28318530717959e+02	3.00000000000000e-02	0.00000000000000e+00	0.00000000000000e+00	9.53426941239427e+02	-1.58545675722923e+00
39	69	49	59	8.72820000000000e+02	6.28318530717959e+02	3.00000000000000e-02	0.00000000000000e+00	0.00000000000000e+00	9.23383832291294e+02	-1.87718840055092e+00
40	70	50	60	1.01810000000000e+03	6.28318530717959e+02	3.00000000000000e-02	0.00000000000000e+00	0.00000000000000e+00	9.95978611381580e+02	7.32254709187282e-01
41	71	51	61	8.60410000000000e+02	6.28318530717959e+02	3.00000000000000e-02	0.00000000000000e+00	0.00000000000000e+00	8.89460322731676e+02	-1.10686266745811e+00
42	72	52	62	8.24570000000000e+02	6.28318530717959e+02	3.00000000000000e-02	0.00000000000000e+00	0.00000000000000e+00	8.29175814308849e+02	-1.85672476694905e-01
43	73	53	63	8.58350000000000e+02	6.28318530717959e+02	3.00000000000000e-02	0.00000000000000e+00	0.00000000000000e+00	8.49928462387370e+02	3.28658589053295e-01
44	74	54	64	8.92800000000000e+02	6.28318530717959e+02	3.00000000000000e-02	0.00000000000000e+00	0.00000000000000e+00	8.65146083141433e+02	1.04880722365790e+00
45	75	55	65	8.79590000000000e+02	6.28318530717959e+02	3.00000000000000e-02	0.00000000000000e+00	0.00000000000000e+00	8.81452459937655e+02	-7.05059900374690e-02
46	76	56	66	8.39770000000000e+02	6.28318530717959e+02	3.00000000000000e-02	0.00000000000000e+00	0.00000000000000e+00	8.33946946207356e+02	2.31941938193684e-01
47	77	57	67	7.61650000000000e+02	6.28318530717959e+02	3.00000000000000e-02	0.00000000000000e+00	0.00000000000000e+00	7.51143464921633e+02	4.63015573659872e-01
48	78	58	68	6.89830000000000e+02	6.28318530717959e+02	3.00000000000000e-02	0.00000000000000e+00	0.00000000000000e+00	7.01833787956267e+02	-5.75047209150418e-01
49	79	59	69	7.34550000000000e+02	6.28318530717959e+02	3.00000000000000e-02	0.00000000000000e+00	0.00000000000000e+00	6.94361911293653e+02	1.87549187407665e+00
50	80	60	70	6.56520000000000e+02	6.28318530717959e+02	3.00000000000000e-02	0.00000000000000e+00	0.00000000000000e+00	6.85740821408830e+02	-1.45155290386890e+00
51	81	61	71	6.76710000000000e+02	6.28318530717959e+02	3.00000000000000e-02	0.00000000000000e+00	0.00000000000000e+00	7.14716089766067e+02	-1.82141886205166e+00
52	82	62	72	7.76660000000000e+02	6.28318530717959e+02	3.00000000000000e-02	0.00000000000000e+00	0.00000000000000e+00	6.78538332655098e+02	4.50205667697340e+00
53	83	63	73	6.81550000000000e+02	6.28318530717959e+02	3.00000000000000e-02	0.00000000000000e+00	0.00000000000000e+00	6.19316358262236e+02	3.19177981017882e+00
54	84	64	74	5.73040000000000e+02	6.28318530717959e+02	3.00000000000000e-02	0.00000000000000e+00	0.00000000000000e+00	5.73199979009717e+02	-9.30456761153072e-03
55	85	65	75	5.28830000000000e+02	6.28318530717959e+02	3.00000000000000e-02	0.00000000000000e+00	0.00000000000000e+00	5.49614268095694e+02	-1.28498940972663e+00
56	86	66	76	5.81610000000000e+02	6.28318530717959e+02	3.00000000000000e-02	0.00000000000000e+00	0.00000000000000e+00	5.79837369053891e+02	1.01748466020920e-01
57	87	67	77	6.34860000000000e+02	6.28318530717959e+02	3.00000000000000e-02	0.00000000000000e+00	0.00000000000000e+00	6.32678774701638e+02	1.14722457672508e-01
58	88	68	78	7.43760000000000e+02	6.28318530717959e+02	3.00000000000000e-02	0.00000000000000e+00	0.00000000000000e+00	7.13366468289233e+02	1.39077110019556e+00
59	89	69	79	7.57620000000000e+02	6.28318530717959e+02	3.00000000000000e-02	0.00000000000000e+00	0.00000000000000e+00	7.67834399742382e+02	-4.46404796103472e-01
60	90	70	80	8.81720000000000e+02	6.28318530717959e+02	3.00000000000000e-02	0.00000000000000e+00	0.00000000000000e+00	8.69977252121869e+02	4.46916032256794e-01
61	91	71	81	8.69650000000000e+02	6.28318530717959e+02	3.00000000000000e-02	0.00000000000000e+00	0.00000000000000e+00	8.92979595696677e+02	-8.82429986581161e-01
62	92	72	82	9.65810000000000e+02	6.28318530717959e+02	3.00000000000000e-02	0.00000000000000e+00	0.00000000000000e+00	9.62843019414584e+02	1.02558033891527e-01
63	93	73	83	1.10643000000000e+03	6.28318530717959e+02	3.00000000000000e-02	0.00000000000000e+00	0.00000000000000e+00	1.05637364712666e+03	1.54322202539505e+00
64	94	74	84	1.16764000000000e+03	6.28318530717959e+02	3.00000000000000e-02	0.00000000000000e+00	0.00000000000000e+00	1.12691671797949e+03	1.18330941605388e+00
65	95	75	85	1.17825000000000e+03	6.28318530717959e+02	3.00000000000000e-02	0.00000000000000e+00	0.00000000000000e+00	1.17700124740569e+03	3.53466242069149e-02
66	96	76	86	1.14386000000000e+03	6.28318530717959e+02	3.00000000000000e-02	0.00000000000000e+00	0.00000000000000e+00	1.10510743109482e+03	1.14886516307783e+00
67	97	77	87	9.95730000000000e+02	6.28318530717959e+02	3.00000000000000e-02	0.00000000000000e+00	0.00000000000000e+00	9.41029117721900e+02	1.88340180030678e+00
68	98	78	88	8.16020000000000e+02	6.28318530717959e+02	3.00000000000000e-02	0.00000000000000e+00	0.00000000000000e+00	7.92991668399364e+02	9.54204977336293e-01
69	99	79	89	7.31570000000000e+02	6.28318530717959e+02	3.00000000000000e-02	0.00000000000000e+00	0.00000000000000e+00	7.39699919642515e+02	-3.68389343228426e-01
70	100	80	90	7.32210000000000e+02	6.28318530717959e+02	3.00000000000000e-02	0.00000000000000e+00	0.00000000000000e+00	7.49524677230373e+02	-7.79062795363602e-01
71	101	81	91	6.55100000000000e+02	6.28318530717959e+02	3.00000000000000e-02	0.00000000000000e+00	0.00000000000000e+00	6.86081010819825e+02	-1.54026055299606e+00
72	102	82	92	5.44220000000000e+02	6.28318530717959e+02	3.00000000000000e-02	0.00000000000000e+00	0.00000000000000e+00	5.62075414696411e+02	-1.07608179580172e+00
73	103	83	93	4.64440000000000e+02	6.28318530717959e+02	3.00000000000000e-02	0.00000000000000e+00	0.00000000000000e+00	4.78930306649244e+02	-1.02409034885212e+00
74	104	84	94	3.74650000000000e+02	6.28318530717959e+02	3.00000000000000e-02	0.00000000000000e+00	0.00000000000000e+00	3.83376834327910e+02	-7.67538343193971e-01
75	105	85	95	3.10770000000000e+02	6.28318530717959e+02	3.00000000000000e-02	0.00000000000000e+00	0.00000000000000e+00	3.28640071608506e+02	-1.86366852985020e+00
76	106	86	96	3.43370000000000e+02	6.28318530717959e+02	3.00000000000000e-02	0.00000000000000e+00	0.00000000000000e+00	3.62544752941329e+02	-1.81131133649037e+00
77	107	87	97	4.13040000000000e+02	6.28318530717959e+02	3.00000000000000e-02	0.00000000000000e+00	0.00000000000000e+00	4.25006281414864e+02	-9.51983601449443e-01
78	108	88	98	4.43810000000000e+02	6.28318530717959e+02	3.00000000000000e-02	0.00000000000000e+00	0.00000000000000e+00	4.47841615153580e+02	-3.01436312840142e-01
79	109	89	99	4.33380000000000e+02	6.28318530717959e+02	3.00000000000000e-02	0.00000000000000e+00	0.00000000000000e+00	4.10685719755738e+02	1.79288971441972e+00
80	110	90	100	3.88120000000000e+02	6.28318530717959e+02	3.00000000000000e-02	0.00000000000000e+00	0.00000000000000e+00	3.63484811665275e+02	2.18590192152748e+00
81	111	91	101	3.76850000000000e+02	6.28318530717959e+02	3.00000000000000e-02	0.00000000000000e+00	0.00000000000000e+00	3.65306542824969e+02	1.03701286073351e+00
82	112	92	102	4.22720000000000e+02	6.28318530717959e+02	3.00000000000000e-02	0.00000000000000e+00	0.00000000000000e+00	4.06757096019744e+02	1.28312765776789e+00
83	113	93	103	4.41020000000000e+02	6.28318530717959e+02	3.00000000000000e-02	0.00000000000000e+00	0.00000000000000e+00	4.15965885534819e+02	1.94956583065811e+00
84	114	94	104	5.04070000000000e+02	6.28318530717959e+02	3.00000000000000e-02	0.00000000000000e+00	0.00000000000000e+00	4.75159001947829e+02	1.96885527839662e+00
85	115	95	105	5.32950000000000e+02	6.28318530717959e+02	3.00000000000000e-02	0.00000000000000e+00	0.00000000000000e+00	5.24674131828048e+02	5.21674751273989e-01
86	116	96	106	5.38550000000000e+02	6.28318530717959e+02	3.00000000000000e-02	0.00000000000000e+00	0.00000000000000e+00	4.91109149196613e+02	3.07379799725863e+00
87	117	97	107	4.60030000000000e+02	6.28318530717959e+02	3.00000000000000e-02	0.00000000000000e+00	0.00000000000000e+00	4.35334372716115e+02	1.83924320087687e+00
88	118	98	108	4.58110000000000e+02	6.28318530717959e+02	3.00000000000000e-02	0.00000000000000e+00	0.00000000000000e+00	4.10150345321038e+02	3.68618471875140e+00
89	119	99	109	4.11230000000000e+02	6.28318530717959e+02	3.00000000000000e-02	0.00000000000000e+00	0.00000000000000e+00	4.05393053783370e+02	4.76518967884054e-01
90	120	100	110	4.45600000000000e+02	6.28318530717959e+02	3.00000000000000e-02	0.00000000000000e+00	0.00000000000000e+00	4.48878209708713e+02	-2.44330482334743e-01
91	121	101	111	4.75690000000000e+02	6.28318530717959e+02	3.00000000000000e-02	0.00000000000000e+00	0.00000000000000e+00	4.66206488646508e+02	6.71257896649902e-01
92	122	102	112	4.60680000000000e+02	6.28318530717959e+02	3.00000000000000e-02	0.00000000000000e+00	0.00000000000000e+00	4.78002284385914e+02	-1.23039509097863e+00
93	123	103	113	5.03740000000000e+02	6.28318530717959e+02	3.00000000000000e-02	0.00000000000000e+00	0.00000000000000e+00	5.03922420014935e+02	-1.20688578042187e-02
94	124	104	114	4.39400000000000e+02	6.28318530717959e+02	3.00000000000000e-02	0.00000000000000e+00	0.00000000000000e+00	4.25927390751892e+02	1.03804241509321e+00
95	125	105	115	3.70210000000000e+02	6.28318530717959e+02	3.00000000000000e-02	0.00000000000000e+00	0.00000000000000e+00	3.66308098075944e+02	3.53187829681752e-01
96	126	106	116	3.70820000000000e+02	6.28318530717959e+02	3.00000000000000e-02	0.00000000000000e+00	0.00000000000000e+00	3.64046941137440e+02	6.14465039289798e-01
97	127	107	117	3.93970000000000e+02	6.28318530717959e+02	3.00000000000000e-02	0.00000000000000e+00	0.00000000000000e+00	3.85970021435185e+02	6.83835416463581e-01
98	128	108	118	3.85480000000000e+02	6.28318530717959e+02	3.00000000000000e-02	0.00000000000000e+00	0.00000000000000e+00	3.73597042916484e+02	1.04371732551654e+00
99	129	109	119	3.35780000000000e+02	6.28318530717959e+02	3.00000000000000e-02	0.00000000000000e+00	0.00000000000000e+00	2.99940325834299e+02	3.76242142079043e+00
100	130	110	120	2.41590000000000e+02	6.28318530717959e+02	3.00000000000000e-02	0.00000000000000e+00	0.00000000000000e+00	2.22649542225446e+02	2.72143662458679e+00
101	131	111	121	1.73810000000000e+02	6.28318530717959e+02	3.00000000000000e-02	0.00000000000000e+00	0.00000000000000e+00	1.68747711344821e+02	9.85266043859430e-01
102	132	112	122	1.69710000000000e+02	6.28318530717959e+02	3.00000000000000e-02	0.00000000000000e+00	0.00000000000000e+00	1.55393944247803e+02	2.93758765510959e+00
103	133	113	123	1.52490000000000e+02	6.28318530717959e+02	3.00000000000000e-02	0.00000000000000e+00	0.00000000000000e+00	1.35018133229863e+02	4.05633101624800e+00
104	134	114	124	1.52050000000000e+02	6.28318530717959e+02	3.00000000000000e-02	0.00000000000000e+00	0.00000000000000e+00	1.41798043327273e+02	2.32685329803027e+00
105	135	115	125	1.62890000000000e+02	6.28318530717959e+02	3.00000000000000e-02	0.00000000000000e+00	0.00000000000000e+00	1.41718566518689e+02	4.64106537690154e+00
106	136	116	126	1.43420000000000e+02	6.28318530717959e+02	3.00000000000000e-02	0.00000000000000e+00	0.00000000000000e+00	1.38947301796710e+02	1.05608836579988e+00
107	137	117	127	1.25510000000000e+02	6.28318530717959e+02	3.00000000000000e-02	0.00000000000000e+00	0.00000000000000e+00	1.32053948768648e+02	-1.69417017368545e+00
108	138	118	128	1.34510000000000e+02	6.28318530717959e+02	3.00000000000000e-02	0.00000000000000e+00	0.00000000000000e+00	1.39809732335037e+02	-1.28812992621927e+00
109	139	119	129	1.65940000000000e+02	6.28318530717959e+02	3.00000000000000e-02	0.00000000000000e+00	0.00000000000000e+00	1.52748249381681e+02	2.76117133088345e+00
110	140	120	130	1.77220000000000e+02	6.28318530717959e+02	3.00000000000000e-02	0.00000000000000e+00	0.00000000000000e+00	1.67967586817441e+02	1.78736244802780e+00
111	141	121	131	1.98350000000000e+02	6.28318530717959e+02	3.00000000000000e-02	0.00000000000000e+00	0.00000000000000e+00	1.74612323072468e+02	4.24883090550985e+00
112	142	122	132	2.18390000000000e+02	6.28318530717959e+02	3.00000000000000e-02	0.00000000000000e+00	0.00000000000000e+00	2.01858780485973e+02	2.62380362898238e+00
113	143	123	133	2.50610000000000e+02	6.28318530717959e+02	3.00000000000000e-02	0.00000000000000e+00	0.00000000000000e+00	2.35765947883998e+02	2.03527930766680e+00
114	144	124	134	2.33990000000000e+02	6.28318530717959e+02	3.00000000000000e-02	0.00000000000000e+00	0.00000000000000e+00	2.21991189942623e+02	1.75468944200420e+00
115	145	125	135	2.03010000000000e+02	6.28318530717959e+02	3.00000000000000e-02	0.00000000000000e+00	0.00000000000000e+00	2.03202274928600e+02	-3.15557414726146e-02
116	146	126	136	2.17000000000000e+02	6.28318530717959e+02	3.00000000000000e-02	0.00000000000000e+00	0.00000000000000e+00	2.04705135514646e+02	1.94422577276014e+00
117	147	127	137	2.71600000000000e+02	6.28318530717959e+02	3.00000000000000e-02	0.00000000000000e+00	0.00000000000000e+00	2.50568497288544e+02	2.68660234228368e+00
118	148	128	138	3.32470000000000e+02	6.28318530717959e+02	3.00000000000000e-02	0.00000000000000e+00	0.00000000000000e+00	3.12458698400062e+02	2.06924450464507e+00
119	149	129	139	5.39030000000000e+02	6.28318530717959e+02	3.00000000000000e-02	0.00000000000000e+00	0.00000000000000e+00	4.70531899436199e+02	4.53024907485924e+00
120	150	130	140	7.45590000000000e+02	6.28318530717959e+02	3.00000000000000e-02	0.00000000000000e+00	0.00000000000000e+00	6.65108222084912e+02	3.80753612906067e+00
121	151	131	141	8.50570000000000e+02	6.28318530717959e+02	3.00000000000000e-02	0.00000000000000e+00	0.00000000000000e+00	7.31360057479736e+02	5.03336065998192e+00
122	152	132	142	7.33510000000000e+02	6.28318530717959e+02	3.00000000000000e-02	0.00000000000000e+00	0.00000000000000e+00	6.61501916633799e+02	3.44427832662892e+00
123	153	133	143	5.29570000000000e+02	6.28318530717959e+02	3.00000000000000e-02	0.00000000000000e+00	0.00000000000000e+00	4.92366697626801e+02	2.42805324113202e+00
124	154	134	144	3.70020000000000e+02	6.28318530717959e+02	3.00000000000000e-02	0.00000000000000e+00	0.00000000000000e+00	3.44431376612858e+02	2.38873948933437e+00
125	155	135	145	2.69460000000000e+02	6.28318530717959e+02	3.00000000000000e-02	0.00000000000000e+00	0.00000000000000e+00	2.56755618254467e+02	1.60984085199797e+00
126	156	136	146	1.95460000000000e+02	6.28318530717959e+02	3.00000000000000e-02	0.00000000000000e+00	0.00000000000000e+00	2.04384547470299e+02	-1.48825003669000e+00
127	157	137	147	1.57120000000000e+02	6.28318530717959e+02	3.00000000000000e-02	0.00000000000000e+00	0.00000000000000e+00	1.52757547214747e+02	9.38594628017183e-01
128	158	138	148	1.18770000000000e+02	6.28318530717959e+02	3.00000000000000e-02	0.00000000000000e+00	0.00000000000000e+00	1.37541454027747e+02	-4.89121685738378e+00
129	159	139	149	1.09210000000000e+02	6.28318530717959e+02	3.00000000000000e-02	0.00000000000000e+00	0.00000000000000e+00	1.11077442300573e+02	-5.65166740727019e-01
130	160	140	150	7.88000000000000e+01	6.28318530717959e+02	3.00000000000000e-02	0.00000000000000e+00	0.00000000000000e+00	7.77808958357893e+01	4.33905021430429e-01
131	161	141	151	7.26100000000000e+01	6.28318530717959e+02	3.00000000000000e-02	0.00000000000000e+00	0.00000000000000e+00	5.71952692545331e+01	7.95438212556698e+00
132	162	142	152	5.60100000000000e+01	6.28318530717959e+02	3.00000000000000e-02	0.00000000000000e+00	0.00000000000000e+00	4.89948963847731e+01	4.46047029828198e+00
133	163	143	153	5.74300000000000e+01	6.28318530717959e+02	3.00000000000000e-02	0.00000000000000e+00	0.00000000000000e+00	5.10392845770279e+01	3.93237309485562e+00
134	164	144	154	5.80600000000000e+01	6.28318530717959e+02	3.00000000000000e-02	0.00000000000000e+00	0.00000000000000e+00	5.44868511139532e+01	2.11725166667600e+00
135	165	145	155	3.96700000000000e+01	6.28318530717959e+02	3.00000000000000e-02	0.00000000000000e+00	0.00000000000000e+00	5.51833485070891e+01	-1.10022005256257e+01
136	166	146	156	8.32300000000000e+01	6.28318530717959e+02	3.00000000000000e-02	0.00000000000000e+00	0.00000000000000e+00	6.37870511955380e+01	8.86858831079585e+00
137	167	147	157	1.05280000000000e+02	6.28318530717959e+02	3.00000000000000e-02	0.00000000000000e+00	0.00000000000000e+00	9.85203151476708e+01	2.21202318368512e+00
138	168	148	158	1.93170000000000e+02	6.28318530717959e+02	3.00000000000000e-02	0.00000000000000e+00	0.00000000000000e+00	1.73197622396192e+02	3.63791205629192e+00
139	169	149	159	4.34770000000000e+02	6.28318530717959e+02	3.00000000000000e-02	0.00000000000000e+00	0.00000000000000e+00	3.57863081190281e+02	6.48888990520187e+00
140	170	150	160	6.29690000000000e+02	6.28318530717959e+02	3.00000000000000e-02	0.00000000000000e+00	0.00000000000000e+00	5.83727802127347e+02	2.52642842882557e+00
141	171	151	161	8.24610000000000e+02	6.28318530717959e+02	3.00000000000000e-02	0.00000000000000e+00	0.00000000000000e+00	7.02762350117009e+02	5.32972545584407e+00
142	172	152	162	7.94040000000000e+02	6.28318530717959e+02	3.00000000000000e-02	0.00000000000000e+00	0.00000000000000e+00	6.70661000950806e+02	5.62900143942017e+00
143	173	153	163	6.24980000000000e+02	6.28318530717959e+02	3.00000000000000e-02	0.00000000000000e+00	0.00000000000000e+00	5.52238584800632e+02	4.12464924950760e+00
144	174	154	164	5.09700000000000e+02	6.28318530717959e+02	3.00000000000000e-02	0.00000000000000e+00	0.00000000000000e+00	4.51698098805647e+02	4.02694278900203e+00
145	175	155	165	4.03560000000000e+02	6.28318530717959e+02	3.00000000000000e-02	0.00000000000000e+00	0.00000000000000e+00	4.00170041775978e+02	2.81187144118148e-01
146	176	156	166	3.51790000000000e+02	6.28318530717959e+02	3.00000000000000e-02	0.00000000000000e+00	0.00000000000000e+00	3.79949492704952e+02	-2.56679744314718e+00
1	34	12	23	2.91750000000000e+02	6.91150383789755e+02	3.00000000000000e-02	0.00000000000000e+00	0.00000000000000e+00	2.71410583715351e+02	2.40881759286085e+00
3	35	13	24	3.16820000000000e+02	6.91150383789755e+02	3.00000000000000e-02	0.00000000000000e+00	0.00000000000000e+00	2.78120223252620e+02	4.34267704365767e+00
4	36	14	25	3.33280000000000e+02	6.91150383789755e+02	3.00000000000000e-02	0.00000000000000e+00	0.00000000000000e+00	2.90581552697622e+02	4.56995694802993e+00
2	37	15	26	3.13950000000000e+02	6.91150383789755e+02	3.00000000000000e-02	0.00000000000000e+00	0.00000000000000e+00	2.99810758442781e+02	1.53607557119839e+00
5	38	16	27	3.63140000000000e+02	6.91150383789755e+02	3.00000000000000e-02	0.00000000000000e+00	0.00000000000000e+00	3.73184387038148e+02	-9.09473262693528e-01
6	39	17	28	4.03790000000000e+02	6.91150383789755e+02	3.00000000000000e-02	0.00000000000000e+00	0.00000000000000e+00	3.99660066285112e+02	3.42686311006091e-01
7	40	18	29	4.35310000000000e+02	6.91150383789755e+02	3.00000000000000e-02	0.00000000000000e+00	0.00000000000000e+00	4.14989492165104e+02	1.59350737102881e+00
8	41	19	30	5.11220000000000e+02	6.91150383789755e+02	3.00000000000000e-02	0.00000000000000e+00	0.00000000000000e+00	4.93902238725487e+02	1.14874752139510e+00
9	42	20	31	6.03920000000000e+02	6.91150383789755e+02	3.00000000000000e-02	0.00000000000000e+00	0.00000000000000e+00	5.94631464022367e+02	5.16663779451883e-01
10	43	21	32	7.06170000000000e+02	6.91150383789755e+02	3.00000000000000e-02	0.00000000000000e+00	0.00000000000000e+00	6.99225301441548e+02	3.29433058316327e-01
11	44	22	33	8.08340000000000e+02	6.91150383789755e+02	3.00000000000000e-02	0.00000000000000e+00	0.00000000000000e+00	7.45384899689558e+02	2.70273444161608e+00
12	45	23	34	8.16870000000000e+02	6.91150383789755e+02	3.00000000000000e-02	0.00000000000000e+00	0.00000000000000e+00	7.91579165105665e+02	1.04833566892918e+00
13	46	24	35	8.41640000000000e+02	6.91150383789755e+02	3.00000000000000e-02	0.00000000000000e+00	0.00000000000000e+00	8.32375655649854e+02	3.68950708499050e-01
14	47	25	36	8.42150000000000e+02	6.91150383789755e+02	3.00000000000000e-02	0.00000000000000e+00	0.00000000000000e+00	8.66155304099206e+02	-9.36869394232609e-01
15	48	26	37	7.87440000000000e+02	6.91150383789755e+02	3.00000000000000e-02	0.00000000000000e+00	0.00000000000000e+00	8.00161078105278e+02	-5.34195923695169e-01
16	49	27	38	6.61820000000000e+02	6.91150383789755e+02	3.00000000000000e-02	0.00000000000000e+00	0.00000000000000e+00	6.71149813280630e+02	-4.66625502805584e-01
17	50	28	39	6.01170000000000e+02	6.91150383789755e+02	3.00000000000000e-02	0.00000000000000e+00	0.00000000000000e+00	6.10438821579041e+02	-5.10010724715452e-01
18	51	29	40	5.58000000000000e+02	6.91150383789755e+02	3.00000000000000e-02	0.00000000000000e+00	0.00000000000000e+00	5.52023230754375e+02	3.58961076326588e-01
19	52	30	41	4.65940000000000e+02	6.91150383789755e+02	3.00000000000000e-02	0.00000000000000e+00	0.00000000000000e+00	4.74894542044128e+02	-6.34529738830499e-01
20	53	31	42	4.27070000000000e+02	6.91150383789755e+02	3.00000000000000e-02	0.00000000000000e+00	0.00000000000000e+00	4.05019459787760e+02	1.76709398027262e+00
21	54	32	43	3.46600000000000e+02	6.91150383789755e+02	3.00000000000000e-02	0.00000000000000e+00	0.00000000000000e+00	3.32892844657923e+02	1.34502422999718e+00
22	55	33	44	2.77200000000000e+02	6.91150383789755e+02	3.00000000000000e-02	0.00000000000000e+00	0.00000000000000e+00	3.05183619540798e+02	-3.20581198082790e+00
23	56	34	45	3.08830000000000e+02	6.91150383789755e+02	3.00000000000000e-02	0.00000000000000e+00	0.00000000000000e+00	2.94284768083741e+02	1.60810220723959e+00
24	57	35	46	3.17820000000000e+02	6.91150383789755e+02	3.00000000000000e-02	0.00000000000000e+00	0.00000000000000e+00	2.92053665401473e+02	2.81825379270776e+00
25	58	36	47	2.99390000000000e+02	6.91150383789755e+02	3.00000000000000e-02	0.00000000000000e+00	0.00000000000000e+00	3.00423896703942e+02	-1.14913168186703e-01
26	59	37	48	3.95590000000000e+02	6.91150383789755e+02	3.00000000000000e-02	0.00000000000000e+00	0.00000000000000e+00	4.05855561153483e+02	-8.53967140925190e-01
27	60	38	49	4.50350000000000e+02	6.91150383789755e+02	3.00000000000000e-02	0.00000000000000e+00	0.00000000000000e+00	4.76911079395582e+02	-1.91016663064788e+00
28	61	39	50	5.31480000000000e+02	6.91150383789755e+02	3.00000000000000e-02	0.00000000000000e+00	0.00000000000000e+00	5.44737292519471e+02	-8.21269288365449e-01
29	62	40	51	5.87870000000000e+02	6.91150383789755e+02	3.00000000000000e-02	0.00000000000000e+00	0.00000000000000e+00	6.40611561473127e+02	-2.86391499581559e+00
30	63	41	52	7.36200000000000e+02	6.91150383789755e+02	3.00000000000000e-02	0.00000000000000e+00	0.00000000000000e+00	7.22568610069193e+02	6.22981447781908e-01
31	64	42	53	8.34910000000000e+02	6.91150383789755e+02	3.00000000000000e-02	0.00000000000000e+00	0.00000000000000e+00	7.86898387936893e+02	1.97416025656135e+00
32	65	43	54	8.49890000000000e+02	6.91150383789755e+02	3.00000000000000e-02	0.00000000000000e+00	0.00000000000000e+00	8.31948638240455e+02	7.11207443788157e-01
33	66	44	55	9.11650000000000e+02	6.91150383789755e+02	3.00000000000000e-02	0.00000000000000e+00	0.00000000000000e+00	8.61018228515632e+02	1.90468229836697e+00
34	67	45	56	9.67700000000000e+02	6.91150383789755e+02	3.00000000000000e-02	0.00000000000000e+00	0.00000000000000e+00	9.27003839274828e+02	1.43214715723582e+00
35	68	46	57	1.03680000000000e+03	6.91150383789755e+02	3.00000000000000e-02	0.00000000000000e+00	0.00000000000000e+00	9.91927537638894e+02	1.47480892387219e+00
36	69	47	58	1.11142000000000e+03	6.91150383789755e+02	3.00000000000000e-02	0.00000000000000e+00	0.00000000000000e+00	1.10426980593233e+03	2.15138986495263e-01
37	70	48	59	1.00639000000000e+03	6.91150383789755e+02	3.00000000000000e-02	0.00000000000000e+00	0.00000000000000e+00	1.04581781749924e+03	-1.28098364382536e+00
38	71	49	60	1.03880000000000e+03	6.91150383789755e+02	3.00000000000000e-02	0.00000000000000e+00	0.00000000000000e+00	1.02914535238732e+03	3.11249932195749e-01
39	72	50	61	9.69940000000000e+02	6.91150383789755e+02	3.00000000000000e-02	0.00000000000000e+00	0.00000000000000e+00	9.78453499276810e+02	-2.91301644557507e-01
40	73	51	62	8.62390000000000e+02	6.91150383789755e+02	3.00000000000000e-02	0.00000000000000e+00	0.00000000000000e+00	8.85859527624020e+02	-8.95026226509307e-01
41	74	52	63	8.62000000000000e+02	6.91150383789755e+02	3.00000000000000e-02	0.00000000000000e+00	0.00000000000000e+00	8.65735629060527e+02	-1.44143769025362e-01
42	75	53	64	8.73700000000000e+02	6.91150383789755e+02	3.00000000000000e-02	0.00000000000000e+00	0.00000000000000e+00	8.43489975297720e+02	1.17296833462180e+00
43	76	54	65	8.65560000000000e+02	6.91150383789755e+02	3.00000000000000e-02	0.00000000000000e+00	0.00000000000000e+00	8.44049705717375e+02	8.38843680389504e-01
44	77	55	66	8.80530000000000e+02	6.91150383789755e+02	3.00000000000000e-02	0.00000000000000e+00	0.00000000000000e+00	7.73628425835110e+02	4.31441035224438e+00
45	78	56	67	6.84450000000000e+02	6.91150383789755e+02	3.00000000000000e-02	0.00000000000000e+00	0.00000000000000e+00	6.67006679512391e+02	8.60517863819480e-01
46	79	57	68	6.58160000000000e+02	6.91150383789755e+02	3.00000000000000e-02	0.00000000000000e+00	0.00000000000000e+00	6.59038828440402e+02	-4.44796716501550e-02
47	80	58	69	6.39900000000000e+02	6.91150383789755e+02	3.00000000000000e-02	0.00000000000000e+00	0.00000000000000e+00	6.38813274412580e+02	5.66572595957086e-02
48	81	59	70	8.03560000000000e+02	6.91150383789755e+02	3.00000000000000e-02	0.00000000000000e+00	0.00000000000000e+00	6.57315208927134e+02	6.69627274018912e+00
49	82	60	71	5.78960000000000e+02	6.91150383789755e+02	3.00000000000000e-02	0.00000000000000e+00	0.00000000000000e+00	6.03170083965964e+02	-1.36552764529438e+00
50	83	61	72	5.79000000000000e+02	6.91150383789755e+02	3.00000000000000e-02	0.00000000000000e+00	0.00000000000000e+00	5.65300554857086e+02	7.98164412181871e-01
51	84	62	73	6.11550000000000e+02	6.91150383789755e+02	3.00000000000000e-02	0.00000000000000e+00	0.00000000000000e+00	5.71269392506923e+02	2.27119429351511e+00
52	85	63	74	6.05330000000000e+02	6.91150383789755e+02	3.00000000000000e-02	0.00000000000000e+00	0.00000000000000e+00	5.71311512651159e+02	1.92797155563366e+00
53	86	64	75	6.13650000000000e+02	6.91150383789755e+02	3.00000000000000e-02	0.00000000000000e+00	0.00000000000000e+00	5.84353413627786e+02	1.63062576431351e+00
54	87	65	76	5.75960000000000e+02	6.91150383789755e+02	3.00000000000000e-02	0.00000000000000e+00	0.00000000000000e+00	5.80511664090496e+02	-2.62389342505317e-01
55	88	66	77	5.81080000000000e+02	6.91150383789755e+02	3.00000000000000e-02	0.00000000000000e+00	0.00000000000000e+00	6.09148912728101e+02	-1.57247722980121e+00
56	89	67	78	6.87730000000000e+02	6.91150383789755e+02	3.00000000000000e-02	0.00000000000000e+00	0.00000000000000e+00	6.71946732351393e+02	7.73908300010895e-01
57	90	68	79	6.95690000000000e+02	6.91150383789755e+02	3.00000000000000e-02	0.00000000000000e+00	0.00000000000000e+00	6.82659321541334e+02	6.30274028067745e-01
58	91	69	80	7.72080000000000e+02	6.91150383789755e+02	3.00000000000000e-02	0.00000000000000e+00	0.00000000000000e+00	7.68391907268986e+02	1.59609089491219e-01
59	92	70	81	8.73360000000000e+02	6.91150383789755e+02	3.00000000000000e-02	0.00000000000000e+00	0.00000000000000e+00	8.65162823480586e+02	3.14337250549723e-01
60	93	71	82	9.84620000000000e+02	6.91150383789755e+02	3.00000000000000e-02	0.00000000000000e+00	0.00000000000000e+00	9.71025522789980e+02	4.63434231089484e-01
61	94	72	83	1.06083000000000e+03	6.91150383789755e+02	3.00000000000000e-02	0.00000000000000e+00	0.00000000000000e+00	1.02823810882725e+03	1.04016190024433e+00
62	95	73	84	1.12535000000000e+03	6.91150383789755e+02	3.00000000000000e-02	0.00000000000000e+00	0.00000000000000e+00	1.07684472018830e+03	1.46862962336748e+00
63	96	74	85	1.18629000000000e+03	6.91150383789755e+02	3.00000000000000e-02	0.00000000000000e+00	0.00000000000000e+00	1.11769953606579e+03	1.98527342494946e+00
64	97	75	86	1.05927000000000e+03	6.91150383789755e+02	3.00000000000000e-02	0.00000000000000e+00	0.00000000000000e+00	1.05814450783137e+03	3.54360556379755e-02
65	98	76	87	1.05739000000000e+03	6.91150383789755e+02	3.00000000000000e-02	0.00000000000000e+00	0.00000000000000e+00	1.01197398901765e+03	1.46335798773999e+00
66	99	77	88	9.23180000000000e+02	6.91150383789755e+02	3.00000000000000e-02	0.00000000000000e+00	0.00000000000000e+00	8.82830871499494e+02	1.48968626628534e+00
67	100	78	89	7.77670000000000e+02	6.91150383789755e+02	3.00000000000000e-02	0.00000000000000e+00	0.00000000000000e+00	7.69007581056767e+02	3.73381396080141e-01
68	101	79	90	7.23990000000000e+02	6.91150383789755e+02	3.00000000000000e-02	0.00000000000000e+00	0.00000000000000e+00	7.71572853349734e+02	-2.12178393310400e+00
69	102	80	91	7.23440000000000e+02	6.91150383789755e+02	3.00000000000000e-02	0.00000000000000e+00	0.00000000000000e+00	7.44289924172243e+02	-9.47100984045424e-01
70	103	81	92	6.43140000000000e+02	6.91150383789755e+02	3.00000000000000e-02	0.00000000000000e+00	0.00000000000000e+00	6.69859411599164e+02	-1.35684756671101e+00
71	104	82	93	5.53050000000000e+02	6.91150383789755e+02	3.00000000000000e-02	0.00000000000000e+00	0.00000000000000e+00	5.65232385563636e+02	-7.26284503976219e-01
72	105	83	94	4.43440000000000e+02	6.91150383789755e+02	3.00000000000000e-02	0.00000000000000e+00	0.00000000000000e+00	4.55746224965185e+02	-9.12454176220331e-01
73	106	84	95	3.46510000000000e+02	6.91150383789755e+02	3.00000000000000e-02	0.00000000000000e+00	0.00000000000000e+00	3.75059675931590e+02	-2.63911569616164e+00
74	107	85	96	3.52680000000000e+02	6.91150383789755e+02	3.00000000000000e-02	0.00000000000000e+00	0.00000000000000e+00	3.72280337585186e+02	-1.80286786342633e+00
75	108	86	97	3.86180000000000e+02	6.91150383789755e+02	3.00000000000000e-02	0.00000000000000e+00	0.00000000000000e+00	4.11719125507806e+02	-2.13459335481160e+00
76	109	87	98	3.70870000000000e+02	6.91150383789755e+02	3.00000000000000e-02	0.00000000000000e+00	0.00000000000000e+00	3.83335767479530e+02	-1.10198952422644e+00
77	110	88	99	3.98560000000000e+02	6.91150383789755e+02	3.00000000000000e-02	0.00000000000000e+00	0.00000000000000e+00	3.69968425737348e+02	2.48134617873050e+00
78	111	89	100	3.47830000000000e+02	6.91150383789755e+02	3.00000000000000e-02	0.00000000000000e+00	0.00000000000000e+00	3.33713097824021e+02	1.38107397952500e+00
79	112	90	101	3.31160000000000e+02	6.91150383789755e+02	3.00000000000000e-02	0.00000000000000e+00	0.00000000000000e+00	3.20956862407391e+02	1.04316377315901e+00
80	113	91	102	3.38940000000000e+02	6.91150383789755e+02	3.00000000000000e-02	0.00000000000000e+00	0.00000000000000e+00	3.37831080025456e+02	1.09236441459082e-01
81	114	92	103	3.92360000000000e+02	6.91150383789755e+02	3.00000000000000e-02	0.00000000000000e+00	0.00000000000000e+00	3.79851849127683e+02	1.07994932372183e+00
82	115	93	104	4.36420000000000e+02	6.91150383789755e+02	3.00000000000000e-02	0.00000000000000e+00	0.00000000000000e+00	4.22624669124433e+02	1.07068681003485e+00
83	116	94	105	5.10870000000000e+02	6.91150383789755e+02	3.00000000000000e-02	0.00000000000000e+00	0.00000000000000e+00	4.57577698164342e+02	3.67228174525573e+00
84	117	95	106	4.21870000000000e+02	6.91150383789755e+02	3.00000000000000e-02	0.00000000000000e+00	0.00000000000000e+00	5.01422705014130e+02	-5.75840860764769e+00
85	118	96	107	5.83970000000000e+02	6.91150383789755e+02	3.00000000000000e-02	0.00000000000000e+00	0.00000000000000e+00	5.09190239262122e+02	4.56759713055298e+00
86	119	97	108	4.37870000000000e+02	6.91150383789755e+02	3.00000000000000e-02	0.00000000000000e+00	0.00000000000000e+00	4.61583023269103e+02	-1.75799579452658e+00
87	120	98	109	5.21270000000000e+02	6.91150383789755e+02	3.00000000000000e-02	0.00000000000000e+00	0.00000000000000e+00	4.66144152622577e+02	3.72577383333059e+00
88	121	99	110	4.55520000000000e+02	6.91150383789755e+02	3.00000000000000e-02	0.00000000000000e+00	0.00000000000000e+00	4.48962106495586e+02	4.83371156057662e-01
89	122	100	111	4.87070000000000e+02	6.91150383789755e+02	3.00000000000000e-02	0.00000000000000e+00	0.00000000000000e+00	4.78145565196068e+02	6.16421136304357e-01
90	123	101	112	4.86090000000000e+02	6.91150383789755e+02	3.00000000000000e-02	0.00000000000000e+00	0.00000000000000e+00	4.89874606501848e+02	-2.58522043869588e-01
91	124	102	113	4.59220000000000e+02	6.91150383789755e+02	3.00000000000000e-02	0.00000000000000e+00	0.00000000000000e+00	4.74497702639864e+02	-1.09091261100872e+00
92	125	103	114	4.07730000000000e+02	6.91150383789755e+02	3.00000000000000e-02	0.00000000000000e+00	0.00000000000000e+00	4.33378902733041e+02	-2.03357395901280e+00
93	126	104	115	4.07080000000000e+02	6.91150383789755e+02	3.00000000000000e-02	0.00000000000000e+00	0.00000000000000e+00	3.82661717504952e+02	2.06194571817978e+00
94	127	105	116	3.50180000000000e+02	6.91150383789755e+02	3.00000000000000e-02	0.00000000000000e+00	0.00000000000000e+00	3.47055405509791e+02	2.98762358006114e-01
95	128	106	117	3.10120000000000e+02	6.91150383789755e+02	3.00000000000000e-02	0.00000000000000e+00	0.00000000000000e+00	3.30306781589515e+02	-2.10208481471259e+00
96	129	107	118	3.61910000000000e+02	6.91150383789755e+02	3.00000000000000e-02	0.00000000000000e+00	0.00000000000000e+00	3.44365469019921e+02	1.65640195911602e+00
97	130	108	119	3.53510000000000e+02	6.91150383789755e+02	3.00000000000000e-02	0.00000000000000e+00	0.00000000000000e+00	3.61493245671601e+02	-7.44386125733450e-01
98	131	109	120	3.16510000000000e+02	6.91150383789755e+02	3.00000000000000e-02	0.00000000000000e+00	0.00000000000000e+00	2.88116268213203e+02	3.13302429735787e+00
99	132	110	121	2.52510000000000e+02	6.91150383789755e+02	3.00000000000000e-02	0.00000000000000e+00	0.00000000000000e+00	2.28774471112341e+02	3.29047253057878e+00
100	133	111	122	1.71930000000000e+02	6.91150383789755e+02	3.00000000000000e-02	0.00000000000000e+00	0.00000000000000e+00	1.56077375286595e+02	3.22451791734662e+00
101	134	112	123	1.45170000000000e+02	6.91150383789755e+02	3.00000000000000e-02	0.00000000000000e+00	0.00000000000000e+00	1.43406688824324e+02	4.07363262485057e-01
102	135	113	124	1.34280000000000e+02	6.91150383789755e+02	3.00000000000000e-02	0.00000000000000e+00	0.00000000000000e+00	1.35633483744878e+02	-3.34303439472006e-01
103	136	114	125	1.72660000000000e+02	6.91150383789755e+02	3.00000000000000e-02	0.00000000000000e+00	0.00000000000000e+00	1.36055117659328e+02	7.94214207556682e+00
104	137	115	126	1.29300000000000e+02	6.91150383789755e+02	3.00000000000000e-02	0.00000000000000e+00	0.00000000000000e+00	1.23411525581170e+02	1.55369261654972e+00
105	138	116	127	1.46300000000000e+02	6.91150383789755e+02	3.00000000000000e-02	0.00000000000000e+00	0.00000000000000e+00	1.22307945483068e+02	5.97057667627112e+00
106	139	117	128	1.10420000000000e+02	6.91150383789755e+02	3.00000000000000e-02	0.00000000000000e+00	0.00000000000000e+00	1.22569218159718e+02	-3.47948799173888e+00
107	140	118	129	1.46540000000000e+02	6.91150383789755e+02	3.00000000000000e-02	0.00000000000000e+00	0.00000000000000e+00	1.25720747512272e+02	5.10784236566817e+00
108	141	119	130	1.44770000000000e+02	6.91150383789755e+02	3.00000000000000e-02	0.00000000000000e+00	0.00000000000000e+00	1.30708022305741e+02	3.40600926268246e+00
109	142	120	131	1.77780000000000e+02	6.91150383789755e+02	3.00000000000000e-02	0.00000000000000e+00	0.00000000000000e+00	1.51920774938910e+02	5.23958877851619e+00
110	143	121	132	1.84310000000000e+02	6.91150383789755e+02	3.00000000000000e-02	0.00000000000000e+00	0.00000000000000e+00	1.76099814023139e+02	1.51893877161967e+00
111	144	122	133	1.73820000000000e+02	6.91150383789755e+02	3.00000000000000e-02	0.00000000000000e+00	0.00000000000000e+00	2.11818315702639e+02	-6.59028749414693e+00
112	145	123	134	2.59220000000000e+02	6.91150383789755e+02	3.00000000000000e-02	0.00000000000000e+00	0.00000000000000e+00	2.35300958169332e+02	3.22705847174480e+00
113	146	124	135	2.51180000000000e+02	6.91150383789755e+02	3.00000000000000e-02	0.00000000000000e+00	0.00000000000000e+00	2.38579483818516e+02	1.71557644319173e+00
114	147	125	136	2.42050000000000e+02	6.91150383789755e+02	3.00000000000000e-02	0.00000000000000e+00	0.00000000000000e+00	2.29075632966977e+02	1.83640307984222e+00
115	148	126	137	2.93840000000000e+02	6.91150383789755e+02	3.00000000000000e-02	0.00000000000000e+00	0.00000000000000e+00	2.68721044633507e+02	2.97871895908622e+00
116	149	127	138	3.51360000000000e+02	6.91150383789755e+02	3.00000000000000e-02	0.00000000000000e+00	0.00000000000000e+00	3.29903245306258e+02	2.10039744841962e+00
117	150	128	139	4.95930000000000e+02	6.91150383789755e+02	3.00000000000000e-02	0.00000000000000e+00	0.00000000000000e+00	4.80992366014409e+02	1.01944629417104e+00
118	151	129	140	7.25480000000000e+02	6.91150383789755e+02	3.00000000000000e-02	0.00000000000000e+00	0.00000000000000e+00	6.34552077354533e+02	4.46380482513235e+00
119	152	130	141	7.72160000000000e+02	6.91150383789755e+02	3.00000000000000e-02	0.00000000000000e+00	0.00000000000000e+00	6.59627784589348e+02	5.25053564154702e+00
120	153	131	142	6.19570000000000e+02	6.91150383789755e+02	3.00000000000000e-02	0.00000000000000e+00	0.00000000000000e+00	5.50641883399304e+02	3.93136768565168e+00
121	154	132	143	4.65130000000000e+02	6.91150383789755e+02	3.00000000000000e-02	0.00000000000000e+00	0.00000000000000e+00	4.08580243410372e+02	4.32095357003221e+00
122	155	133	144	3.19470000000000e+02	6.91150383789755e+02	3.00000000000000e-02	0.00000000000000e+00	0.00000000000000e+00	2.92260027555864e+02	2.96731537878191e+00
123	156	134	145	2.36030000000000e+02	6.91150383789755e+02	3.00000000000000e-02	0.00000000000000e+00	0.00000000000000e+00	2.28673835839969e+02	1.05540749848814e+00
124	157	135	146	1.72750000000000e+02	6.91150383789755e+02	3.00000000000000e-02	0.00000000000000e+00	0.00000000000000e+00	2.05319899920959e+02	-5.75745958715415e+00
125	158	136	147	1.65670000000000e+02	6.91150383789755e+02	3.00000000000000e-02	0.00000000000000e+00	0.00000000000000e+00	1.88211083760067e+02	-4.25220869948557e+00
126	159	137	148	1.39610000000000e+02	6.91150383789755e+02	3.00000000000000e-02	0.00000000000000e+00	0.00000000000000e+00	1.45134294728107e+02	-1.29355544424623e+00
127	160	138	149	1.22930000000000e+02	6.91150383789755e+02	3.00000000000000e-02	0.00000000000000e+00	0.00000000000000e+00	1.20453651747108e+02	6.78334718093184e-01
128	161	139	150	9.61100000000000e+01	6.91150383789755e+02	3.00000000000000e-02	0.00000000000000e+00	0.00000000000000e+00	8.99079496566455e+01	2.22356678319201e+00
129	162	140	151	9.01300000000000e+01	6.91150383789755e+02	3.00000000000000e-02	0.00000000000000e+00	0.00000000000000e+00	6.74430582597459e+01	9.66564706806337e+00
130	163	141	152	6.34000000000000e+01	6.91150383789755e+02	3.00000000000000e-02	0.00000000000000e+00	0.00000000000000e+00	5.55241210350331e+01	4.42154406213107e+00
131	164	142	153	5.60900000000000e+01	6.91150383789755e+02	3.00000000000000e-02	0.00000000000000e+00	0.00000000000000e+00	4.80772207451111e+01	5.13830199220795e+00
132	165	143	154	3.51700000000000e+01	6.91150383789755e+02	3.00000000000000e-02	0.00000000000000e+00	0.00000000000000e+00	4.55825465851920e+01	-8.64438154807039e+00
133	166	144	155	4.59600000000000e+01	6.91150383789755e+02	3.00000000000000e-02	0.00000000000000e+00	0.00000000000000e+00	4.77761175290155e+01	-1.29181427914539e+00
134	167	145	156	5.67400000000000e+01	6.91150383789755e+02	3.00000000000000e-02	0.00000000000000e+00	0.00000000000000e+00	4.98049957498160e+01	4.34547113733575e+00
135	168	146	157	5.22500000000000e+01	6.91150383789755e+02	3.00000000000000e-02	0.00000000000000e+00	0.00000000000000e+00	5.83019648881407e+01	-3.65319683330590e+00
136	169	147	158	1.17760000000000e+02	6.91150383789755e+02	3.00000000000000e-02	0.00000000000000e+00	0.00000000000000e+00	9.14533869654197e+01	8.42730815252037e+00
137	170	148	159	1.83330000000000e+02	6.91150383789755e+02	3.00000000000000e-02	0.00000000000000e+00	0.00000000000000e+00	1.62022790842926e+02	4.11835993406842e+00
138	171	149	160	3.35460000000000e+02	6.91150383789755e+02	3.00000000000000e-02	0.00000000000000e+00	0.00000000000000e+00	2.63882082504123e+02	8.00001260275588e+00
139	172	150	161	5.40380000000000e+02	6.91150383789755e+02	3.00000000000000e-02	0.00000000000000e+00	0.00000000000000e+00	4.65486292061128e+02	4.97299824231003e+00
140	173	151	162	7.45310000000000e+02	6.91150383789755e+02	3.00000000000000e-02	0.00000000000000e+00	0.00000000000000e+00	6.34220131679961e+02	5.38013780627603e+00
141	174	152	163	7.95020000000000e+02	6.91150383789755e+02	3.00000000000000e-02	0.00000000000000e+00	0.00000000000000e+00	6.85527468719108e+02	4.93929007667150e+00
142	175	153	164	6.59690000000000e+02	6.91150383789755e+02	3.00000000000000e-02	0.00000000000000e+00	0.00000000000000e+00	6.13012735831873e+02	2.44614385845029e+00
143	176	154	165	5.00750000000000e+02	6.91150383789755e+02	3.00000000000000e-02	0.00000000000000e+00	0.00000000000000e+00	5.17822219220429e+02	-1.11750008888943e+00
1	37	13	25	3.41810000000000e+02	7.53982236861550e+02	3.00000000000000e-02	0.00000000000000e+00	0.00000000000000e+00	3.15541949649855e+02	2.66544638487414e+00
3	38	14	26	3.56090000000000e+02	7.53982236861550e+02	3.00000000000000e-02	0.00000000000000e+00	0.00000000000000e+00	3.25890234067218e+02	2.95409628455078e+00
4	39	15	27	3.88620000000000e+02	7.53982236861550e+02	3.00000000000000e-02	0.00000000000000e+00	0.00000000000000e+00	3.65248198674894e+02	2.06749611878638e+00
2	40	16	28	4.27230000000000e+02	7.53982236861550e+02	3.00000000000000e-02	0.00000000000000e+00	0.00000000000000e+00	3.96186347265895e+02	2.51459451421227e+00
5	41	17	29	4.58510000000000e+02	7.53982236861550e+02	3.00000000000000e-02	0.00000000000000e+00	0.00000000000000e+00	4.37563300174327e+02	1.55869067550354e+00
6	42	18	30	5.34170000000000e+02	7.53982236861550e+02	3.00000000000000e-02	0.00000000000000e+00	0.00000000000000e+00	5.13987756962267e+02	1.28382314416425e+00
7	43	19	31	6.22570000000000e+02	7.53982236861550e+02	3.00000000000000e-02	0.00000000000000e+00	0.00000000000000e+00	6.14088320436976e+02	4.57243655120809e-01
8	44	20	32	7.30660000000000e+02	7.53982236861550e+02	3.00000000000000e-02	0.00000000000000e+00	0.00000000000000e+00	7.24566462962489e+02	2.79158046640908e-01
9	45	21	33	7.78680000000000e+02	7.53982236861550e+02	3.00000000000000e-02	0.00000000000000e+00	0.00000000000000e+00	7.61117919782004e+02	7.60395961401835e-01
10	46	22	34	8.18740000000000e+02	7.53982236861550e+02	3.00000000000000e-02	0.00000000000000e+00	0.00000000000000e+00	8.00423140124361e+02	7.54202004754726e-01
11	47	23	35	8.67020000000000e+02	7.53982236861550e+02	3.00000000000000e-02	0.00000000000000e+00	0.00000000000000e+00	8.58771348794419e+02	3.18644700798239e-01
12	48	24	36	8.38580000000000e+02	7.53982236861550e+02	3.00000000000000e-02	0.00000000000000e+00	0.00000000000000e+00	8.34165097831255e+02	1.75954779398069e-01
13	49	25	37	7.41450000000000e+02	7.53982236861550e+02	3.00000000000000e-02	0.00000000000000e+00	0.00000000000000e+00	7.77738190187789e+02	-1.59274075516012e+00
14	50	26	38	7.11510000000000e+02	7.53982236861550e+02	3.00000000000000e-02	0.00000000000000e+00	0.00000000000000e+00	7.19676171430226e+02	-3.80395889650102e-01
15	51	27	39	6.02470000000000e+02	7.53982236861550e+02	3.00000000000000e-02	0.00000000000000e+00	0.00000000000000e+00	6.17348714143523e+02	-8.13205651765229e-01
16	52	28	40	5.57270000000000e+02	7.53982236861550e+02	3.00000000000000e-02	0.00000000000000e+00	0.00000000000000e+00	5.60447314049149e+02	-1.89512593670719e-01
17	53	29	41	5.31980000000000e+02	7.53982236861550e+02	3.00000000000000e-02	0.00000000000000e+00	0.00000000000000e+00	5.27783156275512e+02	2.64012805721858e-01
18	54	30	42	4.94090000000000e+02	7.53982236861550e+02	3.00000000000000e-02	0.00000000000000e+00	0.00000000000000e+00	4.78517112460094e+02	1.06752379527615e+00
19	55	31	43	4.72330000000000e+02	7.53982236861550e+02	3.00000000000000e-02	0.00000000000000e+00	0.00000000000000e+00	4.13241924679528e+02	4.45482327766067e+00
20	56	32	44	3.36550000000000e+02	7.53982236861550e+02	3.00000000000000e-02	0.00000000000000e+00	0.00000000000000e+00	3.31795944958484e+02	4.74219003926161e-01
21	57	33	45	2.90230000000000e+02	7.53982236861550e+02	3.00000000000000e-02	0.00000000000000e+00	0.00000000000000e+00	3.13376624453006e+02	-2.55773427039120e+00
22	58	34	46	3.19530000000000e+02	7.53982236861550e+02	3.00000000000000e-02	0.00000000000000e+00	0.00000000000000e+00	3.00420281491375e+02	2.05562445203068e+00
23	59	35	47	2.93500000000000e+02	7.53982236861550e+02	3.00000000000000e-02	0.00000000000000e+00	0.00000000000000e+00	3.05504708480794e+02	-1.33625172001626e+00
24	60	36	48	3.59430000000000e+02	7.53982236861550e+02	3.00000000000000e-02	0.00000000000000e+00	0.00000000000000e+00	3.84446732373842e+02	-2.24285995464545e+00
25	61	37	49	4.35830000000000e+02	7.53982236861550e+02	3.00000000000000e-02	0.00000000000000e+00	0.00000000000000e+00	4.42991815949334e+02	-5.43301222044009e-01
26	62	38	50	5.20650000000000e+02	7.53982236861550e+02	3.00000000000000e-02	0.00000000000000e+00	0.00000000000000e+00	5.20983565125069e+02	-2.13488471467294e-02
27	63	39	51	6.12800000000000e+02	7.53982236861550e+02	3.00000000000000e-02	0.00000000000000e+00	0.00000000000000e+00	6.26939445251492e+02	-7.60377966542218e-01
28	64	40	52	6.89370000000000e+02	7.53982236861550e+02	3.00000000000000e-02	0.00000000000000e+00	0.00000000000000e+00	6.80305948937751e+02	4.41183838073537e-01
29	65	41	53	7.69860000000000e+02	7.53982236861550e+02	3.00000000000000e-02	0.00000000000000e+00	0.00000000000000e+00	7.06279592438746e+02	2.87324992513070e+00
30	66	42	54	7.39740000000000e+02	7.53982236861550e+02	3.00000000000000e-02	0.00000000000000e+00	0.00000000000000e+00	7.46795683886008e+02	-3.16428635486303e-01
31	67	43	55	8.04730000000000e+02	7.53982236861550e+02	3.00000000000000e-02	0.00000000000000e+00	0.00000000000000e+00	8.16046595591450e+02	-4.65487944762740e-01
32	68	44	56	8.88750000000000e+02	7.53982236861550e+02	3.00000000000000e-02	0.00000000000000e+00	0.00000000000000e+00	9.15013596220507e+02	-9.70764776835242e-01
33	69	45	57	9.99180000000000e+02	7.53982236861550e+02	3.00000000000000e-02	0.00000000000000e+00	0.00000000000000e+00	9.59737678143020e+02	1.34249824702731e+00
34	70	46	58	1.06809000000000e+03	7.53982236861550e+02	3.00000000000000e-02	0.00000000000000e+00	0.00000000000000e+00	1.04134576486907e+03	8.45270843929076e-01
35	71	47	59	1.08361000000000e+03	7.53982236861550e+02	3.00000000000000e-02	0.00000000000000e+00	0.00000000000000e+00	1.08492073230033e+03	-4.02955617344899e-02
36	72	48	60	1.12894000000000e+03	7.53982236861550e+02	3.00000000000000e-02	0.00000000000000e+00	0.00000000000000e+00	1.10757249616878e+03	6.36948643012225e-01
37	73	49	61	1.04910000000000e+03	7.53982236861550e+02	3.00000000000000e-02	0.00000000000000e+00	0.00000000000000e+00	1.04328262066010e+03	1.85351514958310e-01
38	74	50	62	9.52000000000000e+02	7.53982236861550e+02	3.00000000000000e-02	0.00000000000000e+00	0.00000000000000e+00	9.61413267957122e+02	-3.27977374532325e-01
39	75	51	63	8.89190000000000e+02	7.53982236861550e+02	3.00000000000000e-02	0.00000000000000e+00	0.00000000000000e+00	8.90059381057163e+02	-3.25748275502432e-02
40	76	52	64	8.62520000000000e+02	7.53982236861550e+02	3.00000000000000e-02	0.00000000000000e+00	0.00000000000000e+00	8.36069604413025e+02	1.03821561854452e+00
41	77	53	65	7.85640000000000e+02	7.53982236861550e+02	3.00000000000000e-02	0.00000000000000e+00	0.00000000000000e+00	7.80769932383576e+02	2.07271553788294e-01
42	78	54	66	7.46090000000000e+02	7.53982236861550e+02	3.00000000000000e-02	0.00000000000000e+00	0.00000000000000e+00	7.08529003758702e+02	1.72184137383482e+00
43	79	55	67	7.71940000000000e+02	7.53982236861550e+02	3.00000000000000e-02	0.00000000000000e+00	0.00000000000000e+00	6.92693591620030e+02	3.61063577059415e+00
44	80	56	68	6.87150000000000e+02	7.53982236861550e+02	3.00000000000000e-02	0.00000000000000e+00	0.00000000000000e+00	6.72567885488895e+02	7.14985255152278e-01
45	81	57	69	6.15160000000000e+02	7.53982236861550e+02	3.00000000000000e-02	0.00000000000000e+00	0.00000000000000e+00	6.15264860779371e+02	-5.68154859713251e-03
46	82	58	70	5.59310000000000e+02	7.53982236861550e+02	3.00000000000000e-02	0.00000000000000e+00	0.00000000000000e+00	5.42249112645422e+02	1.03261226283466e+00
47	83	59	71	5.58560000000000e+02	7.53982236861550e+02	3.00000000000000e-02	0.00000000000000e+00	0.00000000000000e+00	5.06195113015915e+02	3.28132831825689e+00
48	84	60	72	4.92320000000000e+02	7.53982236861550e+02	3.00000000000000e-02	0.00000000000000e+00	0.00000000000000e+00	4.81891130772232e+02	7.13689760090119e-01
49	85	61	73	4.81790000000000e+02	7.53982236861550e+02	3.00000000000000e-02	0.00000000000000e+00	0.00000000000000e+00	4.86779050134615e+02	-3.43399661472935e-01
50	86	62	74	6.48240000000000e+02	7.53982236861550e+02	3.00000000000000e-02	0.00000000000000e+00	0.00000000000000e+00	5.31036998602154e+02	6.64764340403374e+00
51	87	63	75	5.69450000000000e+02	7.53982236861550e+02	3.00000000000000e-02	0.00000000000000e+00	0.00000000000000e+00	5.80282096951346e+02	-6.28112554420923e-01
52	88	64	76	6.00560000000000e+02	7.53982236861550e+02	3.00000000000000e-02	0.00000000000000e+00	0.00000000000000e+00	6.10241964423972e+02	-5.33099608092069e-01
53	89	65	77	6.54430000000000e+02	7.53982236861550e+02	3.00000000000000e-02	0.00000000000000e+00	0.00000000000000e+00	6.29003832364691e+02	1.32090927623354e+00
54	90	66	78	6.46100000000000e+02	7.53982236861550e+02	3.00000000000000e-02	0.00000000000000e+00	0.00000000000000e+00	6.50907681726096e+02	-2.47117721463841e-01
55	91	67	79	6.67190000000000e+02	7.53982236861550e+02	3.00000000000000e-02	0.00000000000000e+00	0.00000000000000e+00	6.61247791304672e+02	2.98207331255422e-01
56	92	68	80	7.57580000000000e+02	7.53982236861550e+02	3.00000000000000e-02	0.00000000000000e+00	0.00000000000000e+00	7.10653858726603e+02	2.13145561142305e+00
57	93	69	81	7.94790000000000e+02	7.53982236861550e+02	3.00000000000000e-02	0.00000000000000e+00	0.00000000000000e+00	7.95288032210326e+02	-2.08808295997306e-02
58	94	70	82	9.16850000000000e+02	7.53982236861550e+02	3.00000000000000e-02	0.00000000000000e+00	0.00000000000000e+00	8.91762280921519e+02	9.24809538066018e-01
59	95	71	83	9.69390000000000e+02	7.53982236861550e+02	3.00000000000000e-02	0.00000000000000e+00	0.00000000000000e+00	9.40099833740986e+02	1.02269773222951e+00
60	96	72	84	1.12594000000000e+03	7.53982236861550e+02	3.00000000000000e-02	0.00000000000000e+00	0.00000000000000e+00	1.05894440661618e+03	2.04485577338547e+00
61	97	73	85	1.08812000000000e+03	7.53982236861550e+02	3.00000000000000e-02	0.00000000000000e+00	0.00000000000000e+00	1.06380852176105e+03	7.53200749859051e-01
62	98	74	86	1.09983000000000e+03	7.53982236861550e+02	3.00000000000000e-02	0.00000000000000e+00	0.00000000000000e+00	1.00771788628303e+03	2.91557888828935e+00
63	99	75	87	1.00385000000000e+03	7.53982236861550e+02	3.00000000000000e-02	0.00000000000000e+00	0.00000000000000e+00	9.62647338781483e+02	1.39702509998640e+00
64	100	76	88	9.78740000000000e+02	7.53982236861550e+02	3.00000000000000e-02	0.00000000000000e+00	0.00000000000000e+00	9.37121778637653e+02	1.44842632722231e+00
65	101	77	89	9.07220000000000e+02	7.53982236861550e+02	3.00000000000000e-02	0.00000000000000e+00	0.00000000000000e+00	8.82863429680015e+02	9.07148540600359e-01
66	102	78	90	7.75910000000000e+02	7.53982236861550e+02	3.00000000000000e-02	0.00000000000000e+00	0.00000000000000e+00	7.91779555201896e+02	-6.74882653454508e-01
67	103	79	91	7.38000000000000e+02	7.53982236861550e+02	3.00000000000000e-02	0.00000000000000e+00	0.00000000000000e+00	7.67269524827187e+02	-1.29647721263402e+00
68	104	80	92	7.11830000000000e+02	7.53982236861550e+02	3.00000000000000e-02	0.00000000000000e+00	0.00000000000000e+00	7.26356421629680e+02	-6.73390479307538e-01
69	105	81	93	6.28720000000000e+02	7.53982236861550e+02	3.00000000000000e-02	0.00000000000000e+00	0.00000000000000e+00	6.39081452925462e+02	-5.44863635433549e-01
70	106	82	94	5.25590000000000e+02	7.53982236861550e+02	3.00000000000000e-02	0.00000000000000e+00	0.00000000000000e+00	5.41106470305310e+02	-9.69820705053189e-01
71	107	83	95	4.38680000000000e+02	7.53982236861550e+02	3.00000000000000e-02	0.00000000000000e+00	0.00000000000000e+00	4.58937790131899e+02	-1.50481498337808e+00
72	108	84	96	3.93330000000000e+02	7.53982236861550e+02	3.00000000000000e-02	0.00000000000000e+00	0.00000000000000e+00	4.10296039237833e+02	-1.40766639633373e+00
73	109	85	97	3.78280000000000e+02	7.53982236861550e+02	3.00000000000000e-02	0.00000000000000e+00	0.00000000000000e+00	3.71062234376797e+02	6.42162198719495e-01
74	110	86	98	3.36100000000000e+02	7.53982236861550e+02	3.00000000000000e-02	0.00000000000000e+00	0.00000000000000e+00	3.44721401199172e+02	-8.44260777135345e-01
75	111	87	99	3.69550000000000e+02	7.53982236861550e+02	3.00000000000000e-02	0.00000000000000e+00	0.00000000000000e+00	3.29570960667746e+02	3.81647866157403e+00
76	112	88	100	3.46600000000000e+02	7.53982236861550e+02	3.00000000000000e-02	0.00000000000000e+00	0.00000000000000e+00	3.24434221500809e+02	2.20295229748893e+00
77	113	89	101	3.23710000000000e+02	7.53982236861550e+02	3.00000000000000e-02	0.00000000000000e+00	0.00000000000000e+00	3.22402391886752e+02	1.34920788282618e-01
78	114	90	102	3.08620000000000e+02	7.53982236861550e+02	3.00000000000000e-02	0.00000000000000e+00	0.00000000000000e+00	3.32416924162513e+02	-2.47597433639285e+00
79	115	91	103	3.57570000000000e+02	7.53982236861550e+02	3.00000000000000e-02	0.00000000000000e+00	0.00000000000000e+00	3.41119816625089e+02	1.56991210642037e+00
80	116	92	104	3.95920000000000e+02	7.53982236861550e+02	3.00000000000000e-02	0.00000000000000e+00	0.00000000000000e+00	3.87958863959862e+02	6.77095245431847e-01
81	117	93	105	4.38120000000000e+02	7.53982236861550e+02	3.00000000000000e-02	0.00000000000000e+00	0.00000000000000e+00	4.23962554538833e+02	1.09492362968231e+00
82	118	94	106	4.96470000000000e+02	7.53982236861550e+02	3.00000000000000e-02	0.00000000000000e+00	0.00000000000000e+00	4.50357819743004e+02	3.24935456394610e+00
83	119	95	107	4.08170000000000e+02	7.53982236861550e+02	3.00000000000000e-02	0.00000000000000e+00	0.00000000000000e+00	4.78441126155235e+02	-5.29498035652424e+00
84	120	96	108	5.70180000000000e+02	7.53982236861550e+02	3.00000000000000e-02	0.00000000000000e+00	0.00000000000000e+00	4.90751554412134e+02	5.00046999593859e+00
85	121	97	109	5.64700000000000e+02	7.53982236861550e+02	3.00000000000000e-02	0.00000000000000e+00	0.00000000000000e+00	5.03581979837415e+02	3.81826992795397e+00
86	122	98	110	5.57750000000000e+02	7.53982236861550e+02	3.00000000000000e-02	0.00000000000000e+00	0.00000000000000e+00	5.08492204710376e+02	3.08203159704314e+00
87	123	99	111	5.06430000000000e+02	7.53982236861550e+02	3.00000000000000e-02	0.00000000000000e+00	0.00000000000000e+00	4.80104743492352e+02	1.77939383586558e+00
88	124	100	112	4.79070000000000e+02	7.53982236861550e+02	3.00000000000000e-02	0.00000000000000e+00	0.00000000000000e+00	4.71166584679015e+02	5.54500335507916e-01
89	125	101	113	4.46560000000000e+02	7.53982236861550e+02	3.00000000000000e-02	0.00000000000000e+00	0.00000000000000e+00	4.68109873023291e+02	-1.57097566641422e+00
90	126	102	114	4.18280000000000e+02	7.53982236861550e+02	3.00000000000000e-02	0.00000000000000e+00	0.00000000000000e+00	4.51942381834174e+02	-2.58012110527224e+00
91	127	103	115	4.22820000000000e+02	7.53982236861550e+02	3.00000000000000e-02	0.00000000000000e+00	0.00000000000000e+00	4.34227061951572e+02	-8.87367498016071e-01
92	128	104	116	3.73300000000000e+02	7.53982236861550e+02	3.00000000000000e-02	0.00000000000000e+00	0.00000000000000e+00	3.74435949310773e+02	-1.01279084389431e-01
93	129	105	117	3.39420000000000e+02	7.53982236861550e+02	3.00000000000000e-02	0.00000000000000e+00	0.00000000000000e+00	3.43108176204519e+02	-3.60250046022337e-01
94	130	106	118	3.27700000000000e+02	7.53982236861550e+02	3.00000000000000e-02	0.00000000000000e+00	0.00000000000000e+00	3.28040737621889e+02	-3.46415011306611e-02
95	131	107	119	3.15840000000000e+02	7.53982236861550e+02	3.00000000000000e-02	0.00000000000000e+00	0.00000000000000e+00	3.18322829228959e+02	-2.61009927885573e-01
96	132	108	120	3.31210000000000e+02	7.53982236861550e+02	3.00000000000000e-02	0.00000000000000e+00	0.00000000000000e+00	3.19252203142727e+02	1.22570731359823e+00
97	133	109	121	2.76270000000000e+02	7.53982236861550e+02	3.00000000000000e-02	0.00000000000000e+00	0.00000000000000e+00	2.67946973252481e+02	1.01965161552681e+00
98	134	110	122	2.21330000000000e+02	7.53982236861550e+02	3.00000000000000e-02	0.00000000000000e+00	0.00000000000000e+00	2.03846356946564e+02	2.74294141980282e+00
99	135	111	123	1.64790000000000e+02	7.53982236861550e+02	3.00000000000000e-02	0.00000000000000e+00	0.00000000000000e+00	1.56438327642777e+02	1.73366920931818e+00
100	136	112	124	1.33100000000000e+02	7.53982236861550e+02	3.00000000000000e-02	0.00000000000000e+00	0.00000000000000e+00	1.47252582067698e+02	-3.36828774137971e+00
101	137	113	125	1.01400000000000e+02	7.53982236861550e+02	3.00000000000000e-02	0.00000000000000e+00	0.00000000000000e+00	1.23990258305513e+02	-6.70433031031591e+00
102	138	114	126	1.09680000000000e+02	7.53982236861550e+02	3.00000000000000e-02	0.00000000000000e+00	0.00000000000000e+00	1.17047309967376e+02	-2.16703921694241e+00
103	139	115	127	1.14080000000000e+02	7.53982236861550e+02	3.00000000000000e-02	0.00000000000000e+00	0.00000000000000e+00	1.04910700096918e+02	2.79301478783935e+00
104	140	116	128	1.47810000000000e+02	7.53982236861550e+02	3.00000000000000e-02	0.00000000000000e+00	0.00000000000000e+00	1.08458117895874e+02	1.03187858980284e+01
105	141	117	129	1.68330000000000e+02	7.53982236861550e+02	3.00000000000000e-02	0.00000000000000e+00	0.00000000000000e+00	1.16730362956414e+02	1.22019884468074e+01
106	142	118	130	1.45290000000000e+02	7.53982236861550e+02	3.00000000000000e-02	0.00000000000000e+00	0.00000000000000e+00	1.24128660059305e+02	5.24710454233398e+00
107	143	119	131	1.38420000000000e+02	7.53982236861550e+02	3.00000000000000e-02	0.00000000000000e+00	0.00000000000000e+00	1.33743421175873e+02	1.14564481058173e+00
108	144	120	132	1.56010000000000e+02	7.53982236861550e+02	3.00000000000000e-02	0.00000000000000e+00	0.00000000000000e+00	1.53262198498607e+02	5.92331247493139e-01
109	145	121	133	2.12480000000000e+02	7.53982236861550e+02	3.00000000000000e-02	0.00000000000000e+00	0.00000000000000e+00	1.87569352424765e+02	4.15664032224843e+00
110	146	122	134	2.00480000000000e+02	7.53982236861550e+02	3.00000000000000e-02	0.00000000000000e+00	0.00000000000000e+00	2.27699862935680e+02	-4.24379599901391e+00
111	147	123	135	2.69250000000000e+02	7.53982236861550e+02	3.00000000000000e-02	0.00000000000000e+00	0.00000000000000e+00	2.43593230500820e+02	3.33801899974630e+00
112	148	124	136	2.73480000000000e+02	7.53982236861550e+02	3.00000000000000e-02	0.00000000000000e+00	0.00000000000000e+00	2.50962335679577e+02	2.86418740756584e+00
113	149	125	137	3.20090000000000e+02	7.53982236861550e+02	3.00000000000000e-02	0.00000000000000e+00	0.00000000000000e+00	2.87668486805190e+02	3.55978255354899e+00
114	150	126	138	3.77670000000000e+02	7.53982236861550e+02	3.00000000000000e-02	0.00000000000000e+00	0.00000000000000e+00	3.38791334577283e+02	3.62121376013211e+00
115	151	127	139	5.16290000000000e+02	7.53982236861550e+02	3.00000000000000e-02	0.00000000000000e+00	0.00000000000000e+00	4.71341208757880e+02	3.03621188811762e+00
116	152	128	140	6.85720000000000e+02	7.53982236861550e+02	3.00000000000000e-02	0.00000000000000e+00	0.00000000000000e+00	5.83786140209566e+02	5.36448878831015e+00
117	153	129	141	6.44350000000000e+02	7.53982236861550e+02	3.00000000000000e-02	0.00000000000000e+00	0.00000000000000e+00	5.47589676077824e+02	5.42386055110701e+00
118	154	130	142	5.14060000000000e+02	7.53982236861550e+02	3.00000000000000e-02	0.00000000000000e+00	0.00000000000000e+00	4.44787302007061e+02	4.82479317590654e+00
119	155	131	143	3.80340000000000e+02	7.53982236861550e+02	3.00000000000000e-02	0.00000000000000e+00	0.00000000000000e+00	3.53933719134618e+02	2.39853093346151e+00
120	156	132	144	3.02270000000000e+02	7.53982236861550e+02	3.00000000000000e-02	0.00000000000000e+00	0.00000000000000e+00	2.91729207820091e+02	1.18315520597960e+00
121	157	133	145	2.22800000000000e+02	7.53982236861550e+02	3.00000000000000e-02	0.00000000000000e+00	0.00000000000000e+00	2.43627775357676e+02	-2.97890138781645e+00
122	158	134	146	2.16230000000000e+02	7.53982236861550e+02	3.00000000000000e-02	0.00000000000000e+00	0.00000000000000e+00	2.09638546232875e+02	1.03192722214480e+00
123	159	135	147	1.76770000000000e+02	7.53982236861550e+02	3.00000000000000e-02	0.00000000000000e+00	0.00000000000000e+00	1.87886249687138e+02	-2.03290907689828e+00
124	160	136	148	1.55700000000000e+02	7.53982236861550e+02	3.00000000000000e-02	0.00000000000000e+00	0.00000000000000e+00	1.66034891812255e+02	-2.14222930231702e+00
125	161	137	149	1.34310000000000e+02	7.53982236861550e+02	3.00000000000000e-02	0.00000000000000e+00	0.00000000000000e+00	1.22515109600984e+02	3.06387316203030e+00
126	162	138	150	1.02590000000000e+02	7.53982236861550e+02	3.00000000000000e-02	0.00000000000000e+00	0.00000000000000e+00	1.05676414650760e+02	-9.88042368998906e-01
127	163	139	151	9.36700000000000e+01	7.53982236861550e+02	3.00000000000000e-02	0.00000000000000e+00	0.00000000000000e+00	8.66824584997123e+01	2.58421426714195e+00
128	164	140	152	6.78100000000000e+01	7.53982236861550e+02	3.00000000000000e-02	0.00000000000000e+00	0.00000000000000e+00	6.42348922171125e+01	1.80543737199980e+00
129	165	141	153	6.22700000000000e+01	7.53982236861550e+02	3.00000000000000e-02	0.00000000000000e+00	0.00000000000000e+00	5.15201310680650e+01	6.31690476894988e+00
130	166	142	154	4.52800000000000e+01	7.53982236861550e+02	3.00000000000000e-02	0.00000000000000e+00	0.00000000000000e+00	4.52315918974507e+01	3.56551804765311e-02
131	167	143	155	7.02800000000000e+01	7.53982236861550e+02	3.00000000000000e-02	0.00000000000000e+00	0.00000000000000e+00	4.20460950845907e+01	1.71240248278837e+01
132	168	144	156	4.38300000000000e+01	7.53982236861550e+02	3.00000000000000e-02	0.00000000000000e+00	0.00000000000000e+00	4.19735647263293e+01	1.44261685292193e+00
133	169	145	157	5.23500000000000e+01	7.53982236861550e+02	3.00000000000000e-02	0.00000000000000e+00	0.00000000000000e+00	5.24166178035931e+01	-4.23912463519471e-02
134	170	146	158	8.19800000000000e+01	7.53982236861550e+02	3.00000000000000e-02	0.00000000000000e+00	0.00000000000000e+00	7.94211657072159e+01	1.05701372422959e+00
135	171	147	159	1.11610000000000e+02	7.53982236861550e+02	3.00000000000000e-02	0.00000000000000e+00	0.00000000000000e+00	1.27245873767203e+02	-4.37035256821095e+00
136	172	148	160	2.27180000000000e+02	7.53982236861550e+02	3.00000000000000e-02	0.00000000000000e+00	0.00000000000000e+00	1.86369776752126e+02	6.60033025286457e+00
137	173	149	161	3.14950000000000e+02	7.53982236861550e+02	3.00000000000000e-02	0.00000000000000e+00	0.00000000000000e+00	2.79536478001518e+02	3.97603667851160e+00
138	174	150	162	4.02720000000000e+02	7.53982236861550e+02	3.00000000000000e-02	0.00000000000000e+00	0.00000000000000e+00	3.61089150084654e+02	3.63722167996491e+00
139	175	151	163	5.53010000000000e+02	7.53982236861550e+02	3.00000000000000e-02	0.00000000000000e+00	0.00000000000000e+00	5.11649238336865e+02	2.59122585502520e+00
140	176	152	164	4.94300000000000e+02	7.53982236861550e+02	3.00000000000000e-02	0.00000000000000e+00	0.00000000000000e+00	6.48248530781257e+02	-9.03771792216048e+00
1	40	14	27	4.35580000000000e+02	8.16814089933346e+02	3.00000000000000e-02	0.00000000000000e+00	0.00000000000000e+00	4.07614553467168e+02	2.21188234478265e+00
3	41	15	28	4.49030000000000e+02	8.16814089933346e+02	3.00000000000000e-02	0.00000000000000e+00	0.00000000000000e+00	4.04761074914201e+02	3.45975820380264e+00
4	42	16	29	4.69750000000000e+02	8.16814089933346e+02	3.00000000000000e-02	0.00000000000000e+00	0.00000000000000e+00	4.23640588657553e+02	3.44384035986674e+00
2	43	17	30	5.53270000000000e+02	8.16814089933346e+02	3.00000000000000e-02	0.00000000000000e+00	0.00000000000000e+00	5.08674780053072e+02	2.80124183167804e+00
5	44	18	31	6.42810000000000e+02	8.16814089933346e+02	3.00000000000000e-02	0.00000000000000e+00	0.00000000000000e+00	6.29788691970169e+02	6.82161237623250e-01
6	45	19	32	6.93150000000000e+02	8.16814089933346e+02	3.00000000000000e-02	0.00000000000000e+00	0.00000000000000e+00	7.40429716136240e+02	-2.19947630518993e+00
7	46	20	33	7.67910000000000e+02	8.16814089933346e+02	3.00000000000000e-02	0.00000000000000e+00	0.00000000000000e+00	7.84501602462934e+02	-7.12535868181015e-01
8	47	21	34	8.35030000000000e+02	8.16814089933346e+02	3.00000000000000e-02	0.00000000000000e+00	0.00000000000000e+00	8.22243747797741e+02	5.14359036059986e-01
9	48	22	35	8.34840000000000e+02	8.16814089933346e+02	3.00000000000000e-02	0.00000000000000e+00	0.00000000000000e+00	7.99307523542976e+02	1.44981108236915e+00
10	49	23	36	7.83370000000000e+02	8.16814089933346e+02	3.00000000000000e-02	0.00000000000000e+00	0.00000000000000e+00	7.86926233754928e+02	-1.50979573503918e-01
11	50	24	37	7.88990000000000e+02	8.16814089933346e+02	3.00000000000000e-02	0.00000000000000e+00	0.00000000000000e+00	7.81563274115136e+02	3.15251165056433e-01
12	51	25	38	6.85450000000000e+02	8.16814089933346e+02	3.00000000000000e-02	0.00000000000000e+00	0.00000000000000e+00	7.14662428838911e+02	-1.39115822755975e+00
13	52	26	39	6.63720000000000e+02	8.16814089933346e+02	3.00000000000000e-02	0.00000000000000e+00	0.00000000000000e+00	6.49861284732239e+02	7.03381392796694e-01
14	53	27	40	5.31920000000000e+02	8.16814089933346e+02	3.00000000000000e-02	0.00000000000000e+00	0.00000000000000e+00	5.85945527691195e+02	-3.22445756679173e+00
15	54	28	41	5.71420000000000e+02	8.16814089933346e+02	3.00000000000000e-02	0.00000000000000e+00	0.00000000000000e+00	5.62575296161526e+02	5.19983532378454e-01
16	55	29	42	6.42560000000000e+02	8.16814089933346e+02	3.00000000000000e-02	0.00000000000000e+00	0.00000000000000e+00	5.44805809610024e+02	5.50102596988671e+00
17	56	30	43	4.91410000000000e+02	8.16814089933346e+02	3.00000000000000e-02	0.00000000000000e+00	0.00000000000000e+00	4.81805887551117e+02	6.57916662913927e-01
18	57	31	44	4.37510000000000e+02	8.16814089933346e+02	3.00000000000000e-02	0.00000000000000e+00	0.00000000000000e+00	4.13468688940769e+02	1.88392577040653e+00
19	58	32	45	2.69520000000000e+02	8.16814089933346e+02	3.00000000000000e-02	0.00000000000000e+00	0.00000000000000e+00	3.43206184100757e+02	-8.05629290982563e+00
20	59	33	46	2.87230000000000e+02	8.16814089933346e+02	3.00000000000000e-02	0.00000000000000e+00	0.00000000000000e+00	3.15098699346090e+02	-3.08675441539095e+00
21	60	34	47	3.04940000000000e+02	8.16814089933346e+02	3.00000000000000e-02	0.00000000000000e+00	0.00000000000000e+00	3.07218434605957e+02	-2.48132400408381e-01
22	61	35	48	3.92280000000000e+02	8.16814089933346e+02	3.00000000000000e-02	0.00000000000000e+00	0.00000000000000e+00	3.91687484714659e+02	5.03860521184230e-02
23	62	36	49	3.90610000000000e+02	8.16814089933346e+02	3.00000000000000e-02	0.00000000000000e+00	0.00000000000000e+00	4.42441374422927e+02	-4.15327829125296e+00
24	63	37	50	4.77050000000000e+02	8.16814089933346e+02	3.00000000000000e-02	0.00000000000000e+00	0.00000000000000e+00	4.87704429787118e+02	-7.36274616444751e-01
25	64	38	51	5.82590000000000e+02	8.16814089933346e+02	3.00000000000000e-02	0.00000000000000e+00	0.00000000000000e+00	5.77185350488930e+02	3.10674455613746e-01
26	65	39	52	6.42980000000000e+02	8.16814089933346e+02	3.00000000000000e-02	0.00000000000000e+00	0.00000000000000e+00	6.34529257202543e+02	4.41007427370721e-01
27	66	40	53	7.35310000000000e+02	8.16814089933346e+02	3.00000000000000e-02	0.00000000000000e+00	0.00000000000000e+00	6.90101644721714e+02	2.11510936893111e+00
28	67	41	54	7.14780000000000e+02	8.16814089933346e+02	3.00000000000000e-02	0.00000000000000e+00	0.00000000000000e+00	7.17109928075005e+02	-1.08478083667762e-01
29	68	42	55	6.68290000000000e+02	8.16814089933346e+02	3.00000000000000e-02	0.00000000000000e+00	0.00000000000000e+00	7.37667942984238e+02	-3.29238568417590e+00
30	69	43	56	8.49200000000000e+02	8.16814089933346e+02	3.00000000000000e-02	0.00000000000000e+00	0.00000000000000e+00	8.30762838636175e+02	7.31678948072053e-01
31	70	44	57	9.02920000000000e+02	8.16814089933346e+02	3.00000000000000e-02	0.00000000000000e+00	0.00000000000000e+00	9.02773991334694e+02	5.39067587771077e-03
32	71	45	58	9.74890000000000e+02	8.16814089933346e+02	3.00000000000000e-02	0.00000000000000e+00	0.00000000000000e+00	9.76273011406454e+02	-4.72542659594843e-02
33	72	46	59	9.78540000000000e+02	8.16814089933346e+02	3.00000000000000e-02	0.00000000000000e+00	0.00000000000000e+00	1.03398219703387e+03	-1.83703908181606e+00
34	73	47	60	1.19640000000000e+03	8.16814089933346e+02	3.00000000000000e-02	0.00000000000000e+00	0.00000000000000e+00	1.14645227678853e+03	1.42149501513738e+00
35	74	48	61	1.07212000000000e+03	8.16814089933346e+02	3.00000000000000e-02	0.00000000000000e+00	0.00000000000000e+00	1.06258155201875e+03	2.97887432338613e-01
36	75	49	62	9.76050000000000e+02	8.16814089933346e+02	3.00000000000000e-02	0.00000000000000e+00	0.00000000000000e+00	9.69803316597629e+02	2.14017668858535e-01
37	76	50	63	9.63680000000000e+02	8.16814089933346e+02	3.00000000000000e-02	0.00000000000000e+00	0.00000000000000e+00	9.43516783103223e+02	7.04837883743063e-01
38	77	51	64	8.62610000000000e+02	8.16814089933346e+02	3.00000000000000e-02	0.00000000000000e+00	0.00000000000000e+00	8.30660088428441e+02	1.25806683416225e+00
39	78	52	65	7.83580000000000e+02	8.16814089933346e+02	3.00000000000000e-02	0.00000000000000e+00	0.00000000000000e+00	7.39873902740824e+02	1.91311308473067e+00
40	79	53	66	7.51250000000000e+02	8.16814089933346e+02	3.00000000000000e-02	0.00000000000000e+00	0.00000000000000e+00	7.21271031731903e+02	1.35745027795663e+00
41	80	54	67	7.26960000000000e+02	8.16814089933346e+02	3.00000000000000e-02	0.00000000000000e+00	0.00000000000000e+00	7.09315755503792e+02	8.19022489181442e-01
42	81	55	68	7.35750000000000e+02	8.16814089933346e+02	3.00000000000000e-02	0.00000000000000e+00	0.00000000000000e+00	6.60559154256089e+02	3.59345691163480e+00
43	82	56	69	6.12260000000000e+02	8.16814089933346e+02	3.00000000000000e-02	0.00000000000000e+00	0.00000000000000e+00	5.62241706341616e+02	2.84083963343278e+00
44	83	57	70	5.57190000000000e+02	8.16814089933346e+02	3.00000000000000e-02	0.00000000000000e+00	0.00000000000000e+00	5.05953534299478e+02	3.21538197480494e+00
45	84	58	71	4.99000000000000e+02	8.16814089933346e+02	3.00000000000000e-02	0.00000000000000e+00	0.00000000000000e+00	4.67344321176435e+02	2.18466017705623e+00
46	85	59	72	4.87260000000000e+02	8.16814089933346e+02	3.00000000000000e-02	0.00000000000000e+00	0.00000000000000e+00	4.38882215002425e+02	3.48555958008771e+00
47	86	60	73	4.00520000000000e+02	8.16814089933346e+02	3.00000000000000e-02	0.00000000000000e+00	0.00000000000000e+00	4.19126292287313e+02	-1.51361950800434e+00
48	87	61	74	4.78130000000000e+02	8.16814089933346e+02	3.00000000000000e-02	0.00000000000000e+00	0.00000000000000e+00	4.80108308608911e+02	-1.37635311372334e-01
49	88	62	75	5.37330000000000e+02	8.16814089933346e+02	3.00000000000000e-02	0.00000000000000e+00	0.00000000000000e+00	5.33425081396593e+02	2.43126617398530e-01
50	89	63	76	5.84370000000000e+02	8.16814089933346e+02	3.00000000000000e-02	0.00000000000000e+00	0.00000000000000e+00	5.69265393417390e+02	8.72919923397960e-01
51	90	64	77	6.13030000000000e+02	8.16814089933346e+02	3.00000000000000e-02	0.00000000000000e+00	0.00000000000000e+00	6.26743599364335e+02	-7.37455006138621e-01
52	91	65	78	6.72330000000000e+02	8.16814089933346e+02	3.00000000000000e-02	0.00000000000000e+00	0.00000000000000e+00	6.62661238280287e+02	4.82846154356616e-01
53	92	66	79	7.20460000000000e+02	8.16814089933346e+02	3.00000000000000e-02	0.00000000000000e+00	0.00000000000000e+00	6.66005216123840e+02	2.61974647896241e+00
54	93	67	80	6.77160000000000e+02	8.16814089933346e+02	3.00000000000000e-02	0.00000000000000e+00	0.00000000000000e+00	6.83524571052792e+02	-3.11834087300866e-01
55	94	68	81	7.62840000000000e+02	8.16814089933346e+02	3.00000000000000e-02	0.00000000000000e+00	0.00000000000000e+00	7.42228399886570e+02	9.13043279200506e-01
56	95	69	82	8.70560000000000e+02	8.16814089933346e+02	3.00000000000000e-02	0.00000000000000e+00	0.00000000000000e+00	8.46036983695234e+02	9.52453604503104e-01
57	96	70	83	9.39380000000000e+02	8.16814089933346e+02	3.00000000000000e-02	0.00000000000000e+00	0.00000000000000e+00	8.84784487074592e+02	1.99586617527085e+00
58	97	71	84	9.22640000000000e+02	8.16814089933346e+02	3.00000000000000e-02	0.00000000000000e+00	0.00000000000000e+00	9.07340552040289e+02	5.57375848228562e-01
59	98	72	85	1.04208000000000e+03	8.16814089933346e+02	3.00000000000000e-02	0.00000000000000e+00	0.00000000000000e+00	9.51157550076878e+02	3.04314260583549e+00
60	99	73	86	1.06242000000000e+03	8.16814089933346e+02	3.00000000000000e-02	0.00000000000000e+00	0.00000000000000e+00	9.97479319970720e+02	2.10243957186658e+00
61	100	74	87	1.01622000000000e+03	8.16814089933346e+02	3.00000000000000e-02	0.00000000000000e+00	0.00000000000000e+00	9.79391713749891e+02	1.23044871452776e+00
62	101	75	88	9.74490000000000e+02	8.16814089933346e+02	3.00000000000000e-02	0.00000000000000e+00	0.00000000000000e+00	9.31285445770322e+02	1.51161418935821e+00
63	102	76	89	9.69160000000000e+02	8.16814089933346e+02	3.00000000000000e-02	0.00000000000000e+00	0.00000000000000e+00	9.15547979186078e+02	1.89689821890019e+00
64	103	77	90	8.76840000000000e+02	8.16814089933346e+02	3.00000000000000e-02	0.00000000000000e+00	0.00000000000000e+00	8.53755729282001e+02	8.89313800100696e-01
65	104	78	91	7.44810000000000e+02	8.16814089933346e+02	3.00000000000000e-02	0.00000000000000e+00	0.00000000000000e+00	7.46508919885766e+02	-7.59471184895648e-02
66	105	79	92	7.05050000000000e+02	8.16814089933346e+02	3.00000000000000e-02	0.00000000000000e+00	0.00000000000000e+00	7.27312519462664e+02	-1.03625127815853e+00
67	106	80	93	7.05750000000000e+02	8.16814089933346e+02	3.00000000000000e-02	0.00000000000000e+00	0.00000000000000e+00	7.22882686267607e+02	-7.99529406737184e-01
68	107	81	94	6.20230000000000e+02	8.16814089933346e+02	3.00000000000000e-02	0.00000000000000e+00	0.00000000000000e+00	6.49773356061369e+02	-1.55110807045255e+00
69	108	82	95	5.14910000000000e+02	8.16814089933346e+02	3.00000000000000e-02	0.00000000000000e+00	0.00000000000000e+00	5.31074299440772e+02	-1.03032689868222e+00
70	109	83	96	4.44720000000000e+02	8.16814089933346e+02	3.00000000000000e-02	0.00000000000000e+00	0.00000000000000e+00	4.39615124519156e+02	3.84841450765983e-01
71	110	84	97	3.64740000000000e+02	8.16814089933346e+02	3.00000000000000e-02	0.00000000000000e+00	0.00000000000000e+00	3.79172377727773e+02	-1.29353843980198e+00
72	111	85	98	3.23500000000000e+02	8.16814089933346e+02	3.00000000000000e-02	0.00000000000000e+00	0.00000000000000e+00	3.22885246157684e+02	6.34042965680889e-02
73	112	86	99	3.44920000000000e+02	8.16814089933346e+02	3.00000000000000e-02	0.00000000000000e+00	0.00000000000000e+00	3.26257882176379e+02	1.85414626038227e+00
74	113	87	100	3.19670000000000e+02	8.16814089933346e+02	3.00000000000000e-02	0.00000000000000e+00	0.00000000000000e+00	3.16368670182813e+02	3.46033411622582e-01
75	114	88	101	3.15190000000000e+02	8.16814089933346e+02	3.00000000000000e-02	0.00000000000000e+00	0.00000000000000e+00	3.20515967044688e+02	-5.58548756662110e-01
76	115	89	102	3.39180000000000e+02	8.16814089933346e+02	3.00000000000000e-02	0.00000000000000e+00	0.00000000000000e+00	3.28665170474219e+02	1.04971421002563e+00
77	116	90	103	3.47390000000000e+02	8.16814089933346e+02	3.00000000000000e-02	0.00000000000000e+00	0.00000000000000e+00	3.44141204967150e+02	3.13200514179120e-01
78	117	91	104	3.96960000000000e+02	8.16814089933346e+02	3.00000000000000e-02	0.00000000000000e+00	0.00000000000000e+00	3.94463313704052e+02	2.10312613161978e-01
79	118	92	105	4.32980000000000e+02	8.16814089933346e+02	3.00000000000000e-02	0.00000000000000e+00	0.00000000000000e+00	4.12091255517185e+02	1.64822395873919e+00
80	119	93	106	4.08800000000000e+02	8.16814089933346e+02	3.00000000000000e-02	0.00000000000000e+00	0.00000000000000e+00	4.10815621574506e+02	-1.63948854790312e-01
81	120	94	107	4.84620000000000e+02	8.16814089933346e+02	3.00000000000000e-02	0.00000000000000e+00	0.00000000000000e+00	4.34769548942899e+02	3.61829868392306e+00
82	121	95	108	4.79510000000000e+02	8.16814089933346e+02	3.00000000000000e-02	0.00000000000000e+00	0.00000000000000e+00	4.67129731349007e+02	8.71924425060063e-01
83	122	96	109	5.39060000000000e+02	8.16814089933346e+02	3.00000000000000e-02	0.00000000000000e+00	0.00000000000000e+00	5.00471108540474e+02	2.47590033575369e+00
84	123	97	110	5.69090000000000e+02	8.16814089933346e+02	3.00000000000000e-02	0.00000000000000e+00	0.00000000000000e+00	5.09876379929328e+02	3.66234299364108e+00
85	124	98	111	5.85310000000000e+02	8.16814089933346e+02	3.00000000000000e-02	0.00000000000000e+00	0.00000000000000e+00	5.11765388399096e+02	4.47584423892241e+00
86	125	99	112	4.71490000000000e+02	8.16814089933346e+02	3.00000000000000e-02	0.00000000000000e+00	0.00000000000000e+00	4.61303518754838e+02	7.28055816542443e-01
87	126	100	113	4.54930000000000e+02	8.16814089933346e+02	3.00000000000000e-02	0.00000000000000e+00	0.00000000000000e+00	4.66713848689961e+02	-8.52425506619999e-01
88	127	101	114	4.51340000000000e+02	8.16814089933346e+02	3.00000000000000e-02	0.00000000000000e+00	0.00000000000000e+00	4.68781664063570e+02	-1.26387297539132e+00
89	128	102	115	4.37600000000000e+02	8.16814089933346e+02	3.00000000000000e-02	0.00000000000000e+00	0.00000000000000e+00	4.64898821806792e+02	-2.01715144305705e+00
90	129	103	116	4.39760000000000e+02	8.16814089933346e+02	3.00000000000000e-02	0.00000000000000e+00	0.00000000000000e+00	4.47698980311633e+02	-5.96398802554206e-01
91	130	104	117	3.80530000000000e+02	8.16814089933346e+02	3.00000000000000e-02	0.00000000000000e+00	0.00000000000000e+00	3.76308256147122e+02	3.71879337644672e-01
92	131	105	118	3.25700000000000e+02	8.16814089933346e+02	3.00000000000000e-02	0.00000000000000e+00	0.00000000000000e+00	3.31939620940224e+02	-6.32545848568089e-01
93	132	106	119	3.12920000000000e+02	8.16814089933346e+02	3.00000000000000e-02	0.00000000000000e+00	0.00000000000000e+00	3.21418526605172e+02	-8.93217609209203e-01
94	133	107	120	3.04280000000000e+02	8.16814089933346e+02	3.00000000000000e-02	0.00000000000000e+00	0.00000000000000e+00	3.03672930086397e+02	6.65698593130593e-02
95	134	108	121	2.83450000000000e+02	8.16814089933346e+02	3.00000000000000e-02	0.00000000000000e+00	0.00000000000000e+00	2.80606017126429e+02	3.36137651519645e-01
96	135	109	122	2.71470000000000e+02	8.16814089933346e+02	3.00000000000000e-02	0.00000000000000e+00	0.00000000000000e+00	2.31374510529818e+02	5.32713268746795e+00
97	136	110	123	2.19300000000000e+02	8.16814089933346e+02	3.00000000000000e-02	0.00000000000000e+00	0.00000000000000e+00	1.94399998303563e+02	4.01742573746769e+00
98	137	111	124	1.49440000000000e+02	8.16814089933346e+02	3.00000000000000e-02	0.00000000000000e+00	0.00000000000000e+00	1.44680200451913e+02	1.07897273043299e+00
99	138	112	125	1.52280000000000e+02	8.16814089933346e+02	3.00000000000000e-02	0.00000000000000e+00	0.00000000000000e+00	1.39954051314739e+02	2.81355892235770e+00
100	139	113	126	1.02120000000000e+02	8.16814089933346e+02	3.00000000000000e-02	0.00000000000000e+00	0.00000000000000e+00	1.14211524418112e+02	-3.73012047004518e+00
101	140	114	127	1.10390000000000e+02	8.16814089933346e+02	3.00000000000000e-02	0.00000000000000e+00	0.00000000000000e+00	1.00409669970093e+02	3.15870109891370e+00
102	141	115	128	1.08660000000000e+02	8.16814089933346e+02	3.00000000000000e-02	0.00000000000000e+00	0.00000000000000e+00	9.47507434123075e+01	4.56580170504788e+00
103	142	116	129	1.42150000000000e+02	8.16814089933346e+02	3.00000000000000e-02	0.00000000000000e+00	0.00000000000000e+00	9.98892488680597e+01	1.17606925724059e+01
104	143	117	130	1.38980000000000e+02	8.16814089933346e+02	3.00000000000000e-02	0.00000000000000e+00	0.00000000000000e+00	1.18777249153733e+02	5.23600515790358e+00
105	144	118	131	1.41800000000000e+02	8.16814089933346e+02	3.00000000000000e-02	0.00000000000000e+00	0.00000000000000e+00	1.36802631334592e+02	1.19594580641917e+00
106	145	119	132	1.55060000000000e+02	8.16814089933346e+02	3.00000000000000e-02	0.00000000000000e+00	0.00000000000000e+00	1.52043776120403e+02	6.54788620555961e-01
107	146	120	133	1.88560000000000e+02	8.16814089933346e+02	3.00000000000000e-02	0.00000000000000e+00	0.00000000000000e+00	1.77497025611875e+02	2.01541356563348e+00
108	147	121	134	2.11480000000000e+02	8.16814089933346e+02	3.00000000000000e-02	0.00000000000000e+00	0.00000000000000e+00	1.99407218398731e+02	1.95937912997645e+00
109	148	122	135	2.69490000000000e+02	8.16814089933346e+02	3.00000000000000e-02	0.00000000000000e+00	0.00000000000000e+00	2.30922765562570e+02	5.14826591694133e+00
110	149	123	136	2.65280000000000e+02	8.16814089933346e+02	3.00000000000000e-02	0.00000000000000e+00	0.00000000000000e+00	2.61982945528689e+02	4.16882123548401e-01
111	150	124	137	3.60230000000000e+02	8.16814089933346e+02	3.00000000000000e-02	0.00000000000000e+00	0.00000000000000e+00	3.01679320819573e+02	5.91260382387269e+00
112	151	125	138	4.01140000000000e+02	8.16814089933346e+02	3.00000000000000e-02	0.00000000000000e+00	0.00000000000000e+00	3.37888210039256e+02	5.71984641033637e+00
113	152	126	139	4.98550000000000e+02	8.16814089933346e+02	3.00000000000000e-02	0.00000000000000e+00	0.00000000000000e+00	4.37027612107252e+02	4.39025021917396e+00
114	153	127	140	5.95810000000000e+02	8.16814089933346e+02	3.00000000000000e-02	0.00000000000000e+00	0.00000000000000e+00	4.92024896695939e+02	6.37975020138478e+00
115	154	128	141	5.39630000000000e+02	8.16814089933346e+02	3.00000000000000e-02	0.00000000000000e+00	0.00000000000000e+00	4.53993280406558e+02	5.76004408204274e+00
116	155	129	142	4.25560000000000e+02	8.16814089933346e+02	3.00000000000000e-02	0.00000000000000e+00	0.00000000000000e+00	3.88648798664207e+02	3.02432813415612e+00
117	156	130	143	3.40910000000000e+02	8.16814089933346e+02	3.00000000000000e-02	0.00000000000000e+00	0.00000000000000e+00	3.36693725818259e+02	4.14827372473218e-01
118	157	131	144	2.60420000000000e+02	8.16814089933346e+02	3.00000000000000e-02	0.00000000000000e+00	0.00000000000000e+00	3.00036837748663e+02	-4.72031824375930e+00
119	158	132	145	2.35830000000000e+02	8.16814089933346e+02	3.00000000000000e-02	0.00000000000000e+00	0.00000000000000e+00	2.70118270412878e+02	-4.52495650599770e+00
120	159	133	146	2.20290000000000e+02	8.16814089933346e+02	3.00000000000000e-02	0.00000000000000e+00	0.00000000000000e+00	2.26976032300409e+02	-9.96652239854523e-01
121	160	134	147	1.89500000000000e+02	8.16814089933346e+02	3.00000000000000e-02	0.00000000000000e+00	0.00000000000000e+00	1.89661467133048e+02	-2.83902166236712e-02
122	161	135	148	1.65330000000000e+02	8.16814089933346e+02	3.00000000000000e-02	0.00000000000000e+00	0.00000000000000e+00	1.59596105296471e+02	1.17657315832057e+00
123	162	136	149	1.69320000000000e+02	8.16814089933346e+02	3.00000000000000e-02	0.00000000000000e+00	0.00000000000000e+00	1.42503899782206e+02	5.74736831419367e+00
124	163	137	150	1.34590000000000e+02	8.16814089933346e+02	3.00000000000000e-02	0.00000000000000e+00	0.00000000000000e+00	1.13616694424227e+02	5.64675555986979e+00
125	164	138	151	9.48700000000000e+01	8.16814089933346e+02	3.00000000000000e-02	0.00000000000000e+00	0.00000000000000e+00	1.01878362567674e+02	-2.37573481369280e+00
126	165	139	152	8.30400000000000e+01	8.16814089933346e+02	3.00000000000000e-02	0.00000000000000e+00	0.00000000000000e+00	8.15957026718927e+01	5.84860738964229e-01
127	166	140	153	7.12100000000000e+01	8.16814089933346e+02	3.00000000000000e-02	0.00000000000000e+00	0.00000000000000e+00	6.20834036681889e+01	4.57181854975636e+00
128	167	141	154	4.72300000000000e+01	8.16814089933346e+02	3.00000000000000e-02	0.00000000000000e+00	0.00000000000000e+00	5.04910646847127e+01	-2.22556999272402e+00
129	168	142	155	2.46600000000000e+01	8.16814089933346e+02	3.00000000000000e-02	0.00000000000000e+00	0.00000000000000e+00	4.18007909125759e+01	-1.75910920989665e+01
130	169	143	156	2.83000000000000e+01	8.16814089933346e+02	3.00000000000000e-02	0.00000000000000e+00	0.00000000000000e+00	4.01863189543286e+01	-1.16888269511021e+01
131	170	144	157	3.92500000000000e+01	8.16814089933346e+02	3.00000000000000e-02	0.00000000000000e+00	0.00000000000000e+00	4.78726699445666e+01	-6.61977775076010e+00
132	171	145	158	5.02000000000000e+01	8.16814089933346e+02	3.00000000000000e-02	0.00000000000000e+00	0.00000000000000e+00	7.44326199294244e+01	-1.31293086322096e+01
133	172	146	159	1.32530000000000e+02	8.16814089933346e+02	3.00000000000000e-02	0.00000000000000e+00	0.00000000000000e+00	1.23384806997902e+02	2.38336836511177e+00
134	173	147	160	1.88260000000000e+02	8.16814089933346e+02	3.00000000000000e-02	0.00000000000000e+00	0.00000000000000e+00	1.79637900421821e+02	1.56269418888175e+00
135	174	148	161	2.44000000000000e+02	8.16814089933346e+02	3.00000000000000e-02	0.00000000000000e+00	0.00000000000000e+00	2.48259792275262e+02	-5.76917402390216e-01
136	175	149	162	2.82710000000000e+02	8.16814089933346e+02	3.00000000000000e-02	0.00000000000000e+00	0.00000000000000e+00	2.88578710704060e+02	-6.84874629118741e-01
137	176	150	163	3.44790000000000e+02	8.16814089933346e+02	3.00000000000000e-02	0.00000000000000e+00	0.00000000000000e+00	3.56236357003054e+02	-1.08862995563295e+00
1	43	15	29	4.93260000000000e+02	8.79645943005142e+02	3.00000000000000e-02	0.00000000000000e+00	0.00000000000000e+00	4.45084761729319e+02	3.42572261892820e+00
3	44	16	30	5.73560000000000e+02	8.79645943005142e+02	3.00000000000000e-02	0.00000000000000e+00	0.00000000000000e+00	5.15221413816249e+02	3.57552712787076e+00
4	45	17	31	6.42940000000000e+02	8.79645943005142e+02	3.00000000000000e-02	0.00000000000000e+00	0.00000000000000e+00	6.11519070350741e+02	1.67017554876159e+00
2	46	18	32	7.09620000000000e+02	8.79645943005142e+02	3.00000000000000e-02	0.00000000000000e+00	0.00000000000000e+00	7.27752965088076e+02	-8.41068048289451e-01
5	47	19	33	7.81680000000000e+02	8.79645943005142e+02	3.00000000000000e-02	0.00000000000000e+00	0.00000000000000e+00	7.89993905543629e+02	-3.52659376449556e-01
6	48	20	34	7.89100000000000e+02	8.79645943005142e+02	3.00000000000000e-02	0.00000000000000e+00	0.00000000000000e+00	7.70561992143392e+02	7.92431565700221e-01
7	49	21	35	7.81640000000000e+02	8.79645943005142e+02	3.00000000000000e-02	0.00000000000000e+00	0.00000000000000e+00	7.59478399282548e+02	9.58746518933307e-01
8	50	22	36	8.05050000000000e+02	8.79645943005142e+02	3.00000000000000e-02	0.00000000000000e+00	0.00000000000000e+00	7.73182738595301e+02	1.34629882789943e+00
9	51	23	37	7.41320000000000e+02	8.79645943005142e+02	3.00000000000000e-02	0.00000000000000e+00	0.00000000000000e+00	7.55100229390012e+02	-6.13937122260596e-01
10	52	24	38	7.26670000000000e+02	8.79645943005142e+02	3.00000000000000e-02	0.00000000000000e+00	0.00000000000000e+00	7.07126367839317e+02	9.08768874398132e-01
11	53	25	39	6.50440000000000e+02	8.79645943005142e+02	3.00000000000000e-02	0.00000000000000e+00	0.00000000000000e+00	6.66953560947139e+02	-8.35712092228213e-01
12	54	26	40	6.52410000000000e+02	8.79645943005142e+02	3.00000000000000e-02	0.00000000000000e+00	0.00000000000000e+00	6.45567371617260e+02	3.51454086557930e-01
13	55	27	41	6.02800000000000e+02	8.79645943005142e+02	3.00000000000000e-02	0.00000000000000e+00	0.00000000000000e+00	5.90474671650107e+02	6.88624169713581e-01
14	56	28	42	5.86680000000000e+02	8.79645943005142e+02	3.00000000000000e-02	0.00000000000000e+00	0.00000000000000e+00	5.65315889831873e+02	1.23649514736911e+00
15	57	29	43	5.80030000000000e+02	8.79645943005142e+02	3.00000000000000e-02	0.00000000000000e+00	0.00000000000000e+00	5.48432918752992e+02	1.86716178507501e+00
16	58	30	44	5.00820000000000e+02	8.79645943005142e+02	3.00000000000000e-02	0.00000000000000e+00	0.00000000000000e+00	4.82305704351625e+02	1.25562002309190e+00
17	59	31	45	4.24140000000000e+02	8.79645943005142e+02	3.00000000000000e-02	0.00000000000000e+00	0.00000000000000e+00	4.20075991479684e+02	3.20932080175229e-01
18	60	32	46	3.45790000000000e+02	8.79645943005142e+02	3.00000000000000e-02	0.00000000000000e+00	0.00000000000000e+00	3.38672429604254e+02	6.93276616918019e-01
19	61	33	47	2.98060000000000e+02	8.79645943005142e+02	3.00000000000000e-02	0.00000000000000e+00	0.00000000000000e+00	3.26629092695058e+02	-3.05101484994047e+00
20	62	34	48	4.30840000000000e+02	8.79645943005142e+02	3.00000000000000e-02	0.00000000000000e+00	0.00000000000000e+00	4.10403014237310e+02	1.61990510067203e+00
21	63	35	49	4.48180000000000e+02	8.79645943005142e+02	3.00000000000000e-02	0.00000000000000e+00	0.00000000000000e+00	4.53043370168581e+02	-3.59764111725092e-01
22	64	36	50	4.81820000000000e+02	8.79645943005142e+02	3.00000000000000e-02	0.00000000000000e+00	0.00000000000000e+00	4.86686674230645e+02	-3.34997876747482e-01
23	65	37	51	5.50210000000000e+02	8.79645943005142e+02	3.00000000000000e-02	0.00000000000000e+00	0.00000000000000e+00	5.36833527823546e+02	8.20399371321123e-01
24	66	38	52	6.09320000000000e+02	8.79645943005142e+02	3.00000000000000e-02	0.00000000000000e+00	0.00000000000000e+00	5.90830924584079e+02	1.02712294687350e+00
25	67	39	53	6.77780000000000e+02	8.79645943005142e+02	3.00000000000000e-02	0.00000000000000e+00	0.00000000000000e+00	6.45668985762412e+02	1.61785949970191e+00
26	68	40	54	5.82850000000000e+02	8.79645943005142e+02	3.00000000000000e-02	0.00000000000000e+00	0.00000000000000e+00	6.77225869175747e+02	-5.00249954546611e+00
27	69	41	55	7.25960000000000e+02	8.79645943005142e+02	3.00000000000000e-02	0.00000000000000e+00	0.00000000000000e+00	7.33830310680121e+02	-3.59430021319499e-01
28	70	42	56	7.59480000000000e+02	8.79645943005142e+02	3.00000000000000e-02	0.00000000000000e+00	0.00000000000000e+00	7.73986536772381e+02	-6.30683017076687e-01
29	71	43	57	7.91690000000000e+02	8.79645943005142e+02	3.00000000000000e-02	0.00000000000000e+00	0.00000000000000e+00	7.79381818536712e+02	5.22294531018079e-01
30	72	44	58	8.75270000000000e+02	8.79645943005142e+02	3.00000000000000e-02	0.00000000000000e+00	0.00000000000000e+00	8.71572180356800e+02	1.41124184284210e-01
31	73	45	59	9.68630000000000e+02	8.79645943005142e+02	3.00000000000000e-02	0.00000000000000e+00	0.00000000000000e+00	9.56643265318917e+02	4.15071452663677e-01
32	74	46	60	1.09106000000000e+03	8.79645943005142e+02	3.00000000000000e-02	0.00000000000000e+00	0.00000000000000e+00	1.09458093087995e+03	-1.07395924492367e-01
33	75	47	61	1.09203000000000e+03	8.79645943005142e+02	3.00000000000000e-02	0.00000000000000e+00	0.00000000000000e+00	1.08331707260506e+03	2.67021727165388e-01
34	76	48	62	1.00295000000000e+03	8.79645943005142e+02	3.00000000000000e-02	0.00000000000000e+00	0.00000000000000e+00	9.61886455541068e+02	1.39348407180429e+00
35	77	49	63	9.53570000000000e+02	8.79645943005142e+02	3.00000000000000e-02	0.00000000000000e+00	0.00000000000000e+00	8.85608461351382e+02	2.46459667881368e+00
36	78	50	64	8.86390000000000e+02	8.79645943005142e+02	3.00000000000000e-02	0.00000000000000e+00	0.00000000000000e+00	8.26294951375767e+02	2.34017468564126e+00
37	79	51	65	8.04590000000000e+02	8.79645943005142e+02	3.00000000000000e-02	0.00000000000000e+00	0.00000000000000e+00	8.00286377632098e+02	1.78773175039648e-01
38	80	52	66	8.03690000000000e+02	8.79645943005142e+02	3.00000000000000e-02	0.00000000000000e+00	0.00000000000000e+00	7.59801840337147e+02	1.87186532677905e+00
39	81	53	67	6.78350000000000e+02	8.79645943005142e+02	3.00000000000000e-02	0.00000000000000e+00	0.00000000000000e+00	6.80034947231265e+02	-8.26936968471396e-02
40	82	54	68	6.29600000000000e+02	8.79645943005142e+02	3.00000000000000e-02	0.00000000000000e+00	0.00000000000000e+00	6.04276323510782e+02	1.36843715094734e+00
41	83	55	69	6.10790000000000e+02	8.79645943005142e+02	3.00000000000000e-02	0.00000000000000e+00	0.00000000000000e+00	5.32192196513778e+02	4.59161684993576e+00
42	84	56	70	5.56630000000000e+02	8.79645943005142e+02	3.00000000000000e-02	0.00000000000000e+00	0.00000000000000e+00	4.82652647387562e+02	4.75345026406139e+00
43	85	57	71	5.15520000000000e+02	8.79645943005142e+02	3.00000000000000e-02	0.00000000000000e+00	0.00000000000000e+00	4.73999277766678e+02	2.79901006645617e+00
44	86	58	72	5.04190000000000e+02	8.79645943005142e+02	3.00000000000000e-02	0.00000000000000e+00	0.00000000000000e+00	4.55370244132558e+02	3.39474565772828e+00
45	87	59	73	4.39420000000000e+02	8.79645943005142e+02	3.00000000000000e-02	0.00000000000000e+00	0.00000000000000e+00	4.53919097340938e+02	-1.08211023147033e+00
46	88	60	74	4.24810000000000e+02	8.79645943005142e+02	3.00000000000000e-02	0.00000000000000e+00	0.00000000000000e+00	4.36318018950242e+02	-8.90978952898032e-01
47	89	61	75	4.48120000000000e+02	8.79645943005142e+02	3.00000000000000e-02	0.00000000000000e+00	0.00000000000000e+00	4.54104959991161e+02	-4.42243567950544e-01
48	90	62	76	6.38360000000000e+02	8.79645943005142e+02	3.00000000000000e-02	0.00000000000000e+00	0.00000000000000e+00	5.26214399088972e+02	6.43978850033324e+00
49	91	63	77	5.62140000000000e+02	8.79645943005142e+02	3.00000000000000e-02	0.00000000000000e+00	0.00000000000000e+00	5.76050725366367e+02	-8.14826416647355e-01
50	92	64	78	6.08800000000000e+02	8.79645943005142e+02	3.00000000000000e-02	0.00000000000000e+00	0.00000000000000e+00	6.24533230114583e+02	-8.50491078481645e-01
51	93	65	79	6.36920000000000e+02	8.79645943005142e+02	3.00000000000000e-02	0.00000000000000e+00	0.00000000000000e+00	6.37997610205224e+02	-5.63492863237277e-02
52	94	66	80	6.94860000000000e+02	8.79645943005142e+02	3.00000000000000e-02	0.00000000000000e+00	0.00000000000000e+00	6.68559004629270e+02	1.28619098533642e+00
53	95	67	81	7.46550000000000e+02	8.79645943005142e+02	3.00000000000000e-02	0.00000000000000e+00	0.00000000000000e+00	7.40732448244776e+02	2.60770079102960e-01
54	96	68	82	7.67630000000000e+02	8.79645943005142e+02	3.00000000000000e-02	0.00000000000000e+00	0.00000000000000e+00	7.88180973298631e+02	-8.80662627023524e-01
55	97	69	83	8.33870000000000e+02	8.79645943005142e+02	3.00000000000000e-02	0.00000000000000e+00	0.00000000000000e+00	8.26409396685872e+02	2.99574218057537e-01
56	98	70	84	9.49880000000000e+02	8.79645943005142e+02	3.00000000000000e-02	0.00000000000000e+00	0.00000000000000e+00	8.70776821078045e+02	2.89833165944051e+00
57	99	71	85	8.97730000000000e+02	8.79645943005142e+02	3.00000000000000e-02	0.00000000000000e+00	0.00000000000000e+00	8.54127944247582e+02	1.65961182512901e+00
58	100	72	86	9.39200000000000e+02	8.79645943005142e+02	3.00000000000000e-02	0.00000000000000e+00	0.00000000000000e+00	8.93213382477572e+02	1.67343155328380e+00
59	101	73	87	9.69490000000000e+02	8.79645943005142e+02	3.00000000000000e-02	0.00000000000000e+00	0.00000000000000e+00	9.19402213604001e+02	1.76821563345365e+00
60	102	74	88	1.01199000000000e+03	8.79645943005142e+02	3.00000000000000e-02	0.00000000000000e+00	0.00000000000000e+00	9.68068030788970e+02	1.47905346093070e+00
61	103	75	89	9.27500000000000e+02	8.79645943005142e+02	3.00000000000000e-02	0.00000000000000e+00	0.00000000000000e+00	9.27612682777821e+02	-4.04944953859380e-03
62	104	76	90	8.96940000000000e+02	8.79645943005142e+02	3.00000000000000e-02	0.00000000000000e+00	0.00000000000000e+00	8.50599654590591e+02	1.76824644824647e+00
63	105	77	91	8.16030000000000e+02	8.79645943005142e+02	3.00000000000000e-02	0.00000000000000e+00	0.00000000000000e+00	7.75074471920385e+02	1.71640004856529e+00
64	106	78	92	7.04790000000000e+02	8.79645943005142e+02	3.00000000000000e-02	0.00000000000000e+00	0.00000000000000e+00	7.01604852590897e+02	1.50984286712023e-01
65	107	79	93	6.98830000000000e+02	8.79645943005142e+02	3.00000000000000e-02	0.00000000000000e+00	0.00000000000000e+00	7.29183937899014e+02	-1.41728358226126e+00
66	108	80	94	7.01770000000000e+02	8.79645943005142e+02	3.00000000000000e-02	0.00000000000000e+00	0.00000000000000e+00	7.25395390778542e+02	-1.10370525911527e+00
67	109	81	95	6.15880000000000e+02	8.79645943005142e+02	3.00000000000000e-02	0.00000000000000e+00	0.00000000000000e+00	6.13902157315826e+02	1.07219227280630e-01
68	110	82	96	4.86860000000000e+02	8.79645943005142e+02	3.00000000000000e-02	0.00000000000000e+00	0.00000000000000e+00	5.03455016436192e+02	-1.11725863368886e+00
69	111	83	97	4.07740000000000e+02	8.79645943005142e+02	3.00000000000000e-02	0.00000000000000e+00	0.00000000000000e+00	4.08924720202034e+02	-9.67121515762355e-02
70	112	84	98	3.61020000000000e+02	8.79645943005142e+02	3.00000000000000e-02	0.00000000000000e+00	0.00000000000000e+00	3.53275309345459e+02	7.22856411376919e-01
71	113	85	99	3.50750000000000e+02	8.79645943005142e+02	3.00000000000000e-02	0.00000000000000e+00	0.00000000000000e+00	3.30520635381262e+02	1.98015415942857e+00
72	114	86	100	3.28350000000000e+02	8.79645943005142e+02	3.00000000000000e-02	0.00000000000000e+00	0.00000000000000e+00	3.18323333208237e+02	1.03374917744429e+00
73	115	87	101	3.23320000000000e+02	8.79645943005142e+02	3.00000000000000e-02	0.00000000000000e+00	0.00000000000000e+00	3.17888828993972e+02	5.64693918879922e-01
74	116	88	102	3.33210000000000e+02	8.79645943005142e+02	3.00000000000000e-02	0.00000000000000e+00	0.00000000000000e+00	3.33311842784800e+02	-1.01864914300679e-02
75	117	89	103	3.56900000000000e+02	8.79645943005142e+02	3.00000000000000e-02	0.00000000000000e+00	0.00000000000000e+00	3.51384361050791e+02	5.19165347557789e-01
76	118	90	104	3.97860000000000e+02	8.79645943005142e+02	3.00000000000000e-02	0.00000000000000e+00	0.00000000000000e+00	3.86497403332750e+02	9.65834500618001e-01
77	119	91	105	4.32990000000000e+02	8.79645943005142e+02	3.00000000000000e-02	0.00000000000000e+00	0.00000000000000e+00	4.17595989059290e+02	1.20667337561195e+00
78	120	92	106	4.51770000000000e+02	8.79645943005142e+02	3.00000000000000e-02	0.00000000000000e+00	0.00000000000000e+00	4.33445704496673e+02	1.38022205110643e+00
79	121	93	107	4.32250000000000e+02	8.79645943005142e+02	3.00000000000000e-02	0.00000000000000e+00	0.00000000000000e+00	4.15899847134177e+02	1.28532151229592e+00
80	122	94	108	4.21560000000000e+02	8.79645943005142e+02	3.00000000000000e-02	0.00000000000000e+00	0.00000000000000e+00	4.25712425159393e+02	-3.26731464596512e-01
81	123	95	109	5.44050000000000e+02	8.79645943005142e+02	3.00000000000000e-02	0.00000000000000e+00	0.00000000000000e+00	4.80044465128777e+02	4.17208063668507e+00
82	124	96	110	5.42980000000000e+02	8.79645943005142e+02	3.00000000000000e-02	0.00000000000000e+00	0.00000000000000e+00	4.94988301264279e+02	3.08461194544038e+00
83	125	97	111	5.74200000000000e+02	8.79645943005142e+02	3.00000000000000e-02	0.00000000000000e+00	0.00000000000000e+00	4.78224403013192e+02	6.09658943292650e+00
84	126	98	112	5.45600000000000e+02	8.79645943005142e+02	3.00000000000000e-02	0.00000000000000e+00	0.00000000000000e+00	4.75182273863444e+02	4.60625472174968e+00
85	127	99	113	4.77770000000000e+02	8.79645943005142e+02	3.00000000000000e-02	0.00000000000000e+00	0.00000000000000e+00	4.70862292329620e+02	4.85458894975347e-01
86	128	100	114	4.75890000000000e+02	8.79645943005142e+02	3.00000000000000e-02	0.00000000000000e+00	0.00000000000000e+00	4.78547114827508e+02	-1.85597818222435e-01
87	129	101	115	4.64480000000000e+02	8.79645943005142e+02	3.00000000000000e-02	0.00000000000000e+00	0.00000000000000e+00	4.85043727376315e+02	-1.44401820452768e+00
88	130	102	116	4.46170000000000e+02	8.79645943005142e+02	3.00000000000000e-02	0.00000000000000e+00	0.00000000000000e+00	4.68370219659154e+02	-1.61863351740810e+00
89	131	103	117	4.30010000000000e+02	8.79645943005142e+02	3.00000000000000e-02	0.00000000000000e+00	0.00000000000000e+00	4.42740112321063e+02	-9.72482658748704e-01
90	132	104	118	4.00860000000000e+02	8.79645943005142e+02	3.00000000000000e-02	0.00000000000000e+00	0.00000000000000e+00	3.75983035746860e+02	2.13560714959667e+00
91	133	105	119	3.19920000000000e+02	8.79645943005142e+02	3.00000000000000e-02	0.00000000000000e+00	0.00000000000000e+00	3.24210685213415e+02	-4.44086764291788e-01
92	134	106	120	2.89920000000000e+02	8.79645943005142e+02	3.00000000000000e-02	0.00000000000000e+00	0.00000000000000e+00	2.98284702058013e+02	-9.48112786772389e-01
93	135	107	121	2.95310000000000e+02	8.79645943005142e+02	3.00000000000000e-02	0.00000000000000e+00	0.00000000000000e+00	2.91974660145460e+02	3.78621128829278e-01
94	136	108	122	2.65100000000000e+02	8.79645943005142e+02	3.00000000000000e-02	0.00000000000000e+00	0.00000000000000e+00	2.68960603518229e+02	-4.81926675288798e-01
95	137	109	123	2.23000000000000e+02	8.79645943005142e+02	3.00000000000000e-02	0.00000000000000e+00	0.00000000000000e+00	2.01606507662193e+02	3.36179852378316e+00
96	138	110	124	1.80900000000000e+02	8.79645943005142e+02	3.00000000000000e-02	0.00000000000000e+00	0.00000000000000e+00	1.69176077255407e+02	2.23347808682185e+00
97	139	111	125	1.53180000000000e+02	8.79645943005142e+02	3.00000000000000e-02	0.00000000000000e+00	0.00000000000000e+00	1.35955290397215e+02	3.97625386246225e+00
98	140	112	126	1.43210000000000e+02	8.79645943005142e+02	3.00000000000000e-02	0.00000000000000e+00	0.00000000000000e+00	1.21935340799578e+02	5.36070578998687e+00
99	141	113	127	1.31760000000000e+02	8.79645943005142e+02	3.00000000000000e-02	0.00000000000000e+00	0.00000000000000e+00	1.05282883983033e+02	7.47770750705718e+00
100	142	114	128	1.12650000000000e+02	8.79645943005142e+02	3.00000000000000e-02	0.00000000000000e+00	0.00000000000000e+00	9.72952870922954e+01	4.88450385773342e+00
101	143	115	129	8.25500000000000e+01	8.79645943005142e+02	3.00000000000000e-02	0.00000000000000e+00	0.00000000000000e+00	9.61577123512452e+01	-5.08618367044281e+00
102	144	116	130	1.16950000000000e+02	8.79645943005142e+02	3.00000000000000e-02	0.00000000000000e+00	0.00000000000000e+00	1.07767965109015e+02	2.72553494647128e+00
103	145	117	131	1.51350000000000e+02	8.79645943005142e+02	3.00000000000000e-02	0.00000000000000e+00	0.00000000000000e+00	1.25574072855049e+02	6.22330763519248e+00
104	146	118	132	1.65670000000000e+02	8.79645943005142e+02	3.00000000000000e-02	0.00000000000000e+00	0.00000000000000e+00	1.54695494378526e+02	2.28464085639895e+00
105	147	119	133	1.74980000000000e+02	8.79645943005142e+02	3.00000000000000e-02	0.00000000000000e+00	0.00000000000000e+00	1.81309222370263e+02	-1.18441009330767e+00
106	148	120	134	2.26910000000000e+02	8.79645943005142e+02	3.00000000000000e-02	0.00000000000000e+00	0.00000000000000e+00	2.02558128163354e+02	3.78421883599260e+00
107	149	121	135	2.03170000000000e+02	8.79645943005142e+02	3.00000000000000e-02	0.00000000000000e+00	0.00000000000000e+00	2.15036431393708e+02	-1.89214650354079e+00
108	150	122	136	2.60840000000000e+02	8.79645943005142e+02	3.00000000000000e-02	0.00000000000000e+00	0.00000000000000e+00	2.42796923599775e+02	2.38939346438552e+00
109	151	123	137	3.64090000000000e+02	8.79645943005142e+02	3.00000000000000e-02	0.00000000000000e+00	0.00000000000000e+00	2.97282592699275e+02	6.75726376098801e+00
110	152	124	138	4.17090000000000e+02	8.79645943005142e+02	3.00000000000000e-02	0.00000000000000e+00	0.00000000000000e+00	3.35094489266618e+02	7.29631587609818e+00
111	153	125	139	4.94870000000000e+02	8.79645943005142e+02	3.00000000000000e-02	0.00000000000000e+00	0.00000000000000e+00	3.85090829504207e+02	8.36052915202501e+00
112	154	126	140	5.17090000000000e+02	8.79645943005142e+02	3.00000000000000e-02	0.00000000000000e+00	0.00000000000000e+00	4.05132094595294e+02	8.13345890577712e+00
113	155	127	141	4.55770000000000e+02	8.79645943005142e+02	3.00000000000000e-02	0.00000000000000e+00	0.00000000000000e+00	3.88051836848217e+02	5.36164551600808e+00
114	156	128	142	3.81970000000000e+02	8.79645943005142e+02	3.00000000000000e-02	0.00000000000000e+00	0.00000000000000e+00	3.63567382275261e+02	1.64591403085531e+00
115	157	129	143	2.92420000000000e+02	8.79645943005142e+02	3.00000000000000e-02	0.00000000000000e+00	0.00000000000000e+00	3.43255945456342e+02	-5.34284135253517e+00
116	158	130	144	2.61820000000000e+02	8.79645943005142e+02	3.00000000000000e-02	0.00000000000000e+00	0.00000000000000e+00	3.18698662553499e+02	-6.55295933645516e+00
117	159	131	145	2.45810000000000e+02	8.79645943005142e+02	3.00000000000000e-02	0.00000000000000e+00	0.00000000000000e+00	2.82016018053094e+02	-4.58016637149295e+00
118	160	132	146	2.17280000000000e+02	8.79645943005142e+02	3.00000000000000e-02	0.00000000000000e+00	0.00000000000000e+00	2.41229115394597e+02	-3.48534412629859e+00
119	161	133	147	1.95340000000000e+02	8.79645943005142e+02	3.00000000000000e-02	0.00000000000000e+00	0.00000000000000e+00	1.94280877239897e+02	1.81223240460771e-01
120	162	134	148	1.57590000000000e+02	8.79645943005142e+02	3.00000000000000e-02	0.00000000000000e+00	0.00000000000000e+00	1.67161034004465e+02	-1.96536332145566e+00
121	163	135	149	1.57570000000000e+02	8.79645943005142e+02	3.00000000000000e-02	0.00000000000000e+00	0.00000000000000e+00	1.53113955396130e+02	9.56245110053011e-01
122	164	136	150	1.42840000000000e+02	8.79645943005142e+02	3.00000000000000e-02	0.00000000000000e+00	0.00000000000000e+00	1.32744028003648e+02	2.44341501353261e+00
123	165	137	151	1.04160000000000e+02	8.79645943005142e+02	3.00000000000000e-02	0.00000000000000e+00	0.00000000000000e+00	1.03200233159283e+02	3.08568870665867e-01
124	166	138	152	8.90800000000000e+01	8.79645943005142e+02	3.00000000000000e-02	0.00000000000000e+00	0.00000000000000e+00	9.56736000643549e+01	-2.38025188721623e+00
125	167	139	153	9.58200000000000e+01	8.79645943005142e+02	3.00000000000000e-02	0.00000000000000e+00	0.00000000000000e+00	8.20025322740918e+01	5.19071010920600e+00
126	168	140	154	7.56700000000000e+01	8.79645943005142e+02	3.00000000000000e-02	0.00000000000000e+00	0.00000000000000e+00	6.17853851580786e+01	6.75716434417565e+00
127	169	141	155	5.44000000000000e+01	8.79645943005142e+02	3.00000000000000e-02	0.00000000000000e+00	0.00000000000000e+00	5.00628274245370e+01	2.76951295797866e+00
128	170	142	156	3.32800000000000e+01	8.79645943005142e+02	3.00000000000000e-02	0.00000000000000e+00	0.00000000000000e+00	4.25579597264482e+01	-8.19700963910051e+00
129	171	143	157	4.75500000000000e+01	8.79645943005142e+02	3.00000000000000e-02	0.00000000000000e+00	0.00000000000000e+00	4.77890989668095e+01	-1.67192313660921e-01
130	172	144	158	8.11600000000000e+01	8.79645943005142e+02	3.00000000000000e-02	0.00000000000000e+00	0.00000000000000e+00	7.28566649019904e+01	3.59761661616111e+00
131	173	145	159	1.14760000000000e+02	8.79645943005142e+02	3.00000000000000e-02	0.00000000000000e+00	0.00000000000000e+00	1.20019543538614e+02	-1.49372004099864e+00
132	174	146	160	1.75430000000000e+02	8.79645943005142e+02	3.00000000000000e-02	0.00000000000000e+00	0.00000000000000e+00	1.74918108747806e+02	9.74062850964982e-02
133	175	147	161	2.36090000000000e+02	8.79645943005142e+02	3.00000000000000e-02	0.00000000000000e+00	0.00000000000000e+00	2.47738143468605e+02	-1.60530756558961e+00
134	176	148	162	4.38990000000000e+02	8.79645943005142e+02	3.00000000000000e-02	0.00000000000000e+00	0.00000000000000e+00	2.85287020903588e+02	1.43660289796608e+01
1	46	16	31	6.41890000000000e+02	9.42477796076938e+02	3.00000000000000e-02	0.00000000000000e+00	0.00000000000000e+00	6.31734317146310e+02	5.31600931578158e-01
3	47	17	32	7.27010000000000e+02	9.42477796076938e+02	3.00000000000000e-02	0.00000000000000e+00	0.00000000000000e+00	7.27095022353448e+02	-3.89803818559760e-03
4	48	18	33	7.92530000000000e+02	9.42477796076938e+02	3.00000000000000e-02	0.00000000000000e+00	0.00000000000000e+00	6.98484780158861e+02	4.21056569288414e+00
2	49	19	34	7.37560000000000e+02	9.42477796076938e+02	3.00000000000000e-02	0.00000000000000e+00	0.00000000000000e+00	6.92323101608471e+02	2.10982281163149e+00
5	50	20	35	7.74900000000000e+02	9.42477796076938e+02	3.00000000000000e-02	0.00000000000000e+00	0.00000000000000e+00	7.34771997349265e+02	1.77245817898335e+00
6	51	21	36	7.25230000000000e+02	9.42477796076938e+02	3.00000000000000e-02	0.00000000000000e+00	0.00000000000000e+00	7.42691276765136e+02	-7.93053446064995e-01
7	52	22	37	7.63650000000000e+02	9.42477796076938e+02	3.00000000000000e-02	0.00000000000000e+00	0.00000000000000e+00	7.35454774149479e+02	1.25401736016905e+00
8	53	23	38	7.09970000000000e+02	9.42477796076938e+02	3.00000000000000e-02	0.00000000000000e+00	0.00000000000000e+00	7.16150956334779e+02	-2.88942066226442e-01
9	54	24	39	7.09170000000000e+02	9.42477796076938e+02	3.00000000000000e-02	0.00000000000000e+00	0.00000000000000e+00	6.96685316116289e+02	5.92048221451247e-01
10	55	25	40	7.40900000000000e+02	9.42477796076938e+02	3.00000000000000e-02	0.00000000000000e+00	0.00000000000000e+00	6.68012240154106e+02	3.45197221566167e+00
11	56	26	41	6.37790000000000e+02	9.42477796076938e+02	3.00000000000000e-02	0.00000000000000e+00	0.00000000000000e+00	6.34581996965374e+02	1.68085530536229e-01
12	57	27	42	6.03950000000000e+02	9.42477796076938e+02	3.00000000000000e-02	0.00000000000000e+00	0.00000000000000e+00	5.93926573604255e+02	5.57857159675527e-01
13	58	28	43	5.68250000000000e+02	9.42477796076938e+02	3.00000000000000e-02	0.00000000000000e+00	0.00000000000000e+00	5.59218307754831e+02	5.34051105311869e-01
14	59	29	44	6.60230000000000e+02	9.42477796076938e+02	3.00000000000000e-02	0.00000000000000e+00	0.00000000000000e+00	5.37029196357063e+02	6.88452655837685e+00
15	60	30	45	4.91940000000000e+02	9.42477796076938e+02	3.00000000000000e-02	0.00000000000000e+00	0.00000000000000e+00	4.80422342034285e+02	7.89705385431105e-01
16	61	31	46	3.69080000000000e+02	9.42477796076938e+02	3.00000000000000e-02	0.00000000000000e+00	0.00000000000000e+00	4.16548242937215e+02	-4.03296205233019e+00
17	62	32	47	2.46220000000000e+02	9.42477796076938e+02	3.00000000000000e-02	0.00000000000000e+00	0.00000000000000e+00	3.67584257776731e+02	-1.33575706672090e+01
18	63	33	48	3.62030000000000e+02	9.42477796076938e+02	3.00000000000000e-02	0.00000000000000e+00	0.00000000000000e+00	4.30056657896863e+02	-5.73966270794516e+00
19	64	34	49	4.80770000000000e+02	9.42477796076938e+02	3.00000000000000e-02	0.00000000000000e+00	0.00000000000000e+00	4.68549635515743e+02	8.58231453213924e-01
20	65	35	50	5.06340000000000e+02	9.42477796076938e+02	3.00000000000000e-02	0.00000000000000e+00	0.00000000000000e+00	4.92591129417163e+02	9.17630085098716e-01
21	66	36	51	5.50000000000000e+02	9.42477796076938e+02	3.00000000000000e-02	0.00000000000000e+00	0.00000000000000e+00	5.41310477661756e+02	5.30842271084057e-01
22	67	37	52	5.82380000000000e+02	9.42477796076938e+02	3.00000000000000e-02	0.00000000000000e+00	0.00000000000000e+00	5.76782062515121e+02	3.21955614035296e-01
23	68	38	53	6.45940000000000e+02	9.42477796076938e+02	3.00000000000000e-02	0.00000000000000e+00	0.00000000000000e+00	6.07212149509467e+02	2.06094617524289e+00
24	69	39	54	6.45070000000000e+02	9.42477796076938e+02	3.00000000000000e-02	0.00000000000000e+00	0.00000000000000e+00	6.40952909487974e+02	2.13428265139696e-01
25	70	40	55	6.63390000000000e+02	9.42477796076938e+02	3.00000000000000e-02	0.00000000000000e+00	0.00000000000000e+00	6.68076845252494e+02	-2.34671739534124e-01
26	71	41	56	7.02580000000000e+02	9.42477796076938e+02	3.00000000000000e-02	0.00000000000000e+00	0.00000000000000e+00	7.00591782103209e+02	9.44630943864174e-02
27	72	42	57	7.77570000000000e+02	9.42477796076938e+02	3.00000000000000e-02	0.00000000000000e+00	0.00000000000000e+00	7.47196809653065e+02	1.32816849952745e+00
28	73	43	58	8.33930000000000e+02	9.42477796076938e+02	3.00000000000000e-02	0.00000000000000e+00	0.00000000000000e+00	8.05234811670322e+02	1.16718465272265e+00
29	74	44	59	8.29970000000000e+02	9.42477796076938e+02	3.00000000000000e-02	0.00000000000000e+00	0.00000000000000e+00	8.43427424757403e+02	-5.36143404312413e-01
30	75	45	60	9.58680000000000e+02	9.42477796076938e+02	3.00000000000000e-02	0.00000000000000e+00	0.00000000000000e+00	9.41883887705417e+02	5.89177758737443e-01
31	76	46	61	9.92200000000000e+02	9.42477796076938e+02	3.00000000000000e-02	0.00000000000000e+00	0.00000000000000e+00	9.82038106564556e+02	3.43152906994130e-01
32	77	47	62	9.69310000000000e+02	9.42477796076938e+02	3.00000000000000e-02	0.00000000000000e+00	0.00000000000000e+00	9.73704105043373e+02	-1.50766190973162e-01
33	78	48	63	1.00917000000000e+03	9.42477796076938e+02	3.00000000000000e-02	0.00000000000000e+00	0.00000000000000e+00	8.57917520549824e+02	5.41251749457106e+00
34	79	49	64	8.61010000000000e+02	9.42477796076938e+02	3.00000000000000e-02	0.00000000000000e+00	0.00000000000000e+00	8.20193753202406e+02	1.61885073404754e+00
35	80	50	65	8.76160000000000e+02	9.42477796076938e+02	3.00000000000000e-02	0.00000000000000e+00	0.00000000000000e+00	8.28134036325980e+02	1.87912339183708e+00
36	81	51	66	7.58070000000000e+02	9.42477796076938e+02	3.00000000000000e-02	0.00000000000000e+00	0.00000000000000e+00	7.49691091505559e+02	3.70482865692079e-01
37	82	52	67	7.07450000000000e+02	9.42477796076938e+02	3.00000000000000e-02	0.00000000000000e+00	0.00000000000000e+00	6.47653768855528e+02	2.94369031348086e+00
38	83	53	68	6.02770000000000e+02	9.42477796076938e+02	3.00000000000000e-02	0.00000000000000e+00	0.00000000000000e+00	5.64575125842759e+02	2.18207463872770e+00
39	84	54	69	5.63630000000000e+02	9.42477796076938e+02	3.00000000000000e-02	0.00000000000000e+00	0.00000000000000e+00	5.07274072373378e+02	3.51155245476390e+00
40	85	55	70	5.94670000000000e+02	9.42477796076938e+02	3.00000000000000e-02	0.00000000000000e+00	0.00000000000000e+00	4.91416791598685e+02	6.35713331321801e+00
41	86	56	71	5.21170000000000e+02	9.42477796076938e+02	3.00000000000000e-02	0.00000000000000e+00	0.00000000000000e+00	4.90677008860635e+02	2.00967319588023e+00
42	87	57	72	5.35090000000000e+02	9.42477796076938e+02	3.00000000000000e-02	0.00000000000000e+00	0.00000000000000e+00	4.93855740841223e+02	2.67305016981817e+00
43	88	58	73	5.09580000000000e+02	9.42477796076938e+02	3.00000000000000e-02	0.00000000000000e+00	0.00000000000000e+00	4.82046127621983e+02	1.85156823626077e+00
44	89	59	74	6.72370000000000e+02	9.42477796076938e+02	3.00000000000000e-02	0.00000000000000e+00	0.00000000000000e+00	4.78121556266101e+02	1.13647927421715e+01
45	90	60	75	4.48990000000000e+02	9.42477796076938e+02	3.00000000000000e-02	0.00000000000000e+00	0.00000000000000e+00	4.60503208861656e+02	-8.43973603461142e-01
46	91	61	76	4.71180000000000e+02	9.42477796076938e+02	3.00000000000000e-02	0.00000000000000e+00	0.00000000000000e+00	4.69852181162324e+02	9.40683181356169e-02
47	92	62	77	5.16310000000000e+02	9.42477796076938e+02	3.00000000000000e-02	0.00000000000000e+00	0.00000000000000e+00	5.03770666580769e+02	8.19540746410367e-01
48	93	63	78	6.03680000000000e+02	9.42477796076938e+02	3.00000000000000e-02	0.00000000000000e+00	0.00000000000000e+00	5.66540625010621e+02	2.11651553440261e+00
49	94	64	79	5.71550000000000e+02	9.42477796076938e+02	3.00000000000000e-02	0.00000000000000e+00	0.00000000000000e+00	5.80763161981914e+02	-5.33035556252829e-01
50	95	65	80	5.97690000000000e+02	9.42477796076938e+02	3.00000000000000e-02	0.00000000000000e+00	0.00000000000000e+00	6.10484192457058e+02	-7.06005851515368e-01
51	96	66	81	6.86860000000000e+02	9.42477796076938e+02	3.00000000000000e-02	0.00000000000000e+00	0.00000000000000e+00	6.87640223530463e+02	-3.78427785802475e-02
52	97	67	82	7.36290000000000e+02	9.42477796076938e+02	3.00000000000000e-02	0.00000000000000e+00	0.00000000000000e+00	7.51636769806962e+02	-6.87637517436664e-01
53	98	68	83	9.95620000000000e+02	9.42477796076938e+02	3.00000000000000e-02	0.00000000000000e+00	0.00000000000000e+00	7.95732833449876e+02	7.47007218480640e+00
54	99	69	84	8.64310000000000e+02	9.42477796076938e+02	3.00000000000000e-02	0.00000000000000e+00	0.00000000000000e+00	8.28348783731231e+02	1.41657328892861e+00
55	100	70	85	8.75700000000000e+02	9.42477796076938e+02	3.00000000000000e-02	0.00000000000000e+00	0.00000000000000e+00	8.57256745823036e+02	7.09536869095947e-01
56	101	71	86	9.01340000000000e+02	9.42477796076938e+02	3.00000000000000e-02	0.00000000000000e+00	0.00000000000000e+00	8.55424157179249e+02	1.74283695747676e+00
57	102	72	87	8.84570000000000e+02	9.42477796076938e+02	3.00000000000000e-02	0.00000000000000e+00	0.00000000000000e+00	8.56761768084256e+02	1.06472516127694e+00
58	103	73	88	8.99800000000000e+02	9.42477796076938e+02	3.00000000000000e-02	0.00000000000000e+00	0.00000000000000e+00	8.75493971809887e+02	9.12808337682325e-01
59	104	74	89	9.17610000000000e+02	9.42477796076938e+02	3.00000000000000e-02	0.00000000000000e+00	0.00000000000000e+00	8.50374063704588e+02	2.53653787080633e+00
60	105	75	90	8.79150000000000e+02	9.42477796076938e+02	3.00000000000000e-02	0.00000000000000e+00	0.00000000000000e+00	8.64864603820153e+02	5.46085476196752e-01
61	106	76	91	8.50200000000000e+02	9.42477796076938e+02	3.00000000000000e-02	0.00000000000000e+00	0.00000000000000e+00	8.16707490784940e+02	1.33968711957226e+00
62	107	77	92	7.86500000000000e+02	9.42477796076938e+02	3.00000000000000e-02	0.00000000000000e+00	0.00000000000000e+00	7.38222379660296e+02	2.11158719449613e+00
63	108	78	93	6.93060000000000e+02	9.42477796076938e+02	3.00000000000000e-02	0.00000000000000e+00	0.00000000000000e+00	6.91555655393328e+02	7.24314213229012e-02
64	109	79	94	6.70840000000000e+02	9.42477796076938e+02	3.00000000000000e-02	0.00000000000000e+00	0.00000000000000e+00	6.77588399065883e+02	-3.33645470163309e-01
65	110	80	95	6.48760000000000e+02	9.42477796076938e+02	3.00000000000000e-02	0.00000000000000e+00	0.00000000000000e+00	6.63806494257697e+02	-7.64261135797698e-01
66	111	81	96	5.78190000000000e+02	9.42477796076938e+02	3.00000000000000e-02	0.00000000000000e+00	0.00000000000000e+00	5.90371336051509e+02	-6.94972922678113e-01
67	112	82	97	5.01770000000000e+02	9.42477796076938e+02	3.00000000000000e-02	0.00000000000000e+00	0.00000000000000e+00	5.02442360712449e+02	-4.46360311306885e-02
68	113	83	98	4.33230000000000e+02	9.42477796076938e+02	3.00000000000000e-02	0.00000000000000e+00	0.00000000000000e+00	4.17399601428550e+02	1.24082416849367e+00
69	114	84	99	3.90450000000000e+02	9.42477796076938e+02	3.00000000000000e-02	0.00000000000000e+00	0.00000000000000e+00	3.58344352952153e+02	2.86018387544210e+00
70	115	85	100	3.51850000000000e+02	9.42477796076938e+02	3.00000000000000e-02	0.00000000000000e+00	0.00000000000000e+00	3.21993564897938e+02	2.95577959522868e+00
71	116	86	101	3.34390000000000e+02	9.42477796076938e+02	3.00000000000000e-02	0.00000000000000e+00	0.00000000000000e+00	3.25619815264823e+02	8.85916216253572e-01
72	117	87	102	3.20740000000000e+02	9.42477796076938e+02	3.00000000000000e-02	0.00000000000000e+00	0.00000000000000e+00	3.38404172682530e+02	-1.78700440658387e+00
73	118	88	103	3.63080000000000e+02	9.42477796076938e+02	3.00000000000000e-02	0.00000000000000e+00	0.00000000000000e+00	3.55878513330584e+02	6.67792591213286e-01
74	119	89	104	3.86270000000000e+02	9.42477796076938e+02	3.00000000000000e-02	0.00000000000000e+00	0.00000000000000e+00	3.91940714758281e+02	-4.85799456154723e-01
75	120	90	105	4.43290000000000e+02	9.42477796076938e+02	3.00000000000000e-02	0.00000000000000e+00	0.00000000000000e+00	4.11719964652180e+02	2.46269208683891e+00
76	121	91	106	4.48370000000000e+02	9.42477796076938e+02	3.00000000000000e-02	0.00000000000000e+00	0.00000000000000e+00	4.25658588514363e+02	1.73270649580868e+00
77	122	92	107	4.54440000000000e+02	9.42477796076938e+02	3.00000000000000e-02	0.00000000000000e+00	0.00000000000000e+00	4.43279263227107e+02	8.28864307922868e-01
78	123	93	108	4.62160000000000e+02	9.42477796076938e+02	3.00000000000000e-02	0.00000000000000e+00	0.00000000000000e+00	4.42711723376626e+02	1.43307768493675e+00
79	124	94	109	4.74740000000000e+02	9.42477796076938e+02	3.00000000000000e-02	0.00000000000000e+00	0.00000000000000e+00	4.48170916009545e+02	1.91975390479930e+00
80	125	95	110	5.22250000000000e+02	9.42477796076938e+02	3.00000000000000e-02	0.00000000000000e+00	0.00000000000000e+00	4.63999621337804e+02	3.94208880976903e+00
81	126	96	111	5.61010000000000e+02	9.42477796076938e+02	3.00000000000000e-02	0.00000000000000e+00	0.00000000000000e+00	4.75916743481251e+02	5.48319334651624e+00
82	127	97	112	5.41280000000000e+02	9.42477796076938e+02	3.00000000000000e-02	0.00000000000000e+00	0.00000000000000e+00	4.64520546127211e+02	5.09769716582686e+00
83	128	98	113	5.25880000000000e+02	9.42477796076938e+02	3.00000000000000e-02	0.00000000000000e+00	0.00000000000000e+00	4.69086171195417e+02	3.80955214556605e+00
84	129	99	114	4.64720000000000e+02	9.42477796076938e+02	3.00000000000000e-02	0.00000000000000e+00	0.00000000000000e+00	4.58393534773313e+02	4.56900409362208e-01
85	130	100	115	4.86180000000000e+02	9.42477796076938e+02	3.00000000000000e-02	0.00000000000000e+00	0.00000000000000e+00	4.84348884528319e+02	1.25781428636351e-01
86	131	101	116	4.84720000000000e+02	9.42477796076938e+02	3.00000000000000e-02	0.00000000000000e+00	0.00000000000000e+00	4.83095610742467e+02	1.11893957542867e-01
87	132	102	117	4.38340000000000e+02	9.42477796076938e+02	3.00000000000000e-02	0.00000000000000e+00	0.00000000000000e+00	4.60532433401036e+02	-1.64628063666505e+00
88	133	103	118	4.28300000000000e+02	9.42477796076938e+02	3.00000000000000e-02	0.00000000000000e+00	0.00000000000000e+00	4.27388446888768e+02	7.10191082098355e-02
89	134	104	119	3.64910000000000e+02	9.42477796076938e+02	3.00000000000000e-02	0.00000000000000e+00	0.00000000000000e+00	3.61617817159337e+02	3.02094913785093e-01
90	135	105	120	3.35020000000000e+02	9.42477796076938e+02	3.00000000000000e-02	0.00000000000000e+00	0.00000000000000e+00	3.21588258469965e+02	1.36394015433075e+00
91	136	106	121	2.98790000000000e+02	9.42477796076938e+02	3.00000000000000e-02	0.00000000000000e+00	0.00000000000000e+00	2.96225290721845e+02	2.87356779059215e-01
92	137	107	122	2.69220000000000e+02	9.42477796076938e+02	3.00000000000000e-02	0.00000000000000e+00	0.00000000000000e+00	2.65208881373976e+02	5.00371404039808e-01
93	138	108	123	2.54950000000000e+02	9.42477796076938e+02	3.00000000000000e-02	0.00000000000000e+00	0.00000000000000e+00	2.50150134183926e+02	6.33539105107920e-01
94	139	109	124	2.05580000000000e+02	9.42477796076938e+02	3.00000000000000e-02	0.00000000000000e+00	0.00000000000000e+00	1.95271663502826e+02	1.71478391268177e+00
95	140	110	125	1.85660000000000e+02	9.42477796076938e+02	3.00000000000000e-02	0.00000000000000e+00	0.00000000000000e+00	1.48459373588779e+02	7.45352338950687e+00
96	141	111	126	1.95870000000000e+02	9.42477796076938e+02	3.00000000000000e-02	0.00000000000000e+00	0.00000000000000e+00	1.15339126407143e+02	1.76524819924933e+01
97	142	112	127	1.48960000000000e+02	9.42477796076938e+02	3.00000000000000e-02	0.00000000000000e+00	0.00000000000000e+00	1.12304390867589e+02	9.41549510348248e+00
98	143	113	128	9.24300000000000e+01	9.42477796076938e+02	3.00000000000000e-02	0.00000000000000e+00	0.00000000000000e+00	1.03109061303876e+02	-3.64452247932225e+00
99	144	114	129	1.02630000000000e+02	9.42477796076938e+02	3.00000000000000e-02	0.00000000000000e+00	0.00000000000000e+00	1.06976087140062e+02	-1.38250123851803e+00
100	145	115	130	8.50600000000000e+01	9.42477796076938e+02	3.00000000000000e-02	0.00000000000000e+00	0.00000000000000e+00	1.08752102856148e+02	-8.19047055215372e+00
101	146	116	131	6.75000000000000e+01	9.42477796076938e+02	3.00000000000000e-02	0.00000000000000e+00	0.00000000000000e+00	1.21979035126536e+02	-1.97240529620974e+01
102	147	117	132	1.30920000000000e+02	9.42477796076938e+02	3.00000000000000e-02	0.00000000000000e+00	0.00000000000000e+00	1.45232850803066e+02	-3.45839574561033e+00
103	148	118	133	1.94340000000000e+02	9.42477796076938e+02	3.00000000000000e-02	0.00000000000000e+00	0.00000000000000e+00	1.74880398496258e+02	3.51689664338863e+00
104	149	119	134	2.28550000000000e+02	9.42477796076938e+02	3.00000000000000e-02	0.00000000000000e+00	0.00000000000000e+00	2.04717130482933e+02	3.67086099378557e+00
105	150	120	135	2.62770000000000e+02	9.42477796076938e+02	3.00000000000000e-02	0.00000000000000e+00	0.00000000000000e+00	2.21974156016394e+02	5.62393880293565e+00
106	151	121	136	2.57890000000000e+02	9.42477796076938e+02	3.00000000000000e-02	0.00000000000000e+00	0.00000000000000e+00	2.37552960031123e+02	2.73808497319064e+00
107	152	122	137	3.57430000000000e+02	9.42477796076938e+02	3.00000000000000e-02	0.00000000000000e+00	0.00000000000000e+00	2.79164376877986e+02	8.23795886655834e+00
108	153	123	138	3.92310000000000e+02	9.42477796076938e+02	3.00000000000000e-02	0.00000000000000e+00	0.00000000000000e+00	3.02908251111776e+02	8.62074618473718e+00
109	154	124	139	4.30730000000000e+02	9.42477796076938e+02	3.00000000000000e-02	0.00000000000000e+00	0.00000000000000e+00	3.38746636104254e+02	8.00763339536061e+00
110	155	125	140	4.38390000000000e+02	9.42477796076938e+02	3.00000000000000e-02	0.00000000000000e+00	0.00000000000000e+00	3.53946918041838e+02	7.13206574329105e+00
111	156	126	141	4.11690000000000e+02	9.42477796076938e+02	3.00000000000000e-02	0.00000000000000e+00	0.00000000000000e+00	3.53167666561181e+02	5.11092395625991e+00
112	157	127	142	3.27680000000000e+02	9.42477796076938e+02	3.00000000000000e-02	0.00000000000000e+00	0.00000000000000e+00	3.49192750576179e+02	-2.11955137492469e+00
113	158	128	143	3.04810000000000e+02	9.42477796076938e+02	3.00000000000000e-02	0.00000000000000e+00	0.00000000000000e+00	3.44060830894167e+02	-4.03766146871751e+00
114	159	129	144	2.48240000000000e+02	9.42477796076938e+02	3.00000000000000e-02	0.00000000000000e+00	0.00000000000000e+00	3.17095637758193e+02	-8.16024682113448e+00
115	160	130	145	2.47260000000000e+02	9.42477796076938e+02	3.00000000000000e-02	0.00000000000000e+00	0.00000000000000e+00	2.87270133425350e+02	-4.99941966491629e+00
116	161	131	146	2.16220000000000e+02	9.42477796076938e+02	3.00000000000000e-02	0.00000000000000e+00	0.00000000000000e+00	2.46981491090640e+02	-4.43389970332960e+00
117	162	132	147	2.05210000000000e+02	9.42477796076938e+02	3.00000000000000e-02	0.00000000000000e+00	0.00000000000000e+00	2.16858981715911e+02	-1.84044811325075e+00
118	163	133	148	1.88330000000000e+02	9.42477796076938e+02	3.00000000000000e-02	0.00000000000000e+00	0.00000000000000e+00	1.83181765849794e+02	9.23894243592975e-01
119	164	134	149	1.71080000000000e+02	9.42477796076938e+02	3.00000000000000e-02	0.00000000000000e+00	0.00000000000000e+00	1.56578182107008e+02	2.95252773137265e+00
120	165	135	150	1.45890000000000e+02	9.42477796076938e+02	3.00000000000000e-02	0.00000000000000e+00	0.00000000000000e+00	1.40253956586800e+02	1.31327193737810e+00
121	166	136	151	1.43370000000000e+02	9.42477796076938e+02	3.00000000000000e-02	0.00000000000000e+00	0.00000000000000e+00	1.29055367448640e+02	3.50623946501400e+00
122	167	137	152	1.12060000000000e+02	9.42477796076938e+02	3.00000000000000e-02	0.00000000000000e+00	0.00000000000000e+00	1.00969138938419e+02	3.47398423508330e+00
123	168	138	153	8.07600000000000e+01	9.42477796076938e+02	3.00000000000000e-02	0.00000000000000e+00	0.00000000000000e+00	9.22259986960721e+01	-4.42534262959384e+00
124	169	139	154	7.24700000000000e+01	9.42477796076938e+02	3.00000000000000e-02	0.00000000000000e+00	0.00000000000000e+00	8.18504888199159e+01	-4.05738642737532e+00
125	170	140	155	5.67600000000000e+01	9.42477796076938e+02	3.00000000000000e-02	0.00000000000000e+00	0.00000000000000e+00	6.44902238274215e+01	-4.25605971517005e+00
126	171	141	156	3.32800000000000e+01	9.42477796076938e+02	3.00000000000000e-02	0.00000000000000e+00	0.00000000000000e+00	5.28744991865800e+01	-1.54321516573324e+01
127	172	142	157	4.87900000000000e+01	9.42477796076938e+02	3.00000000000000e-02	0.00000000000000e+00	0.00000000000000e+00	5.18876398497432e+01	-2.05184115989949e+00
128	173	143	158	6.43000000000000e+01	9.42477796076938e+02	3.00000000000000e-02	0.00000000000000e+00	0.00000000000000e+00	7.43008494081966e+01	-4.81875841858042e+00
129	174	144	159	1.09730000000000e+02	9.42477796076938e+02	3.00000000000000e-02	0.00000000000000e+00	0.00000000000000e+00	1.20869400809944e+02	-3.22292758488005e+00
130	175	145	160	1.55150000000000e+02	9.42477796076938e+02	3.00000000000000e-02	0.00000000000000e+00	0.00000000000000e+00	1.74961431514822e+02	-4.00577224651701e+00
131	176	146	161	4.23000000000000e+02	9.42477796076938e+02	3.00000000000000e-02	0.00000000000000e+00	0.00000000000000e+00	2.44326088171702e+02	1.82956139681169e+01
1	49	17	33	5.82380000000000e+02	1.00530964914873e+03	3.00000000000000e-02	0.00000000000000e+00	0.00000000000000e+00	6.61626127882405e+02	-4.25258264195785e+00
3	50	18	34	7.41750000000000e+02	1.00530964914873e+03	3.00000000000000e-02	0.00000000000000e+00	0.00000000000000e+00	6.59193208189219e+02	3.93318612465870e+00
4	51	19	35	7.13340000000000e+02	1.00530964914873e+03	3.00000000000000e-02	0.00000000000000e+00	0.00000000000000e+00	6.59130856907801e+02	2.63453604680324e+00
2	52	20	36	7.41250000000000e+02	1.00530964914873e+03	3.00000000000000e-02	0.00000000000000e+00	0.00000000000000e+00	6.83284083693634e+02	2.71424140294707e+00
5	53	21	37	7.46900000000000e+02	1.00530964914873e+03	3.00000000000000e-02	0.00000000000000e+00	0.00000000000000e+00	7.22540655424422e+02	1.10525394919761e+00
6	54	22	38	7.22980000000000e+02	1.00530964914873e+03	3.00000000000000e-02	0.00000000000000e+00	0.00000000000000e+00	7.26958806787460e+02	-1.82941825128324e-01
7	55	23	39	7.98630000000000e+02	1.00530964914873e+03	3.00000000000000e-02	0.00000000000000e+00	0.00000000000000e+00	7.17098952244248e+02	3.58946399591478e+00
8	56	24	40	7.07420000000000e+02	1.00530964914873e+03	3.00000000000000e-02	0.00000000000000e+00	0.00000000000000e+00	6.92183817829020e+02	7.25766529154311e-01
9	57	25	41	6.64290000000000e+02	1.00530964914873e+03	3.00000000000000e-02	0.00000000000000e+00	0.00000000000000e+00	6.64016749758379e+02	1.37142140059036e-02
10	58	26	42	6.50000000000000e+02	1.00530964914873e+03	3.00000000000000e-02	0.00000000000000e+00	0.00000000000000e+00	6.28877108263238e+02	1.10121672159143e+00
11	59	27	43	4.98150000000000e+02	1.00530964914873e+03	3.00000000000000e-02	0.00000000000000e+00	0.00000000000000e+00	5.76806272578927e+02	-4.88684080702801e+00
12	60	28	44	5.33160000000000e+02	1.00530964914873e+03	3.00000000000000e-02	0.00000000000000e+00	0.00000000000000e+00	5.41157303623703e+02	-4.96281146694096e-01
13	61	29	45	5.46030000000000e+02	1.00530964914873e+03	3.00000000000000e-02	0.00000000000000e+00	0.00000000000000e+00	5.28410574734316e+02	1.09334446992587e+00
14	62	30	46	5.04110000000000e+02	1.00530964914873e+03	3.00000000000000e-02	0.00000000000000e+00	0.00000000000000e+00	4.89776911375108e+02	9.61483123389772e-01
15	63	31	47	4.57430000000000e+02	1.00530964914873e+03	3.00000000000000e-02	0.00000000000000e+00	0.00000000000000e+00	4.46214312367481e+02	8.27483664480925e-01
16	64	32	48	4.74540000000000e+02	1.00530964914873e+03	3.00000000000000e-02	0.00000000000000e+00	0.00000000000000e+00	4.64572774111641e+02	7.07589861563947e-01
17	65	33	49	4.90210000000000e+02	1.00530964914873e+03	3.00000000000000e-02	0.00000000000000e+00	0.00000000000000e+00	4.84078171654288e+02	4.19582178843421e-01
18	66	34	50	5.28440000000000e+02	1.00530964914873e+03	3.00000000000000e-02	0.00000000000000e+00	0.00000000000000e+00	5.11469936718013e+02	1.08801536968726e+00
19	67	35	51	5.86050000000000e+02	1.00530964914873e+03	3.00000000000000e-02	0.00000000000000e+00	0.00000000000000e+00	5.63302889298362e+02	1.31958783487223e+00
20	68	36	52	6.12740000000000e+02	1.00530964914873e+03	3.00000000000000e-02	0.00000000000000e+00	0.00000000000000e+00	5.84829284658932e+02	1.55402396192195e+00
21	69	37	53	6.60400000000000e+02	1.00530964914873e+03	3.00000000000000e-02	0.00000000000000e+00	0.00000000000000e+00	6.02552266521888e+02	3.05571003432516e+00
22	70	38	54	6.00560000000000e+02	1.00530964914873e+03	3.00000000000000e-02	0.00000000000000e+00	0.00000000000000e+00	6.06351127543068e+02	-3.19889446481595e-01
23	71	39	55	6.09660000000000e+02	1.00530964914873e+03	3.00000000000000e-02	0.00000000000000e+00	0.00000000000000e+00	5.99023116074153e+02	5.86707874874796e-01
24	72	40	56	6.35320000000000e+02	1.00530964914873e+03	3.00000000000000e-02	0.00000000000000e+00	0.00000000000000e+00	6.40625590194327e+02	-2.77212487944774e-01
25	73	41	57	7.20060000000000e+02	1.00530964914873e+03	3.00000000000000e-02	0.00000000000000e+00	0.00000000000000e+00	6.78837157055735e+02	1.96510902272135e+00
26	74	42	58	7.11480000000000e+02	1.00530964914873e+03	3.00000000000000e-02	0.00000000000000e+00	0.00000000000000e+00	7.32179025471403e+02	-9.55924895590480e-01
27	75	43	59	7.90230000000000e+02	1.00530964914873e+03	3.00000000000000e-02	0.00000000000000e+00	0.00000000000000e+00	7.83192534141245e+02	2.98182788799117e-01
28	76	44	60	8.73260000000000e+02	1.00530964914873e+03	3.00000000000000e-02	0.00000000000000e+00	0.00000000000000e+00	8.50638359831038e+02	8.74875197117782e-01
29	77	45	61	8.56080000000000e+02	1.00530964914873e+03	3.00000000000000e-02	0.00000000000000e+00	0.00000000000000e+00	8.18652293132070e+02	1.49014621743510e+00
30	78	46	62	8.21670000000000e+02	1.00530964914873e+03	3.00000000000000e-02	0.00000000000000e+00	0.00000000000000e+00	8.08745945789628e+02	5.28467390901266e-01
31	79	47	63	8.77200000000000e+02	1.00530964914873e+03	3.00000000000000e-02	0.00000000000000e+00	0.00000000000000e+00	8.81869810542413e+02	-1.76980715776320e-01
32	80	48	64	9.52470000000000e+02	1.00530964914873e+03	3.00000000000000e-02	0.00000000000000e+00	0.00000000000000e+00	8.60897219984543e+02	3.36944953266262e+00
33	81	49	65	8.15490000000000e+02	1.00530964914873e+03	3.00000000000000e-02	0.00000000000000e+00	0.00000000000000e+00	7.81182427287793e+02	1.43268184439815e+00
34	82	50	66	7.77540000000000e+02	1.00530964914873e+03	3.00000000000000e-02	0.00000000000000e+00	0.00000000000000e+00	6.94468391918610e+02	3.76628135043079e+00
35	83	51	67	6.43920000000000e+02	1.00530964914873e+03	3.00000000000000e-02	0.00000000000000e+00	0.00000000000000e+00	5.97295726602425e+02	2.50540498658216e+00
36	84	52	68	6.06820000000000e+02	1.00530964914873e+03	3.00000000000000e-02	0.00000000000000e+00	0.00000000000000e+00	5.39276582446823e+02	3.93345424823395e+00
37	85	53	69	5.51800000000000e+02	1.00530964914873e+03	3.00000000000000e-02	0.00000000000000e+00	0.00000000000000e+00	5.10203899808908e+02	2.61250708060263e+00
38	86	54	70	5.55250000000000e+02	1.00530964914873e+03	3.00000000000000e-02	0.00000000000000e+00	0.00000000000000e+00	5.11098099632136e+02	2.76189717330280e+00
39	87	55	71	5.59840000000000e+02	1.00530964914873e+03	3.00000000000000e-02	0.00000000000000e+00	0.00000000000000e+00	5.25352670987400e+02	2.11937457639806e+00
40	88	56	72	5.28440000000000e+02	1.00530964914873e+03	3.00000000000000e-02	0.00000000000000e+00	0.00000000000000e+00	5.16565031013620e+02	7.57602742764233e-01
41	89	57	73	5.33900000000000e+02	1.00530964914873e+03	3.00000000000000e-02	0.00000000000000e+00	0.00000000000000e+00	5.16576556286961e+02	1.09950188860625e+00
42	90	58	74	5.52270000000000e+02	1.00530964914873e+03	3.00000000000000e-02	0.00000000000000e+00	0.00000000000000e+00	5.08896890963198e+02	2.72638776260100e+00
43	91	59	75	6.53850000000000e+02	1.00530964914873e+03	3.00000000000000e-02	0.00000000000000e+00	0.00000000000000e+00	5.09354069007413e+02	8.32448585736175e+00
44	92	60	76	4.99830000000000e+02	1.00530964914873e+03	3.00000000000000e-02	0.00000000000000e+00	0.00000000000000e+00	4.85617866889174e+02	9.61533603718490e-01
45	93	61	77	4.88850000000000e+02	1.00530964914873e+03	3.00000000000000e-02	0.00000000000000e+00	0.00000000000000e+00	4.89900540940066e+02	-7.15566292300333e-02
46	94	62	78	4.91580000000000e+02	1.00530964914873e+03	3.00000000000000e-02	0.00000000000000e+00	0.00000000000000e+00	5.04528408659321e+02	-8.66648511681145e-01
47	95	63	79	3.97220000000000e+02	1.00530964914873e+03	3.00000000000000e-02	0.00000000000000e+00	0.00000000000000e+00	4.99323986177777e+02	-7.62549575310209e+00
48	96	64	80	5.53530000000000e+02	1.00530964914873e+03	3.00000000000000e-02	0.00000000000000e+00	0.00000000000000e+00	5.52673499859677e+02	5.16180076924814e-02
49	97	65	81	5.70320000000000e+02	1.00530964914873e+03	3.00000000000000e-02	0.00000000000000e+00	0.00000000000000e+00	5.98993162969677e+02	-1.63508590556463e+00
50	98	66	82	6.97640000000000e+02	1.00530964914873e+03	3.00000000000000e-02	0.00000000000000e+00	0.00000000000000e+00	6.64264894989969e+02	1.63407340802764e+00
51	99	67	83	7.80520000000000e+02	1.00530964914873e+03	3.00000000000000e-02	0.00000000000000e+00	0.00000000000000e+00	7.38012979381599e+02	1.86663175143469e+00
52	100	68	84	9.88320000000000e+02	1.00530964914873e+03	3.00000000000000e-02	0.00000000000000e+00	0.00000000000000e+00	8.08933306385342e+02	6.67633526201833e+00
53	101	69	85	9.47450000000000e+02	1.00530964914873e+03	3.00000000000000e-02	0.00000000000000e+00	0.00000000000000e+00	8.70791073445187e+02	2.81240289298050e+00
54	102	70	86	8.89390000000000e+02	1.00530964914873e+03	3.00000000000000e-02	0.00000000000000e+00	0.00000000000000e+00	8.63513766104408e+02	9.84199826724315e-01
55	103	71	87	8.09330000000000e+02	1.00530964914873e+03	3.00000000000000e-02	0.00000000000000e+00	0.00000000000000e+00	8.24447689833900e+02	-6.16898346233974e-01
56	104	72	88	8.23950000000000e+02	1.00530964914873e+03	3.00000000000000e-02	0.00000000000000e+00	0.00000000000000e+00	8.02630205323709e+02	8.73858566301866e-01
57	105	73	89	8.05520000000000e+02	1.00530964914873e+03	3.00000000000000e-02	0.00000000000000e+00	0.00000000000000e+00	7.82323110284680e+02	9.74006396399900e-01
58	106	74	90	8.14140000000000e+02	1.00530964914873e+03	3.00000000000000e-02	0.00000000000000e+00	0.00000000000000e+00	7.90807001659424e+02	9.69279874486280e-01
59	107	75	91	8.22320000000000e+02	1.00530964914873e+03	3.00000000000000e-02	0.00000000000000e+00	0.00000000000000e+00	7.72717648800209e+02	2.07386328653447e+00
60	108	76	92	8.27340000000000e+02	1.00530964914873e+03	3.00000000000000e-02	0.00000000000000e+00	0.00000000000000e+00	7.89171778381724e+02	1.57439071175046e+00
61	109	77	93	7.41770000000000e+02	1.00530964914873e+03	3.00000000000000e-02	0.00000000000000e+00	0.00000000000000e+00	7.13941865819384e+02	1.27458944887507e+00
62	110	78	94	6.21820000000000e+02	1.00530964914873e+03	3.00000000000000e-02	0.00000000000000e+00	0.00000000000000e+00	6.26803956724395e+02	-2.66105375006257e-01
63	111	79	95	5.67260000000000e+02	1.00530964914873e+03	3.00000000000000e-02	0.00000000000000e+00	0.00000000000000e+00	6.23736905686113e+02	-3.16369671804670e+00
64	112	80	96	6.40160000000000e+02	1.00530964914873e+03	3.00000000000000e-02	0.00000000000000e+00	0.00000000000000e+00	6.39293287728916e+02	4.51605599553003e-02
65	113	81	97	6.40740000000000e+02	1.00530964914873e+03	3.00000000000000e-02	0.00000000000000e+00	0.00000000000000e+00	5.99556314895071e+02	2.21446173056246e+00
66	114	82	98	5.21130000000000e+02	1.00530964914873e+03	3.00000000000000e-02	0.00000000000000e+00	0.00000000000000e+00	5.10360845765049e+02	6.96050484557128e-01
67	115	83	99	4.78180000000000e+02	1.00530964914873e+03	3.00000000000000e-02	0.00000000000000e+00	0.00000000000000e+00	4.30956591078261e+02	3.46599541230293e+00
68	116	84	100	4.00130000000000e+02	1.00530964914873e+03	3.00000000000000e-02	0.00000000000000e+00	0.00000000000000e+00	3.64229226612385e+02	3.13353604782517e+00
69	117	85	101	3.41310000000000e+02	1.00530964914873e+03	3.00000000000000e-02	0.00000000000000e+00	0.00000000000000e+00	3.31705405585910e+02	9.51463759613051e-01
70	118	86	102	3.55210000000000e+02	1.00530964914873e+03	3.00000000000000e-02	0.00000000000000e+00	0.00000000000000e+00	3.39885677639960e+02	1.46999483473914e+00
71	119	87	103	3.46650000000000e+02	1.00530964914873e+03	3.00000000000000e-02	0.00000000000000e+00	0.00000000000000e+00	3.59743644453356e+02	-1.23586845527474e+00
72	120	88	104	3.97680000000000e+02	1.00530964914873e+03	3.00000000000000e-02	0.00000000000000e+00	0.00000000000000e+00	3.95847074569994e+02	1.53990014837616e-01
73	121	89	105	4.21870000000000e+02	1.00530964914873e+03	3.00000000000000e-02	0.00000000000000e+00	0.00000000000000e+00	4.15012397024417e+02	5.46293919072897e-01
74	122	90	106	4.17570000000000e+02	1.00530964914873e+03	3.00000000000000e-02	0.00000000000000e+00	0.00000000000000e+00	4.24888110226503e+02	-5.79122310002174e-01
75	123	91	107	4.62390000000000e+02	1.00530964914873e+03	3.00000000000000e-02	0.00000000000000e+00	0.00000000000000e+00	4.40978500406044e+02	1.58041894940126e+00
76	124	92	108	4.62460000000000e+02	1.00530964914873e+03	3.00000000000000e-02	0.00000000000000e+00	0.00000000000000e+00	4.49142122842454e+02	9.74023237537628e-01
77	125	93	109	4.87760000000000e+02	1.00530964914873e+03	3.00000000000000e-02	0.00000000000000e+00	0.00000000000000e+00	4.62175117737728e+02	1.79598732046703e+00
78	126	94	110	5.14880000000000e+02	1.00530964914873e+03	3.00000000000000e-02	0.00000000000000e+00	0.00000000000000e+00	4.75714640167772e+02	2.63718949292337e+00
79	127	95	111	5.26000000000000e+02	1.00530964914873e+03	3.00000000000000e-02	0.00000000000000e+00	0.00000000000000e+00	4.79214024465895e+02	3.10512999833614e+00
80	128	96	112	5.08940000000000e+02	1.00530964914873e+03	3.00000000000000e-02	0.00000000000000e+00	0.00000000000000e+00	4.64476244981071e+02	3.04732385054187e+00
81	129	97	113	5.61180000000000e+02	1.00530964914873e+03	3.00000000000000e-02	0.00000000000000e+00	0.00000000000000e+00	4.59537411709129e+02	6.66071176308183e+00
82	130	98	114	4.90150000000000e+02	1.00530964914873e+03	3.00000000000000e-02	0.00000000000000e+00	0.00000000000000e+00	4.55830891016750e+02	2.41965263365946e+00
83	131	99	115	4.50130000000000e+02	1.00530964914873e+03	3.00000000000000e-02	0.00000000000000e+00	0.00000000000000e+00	4.41643154680263e+02	6.34473876129782e-01
84	132	100	116	4.69060000000000e+02	1.00530964914873e+03	3.00000000000000e-02	0.00000000000000e+00	0.00000000000000e+00	4.53376107702668e+02	1.13362170653814e+00
85	133	101	117	4.78330000000000e+02	1.00530964914873e+03	3.00000000000000e-02	0.00000000000000e+00	0.00000000000000e+00	4.59607091515337e+02	1.33096317499284e+00
86	134	102	118	4.53120000000000e+02	1.00530964914873e+03	3.00000000000000e-02	0.00000000000000e+00	0.00000000000000e+00	4.40536449579027e+02	9.38793439648163e-01
87	135	103	119	4.36960000000000e+02	1.00530964914873e+03	3.00000000000000e-02	0.00000000000000e+00	0.00000000000000e+00	4.20898465253176e+02	1.24833427670084e+00
88	136	104	120	3.83640000000000e+02	1.00530964914873e+03	3.00000000000000e-02	0.00000000000000e+00	0.00000000000000e+00	3.56815894738924e+02	2.41615550370099e+00
89	137	105	121	3.08630000000000e+02	1.00530964914873e+03	3.00000000000000e-02	0.00000000000000e+00	0.00000000000000e+00	3.06517916432149e+02	2.28897994667587e-01
90	138	106	122	2.88390000000000e+02	1.00530964914873e+03	3.00000000000000e-02	0.00000000000000e+00	0.00000000000000e+00	2.82937445212751e+02	6.36263306231980e-01
91	139	107	123	2.49720000000000e+02	1.00530964914873e+03	3.00000000000000e-02	0.00000000000000e+00	0.00000000000000e+00	2.58248054373326e+02	-1.11934279631480e+00
92	140	108	124	2.33450000000000e+02	1.00530964914873e+03	3.00000000000000e-02	0.00000000000000e+00	0.00000000000000e+00	2.32704416798766e+02	1.06629021077846e-01
93	141	109	125	2.25880000000000e+02	1.00530964914873e+03	3.00000000000000e-02	0.00000000000000e+00	0.00000000000000e+00	1.83514991696212e+02	6.92358406767338e+00
94	142	110	126	1.61860000000000e+02	1.00530964914873e+03	3.00000000000000e-02	0.00000000000000e+00	0.00000000000000e+00	1.41300974956769e+02	4.52798581648383e+00
95	143	111	127	1.29100000000000e+02	1.00530964914873e+03	3.00000000000000e-02	0.00000000000000e+00	0.00000000000000e+00	1.07355783192799e+02	6.14796342219618e+00
96	144	112	128	1.92410000000000e+02	1.00530964914873e+03	3.00000000000000e-02	0.00000000000000e+00	0.00000000000000e+00	1.09149135383695e+02	1.88971116775691e+01
97	145	113	129	1.37170000000000e+02	1.00530964914873e+03	3.00000000000000e-02	0.00000000000000e+00	0.00000000000000e+00	1.10324119895045e+02	7.25994849170390e+00
98	146	114	130	1.24200000000000e+02	1.00530964914873e+03	3.00000000000000e-02	0.00000000000000e+00	0.00000000000000e+00	1.17771530258003e+02	1.77155353718786e+00
99	147	115	131	1.11220000000000e+02	1.00530964914873e+03	3.00000000000000e-02	0.00000000000000e+00	0.00000000000000e+00	1.27724264336305e+02	-4.61211778979284e+00
100	148	116	132	7.50500000000000e+01	1.00530964914873e+03	3.00000000000000e-02	0.00000000000000e+00	0.00000000000000e+00	1.44858377623076e+02	-2.19200667001732e+01
101	149	117	133	1.50580000000000e+02	1.00530964914873e+03	3.00000000000000e-02	0.00000000000000e+00	0.00000000000000e+00	1.72681522830992e+02	-4.56514950099791e+00
102	150	118	134	1.85200000000000e+02	1.00530964914873e+03	3.00000000000000e-02	0.00000000000000e+00	0.00000000000000e+00	1.99486040251989e+02	-2.47693126651081e+00
103	151	119	135	2.19830000000000e+02	1.00530964914873e+03	3.00000000000000e-02	0.00000000000000e+00	0.00000000000000e+00	2.12664271872798e+02	1.10465955149885e+00
104	152	120	136	2.91620000000000e+02	1.00530964914873e+03	3.00000000000000e-02	0.00000000000000e+00	0.00000000000000e+00	2.37656221362442e+02	6.82088011647979e+00
105	153	121	137	3.51860000000000e+02	1.00530964914873e+03	3.00000000000000e-02	0.00000000000000e+00	0.00000000000000e+00	2.68240339168288e+02	9.04500008775765e+00
106	154	122	138	2.99480000000000e+02	1.00530964914873e+03	3.00000000000000e-02	0.00000000000000e+00	0.00000000000000e+00	2.84967311467439e+02	1.65577200924902e+00
107	155	123	139	3.98680000000000e+02	1.00530964914873e+03	3.00000000000000e-02	0.00000000000000e+00	0.00000000000000e+00	3.06358715566281e+02	8.78008005433465e+00
108	156	124	140	3.84960000000000e+02	1.00530964914873e+03	3.00000000000000e-02	0.00000000000000e+00	0.00000000000000e+00	3.22311333108537e+02	5.92071604515535e+00
109	157	125	141	3.30220000000000e+02	1.00530964914873e+03	3.00000000000000e-02	0.00000000000000e+00	0.00000000000000e+00	3.32729266185116e+02	-2.52334861404968e-01
110	158	126	142	3.21560000000000e+02	1.00530964914873e+03	3.00000000000000e-02	0.00000000000000e+00	0.00000000000000e+00	3.38374078897502e+02	-1.69892914452673e+00
111	159	127	143	3.04950000000000e+02	1.00530964914873e+03	3.00000000000000e-02	0.00000000000000e+00	0.00000000000000e+00	3.25135762607538e+02	-2.13649991540145e+00
112	160	128	144	2.67610000000000e+02	1.00530964914873e+03	3.00000000000000e-02	0.00000000000000e+00	0.00000000000000e+00	2.99704583014907e+02	-3.77555231501416e+00
113	161	129	145	2.40020000000000e+02	1.00530964914873e+03	3.00000000000000e-02	0.00000000000000e+00	0.00000000000000e+00	2.71223507259071e+02	-4.07403259301521e+00
114	162	130	146	2.29940000000000e+02	1.00530964914873e+03	3.00000000000000e-02	0.00000000000000e+00	0.00000000000000e+00	2.53626520936270e+02	-3.26814631980016e+00
115	163	131	147	2.08630000000000e+02	1.00530964914873e+03	3.00000000000000e-02	0.00000000000000e+00	0.00000000000000e+00	2.36255288445508e+02	-4.14502009786869e+00
116	164	132	148	1.96010000000000e+02	1.00530964914873e+03	3.00000000000000e-02	0.00000000000000e+00	0.00000000000000e+00	2.07620477716967e+02	-1.91820361150195e+00
117	165	133	149	1.75280000000000e+02	1.00530964914873e+03	3.00000000000000e-02	0.00000000000000e+00	0.00000000000000e+00	1.71397536428186e+02	7.46635415264851e-01
118	166	134	150	1.37200000000000e+02	1.00530964914873e+03	3.00000000000000e-02	0.00000000000000e+00	0.00000000000000e+00	1.47440092453601e+02	-2.39940750429112e+00
119	167	135	151	1.39860000000000e+02	1.00530964914873e+03	3.00000000000000e-02	0.00000000000000e+00	0.00000000000000e+00	1.37615959829159e+02	5.39167212398262e-01
120	168	136	152	1.08160000000000e+02	1.00530964914873e+03	3.00000000000000e-02	0.00000000000000e+00	0.00000000000000e+00	1.25576758529734e+02	-4.97685270212323e+00
121	169	137	153	7.69200000000000e+01	1.00530964914873e+03	3.00000000000000e-02	0.00000000000000e+00	0.00000000000000e+00	1.04127461415397e+02	-1.00949939510152e+01
122	170	138	154	6.82000000000000e+01	1.00530964914873e+03	3.00000000000000e-02	0.00000000000000e+00	0.00000000000000e+00	9.55142799401113e+01	-1.12277066542584e+01
123	171	139	155	5.94800000000000e+01	1.00530964914873e+03	3.00000000000000e-02	0.00000000000000e+00	0.00000000000000e+00	8.32449394536364e+01	-1.12049072692423e+01
124	172	140	156	5.96200000000000e+01	1.00530964914873e+03	3.00000000000000e-02	0.00000000000000e+00	0.00000000000000e+00	6.68256080313555e+01	-3.80317575314007e+00
125	173	141	157	6.21800000000000e+01	1.00530964914873e+03	3.00000000000000e-02	0.00000000000000e+00	0.00000000000000e+00	6.34119103285409e+01	-6.53943308023397e-01
126	174	142	158	8.59400000000000e+01	1.00530964914873e+03	3.00000000000000e-02	0.00000000000000e+00	0.00000000000000e+00	8.07516634238511e+01	2.07569389266930e+00
127	175	143	159	1.09700000000000e+02	1.00530964914873e+03	3.00000000000000e-02	0.00000000000000e+00	0.00000000000000e+00	1.25084486642569e+02	-4.37466782829243e+00
128	176	144	160	4.03330000000000e+02	1.00530964914873e+03	3.00000000000000e-02	0.00000000000000e+00	0.00000000000000e+00	1.78444434465365e+02	2.71825941392615e+01
1	52	18	35	5.61620000000000e+02	1.06814150222053e+03	3.00000000000000e-02	0.00000000000000e+00	0.00000000000000e+00	6.36726102402539e+02	-4.18380393203863e+00
3	53	19	36	7.19920000000000e+02	1.06814150222053e+03	3.00000000000000e-02	0.00000000000000e+00	0.00000000000000e+00	6.56264881001082e+02	3.08585350885930e+00
4	54	20	37	7.44020000000000e+02	1.06814150222053e+03	3.00000000000000e-02	0.00000000000000e+00	0.00000000000000e+00	6.85776752467344e+02	2.71719250508159e+00
2	55	21	38	8.29230000000000e+02	1.06814150222053e+03	3.00000000000000e-02	0.00000000000000e+00	0.00000000000000e+00	6.97118822122471e+02	5.78472288744504e+00
5	56	22	39	7.39990000000000e+02	1.06814150222053e+03	3.00000000000000e-02	0.00000000000000e+00	0.00000000000000e+00	7.06578566401057e+02	1.54007571848673e+00
6	57	23	40	7.01250000000000e+02	1.06814150222053e+03	3.00000000000000e-02	0.00000000000000e+00	0.00000000000000e+00	7.11485131473313e+02	-4.83002101242658e-01
7	58	24	41	6.95770000000000e+02	1.06814150222053e+03	3.00000000000000e-02	0.00000000000000e+00	0.00000000000000e+00	6.84067042386420e+02	5.65440598208067e-01
8	59	25	42	7.37990000000000e+02	1.06814150222053e+03	3.00000000000000e-02	0.00000000000000e+00	0.00000000000000e+00	6.54931711224735e+02	3.97997672817615e+00
9	60	26	43	6.05140000000000e+02	1.06814150222053e+03	3.00000000000000e-02	0.00000000000000e+00	0.00000000000000e+00	6.08380011450896e+02	-1.77995644581141e-01
10	61	27	44	5.52700000000000e+02	1.06814150222053e+03	3.00000000000000e-02	0.00000000000000e+00	0.00000000000000e+00	5.55453407896154e+02	-1.65645751616387e-01
11	62	28	45	5.49700000000000e+02	1.06814150222053e+03	3.00000000000000e-02	0.00000000000000e+00	0.00000000000000e+00	5.47793112701372e+02	1.15833025614058e-01
12	63	29	46	5.58840000000000e+02	1.06814150222053e+03	3.00000000000000e-02	0.00000000000000e+00	0.00000000000000e+00	5.39490809704636e+02	1.17458190225597e+00
13	64	30	47	5.04250000000000e+02	1.06814150222053e+03	3.00000000000000e-02	0.00000000000000e+00	0.00000000000000e+00	5.07448811755615e+02	-2.10788848627264e-01
14	65	31	48	5.27240000000000e+02	1.06814150222053e+03	3.00000000000000e-02	0.00000000000000e+00	0.00000000000000e+00	5.32705386787339e+02	-3.43755775403339e-01
15	66	32	49	5.25790000000000e+02	1.06814150222053e+03	3.00000000000000e-02	0.00000000000000e+00	0.00000000000000e+00	5.20090423047381e+02	3.63306884755025e-01
16	67	33	50	5.02970000000000e+02	1.06814150222053e+03	3.00000000000000e-02	0.00000000000000e+00	0.00000000000000e+00	5.37715494762184e+02	-2.22663579894995e+00
17	68	34	51	6.03500000000000e+02	1.06814150222053e+03	3.00000000000000e-02	0.00000000000000e+00	0.00000000000000e+00	5.83786821123682e+02	1.10700522241123e+00
18	69	35	52	6.47110000000000e+02	1.06814150222053e+03	3.00000000000000e-02	0.00000000000000e+00	0.00000000000000e+00	6.11056989670370e+02	1.91086893003239e+00
19	70	36	53	6.63140000000000e+02	1.06814150222053e+03	3.00000000000000e-02	0.00000000000000e+00	0.00000000000000e+00	6.04682022201082e+02	3.07611308523879e+00
20	71	37	54	5.75840000000000e+02	1.06814150222053e+03	3.00000000000000e-02	0.00000000000000e+00	0.00000000000000e+00	5.70120598661081e+02	3.32730976096999e-01
21	72	38	55	5.95180000000000e+02	1.06814150222053e+03	3.00000000000000e-02	0.00000000000000e+00	0.00000000000000e+00	5.73676701076055e+02	1.22659605686950e+00
22	73	39	56	6.25810000000000e+02	1.06814150222053e+03	3.00000000000000e-02	0.00000000000000e+00	0.00000000000000e+00	6.04309098373026e+02	1.16536637819301e+00
23	74	40	57	6.26460000000000e+02	1.06814150222053e+03	3.00000000000000e-02	0.00000000000000e+00	0.00000000000000e+00	6.14729198117710e+02	6.30102765346644e-01
24	75	41	58	6.87770000000000e+02	1.06814150222053e+03	3.00000000000000e-02	0.00000000000000e+00	0.00000000000000e+00	6.52552966935241e+02	1.75207228114325e+00
25	76	42	59	6.90860000000000e+02	1.06814150222053e+03	3.00000000000000e-02	0.00000000000000e+00	0.00000000000000e+00	6.85780124825646e+02	2.46004657263092e-01
26	77	43	60	7.74510000000000e+02	1.06814150222053e+03	3.00000000000000e-02	0.00000000000000e+00	0.00000000000000e+00	7.35412205818492e+02	1.72664683589572e+00
27	78	44	61	8.25970000000000e+02	1.06814150222053e+03	3.00000000000000e-02	0.00000000000000e+00	0.00000000000000e+00	7.37361729937531e+02	3.78266224809281e+00
28	79	45	62	7.63340000000000e+02	1.06814150222053e+03	3.00000000000000e-02	0.00000000000000e+00	0.00000000000000e+00	7.47411339869693e+02	7.02928403540485e-01
29	80	46	63	7.93150000000000e+02	1.06814150222053e+03	3.00000000000000e-02	0.00000000000000e+00	0.00000000000000e+00	7.77323403479432e+02	6.71862479612440e-01
30	81	47	64	7.81190000000000e+02	1.06814150222053e+03	3.00000000000000e-02	0.00000000000000e+00	0.00000000000000e+00	7.84558752272669e+02	-1.43435420949463e-01
31	82	48	65	7.43030000000000e+02	1.06814150222053e+03	3.00000000000000e-02	0.00000000000000e+00	0.00000000000000e+00	7.11385817878045e+02	1.45071656492668e+00
32	83	49	66	6.83030000000000e+02	1.06814150222053e+03	3.00000000000000e-02	0.00000000000000e+00	0.00000000000000e+00	6.43900080559899e+02	1.96650742716328e+00
33	84	50	67	7.91040000000000e+02	1.06814150222053e+03	3.00000000000000e-02	0.00000000000000e+00	0.00000000000000e+00	5.77360220467350e+02	1.04960721590352e+01
34	85	51	68	5.67330000000000e+02	1.06814150222053e+03	3.00000000000000e-02	0.00000000000000e+00	0.00000000000000e+00	5.22418454643129e+02	2.74907470056010e+00
35	86	52	69	5.51230000000000e+02	1.06814150222053e+03	3.00000000000000e-02	0.00000000000000e+00	0.00000000000000e+00	5.02789051865583e+02	3.06604809257610e+00
36	87	53	70	5.25400000000000e+02	1.06814150222053e+03	3.00000000000000e-02	0.00000000000000e+00	0.00000000000000e+00	5.16829343578142e+02	5.48238234182167e-01
37	88	54	71	5.94960000000000e+02	1.06814150222053e+03	3.00000000000000e-02	0.00000000000000e+00	0.00000000000000e+00	5.50686600868719e+02	2.57761038375488e+00
38	89	55	72	6.14880000000000e+02	1.06814150222053e+03	3.00000000000000e-02	0.00000000000000e+00	0.00000000000000e+00	5.52978850011250e+02	3.53691239788446e+00
39	90	56	73	4.95850000000000e+02	1.06814150222053e+03	3.00000000000000e-02	0.00000000000000e+00	0.00000000000000e+00	5.38270884775656e+02	-2.73628250382911e+00
40	91	57	74	5.70020000000000e+02	1.06814150222053e+03	3.00000000000000e-02	0.00000000000000e+00	0.00000000000000e+00	5.45621956576223e+02	1.45816997403993e+00
41	92	58	75	5.57860000000000e+02	1.06814150222053e+03	3.00000000000000e-02	0.00000000000000e+00	0.00000000000000e+00	5.37941844428817e+02	1.21191921274981e+00
42	93	59	76	7.03650000000000e+02	1.06814150222053e+03	3.00000000000000e-02	0.00000000000000e+00	0.00000000000000e+00	5.25863815705718e+02	9.70795999097064e+00
43	94	60	77	5.13690000000000e+02	1.06814150222053e+03	3.00000000000000e-02	0.00000000000000e+00	0.00000000000000e+00	5.00322098115150e+02	8.78929447394021e-01
44	95	61	78	4.92590000000000e+02	1.06814150222053e+03	3.00000000000000e-02	0.00000000000000e+00	0.00000000000000e+00	5.02960258988988e+02	-6.94465799016530e-01
45	96	62	79	4.32460000000000e+02	1.06814150222053e+03	3.00000000000000e-02	0.00000000000000e+00	0.00000000000000e+00	4.88583020762150e+02	-4.06731902934231e+00
46	97	63	80	3.62920000000000e+02	1.06814150222053e+03	3.00000000000000e-02	0.00000000000000e+00	0.00000000000000e+00	4.77083669645734e+02	-9.11698197556845e+00
47	98	64	81	5.06390000000000e+02	1.06814150222053e+03	3.00000000000000e-02	0.00000000000000e+00	0.00000000000000e+00	5.10066484951070e+02	-2.41131882381869e-01
48	99	65	82	5.84600000000000e+02	1.06814150222053e+03	3.00000000000000e-02	0.00000000000000e+00	0.00000000000000e+00	5.87578412306658e+02	-1.69395073038459e-01
49	100	66	83	6.75470000000000e+02	1.06814150222053e+03	3.00000000000000e-02	0.00000000000000e+00	0.00000000000000e+00	6.60197326599398e+02	7.62332494534146e-01
50	101	67	84	8.26800000000000e+02	1.06814150222053e+03	3.00000000000000e-02	0.00000000000000e+00	0.00000000000000e+00	7.40342919443092e+02	3.68164480984493e+00
51	102	68	85	8.79390000000000e+02	1.06814150222053e+03	3.00000000000000e-02	0.00000000000000e+00	0.00000000000000e+00	8.19643649534431e+02	2.34529377424015e+00
52	103	69	86	8.76430000000000e+02	1.06814150222053e+03	3.00000000000000e-02	0.00000000000000e+00	0.00000000000000e+00	8.55332759435007e+02	8.12208417916723e-01
53	104	70	87	8.79220000000000e+02	1.06814150222053e+03	3.00000000000000e-02	0.00000000000000e+00	0.00000000000000e+00	8.23402747133072e+02	2.18632350414672e+00
54	105	71	88	7.61770000000000e+02	1.06814150222053e+03	3.00000000000000e-02	0.00000000000000e+00	0.00000000000000e+00	7.65375087638605e+02	-1.57378381599453e-01
55	106	72	89	7.47870000000000e+02	1.06814150222053e+03	3.00000000000000e-02	0.00000000000000e+00	0.00000000000000e+00	7.49577807553845e+02	-7.60319563136787e-02
56	107	73	90	7.72990000000000e+02	1.06814150222053e+03	3.00000000000000e-02	0.00000000000000e+00	0.00000000000000e+00	7.55956203370494e+02	7.42755648044646e-01
57	108	74	91	7.55810000000000e+02	1.06814150222053e+03	3.00000000000000e-02	0.00000000000000e+00	0.00000000000000e+00	7.31257746242845e+02	1.10080100662628e+00
58	109	75	92	7.08940000000000e+02	1.06814150222053e+03	3.00000000000000e-02	0.00000000000000e+00	0.00000000000000e+00	7.01946170037827e+02	3.30472549636873e-01
59	110	76	93	7.66710000000000e+02	1.06814150222053e+03	3.00000000000000e-02	0.00000000000000e+00	0.00000000000000e+00	6.83425048841549e+02	3.83305470387093e+00
60	111	77	94	7.09900000000000e+02	1.06814150222053e+03	3.00000000000000e-02	0.00000000000000e+00	0.00000000000000e+00	6.68442452170224e+02	2.00579357399180e+00
61	112	78	95	6.16560000000000e+02	1.06814150222053e+03	3.00000000000000e-02	0.00000000000000e+00	0.00000000000000e+00	6.13257765214175e+02	1.79009867186212e-01
62	113	79	96	5.97360000000000e+02	1.06814150222053e+03	3.00000000000000e-02	0.00000000000000e+00	0.00000000000000e+00	6.19241950922691e+02	-1.19920411504246e+00
63	114	80	97	6.91450000000000e+02	1.06814150222053e+03	3.00000000000000e-02	0.00000000000000e+00	0.00000000000000e+00	6.42174008829601e+02	2.46438443850800e+00
64	115	81	98	6.16320000000000e+02	1.06814150222053e+03	3.00000000000000e-02	0.00000000000000e+00	0.00000000000000e+00	5.92469261517694e+02	1.31557722670760e+00
65	116	82	99	5.61080000000000e+02	1.06814150222053e+03	3.00000000000000e-02	0.00000000000000e+00	0.00000000000000e+00	5.21712153650881e+02	2.42491639499122e+00
66	117	83	100	4.78580000000000e+02	1.06814150222053e+03	3.00000000000000e-02	0.00000000000000e+00	0.00000000000000e+00	4.40165610346668e+02	2.78907809344065e+00
67	118	84	101	4.09260000000000e+02	1.06814150222053e+03	3.00000000000000e-02	0.00000000000000e+00	0.00000000000000e+00	3.77769880061414e+02	2.66884745216543e+00
68	119	85	102	3.76860000000000e+02	1.06814150222053e+03	3.00000000000000e-02	0.00000000000000e+00	0.00000000000000e+00	3.53225239767241e+02	2.15892797493504e+00
69	120	86	103	3.66330000000000e+02	1.06814150222053e+03	3.00000000000000e-02	0.00000000000000e+00	0.00000000000000e+00	3.56546901611322e+02	9.02292466334694e-01
70	121	87	104	4.02530000000000e+02	1.06814150222053e+03	3.00000000000000e-02	0.00000000000000e+00	0.00000000000000e+00	3.91183341373856e+02	9.53109146292519e-01
71	122	88	105	4.18940000000000e+02	1.06814150222053e+03	3.00000000000000e-02	0.00000000000000e+00	0.00000000000000e+00	4.22877059567586e+02	-3.11792863491286e-01
72	123	89	106	4.43480000000000e+02	1.06814150222053e+03	3.00000000000000e-02	0.00000000000000e+00	0.00000000000000e+00	4.30886398951867e+02	9.60274168674828e-01
73	124	90	107	4.43420000000000e+02	1.06814150222053e+03	3.00000000000000e-02	0.00000000000000e+00	0.00000000000000e+00	4.31987416880271e+02	8.70698064537863e-01
74	125	91	108	4.63180000000000e+02	1.06814150222053e+03	3.00000000000000e-02	0.00000000000000e+00	0.00000000000000e+00	4.46441128112728e+02	1.22694025805101e+00
75	126	92	109	4.81700000000000e+02	1.06814150222053e+03	3.00000000000000e-02	0.00000000000000e+00	0.00000000000000e+00	4.78950815176651e+02	1.90786793363055e-01
76	127	93	110	5.31490000000000e+02	1.06814150222053e+03	3.00000000000000e-02	0.00000000000000e+00	0.00000000000000e+00	4.88285159224165e+02	2.82616016885466e+00
77	128	94	111	5.43600000000000e+02	1.06814150222053e+03	3.00000000000000e-02	0.00000000000000e+00	0.00000000000000e+00	4.97923771935237e+02	2.92555617905457e+00
78	129	95	112	5.67350000000000e+02	1.06814150222053e+03	3.00000000000000e-02	0.00000000000000e+00	0.00000000000000e+00	4.98438667700833e+02	4.31652830346015e+00
79	130	96	113	5.05640000000000e+02	1.06814150222053e+03	3.00000000000000e-02	0.00000000000000e+00	0.00000000000000e+00	4.72150411051419e+02	2.28424504412261e+00
80	131	97	114	4.81260000000000e+02	1.06814150222053e+03	3.00000000000000e-02	0.00000000000000e+00	0.00000000000000e+00	4.39269539587000e+02	3.04314848506101e+00
81	132	98	115	4.75800000000000e+02	1.06814150222053e+03	3.00000000000000e-02	0.00000000000000e+00	0.00000000000000e+00	4.32586611377989e+02	3.17383446748070e+00
82	133	99	116	4.18900000000000e+02	1.06814150222053e+03	3.00000000000000e-02	0.00000000000000e+00	0.00000000000000e+00	4.07822582674148e+02	8.93333150294229e-01
83	134	100	117	4.45170000000000e+02	1.06814150222053e+03	3.00000000000000e-02	0.00000000000000e+00	0.00000000000000e+00	4.09845853413206e+02	2.75583699886915e+00
84	135	101	118	4.52960000000000e+02	1.06814150222053e+03	3.00000000000000e-02	0.00000000000000e+00	0.00000000000000e+00	4.24321220966827e+02	2.17710187810723e+00
85	136	102	119	4.50830000000000e+02	1.06814150222053e+03	3.00000000000000e-02	0.00000000000000e+00	0.00000000000000e+00	4.30959031137159e+02	1.50257660301234e+00
86	137	103	120	4.08700000000000e+02	1.06814150222053e+03	3.00000000000000e-02	0.00000000000000e+00	0.00000000000000e+00	4.03527539809578e+02	4.24555095771062e-01
87	138	104	121	3.86510000000000e+02	1.06814150222053e+03	3.00000000000000e-02	0.00000000000000e+00	0.00000000000000e+00	3.43544334512762e+02	3.92805235283564e+00
88	139	105	122	3.10880000000000e+02	1.06814150222053e+03	3.00000000000000e-02	0.00000000000000e+00	0.00000000000000e+00	2.95598826557677e+02	1.68012554198637e+00
89	140	106	123	2.82460000000000e+02	1.06814150222053e+03	3.00000000000000e-02	0.00000000000000e+00	0.00000000000000e+00	2.69503079180425e+02	1.56523772756009e+00
90	141	107	124	2.68100000000000e+02	1.06814150222053e+03	3.00000000000000e-02	0.00000000000000e+00	0.00000000000000e+00	2.53974979092326e+02	1.80414301953634e+00
91	142	108	125	2.39330000000000e+02	1.06814150222053e+03	3.00000000000000e-02	0.00000000000000e+00	0.00000000000000e+00	2.29601411338753e+02	1.38328471114058e+00
92	143	109	126	1.65820000000000e+02	1.06814150222053e+03	3.00000000000000e-02	0.00000000000000e+00	0.00000000000000e+00	1.76367217113993e+02	-2.05551398628314e+00
93	144	110	127	1.48120000000000e+02	1.06814150222053e+03	3.00000000000000e-02	0.00000000000000e+00	0.00000000000000e+00	1.41274690995364e+02	1.57721992627362e+00
94	145	111	128	1.28100000000000e+02	1.06814150222053e+03	3.00000000000000e-02	0.00000000000000e+00	0.00000000000000e+00	1.13720569912106e+02	3.96889701981363e+00
95	146	112	129	1.66720000000000e+02	1.06814150222053e+03	3.00000000000000e-02	0.00000000000000e+00	0.00000000000000e+00	1.14444322451818e+02	1.25409106877699e+01
96	147	113	130	2.49670000000000e+02	1.06814150222053e+03	3.00000000000000e-02	0.00000000000000e+00	0.00000000000000e+00	1.18218706386659e+02	2.49201230994090e+01
97	148	114	131	1.65740000000000e+02	1.06814150222053e+03	3.00000000000000e-02	0.00000000000000e+00	0.00000000000000e+00	1.33075938743188e+02	7.31667873818180e+00
98	149	115	132	1.77800000000000e+02	1.06814150222053e+03	3.00000000000000e-02	0.00000000000000e+00	0.00000000000000e+00	1.48850355624287e+02	5.92392821585035e+00
99	150	116	133	1.89860000000000e+02	1.06814150222053e+03	3.00000000000000e-02	0.00000000000000e+00	0.00000000000000e+00	1.77479604559404e+02	2.24770866769409e+00
100	151	117	134	2.20830000000000e+02	1.06814150222053e+03	3.00000000000000e-02	0.00000000000000e+00	0.00000000000000e+00	1.99064393633663e+02	3.45882720860378e+00
101	152	118	135	2.51790000000000e+02	1.06814150222053e+03	3.00000000000000e-02	0.00000000000000e+00	0.00000000000000e+00	2.11653646904458e+02	5.78814030392420e+00
102	153	119	136	2.22200000000000e+02	1.06814150222053e+03	3.00000000000000e-02	0.00000000000000e+00	0.00000000000000e+00	2.25258104863240e+02	-4.55633342346632e-01
103	154	120	137	3.27950000000000e+02	1.06814150222053e+03	3.00000000000000e-02	0.00000000000000e+00	0.00000000000000e+00	2.52293505053795e+02	8.74226817912565e+00
104	155	121	138	3.55480000000000e+02	1.06814150222053e+03	3.00000000000000e-02	0.00000000000000e+00	0.00000000000000e+00	2.71027012663803e+02	9.04168317439528e+00
105	156	122	139	3.79250000000000e+02	1.06814150222053e+03	3.00000000000000e-02	0.00000000000000e+00	0.00000000000000e+00	2.97832597326118e+02	8.05546811684330e+00
106	157	123	140	3.41530000000000e+02	1.06814150222053e+03	3.00000000000000e-02	0.00000000000000e+00	0.00000000000000e+00	3.18586807120751e+02	2.31801783920419e+00
107	158	124	141	3.45540000000000e+02	1.06814150222053e+03	3.00000000000000e-02	0.00000000000000e+00	0.00000000000000e+00	3.21931993728289e+02	2.35893623698639e+00
108	159	125	142	2.97730000000000e+02	1.06814150222053e+03	3.00000000000000e-02	0.00000000000000e+00	0.00000000000000e+00	3.05169804241224e+02	-8.22710712353795e-01
109	160	126	143	2.60870000000000e+02	1.06814150222053e+03	3.00000000000000e-02	0.00000000000000e+00	0.00000000000000e+00	2.90414342196760e+02	-3.57621568382257e+00
110	161	127	144	2.57190000000000e+02	1.06814150222053e+03	3.00000000000000e-02	0.00000000000000e+00	0.00000000000000e+00	2.68744308302240e+02	-1.46484298161876e+00
111	162	128	145	2.64390000000000e+02	1.06814150222053e+03	3.00000000000000e-02	0.00000000000000e+00	0.00000000000000e+00	2.62353641733043e+02	2.57730484748434e-01
112	163	129	146	2.32370000000000e+02	1.06814150222053e+03	3.00000000000000e-02	0.00000000000000e+00	0.00000000000000e+00	2.49828523291412e+02	-2.41479489402193e+00
113	164	130	147	2.19790000000000e+02	1.06814150222053e+03	3.00000000000000e-02	0.00000000000000e+00	0.00000000000000e+00	2.37568629622028e+02	-2.59280011774103e+00
114	165	131	148	2.04900000000000e+02	1.06814150222053e+03	3.00000000000000e-02	0.00000000000000e+00	0.00000000000000e+00	2.17119346611112e+02	-1.93083771642106e+00
115	166	132	149	2.02260000000000e+02	1.06814150222053e+03	3.00000000000000e-02	0.00000000000000e+00	0.00000000000000e+00	1.99527806221915e+02	4.53346409935366e-01
116	167	133	150	1.71840000000000e+02	1.06814150222053e+03	3.00000000000000e-02	0.00000000000000e+00	0.00000000000000e+00	1.69858401622211e+02	3.86621766153006e-01
117	168	134	151	1.32750000000000e+02	1.06814150222053e+03	3.00000000000000e-02	0.00000000000000e+00	0.00000000000000e+00	1.46513028422869e+02	-3.28822318650159e+00
118	169	135	152	1.31880000000000e+02	1.06814150222053e+03	3.00000000000000e-02	0.00000000000000e+00	0.00000000000000e+00	1.37527221086322e+02	-1.39764836154009e+00
119	170	136	153	1.26010000000000e+02	1.06814150222053e+03	3.00000000000000e-02	0.00000000000000e+00	0.00000000000000e+00	1.29713293675737e+02	-9.65510425362008e-01
120	171	137	154	9.94200000000000e+01	1.06814150222053e+03	3.00000000000000e-02	0.00000000000000e+00	0.00000000000000e+00	1.08195442093811e+02	-2.81953133441443e+00
121	172	138	155	8.02900000000000e+01	1.06814150222053e+03	3.00000000000000e-02	0.00000000000000e+00	0.00000000000000e+00	1.00895777036692e+02	-7.61476644435456e+00
122	173	139	156	7.90000000000000e+01	1.06814150222053e+03	3.00000000000000e-02	0.00000000000000e+00	0.00000000000000e+00	8.65978715065033e+01	-3.06091281174895e+00
123	174	140	157	7.77000000000000e+01	1.06814150222053e+03	3.00000000000000e-02	0.00000000000000e+00	0.00000000000000e+00	7.65100416422689e+01	5.14442061925043e-01
124	175	141	158	9.20100000000000e+01	1.06814150222053e+03	3.00000000000000e-02	0.00000000000000e+00	0.00000000000000e+00	9.24699039187689e+01	-1.66198724724520e-01
125	176	142	159	4.63690000000000e+02	1.06814150222053e+03	3.00000000000000e-02	0.00000000000000e+00	0.00000000000000e+00	1.34317041366034e+02	4.13004413242489e+01
1	55	19	37	6.00230000000000e+02	1.13097335529233e+03	3.00000000000000e-02	0.00000000000000e+00	0.00000000000000e+00	6.86090803750064e+02	-4.45656902842406e+00
3	56	20	38	7.36760000000000e+02	1.13097335529233e+03	3.00000000000000e-02	0.00000000000000e+00	0.00000000000000e+00	6.73497026361957e+02	2.99262046704942e+00
4	57	21	39	7.42670000000000e+02	1.13097335529233e+03	3.00000000000000e-02	0.00000000000000e+00	0.00000000000000e+00	6.70309488993842e+02	3.41707570323013e+00
2	58	22	40	7.36210000000000e+02	1.13097335529233e+03	3.00000000000000e-02	0.00000000000000e+00	0.00000000000000e+00	6.68470409058452e+02	3.21744244134126e+00
5	59	23	41	7.33060000000000e+02	1.13097335529233e+03	3.00000000000000e-02	0.00000000000000e+00	0.00000000000000e+00	6.84609495160512e+02	2.27929860927783e+00
6	60	24	42	6.20640000000000e+02	1.13097335529233e+03	3.00000000000000e-02	0.00000000000000e+00	0.00000000000000e+00	6.64816337936710e+02	-2.29198717548919e+00
7	61	25	43	6.32030000000000e+02	1.13097335529233e+03	3.00000000000000e-02	0.00000000000000e+00	0.00000000000000e+00	6.34515225951489e+02	-1.30814075442635e-01
8	62	26	44	6.90250000000000e+02	1.13097335529233e+03	3.00000000000000e-02	0.00000000000000e+00	0.00000000000000e+00	6.09376049777283e+02	4.15394287827322e+00
9	63	27	45	5.33760000000000e+02	1.13097335529233e+03	3.00000000000000e-02	0.00000000000000e+00	0.00000000000000e+00	5.68534285867662e+02	-2.10384403318580e+00
10	64	28	46	5.52970000000000e+02	1.13097335529233e+03	3.00000000000000e-02	0.00000000000000e+00	0.00000000000000e+00	5.48658937295556e+02	2.60891519561450e-01
11	65	29	47	5.48900000000000e+02	1.13097335529233e+03	3.00000000000000e-02	0.00000000000000e+00	0.00000000000000e+00	5.48807209438380e+02	5.63541662375044e-03
12	66	30	48	5.73040000000000e+02	1.13097335529233e+03	3.00000000000000e-02	0.00000000000000e+00	0.00000000000000e+00	5.93911602199571e+02	-1.19249893787119e+00
13	67	31	49	5.98040000000000e+02	1.13097335529233e+03	3.00000000000000e-02	0.00000000000000e+00	0.00000000000000e+00	5.91708283809031e+02	3.54796391527194e-01
14	68	32	50	5.61380000000000e+02	1.13097335529233e+03	3.00000000000000e-02	0.00000000000000e+00	0.00000000000000e+00	5.71105380223914e+02	-5.72523612157472e-01
15	69	33	51	6.16360000000000e+02	1.13097335529233e+03	3.00000000000000e-02	0.00000000000000e+00	0.00000000000000e+00	6.11374978002330e+02	2.70690851159413e-01
16	70	34	52	6.68570000000000e+02	1.13097335529233e+03	3.00000000000000e-02	0.00000000000000e+00	0.00000000000000e+00	6.21127818594865e+02	2.45347384343635e+00
17	71	35	53	6.72120000000000e+02	1.13097335529233e+03	3.00000000000000e-02	0.00000000000000e+00	0.00000000000000e+00	5.97223623755176e+02	3.93817578666663e+00
18	72	36	54	5.93310000000000e+02	1.13097335529233e+03	3.00000000000000e-02	0.00000000000000e+00	0.00000000000000e+00	5.75447568786230e+02	1.01896364959639e+00
19	73	37	55	6.03030000000000e+02	1.13097335529233e+03	3.00000000000000e-02	0.00000000000000e+00	0.00000000000000e+00	5.61023191071078e+02	2.40682344191724e+00
20	74	38	56	6.07880000000000e+02	1.13097335529233e+03	3.00000000000000e-02	0.00000000000000e+00	0.00000000000000e+00	5.73754998023680e+02	1.92583405254023e+00
21	75	39	57	5.99320000000000e+02	1.13097335529233e+03	3.00000000000000e-02	0.00000000000000e+00	0.00000000000000e+00	5.73218464099678e+02	1.48429238078253e+00
22	76	40	58	6.05930000000000e+02	1.13097335529233e+03	3.00000000000000e-02	0.00000000000000e+00	0.00000000000000e+00	5.96394108078366e+02	5.28758804955250e-01
23	77	41	59	6.62990000000000e+02	1.13097335529233e+03	3.00000000000000e-02	0.00000000000000e+00	0.00000000000000e+00	5.95194889106247e+02	3.59570034949680e+00
24	78	42	60	6.58840000000000e+02	1.13097335529233e+03	3.00000000000000e-02	0.00000000000000e+00	0.00000000000000e+00	6.23296427032289e+02	1.84861671521341e+00
25	79	43	61	7.06300000000000e+02	1.13097335529233e+03	3.00000000000000e-02	0.00000000000000e+00	0.00000000000000e+00	6.62987035018475e+02	2.10948804817133e+00
26	80	44	62	7.15820000000000e+02	1.13097335529233e+03	3.00000000000000e-02	0.00000000000000e+00	0.00000000000000e+00	6.85834825002354e+02	1.42639732844533e+00
27	81	45	63	7.09110000000000e+02	1.13097335529233e+03	3.00000000000000e-02	0.00000000000000e+00	0.00000000000000e+00	6.95753673969364e+02	6.33832720446007e-01
28	82	46	64	6.86360000000000e+02	1.13097335529233e+03	3.00000000000000e-02	0.00000000000000e+00	0.00000000000000e+00	6.56805833582108e+02	1.46712771648285e+00
29	83	47	65	6.50820000000000e+02	1.13097335529233e+03	3.00000000000000e-02	0.00000000000000e+00	0.00000000000000e+00	6.19090175695984e+02	1.66607215225779e+00
30	84	48	66	6.09820000000000e+02	1.13097335529233e+03	3.00000000000000e-02	0.00000000000000e+00	0.00000000000000e+00	5.59829117076373e+02	2.85107475235839e+00
31	85	49	67	5.66520000000000e+02	1.13097335529233e+03	3.00000000000000e-02	0.00000000000000e+00	0.00000000000000e+00	5.36219940846868e+02	1.83226566799629e+00
32	86	50	68	6.42010000000000e+02	1.13097335529233e+03	3.00000000000000e-02	0.00000000000000e+00	0.00000000000000e+00	5.50797600533639e+02	5.10788231257531e+00
33	87	51	69	5.73360000000000e+02	1.13097335529233e+03	3.00000000000000e-02	0.00000000000000e+00	0.00000000000000e+00	5.15530880085559e+02	3.54388622833370e+00
34	88	52	70	5.59620000000000e+02	1.13097335529233e+03	3.00000000000000e-02	0.00000000000000e+00	0.00000000000000e+00	5.08558830983508e+02	3.18923593403021e+00
35	89	53	71	5.50210000000000e+02	1.13097335529233e+03	3.00000000000000e-02	0.00000000000000e+00	0.00000000000000e+00	5.31347781697405e+02	1.16277535222980e+00
36	90	54	72	5.98200000000000e+02	1.13097335529233e+03	3.00000000000000e-02	0.00000000000000e+00	0.00000000000000e+00	5.54597628766653e+02	2.52274295324411e+00
37	91	55	73	6.36150000000000e+02	1.13097335529233e+03	3.00000000000000e-02	0.00000000000000e+00	0.00000000000000e+00	5.76962690911532e+02	3.25522602121569e+00
38	92	56	74	5.50210000000000e+02	1.13097335529233e+03	3.00000000000000e-02	0.00000000000000e+00	0.00000000000000e+00	5.70591077518325e+02	-1.21242593687378e+00
39	93	57	75	5.87460000000000e+02	1.13097335529233e+03	3.00000000000000e-02	0.00000000000000e+00	0.00000000000000e+00	5.62882416192101e+02	1.42458015004294e+00
40	94	58	76	4.25180000000000e+02	1.13097335529233e+03	3.00000000000000e-02	0.00000000000000e+00	0.00000000000000e+00	5.44590573708871e+02	-8.25072209221084e+00
41	95	59	77	4.81470000000000e+02	1.13097335529233e+03	3.00000000000000e-02	0.00000000000000e+00	0.00000000000000e+00	5.40213295835455e+02	-3.83733766187021e+00
42	96	60	78	5.37770000000000e+02	1.13097335529233e+03	3.00000000000000e-02	0.00000000000000e+00	0.00000000000000e+00	5.10518360657871e+02	1.73347854909549e+00
43	97	61	79	5.97060000000000e+02	1.13097335529233e+03	3.00000000000000e-02	0.00000000000000e+00	0.00000000000000e+00	4.76995148132676e+02	7.48370972160419e+00
44	98	62	80	6.56350000000000e+02	1.13097335529233e+03	3.00000000000000e-02	0.00000000000000e+00	0.00000000000000e+00	4.76619346728515e+02	1.06658675396315e+01
45	99	63	81	5.07100000000000e+02	1.13097335529233e+03	3.00000000000000e-02	0.00000000000000e+00	0.00000000000000e+00	4.95197024641009e+02	7.91750328241540e-01
46	100	64	82	5.37810000000000e+02	1.13097335529233e+03	3.00000000000000e-02	0.00000000000000e+00	0.00000000000000e+00	5.34211956647111e+02	2.23755172248286e-01
47	101	65	83	5.82460000000000e+02	1.13097335529233e+03	3.00000000000000e-02	0.00000000000000e+00	0.00000000000000e+00	5.73249846543350e+02	5.31295317065942e-01
48	102	66	84	7.04180000000000e+02	1.13097335529233e+03	3.00000000000000e-02	0.00000000000000e+00	0.00000000000000e+00	6.66906880088001e+02	1.81278597296446e+00
49	103	67	85	7.23380000000000e+02	1.13097335529233e+03	3.00000000000000e-02	0.00000000000000e+00	0.00000000000000e+00	7.32841873083310e+02	-4.33176034312618e-01
50	104	68	86	8.26290000000000e+02	1.13097335529233e+03	3.00000000000000e-02	0.00000000000000e+00	0.00000000000000e+00	7.39909195394822e+02	3.68061105829618e+00
51	105	69	87	7.72340000000000e+02	1.13097335529233e+03	3.00000000000000e-02	0.00000000000000e+00	0.00000000000000e+00	7.73727826251621e+02	-5.98432833201675e-02
52	106	70	88	8.19800000000000e+02	1.13097335529233e+03	3.00000000000000e-02	0.00000000000000e+00	0.00000000000000e+00	7.77837900650585e+02	1.75140865066986e+00
53	107	71	89	8.00040000000000e+02	1.13097335529233e+03	3.00000000000000e-02	0.00000000000000e+00	0.00000000000000e+00	7.48986954487910e+02	2.19800534305120e+00
54	108	72	90	7.29250000000000e+02	1.13097335529233e+03	3.00000000000000e-02	0.00000000000000e+00	0.00000000000000e+00	7.31208259331738e+02	-8.93902304431648e-02
55	109	73	91	6.82970000000000e+02	1.13097335529233e+03	3.00000000000000e-02	0.00000000000000e+00	0.00000000000000e+00	6.86272948729062e+02	-1.60816609824928e-01
56	110	74	92	7.07260000000000e+02	1.13097335529233e+03	3.00000000000000e-02	0.00000000000000e+00	0.00000000000000e+00	6.63623514079610e+02	2.12277858495602e+00
57	111	75	93	6.65040000000000e+02	1.13097335529233e+03	3.00000000000000e-02	0.00000000000000e+00	0.00000000000000e+00	6.37198112784790e+02	1.42555243075551e+00
58	112	76	94	6.76210000000000e+02	1.13097335529233e+03	3.00000000000000e-02	0.00000000000000e+00	0.00000000000000e+00	6.43084568816860e+02	1.67424802778312e+00
59	113	77	95	5.80660000000000e+02	1.13097335529233e+03	3.00000000000000e-02	0.00000000000000e+00	0.00000000000000e+00	6.15550068174932e+02	-1.94503000753145e+00
60	114	78	96	6.54020000000000e+02	1.13097335529233e+03	3.00000000000000e-02	0.00000000000000e+00	0.00000000000000e+00	6.19605150551365e+02	1.80185036057514e+00
61	115	79	97	6.68080000000000e+02	1.13097335529233e+03	3.00000000000000e-02	0.00000000000000e+00	0.00000000000000e+00	6.42817868663187e+02	1.28488317329130e+00
62	116	80	98	6.54420000000000e+02	1.13097335529233e+03	3.00000000000000e-02	0.00000000000000e+00	0.00000000000000e+00	6.39484116846189e+02	7.69585442995080e-01
63	117	81	99	6.54290000000000e+02	1.13097335529233e+03	3.00000000000000e-02	0.00000000000000e+00	0.00000000000000e+00	6.01050427295928e+02	2.82906138613391e+00
64	118	82	100	5.60030000000000e+02	1.13097335529233e+03	3.00000000000000e-02	0.00000000000000e+00	0.00000000000000e+00	5.16187818160555e+02	2.71732219286234e+00
65	119	83	101	4.76040000000000e+02	1.13097335529233e+03	3.00000000000000e-02	0.00000000000000e+00	0.00000000000000e+00	4.46915981352893e+02	2.10437561822661e+00
66	120	84	102	4.23010000000000e+02	1.13097335529233e+03	3.00000000000000e-02	0.00000000000000e+00	0.00000000000000e+00	3.96141980782793e+02	2.18743783677213e+00
67	121	85	103	3.86590000000000e+02	1.13097335529233e+03	3.00000000000000e-02	0.00000000000000e+00	0.00000000000000e+00	3.72725767120568e+02	1.21739198192428e+00
68	122	86	104	3.96340000000000e+02	1.13097335529233e+03	3.00000000000000e-02	0.00000000000000e+00	0.00000000000000e+00	3.99831867617044e+02	-2.92389968256905e-01
69	123	87	105	4.26480000000000e+02	1.13097335529233e+03	3.00000000000000e-02	0.00000000000000e+00	0.00000000000000e+00	4.15678657080376e+02	8.55098989826105e-01
70	124	88	106	4.35210000000000e+02	1.13097335529233e+03	3.00000000000000e-02	0.00000000000000e+00	0.00000000000000e+00	4.24728483569007e+02	8.12619021482715e-01
71	125	89	107	4.41950000000000e+02	1.13097335529233e+03	3.00000000000000e-02	0.00000000000000e+00	0.00000000000000e+00	4.37256360957023e+02	3.55903069026139e-01
72	126	90	108	4.78420000000000e+02	1.13097335529233e+03	3.00000000000000e-02	0.00000000000000e+00	0.00000000000000e+00	4.45390846335956e+02	2.38456015762697e+00
73	127	91	109	4.79670000000000e+02	1.13097335529233e+03	3.00000000000000e-02	0.00000000000000e+00	0.00000000000000e+00	4.83187670849986e+02	-2.43558773486896e-01
74	128	92	110	5.12400000000000e+02	1.13097335529233e+03	3.00000000000000e-02	0.00000000000000e+00	0.00000000000000e+00	5.10492373161738e+02	1.24329082242980e-01
75	129	93	111	5.54780000000000e+02	1.13097335529233e+03	3.00000000000000e-02	0.00000000000000e+00	0.00000000000000e+00	5.12433987372530e+02	2.64665803915065e+00
76	130	94	112	5.47590000000000e+02	1.13097335529233e+03	3.00000000000000e-02	0.00000000000000e+00	0.00000000000000e+00	5.00899026204179e+02	2.97074318244652e+00
77	131	95	113	6.12940000000000e+02	1.13097335529233e+03	3.00000000000000e-02	0.00000000000000e+00	0.00000000000000e+00	5.02119294861851e+02	6.64764404121518e+00
78	132	96	114	5.11130000000000e+02	1.13097335529233e+03	3.00000000000000e-02	0.00000000000000e+00	0.00000000000000e+00	4.72557664802721e+02	2.61547265273399e+00
79	133	97	115	4.21500000000000e+02	1.13097335529233e+03	3.00000000000000e-02	0.00000000000000e+00	0.00000000000000e+00	4.21443632159898e+02	4.45801577833767e-03
80	134	98	116	4.37140000000000e+02	1.13097335529233e+03	3.00000000000000e-02	0.00000000000000e+00	0.00000000000000e+00	3.92016771130079e+02	3.63162958505558e+00
81	135	99	117	3.92990000000000e+02	1.13097335529233e+03	3.00000000000000e-02	0.00000000000000e+00	0.00000000000000e+00	3.75733339644927e+02	1.49681591794923e+00
82	136	100	118	4.02040000000000e+02	1.13097335529233e+03	3.00000000000000e-02	0.00000000000000e+00	0.00000000000000e+00	3.85438290707146e+02	1.40568273177782e+00
83	137	101	119	4.45930000000000e+02	1.13097335529233e+03	3.00000000000000e-02	0.00000000000000e+00	0.00000000000000e+00	3.87187431501135e+02	4.70843647066216e+00
84	138	102	120	4.26260000000000e+02	1.13097335529233e+03	3.00000000000000e-02	0.00000000000000e+00	0.00000000000000e+00	3.92612060245650e+02	2.74091628161714e+00
85	139	103	121	3.99590000000000e+02	1.13097335529233e+03	3.00000000000000e-02	0.00000000000000e+00	0.00000000000000e+00	3.90238130266402e+02	7.89395940678972e-01
86	140	104	122	3.70740000000000e+02	1.13097335529233e+03	3.00000000000000e-02	0.00000000000000e+00	0.00000000000000e+00	3.27180171776990e+02	4.16633350373878e+00
87	141	105	123	3.20680000000000e+02	1.13097335529233e+03	3.00000000000000e-02	0.00000000000000e+00	0.00000000000000e+00	2.85763008982653e+02	3.84269712625101e+00
88	142	106	124	2.87670000000000e+02	1.13097335529233e+03	3.00000000000000e-02	0.00000000000000e+00	0.00000000000000e+00	2.66519596240535e+02	2.54554056905718e+00
89	143	107	125	2.50190000000000e+02	1.13097335529233e+03	3.00000000000000e-02	0.00000000000000e+00	0.00000000000000e+00	2.53402663378125e+02	-4.25304973069274e-01
90	144	108	126	2.34500000000000e+02	1.13097335529233e+03	3.00000000000000e-02	0.00000000000000e+00	0.00000000000000e+00	2.35038023034702e+02	-7.63904439086656e-02
91	145	109	127	1.86220000000000e+02	1.13097335529233e+03	3.00000000000000e-02	0.00000000000000e+00	0.00000000000000e+00	1.80767258880863e+02	9.90614305394732e-01
92	146	110	128	1.49040000000000e+02	1.13097335529233e+03	3.00000000000000e-02	0.00000000000000e+00	0.00000000000000e+00	1.45111543870961e+02	8.90400384406487e-01
93	147	111	129	1.36800000000000e+02	1.13097335529233e+03	3.00000000000000e-02	0.00000000000000e+00	0.00000000000000e+00	1.23540671340021e+02	3.39831935813132e+00
94	148	112	130	1.47790000000000e+02	1.13097335529233e+03	3.00000000000000e-02	0.00000000000000e+00	0.00000000000000e+00	1.28293453701096e+02	4.71573667602616e+00
95	149	113	131	1.97720000000000e+02	1.13097335529233e+03	3.00000000000000e-02	0.00000000000000e+00	0.00000000000000e+00	1.32028631711525e+02	1.34611027489265e+01
96	150	114	132	2.47650000000000e+02	1.13097335529233e+03	3.00000000000000e-02	0.00000000000000e+00	0.00000000000000e+00	1.51484820126688e+02	1.63843678762825e+01
97	151	115	133	2.75740000000000e+02	1.13097335529233e+03	3.00000000000000e-02	0.00000000000000e+00	0.00000000000000e+00	1.76805052766323e+02	1.48136887984424e+01
98	152	116	134	2.41930000000000e+02	1.13097335529233e+03	3.00000000000000e-02	0.00000000000000e+00	0.00000000000000e+00	1.99601135690411e+02	6.41091248076012e+00
99	153	117	135	2.02830000000000e+02	1.13097335529233e+03	3.00000000000000e-02	0.00000000000000e+00	0.00000000000000e+00	2.13678423584948e+02	-1.73680005155357e+00
100	154	118	136	2.53010000000000e+02	1.13097335529233e+03	3.00000000000000e-02	0.00000000000000e+00	0.00000000000000e+00	2.25366689377499e+02	3.85667358122571e+00
101	155	119	137	2.82050000000000e+02	1.13097335529233e+03	3.00000000000000e-02	0.00000000000000e+00	0.00000000000000e+00	2.47512180335260e+02	4.35415219707957e+00
102	156	120	138	3.33210000000000e+02	1.13097335529233e+03	3.00000000000000e-02	0.00000000000000e+00	0.00000000000000e+00	2.60939970792446e+02	8.14941793138706e+00
103	157	121	139	3.11580000000000e+02	1.13097335529233e+03	3.00000000000000e-02	0.00000000000000e+00	0.00000000000000e+00	2.78525330534568e+02	3.73823728024899e+00
104	158	122	140	4.12890000000000e+02	1.13097335529233e+03	3.00000000000000e-02	0.00000000000000e+00	0.00000000000000e+00	3.10338827096001e+02	9.51721741424916e+00
105	159	123	141	3.41230000000000e+02	1.13097335529233e+03	3.00000000000000e-02	0.00000000000000e+00	0.00000000000000e+00	3.10522741702052e+02	3.14331986116543e+00
106	160	124	142	2.88730000000000e+02	1.13097335529233e+03	3.00000000000000e-02	0.00000000000000e+00	0.00000000000000e+00	2.86753054384967e+02	2.29019589342568e-01
107	161	125	143	2.51460000000000e+02	1.13097335529233e+03	3.00000000000000e-02	0.00000000000000e+00	0.00000000000000e+00	2.50178505098686e+02	1.70308256644288e-01
108	162	126	144	2.68810000000000e+02	1.13097335529233e+03	3.00000000000000e-02	0.00000000000000e+00	0.00000000000000e+00	2.39629580740688e+02	3.83034976220428e+00
109	163	127	145	2.25890000000000e+02	1.13097335529233e+03	3.00000000000000e-02	0.00000000000000e+00	0.00000000000000e+00	2.40823616730876e+02	-2.13388765437452e+00
110	164	128	146	2.41980000000000e+02	1.13097335529233e+03	3.00000000000000e-02	0.00000000000000e+00	0.00000000000000e+00	2.37854829242003e+02	5.73151723730210e-01
111	165	129	147	2.44610000000000e+02	1.13097335529233e+03	3.00000000000000e-02	0.00000000000000e+00	0.00000000000000e+00	2.28868494105542e+02	2.21725094789053e+00
112	166	130	148	2.17100000000000e+02	1.13097335529233e+03	3.00000000000000e-02	0.00000000000000e+00	0.00000000000000e+00	2.19812729673579e+02	-4.13929273690972e-01
113	167	131	149	1.89270000000000e+02	1.13097335529233e+03	3.00000000000000e-02	0.00000000000000e+00	0.00000000000000e+00	2.11097474211033e+02	-3.63818076128686e+00
114	168	132	150	1.83890000000000e+02	1.13097335529233e+03	3.00000000000000e-02	0.00000000000000e+00	0.00000000000000e+00	1.92211797949507e+02	-1.47533752039480e+00
115	169	133	151	1.76500000000000e+02	1.13097335529233e+03	3.00000000000000e-02	0.00000000000000e+00	0.00000000000000e+00	1.72323039263267e+02	7.98334193305195e-01
116	170	134	152	1.38630000000000e+02	1.13097335529233e+03	3.00000000000000e-02	0.00000000000000e+00	0.00000000000000e+00	1.52951216664732e+02	-3.27701705572074e+00
117	171	135	153	1.35460000000000e+02	1.13097335529233e+03	3.00000000000000e-02	0.00000000000000e+00	0.00000000000000e+00	1.44619258030392e+02	-2.18093628232398e+00
118	172	136	154	1.56060000000000e+02	1.13097335529233e+03	3.00000000000000e-02	0.00000000000000e+00	0.00000000000000e+00	1.34748259998519e+02	4.89440839317856e+00
119	173	137	155	1.43020000000000e+02	1.13097335529233e+03	3.00000000000000e-02	0.00000000000000e+00	0.00000000000000e+00	1.12651791409574e+02	7.95609704770088e+00
120	174	138	156	9.89600000000000e+01	1.13097335529233e+03	3.00000000000000e-02	0.00000000000000e+00	0.00000000000000e+00	1.04302317295310e+02	-1.75259504240453e+00
121	175	139	157	1.11050000000000e+02	1.13097335529233e+03	3.00000000000000e-02	0.00000000000000e+00	0.00000000000000e+00	9.90983276003452e+01	3.79559950087855e+00
122	176	140	158	4.17740000000000e+02	1.13097335529233e+03	3.00000000000000e-02	0.00000000000000e+00	0.00000000000000e+00	1.07336570173317e+02	4.52963272037107e+01
1	58	20	39	6.12270000000000e+02	1.19380520836412e+03	3.00000000000000e-02	0.00000000000000e+00	0.00000000000000e+00	6.59898336160443e+02	-2.49708084473195e+00
3	59	21	40	8.06810000000000e+02	1.19380520836412e+03	3.00000000000000e-02	0.00000000000000e+00	0.00000000000000e+00	6.48562402147486e+02	7.27766587197562e+00
4	60	22	41	6.69840000000000e+02	1.19380520836412e+03	3.00000000000000e-02	0.00000000000000e+00	0.00000000000000e+00	6.27104378026158e+02	2.19752929957237e+00
2	61	23	42	7.04300000000000e+02	1.19380520836412e+03	3.00000000000000e-02	0.00000000000000e+00	0.00000000000000e+00	6.36996109642242e+02	3.34802845032905e+00
5	62	24	43	7.48640000000000e+02	1.19380520836412e+03	3.00000000000000e-02	0.00000000000000e+00	0.00000000000000e+00	6.54446242556095e+02	4.48229267577475e+00
6	63	25	44	6.09780000000000e+02	1.19380520836412e+03	3.00000000000000e-02	0.00000000000000e+00	0.00000000000000e+00	6.36087536105068e+02	-1.40793176256130e+00
7	64	26	45	6.06180000000000e+02	1.19380520836412e+03	3.00000000000000e-02	0.00000000000000e+00	0.00000000000000e+00	6.14112227613757e+02	-4.33357363563639e-01
8	65	27	46	5.81080000000000e+02	1.19380520836412e+03	3.00000000000000e-02	0.00000000000000e+00	0.00000000000000e+00	5.68437940365852e+02	7.33209919908469e-01
9	66	28	47	5.61570000000000e+02	1.19380520836412e+03	3.00000000000000e-02	0.00000000000000e+00	0.00000000000000e+00	5.65036592964923e+02	-2.05135429248167e-01
10	67	29	48	6.60050000000000e+02	1.19380520836412e+03	3.00000000000000e-02	0.00000000000000e+00	0.00000000000000e+00	6.36807098054284e+02	1.19496029388957e+00
11	68	30	49	6.46720000000000e+02	1.19380520836412e+03	3.00000000000000e-02	0.00000000000000e+00	0.00000000000000e+00	6.49198311790591e+02	-1.27493365866815e-01
12	69	31	50	6.46900000000000e+02	1.19380520836412e+03	3.00000000000000e-02	0.00000000000000e+00	0.00000000000000e+00	6.43856126593873e+02	1.57214260484621e-01
13	70	32	51	6.29770000000000e+02	1.19380520836412e+03	3.00000000000000e-02	0.00000000000000e+00	0.00000000000000e+00	6.29634549956738e+02	7.17005740469290e-03
14	71	33	52	6.21420000000000e+02	1.19380520836412e+03	3.00000000000000e-02	0.00000000000000e+00	0.00000000000000e+00	6.12623357290920e+02	4.75228667650137e-01
15	72	34	53	6.79360000000000e+02	1.19380520836412e+03	3.00000000000000e-02	0.00000000000000e+00	0.00000000000000e+00	6.07443233490104e+02	3.72974834936276e+00
16	73	35	54	6.30700000000000e+02	1.19380520836412e+03	3.00000000000000e-02	0.00000000000000e+00	0.00000000000000e+00	5.85655804134776e+02	2.46993538722287e+00
17	74	36	55	6.17510000000000e+02	1.19380520836412e+03	3.00000000000000e-02	0.00000000000000e+00	0.00000000000000e+00	5.59934367994759e+02	3.26252286172040e+00
18	75	37	56	5.90360000000000e+02	1.19380520836412e+03	3.00000000000000e-02	0.00000000000000e+00	0.00000000000000e+00	5.50485058125635e+02	2.33109022962067e+00
19	76	38	57	6.12700000000000e+02	1.19380520836412e+03	3.00000000000000e-02	0.00000000000000e+00	0.00000000000000e+00	5.43415293990632e+02	4.00005260465942e+00
20	77	39	58	6.05630000000000e+02	1.19380520836412e+03	3.00000000000000e-02	0.00000000000000e+00	0.00000000000000e+00	5.44279604743202e+02	3.56020481412420e+00
21	78	40	59	5.80040000000000e+02	1.19380520836412e+03	3.00000000000000e-02	0.00000000000000e+00	0.00000000000000e+00	5.33833661072362e+02	2.76709241212219e+00
22	79	41	60	6.39900000000000e+02	1.19380520836412e+03	3.00000000000000e-02	0.00000000000000e+00	0.00000000000000e+00	5.92930867899994e+02	2.54113674045075e+00
23	80	42	61	6.40630000000000e+02	1.19380520836412e+03	3.00000000000000e-02	0.00000000000000e+00	0.00000000000000e+00	6.03519590401919e+02	1.98911886171415e+00
24	81	43	62	5.90220000000000e+02	1.19380520836412e+03	3.00000000000000e-02	0.00000000000000e+00	0.00000000000000e+00	5.76210708228080e+02	8.00731401802768e-01
25	82	44	63	6.12690000000000e+02	1.19380520836412e+03	3.00000000000000e-02	0.00000000000000e+00	0.00000000000000e+00	5.56394045421235e+02	3.21274467933102e+00
26	83	45	64	5.77050000000000e+02	1.19380520836412e+03	3.00000000000000e-02	0.00000000000000e+00	0.00000000000000e+00	5.35238993346452e+02	2.50718513943697e+00
27	84	46	65	5.87110000000000e+02	1.19380520836412e+03	3.00000000000000e-02	0.00000000000000e+00	0.00000000000000e+00	5.48892024298730e+02	2.24368168946529e+00
28	85	47	66	5.73000000000000e+02	1.19380520836412e+03	3.00000000000000e-02	0.00000000000000e+00	0.00000000000000e+00	5.44468035688905e+02	1.70254933446078e+00
29	86	48	67	5.09920000000000e+02	1.19380520836412e+03	3.00000000000000e-02	0.00000000000000e+00	0.00000000000000e+00	4.97302395134941e+02	8.35185622738373e-01
30	87	49	68	5.43920000000000e+02	1.19380520836412e+03	3.00000000000000e-02	0.00000000000000e+00	0.00000000000000e+00	4.96184347045882e+02	3.06182173710979e+00
31	88	50	69	5.08480000000000e+02	1.19380520836412e+03	3.00000000000000e-02	0.00000000000000e+00	0.00000000000000e+00	5.16441391797417e+02	-5.17864231276762e-01
32	89	51	70	5.59720000000000e+02	1.19380520836412e+03	3.00000000000000e-02	0.00000000000000e+00	0.00000000000000e+00	5.25521406184876e+02	2.10152447699349e+00
33	90	52	71	6.49570000000000e+02	1.19380520836412e+03	3.00000000000000e-02	0.00000000000000e+00	0.00000000000000e+00	5.25925312812628e+02	7.03837979031622e+00
34	91	53	72	5.71120000000000e+02	1.19380520836412e+03	3.00000000000000e-02	0.00000000000000e+00	0.00000000000000e+00	5.32721566990421e+02	2.32001486354706e+00
35	92	54	73	6.10030000000000e+02	1.19380520836412e+03	3.00000000000000e-02	0.00000000000000e+00	0.00000000000000e+00	5.55492245843594e+02	3.12178287270246e+00
36	93	55	74	1.08874000000000e+03	1.19380520836412e+03	3.00000000000000e-02	0.00000000000000e+00	0.00000000000000e+00	5.75012452604112e+02	2.12794882004625e+01
37	94	56	75	7.70560000000000e+02	1.19380520836412e+03	3.00000000000000e-02	0.00000000000000e+00	0.00000000000000e+00	5.78347143621454e+02	9.56477467839596e+00
38	95	57	76	6.64500000000000e+02	1.19380520836412e+03	3.00000000000000e-02	0.00000000000000e+00	0.00000000000000e+00	5.75418030030502e+02	4.79793642500323e+00
39	96	58	77	4.43020000000000e+02	1.19380520836412e+03	3.00000000000000e-02	0.00000000000000e+00	0.00000000000000e+00	5.53109078810472e+02	-7.39801051745153e+00
40	97	59	78	4.70470000000000e+02	1.19380520836412e+03	3.00000000000000e-02	0.00000000000000e+00	0.00000000000000e+00	5.33363947196256e+02	-4.18239412893936e+00
41	98	60	79	4.97910000000000e+02	1.19380520836412e+03	3.00000000000000e-02	0.00000000000000e+00	0.00000000000000e+00	4.84888856848086e+02	8.83321142088237e-01
42	99	61	80	5.37580000000000e+02	1.19380520836412e+03	3.00000000000000e-02	0.00000000000000e+00	0.00000000000000e+00	4.76100051719126e+02	4.04831871015633e+00
43	100	62	81	6.54250000000000e+02	1.19380520836412e+03	3.00000000000000e-02	0.00000000000000e+00	0.00000000000000e+00	5.11671063019524e+02	8.19358592911372e+00
44	101	63	82	6.31500000000000e+02	1.19380520836412e+03	3.00000000000000e-02	0.00000000000000e+00	0.00000000000000e+00	5.44726182818877e+02	4.92715634090108e+00
45	102	64	83	5.85070000000000e+02	1.19380520836412e+03	3.00000000000000e-02	0.00000000000000e+00	0.00000000000000e+00	5.73254591428741e+02	6.80052233900093e-01
46	103	65	84	6.07830000000000e+02	1.19380520836412e+03	3.00000000000000e-02	0.00000000000000e+00	0.00000000000000e+00	5.93647842256920e+02	7.86965073558103e-01
47	104	66	85	5.98360000000000e+02	1.19380520836412e+03	3.00000000000000e-02	0.00000000000000e+00	0.00000000000000e+00	5.99708680067156e+02	-7.50474859685527e-02
48	105	67	86	7.02640000000000e+02	1.19380520836412e+03	3.00000000000000e-02	0.00000000000000e+00	0.00000000000000e+00	6.49305860614445e+02	2.63135946949594e+00
49	106	68	87	6.90450000000000e+02	1.19380520836412e+03	3.00000000000000e-02	0.00000000000000e+00	0.00000000000000e+00	6.78159795222543e+02	5.98687086388120e-01
50	107	69	88	6.95390000000000e+02	1.19380520836412e+03	3.00000000000000e-02	0.00000000000000e+00	0.00000000000000e+00	7.09175654365036e+02	-6.54346868226430e-01
51	108	70	89	7.31450000000000e+02	1.19380520836412e+03	3.00000000000000e-02	0.00000000000000e+00	0.00000000000000e+00	7.34025030101624e+02	-1.17142118829546e-01
52	109	71	90	7.05580000000000e+02	1.19380520836412e+03	3.00000000000000e-02	0.00000000000000e+00	0.00000000000000e+00	6.96850032748616e+02	4.14997768630965e-01
53	110	72	91	7.38840000000000e+02	1.19380520836412e+03	3.00000000000000e-02	0.00000000000000e+00	0.00000000000000e+00	6.70338953408904e+02	3.24326345467914e+00
54	111	73	92	6.66430000000000e+02	1.19380520836412e+03	3.00000000000000e-02	0.00000000000000e+00	0.00000000000000e+00	6.41247466381199e+02	1.28398874772797e+00
55	112	74	93	6.39990000000000e+02	1.19380520836412e+03	3.00000000000000e-02	0.00000000000000e+00	0.00000000000000e+00	6.32612935626136e+02	3.86459740642605e-01
56	113	75	94	6.31210000000000e+02	1.19380520836412e+03	3.00000000000000e-02	0.00000000000000e+00	0.00000000000000e+00	6.26996326881257e+02	2.23264329101773e-01
57	114	76	95	6.70080000000000e+02	1.19380520836412e+03	3.00000000000000e-02	0.00000000000000e+00	0.00000000000000e+00	6.13791292546442e+02	2.92473840994839e+00
58	115	77	96	6.45010000000000e+02	1.19380520836412e+03	3.00000000000000e-02	0.00000000000000e+00	0.00000000000000e+00	6.09722529504081e+02	1.87539455114102e+00
59	116	78	97	5.59860000000000e+02	1.19380520836412e+03	3.00000000000000e-02	0.00000000000000e+00	0.00000000000000e+00	6.01142631279134e+02	-2.37151590547674e+00
60	117	79	98	6.76500000000000e+02	1.19380520836412e+03	3.00000000000000e-02	0.00000000000000e+00	0.00000000000000e+00	6.54380805848909e+02	1.10809978893155e+00
61	118	80	99	7.04740000000000e+02	1.19380520836412e+03	3.00000000000000e-02	0.00000000000000e+00	0.00000000000000e+00	6.62456590787703e+02	2.06246360301205e+00
62	119	81	100	6.42280000000000e+02	1.19380520836412e+03	3.00000000000000e-02	0.00000000000000e+00	0.00000000000000e+00	5.91952912739646e+02	2.71990844173446e+00
63	120	82	101	5.67530000000000e+02	1.19380520836412e+03	3.00000000000000e-02	0.00000000000000e+00	0.00000000000000e+00	5.15258469235819e+02	3.22083182066928e+00
64	121	83	102	4.88560000000000e+02	1.19380520836412e+03	3.00000000000000e-02	0.00000000000000e+00	0.00000000000000e+00	4.53160280166655e+02	2.50721355529044e+00
65	122	84	103	4.62010000000000e+02	1.19380520836412e+03	3.00000000000000e-02	0.00000000000000e+00	0.00000000000000e+00	4.14408960591881e+02	3.62444073692432e+00
66	123	85	104	4.21540000000000e+02	1.19380520836412e+03	3.00000000000000e-02	0.00000000000000e+00	0.00000000000000e+00	4.14982905947093e+02	5.22578107182851e-01
67	124	86	105	4.30200000000000e+02	1.19380520836412e+03	3.00000000000000e-02	0.00000000000000e+00	0.00000000000000e+00	4.22173695221411e+02	6.27779581031559e-01
68	125	87	106	5.18570000000000e+02	1.19380520836412e+03	3.00000000000000e-02	0.00000000000000e+00	0.00000000000000e+00	4.26473587591916e+02	6.51748622123106e+00
69	126	88	107	4.38300000000000e+02	1.19380520836412e+03	3.00000000000000e-02	0.00000000000000e+00	0.00000000000000e+00	4.33307477004329e+02	3.81867429167511e-01
70	127	89	108	4.55730000000000e+02	1.19380520836412e+03	3.00000000000000e-02	0.00000000000000e+00	0.00000000000000e+00	4.49636361950484e+02	4.48711911804001e-01
71	128	90	109	4.95350000000000e+02	1.19380520836412e+03	3.00000000000000e-02	0.00000000000000e+00	0.00000000000000e+00	4.86219221380097e+02	6.20166280758146e-01
72	129	91	110	5.22290000000000e+02	1.19380520836412e+03	3.00000000000000e-02	0.00000000000000e+00	0.00000000000000e+00	5.14453030932439e+02	5.03957625739056e-01
73	130	92	111	5.30370000000000e+02	1.19380520836412e+03	3.00000000000000e-02	0.00000000000000e+00	0.00000000000000e+00	5.28795280737538e+02	9.91170721181156e-02
74	131	93	112	5.40770000000000e+02	1.19380520836412e+03	3.00000000000000e-02	0.00000000000000e+00	0.00000000000000e+00	5.12778513902637e+02	1.77166815514867e+00
75	132	94	113	5.36680000000000e+02	1.19380520836412e+03	3.00000000000000e-02	0.00000000000000e+00	0.00000000000000e+00	5.01602608009453e+02	2.25312750120634e+00
76	133	95	114	5.89960000000000e+02	1.19380520836412e+03	3.00000000000000e-02	0.00000000000000e+00	0.00000000000000e+00	4.80872305941319e+02	6.81509931146875e+00
77	134	96	115	4.92130000000000e+02	1.19380520836412e+03	3.00000000000000e-02	0.00000000000000e+00	0.00000000000000e+00	4.50466112907450e+02	2.94866853615356e+00
78	135	97	116	4.61710000000000e+02	1.19380520836412e+03	3.00000000000000e-02	0.00000000000000e+00	0.00000000000000e+00	4.13007454993309e+02	3.71571149116665e+00
79	136	98	117	4.24940000000000e+02	1.19380520836412e+03	3.00000000000000e-02	0.00000000000000e+00	0.00000000000000e+00	3.77231500054239e+02	3.96963083323163e+00
80	137	99	118	3.63220000000000e+02	1.19380520836412e+03	3.00000000000000e-02	0.00000000000000e+00	0.00000000000000e+00	3.40968359689336e+02	2.10730083821972e+00
81	138	100	119	3.88000000000000e+02	1.19380520836412e+03	3.00000000000000e-02	0.00000000000000e+00	0.00000000000000e+00	3.52972093248910e+02	3.15387805890532e+00
82	139	101	120	3.94790000000000e+02	1.19380520836412e+03	3.00000000000000e-02	0.00000000000000e+00	0.00000000000000e+00	3.62200888982912e+02	2.87183260379020e+00
83	140	102	121	4.01470000000000e+02	1.19380520836412e+03	3.00000000000000e-02	0.00000000000000e+00	0.00000000000000e+00	3.58549156343441e+02	3.76890144787539e+00
84	141	103	122	3.98080000000000e+02	1.19380520836412e+03	3.00000000000000e-02	0.00000000000000e+00	0.00000000000000e+00	3.55057887147573e+02	3.81240505136805e+00
85	142	104	123	3.61820000000000e+02	1.19380520836412e+03	3.00000000000000e-02	0.00000000000000e+00	0.00000000000000e+00	3.17774067809569e+02	4.32687329695730e+00
86	143	105	124	2.98160000000000e+02	1.19380520836412e+03	3.00000000000000e-02	0.00000000000000e+00	0.00000000000000e+00	2.86403422450738e+02	1.34096234193614e+00
87	144	106	125	2.83470000000000e+02	1.19380520836412e+03	3.00000000000000e-02	0.00000000000000e+00	0.00000000000000e+00	2.72051588963980e+02	1.37048612806960e+00
88	145	107	126	2.66280000000000e+02	1.19380520836412e+03	3.00000000000000e-02	0.00000000000000e+00	0.00000000000000e+00	2.57338929319256e+02	1.13847931843309e+00
89	146	108	127	2.39830000000000e+02	1.19380520836412e+03	3.00000000000000e-02	0.00000000000000e+00	0.00000000000000e+00	2.37970647357121e+02	2.59433446289611e-01
90	147	109	128	1.85100000000000e+02	1.19380520836412e+03	3.00000000000000e-02	0.00000000000000e+00	0.00000000000000e+00	1.90584460034018e+02	-9.73307883034380e-01
91	148	110	129	1.71870000000000e+02	1.19380520836412e+03	3.00000000000000e-02	0.00000000000000e+00	0.00000000000000e+00	1.56622052190149e+02	3.09675949541906e+00
92	149	111	130	1.29170000000000e+02	1.19380520836412e+03	3.00000000000000e-02	0.00000000000000e+00	0.00000000000000e+00	1.35938090928854e+02	-1.70234006974871e+00
93	150	112	131	1.77740000000000e+02	1.19380520836412e+03	3.00000000000000e-02	0.00000000000000e+00	0.00000000000000e+00	1.45505355528186e+02	6.67029715407717e+00
94	151	113	132	2.80980000000000e+02	1.19380520836412e+03	3.00000000000000e-02	0.00000000000000e+00	0.00000000000000e+00	1.54919372452092e+02	1.98459562857356e+01
95	152	114	133	2.64280000000000e+02	1.19380520836412e+03	3.00000000000000e-02	0.00000000000000e+00	0.00000000000000e+00	1.76054502117679e+02	1.35405176312855e+01
96	153	115	134	2.47580000000000e+02	1.19380520836412e+03	3.00000000000000e-02	0.00000000000000e+00	0.00000000000000e+00	1.94526437688294e+02	8.03885606214525e+00
97	154	116	135	3.46220000000000e+02	1.19380520836412e+03	3.00000000000000e-02	0.00000000000000e+00	0.00000000000000e+00	2.09610145909321e+02	1.67275017939103e+01
98	155	117	136	2.54320000000000e+02	1.19380520836412e+03	3.00000000000000e-02	0.00000000000000e+00	0.00000000000000e+00	2.26592048650808e+02	3.84806861421871e+00
99	156	118	137	3.24560000000000e+02	1.19380520836412e+03	3.00000000000000e-02	0.00000000000000e+00	0.00000000000000e+00	2.55478137834908e+02	7.97778597064370e+00
100	157	119	138	3.04470000000000e+02	1.19380520836412e+03	3.00000000000000e-02	0.00000000000000e+00	0.00000000000000e+00	2.60991133252638e+02	5.13620418651094e+00
101	158	120	139	2.91930000000000e+02	1.19380520836412e+03	3.00000000000000e-02	0.00000000000000e+00	0.00000000000000e+00	2.70967640419918e+02	2.48382139321990e+00
102	159	121	140	2.95480000000000e+02	1.19380520836412e+03	3.00000000000000e-02	0.00000000000000e+00	0.00000000000000e+00	2.78192800995315e+02	2.00955835299030e+00
103	160	122	141	3.57460000000000e+02	1.19380520836412e+03	3.00000000000000e-02	0.00000000000000e+00	0.00000000000000e+00	2.74185925218545e+02	8.84056774331959e+00
104	161	123	142	2.83880000000000e+02	1.19380520836412e+03	3.00000000000000e-02	0.00000000000000e+00	0.00000000000000e+00	2.57228189355912e+02	3.28626754606098e+00
105	162	124	143	2.50580000000000e+02	1.19380520836412e+03	3.00000000000000e-02	0.00000000000000e+00	0.00000000000000e+00	2.45161900160215e+02	7.28647384520335e-01
106	163	125	144	2.33330000000000e+02	1.19380520836412e+03	3.00000000000000e-02	0.00000000000000e+00	0.00000000000000e+00	2.28107680656496e+02	7.54531983806424e-01
107	164	126	145	2.31110000000000e+02	1.19380520836412e+03	3.00000000000000e-02	0.00000000000000e+00	0.00000000000000e+00	2.15140827532326e+02	2.38669873919800e+00
108	165	127	146	2.31690000000000e+02	1.19380520836412e+03	3.00000000000000e-02	0.00000000000000e+00	0.00000000000000e+00	2.07024680152356e+02	3.75207524339398e+00
109	166	128	147	2.13230000000000e+02	1.19380520836412e+03	3.00000000000000e-02	0.00000000000000e+00	0.00000000000000e+00	2.14008577922858e+02	-1.21490087734966e-01
110	167	129	148	2.70210000000000e+02	1.19380520836412e+03	3.00000000000000e-02	0.00000000000000e+00	0.00000000000000e+00	2.15791296523076e+02	7.49625712238077e+00
111	168	130	149	2.33280000000000e+02	1.19380520836412e+03	3.00000000000000e-02	0.00000000000000e+00	0.00000000000000e+00	2.12377280421253e+02	3.12917103918050e+00
112	169	131	150	1.96350000000000e+02	1.19380520836412e+03	3.00000000000000e-02	0.00000000000000e+00	0.00000000000000e+00	2.04261003838446e+02	-1.31666085423194e+00
113	170	132	151	1.86220000000000e+02	1.19380520836412e+03	3.00000000000000e-02	0.00000000000000e+00	0.00000000000000e+00	1.95749412836680e+02	-1.66355216162808e+00
114	171	133	152	1.70830000000000e+02	1.19380520836412e+03	3.00000000000000e-02	0.00000000000000e+00	0.00000000000000e+00	1.75342327238132e+02	-8.69043627666984e-01
115	172	134	153	1.26950000000000e+02	1.19380520836412e+03	3.00000000000000e-02	0.00000000000000e+00	0.00000000000000e+00	1.61204868777353e+02	-7.96275749330606e+00
116	173	135	154	1.34680000000000e+02	1.19380520836412e+03	3.00000000000000e-02	0.00000000000000e+00	0.00000000000000e+00	1.53451173816245e+02	-4.34936120822256e+00
117	174	136	155	1.23460000000000e+02	1.19380520836412e+03	3.00000000000000e-02	0.00000000000000e+00	0.00000000000000e+00	1.41117792333575e+02	-4.45592437585436e+00
118	175	137	156	1.29850000000000e+02	1.19380520836412e+03	3.00000000000000e-02	0.00000000000000e+00	0.00000000000000e+00	1.16473643399909e+02	3.62383092030291e+00
119	176	138	157	4.04920000000000e+02	1.19380520836412e+03	3.00000000000000e-02	0.00000000000000e+00	0.00000000000000e+00	1.16280518101986e+02	4.15894661802790e+01
1	61	21	41	6.05010000000000e+02	1.25663706143592e+03	3.00000000000000e-02	0.00000000000000e+00	0.00000000000000e+00	6.25263562624079e+02	-1.09760914081762e+00
3	62	22	42	8.05110000000000e+02	1.25663706143592e+03	3.00000000000000e-02	0.00000000000000e+00	0.00000000000000e+00	6.25836698489376e+02	8.39631473367118e+00
4	63	23	43	6.68890000000000e+02	1.25663706143592e+03	3.00000000000000e-02	0.00000000000000e+00	0.00000000000000e+00	6.22357161385889e+02	2.40351599023073e+00
2	64	24	44	6.38250000000000e+02	1.25663706143592e+03	3.00000000000000e-02	0.00000000000000e+00	0.00000000000000e+00	6.19803355694029e+02	9.77593220879166e-01
5	65	25	45	6.16970000000000e+02	1.25663706143592e+03	3.00000000000000e-02	0.00000000000000e+00	0.00000000000000e+00	6.26089110008817e+02	-4.89076962314942e-01
6	66	26	46	6.13670000000000e+02	1.25663706143592e+03	3.00000000000000e-02	0.00000000000000e+00	0.00000000000000e+00	6.14683051100669e+02	-5.49815505373215e-02
7	67	27	47	5.51340000000000e+02	1.25663706143592e+03	3.00000000000000e-02	0.00000000000000e+00	0.00000000000000e+00	5.89804660149735e+02	-2.24799062821234e+00
8	68	28	48	6.89010000000000e+02	1.25663706143592e+03	3.00000000000000e-02	0.00000000000000e+00	0.00000000000000e+00	6.54604518159588e+02	1.70748401615131e+00
9	69	29	49	6.98140000000000e+02	1.25663706143592e+03	3.00000000000000e-02	0.00000000000000e+00	0.00000000000000e+00	6.98096309600052e+02	2.08610341303483e-03
10	70	30	50	7.03990000000000e+02	1.25663706143592e+03	3.00000000000000e-02	0.00000000000000e+00	0.00000000000000e+00	6.87267338929919e+02	8.01359844952110e-01
11	71	31	51	6.88240000000000e+02	1.25663706143592e+03	3.00000000000000e-02	0.00000000000000e+00	0.00000000000000e+00	6.66633893494289e+02	1.06322014686890e+00
12	72	32	52	6.75170000000000e+02	1.25663706143592e+03	3.00000000000000e-02	0.00000000000000e+00	0.00000000000000e+00	6.30715656280941e+02	2.27031246652591e+00
13	73	33	53	6.45290000000000e+02	1.25663706143592e+03	3.00000000000000e-02	0.00000000000000e+00	0.00000000000000e+00	6.11090846717319e+02	1.81513982453586e+00
14	74	34	54	6.19600000000000e+02	1.25663706143592e+03	3.00000000000000e-02	0.00000000000000e+00	0.00000000000000e+00	5.85909086755968e+02	1.86364910187121e+00
15	75	35	55	6.36080000000000e+02	1.25663706143592e+03	3.00000000000000e-02	0.00000000000000e+00	0.00000000000000e+00	5.58268020932796e+02	4.34950567594541e+00
16	76	36	56	5.91110000000000e+02	1.25663706143592e+03	3.00000000000000e-02	0.00000000000000e+00	0.00000000000000e+00	5.43577110144454e+02	2.79435172700214e+00
17	77	37	57	5.82760000000000e+02	1.25663706143592e+03	3.00000000000000e-02	0.00000000000000e+00	0.00000000000000e+00	5.10747433249836e+02	4.39667431845926e+00
18	78	38	58	5.65590000000000e+02	1.25663706143592e+03	3.00000000000000e-02	0.00000000000000e+00	0.00000000000000e+00	5.04092695306887e+02	3.83697545555366e+00
19	79	39	59	5.82700000000000e+02	1.25663706143592e+03	3.00000000000000e-02	0.00000000000000e+00	0.00000000000000e+00	5.27810610250967e+02	3.29783158316281e+00
20	80	40	60	6.22920000000000e+02	1.25663706143592e+03	3.00000000000000e-02	0.00000000000000e+00	0.00000000000000e+00	5.70201767520279e+02	2.94759411094194e+00
21	81	41	61	5.65950000000000e+02	1.25663706143592e+03	3.00000000000000e-02	0.00000000000000e+00	0.00000000000000e+00	5.37611661118542e+02	1.71230850120064e+00
22	82	42	62	5.26050000000000e+02	1.25663706143592e+03	3.00000000000000e-02	0.00000000000000e+00	0.00000000000000e+00	4.78804144879032e+02	3.13682116004272e+00
23	83	43	63	5.06080000000000e+02	1.25663706143592e+03	3.00000000000000e-02	0.00000000000000e+00	0.00000000000000e+00	4.45805290661674e+02	4.22708236279975e+00
24	84	44	64	4.89140000000000e+02	1.25663706143592e+03	3.00000000000000e-02	0.00000000000000e+00	0.00000000000000e+00	4.34571941943972e+02	3.94290806579658e+00
25	85	45	65	4.94460000000000e+02	1.25663706143592e+03	3.00000000000000e-02	0.00000000000000e+00	0.00000000000000e+00	4.53521321041715e+02	2.88079917094495e+00
26	86	46	66	5.07370000000000e+02	1.25663706143592e+03	3.00000000000000e-02	0.00000000000000e+00	0.00000000000000e+00	4.86146051265342e+02	1.42438082351080e+00
27	87	47	67	5.44100000000000e+02	1.25663706143592e+03	3.00000000000000e-02	0.00000000000000e+00	0.00000000000000e+00	5.28195804113646e+02	9.88866580195413e-01
28	88	48	68	5.27380000000000e+02	1.25663706143592e+03	3.00000000000000e-02	0.00000000000000e+00	0.00000000000000e+00	4.94994304191174e+02	2.11250318337391e+00
29	89	49	69	4.95830000000000e+02	1.25663706143592e+03	3.00000000000000e-02	0.00000000000000e+00	0.00000000000000e+00	4.66126257170341e+02	2.05921968258952e+00
30	90	50	70	4.43820000000000e+02	1.25663706143592e+03	3.00000000000000e-02	0.00000000000000e+00	0.00000000000000e+00	4.87488331160864e+02	-3.12824264144395e+00
31	91	51	71	5.32740000000000e+02	1.25663706143592e+03	3.00000000000000e-02	0.00000000000000e+00	0.00000000000000e+00	5.13561312234774e+02	1.22213591264740e+00
32	92	52	72	6.24240000000000e+02	1.25663706143592e+03	3.00000000000000e-02	0.00000000000000e+00	0.00000000000000e+00	5.32813529732624e+02	5.27877990874757e+00
33	93	53	73	6.13520000000000e+02	1.25663706143592e+03	3.00000000000000e-02	0.00000000000000e+00	0.00000000000000e+00	5.27785574861706e+02	5.01742568170274e+00
34	94	54	74	4.46100000000000e+02	1.25663706143592e+03	3.00000000000000e-02	0.00000000000000e+00	0.00000000000000e+00	5.39720167739222e+02	-6.35025517392194e+00
35	95	55	75	3.62390000000000e+02	1.25663706143592e+03	3.00000000000000e-02	0.00000000000000e+00	0.00000000000000e+00	5.62009060814849e+02	-1.46265664080318e+01
36	96	56	76	2.78680000000000e+02	1.25663706143592e+03	3.00000000000000e-02	0.00000000000000e+00	0.00000000000000e+00	5.63349982613894e+02	-2.34612301195420e+01
37	97	57	77	4.39020000000000e+02	1.25663706143592e+03	3.00000000000000e-02	0.00000000000000e+00	0.00000000000000e+00	5.67890879675109e+02	-8.57947722976655e+00
38	98	58	78	5.99350000000000e+02	1.25663706143592e+03	3.00000000000000e-02	0.00000000000000e+00	0.00000000000000e+00	5.50626163466697e+02	2.82632083240101e+00
39	99	59	79	6.61970000000000e+02	1.25663706143592e+03	3.00000000000000e-02	0.00000000000000e+00	0.00000000000000e+00	5.16272738150683e+02	8.28616831801243e+00
40	100	60	80	5.24270000000000e+02	1.25663706143592e+03	3.00000000000000e-02	0.00000000000000e+00	0.00000000000000e+00	4.95584115529473e+02	1.87565735134960e+00
41	101	61	81	6.75110000000000e+02	1.25663706143592e+03	3.00000000000000e-02	0.00000000000000e+00	0.00000000000000e+00	5.22166329390565e+02	8.56298215837039e+00
42	102	62	82	8.25960000000000e+02	1.25663706143592e+03	3.00000000000000e-02	0.00000000000000e+00	0.00000000000000e+00	5.61552838276529e+02	1.28613491480269e+01
43	103	63	83	6.13010000000000e+02	1.25663706143592e+03	3.00000000000000e-02	0.00000000000000e+00	0.00000000000000e+00	5.78507860943693e+02	1.93097046605318e+00
44	104	64	84	5.96810000000000e+02	1.25663706143592e+03	3.00000000000000e-02	0.00000000000000e+00	0.00000000000000e+00	5.73942261443262e+02	1.30233344471238e+00
45	105	65	85	5.70730000000000e+02	1.25663706143592e+03	3.00000000000000e-02	0.00000000000000e+00	0.00000000000000e+00	5.72383442804891e+02	-9.64292720844343e-02
46	106	66	86	5.76310000000000e+02	1.25663706143592e+03	3.00000000000000e-02	0.00000000000000e+00	0.00000000000000e+00	5.66922436287398e+02	5.47440422222323e-01
47	107	67	87	5.60420000000000e+02	1.25663706143592e+03	3.00000000000000e-02	0.00000000000000e+00	0.00000000000000e+00	5.73731342455472e+02	-7.82491321004889e-01
48	108	68	88	7.91090000000000e+02	1.25663706143592e+03	3.00000000000000e-02	0.00000000000000e+00	0.00000000000000e+00	6.24012659055858e+02	7.90803620694473e+00
49	109	69	89	6.14130000000000e+02	1.25663706143592e+03	3.00000000000000e-02	0.00000000000000e+00	0.00000000000000e+00	6.34959825559287e+02	-1.11183659782845e+00
50	110	70	90	6.55160000000000e+02	1.25663706143592e+03	3.00000000000000e-02	0.00000000000000e+00	0.00000000000000e+00	6.35497591164882e+02	1.01570601494577e+00
51	111	71	91	6.34180000000000e+02	1.25663706143592e+03	3.00000000000000e-02	0.00000000000000e+00	0.00000000000000e+00	6.28081837687687e+02	3.22078434886149e-01
52	112	72	92	6.83680000000000e+02	1.25663706143592e+03	3.00000000000000e-02	0.00000000000000e+00	0.00000000000000e+00	6.39365206532468e+02	2.23380508528021e+00
53	113	73	93	6.92340000000000e+02	1.25663706143592e+03	3.00000000000000e-02	0.00000000000000e+00	0.00000000000000e+00	6.44400613530880e+02	2.39188536786428e+00
54	114	74	94	6.05880000000000e+02	1.25663706143592e+03	3.00000000000000e-02	0.00000000000000e+00	0.00000000000000e+00	6.32529881177932e+02	-1.43485052653327e+00
55	115	75	95	6.01060000000000e+02	1.25663706143592e+03	3.00000000000000e-02	0.00000000000000e+00	0.00000000000000e+00	6.13035132660154e+02	-6.57582793013223e-01
56	116	76	96	6.39470000000000e+02	1.25663706143592e+03	3.00000000000000e-02	0.00000000000000e+00	0.00000000000000e+00	6.21051033568517e+02	9.74215001747443e-01
57	117	77	97	6.54270000000000e+02	1.25663706143592e+03	3.00000000000000e-02	0.00000000000000e+00	0.00000000000000e+00	6.10763701267452e+02	2.29366556330082e+00
58	118	78	98	6.27740000000000e+02	1.25663706143592e+03	3.00000000000000e-02	0.00000000000000e+00	0.00000000000000e+00	6.02905458489018e+02	1.34552229419980e+00
59	119	79	99	6.65280000000000e+02	1.25663706143592e+03	3.00000000000000e-02	0.00000000000000e+00	0.00000000000000e+00	6.32244059868846e+02	1.69775047963142e+00
60	120	80	100	7.01990000000000e+02	1.25663706143592e+03	3.00000000000000e-02	0.00000000000000e+00	0.00000000000000e+00	6.58307194123339e+02	2.14158253867893e+00
61	121	81	101	6.37990000000000e+02	1.25663706143592e+03	3.00000000000000e-02	0.00000000000000e+00	0.00000000000000e+00	6.00509836192173e+02	2.01811959504180e+00
62	122	82	102	5.60800000000000e+02	1.25663706143592e+03	3.00000000000000e-02	0.00000000000000e+00	0.00000000000000e+00	5.21346572933559e+02	2.43164359843639e+00
63	123	83	103	4.94630000000000e+02	1.25663706143592e+03	3.00000000000000e-02	0.00000000000000e+00	0.00000000000000e+00	4.67046695860465e+02	1.91269215055542e+00
64	124	84	104	4.58980000000000e+02	1.25663706143592e+03	3.00000000000000e-02	0.00000000000000e+00	0.00000000000000e+00	4.42713245565173e+02	1.20281256261639e+00
65	125	85	105	4.39390000000000e+02	1.25663706143592e+03	3.00000000000000e-02	0.00000000000000e+00	0.00000000000000e+00	4.33231742750523e+02	4.70487129834307e-01
66	126	86	106	4.39280000000000e+02	1.25663706143592e+03	3.00000000000000e-02	0.00000000000000e+00	0.00000000000000e+00	4.36731537883661e+02	1.93944881285339e-01
67	127	87	107	4.97190000000000e+02	1.25663706143592e+03	3.00000000000000e-02	0.00000000000000e+00	0.00000000000000e+00	4.44893740211325e+02	3.70455930644050e+00
68	128	88	108	4.94610000000000e+02	1.25663706143592e+03	3.00000000000000e-02	0.00000000000000e+00	0.00000000000000e+00	4.58366231413176e+02	2.53670255852591e+00
69	129	89	109	4.67080000000000e+02	1.25663706143592e+03	3.00000000000000e-02	0.00000000000000e+00	0.00000000000000e+00	4.84770649826952e+02	-1.23917809763112e+00
70	130	90	110	5.29360000000000e+02	1.25663706143592e+03	3.00000000000000e-02	0.00000000000000e+00	0.00000000000000e+00	5.05240589599020e+02	1.55446662768322e+00
71	131	91	111	5.43060000000000e+02	1.25663706143592e+03	3.00000000000000e-02	0.00000000000000e+00	0.00000000000000e+00	5.29917828812468e+02	8.16595217246086e-01
72	132	92	112	5.24590000000000e+02	1.25663706143592e+03	3.00000000000000e-02	0.00000000000000e+00	0.00000000000000e+00	5.24131896786150e+02	2.91213679172249e-02
73	133	93	113	5.17650000000000e+02	1.25663706143592e+03	3.00000000000000e-02	0.00000000000000e+00	0.00000000000000e+00	5.01533331584006e+02	1.05430897473567e+00
74	134	94	114	5.09100000000000e+02	1.25663706143592e+03	3.00000000000000e-02	0.00000000000000e+00	0.00000000000000e+00	4.78760159268596e+02	2.04815667447355e+00
75	135	95	115	6.10180000000000e+02	1.25663706143592e+03	3.00000000000000e-02	0.00000000000000e+00	0.00000000000000e+00	4.69801925138448e+02	8.71476085356810e+00
76	136	96	116	5.19790000000000e+02	1.25663706143592e+03	3.00000000000000e-02	0.00000000000000e+00	0.00000000000000e+00	4.35924299361502e+02	5.86520936323502e+00
77	137	97	117	4.27960000000000e+02	1.25663706143592e+03	3.00000000000000e-02	0.00000000000000e+00	0.00000000000000e+00	3.87806099586057e+02	3.28414206317852e+00
78	138	98	118	4.19010000000000e+02	1.25663706143592e+03	3.00000000000000e-02	0.00000000000000e+00	0.00000000000000e+00	3.64140228397748e+02	4.67852498950225e+00
79	139	99	119	3.62210000000000e+02	1.25663706143592e+03	3.00000000000000e-02	0.00000000000000e+00	0.00000000000000e+00	3.29693767695640e+02	3.13533023934101e+00
80	140	100	120	3.48700000000000e+02	1.25663706143592e+03	3.00000000000000e-02	0.00000000000000e+00	0.00000000000000e+00	3.23662140309538e+02	2.48372529272336e+00
81	141	101	121	3.77210000000000e+02	1.25663706143592e+03	3.00000000000000e-02	0.00000000000000e+00	0.00000000000000e+00	3.33352500221770e+02	4.12005240721095e+00
82	142	102	122	3.86080000000000e+02	1.25663706143592e+03	3.00000000000000e-02	0.00000000000000e+00	0.00000000000000e+00	3.35429190190895e+02	4.68779084313275e+00
83	143	103	123	3.43540000000000e+02	1.25663706143592e+03	3.00000000000000e-02	0.00000000000000e+00	0.00000000000000e+00	3.34360390164179e+02	9.02804316003832e-01
84	144	104	124	2.96330000000000e+02	1.25663706143592e+03	3.00000000000000e-02	0.00000000000000e+00	0.00000000000000e+00	3.05968971352494e+02	-1.06699992711746e+00
85	145	105	125	3.06680000000000e+02	1.25663706143592e+03	3.00000000000000e-02	0.00000000000000e+00	0.00000000000000e+00	2.89939804387555e+02	1.87105094444764e+00
86	146	106	126	2.82910000000000e+02	1.25663706143592e+03	3.00000000000000e-02	0.00000000000000e+00	0.00000000000000e+00	2.75939438289353e+02	8.31580357019135e-01
87	147	107	127	2.70360000000000e+02	1.25663706143592e+03	3.00000000000000e-02	0.00000000000000e+00	0.00000000000000e+00	2.62065490577105e+02	1.03866558907025e+00
88	148	108	128	1.91240000000000e+02	1.25663706143592e+03	3.00000000000000e-02	0.00000000000000e+00	0.00000000000000e+00	2.45108997803528e+02	-8.27246056156836e+00
89	149	109	129	1.96330000000000e+02	1.25663706143592e+03	3.00000000000000e-02	0.00000000000000e+00	0.00000000000000e+00	2.00842492892217e+02	-7.57468883603914e-01
90	150	110	130	2.01420000000000e+02	1.25663706143592e+03	3.00000000000000e-02	0.00000000000000e+00	0.00000000000000e+00	1.73057631459178e+02	5.05892037919340e+00
91	151	111	131	1.72800000000000e+02	1.25663706143592e+03	3.00000000000000e-02	0.00000000000000e+00	0.00000000000000e+00	1.54020030912267e+02	3.83507305186426e+00
92	152	112	132	1.93310000000000e+02	1.25663706143592e+03	3.00000000000000e-02	0.00000000000000e+00	0.00000000000000e+00	1.65470879159560e+02	5.18332984461682e+00
93	153	113	133	1.96640000000000e+02	1.25663706143592e+03	3.00000000000000e-02	0.00000000000000e+00	0.00000000000000e+00	1.81194253070760e+02	2.72683228856136e+00
94	154	114	134	2.63520000000000e+02	1.25663706143592e+03	3.00000000000000e-02	0.00000000000000e+00	0.00000000000000e+00	1.98336701433647e+02	9.47210558925381e+00
95	155	115	135	3.30400000000000e+02	1.25663706143592e+03	3.00000000000000e-02	0.00000000000000e+00	0.00000000000000e+00	2.05159114527615e+02	1.58839398381322e+01
96	156	116	136	3.24780000000000e+02	1.25663706143592e+03	3.00000000000000e-02	0.00000000000000e+00	0.00000000000000e+00	2.22634630751468e+02	1.25872009796632e+01
97	157	117	137	3.11050000000000e+02	1.25663706143592e+03	3.00000000000000e-02	0.00000000000000e+00	0.00000000000000e+00	2.52204525649675e+02	6.99044343019152e+00
98	158	118	138	2.97310000000000e+02	1.25663706143592e+03	3.00000000000000e-02	0.00000000000000e+00	0.00000000000000e+00	2.58540128062025e+02	4.65748164376132e+00
99	159	119	139	2.89860000000000e+02	1.25663706143592e+03	3.00000000000000e-02	0.00000000000000e+00	0.00000000000000e+00	2.59184850947473e+02	3.72855101476501e+00
100	160	120	140	2.76910000000000e+02	1.25663706143592e+03	3.00000000000000e-02	0.00000000000000e+00	0.00000000000000e+00	2.56391014445901e+02	2.56629547586010e+00
101	161	121	141	2.06160000000000e+02	1.25663706143592e+03	3.00000000000000e-02	0.00000000000000e+00	0.00000000000000e+00	2.35559072606388e+02	-4.44363849168138e+00
102	162	122	142	2.28430000000000e+02	1.25663706143592e+03	3.00000000000000e-02	0.00000000000000e+00	0.00000000000000e+00	2.34096880849449e+02	-8.16841091037783e-01
103	163	123	143	2.50710000000000e+02	1.25663706143592e+03	3.00000000000000e-02	0.00000000000000e+00	0.00000000000000e+00	2.25132620362944e+02	3.58690800945762e+00
104	164	124	144	2.36350000000000e+02	1.25663706143592e+03	3.00000000000000e-02	0.00000000000000e+00	0.00000000000000e+00	2.16275058856824e+02	2.95875796780069e+00
105	165	125	145	2.21900000000000e+02	1.25663706143592e+03	3.00000000000000e-02	0.00000000000000e+00	0.00000000000000e+00	2.02111663011118e+02	3.11354993613806e+00
106	166	126	146	2.29400000000000e+02	1.25663706143592e+03	3.00000000000000e-02	0.00000000000000e+00	0.00000000000000e+00	1.97677059879854e+02	4.96108387515163e+00
107	167	127	147	2.07480000000000e+02	1.25663706143592e+03	3.00000000000000e-02	0.00000000000000e+00	0.00000000000000e+00	1.95235417508999e+02	2.02762832686950e+00
108	168	128	148	2.19800000000000e+02	1.25663706143592e+03	3.00000000000000e-02	0.00000000000000e+00	0.00000000000000e+00	1.94829376816243e+02	4.01979523731682e+00
109	169	129	149	2.46180000000000e+02	1.25663706143592e+03	3.00000000000000e-02	0.00000000000000e+00	0.00000000000000e+00	2.04062178890435e+02	6.25460765990094e+00
110	170	130	150	1.99320000000000e+02	1.25663706143592e+03	3.00000000000000e-02	0.00000000000000e+00	0.00000000000000e+00	2.08311754451254e+02	-1.47080678854895e+00
111	171	131	151	2.15740000000000e+02	1.25663706143592e+03	3.00000000000000e-02	0.00000000000000e+00	0.00000000000000e+00	2.07777815267978e+02	1.25348886669225e+00
112	172	132	152	1.76800000000000e+02	1.25663706143592e+03	3.00000000000000e-02	0.00000000000000e+00	0.00000000000000e+00	1.96724423674306e+02	-3.55949115375100e+00
113	173	133	153	1.61640000000000e+02	1.25663706143592e+03	3.00000000000000e-02	0.00000000000000e+00	0.00000000000000e+00	1.82372581509163e+02	-4.02267018190748e+00
114	174	134	154	1.65310000000000e+02	1.25663706143592e+03	3.00000000000000e-02	0.00000000000000e+00	0.00000000000000e+00	1.66415268893629e+02	-2.22126176351326e-01
115	175	135	155	1.34460000000000e+02	1.25663706143592e+03	3.00000000000000e-02	0.00000000000000e+00	0.00000000000000e+00	1.60297335021786e+02	-5.85878924981162e+00
116	176	136	156	3.91650000000000e+02	1.25663706143592e+03	3.00000000000000e-02	0.00000000000000e+00	0.00000000000000e+00	1.47925679201653e+02	3.24552867911295e+01
1	64	22	43	5.16540000000000e+02	1.31946891450771e+03	3.00000000000000e-02	0.00000000000000e+00	0.00000000000000e+00	6.20401167079988e+02	-6.10711941920380e+00
3	65	23	44	6.41430000000000e+02	1.31946891450771e+03	3.00000000000000e-02	0.00000000000000e+00	0.00000000000000e+00	6.07818935680804e+02	1.79410081308567e+00
4	66	24	45	6.41810000000000e+02	1.31946891450771e+03	3.00000000000000e-02	0.00000000000000e+00	0.00000000000000e+00	6.06194813032180e+02	1.90303005580379e+00
2	67	25	46	6.28120000000000e+02	1.31946891450771e+03	3.00000000000000e-02	0.00000000000000e+00	0.00000000000000e+00	6.05301510010863e+02	1.23348444911719e+00
5	68	26	47	6.47110000000000e+02	1.31946891450771e+03	3.00000000000000e-02	0.00000000000000e+00	0.00000000000000e+00	6.25340170717210e+02	1.14068402282769e+00
6	69	27	48	6.76530000000000e+02	1.31946891450771e+03	3.00000000000000e-02	0.00000000000000e+00	0.00000000000000e+00	6.79396441597932e+02	-1.40934187385729e-01
7	70	28	49	6.91490000000000e+02	1.31946891450771e+03	3.00000000000000e-02	0.00000000000000e+00	0.00000000000000e+00	7.04932592150091e+02	-6.41783152839715e-01
8	71	29	50	7.29910000000000e+02	1.31946891450771e+03	3.00000000000000e-02	0.00000000000000e+00	0.00000000000000e+00	7.08970782903867e+02	9.70230735597877e-01
9	72	30	51	7.26240000000000e+02	1.31946891450771e+03	3.00000000000000e-02	0.00000000000000e+00	0.00000000000000e+00	7.11924213514917e+02	6.63635821801023e-01
10	73	31	52	7.31350000000000e+02	1.31946891450771e+03	3.00000000000000e-02	0.00000000000000e+00	0.00000000000000e+00	6.77487388599679e+02	2.55004011218380e+00
11	74	32	53	6.62820000000000e+02	1.31946891450771e+03	3.00000000000000e-02	0.00000000000000e+00	0.00000000000000e+00	6.19001177365893e+02	2.27987617947966e+00
12	75	33	54	6.06200000000000e+02	1.31946891450771e+03	3.00000000000000e-02	0.00000000000000e+00	0.00000000000000e+00	5.78826302071753e+02	1.54025094934929e+00
13	76	34	55	6.24610000000000e+02	1.31946891450771e+03	3.00000000000000e-02	0.00000000000000e+00	0.00000000000000e+00	5.50374763249036e+02	4.21760070181844e+00
14	77	35	56	5.93950000000000e+02	1.31946891450771e+03	3.00000000000000e-02	0.00000000000000e+00	0.00000000000000e+00	5.27677845887105e+02	3.94363945353332e+00
15	78	36	57	5.50000000000000e+02	1.31946891450771e+03	3.00000000000000e-02	0.00000000000000e+00	0.00000000000000e+00	4.93007430932910e+02	3.64646771370645e+00
16	79	37	58	5.58960000000000e+02	1.31946891450771e+03	3.00000000000000e-02	0.00000000000000e+00	0.00000000000000e+00	5.06311918630884e+02	3.29749982986085e+00
17	80	38	59	5.79450000000000e+02	1.31946891450771e+03	3.00000000000000e-02	0.00000000000000e+00	0.00000000000000e+00	5.19609892761052e+02	3.63336846597292e+00
18	81	39	60	5.55540000000000e+02	1.31946891450771e+03	3.00000000000000e-02	0.00000000000000e+00	0.00000000000000e+00	5.21467692650050e+02	2.10977639936916e+00
19	82	40	61	5.31150000000000e+02	1.31946891450771e+03	3.00000000000000e-02	0.00000000000000e+00	0.00000000000000e+00	4.65792498482956e+02	4.37680714977873e+00
20	83	41	62	4.93890000000000e+02	1.31946891450771e+03	3.00000000000000e-02	0.00000000000000e+00	0.00000000000000e+00	4.13262564325892e+02	5.94098934655568e+00
21	84	42	63	4.39450000000000e+02	1.31946891450771e+03	3.00000000000000e-02	0.00000000000000e+00	0.00000000000000e+00	3.86188822878036e+02	4.30658389046942e+00
22	85	43	64	4.17770000000000e+02	1.31946891450771e+03	3.00000000000000e-02	0.00000000000000e+00	0.00000000000000e+00	3.83061164261789e+02	2.89121225371260e+00
23	86	44	65	4.33730000000000e+02	1.31946891450771e+03	3.00000000000000e-02	0.00000000000000e+00	0.00000000000000e+00	4.00887987351592e+02	2.62467218966496e+00
24	87	45	66	4.47270000000000e+02	1.31946891450771e+03	3.00000000000000e-02	0.00000000000000e+00	0.00000000000000e+00	4.26070515242203e+02	1.61858592666168e+00
25	88	46	67	4.97540000000000e+02	1.31946891450771e+03	3.00000000000000e-02	0.00000000000000e+00	0.00000000000000e+00	4.61443750664346e+02	2.51052641932355e+00
26	89	47	68	5.22160000000000e+02	1.31946891450771e+03	3.00000000000000e-02	0.00000000000000e+00	0.00000000000000e+00	4.91284497959043e+02	2.03168895853754e+00
27	90	48	69	5.29520000000000e+02	1.31946891450771e+03	3.00000000000000e-02	0.00000000000000e+00	0.00000000000000e+00	4.82240966349816e+02	3.11756721657295e+00
28	91	49	70	5.14660000000000e+02	1.31946891450771e+03	3.00000000000000e-02	0.00000000000000e+00	0.00000000000000e+00	4.70153873175856e+02	3.01488192017324e+00
29	92	50	71	4.86210000000000e+02	1.31946891450771e+03	3.00000000000000e-02	0.00000000000000e+00	0.00000000000000e+00	4.77392052064266e+02	6.10085465005146e-01
30	93	51	72	4.89520000000000e+02	1.31946891450771e+03	3.00000000000000e-02	0.00000000000000e+00	0.00000000000000e+00	4.74892430745100e+02	1.01123341184011e+00
31	94	52	73	4.62680000000000e+02	1.31946891450771e+03	3.00000000000000e-02	0.00000000000000e+00	0.00000000000000e+00	4.89563811855147e+02	-1.88263814482038e+00
32	95	53	74	4.06470000000000e+02	1.31946891450771e+03	3.00000000000000e-02	0.00000000000000e+00	0.00000000000000e+00	5.20318125739982e+02	-8.23100930856532e+00
33	96	54	75	3.04850000000000e+02	1.31946891450771e+03	3.00000000000000e-02	0.00000000000000e+00	0.00000000000000e+00	5.26913745152403e+02	-1.82405670451447e+01
34	97	55	76	2.03240000000000e+02	1.31946891450771e+03	3.00000000000000e-02	0.00000000000000e+00	0.00000000000000e+00	5.26783195332645e+02	-3.17467174371460e+01
35	98	56	77	4.04040000000000e+02	1.31946891450771e+03	3.00000000000000e-02	0.00000000000000e+00	0.00000000000000e+00	5.34333845621641e+02	-9.31689799076449e+00
36	99	57	78	6.04840000000000e+02	1.31946891450771e+03	3.00000000000000e-02	0.00000000000000e+00	0.00000000000000e+00	5.50587419064958e+02	3.13260724325453e+00
37	100	58	79	6.02970000000000e+02	1.31946891450771e+03	3.00000000000000e-02	0.00000000000000e+00	0.00000000000000e+00	5.45725493526840e+02	3.32504513449846e+00
38	101	59	80	7.08310000000000e+02	1.31946891450771e+03	3.00000000000000e-02	0.00000000000000e+00	0.00000000000000e+00	5.42011669529393e+02	8.91981064221537e+00
39	102	60	81	5.61510000000000e+02	1.31946891450771e+03	3.00000000000000e-02	0.00000000000000e+00	0.00000000000000e+00	5.38735793608783e+02	1.38014371867537e+00
40	103	61	82	5.71340000000000e+02	1.31946891450771e+03	3.00000000000000e-02	0.00000000000000e+00	0.00000000000000e+00	5.62773120757828e+02	5.03597159359170e-01
41	104	62	83	5.34860000000000e+02	1.31946891450771e+03	3.00000000000000e-02	0.00000000000000e+00	0.00000000000000e+00	5.66884529801637e+02	-1.93835338121007e+00
42	105	63	84	6.61530000000000e+02	1.31946891450771e+03	3.00000000000000e-02	0.00000000000000e+00	0.00000000000000e+00	5.71191254490957e+02	4.89437446191845e+00
43	106	64	85	5.86290000000000e+02	1.31946891450771e+03	3.00000000000000e-02	0.00000000000000e+00	0.00000000000000e+00	5.76655561830426e+02	5.52313533775184e-01
44	107	65	86	5.61440000000000e+02	1.31946891450771e+03	3.00000000000000e-02	0.00000000000000e+00	0.00000000000000e+00	5.61858293059877e+02	-2.48252894650136e-02
45	108	66	87	5.41680000000000e+02	1.31946891450771e+03	3.00000000000000e-02	0.00000000000000e+00	0.00000000000000e+00	5.51864108526025e+02	-6.20880486196936e-01
46	109	67	88	4.95460000000000e+02	1.31946891450771e+03	3.00000000000000e-02	0.00000000000000e+00	0.00000000000000e+00	5.22909886196159e+02	-1.79741745061526e+00
47	110	68	89	5.23090000000000e+02	1.31946891450771e+03	3.00000000000000e-02	0.00000000000000e+00	0.00000000000000e+00	5.10456065449386e+02	8.14965376411110e-01
48	111	69	90	5.53080000000000e+02	1.31946891450771e+03	3.00000000000000e-02	0.00000000000000e+00	0.00000000000000e+00	5.59406552301767e+02	-3.79127908915085e-01
49	112	70	91	5.65940000000000e+02	1.31946891450771e+03	3.00000000000000e-02	0.00000000000000e+00	0.00000000000000e+00	5.82350519369519e+02	-9.52815596083904e-01
50	113	71	92	5.78760000000000e+02	1.31946891450771e+03	3.00000000000000e-02	0.00000000000000e+00	0.00000000000000e+00	5.83338836392185e+02	-2.62677605041498e-01
51	114	72	93	5.84350000000000e+02	1.31946891450771e+03	3.00000000000000e-02	0.00000000000000e+00	0.00000000000000e+00	6.23148260235365e+02	-2.14281166673066e+00
52	115	73	94	6.65190000000000e+02	1.31946891450771e+03	3.00000000000000e-02	0.00000000000000e+00	0.00000000000000e+00	6.40681678863728e+02	1.25133271319987e+00
53	116	74	95	6.69960000000000e+02	1.31946891450771e+03	3.00000000000000e-02	0.00000000000000e+00	0.00000000000000e+00	6.38540299894238e+02	1.60110730384539e+00
54	117	75	96	6.26560000000000e+02	1.31946891450771e+03	3.00000000000000e-02	0.00000000000000e+00	0.00000000000000e+00	6.30771486093499e+02	-2.23303713213626e-01
55	118	76	97	6.33630000000000e+02	1.31946891450771e+03	3.00000000000000e-02	0.00000000000000e+00	0.00000000000000e+00	6.30748925715460e+02	1.51910117679884e-01
56	119	77	98	6.48330000000000e+02	1.31946891450771e+03	3.00000000000000e-02	0.00000000000000e+00	0.00000000000000e+00	6.18872902437450e+02	1.54999672075243e+00
57	120	78	99	6.59130000000000e+02	1.31946891450771e+03	3.00000000000000e-02	0.00000000000000e+00	0.00000000000000e+00	5.99233216114720e+02	3.17566396221517e+00
58	121	79	100	6.51390000000000e+02	1.31946891450771e+03	3.00000000000000e-02	0.00000000000000e+00	0.00000000000000e+00	6.18683373166000e+02	1.71716376068289e+00
59	122	80	101	6.64420000000000e+02	1.31946891450771e+03	3.00000000000000e-02	0.00000000000000e+00	0.00000000000000e+00	6.26968249506784e+02	1.93395263428269e+00
60	123	81	102	6.50440000000000e+02	1.31946891450771e+03	3.00000000000000e-02	0.00000000000000e+00	0.00000000000000e+00	6.10213886494795e+02	2.12798425499114e+00
61	124	82	103	5.67330000000000e+02	1.31946891450771e+03	3.00000000000000e-02	0.00000000000000e+00	0.00000000000000e+00	5.37932004449286e+02	1.77363262049533e+00
62	125	83	104	4.75570000000000e+02	1.31946891450771e+03	3.00000000000000e-02	0.00000000000000e+00	0.00000000000000e+00	4.91863793645469e+02	-1.12292504567693e+00
63	126	84	105	4.69110000000000e+02	1.31946891450771e+03	3.00000000000000e-02	0.00000000000000e+00	0.00000000000000e+00	4.62039904049414e+02	5.06200759011370e-01
64	127	85	106	4.52660000000000e+02	1.31946891450771e+03	3.00000000000000e-02	0.00000000000000e+00	0.00000000000000e+00	4.46042595904732e+02	4.90894594304011e-01
65	128	86	107	4.48150000000000e+02	1.31946891450771e+03	3.00000000000000e-02	0.00000000000000e+00	0.00000000000000e+00	4.54416291529888e+02	-4.62857393317861e-01
66	129	87	108	4.83110000000000e+02	1.31946891450771e+03	3.00000000000000e-02	0.00000000000000e+00	0.00000000000000e+00	4.66348618556441e+02	1.17703026906799e+00
67	130	88	109	4.89250000000000e+02	1.31946891450771e+03	3.00000000000000e-02	0.00000000000000e+00	0.00000000000000e+00	4.93439892846207e+02	-2.84248250067283e-01
68	131	89	110	5.20980000000000e+02	1.31946891450771e+03	3.00000000000000e-02	0.00000000000000e+00	0.00000000000000e+00	5.10440059045380e+02	6.81281291979434e-01
69	132	90	111	5.21170000000000e+02	1.31946891450771e+03	3.00000000000000e-02	0.00000000000000e+00	0.00000000000000e+00	5.10735476719606e+02	6.74149534213786e-01
70	133	91	112	5.16630000000000e+02	1.31946891450771e+03	3.00000000000000e-02	0.00000000000000e+00	0.00000000000000e+00	5.07023453116930e+02	6.25656328345207e-01
71	134	92	113	5.19570000000000e+02	1.31946891450771e+03	3.00000000000000e-02	0.00000000000000e+00	0.00000000000000e+00	5.10123977085216e+02	6.11591930296296e-01
72	135	93	114	5.16930000000000e+02	1.31946891450771e+03	3.00000000000000e-02	0.00000000000000e+00	0.00000000000000e+00	4.88641159435771e+02	1.87596913381783e+00
73	136	94	115	5.17600000000000e+02	1.31946891450771e+03	3.00000000000000e-02	0.00000000000000e+00	0.00000000000000e+00	4.70521304497772e+02	3.17871682128406e+00
74	137	95	116	5.13240000000000e+02	1.31946891450771e+03	3.00000000000000e-02	0.00000000000000e+00	0.00000000000000e+00	4.45491067156334e+02	4.71887921978166e+00
75	138	96	117	4.95150000000000e+02	1.31946891450771e+03	3.00000000000000e-02	0.00000000000000e+00	0.00000000000000e+00	4.14304593151736e+02	5.94197704699072e+00
76	139	97	118	4.46850000000000e+02	1.31946891450771e+03	3.00000000000000e-02	0.00000000000000e+00	0.00000000000000e+00	3.73212463904330e+02	6.00250340087426e+00
77	140	98	119	4.10550000000000e+02	1.31946891450771e+03	3.00000000000000e-02	0.00000000000000e+00	0.00000000000000e+00	3.47842169961124e+02	5.52496272842387e+00
78	141	99	120	3.51180000000000e+02	1.31946891450771e+03	3.00000000000000e-02	0.00000000000000e+00	0.00000000000000e+00	3.22768374979849e+02	2.81213172923618e+00
79	142	100	121	3.48960000000000e+02	1.31946891450771e+03	3.00000000000000e-02	0.00000000000000e+00	0.00000000000000e+00	3.15370988919857e+02	3.37358713399084e+00
80	143	101	122	3.82820000000000e+02	1.31946891450771e+03	3.00000000000000e-02	0.00000000000000e+00	0.00000000000000e+00	3.15253496530321e+02	6.47292795802660e+00
81	144	102	123	3.64490000000000e+02	1.31946891450771e+03	3.00000000000000e-02	0.00000000000000e+00	0.00000000000000e+00	3.22032148803147e+02	4.12825782219777e+00
82	145	103	124	3.40180000000000e+02	1.31946891450771e+03	3.00000000000000e-02	0.00000000000000e+00	0.00000000000000e+00	3.27298016742668e+02	1.28679224150581e+00
83	146	104	125	2.88610000000000e+02	1.31946891450771e+03	3.00000000000000e-02	0.00000000000000e+00	0.00000000000000e+00	2.97423141915370e+02	-1.00265164437990e+00
84	147	105	126	2.71510000000000e+02	1.31946891450771e+03	3.00000000000000e-02	0.00000000000000e+00	0.00000000000000e+00	2.80187505352315e+02	-1.04866899700200e+00
85	148	106	127	3.01300000000000e+02	1.31946891450771e+03	3.00000000000000e-02	0.00000000000000e+00	0.00000000000000e+00	2.77260026447453e+02	2.77168855457980e+00
86	149	107	128	2.23770000000000e+02	1.31946891450771e+03	3.00000000000000e-02	0.00000000000000e+00	0.00000000000000e+00	2.68759646684989e+02	-6.10662449347705e+00
87	150	108	129	2.89090000000000e+02	1.31946891450771e+03	3.00000000000000e-02	0.00000000000000e+00	0.00000000000000e+00	2.56459431351735e+02	3.99225228621291e+00
88	151	109	130	1.98550000000000e+02	1.31946891450771e+03	3.00000000000000e-02	0.00000000000000e+00	0.00000000000000e+00	2.14678510168794e+02	-2.60335499769493e+00
89	152	110	131	2.22390000000000e+02	1.31946891450771e+03	3.00000000000000e-02	0.00000000000000e+00	0.00000000000000e+00	1.89048335267601e+02	5.41432909389761e+00
90	153	111	132	2.03500000000000e+02	1.31946891450771e+03	3.00000000000000e-02	0.00000000000000e+00	0.00000000000000e+00	1.76424080307241e+02	4.75917869827735e+00
91	154	112	133	1.98850000000000e+02	1.31946891450771e+03	3.00000000000000e-02	0.00000000000000e+00	0.00000000000000e+00	1.93001260771101e+02	9.95135009246706e-01
92	155	113	134	2.14210000000000e+02	1.31946891450771e+03	3.00000000000000e-02	0.00000000000000e+00	0.00000000000000e+00	2.03834124664800e+02	1.65500978551852e+00
93	156	114	135	2.80460000000000e+02	1.31946891450771e+03	3.00000000000000e-02	0.00000000000000e+00	0.00000000000000e+00	2.14074768464503e+02	9.00352576497854e+00
94	157	115	136	2.84080000000000e+02	1.31946891450771e+03	3.00000000000000e-02	0.00000000000000e+00	0.00000000000000e+00	2.22578335824753e+02	8.13255926228494e+00
95	158	116	137	4.01100000000000e+02	1.31946891450771e+03	3.00000000000000e-02	0.00000000000000e+00	0.00000000000000e+00	2.37989627638688e+02	1.73994560468092e+01
96	159	117	138	3.59490000000000e+02	1.31946891450771e+03	3.00000000000000e-02	0.00000000000000e+00	0.00000000000000e+00	2.35384287268592e+02	1.41155638945192e+01
97	160	118	139	3.14820000000000e+02	1.31946891450771e+03	3.00000000000000e-02	0.00000000000000e+00	0.00000000000000e+00	2.36156802433464e+02	9.58350151458101e+00
98	161	119	140	2.72470000000000e+02	1.31946891450771e+03	3.00000000000000e-02	0.00000000000000e+00	0.00000000000000e+00	2.26730996904996e+02	6.12547457296723e+00
99	162	120	141	2.45580000000000e+02	1.31946891450771e+03	3.00000000000000e-02	0.00000000000000e+00	0.00000000000000e+00	2.28998519582481e+02	2.33024069681151e+00
100	163	121	142	2.03610000000000e+02	1.31946891450771e+03	3.00000000000000e-02	0.00000000000000e+00	0.00000000000000e+00	2.19018211973581e+02	-2.43161622239546e+00
101	164	122	143	1.61640000000000e+02	1.31946891450771e+03	3.00000000000000e-02	0.00000000000000e+00	0.00000000000000e+00	2.07116750917316e+02	-8.26370027174139e+00
102	165	123	144	2.27070000000000e+02	1.31946891450771e+03	3.00000000000000e-02	0.00000000000000e+00	0.00000000000000e+00	1.94076795327115e+02	5.23348023510160e+00
103	166	124	145	2.01950000000000e+02	1.31946891450771e+03	3.00000000000000e-02	0.00000000000000e+00	0.00000000000000e+00	1.87368377293257e+02	2.49811769590123e+00
104	167	125	146	1.96650000000000e+02	1.31946891450771e+03	3.00000000000000e-02	0.00000000000000e+00	0.00000000000000e+00	1.87405734279372e+02	1.60498434662610e+00
105	168	126	147	2.57990000000000e+02	1.31946891450771e+03	3.00000000000000e-02	0.00000000000000e+00	0.00000000000000e+00	1.87898001729440e+02	1.05673850957719e+01
106	169	127	148	2.18650000000000e+02	1.31946891450771e+03	3.00000000000000e-02	0.00000000000000e+00	0.00000000000000e+00	1.90768220347579e+02	4.54710309135248e+00
107	170	128	149	2.37970000000000e+02	1.31946891450771e+03	3.00000000000000e-02	0.00000000000000e+00	0.00000000000000e+00	1.92870187988822e+02	7.00424179310601e+00
108	171	129	150	1.95900000000000e+02	1.31946891450771e+03	3.00000000000000e-02	0.00000000000000e+00	0.00000000000000e+00	1.95014161443647e+02	1.51071541190806e-01
109	172	130	151	2.19280000000000e+02	1.31946891450771e+03	3.00000000000000e-02	0.00000000000000e+00	0.00000000000000e+00	2.04405872743108e+02	2.34139541526082e+00
110	173	131	152	1.80360000000000e+02	1.31946891450771e+03	3.00000000000000e-02	0.00000000000000e+00	0.00000000000000e+00	2.08141763812749e+02	-4.77548502620483e+00
111	174	132	153	1.76810000000000e+02	1.31946891450771e+03	3.00000000000000e-02	0.00000000000000e+00	0.00000000000000e+00	2.03158750428876e+02	-4.63039951830577e+00
112	175	133	154	1.55310000000000e+02	1.31946891450771e+03	3.00000000000000e-02	0.00000000000000e+00	0.00000000000000e+00	1.85330240637304e+02	-5.89053995508427e+00
113	176	134	155	4.05870000000000e+02	1.31946891450771e+03	3.00000000000000e-02	0.00000000000000e+00	0.00000000000000e+00	1.71980594509606e+02	2.86217087817814e+01
1	67	23	45	5.51660000000000e+02	1.38230076757951e+03	3.00000000000000e-02	0.00000000000000e+00	0.00000000000000e+00	6.16808491169344e+02	-3.72088913879125e+00
3	68	24	46	6.97440000000000e+02	1.38230076757951e+03	3.00000000000000e-02	0.00000000000000e+00	0.00000000000000e+00	6.08023656220760e+02	4.57342330076645e+00
4	69	25	47	6.36320000000000e+02	1.38230076757951e+03	3.00000000000000e-02	0.00000000000000e+00	0.00000000000000e+00	6.12112625392937e+02	1.29284291527917e+00
2	70	26	48	7.12350000000000e+02	1.38230076757951e+03	3.00000000000000e-02	0.00000000000000e+00	0.00000000000000e+00	6.77262294772038e+02	1.68369096329792e+00
5	71	27	49	6.67780000000000e+02	1.38230076757951e+03	3.00000000000000e-02	0.00000000000000e+00	0.00000000000000e+00	6.93937302593929e+02	-1.28076121225060e+00
6	72	28	50	7.03910000000000e+02	1.38230076757951e+03	3.00000000000000e-02	0.00000000000000e+00	0.00000000000000e+00	7.14936848758292e+02	-5.18123610056076e-01
7	73	29	51	7.76300000000000e+02	1.38230076757951e+03	3.00000000000000e-02	0.00000000000000e+00	0.00000000000000e+00	7.42601130202610e+02	1.47933265721309e+00
8	74	30	52	7.60780000000000e+02	1.38230076757951e+03	3.00000000000000e-02	0.00000000000000e+00	0.00000000000000e+00	7.15225125704237e+02	2.05822895024725e+00
9	75	31	53	7.27590000000000e+02	1.38230076757951e+03	3.00000000000000e-02	0.00000000000000e+00	0.00000000000000e+00	6.56532755230584e+02	3.42550388369508e+00
10	76	32	54	5.84490000000000e+02	1.38230076757951e+03	3.00000000000000e-02	0.00000000000000e+00	0.00000000000000e+00	5.80075843119250e+02	2.52693771186655e-01
11	77	33	55	5.66930000000000e+02	1.38230076757951e+03	3.00000000000000e-02	0.00000000000000e+00	0.00000000000000e+00	5.32297891753234e+02	2.10108532605876e+00
12	78	34	56	5.63850000000000e+02	1.38230076757951e+03	3.00000000000000e-02	0.00000000000000e+00	0.00000000000000e+00	5.08939558311877e+02	3.41529983759310e+00
13	79	35	57	5.50210000000000e+02	1.38230076757951e+03	3.00000000000000e-02	0.00000000000000e+00	0.00000000000000e+00	5.05657037182276e+02	2.81471253938926e+00
14	80	36	58	5.62880000000000e+02	1.38230076757951e+03	3.00000000000000e-02	0.00000000000000e+00	0.00000000000000e+00	5.11295644061592e+02	3.20394929464225e+00
15	81	37	59	5.17490000000000e+02	1.38230076757951e+03	3.00000000000000e-02	0.00000000000000e+00	0.00000000000000e+00	4.81762936274524e+02	2.38460138919381e+00
16	82	38	60	5.28900000000000e+02	1.38230076757951e+03	3.00000000000000e-02	0.00000000000000e+00	0.00000000000000e+00	4.58659532671892e+02	4.74970673784648e+00
17	83	39	61	4.77350000000000e+02	1.38230076757951e+03	3.00000000000000e-02	0.00000000000000e+00	0.00000000000000e+00	4.13462342929391e+02	4.78945110739728e+00
18	84	40	62	4.43160000000000e+02	1.38230076757951e+03	3.00000000000000e-02	0.00000000000000e+00	0.00000000000000e+00	3.74253140489432e+02	5.63328213222049e+00
19	85	41	63	4.31480000000000e+02	1.38230076757951e+03	3.00000000000000e-02	0.00000000000000e+00	0.00000000000000e+00	3.64199184173218e+02	5.65067440892670e+00
20	86	42	64	4.03050000000000e+02	1.38230076757951e+03	3.00000000000000e-02	0.00000000000000e+00	0.00000000000000e+00	3.67309824590739e+02	3.09516410415537e+00
21	87	43	65	3.84410000000000e+02	1.38230076757951e+03	3.00000000000000e-02	0.00000000000000e+00	0.00000000000000e+00	3.82914105866835e+02	1.29966465434439e-01
22	88	44	66	3.99190000000000e+02	1.38230076757951e+03	3.00000000000000e-02	0.00000000000000e+00	0.00000000000000e+00	3.99626140374455e+02	-3.63988987993835e-02
23	89	45	67	4.49550000000000e+02	1.38230076757951e+03	3.00000000000000e-02	0.00000000000000e+00	0.00000000000000e+00	4.09576140214429e+02	3.10414206105933e+00
24	90	46	68	4.91480000000000e+02	1.38230076757951e+03	3.00000000000000e-02	0.00000000000000e+00	0.00000000000000e+00	4.33144106681656e+02	4.21169214924850e+00
25	91	47	69	5.02670000000000e+02	1.38230076757951e+03	3.00000000000000e-02	0.00000000000000e+00	0.00000000000000e+00	4.64047732017221e+02	2.66488245051152e+00
26	92	48	70	4.77490000000000e+02	1.38230076757951e+03	3.00000000000000e-02	0.00000000000000e+00	0.00000000000000e+00	4.57593538132268e+02	1.41872995138931e+00
27	93	49	71	5.14890000000000e+02	1.38230076757951e+03	3.00000000000000e-02	0.00000000000000e+00	0.00000000000000e+00	4.66459731867398e+02	3.29271962463507e+00
28	94	50	72	4.66380000000000e+02	1.38230076757951e+03	3.00000000000000e-02	0.00000000000000e+00	0.00000000000000e+00	4.57854406203970e+02	6.14983642606741e-01
29	95	51	73	3.74420000000000e+02	1.38230076757951e+03	3.00000000000000e-02	0.00000000000000e+00	0.00000000000000e+00	4.38968442674896e+02	-5.30164546479313e+00
30	96	52	74	3.62380000000000e+02	1.38230076757951e+03	3.00000000000000e-02	0.00000000000000e+00	0.00000000000000e+00	4.44635439086877e+02	-6.81871077974720e+00
31	97	53	75	4.63950000000000e+02	1.38230076757951e+03	3.00000000000000e-02	0.00000000000000e+00	0.00000000000000e+00	4.63473777119213e+02	3.42326729442159e-02
32	98	54	76	5.65520000000000e+02	1.38230076757951e+03	3.00000000000000e-02	0.00000000000000e+00	0.00000000000000e+00	4.98645044142956e+02	4.19503845374590e+00
33	99	55	77	4.06670000000000e+02	1.38230076757951e+03	3.00000000000000e-02	0.00000000000000e+00	0.00000000000000e+00	5.09935630457017e+02	-7.54274857385135e+00
34	100	56	78	5.01510000000000e+02	1.38230076757951e+03	3.00000000000000e-02	0.00000000000000e+00	0.00000000000000e+00	5.24218800599409e+02	-1.47618693936552e+00
35	101	57	79	5.96350000000000e+02	1.38230076757951e+03	3.00000000000000e-02	0.00000000000000e+00	0.00000000000000e+00	5.35682053001615e+02	3.57623142186680e+00
36	102	58	80	6.17350000000000e+02	1.38230076757951e+03	3.00000000000000e-02	0.00000000000000e+00	0.00000000000000e+00	5.47058006049737e+02	4.02937610824745e+00
37	103	59	81	5.36790000000000e+02	1.38230076757951e+03	3.00000000000000e-02	0.00000000000000e+00	0.00000000000000e+00	5.76309382010124e+02	-2.36792271570735e+00
38	104	60	82	5.45680000000000e+02	1.38230076757951e+03	3.00000000000000e-02	0.00000000000000e+00	0.00000000000000e+00	5.58395976232016e+02	-7.67854072917107e-01
39	105	61	83	5.75500000000000e+02	1.38230076757951e+03	3.00000000000000e-02	0.00000000000000e+00	0.00000000000000e+00	5.58662007180051e+02	9.89819206421228e-01
40	106	62	84	7.35500000000000e+02	1.38230076757951e+03	3.00000000000000e-02	0.00000000000000e+00	0.00000000000000e+00	5.76721679227702e+02	8.10635827543817e+00
41	107	63	85	5.83160000000000e+02	1.38230076757951e+03	3.00000000000000e-02	0.00000000000000e+00	0.00000000000000e+00	5.81625783324046e+02	8.78111429112316e-02
42	108	64	86	5.99360000000000e+02	1.38230076757951e+03	3.00000000000000e-02	0.00000000000000e+00	0.00000000000000e+00	5.70151537350344e+02	1.66534129199010e+00
43	109	65	87	5.14570000000000e+02	1.38230076757951e+03	3.00000000000000e-02	0.00000000000000e+00	0.00000000000000e+00	5.27436289157472e+02	-8.23215958872166e-01
44	110	66	88	5.24190000000000e+02	1.38230076757951e+03	3.00000000000000e-02	0.00000000000000e+00	0.00000000000000e+00	4.97773775152945e+02	1.72361689886541e+00
45	111	67	89	5.03550000000000e+02	1.38230076757951e+03	3.00000000000000e-02	0.00000000000000e+00	0.00000000000000e+00	4.84299971746037e+02	1.29928403415892e+00
46	112	68	90	4.75120000000000e+02	1.38230076757951e+03	3.00000000000000e-02	0.00000000000000e+00	0.00000000000000e+00	4.84938985383255e+02	-6.81855866082692e-01
47	113	69	91	4.66650000000000e+02	1.38230076757951e+03	3.00000000000000e-02	0.00000000000000e+00	0.00000000000000e+00	4.93360115632960e+02	-1.85532843499733e+00
48	114	70	92	5.24340000000000e+02	1.38230076757951e+03	3.00000000000000e-02	0.00000000000000e+00	0.00000000000000e+00	5.46007263139374e+02	-1.34973164139952e+00
49	115	71	93	5.40780000000000e+02	1.38230076757951e+03	3.00000000000000e-02	0.00000000000000e+00	0.00000000000000e+00	5.66058727136161e+02	-1.52284297384660e+00
50	116	72	94	5.83850000000000e+02	1.38230076757951e+03	3.00000000000000e-02	0.00000000000000e+00	0.00000000000000e+00	5.94097981214308e+02	-5.80005225905023e-01
51	117	73	95	6.64340000000000e+02	1.38230076757951e+03	3.00000000000000e-02	0.00000000000000e+00	0.00000000000000e+00	6.29292165930356e+02	1.80661416750381e+00
52	118	74	96	6.77100000000000e+02	1.38230076757951e+03	3.00000000000000e-02	0.00000000000000e+00	0.00000000000000e+00	6.49358515038332e+02	1.39446656164444e+00
53	119	75	97	6.87250000000000e+02	1.38230076757951e+03	3.00000000000000e-02	0.00000000000000e+00	0.00000000000000e+00	6.54448412319115e+02	1.63017882626442e+00
54	120	76	98	6.75070000000000e+02	1.38230076757951e+03	3.00000000000000e-02	0.00000000000000e+00	0.00000000000000e+00	6.43181307121231e+02	1.61299113561520e+00
55	121	77	99	6.74510000000000e+02	1.38230076757951e+03	3.00000000000000e-02	0.00000000000000e+00	0.00000000000000e+00	6.21328639168214e+02	2.73754499242296e+00
56	122	78	100	6.39130000000000e+02	1.38230076757951e+03	3.00000000000000e-02	0.00000000000000e+00	0.00000000000000e+00	5.97887208593224e+02	2.22352515990799e+00
57	123	79	101	6.44400000000000e+02	1.38230076757951e+03	3.00000000000000e-02	0.00000000000000e+00	0.00000000000000e+00	6.07300262178670e+02	1.97654388958094e+00
58	124	80	102	6.47810000000000e+02	1.38230076757951e+03	3.00000000000000e-02	0.00000000000000e+00	0.00000000000000e+00	6.22289780696788e+02	1.33971912894708e+00
59	125	81	103	5.75570000000000e+02	1.38230076757951e+03	3.00000000000000e-02	0.00000000000000e+00	0.00000000000000e+00	5.89498112362978e+02	-7.97022124879347e-01
60	126	82	104	5.82000000000000e+02	1.38230076757951e+03	3.00000000000000e-02	0.00000000000000e+00	0.00000000000000e+00	5.68035351061946e+02	8.09559772062022e-01
61	127	83	105	5.31680000000000e+02	1.38230076757951e+03	3.00000000000000e-02	0.00000000000000e+00	0.00000000000000e+00	5.21588098800314e+02	6.38787032377852e-01
62	128	84	106	4.71360000000000e+02	1.38230076757951e+03	3.00000000000000e-02	0.00000000000000e+00	0.00000000000000e+00	4.75950320593076e+02	-3.23044900281418e-01
63	129	85	107	4.66710000000000e+02	1.38230076757951e+03	3.00000000000000e-02	0.00000000000000e+00	0.00000000000000e+00	4.59109747062469e+02	5.47293264418810e-01
64	130	86	108	4.59310000000000e+02	1.38230076757951e+03	3.00000000000000e-02	0.00000000000000e+00	0.00000000000000e+00	4.65202095492534e+02	-4.24885392520983e-01
65	131	87	109	4.89670000000000e+02	1.38230076757951e+03	3.00000000000000e-02	0.00000000000000e+00	0.00000000000000e+00	4.95174154586779e+02	-3.72594443514244e-01
66	132	88	110	5.07710000000000e+02	1.38230076757951e+03	3.00000000000000e-02	0.00000000000000e+00	0.00000000000000e+00	5.11041940953130e+02	-2.18041487807271e-01
67	133	89	111	5.18700000000000e+02	1.38230076757951e+03	3.00000000000000e-02	0.00000000000000e+00	0.00000000000000e+00	5.09586729959075e+02	5.90853918338515e-01
68	134	90	112	5.42200000000000e+02	1.38230076757951e+03	3.00000000000000e-02	0.00000000000000e+00	0.00000000000000e+00	4.96062046635674e+02	2.96446413799017e+00
69	135	91	113	5.06730000000000e+02	1.38230076757951e+03	3.00000000000000e-02	0.00000000000000e+00	0.00000000000000e+00	4.97740285985111e+02	5.96663015253422e-01
70	136	92	114	5.00410000000000e+02	1.38230076757951e+03	3.00000000000000e-02	0.00000000000000e+00	0.00000000000000e+00	4.92999479036767e+02	4.97321502809663e-01
71	137	93	115	5.12080000000000e+02	1.38230076757951e+03	3.00000000000000e-02	0.00000000000000e+00	0.00000000000000e+00	4.70366491775123e+02	2.83229007526025e+00
72	138	94	116	5.11950000000000e+02	1.38230076757951e+03	3.00000000000000e-02	0.00000000000000e+00	0.00000000000000e+00	4.49486015961765e+02	4.33740736001678e+00
73	139	95	117	4.76990000000000e+02	1.38230076757951e+03	3.00000000000000e-02	0.00000000000000e+00	0.00000000000000e+00	4.30303949457383e+02	3.43345693748252e+00
74	140	96	118	5.01180000000000e+02	1.38230076757951e+03	3.00000000000000e-02	0.00000000000000e+00	0.00000000000000e+00	3.95929331775852e+02	7.85765259259608e+00
75	141	97	119	5.05580000000000e+02	1.38230076757951e+03	3.00000000000000e-02	0.00000000000000e+00	0.00000000000000e+00	3.61074434290859e+02	1.12207386279352e+01
76	142	98	120	4.14880000000000e+02	1.38230076757951e+03	3.00000000000000e-02	0.00000000000000e+00	0.00000000000000e+00	3.39034983377641e+02	6.72953413099912e+00
77	143	99	121	3.51460000000000e+02	1.38230076757951e+03	3.00000000000000e-02	0.00000000000000e+00	0.00000000000000e+00	3.20081337533183e+02	3.11735878266468e+00
78	144	100	122	3.96020000000000e+02	1.38230076757951e+03	3.00000000000000e-02	0.00000000000000e+00	0.00000000000000e+00	3.22095561551112e+02	6.88721461702597e+00
79	145	101	123	3.62210000000000e+02	1.38230076757951e+03	3.00000000000000e-02	0.00000000000000e+00	0.00000000000000e+00	3.17779612719342e+02	4.36220177904385e+00
80	146	102	124	3.53870000000000e+02	1.38230076757951e+03	3.00000000000000e-02	0.00000000000000e+00	0.00000000000000e+00	3.15278763720052e+02	3.84908007943240e+00
81	147	103	125	3.08180000000000e+02	1.38230076757951e+03	3.00000000000000e-02	0.00000000000000e+00	0.00000000000000e+00	3.19213980460270e+02	-1.17258783990840e+00
82	148	104	126	2.97930000000000e+02	1.38230076757951e+03	3.00000000000000e-02	0.00000000000000e+00	0.00000000000000e+00	2.90698307290609e+02	8.19085830307357e-01
83	149	105	127	2.18510000000000e+02	1.38230076757951e+03	3.00000000000000e-02	0.00000000000000e+00	0.00000000000000e+00	2.71284875791363e+02	-7.21125636189865e+00
84	150	106	128	3.08120000000000e+02	1.38230076757951e+03	3.00000000000000e-02	0.00000000000000e+00	0.00000000000000e+00	2.71768175837083e+02	4.18466364383399e+00
85	151	107	129	2.77990000000000e+02	1.38230076757951e+03	3.00000000000000e-02	0.00000000000000e+00	0.00000000000000e+00	2.76283411373945e+02	2.05265005068108e-01
86	152	108	130	3.04620000000000e+02	1.38230076757951e+03	3.00000000000000e-02	0.00000000000000e+00	0.00000000000000e+00	2.68420655785981e+02	4.21699123622868e+00
87	153	109	131	2.52770000000000e+02	1.38230076757951e+03	3.00000000000000e-02	0.00000000000000e+00	0.00000000000000e+00	2.30426936825275e+02	3.08487163508759e+00
88	154	110	132	2.29920000000000e+02	1.38230076757951e+03	3.00000000000000e-02	0.00000000000000e+00	0.00000000000000e+00	2.10132276733200e+02	2.99980669014908e+00
89	155	111	133	2.38320000000000e+02	1.38230076757951e+03	3.00000000000000e-02	0.00000000000000e+00	0.00000000000000e+00	2.05307613388779e+02	4.97016336184905e+00
90	156	112	134	2.65590000000000e+02	1.38230076757951e+03	3.00000000000000e-02	0.00000000000000e+00	0.00000000000000e+00	2.21060303023171e+02	6.11727458785947e+00
91	157	113	135	2.63060000000000e+02	1.38230076757951e+03	3.00000000000000e-02	0.00000000000000e+00	0.00000000000000e+00	2.20003578694470e+02	5.95794433425099e+00
92	158	114	136	2.75460000000000e+02	1.38230076757951e+03	3.00000000000000e-02	0.00000000000000e+00	0.00000000000000e+00	2.21082234384910e+02	7.33025646315877e+00
93	159	115	137	2.67130000000000e+02	1.38230076757951e+03	3.00000000000000e-02	0.00000000000000e+00	0.00000000000000e+00	2.23153935682393e+02	5.99578678121867e+00
94	160	116	138	2.66480000000000e+02	1.38230076757951e+03	3.00000000000000e-02	0.00000000000000e+00	0.00000000000000e+00	2.11873977157719e+02	7.64358477788507e+00
95	161	117	139	2.52310000000000e+02	1.38230076757951e+03	3.00000000000000e-02	0.00000000000000e+00	0.00000000000000e+00	1.98643393592839e+02	7.97157550086632e+00
96	162	118	140	3.53860000000000e+02	1.38230076757951e+03	3.00000000000000e-02	0.00000000000000e+00	0.00000000000000e+00	2.09488447006028e+02	1.74744254133063e+01
97	163	119	141	2.93340000000000e+02	1.38230076757951e+03	3.00000000000000e-02	0.00000000000000e+00	0.00000000000000e+00	2.12945312152935e+02	1.06765654510309e+01
98	164	120	142	2.32810000000000e+02	1.38230076757951e+03	3.00000000000000e-02	0.00000000000000e+00	0.00000000000000e+00	2.05977327402299e+02	4.08188562275562e+00
99	165	121	143	1.79290000000000e+02	1.38230076757951e+03	3.00000000000000e-02	0.00000000000000e+00	0.00000000000000e+00	1.93628309184462e+02	-2.56452608905479e+00
100	166	122	144	1.90360000000000e+02	1.38230076757951e+03	3.00000000000000e-02	0.00000000000000e+00	0.00000000000000e+00	1.87182796443076e+02	5.61045192498740e-01
101	167	123	145	2.01440000000000e+02	1.38230076757951e+03	3.00000000000000e-02	0.00000000000000e+00	0.00000000000000e+00	1.79387921387999e+02	3.86469835880187e+00
102	168	124	146	1.61310000000000e+02	1.38230076757951e+03	3.00000000000000e-02	0.00000000000000e+00	0.00000000000000e+00	1.73992446809786e+02	-2.52279698811554e+00
103	169	125	147	2.15000000000000e+02	1.38230076757951e+03	3.00000000000000e-02	0.00000000000000e+00	0.00000000000000e+00	1.73536655063838e+02	7.14163942251004e+00
104	170	126	148	2.01590000000000e+02	1.38230076757951e+03	3.00000000000000e-02	0.00000000000000e+00	0.00000000000000e+00	1.83874946829034e+02	3.06600140132873e+00
105	171	127	149	2.21420000000000e+02	1.38230076757951e+03	3.00000000000000e-02	0.00000000000000e+00	0.00000000000000e+00	1.91856845768278e+02	4.77706171515271e+00
106	172	128	150	1.94910000000000e+02	1.38230076757951e+03	3.00000000000000e-02	0.00000000000000e+00	0.00000000000000e+00	1.94774103518356e+02	2.32490002245160e-02
107	173	129	151	1.84050000000000e+02	1.38230076757951e+03	3.00000000000000e-02	0.00000000000000e+00	0.00000000000000e+00	1.97148136896922e+02	-2.29159834244976e+00
108	174	130	152	1.77500000000000e+02	1.38230076757951e+03	3.00000000000000e-02	0.00000000000000e+00	0.00000000000000e+00	1.98954207277497e+02	-3.80346917150855e+00
109	175	131	153	1.56760000000000e+02	1.38230076757951e+03	3.00000000000000e-02	0.00000000000000e+00	0.00000000000000e+00	2.06708519838161e+02	-9.21979036273569e+00
110	176	132	154	4.08480000000000e+02	1.38230076757951e+03	3.00000000000000e-02	0.00000000000000e+00	0.00000000000000e+00	2.05173822895275e+02	2.29528472356873e+01
1	70	24	47	5.52820000000000e+02	1.44513262065130e+03	3.00000000000000e-02	0.00000000000000e+00	0.00000000000000e+00	6.22521359092430e+02	-3.95818294320745e+00
3	71	25	48	6.97170000000000e+02	1.44513262065130e+03	3.00000000000000e-02	0.00000000000000e+00	0.00000000000000e+00	6.60380027014653e+02	1.80712718803386e+00
4	72	26	49	7.15010000000000e+02	1.44513262065130e+03	3.00000000000000e-02	0.00000000000000e+00	0.00000000000000e+00	6.84754178473956e+02	1.44122060988551e+00
2	73	27	50	7.18750000000000e+02	1.44513262065130e+03	3.00000000000000e-02	0.00000000000000e+00	0.00000000000000e+00	6.89376519124123e+02	1.39086661603400e+00
5	74	28	51	7.50720000000000e+02	1.44513262065130e+03	3.00000000000000e-02	0.00000000000000e+00	0.00000000000000e+00	7.30152248724407e+02	9.25989124392116e-01
6	75	29	52	7.38680000000000e+02	1.44513262065130e+03	3.00000000000000e-02	0.00000000000000e+00	0.00000000000000e+00	7.33085131021394e+02	2.53432462906892e-01
7	76	30	53	7.54220000000000e+02	1.44513262065130e+03	3.00000000000000e-02	0.00000000000000e+00	0.00000000000000e+00	6.86864362555501e+02	3.11824214416729e+00
8	77	31	54	6.58080000000000e+02	1.44513262065130e+03	3.00000000000000e-02	0.00000000000000e+00	0.00000000000000e+00	6.08657211700203e+02	2.60237553382874e+00
9	78	32	55	5.86240000000000e+02	1.44513262065130e+03	3.00000000000000e-02	0.00000000000000e+00	0.00000000000000e+00	5.27199347409767e+02	3.53835055666822e+00
10	79	33	56	5.79240000000000e+02	1.44513262065130e+03	3.00000000000000e-02	0.00000000000000e+00	0.00000000000000e+00	5.18090779986897e+02	3.71888072052051e+00
11	80	34	57	5.64160000000000e+02	1.44513262065130e+03	3.00000000000000e-02	0.00000000000000e+00	0.00000000000000e+00	5.08787291550203e+02	3.44359549315530e+00
12	81	35	58	5.17320000000000e+02	1.44513262065130e+03	3.00000000000000e-02	0.00000000000000e+00	0.00000000000000e+00	4.85072011409131e+02	2.14547604996570e+00
13	82	36	59	4.95030000000000e+02	1.44513262065130e+03	3.00000000000000e-02	0.00000000000000e+00	0.00000000000000e+00	4.35068581609521e+02	4.30382297528436e+00
14	83	37	60	4.74640000000000e+02	1.44513262065130e+03	3.00000000000000e-02	0.00000000000000e+00	0.00000000000000e+00	4.08405776764299e+02	5.00984636304690e+00
15	84	38	61	4.40240000000000e+02	1.44513262065130e+03	3.00000000000000e-02	0.00000000000000e+00	0.00000000000000e+00	3.77842044799612e+02	5.09479317882630e+00
16	85	39	62	4.27710000000000e+02	1.44513262065130e+03	3.00000000000000e-02	0.00000000000000e+00	0.00000000000000e+00	3.59487153844080e+02	5.79223175691640e+00
17	86	40	63	4.09820000000000e+02	1.44513262065130e+03	3.00000000000000e-02	0.00000000000000e+00	0.00000000000000e+00	3.62987958218738e+02	4.04494593817351e+00
18	87	41	64	4.11430000000000e+02	1.44513262065130e+03	3.00000000000000e-02	0.00000000000000e+00	0.00000000000000e+00	3.70115178687294e+02	3.52748817816687e+00
19	88	42	65	3.83770000000000e+02	1.44513262065130e+03	3.00000000000000e-02	0.00000000000000e+00	0.00000000000000e+00	3.80195928295891e+02	3.11889806150371e-01
20	89	43	66	4.24850000000000e+02	1.44513262065130e+03	3.00000000000000e-02	0.00000000000000e+00	0.00000000000000e+00	3.86860193509592e+02	3.12242649233285e+00
21	90	44	67	3.73260000000000e+02	1.44513262065130e+03	3.00000000000000e-02	0.00000000000000e+00	0.00000000000000e+00	3.91979028063752e+02	-1.63110369223144e+00
22	91	45	68	4.68140000000000e+02	1.44513262065130e+03	3.00000000000000e-02	0.00000000000000e+00	0.00000000000000e+00	4.05169291622592e+02	4.81541375693849e+00
23	92	46	69	4.68490000000000e+02	1.44513262065130e+03	3.00000000000000e-02	0.00000000000000e+00	0.00000000000000e+00	4.15546690337771e+02	3.99732591001583e+00
24	93	47	70	4.76360000000000e+02	1.44513262065130e+03	3.00000000000000e-02	0.00000000000000e+00	0.00000000000000e+00	4.31559508582313e+02	3.29228196393444e+00
25	94	48	71	4.09030000000000e+02	1.44513262065130e+03	3.00000000000000e-02	0.00000000000000e+00	0.00000000000000e+00	4.29871923511752e+02	-1.65662696788168e+00
26	95	49	72	4.19860000000000e+02	1.44513262065130e+03	3.00000000000000e-02	0.00000000000000e+00	0.00000000000000e+00	4.24964294320590e+02	-4.02794321853417e-01
27	96	50	73	4.25080000000000e+02	1.44513262065130e+03	3.00000000000000e-02	0.00000000000000e+00	0.00000000000000e+00	4.32634047893233e+02	-5.87160972406083e-01
28	97	51	74	3.37350000000000e+02	1.44513262065130e+03	3.00000000000000e-02	0.00000000000000e+00	0.00000000000000e+00	4.06639196764773e+02	-6.22684435883810e+00
29	98	52	75	4.08110000000000e+02	1.44513262065130e+03	3.00000000000000e-02	0.00000000000000e+00	0.00000000000000e+00	3.95278797099669e+02	1.06484715122962e+00
30	99	53	76	4.44070000000000e+02	1.44513262065130e+03	3.00000000000000e-02	0.00000000000000e+00	0.00000000000000e+00	4.11500172741148e+02	2.53909225873687e+00
31	100	54	77	5.10510000000000e+02	1.44513262065130e+03	3.00000000000000e-02	0.00000000000000e+00	0.00000000000000e+00	4.61953064998782e+02	3.33156436807167e+00
32	101	55	78	7.22170000000000e+02	1.44513262065130e+03	3.00000000000000e-02	0.00000000000000e+00	0.00000000000000e+00	5.15209675474256e+02	1.12562204530546e+01
33	102	56	79	5.10510000000000e+02	1.44513262065130e+03	3.00000000000000e-02	0.00000000000000e+00	0.00000000000000e+00	5.12120744427031e+02	-1.05006671460680e-01
34	103	57	80	5.39000000000000e+02	1.44513262065130e+03	3.00000000000000e-02	0.00000000000000e+00	0.00000000000000e+00	5.24493434183295e+02	9.09422046355542e-01
35	104	58	81	5.08440000000000e+02	1.44513262065130e+03	3.00000000000000e-02	0.00000000000000e+00	0.00000000000000e+00	5.36743685991483e+02	-1.80578196188623e+00
36	105	59	82	5.78000000000000e+02	1.44513262065130e+03	3.00000000000000e-02	0.00000000000000e+00	0.00000000000000e+00	5.64376418938016e+02	7.95081010946704e-01
37	106	60	83	6.02440000000000e+02	1.44513262065130e+03	3.00000000000000e-02	0.00000000000000e+00	0.00000000000000e+00	5.70116977607752e+02	1.83821705657804e+00
38	107	61	84	6.02840000000000e+02	1.44513262065130e+03	3.00000000000000e-02	0.00000000000000e+00	0.00000000000000e+00	5.80427903762082e+02	1.26287416396229e+00
39	108	62	85	7.01210000000000e+02	1.44513262065130e+03	3.00000000000000e-02	0.00000000000000e+00	0.00000000000000e+00	5.87011926125099e+02	5.92540925038495e+00
40	109	63	86	5.42550000000000e+02	1.44513262065130e+03	3.00000000000000e-02	0.00000000000000e+00	0.00000000000000e+00	5.51199512846055e+02	-5.27219627556708e-01
41	110	64	87	5.13550000000000e+02	1.44513262065130e+03	3.00000000000000e-02	0.00000000000000e+00	0.00000000000000e+00	5.20098860262793e+02	-4.22383792797051e-01
42	111	65	88	5.19900000000000e+02	1.44513262065130e+03	3.00000000000000e-02	0.00000000000000e+00	0.00000000000000e+00	4.93041091480924e+02	1.76813216534999e+00
43	112	66	89	4.96370000000000e+02	1.44513262065130e+03	3.00000000000000e-02	0.00000000000000e+00	0.00000000000000e+00	4.85626313759813e+02	7.29406331868443e-01
44	113	67	90	3.86160000000000e+02	1.44513262065130e+03	3.00000000000000e-02	0.00000000000000e+00	0.00000000000000e+00	4.82323435722050e+02	-7.41210420428032e+00
45	114	68	91	4.25530000000000e+02	1.44513262065130e+03	3.00000000000000e-02	0.00000000000000e+00	0.00000000000000e+00	4.82338547218640e+02	-4.17702656009471e+00
46	115	69	92	4.64910000000000e+02	1.44513262065130e+03	3.00000000000000e-02	0.00000000000000e+00	0.00000000000000e+00	4.87483714267817e+02	-1.58043482608052e+00
47	116	70	93	4.58730000000000e+02	1.44513262065130e+03	3.00000000000000e-02	0.00000000000000e+00	0.00000000000000e+00	5.01114954485868e+02	-2.94579077162158e+00
48	117	71	94	5.28300000000000e+02	1.44513262065130e+03	3.00000000000000e-02	0.00000000000000e+00	0.00000000000000e+00	5.47023954256437e+02	-1.16094297840554e+00
49	118	72	95	5.67190000000000e+02	1.44513262065130e+03	3.00000000000000e-02	0.00000000000000e+00	0.00000000000000e+00	5.78954783254445e+02	-6.84334512483116e-01
50	119	73	96	6.09600000000000e+02	1.44513262065130e+03	3.00000000000000e-02	0.00000000000000e+00	0.00000000000000e+00	6.11527224989805e+02	-1.05215713836297e-01
51	120	74	97	6.56210000000000e+02	1.44513262065130e+03	3.00000000000000e-02	0.00000000000000e+00	0.00000000000000e+00	6.51939993129781e+02	2.17611235102222e-01
52	121	75	98	7.09190000000000e+02	1.44513262065130e+03	3.00000000000000e-02	0.00000000000000e+00	0.00000000000000e+00	6.59598047852680e+02	2.41642808724759e+00
53	122	76	99	7.09530000000000e+02	1.44513262065130e+03	3.00000000000000e-02	0.00000000000000e+00	0.00000000000000e+00	6.60260756293345e+02	2.39893122388359e+00
54	123	77	100	6.72390000000000e+02	1.44513262065130e+03	3.00000000000000e-02	0.00000000000000e+00	0.00000000000000e+00	6.25084952730623e+02	2.43169881518034e+00
55	124	78	101	6.10790000000000e+02	1.44513262065130e+03	3.00000000000000e-02	0.00000000000000e+00	0.00000000000000e+00	5.92249565936480e+02	1.02750303688485e+00
56	125	79	102	5.28300000000000e+02	1.44513262065130e+03	3.00000000000000e-02	0.00000000000000e+00	0.00000000000000e+00	6.11703311467262e+02	-4.88610252038380e+00
57	126	80	103	6.32710000000000e+02	1.44513262065130e+03	3.00000000000000e-02	0.00000000000000e+00	0.00000000000000e+00	6.18291522407275e+02	7.68403865602204e-01
58	127	81	104	6.10370000000000e+02	1.44513262065130e+03	3.00000000000000e-02	0.00000000000000e+00	0.00000000000000e+00	6.13248464988671e+02	-1.56828313222649e-01
59	128	82	105	5.89730000000000e+02	1.44513262065130e+03	3.00000000000000e-02	0.00000000000000e+00	0.00000000000000e+00	5.69745858836350e+02	1.14914684419235e+00
60	129	83	106	5.49340000000000e+02	1.44513262065130e+03	3.00000000000000e-02	0.00000000000000e+00	0.00000000000000e+00	5.34293264904782e+02	9.25756140728910e-01
61	130	84	107	4.85260000000000e+02	1.44513262065130e+03	3.00000000000000e-02	0.00000000000000e+00	0.00000000000000e+00	4.90485412713598e+02	-3.57023638888639e-01
62	131	85	108	4.83470000000000e+02	1.44513262065130e+03	3.00000000000000e-02	0.00000000000000e+00	0.00000000000000e+00	4.67105867471554e+02	1.14777788267529e+00
63	132	86	109	4.71340000000000e+02	1.44513262065130e+03	3.00000000000000e-02	0.00000000000000e+00	0.00000000000000e+00	4.85577552716908e+02	-9.91977028187119e-01
64	133	87	110	4.92860000000000e+02	1.44513262065130e+03	3.00000000000000e-02	0.00000000000000e+00	0.00000000000000e+00	4.95635050785762e+02	-1.87157104721466e-01
65	134	88	111	4.96790000000000e+02	1.44513262065130e+03	3.00000000000000e-02	0.00000000000000e+00	0.00000000000000e+00	5.04099271374862e+02	-4.86860469910747e-01
66	135	89	112	5.05790000000000e+02	1.44513262065130e+03	3.00000000000000e-02	0.00000000000000e+00	0.00000000000000e+00	5.01354750911524e+02	2.93587573928011e-01
67	136	90	113	5.29110000000000e+02	1.44513262065130e+03	3.00000000000000e-02	0.00000000000000e+00	0.00000000000000e+00	4.94554771121588e+02	2.25128147370780e+00
68	137	91	114	4.98390000000000e+02	1.44513262065130e+03	3.00000000000000e-02	0.00000000000000e+00	0.00000000000000e+00	4.81265081162677e+02	1.16548934915413e+00
69	138	92	115	5.03330000000000e+02	1.44513262065130e+03	3.00000000000000e-02	0.00000000000000e+00	0.00000000000000e+00	4.72783195361144e+02	2.08696986495092e+00
70	139	93	116	4.98510000000000e+02	1.44513262065130e+03	3.00000000000000e-02	0.00000000000000e+00	0.00000000000000e+00	4.49631782203501e+02	3.43982211152539e+00
71	140	94	117	5.01040000000000e+02	1.44513262065130e+03	3.00000000000000e-02	0.00000000000000e+00	0.00000000000000e+00	4.31219120647525e+02	5.00231922436306e+00
72	141	95	118	5.99480000000000e+02	1.44513262065130e+03	3.00000000000000e-02	0.00000000000000e+00	0.00000000000000e+00	4.15310816585536e+02	1.22345139081868e+01
73	142	96	119	4.80160000000000e+02	1.44513262065130e+03	3.00000000000000e-02	0.00000000000000e+00	0.00000000000000e+00	3.88342593266545e+02	7.07438197743621e+00
74	143	97	120	4.25740000000000e+02	1.44513262065130e+03	3.00000000000000e-02	0.00000000000000e+00	0.00000000000000e+00	3.58393889266209e+02	5.73987334625302e+00
75	144	98	121	4.02480000000000e+02	1.44513262065130e+03	3.00000000000000e-02	0.00000000000000e+00	0.00000000000000e+00	3.42810962849569e+02	5.34887465542789e+00
76	145	99	122	3.59020000000000e+02	1.44513262065130e+03	3.00000000000000e-02	0.00000000000000e+00	0.00000000000000e+00	3.21693627864248e+02	3.65928236299868e+00
77	146	100	123	3.57140000000000e+02	1.44513262065130e+03	3.00000000000000e-02	0.00000000000000e+00	0.00000000000000e+00	3.25831112011373e+02	3.05828919857349e+00
78	147	101	124	3.73830000000000e+02	1.44513262065130e+03	3.00000000000000e-02	0.00000000000000e+00	0.00000000000000e+00	3.30911592002863e+02	4.06499675228744e+00
79	148	102	125	2.81440000000000e+02	1.44513262065130e+03	3.00000000000000e-02	0.00000000000000e+00	0.00000000000000e+00	3.20501508379201e+02	-4.33225672305877e+00
80	149	103	126	3.07520000000000e+02	1.44513262065130e+03	3.00000000000000e-02	0.00000000000000e+00	0.00000000000000e+00	3.10554091813711e+02	-3.27265638627801e-01
81	150	104	127	3.33600000000000e+02	1.44513262065130e+03	3.00000000000000e-02	0.00000000000000e+00	0.00000000000000e+00	2.82673414760282e+02	5.52168168910197e+00
82	151	105	128	2.60600000000000e+02	1.44513262065130e+03	3.00000000000000e-02	0.00000000000000e+00	0.00000000000000e+00	2.68592992315924e+02	-1.00701764642791e+00
83	152	106	129	3.16220000000000e+02	1.44513262065130e+03	3.00000000000000e-02	0.00000000000000e+00	0.00000000000000e+00	2.69121780220080e+02	5.37580607172317e+00
84	153	107	130	2.89270000000000e+02	1.44513262065130e+03	3.00000000000000e-02	0.00000000000000e+00	0.00000000000000e+00	2.76086415797385e+02	1.55488635319072e+00
85	154	108	131	3.05090000000000e+02	1.44513262065130e+03	3.00000000000000e-02	0.00000000000000e+00	0.00000000000000e+00	2.81061449023424e+02	2.73444966070124e+00
86	155	109	132	2.64940000000000e+02	1.44513262065130e+03	3.00000000000000e-02	0.00000000000000e+00	0.00000000000000e+00	2.52573836711220e+02	1.59332522230559e+00
87	156	110	133	2.81080000000000e+02	1.44513262065130e+03	3.00000000000000e-02	0.00000000000000e+00	0.00000000000000e+00	2.41578349913541e+02	5.04818251878933e+00
88	157	111	134	2.55040000000000e+02	1.44513262065130e+03	3.00000000000000e-02	0.00000000000000e+00	0.00000000000000e+00	2.31386219747485e+02	3.24440447561975e+00
89	158	112	135	2.63270000000000e+02	1.44513262065130e+03	3.00000000000000e-02	0.00000000000000e+00	0.00000000000000e+00	2.27767000399240e+02	4.82856477270470e+00
90	159	113	136	2.83550000000000e+02	1.44513262065130e+03	3.00000000000000e-02	0.00000000000000e+00	0.00000000000000e+00	2.13364765263754e+02	9.47950868178786e+00
91	160	114	137	2.46010000000000e+02	1.44513262065130e+03	3.00000000000000e-02	0.00000000000000e+00	0.00000000000000e+00	2.07698708534278e+02	5.64278908626405e+00
92	161	115	138	2.08760000000000e+02	1.44513262065130e+03	3.00000000000000e-02	0.00000000000000e+00	0.00000000000000e+00	1.83946262320837e+02	4.21805348086801e+00
93	162	116	139	1.84340000000000e+02	1.44513262065130e+03	3.00000000000000e-02	0.00000000000000e+00	0.00000000000000e+00	1.86997570717237e+02	-4.77124912925723e-01
94	163	117	140	2.68530000000000e+02	1.44513262065130e+03	3.00000000000000e-02	0.00000000000000e+00	0.00000000000000e+00	1.93545465293906e+02	1.09150063973780e+01
95	164	118	141	2.80410000000000e+02	1.44513262065130e+03	3.00000000000000e-02	0.00000000000000e+00	0.00000000000000e+00	1.90212089125236e+02	1.29371036567192e+01
96	165	119	142	2.35740000000000e+02	1.44513262065130e+03	3.00000000000000e-02	0.00000000000000e+00	0.00000000000000e+00	1.83209356465776e+02	8.40333264837018e+00
97	166	120	143	2.33020000000000e+02	1.44513262065130e+03	3.00000000000000e-02	0.00000000000000e+00	0.00000000000000e+00	1.83978566104205e+02	7.87683415107449e+00
98	167	121	144	1.70450000000000e+02	1.44513262065130e+03	3.00000000000000e-02	0.00000000000000e+00	0.00000000000000e+00	1.78305924421458e+02	-1.50195843329266e+00
99	168	122	145	1.87060000000000e+02	1.44513262065130e+03	3.00000000000000e-02	0.00000000000000e+00	0.00000000000000e+00	1.77530890260676e+02	1.74282658649073e+00
100	169	123	146	2.03670000000000e+02	1.44513262065130e+03	3.00000000000000e-02	0.00000000000000e+00	0.00000000000000e+00	1.74439962882124e+02	5.16401355967258e+00
101	170	124	147	1.69710000000000e+02	1.44513262065130e+03	3.00000000000000e-02	0.00000000000000e+00	0.00000000000000e+00	1.71163470132243e+02	-2.84265584030763e-01
102	171	125	148	1.95830000000000e+02	1.44513262065130e+03	3.00000000000000e-02	0.00000000000000e+00	0.00000000000000e+00	1.72143689783851e+02	4.29724673841205e+00
103	172	126	149	2.58010000000000e+02	1.44513262065130e+03	3.00000000000000e-02	0.00000000000000e+00	0.00000000000000e+00	1.77065737116548e+02	1.25492428032786e+01
104	173	127	150	1.77760000000000e+02	1.44513262065130e+03	3.00000000000000e-02	0.00000000000000e+00	0.00000000000000e+00	1.90389474805573e+02	-2.28791718518290e+00
105	174	128	151	1.81670000000000e+02	1.44513262065130e+03	3.00000000000000e-02	0.00000000000000e+00	0.00000000000000e+00	1.99021468720857e+02	-3.04069491580880e+00
106	175	129	152	1.73840000000000e+02	1.44513262065130e+03	3.00000000000000e-02	0.00000000000000e+00	0.00000000000000e+00	2.01671908460037e+02	-4.95022751468612e+00
107	176	130	153	4.47820000000000e+02	1.44513262065130e+03	3.00000000000000e-02	0.00000000000000e+00	0.00000000000000e+00	2.03193389137994e+02	2.63411061519272e+01
1	73	25	49	6.09390000000000e+02	1.50796447372310e+03	3.00000000000000e-02	0.00000000000000e+00	0.00000000000000e+00	6.91684695809049e+02	-4.22239176843826e+00
3	74	26	50	7.70960000000000e+02	1.50796447372310e+03	3.00000000000000e-02	0.00000000000000e+00	0.00000000000000e+00	6.91253853139883e+02	3.63764548531481e+00
4	75	27	51	7.04750000000000e+02	1.50796447372310e+03	3.00000000000000e-02	0.00000000000000e+00	0.00000000000000e+00	6.88453370344237e+02	7.79851352056671e-01
2	76	28	52	7.62520000000000e+02	1.50796447372310e+03	3.00000000000000e-02	0.00000000000000e+00	0.00000000000000e+00	6.91049899337413e+02	3.28055677539639e+00
5	77	29	53	7.60060000000000e+02	1.50796447372310e+03	3.00000000000000e-02	0.00000000000000e+00	0.00000000000000e+00	6.85043135342480e+02	3.46385233167036e+00
6	78	30	54	6.61370000000000e+02	1.50796447372310e+03	3.00000000000000e-02	0.00000000000000e+00	0.00000000000000e+00	6.28557452849956e+02	1.69620015622147e+00
7	79	31	55	6.13700000000000e+02	1.50796447372310e+03	3.00000000000000e-02	0.00000000000000e+00	0.00000000000000e+00	5.82095324071322e+02	1.76239960037078e+00
8	80	32	56	7.32090000000000e+02	1.50796447372310e+03	3.00000000000000e-02	0.00000000000000e+00	0.00000000000000e+00	5.34341455760696e+02	1.04956130782635e+01
9	81	33	57	4.92150000000000e+02	1.50796447372310e+03	3.00000000000000e-02	0.00000000000000e+00	0.00000000000000e+00	4.83721657044716e+02	5.75796517871267e-01
10	82	34	58	5.06470000000000e+02	1.50796447372310e+03	3.00000000000000e-02	0.00000000000000e+00	0.00000000000000e+00	4.39959160759139e+02	4.69277285922036e+00
11	83	35	59	4.62930000000000e+02	1.50796447372310e+03	3.00000000000000e-02	0.00000000000000e+00	0.00000000000000e+00	3.99839191387944e+02	4.88378033352337e+00
12	84	36	60	4.54950000000000e+02	1.50796447372310e+03	3.00000000000000e-02	0.00000000000000e+00	0.00000000000000e+00	3.80672626402232e+02	5.94159217765042e+00
13	85	37	61	4.08350000000000e+02	1.50796447372310e+03	3.00000000000000e-02	0.00000000000000e+00	0.00000000000000e+00	3.58792521019328e+02	4.31267880882101e+00
14	86	38	62	4.14650000000000e+02	1.50796447372310e+03	3.00000000000000e-02	0.00000000000000e+00	0.00000000000000e+00	3.57028530566817e+02	4.98730315855678e+00
15	87	39	63	4.09420000000000e+02	1.50796447372310e+03	3.00000000000000e-02	0.00000000000000e+00	0.00000000000000e+00	3.67986086600902e+02	3.55654649026714e+00
16	88	40	64	3.98330000000000e+02	1.50796447372310e+03	3.00000000000000e-02	0.00000000000000e+00	0.00000000000000e+00	3.74850799110947e+02	2.02509098998673e+00
17	89	41	65	4.31800000000000e+02	1.50796447372310e+03	3.00000000000000e-02	0.00000000000000e+00	0.00000000000000e+00	3.84341716081493e+02	3.88101585258550e+00
18	90	42	66	3.61780000000000e+02	1.50796447372310e+03	3.00000000000000e-02	0.00000000000000e+00	0.00000000000000e+00	3.85375795873690e+02	-2.10608863745104e+00
19	91	43	67	4.38750000000000e+02	1.50796447372310e+03	3.00000000000000e-02	0.00000000000000e+00	0.00000000000000e+00	3.89865677309839e+02	3.93758373786174e+00
20	92	44	68	4.49710000000000e+02	1.50796447372310e+03	3.00000000000000e-02	0.00000000000000e+00	0.00000000000000e+00	3.94310876215364e+02	4.38211021561346e+00
21	93	45	69	4.20760000000000e+02	1.50796447372310e+03	3.00000000000000e-02	0.00000000000000e+00	0.00000000000000e+00	3.87424432780464e+02	2.75139274248222e+00
22	94	46	70	4.55310000000000e+02	1.50796447372310e+03	3.00000000000000e-02	0.00000000000000e+00	0.00000000000000e+00	3.96099795390621e+02	4.64374391907440e+00
23	95	47	71	3.67150000000000e+02	1.50796447372310e+03	3.00000000000000e-02	0.00000000000000e+00	0.00000000000000e+00	4.10764115276806e+02	-3.74162123571876e+00
24	96	48	72	2.78990000000000e+02	1.50796447372310e+03	3.00000000000000e-02	0.00000000000000e+00	0.00000000000000e+00	3.87233805176582e+02	-1.09284239821334e+01
25	97	49	73	3.52430000000000e+02	1.50796447372310e+03	3.00000000000000e-02	0.00000000000000e+00	0.00000000000000e+00	3.73555483860199e+02	-1.94048412444407e+00
26	98	50	74	3.89440000000000e+02	1.50796447372310e+03	3.00000000000000e-02	0.00000000000000e+00	0.00000000000000e+00	3.77317962371592e+02	1.05405254327327e+00
27	99	51	75	4.60550000000000e+02	1.50796447372310e+03	3.00000000000000e-02	0.00000000000000e+00	0.00000000000000e+00	3.80049115887626e+02	6.40403102434396e+00
28	100	52	76	4.58740000000000e+02	1.50796447372310e+03	3.00000000000000e-02	0.00000000000000e+00	0.00000000000000e+00	3.81876148064073e+02	6.11290881525441e+00
29	101	53	77	4.32790000000000e+02	1.50796447372310e+03	3.00000000000000e-02	0.00000000000000e+00	0.00000000000000e+00	3.93235162286609e+02	3.19482705574468e+00
30	102	54	78	4.92050000000000e+02	1.50796447372310e+03	3.00000000000000e-02	0.00000000000000e+00	0.00000000000000e+00	4.30915487233362e+02	4.42227839246365e+00
31	103	55	79	6.49730000000000e+02	1.50796447372310e+03	3.00000000000000e-02	0.00000000000000e+00	0.00000000000000e+00	4.63192774372089e+02	1.12804521736836e+01
32	104	56	80	8.07400000000000e+02	1.50796447372310e+03	3.00000000000000e-02	0.00000000000000e+00	0.00000000000000e+00	4.84927566049411e+02	1.69939892328888e+01
33	105	57	81	5.94800000000000e+02	1.50796447372310e+03	3.00000000000000e-02	0.00000000000000e+00	0.00000000000000e+00	5.09641485038618e+02	5.15059021932561e+00
34	106	58	82	5.96420000000000e+02	1.50796447372310e+03	3.00000000000000e-02	0.00000000000000e+00	0.00000000000000e+00	5.33799828433741e+02	3.69747337680080e+00
35	107	59	83	5.49130000000000e+02	1.50796447372310e+03	3.00000000000000e-02	0.00000000000000e+00	0.00000000000000e+00	5.61000959643057e+02	-7.12913615516057e-01
36	108	60	84	6.05810000000000e+02	1.50796447372310e+03	3.00000000000000e-02	0.00000000000000e+00	0.00000000000000e+00	5.70340850850086e+02	2.01107464999965e+00
37	109	61	85	5.53690000000000e+02	1.50796447372310e+03	3.00000000000000e-02	0.00000000000000e+00	0.00000000000000e+00	5.66736180167666e+02	-7.76298046416635e-01
38	110	62	86	6.54840000000000e+02	1.50796447372310e+03	3.00000000000000e-02	0.00000000000000e+00	0.00000000000000e+00	5.46377717514266e+02	6.03601346995634e+00
39	111	63	87	5.58300000000000e+02	1.50796447372310e+03	3.00000000000000e-02	0.00000000000000e+00	0.00000000000000e+00	5.17425774430221e+02	2.53434561722405e+00
40	112	64	88	4.86120000000000e+02	1.50796447372310e+03	3.00000000000000e-02	0.00000000000000e+00	0.00000000000000e+00	5.07232079030907e+02	-1.41710471403581e+00
41	113	65	89	4.37460000000000e+02	1.50796447372310e+03	3.00000000000000e-02	0.00000000000000e+00	0.00000000000000e+00	4.92474536060793e+02	-3.94858275997401e+00
42	114	66	90	4.73260000000000e+02	1.50796447372310e+03	3.00000000000000e-02	0.00000000000000e+00	0.00000000000000e+00	4.91727509546909e+02	-1.27599334445752e+00
43	115	67	91	5.01790000000000e+02	1.50796447372310e+03	3.00000000000000e-02	0.00000000000000e+00	0.00000000000000e+00	4.88287802675034e+02	9.09223796072715e-01
44	116	68	92	5.27190000000000e+02	1.50796447372310e+03	3.00000000000000e-02	0.00000000000000e+00	0.00000000000000e+00	4.87259245083598e+02	2.62549008876312e+00
45	117	69	93	4.65490000000000e+02	1.50796447372310e+03	3.00000000000000e-02	0.00000000000000e+00	0.00000000000000e+00	5.03920708940650e+02	-2.64427726516712e+00
46	118	70	94	4.84830000000000e+02	1.50796447372310e+03	3.00000000000000e-02	0.00000000000000e+00	0.00000000000000e+00	5.06760016770145e+02	-1.47464125993547e+00
47	119	71	95	5.11180000000000e+02	1.50796447372310e+03	3.00000000000000e-02	0.00000000000000e+00	0.00000000000000e+00	5.03916276583764e+02	4.77054742813217e-01
48	120	72	96	5.87340000000000e+02	1.50796447372310e+03	3.00000000000000e-02	0.00000000000000e+00	0.00000000000000e+00	5.66073250732849e+02	1.22934601387049e+00
49	121	73	97	6.06630000000000e+02	1.50796447372310e+03	3.00000000000000e-02	0.00000000000000e+00	0.00000000000000e+00	6.08773400974944e+02	-1.17568822293871e-01
50	122	74	98	6.25890000000000e+02	1.50796447372310e+03	3.00000000000000e-02	0.00000000000000e+00	0.00000000000000e+00	6.32277370732357e+02	-3.38451293312314e-01
51	123	75	99	6.91510000000000e+02	1.50796447372310e+03	3.00000000000000e-02	0.00000000000000e+00	0.00000000000000e+00	6.58342964565217e+02	1.63838646789379e+00
52	124	76	100	7.38280000000000e+02	1.50796447372310e+03	3.00000000000000e-02	0.00000000000000e+00	0.00000000000000e+00	6.53595181426116e+02	4.06116617598453e+00
53	125	77	101	7.30080000000000e+02	1.50796447372310e+03	3.00000000000000e-02	0.00000000000000e+00	0.00000000000000e+00	6.29507628106448e+02	4.94053820151323e+00
54	126	78	102	6.34030000000000e+02	1.50796447372310e+03	3.00000000000000e-02	0.00000000000000e+00	0.00000000000000e+00	6.05271915952292e+02	1.54728223384290e+00
55	127	79	103	5.83190000000000e+02	1.50796447372310e+03	3.00000000000000e-02	0.00000000000000e+00	0.00000000000000e+00	6.20279637128619e+02	-2.05524567375065e+00
56	128	80	104	6.48980000000000e+02	1.50796447372310e+03	3.00000000000000e-02	0.00000000000000e+00	0.00000000000000e+00	6.49917301263249e+02	-4.81075460459242e-02
57	129	81	105	6.39430000000000e+02	1.50796447372310e+03	3.00000000000000e-02	0.00000000000000e+00	0.00000000000000e+00	6.20834387499361e+02	9.83759831397269e-01
58	130	82	106	5.88480000000000e+02	1.50796447372310e+03	3.00000000000000e-02	0.00000000000000e+00	0.00000000000000e+00	5.70599246933862e+02	1.02852741389497e+00
59	131	83	107	5.29170000000000e+02	1.50796447372310e+03	3.00000000000000e-02	0.00000000000000e+00	0.00000000000000e+00	5.22441251256259e+02	4.26573385373175e-01
60	132	84	108	4.97070000000000e+02	1.50796447372310e+03	3.00000000000000e-02	0.00000000000000e+00	0.00000000000000e+00	4.94502026004297e+02	1.72653770616874e-01
61	133	85	109	4.79450000000000e+02	1.50796447372310e+03	3.00000000000000e-02	0.00000000000000e+00	0.00000000000000e+00	4.83290894348513e+02	-2.65970816519120e-01
62	134	86	110	4.91010000000000e+02	1.50796447372310e+03	3.00000000000000e-02	0.00000000000000e+00	0.00000000000000e+00	4.83215160999821e+02	5.33415727205681e-01
63	135	87	111	5.66030000000000e+02	1.50796447372310e+03	3.00000000000000e-02	0.00000000000000e+00	0.00000000000000e+00	4.93937271344429e+02	4.54128507637082e+00
64	136	88	112	5.04720000000000e+02	1.50796447372310e+03	3.00000000000000e-02	0.00000000000000e+00	0.00000000000000e+00	4.92567014525461e+02	8.12443286821611e-01
65	137	89	113	5.15140000000000e+02	1.50796447372310e+03	3.00000000000000e-02	0.00000000000000e+00	0.00000000000000e+00	4.86452119403877e+02	1.91000766965799e+00
66	138	90	114	5.07920000000000e+02	1.50796447372310e+03	3.00000000000000e-02	0.00000000000000e+00	0.00000000000000e+00	4.78331163796323e+02	2.00068836547708e+00
67	139	91	115	5.10170000000000e+02	1.50796447372310e+03	3.00000000000000e-02	0.00000000000000e+00	0.00000000000000e+00	4.72759408478942e+02	2.53857981910531e+00
68	140	92	116	4.86460000000000e+02	1.50796447372310e+03	3.00000000000000e-02	0.00000000000000e+00	0.00000000000000e+00	4.58175886786743e+02	1.99671785431184e+00
69	141	93	117	4.88410000000000e+02	1.50796447372310e+03	3.00000000000000e-02	0.00000000000000e+00	0.00000000000000e+00	4.30789128420458e+02	4.18455026254726e+00
70	142	94	118	5.01650000000000e+02	1.50796447372310e+03	3.00000000000000e-02	0.00000000000000e+00	0.00000000000000e+00	4.15493147793917e+02	6.28121808942742e+00
71	143	95	119	4.65560000000000e+02	1.50796447372310e+03	3.00000000000000e-02	0.00000000000000e+00	0.00000000000000e+00	4.14060844638338e+02	3.90760171072347e+00
72	144	96	120	4.26140000000000e+02	1.50796447372310e+03	3.00000000000000e-02	0.00000000000000e+00	0.00000000000000e+00	3.91314482082949e+02	2.84187973556514e+00
73	145	97	121	4.31790000000000e+02	1.50796447372310e+03	3.00000000000000e-02	0.00000000000000e+00	0.00000000000000e+00	3.63045061594870e+02	5.78041319190555e+00
74	146	98	122	4.26000000000000e+02	1.50796447372310e+03	3.00000000000000e-02	0.00000000000000e+00	0.00000000000000e+00	3.45707425475978e+02	6.96155066784551e+00
75	147	99	123	3.56350000000000e+02	1.50796447372310e+03	3.00000000000000e-02	0.00000000000000e+00	0.00000000000000e+00	3.27961355644517e+02	2.76725368872664e+00
76	148	100	124	3.61530000000000e+02	1.50796447372310e+03	3.00000000000000e-02	0.00000000000000e+00	0.00000000000000e+00	3.32282560359908e+02	2.81197777791157e+00
77	149	101	125	3.56100000000000e+02	1.50796447372310e+03	3.00000000000000e-02	0.00000000000000e+00	0.00000000000000e+00	3.36882805155313e+02	1.84921598655547e+00
78	150	102	126	3.64020000000000e+02	1.50796447372310e+03	3.00000000000000e-02	0.00000000000000e+00	0.00000000000000e+00	3.30591734717282e+02	3.21082089876767e+00
79	151	103	127	2.58830000000000e+02	1.50796447372310e+03	3.00000000000000e-02	0.00000000000000e+00	0.00000000000000e+00	3.12276783956209e+02	-6.25728156903603e+00
80	152	104	128	3.12970000000000e+02	1.50796447372310e+03	3.00000000000000e-02	0.00000000000000e+00	0.00000000000000e+00	2.77806490367520e+02	3.97275152666288e+00
81	153	105	129	2.86390000000000e+02	1.50796447372310e+03	3.00000000000000e-02	0.00000000000000e+00	0.00000000000000e+00	2.66676583190376e+02	2.37726310011593e+00
82	154	106	130	2.87820000000000e+02	1.50796447372310e+03	3.00000000000000e-02	0.00000000000000e+00	0.00000000000000e+00	2.72250350224261e+02	1.85377455076496e+00
83	155	107	131	3.09960000000000e+02	1.50796447372310e+03	3.00000000000000e-02	0.00000000000000e+00	0.00000000000000e+00	2.81636622120935e+02	3.19418636407611e+00
84	156	108	132	3.42320000000000e+02	1.50796447372310e+03	3.00000000000000e-02	0.00000000000000e+00	0.00000000000000e+00	2.94402063689370e+02	5.02665251546569e+00
85	157	109	133	3.25660000000000e+02	1.50796447372310e+03	3.00000000000000e-02	0.00000000000000e+00	0.00000000000000e+00	2.80928209771277e+02	4.92515789614085e+00
86	158	110	134	2.88500000000000e+02	1.50796447372310e+03	3.00000000000000e-02	0.00000000000000e+00	0.00000000000000e+00	2.58521020019080e+02	3.65726933171038e+00
87	159	111	135	2.41080000000000e+02	1.50796447372310e+03	3.00000000000000e-02	0.00000000000000e+00	0.00000000000000e+00	2.22203110637564e+02	2.71789840794450e+00
88	160	112	136	2.35450000000000e+02	1.50796447372310e+03	3.00000000000000e-02	0.00000000000000e+00	0.00000000000000e+00	2.05992461321225e+02	4.45530013658821e+00
89	161	113	137	2.19600000000000e+02	1.50796447372310e+03	3.00000000000000e-02	0.00000000000000e+00	0.00000000000000e+00	1.87154728268709e+02	5.32906703367981e+00
90	162	114	138	1.60420000000000e+02	1.50796447372310e+03	3.00000000000000e-02	0.00000000000000e+00	0.00000000000000e+00	1.80514879801173e+02	-3.93392783360147e+00
91	163	115	139	2.11010000000000e+02	1.50796447372310e+03	3.00000000000000e-02	0.00000000000000e+00	0.00000000000000e+00	1.75746245810239e+02	6.09547854070876e+00
92	164	116	140	1.73420000000000e+02	1.50796447372310e+03	3.00000000000000e-02	0.00000000000000e+00	0.00000000000000e+00	1.76112971345052e+02	-5.13642460430930e-01
93	165	117	141	1.88210000000000e+02	1.50796447372310e+03	3.00000000000000e-02	0.00000000000000e+00	0.00000000000000e+00	1.73202291716208e+02	2.76993776812825e+00
94	166	118	142	2.52770000000000e+02	1.50796447372310e+03	3.00000000000000e-02	0.00000000000000e+00	0.00000000000000e+00	1.73917197431242e+02	1.24633558409135e+01
95	167	119	143	2.30800000000000e+02	1.50796447372310e+03	3.00000000000000e-02	0.00000000000000e+00	0.00000000000000e+00	1.67519658793027e+02	1.06816941442382e+01
96	168	120	144	2.08830000000000e+02	1.50796447372310e+03	3.00000000000000e-02	0.00000000000000e+00	0.00000000000000e+00	1.66225991048683e+02	7.60574231621002e+00
97	169	121	145	1.44740000000000e+02	1.50796447372310e+03	3.00000000000000e-02	0.00000000000000e+00	0.00000000000000e+00	1.70005901070944e+02	-5.36313730639497e+00
98	170	122	146	1.73140000000000e+02	1.50796447372310e+03	3.00000000000000e-02	0.00000000000000e+00	0.00000000000000e+00	1.73929598752900e+02	-1.51669889462476e-01
99	171	123	147	2.01540000000000e+02	1.50796447372310e+03	3.00000000000000e-02	0.00000000000000e+00	0.00000000000000e+00	1.77129783174794e+02	4.30350568968683e+00
100	172	124	148	1.43370000000000e+02	1.50796447372310e+03	3.00000000000000e-02	0.00000000000000e+00	0.00000000000000e+00	1.73797400555076e+02	-6.41538516437364e+00
101	173	125	149	2.00260000000000e+02	1.50796447372310e+03	3.00000000000000e-02	0.00000000000000e+00	0.00000000000000e+00	1.72613513209980e+02	4.95204848775117e+00
102	174	126	150	1.81190000000000e+02	1.50796447372310e+03	3.00000000000000e-02	0.00000000000000e+00	0.00000000000000e+00	1.77443524428765e+02	6.96460613079323e-01
103	175	127	151	1.55990000000000e+02	1.50796447372310e+03	3.00000000000000e-02	0.00000000000000e+00	0.00000000000000e+00	1.85805867571228e+02	-5.83035010964084e+00
104	176	128	152	4.55820000000000e+02	1.50796447372310e+03	3.00000000000000e-02	0.00000000000000e+00	0.00000000000000e+00	2.00040623659243e+02	2.74525843508220e+01
1	76	26	51	5.83770000000000e+02	1.57079632679490e+03	3.00000000000000e-02	0.00000000000000e+00	0.00000000000000e+00	6.96794800657263e+02	-5.89946313763242e+00
3	77	27	52	7.11720000000000e+02	1.57079632679490e+03	3.00000000000000e-02	0.00000000000000e+00	0.00000000000000e+00	6.58686845779699e+02	2.58121167210010e+00
4	78	28	53	6.93780000000000e+02	1.57079632679490e+03	3.00000000000000e-02	0.00000000000000e+00	0.00000000000000e+00	6.30431456172083e+02	3.19168237733418e+00
2	79	29	54	6.74230000000000e+02	1.57079632679490e+03	3.00000000000000e-02	0.00000000000000e+00	0.00000000000000e+00	6.31742289422404e+02	2.16965859689970e+00
5	80	30	55	6.49670000000000e+02	1.57079632679490e+03	3.00000000000000e-02	0.00000000000000e+00	0.00000000000000e+00	6.12905617225582e+02	1.94178620725628e+00
6	81	31	56	5.85750000000000e+02	1.57079632679490e+03	3.00000000000000e-02	0.00000000000000e+00	0.00000000000000e+00	5.49661773273016e+02	2.11966486702829e+00
7	82	32	57	5.37250000000000e+02	1.57079632679490e+03	3.00000000000000e-02	0.00000000000000e+00	0.00000000000000e+00	4.55435608550551e+02	5.50697310463969e+00
8	83	33	58	4.89240000000000e+02	1.57079632679490e+03	3.00000000000000e-02	0.00000000000000e+00	0.00000000000000e+00	4.08542139594509e+02	6.00860335791031e+00
9	84	34	59	4.37110000000000e+02	1.57079632679490e+03	3.00000000000000e-02	0.00000000000000e+00	0.00000000000000e+00	3.77097923040270e+02	4.92266610448124e+00
10	85	35	60	4.25280000000000e+02	1.57079632679490e+03	3.00000000000000e-02	0.00000000000000e+00	0.00000000000000e+00	3.70727106938216e+02	4.57605147961552e+00
11	86	36	61	4.09700000000000e+02	1.57079632679490e+03	3.00000000000000e-02	0.00000000000000e+00	0.00000000000000e+00	3.62995294423553e+02	4.03451044641698e+00
12	87	37	62	4.35370000000000e+02	1.57079632679490e+03	3.00000000000000e-02	0.00000000000000e+00	0.00000000000000e+00	3.57775796809369e+02	6.54299066496555e+00
13	88	38	63	4.16230000000000e+02	1.57079632679490e+03	3.00000000000000e-02	0.00000000000000e+00	0.00000000000000e+00	3.66769174891659e+02	4.21684310531285e+00
14	89	39	64	4.21010000000000e+02	1.57079632679490e+03	3.00000000000000e-02	0.00000000000000e+00	0.00000000000000e+00	3.76789135285392e+02	3.69902927503973e+00
15	90	40	65	3.80850000000000e+02	1.57079632679490e+03	3.00000000000000e-02	0.00000000000000e+00	0.00000000000000e+00	3.86401127766154e+02	-4.82347472159095e-01
16	91	41	66	4.43500000000000e+02	1.57079632679490e+03	3.00000000000000e-02	0.00000000000000e+00	0.00000000000000e+00	3.92952438397052e+02	4.03364063648552e+00
17	92	42	67	4.25430000000000e+02	1.57079632679490e+03	3.00000000000000e-02	0.00000000000000e+00	0.00000000000000e+00	3.91410365732404e+02	2.77812945996153e+00
18	93	43	68	4.45230000000000e+02	1.57079632679490e+03	3.00000000000000e-02	0.00000000000000e+00	0.00000000000000e+00	3.84088545575802e+02	4.92392963774411e+00
19	94	44	69	3.65630000000000e+02	1.57079632679490e+03	3.00000000000000e-02	0.00000000000000e+00	0.00000000000000e+00	3.77050900549640e+02	-1.02527666495276e+00
20	95	45	70	3.70200000000000e+02	1.57079632679490e+03	3.00000000000000e-02	0.00000000000000e+00	0.00000000000000e+00	3.78014014673909e+02	-6.96262354993375e-01
21	96	46	71	4.41620000000000e+02	1.57079632679490e+03	3.00000000000000e-02	0.00000000000000e+00	0.00000000000000e+00	3.80282743203716e+02	4.98449155619201e+00
22	97	47	72	3.81540000000000e+02	1.57079632679490e+03	3.00000000000000e-02	0.00000000000000e+00	0.00000000000000e+00	3.70616082912162e+02	9.68299488033608e-01
23	98	48	73	3.64130000000000e+02	1.57079632679490e+03	3.00000000000000e-02	0.00000000000000e+00	0.00000000000000e+00	3.42792977916146e+02	2.01280815705767e+00
24	99	49	74	3.99280000000000e+02	1.57079632679490e+03	3.00000000000000e-02	0.00000000000000e+00	0.00000000000000e+00	3.31089296339553e+02	6.24249362356008e+00
25	100	50	75	4.07660000000000e+02	1.57079632679490e+03	3.00000000000000e-02	0.00000000000000e+00	0.00000000000000e+00	3.49194260565745e+02	5.16017019255613e+00
26	101	51	76	4.11380000000000e+02	1.57079632679490e+03	3.00000000000000e-02	0.00000000000000e+00	0.00000000000000e+00	3.55405648741451e+02	4.87525173056011e+00
27	102	52	77	5.31080000000000e+02	1.57079632679490e+03	3.00000000000000e-02	0.00000000000000e+00	0.00000000000000e+00	3.76020959513056e+02	1.15089261268542e+01
28	103	53	78	3.71400000000000e+02	1.57079632679490e+03	3.00000000000000e-02	0.00000000000000e+00	0.00000000000000e+00	3.83270596353207e+02	-1.04872028964194e+00
29	104	54	79	3.87550000000000e+02	1.57079632679490e+03	3.00000000000000e-02	0.00000000000000e+00	0.00000000000000e+00	3.69619747888506e+02	1.57900346510260e+00
30	105	55	80	3.35530000000000e+02	1.57079632679490e+03	3.00000000000000e-02	0.00000000000000e+00	0.00000000000000e+00	3.96030518894789e+02	-5.52599683363256e+00
31	106	56	81	4.49820000000000e+02	1.57079632679490e+03	3.00000000000000e-02	0.00000000000000e+00	0.00000000000000e+00	4.48705346851052e+02	8.27024505315540e-02
32	107	57	82	5.64100000000000e+02	1.57079632679490e+03	3.00000000000000e-02	0.00000000000000e+00	0.00000000000000e+00	5.14890007117874e+02	3.04260804350687e+00
33	108	58	83	5.04010000000000e+02	1.57079632679490e+03	3.00000000000000e-02	0.00000000000000e+00	0.00000000000000e+00	5.34296248822120e+02	-1.94514496870865e+00
34	109	59	84	4.43920000000000e+02	1.57079632679490e+03	3.00000000000000e-02	0.00000000000000e+00	0.00000000000000e+00	5.33686228603619e+02	-6.13879044537050e+00
35	110	60	85	5.47610000000000e+02	1.57079632679490e+03	3.00000000000000e-02	0.00000000000000e+00	0.00000000000000e+00	5.21629409300679e+02	1.62019876225274e+00
36	111	61	86	5.74840000000000e+02	1.57079632679490e+03	3.00000000000000e-02	0.00000000000000e+00	0.00000000000000e+00	5.20583799150668e+02	3.30469562340303e+00
37	112	62	87	5.85870000000000e+02	1.57079632679490e+03	3.00000000000000e-02	0.00000000000000e+00	0.00000000000000e+00	5.33705490055233e+02	3.10845839648032e+00
38	113	63	88	4.76600000000000e+02	1.57079632679490e+03	3.00000000000000e-02	0.00000000000000e+00	0.00000000000000e+00	5.21210286042194e+02	-2.98253385662219e+00
39	114	64	89	4.67050000000000e+02	1.57079632679490e+03	3.00000000000000e-02	0.00000000000000e+00	0.00000000000000e+00	5.11491696936905e+02	-3.02983447228818e+00
40	115	65	90	4.86480000000000e+02	1.57079632679490e+03	3.00000000000000e-02	0.00000000000000e+00	0.00000000000000e+00	5.02450258507162e+02	-1.07669520587625e+00
41	116	66	91	4.52160000000000e+02	1.57079632679490e+03	3.00000000000000e-02	0.00000000000000e+00	0.00000000000000e+00	4.96739797417568e+02	-3.13434143528824e+00
42	117	67	92	5.12470000000000e+02	1.57079632679490e+03	3.00000000000000e-02	0.00000000000000e+00	0.00000000000000e+00	5.01757659181296e+02	7.04164007286886e-01
43	118	68	93	5.92020000000000e+02	1.57079632679490e+03	3.00000000000000e-02	0.00000000000000e+00	0.00000000000000e+00	5.08911180777051e+02	5.04223047547082e+00
44	119	69	94	4.91720000000000e+02	1.57079632679490e+03	3.00000000000000e-02	0.00000000000000e+00	0.00000000000000e+00	5.16298330789590e+02	-1.62584366856689e+00
45	120	70	95	4.92640000000000e+02	1.57079632679490e+03	3.00000000000000e-02	0.00000000000000e+00	0.00000000000000e+00	5.17201894911532e+02	-1.62182088345103e+00
46	121	71	96	4.95730000000000e+02	1.57079632679490e+03	3.00000000000000e-02	0.00000000000000e+00	0.00000000000000e+00	5.14691592444066e+02	-1.25121493290591e+00
47	122	72	97	5.40900000000000e+02	1.57079632679490e+03	3.00000000000000e-02	0.00000000000000e+00	0.00000000000000e+00	5.37355347619222e+02	2.19160526782147e-01
48	123	73	98	6.64840000000000e+02	1.57079632679490e+03	3.00000000000000e-02	0.00000000000000e+00	0.00000000000000e+00	5.93759601109993e+02	3.76906282314273e+00
49	124	74	99	6.28390000000000e+02	1.57079632679490e+03	3.00000000000000e-02	0.00000000000000e+00	0.00000000000000e+00	6.22659514255512e+02	3.05371650362959e-01
50	125	75	100	7.29610000000000e+02	1.57079632679490e+03	3.00000000000000e-02	0.00000000000000e+00	0.00000000000000e+00	6.26560855571689e+02	5.07547464663292e+00
51	126	76	101	6.94100000000000e+02	1.57079632679490e+03	3.00000000000000e-02	0.00000000000000e+00	0.00000000000000e+00	6.43048551869549e+02	2.54652708692517e+00
52	127	77	102	7.16820000000000e+02	1.57079632679490e+03	3.00000000000000e-02	0.00000000000000e+00	0.00000000000000e+00	6.39228877309056e+02	3.81873974528671e+00
53	128	78	103	6.30400000000000e+02	1.57079632679490e+03	3.00000000000000e-02	0.00000000000000e+00	0.00000000000000e+00	6.26063210112769e+02	2.30106597337591e-01
54	129	79	104	6.38610000000000e+02	1.57079632679490e+03	3.00000000000000e-02	0.00000000000000e+00	0.00000000000000e+00	6.55084480644598e+02	-8.49008866298432e-01
55	130	80	105	6.36080000000000e+02	1.57079632679490e+03	3.00000000000000e-02	0.00000000000000e+00	0.00000000000000e+00	6.59818465308461e+02	-1.22134676768037e+00
56	131	81	106	6.42000000000000e+02	1.57079632679490e+03	3.00000000000000e-02	0.00000000000000e+00	0.00000000000000e+00	6.22888513836370e+02	1.00735838064931e+00
57	132	82	107	5.83860000000000e+02	1.57079632679490e+03	3.00000000000000e-02	0.00000000000000e+00	0.00000000000000e+00	5.59548127173583e+02	1.41772286086589e+00
58	133	83	108	5.24020000000000e+02	1.57079632679490e+03	3.00000000000000e-02	0.00000000000000e+00	0.00000000000000e+00	5.11764994703604e+02	7.88810886064380e-01
59	134	84	109	4.60160000000000e+02	1.57079632679490e+03	3.00000000000000e-02	0.00000000000000e+00	0.00000000000000e+00	4.88092490663347e+02	-1.96435542832705e+00
60	135	85	110	5.04730000000000e+02	1.57079632679490e+03	3.00000000000000e-02	0.00000000000000e+00	0.00000000000000e+00	4.89556601188100e+02	1.01745156422736e+00
61	136	86	111	5.04410000000000e+02	1.57079632679490e+03	3.00000000000000e-02	0.00000000000000e+00	0.00000000000000e+00	4.90379826214806e+02	9.40306102077670e-01
62	137	87	112	5.78040000000000e+02	1.57079632679490e+03	3.00000000000000e-02	0.00000000000000e+00	0.00000000000000e+00	4.73393784359352e+02	6.65718344074495e+00
63	138	88	113	5.08190000000000e+02	1.57079632679490e+03	3.00000000000000e-02	0.00000000000000e+00	0.00000000000000e+00	4.77002003969465e+02	2.11115671088982e+00
64	139	89	114	5.04350000000000e+02	1.57079632679490e+03	3.00000000000000e-02	0.00000000000000e+00	0.00000000000000e+00	4.70933361222576e+02	2.28512903660159e+00
65	140	90	115	5.05530000000000e+02	1.57079632679490e+03	3.00000000000000e-02	0.00000000000000e+00	0.00000000000000e+00	4.62892936103246e+02	2.93705320173775e+00
66	141	91	116	5.06640000000000e+02	1.57079632679490e+03	3.00000000000000e-02	0.00000000000000e+00	0.00000000000000e+00	4.59188240351446e+02	3.27801521738289e+00
67	142	92	117	4.95330000000000e+02	1.57079632679490e+03	3.00000000000000e-02	0.00000000000000e+00	0.00000000000000e+00	4.49592320368858e+02	3.22943299027907e+00
68	143	93	118	5.32240000000000e+02	1.57079632679490e+03	3.00000000000000e-02	0.00000000000000e+00	0.00000000000000e+00	4.30895872939341e+02	7.04093495422334e+00
69	144	94	119	4.72810000000000e+02	1.57079632679490e+03	3.00000000000000e-02	0.00000000000000e+00	0.00000000000000e+00	4.16330388329660e+02	4.24048228985784e+00
70	145	95	120	5.09770000000000e+02	1.57079632679490e+03	3.00000000000000e-02	0.00000000000000e+00	0.00000000000000e+00	4.11850789715580e+02	7.10995069116841e+00
71	146	96	121	4.40310000000000e+02	1.57079632679490e+03	3.00000000000000e-02	0.00000000000000e+00	0.00000000000000e+00	3.97340646679592e+02	3.42283531435408e+00
72	147	97	122	3.86520000000000e+02	1.57079632679490e+03	3.00000000000000e-02	0.00000000000000e+00	0.00000000000000e+00	3.67224532643990e+02	1.70700488612698e+00
73	148	98	123	4.13040000000000e+02	1.57079632679490e+03	3.00000000000000e-02	0.00000000000000e+00	0.00000000000000e+00	3.51024050313723e+02	5.42299000135194e+00
74	149	99	124	3.57230000000000e+02	1.57079632679490e+03	3.00000000000000e-02	0.00000000000000e+00	0.00000000000000e+00	3.35743049975334e+02	2.06778989492419e+00
75	150	100	125	3.74150000000000e+02	1.57079632679490e+03	3.00000000000000e-02	0.00000000000000e+00	0.00000000000000e+00	3.40930495307703e+02	3.09927186984424e+00
76	151	101	126	3.70810000000000e+02	1.57079632679490e+03	3.00000000000000e-02	0.00000000000000e+00	0.00000000000000e+00	3.39752816957323e+02	2.91571525941142e+00
77	152	102	127	3.76010000000000e+02	1.57079632679490e+03	3.00000000000000e-02	0.00000000000000e+00	0.00000000000000e+00	3.31906531756884e+02	4.15874467848113e+00
78	153	103	128	3.04920000000000e+02	1.57079632679490e+03	3.00000000000000e-02	0.00000000000000e+00	0.00000000000000e+00	3.22332200026041e+02	-1.85110812369211e+00
79	154	104	129	2.40900000000000e+02	1.57079632679490e+03	3.00000000000000e-02	0.00000000000000e+00	0.00000000000000e+00	2.84974243683437e+02	-5.60056311744548e+00
80	155	105	130	2.85470000000000e+02	1.57079632679490e+03	3.00000000000000e-02	0.00000000000000e+00	0.00000000000000e+00	2.70803015216897e+02	1.75817564369064e+00
81	156	106	131	3.35350000000000e+02	1.57079632679490e+03	3.00000000000000e-02	0.00000000000000e+00	0.00000000000000e+00	2.80896755987700e+02	5.90625257132758e+00
82	157	107	132	3.37790000000000e+02	1.57079632679490e+03	3.00000000000000e-02	0.00000000000000e+00	0.00000000000000e+00	2.96726645988568e+02	4.32043565024755e+00
83	158	108	133	3.46440000000000e+02	1.57079632679490e+03	3.00000000000000e-02	0.00000000000000e+00	0.00000000000000e+00	3.05896399317414e+02	4.14877210528264e+00
84	159	109	134	3.12070000000000e+02	1.57079632679490e+03	3.00000000000000e-02	0.00000000000000e+00	0.00000000000000e+00	2.73339543654055e+02	4.41709165338284e+00
85	160	110	135	2.63340000000000e+02	1.57079632679490e+03	3.00000000000000e-02	0.00000000000000e+00	0.00000000000000e+00	2.33804815879040e+02	3.96531086057796e+00
86	161	111	136	2.15890000000000e+02	1.57079632679490e+03	3.00000000000000e-02	0.00000000000000e+00	0.00000000000000e+00	1.89456050397674e+02	4.35373150357495e+00
87	162	112	137	2.11510000000000e+02	1.57079632679490e+03	3.00000000000000e-02	0.00000000000000e+00	0.00000000000000e+00	1.87990190657112e+02	3.92941648598682e+00
88	163	113	138	2.20400000000000e+02	1.57079632679490e+03	3.00000000000000e-02	0.00000000000000e+00	0.00000000000000e+00	1.74418312404322e+02	7.79958563326260e+00
89	164	114	139	1.69210000000000e+02	1.57079632679490e+03	3.00000000000000e-02	0.00000000000000e+00	0.00000000000000e+00	1.68184894632554e+02	2.02553652135181e-01
90	165	115	140	1.88690000000000e+02	1.57079632679490e+03	3.00000000000000e-02	0.00000000000000e+00	0.00000000000000e+00	1.63807510329949e+02	4.71378119405233e+00
91	166	116	141	1.40600000000000e+02	1.57079632679490e+03	3.00000000000000e-02	0.00000000000000e+00	0.00000000000000e+00	1.64658242776003e+02	-5.26510302013081e+00
92	167	117	142	1.53770000000000e+02	1.57079632679490e+03	3.00000000000000e-02	0.00000000000000e+00	0.00000000000000e+00	1.62684172102086e+02	-1.87842490829979e+00
93	168	118	143	1.44890000000000e+02	1.57079632679490e+03	3.00000000000000e-02	0.00000000000000e+00	0.00000000000000e+00	1.61554626897804e+02	-3.62894995608896e+00
94	169	119	144	1.37150000000000e+02	1.57079632679490e+03	3.00000000000000e-02	0.00000000000000e+00	0.00000000000000e+00	1.61342330591816e+02	-5.41510557470053e+00
95	170	120	145	1.85660000000000e+02	1.57079632679490e+03	3.00000000000000e-02	0.00000000000000e+00	0.00000000000000e+00	1.61111799675998e+02	4.72728373504996e+00
96	171	121	146	1.86840000000000e+02	1.57079632679490e+03	3.00000000000000e-02	0.00000000000000e+00	0.00000000000000e+00	1.65150469039472e+02	4.11318812398562e+00
97	172	122	147	2.50560000000000e+02	1.57079632679490e+03	3.00000000000000e-02	0.00000000000000e+00	0.00000000000000e+00	1.73319496760890e+02	1.22853906486950e+01
98	173	123	148	1.90310000000000e+02	1.57079632679490e+03	3.00000000000000e-02	0.00000000000000e+00	0.00000000000000e+00	1.76842547840080e+02	2.44648483580464e+00
99	174	124	149	1.92260000000000e+02	1.57079632679490e+03	3.00000000000000e-02	0.00000000000000e+00	0.00000000000000e+00	1.78448722999508e+02	2.48491095986623e+00
100	175	125	150	1.71940000000000e+02	1.57079632679490e+03	3.00000000000000e-02	0.00000000000000e+00	0.00000000000000e+00	1.76258345497852e+02	-8.26840405583725e-01
101	176	126	151	4.31370000000000e+02	1.57079632679490e+03	3.00000000000000e-02	0.00000000000000e+00	0.00000000000000e+00	1.80330224680821e+02	2.90725479615600e+01
1	79	27	53	5.48340000000000e+02	1.63362817986669e+03	3.00000000000000e-02	0.00000000000000e+00	0.00000000000000e+00	6.39048835843763e+02	-5.10284481218986e+00
3	80	28	54	6.65310000000000e+02	1.63362817986669e+03	3.00000000000000e-02	0.00000000000000e+00	0.00000000000000e+00	6.16015686794212e+02	2.56602228879167e+00
4	81	29	55	6.25250000000000e+02	1.63362817986669e+03	3.00000000000000e-02	0.00000000000000e+00	0.00000000000000e+00	5.73170551701653e+02	2.89894167940904e+00
2	82	30	56	5.85170000000000e+02	1.63362817986669e+03	3.00000000000000e-02	0.00000000000000e+00	0.00000000000000e+00	5.13064798596050e+02	4.38334176867577e+00
5	83	31	57	5.20420000000000e+02	1.63362817986669e+03	3.00000000000000e-02	0.00000000000000e+00	0.00000000000000e+00	4.55430760819772e+02	4.44641599037746e+00
6	84	32	58	5.49760000000000e+02	1.63362817986669e+03	3.00000000000000e-02	0.00000000000000e+00	0.00000000000000e+00	3.97244314906690e+02	1.08310108387885e+01
7	85	33	59	4.31770000000000e+02	1.63362817986669e+03	3.00000000000000e-02	0.00000000000000e+00	0.00000000000000e+00	3.71113713125274e+02	5.04615063440660e+00
8	86	34	60	4.39430000000000e+02	1.63362817986669e+03	3.00000000000000e-02	0.00000000000000e+00	0.00000000000000e+00	3.77740064536448e+02	5.04240444745617e+00
9	87	35	61	4.41680000000000e+02	1.63362817986669e+03	3.00000000000000e-02	0.00000000000000e+00	0.00000000000000e+00	3.73997640935052e+02	5.54453827471466e+00
10	88	36	62	4.32920000000000e+02	1.63362817986669e+03	3.00000000000000e-02	0.00000000000000e+00	0.00000000000000e+00	3.64541762221707e+02	5.73039448482933e+00
11	89	37	63	4.10200000000000e+02	1.63362817986669e+03	3.00000000000000e-02	0.00000000000000e+00	0.00000000000000e+00	3.65439379521093e+02	3.85148121691884e+00
12	90	38	64	4.24840000000000e+02	1.63362817986669e+03	3.00000000000000e-02	0.00000000000000e+00	0.00000000000000e+00	3.73338879074497e+02	4.30753657596018e+00
13	91	39	65	4.30700000000000e+02	1.63362817986669e+03	3.00000000000000e-02	0.00000000000000e+00	0.00000000000000e+00	3.87122581435395e+02	3.55568004297432e+00
14	92	40	66	4.43760000000000e+02	1.63362817986669e+03	3.00000000000000e-02	0.00000000000000e+00	0.00000000000000e+00	3.93343241716099e+02	4.02004188230070e+00
15	93	41	67	4.41980000000000e+02	1.63362817986669e+03	3.00000000000000e-02	0.00000000000000e+00	0.00000000000000e+00	3.87028802561678e+02	4.42551722336075e+00
16	94	42	68	3.46890000000000e+02	1.63362817986669e+03	3.00000000000000e-02	0.00000000000000e+00	0.00000000000000e+00	3.79075665561602e+02	-2.95760345427499e+00
17	95	43	69	2.51790000000000e+02	1.63362817986669e+03	3.00000000000000e-02	0.00000000000000e+00	0.00000000000000e+00	3.73335140651930e+02	-1.31293703292808e+01
18	96	44	70	3.05220000000000e+02	1.63362817986669e+03	3.00000000000000e-02	0.00000000000000e+00	0.00000000000000e+00	3.65604133540892e+02	-6.01727725458036e+00
19	97	45	71	3.20200000000000e+02	1.63362817986669e+03	3.00000000000000e-02	0.00000000000000e+00	0.00000000000000e+00	3.56546226613215e+02	-3.58393662682784e+00
20	98	46	72	4.27660000000000e+02	1.63362817986669e+03	3.00000000000000e-02	0.00000000000000e+00	0.00000000000000e+00	3.49423220063867e+02	6.73482116346176e+00
21	99	47	73	4.05640000000000e+02	1.63362817986669e+03	3.00000000000000e-02	0.00000000000000e+00	0.00000000000000e+00	3.41011452373752e+02	5.78500017834906e+00
22	100	48	74	3.55420000000000e+02	1.63362817986669e+03	3.00000000000000e-02	0.00000000000000e+00	0.00000000000000e+00	3.26885840404245e+02	2.78963969091537e+00
23	101	49	75	3.94590000000000e+02	1.63362817986669e+03	3.00000000000000e-02	0.00000000000000e+00	0.00000000000000e+00	3.19934773164611e+02	6.99100366641862e+00
24	102	50	76	3.75540000000000e+02	1.63362817986669e+03	3.00000000000000e-02	0.00000000000000e+00	0.00000000000000e+00	3.25006305505472e+02	4.81734688226118e+00
25	103	51	77	3.63790000000000e+02	1.63362817986669e+03	3.00000000000000e-02	0.00000000000000e+00	0.00000000000000e+00	3.30749284558760e+02	3.17387127235295e+00
26	104	52	78	2.62710000000000e+02	1.63362817986669e+03	3.00000000000000e-02	0.00000000000000e+00	0.00000000000000e+00	3.25593670423112e+02	-7.15331440015771e+00
27	105	53	79	3.89080000000000e+02	1.63362817986669e+03	3.00000000000000e-02	0.00000000000000e+00	0.00000000000000e+00	3.33981311815156e+02	5.08999797463936e+00
28	106	54	80	4.12630000000000e+02	1.63362817986669e+03	3.00000000000000e-02	0.00000000000000e+00	0.00000000000000e+00	3.46299044565167e+02	5.84162050718933e+00
29	107	55	81	3.19600000000000e+02	1.63362817986669e+03	3.00000000000000e-02	0.00000000000000e+00	0.00000000000000e+00	3.72069357805111e+02	-5.06700229049499e+00
30	108	56	82	3.19600000000000e+02	1.63362817986669e+03	3.00000000000000e-02	0.00000000000000e+00	0.00000000000000e+00	4.17327135872471e+02	-8.89333996145710e+00
31	109	57	83	4.18280000000000e+02	1.63362817986669e+03	3.00000000000000e-02	0.00000000000000e+00	0.00000000000000e+00	4.57615776922284e+02	-2.99596174269399e+00
32	110	58	84	6.89280000000000e+02	1.63362817986669e+03	3.00000000000000e-02	0.00000000000000e+00	0.00000000000000e+00	4.95020019797886e+02	1.10349789580328e+01
33	111	59	85	6.02450000000000e+02	1.63362817986669e+03	3.00000000000000e-02	0.00000000000000e+00	0.00000000000000e+00	5.00344847635654e+02	6.19023728020893e+00
34	112	60	86	5.15610000000000e+02	1.63362817986669e+03	3.00000000000000e-02	0.00000000000000e+00	0.00000000000000e+00	4.92427430034544e+02	1.53345220617783e+00
35	113	61	87	3.82600000000000e+02	1.63362817986669e+03	3.00000000000000e-02	0.00000000000000e+00	0.00000000000000e+00	5.00893284256212e+02	-8.98010053044001e+00
36	114	62	88	4.45260000000000e+02	1.63362817986669e+03	3.00000000000000e-02	0.00000000000000e+00	0.00000000000000e+00	5.21228595400673e+02	-5.25101090267475e+00
37	115	63	89	5.07910000000000e+02	1.63362817986669e+03	3.00000000000000e-02	0.00000000000000e+00	0.00000000000000e+00	5.29041222652680e+02	-1.35873626377242e+00
38	116	64	90	4.99290000000000e+02	1.63362817986669e+03	3.00000000000000e-02	0.00000000000000e+00	0.00000000000000e+00	5.25444986158815e+02	-1.70194690015008e+00
39	117	65	91	4.73110000000000e+02	1.63362817986669e+03	3.00000000000000e-02	0.00000000000000e+00	0.00000000000000e+00	5.12865974293466e+02	-2.68955442518521e+00
40	118	66	92	5.02780000000000e+02	1.63362817986669e+03	3.00000000000000e-02	0.00000000000000e+00	0.00000000000000e+00	5.10914141838387e+02	-5.34961917450024e-01
41	119	67	93	6.26570000000000e+02	1.63362817986669e+03	3.00000000000000e-02	0.00000000000000e+00	0.00000000000000e+00	5.19091312112032e+02	6.27268978962722e+00
42	120	68	94	5.55110000000000e+02	1.63362817986669e+03	3.00000000000000e-02	0.00000000000000e+00	0.00000000000000e+00	5.26296096208543e+02	1.77674391333437e+00
43	121	69	95	4.83650000000000e+02	1.63362817986669e+03	3.00000000000000e-02	0.00000000000000e+00	0.00000000000000e+00	5.31123189444495e+02	-3.12108282980113e+00
44	122	70	96	4.98340000000000e+02	1.63362817986669e+03	3.00000000000000e-02	0.00000000000000e+00	0.00000000000000e+00	5.35994849808634e+02	-2.42806591550142e+00
45	123	71	97	5.20110000000000e+02	1.63362817986669e+03	3.00000000000000e-02	0.00000000000000e+00	0.00000000000000e+00	5.39175692315311e+02	-1.20003832994711e+00
46	124	72	98	5.25730000000000e+02	1.63362817986669e+03	3.00000000000000e-02	0.00000000000000e+00	0.00000000000000e+00	5.43076111833091e+02	-1.08205687558671e+00
47	125	73	99	5.88990000000000e+02	1.63362817986669e+03	3.00000000000000e-02	0.00000000000000e+00	0.00000000000000e+00	5.55949443978900e+02	1.92439478526329e+00
48	126	74	100	7.30140000000000e+02	1.63362817986669e+03	3.00000000000000e-02	0.00000000000000e+00	0.00000000000000e+00	5.96543955443810e+02	6.73611229428698e+00
49	127	75	101	6.44200000000000e+02	1.63362817986669e+03	3.00000000000000e-02	0.00000000000000e+00	0.00000000000000e+00	6.14471685713290e+02	1.57487953013688e+00
50	128	76	102	7.25980000000000e+02	1.63362817986669e+03	3.00000000000000e-02	0.00000000000000e+00	0.00000000000000e+00	6.29734006378548e+02	4.74083160348527e+00
51	129	77	103	6.67950000000000e+02	1.63362817986669e+03	3.00000000000000e-02	0.00000000000000e+00	0.00000000000000e+00	6.41559174053422e+02	1.34372991236515e+00
52	130	78	104	6.39820000000000e+02	1.63362817986669e+03	3.00000000000000e-02	0.00000000000000e+00	0.00000000000000e+00	6.52691858937296e+02	-6.63941528884197e-01
53	131	79	105	6.61430000000000e+02	1.63362817986669e+03	3.00000000000000e-02	0.00000000000000e+00	0.00000000000000e+00	6.72942504345958e+02	-5.75191208904939e-01
54	132	80	106	6.66160000000000e+02	1.63362817986669e+03	3.00000000000000e-02	0.00000000000000e+00	0.00000000000000e+00	6.60575493393963e+02	2.80615571842506e-01
55	133	81	107	6.05890000000000e+02	1.63362817986669e+03	3.00000000000000e-02	0.00000000000000e+00	0.00000000000000e+00	6.07262930433851e+02	-7.54469880665631e-02
56	134	82	108	5.76390000000000e+02	1.63362817986669e+03	3.00000000000000e-02	0.00000000000000e+00	0.00000000000000e+00	5.49343095053354e+02	1.60204410489673e+00
57	135	83	109	5.31050000000000e+02	1.63362817986669e+03	3.00000000000000e-02	0.00000000000000e+00	0.00000000000000e+00	5.16106918276176e+02	9.51407626286501e-01
58	136	84	110	5.04570000000000e+02	1.63362817986669e+03	3.00000000000000e-02	0.00000000000000e+00	0.00000000000000e+00	4.92416011188773e+02	8.12755699849355e-01
59	137	85	111	5.27600000000000e+02	1.63362817986669e+03	3.00000000000000e-02	0.00000000000000e+00	0.00000000000000e+00	4.69504782154639e+02	3.88866455379434e+00
60	138	86	112	4.95920000000000e+02	1.63362817986669e+03	3.00000000000000e-02	0.00000000000000e+00	0.00000000000000e+00	4.73650638218652e+02	1.53148745417419e+00
61	139	87	113	4.94970000000000e+02	1.63362817986669e+03	3.00000000000000e-02	0.00000000000000e+00	0.00000000000000e+00	4.70587245911247e+02	1.68385935021718e+00
62	140	88	114	4.75710000000000e+02	1.63362817986669e+03	3.00000000000000e-02	0.00000000000000e+00	0.00000000000000e+00	4.58173307204530e+02	1.25203041069124e+00
63	141	89	115	5.00480000000000e+02	1.63362817986669e+03	3.00000000000000e-02	0.00000000000000e+00	0.00000000000000e+00	4.55665358745354e+02	3.12696534039570e+00
64	142	90	116	5.04370000000000e+02	1.63362817986669e+03	3.00000000000000e-02	0.00000000000000e+00	0.00000000000000e+00	4.49353984732254e+02	3.84997212938215e+00
65	143	91	117	5.13390000000000e+02	1.63362817986669e+03	3.00000000000000e-02	0.00000000000000e+00	0.00000000000000e+00	4.54478295882800e+02	4.06285438711370e+00
66	144	92	118	5.01800000000000e+02	1.63362817986669e+03	3.00000000000000e-02	0.00000000000000e+00	0.00000000000000e+00	4.53180948308558e+02	3.39700479387354e+00
67	145	93	119	5.13640000000000e+02	1.63362817986669e+03	3.00000000000000e-02	0.00000000000000e+00	0.00000000000000e+00	4.36955794586737e+02	5.38968658454143e+00
68	146	94	120	4.09670000000000e+02	1.63362817986669e+03	3.00000000000000e-02	0.00000000000000e+00	0.00000000000000e+00	4.24528092317419e+02	-1.18754078088810e+00
69	147	95	121	4.46280000000000e+02	1.63362817986669e+03	3.00000000000000e-02	0.00000000000000e+00	0.00000000000000e+00	4.15464767005498e+02	2.38495812140821e+00
70	148	96	122	3.08540000000000e+02	1.63362817986669e+03	3.00000000000000e-02	0.00000000000000e+00	0.00000000000000e+00	3.95002618154291e+02	-8.23469661780241e+00
71	149	97	123	3.68860000000000e+02	1.63362817986669e+03	3.00000000000000e-02	0.00000000000000e+00	0.00000000000000e+00	3.73475651175516e+02	-4.14521441023859e-01
72	150	98	124	4.29180000000000e+02	1.63362817986669e+03	3.00000000000000e-02	0.00000000000000e+00	0.00000000000000e+00	3.59976825572657e+02	5.86122517931784e+00
73	151	99	125	3.58990000000000e+02	1.63362817986669e+03	3.00000000000000e-02	0.00000000000000e+00	0.00000000000000e+00	3.43133177215185e+02	1.50586297915870e+00
74	152	100	126	3.82420000000000e+02	1.63362817986669e+03	3.00000000000000e-02	0.00000000000000e+00	0.00000000000000e+00	3.44177685091443e+02	3.51204768722200e+00
75	153	101	127	3.83300000000000e+02	1.63362817986669e+03	3.00000000000000e-02	0.00000000000000e+00	0.00000000000000e+00	3.42802521516391e+02	3.72211433470622e+00
76	154	102	128	3.74190000000000e+02	1.63362817986669e+03	3.00000000000000e-02	0.00000000000000e+00	0.00000000000000e+00	3.35936303319661e+02	3.59473737557439e+00
77	155	103	129	3.58050000000000e+02	1.63362817986669e+03	3.00000000000000e-02	0.00000000000000e+00	0.00000000000000e+00	3.30893528865288e+02	2.62919942935807e+00
78	156	104	130	3.42300000000000e+02	1.63362817986669e+03	3.00000000000000e-02	0.00000000000000e+00	0.00000000000000e+00	3.03943526606554e+02	3.96152097094934e+00
79	157	105	131	3.21030000000000e+02	1.63362817986669e+03	3.00000000000000e-02	0.00000000000000e+00	0.00000000000000e+00	2.87172942439683e+02	3.71499851773773e+00
80	158	106	132	3.29600000000000e+02	1.63362817986669e+03	3.00000000000000e-02	0.00000000000000e+00	0.00000000000000e+00	2.88413548854758e+02	4.44948047808630e+00
81	159	107	133	3.44110000000000e+02	1.63362817986669e+03	3.00000000000000e-02	0.00000000000000e+00	0.00000000000000e+00	2.93586233133532e+02	5.29299893105725e+00
82	160	108	134	3.14680000000000e+02	1.63362817986669e+03	3.00000000000000e-02	0.00000000000000e+00	0.00000000000000e+00	2.84048299744083e+02	3.41373187461995e+00
83	161	109	135	2.71840000000000e+02	1.63362817986669e+03	3.00000000000000e-02	0.00000000000000e+00	0.00000000000000e+00	2.31222173328611e+02	5.39448734411533e+00
84	162	110	136	2.28090000000000e+02	1.63362817986669e+03	3.00000000000000e-02	0.00000000000000e+00	0.00000000000000e+00	2.03118309871597e+02	3.86505571278703e+00
85	163	111	137	2.18280000000000e+02	1.63362817986669e+03	3.00000000000000e-02	0.00000000000000e+00	0.00000000000000e+00	1.84226992502546e+02	5.65366633769526e+00
86	164	112	138	2.01430000000000e+02	1.63362817986669e+03	3.00000000000000e-02	0.00000000000000e+00	0.00000000000000e+00	1.71966143350759e+02	5.27147700121894e+00
87	165	113	139	1.94790000000000e+02	1.63362817986669e+03	3.00000000000000e-02	0.00000000000000e+00	0.00000000000000e+00	1.59071923876726e+02	6.75218679407967e+00
88	166	114	140	1.30870000000000e+02	1.63362817986669e+03	3.00000000000000e-02	0.00000000000000e+00	0.00000000000000e+00	1.61602589800785e+02	-7.03119026287163e+00
89	167	115	141	6.85100000000000e+01	1.63362817986669e+03	3.00000000000000e-02	0.00000000000000e+00	0.00000000000000e+00	1.58780993428881e+02	-2.80182044299983e+01
90	168	116	142	7.13400000000000e+01	1.63362817986669e+03	3.00000000000000e-02	0.00000000000000e+00	0.00000000000000e+00	1.57873085884721e+02	-2.64778092140260e+01
91	169	117	143	1.22440000000000e+02	1.63362817986669e+03	3.00000000000000e-02	0.00000000000000e+00	0.00000000000000e+00	1.58104151251277e+02	-8.52109623057773e+00
92	170	118	144	1.73530000000000e+02	1.63362817986669e+03	3.00000000000000e-02	0.00000000000000e+00	0.00000000000000e+00	1.58396136490207e+02	3.04171356214002e+00
93	171	119	145	1.55950000000000e+02	1.63362817986669e+03	3.00000000000000e-02	0.00000000000000e+00	0.00000000000000e+00	1.60413999688312e+02	-9.40750947408464e-01
94	172	120	146	1.86710000000000e+02	1.63362817986669e+03	3.00000000000000e-02	0.00000000000000e+00	0.00000000000000e+00	1.62703444439044e+02	4.58758088281238e+00
95	173	121	147	1.87800000000000e+02	1.63362817986669e+03	3.00000000000000e-02	0.00000000000000e+00	0.00000000000000e+00	1.63471812628910e+02	4.62456637075300e+00
96	174	122	148	1.65290000000000e+02	1.63362817986669e+03	3.00000000000000e-02	0.00000000000000e+00	0.00000000000000e+00	1.70509157211406e+02	-1.03624987789572e+00
97	175	123	149	1.42780000000000e+02	1.63362817986669e+03	3.00000000000000e-02	0.00000000000000e+00	0.00000000000000e+00	1.77362616289663e+02	-7.22971108066132e+00
98	176	124	150	3.69500000000000e+02	1.63362817986669e+03	3.00000000000000e-02	0.00000000000000e+00	0.00000000000000e+00	1.79173661102615e+02	2.41265077034756e+01
1	82	28	55	4.62750000000000e+02	1.69646003293849e+03	3.00000000000000e-02	0.00000000000000e+00	0.00000000000000e+00	5.27244932374713e+02	-4.34927521437753e+00
3	83	29	56	5.56010000000000e+02	1.69646003293849e+03	3.00000000000000e-02	0.00000000000000e+00	0.00000000000000e+00	4.83330430847137e+02	4.66952460385762e+00
4	84	30	57	5.01060000000000e+02	1.69646003293849e+03	3.00000000000000e-02	0.00000000000000e+00	0.00000000000000e+00	4.32942203953286e+02	4.87072044892125e+00
2	85	31	58	4.73790000000000e+02	1.69646003293849e+03	3.00000000000000e-02	0.00000000000000e+00	0.00000000000000e+00	4.01331591955694e+02	5.53253957798863e+00
5	86	32	59	4.50340000000000e+02	1.69646003293849e+03	3.00000000000000e-02	0.00000000000000e+00	0.00000000000000e+00	3.81170438676326e+02	5.55854107756243e+00
6	87	33	60	5.10700000000000e+02	1.69646003293849e+03	3.00000000000000e-02	0.00000000000000e+00	0.00000000000000e+00	3.87471961864291e+02	9.20462813191009e+00
7	88	34	61	4.40840000000000e+02	1.69646003293849e+03	3.00000000000000e-02	0.00000000000000e+00	0.00000000000000e+00	3.83734135518018e+02	4.62440134820478e+00
8	89	35	62	4.43680000000000e+02	1.69646003293849e+03	3.00000000000000e-02	0.00000000000000e+00	0.00000000000000e+00	3.75608961497857e+02	5.55183252216708e+00
9	90	36	63	4.19880000000000e+02	1.69646003293849e+03	3.00000000000000e-02	0.00000000000000e+00	0.00000000000000e+00	3.71748190663501e+02	4.05840793059520e+00
10	91	37	64	4.15360000000000e+02	1.69646003293849e+03	3.00000000000000e-02	0.00000000000000e+00	0.00000000000000e+00	3.72291205530588e+02	3.64897518242711e+00
11	92	38	65	4.33180000000000e+02	1.69646003293849e+03	3.00000000000000e-02	0.00000000000000e+00	0.00000000000000e+00	3.82930576495112e+02	4.10998785578573e+00
12	93	39	66	4.36320000000000e+02	1.69646003293849e+03	3.00000000000000e-02	0.00000000000000e+00	0.00000000000000e+00	3.82533389147430e+02	4.38533259172322e+00
13	94	40	67	4.10340000000000e+02	1.69646003293849e+03	3.00000000000000e-02	0.00000000000000e+00	0.00000000000000e+00	3.76469600152710e+02	2.87162612147733e+00
14	95	41	68	3.34460000000000e+02	1.69646003293849e+03	3.00000000000000e-02	0.00000000000000e+00	0.00000000000000e+00	3.76308310531185e+02	-3.92971637527359e+00
15	96	42	69	2.58590000000000e+02	1.69646003293849e+03	3.00000000000000e-02	0.00000000000000e+00	0.00000000000000e+00	3.62872611355731e+02	-1.12936014646450e+01
16	97	43	70	3.18090000000000e+02	1.69646003293849e+03	3.00000000000000e-02	0.00000000000000e+00	0.00000000000000e+00	3.49969898815302e+02	-3.18375952647626e+00
17	98	44	71	3.77600000000000e+02	1.69646003293849e+03	3.00000000000000e-02	0.00000000000000e+00	0.00000000000000e+00	3.48868909486691e+02	2.63797333824976e+00
18	99	45	72	4.05090000000000e+02	1.69646003293849e+03	3.00000000000000e-02	0.00000000000000e+00	0.00000000000000e+00	3.36696250251131e+02	6.16426917671082e+00
19	100	46	73	4.05960000000000e+02	1.69646003293849e+03	3.00000000000000e-02	0.00000000000000e+00	0.00000000000000e+00	3.39801266695127e+02	5.92978985276756e+00
20	101	47	74	4.14370000000000e+02	1.69646003293849e+03	3.00000000000000e-02	0.00000000000000e+00	0.00000000000000e+00	3.41065708272761e+02	6.48947142998981e+00
21	102	48	75	3.67520000000000e+02	1.69646003293849e+03	3.00000000000000e-02	0.00000000000000e+00	0.00000000000000e+00	3.18846113398849e+02	4.73563852293918e+00
22	103	49	76	2.88350000000000e+02	1.69646003293849e+03	3.00000000000000e-02	0.00000000000000e+00	0.00000000000000e+00	3.03828441004450e+02	-1.74293944148577e+00
23	104	50	77	2.09190000000000e+02	1.69646003293849e+03	3.00000000000000e-02	0.00000000000000e+00	0.00000000000000e+00	2.86031793200648e+02	-1.04286679925893e+01
24	105	51	78	3.00910000000000e+02	1.69646003293849e+03	3.00000000000000e-02	0.00000000000000e+00	0.00000000000000e+00	2.78378657777247e+02	2.59429838257903e+00
25	106	52	79	3.23220000000000e+02	1.69646003293849e+03	3.00000000000000e-02	0.00000000000000e+00	0.00000000000000e+00	2.81684674062874e+02	4.58483125635999e+00
26	107	53	80	3.02110000000000e+02	1.69646003293849e+03	3.00000000000000e-02	0.00000000000000e+00	0.00000000000000e+00	2.97433170895918e+02	5.20054178647052e-01
27	108	54	81	2.83990000000000e+02	1.69646003293849e+03	3.00000000000000e-02	0.00000000000000e+00	0.00000000000000e+00	3.39497889719455e+02	-5.95095682857748e+00
28	109	55	82	2.65860000000000e+02	1.69646003293849e+03	3.00000000000000e-02	0.00000000000000e+00	0.00000000000000e+00	3.51761150496119e+02	-9.33275137042164e+00
29	110	56	83	3.59260000000000e+02	1.69646003293849e+03	3.00000000000000e-02	0.00000000000000e+00	0.00000000000000e+00	3.56553752491472e+02	2.52045115835179e-01
30	111	57	84	4.52670000000000e+02	1.69646003293849e+03	3.00000000000000e-02	0.00000000000000e+00	0.00000000000000e+00	3.92376925268375e+02	4.76468204461960e+00
31	112	58	85	4.47610000000000e+02	1.69646003293849e+03	3.00000000000000e-02	0.00000000000000e+00	0.00000000000000e+00	4.41755240696969e+02	4.38878098146933e-01
32	113	59	86	4.31760000000000e+02	1.69646003293849e+03	3.00000000000000e-02	0.00000000000000e+00	0.00000000000000e+00	4.83816483977886e+02	-3.79452637233155e+00
33	114	60	87	4.75990000000000e+02	1.69646003293849e+03	3.00000000000000e-02	0.00000000000000e+00	0.00000000000000e+00	4.81268062453584e+02	-3.67585722045879e-01
34	115	61	88	3.78150000000000e+02	1.69646003293849e+03	3.00000000000000e-02	0.00000000000000e+00	0.00000000000000e+00	4.89082187088383e+02	-8.57465349352478e+00
35	116	62	89	4.18920000000000e+02	1.69646003293849e+03	3.00000000000000e-02	0.00000000000000e+00	0.00000000000000e+00	5.09691451337333e+02	-6.53751914502957e+00
36	117	63	90	4.59690000000000e+02	1.69646003293849e+03	3.00000000000000e-02	0.00000000000000e+00	0.00000000000000e+00	5.27689186022488e+02	-4.59850327606259e+00
37	118	64	91	5.21430000000000e+02	1.69646003293849e+03	3.00000000000000e-02	0.00000000000000e+00	0.00000000000000e+00	5.36241046176861e+02	-9.33624525108160e-01
38	119	65	92	4.83250000000000e+02	1.69646003293849e+03	3.00000000000000e-02	0.00000000000000e+00	0.00000000000000e+00	5.27673424246787e+02	-2.93144865248633e+00
39	120	66	93	5.17370000000000e+02	1.69646003293849e+03	3.00000000000000e-02	0.00000000000000e+00	0.00000000000000e+00	5.30181692818195e+02	-8.15382619465529e-01
40	121	67	94	5.42580000000000e+02	1.69646003293849e+03	3.00000000000000e-02	0.00000000000000e+00	0.00000000000000e+00	5.36622216746088e+02	3.68040001308945e-01
41	122	68	95	3.81830000000000e+02	1.69646003293849e+03	3.00000000000000e-02	0.00000000000000e+00	0.00000000000000e+00	5.38883888485453e+02	-1.14841548026024e+01
42	123	69	96	5.53830000000000e+02	1.69646003293849e+03	3.00000000000000e-02	0.00000000000000e+00	0.00000000000000e+00	5.55634170161062e+02	-1.08410996942373e-01
43	124	70	97	5.37700000000000e+02	1.69646003293849e+03	3.00000000000000e-02	0.00000000000000e+00	0.00000000000000e+00	5.61867907683020e+02	-1.46553329139894e+00
44	125	71	98	6.05750000000000e+02	1.69646003293849e+03	3.00000000000000e-02	0.00000000000000e+00	0.00000000000000e+00	5.50936132095526e+02	3.16161566581374e+00
45	126	72	99	5.92950000000000e+02	1.69646003293849e+03	3.00000000000000e-02	0.00000000000000e+00	0.00000000000000e+00	5.59548441145080e+02	1.93266583529414e+00
46	127	73	100	5.94510000000000e+02	1.69646003293849e+03	3.00000000000000e-02	0.00000000000000e+00	0.00000000000000e+00	5.55825537441328e+02	2.24276911389116e+00
47	128	74	101	5.85110000000000e+02	1.69646003293849e+03	3.00000000000000e-02	0.00000000000000e+00	0.00000000000000e+00	5.58113687431151e+02	1.57457270662293e+00
48	129	75	102	7.30810000000000e+02	1.69646003293849e+03	3.00000000000000e-02	0.00000000000000e+00	0.00000000000000e+00	6.00656096408645e+02	6.53769854143820e+00
49	130	76	103	6.43620000000000e+02	1.69646003293849e+03	3.00000000000000e-02	0.00000000000000e+00	0.00000000000000e+00	6.23602849787900e+02	1.05315942556678e+00
50	131	77	104	6.83210000000000e+02	1.69646003293849e+03	3.00000000000000e-02	0.00000000000000e+00	0.00000000000000e+00	6.42936764451791e+02	2.02519681740287e+00
51	132	78	105	6.56040000000000e+02	1.69646003293849e+03	3.00000000000000e-02	0.00000000000000e+00	0.00000000000000e+00	6.51127418281822e+02	2.50547087698797e-01
52	133	79	106	6.66470000000000e+02	1.69646003293849e+03	3.00000000000000e-02	0.00000000000000e+00	0.00000000000000e+00	6.61130966614600e+02	2.68105768858836e-01
53	134	80	107	6.84150000000000e+02	1.69646003293849e+03	3.00000000000000e-02	0.00000000000000e+00	0.00000000000000e+00	6.51538808778823e+02	1.62800762289625e+00
54	135	81	108	6.36410000000000e+02	1.69646003293849e+03	3.00000000000000e-02	0.00000000000000e+00	0.00000000000000e+00	6.05892835450530e+02	1.63799594957027e+00
55	136	82	109	5.60290000000000e+02	1.69646003293849e+03	3.00000000000000e-02	0.00000000000000e+00	0.00000000000000e+00	5.58716132525790e+02	9.37658556269779e-02
56	137	83	110	5.51310000000000e+02	1.69646003293849e+03	3.00000000000000e-02	0.00000000000000e+00	0.00000000000000e+00	5.12950230001090e+02	2.40394804843046e+00
57	138	84	111	5.14400000000000e+02	1.69646003293849e+03	3.00000000000000e-02	0.00000000000000e+00	0.00000000000000e+00	4.79332928173893e+02	2.35352561890065e+00
58	139	85	112	4.80340000000000e+02	1.69646003293849e+03	3.00000000000000e-02	0.00000000000000e+00	0.00000000000000e+00	4.56700617320482e+02	1.68220381991887e+00
59	140	86	113	4.50910000000000e+02	1.69646003293849e+03	3.00000000000000e-02	0.00000000000000e+00	0.00000000000000e+00	4.49895931605653e+02	7.50490042406682e-02
60	141	87	114	5.14110000000000e+02	1.69646003293849e+03	3.00000000000000e-02	0.00000000000000e+00	0.00000000000000e+00	4.56257295919967e+02	3.97934515048532e+00
61	142	88	115	5.01570000000000e+02	1.69646003293849e+03	3.00000000000000e-02	0.00000000000000e+00	0.00000000000000e+00	4.55046243685090e+02	3.24480435528072e+00
62	143	89	116	4.82440000000000e+02	1.69646003293849e+03	3.00000000000000e-02	0.00000000000000e+00	0.00000000000000e+00	4.49500463662738e+02	2.35732250987131e+00
63	144	90	117	5.05520000000000e+02	1.69646003293849e+03	3.00000000000000e-02	0.00000000000000e+00	0.00000000000000e+00	4.47921926958270e+02	4.03228851398199e+00
64	145	91	118	5.09950000000000e+02	1.69646003293849e+03	3.00000000000000e-02	0.00000000000000e+00	0.00000000000000e+00	4.53077462025389e+02	3.94165243278059e+00
65	146	92	119	5.28920000000000e+02	1.69646003293849e+03	3.00000000000000e-02	0.00000000000000e+00	0.00000000000000e+00	4.57791500260796e+02	4.81411169442314e+00
66	147	93	120	4.74770000000000e+02	1.69646003293849e+03	3.00000000000000e-02	0.00000000000000e+00	0.00000000000000e+00	4.44137496797337e+02	2.22320947590067e+00
67	148	94	121	5.18350000000000e+02	1.69646003293849e+03	3.00000000000000e-02	0.00000000000000e+00	0.00000000000000e+00	4.31344921479782e+02	6.12475459548370e+00
68	149	95	122	4.39770000000000e+02	1.69646003293849e+03	3.00000000000000e-02	0.00000000000000e+00	0.00000000000000e+00	4.22096997702302e+02	1.36722409903077e+00
69	150	96	123	4.69250000000000e+02	1.69646003293849e+03	3.00000000000000e-02	0.00000000000000e+00	0.00000000000000e+00	3.99004366139484e+02	5.40544386437170e+00
70	151	97	124	3.62700000000000e+02	1.69646003293849e+03	3.00000000000000e-02	0.00000000000000e+00	0.00000000000000e+00	3.76132166423403e+02	-1.21215139274466e+00
71	152	98	125	4.42820000000000e+02	1.69646003293849e+03	3.00000000000000e-02	0.00000000000000e+00	0.00000000000000e+00	3.67156781621826e+02	6.24581374072149e+00
72	153	99	126	3.76400000000000e+02	1.69646003293849e+03	3.00000000000000e-02	0.00000000000000e+00	0.00000000000000e+00	3.46975982738479e+02	2.71322813899705e+00
73	154	100	127	3.73160000000000e+02	1.69646003293849e+03	3.00000000000000e-02	0.00000000000000e+00	0.00000000000000e+00	3.46845080019869e+02	2.43763523702946e+00
74	155	101	128	3.93060000000000e+02	1.69646003293849e+03	3.00000000000000e-02	0.00000000000000e+00	0.00000000000000e+00	3.49436035918047e+02	3.92139143395651e+00
75	156	102	129	4.02040000000000e+02	1.69646003293849e+03	3.00000000000000e-02	0.00000000000000e+00	0.00000000000000e+00	3.48276851306630e+02	4.78512909774409e+00
76	157	103	130	4.38660000000000e+02	1.69646003293849e+03	3.00000000000000e-02	0.00000000000000e+00	0.00000000000000e+00	3.43791219483721e+02	8.12300241719678e+00
77	158	104	131	4.00810000000000e+02	1.69646003293849e+03	3.00000000000000e-02	0.00000000000000e+00	0.00000000000000e+00	3.13905979670352e+02	8.14646620966117e+00
78	159	105	132	3.36430000000000e+02	1.69646003293849e+03	3.00000000000000e-02	0.00000000000000e+00	0.00000000000000e+00	2.93175537743020e+02	4.58728563734502e+00
79	160	106	133	3.11410000000000e+02	1.69646003293849e+03	3.00000000000000e-02	0.00000000000000e+00	0.00000000000000e+00	2.80076763969019e+02	3.53488830982969e+00
80	161	107	134	2.95470000000000e+02	1.69646003293849e+03	3.00000000000000e-02	0.00000000000000e+00	0.00000000000000e+00	2.59738662535482e+02	4.29637758081925e+00
81	162	108	135	2.85810000000000e+02	1.69646003293849e+03	3.00000000000000e-02	0.00000000000000e+00	0.00000000000000e+00	2.48642189617944e+02	4.64374602892717e+00
82	163	109	136	2.55010000000000e+02	1.69646003293849e+03	3.00000000000000e-02	0.00000000000000e+00	0.00000000000000e+00	2.14524887410892e+02	5.76256677375054e+00
83	164	110	137	2.43110000000000e+02	1.69646003293849e+03	3.00000000000000e-02	0.00000000000000e+00	0.00000000000000e+00	1.89180698122759e+02	8.36037942587990e+00
84	165	111	138	2.11680000000000e+02	1.69646003293849e+03	3.00000000000000e-02	0.00000000000000e+00	0.00000000000000e+00	1.60917108186642e+02	9.13954413165410e+00
85	166	112	139	2.00830000000000e+02	1.69646003293849e+03	3.00000000000000e-02	0.00000000000000e+00	0.00000000000000e+00	1.61747954944088e+02	7.21398296869058e+00
86	167	113	140	1.27510000000000e+02	1.69646003293849e+03	3.00000000000000e-02	0.00000000000000e+00	0.00000000000000e+00	1.58522836340585e+02	-7.25679559674160e+00
87	168	114	141	1.24240000000000e+02	1.69646003293849e+03	3.00000000000000e-02	0.00000000000000e+00	0.00000000000000e+00	1.57217549667660e+02	-7.84717780102477e+00
88	169	115	142	1.20970000000000e+02	1.69646003293849e+03	3.00000000000000e-02	0.00000000000000e+00	0.00000000000000e+00	1.57031871253296e+02	-8.69687351292866e+00
89	170	116	143	1.41620000000000e+02	1.69646003293849e+03	3.00000000000000e-02	0.00000000000000e+00	0.00000000000000e+00	1.57778978167468e+02	-3.60159223700623e+00
90	171	117	144	1.62270000000000e+02	1.69646003293849e+03	3.00000000000000e-02	0.00000000000000e+00	0.00000000000000e+00	1.59832481933872e+02	5.04511190187558e-01
91	172	118	145	1.39240000000000e+02	1.69646003293849e+03	3.00000000000000e-02	0.00000000000000e+00	0.00000000000000e+00	1.60178129154155e+02	-4.66958134123869e+00
92	173	119	146	1.68650000000000e+02	1.69646003293849e+03	3.00000000000000e-02	0.00000000000000e+00	0.00000000000000e+00	1.60396450085172e+02	1.67256659862440e+00
93	174	120	147	1.72970000000000e+02	1.69646003293849e+03	3.00000000000000e-02	0.00000000000000e+00	0.00000000000000e+00	1.63844348528535e+02	1.80670954150145e+00
94	175	121	148	2.59520000000000e+02	1.69646003293849e+03	3.00000000000000e-02	0.00000000000000e+00	0.00000000000000e+00	1.66189925742065e+02	1.48567501871083e+01
95	176	122	149	3.46070000000000e+02	1.69646003293849e+03	3.00000000000000e-02	0.00000000000000e+00	0.00000000000000e+00	1.69698568357516e+02	2.37539110281168e+01
1	85	29	57	5.05990000000000e+02	1.75929188601028e+03	3.00000000000000e-02	0.00000000000000e+00	0.00000000000000e+00	4.39323055733788e+02	4.70939579170979e+00
3	86	30	58	4.83890000000000e+02	1.75929188601028e+03	3.00000000000000e-02	0.00000000000000e+00	0.00000000000000e+00	4.19214442020305e+02	4.78250081204286e+00
4	87	31	59	5.46300000000000e+02	1.75929188601028e+03	3.00000000000000e-02	0.00000000000000e+00	0.00000000000000e+00	3.97012784640432e+02	1.06399930702826e+01
2	88	32	60	4.31850000000000e+02	1.75929188601028e+03	3.00000000000000e-02	0.00000000000000e+00	0.00000000000000e+00	3.85273416797698e+02	3.80416833306227e+00
5	89	33	61	4.14960000000000e+02	1.75929188601028e+03	3.00000000000000e-02	0.00000000000000e+00	0.00000000000000e+00	3.87014873557071e+02	2.32396682626274e+00
6	90	34	62	4.37980000000000e+02	1.75929188601028e+03	3.00000000000000e-02	0.00000000000000e+00	0.00000000000000e+00	3.81987539047708e+02	4.55950864842934e+00
7	91	35	63	4.49080000000000e+02	1.75929188601028e+03	3.00000000000000e-02	0.00000000000000e+00	0.00000000000000e+00	3.83161840315361e+02	5.29145286976508e+00
8	92	36	64	4.42160000000000e+02	1.75929188601028e+03	3.00000000000000e-02	0.00000000000000e+00	0.00000000000000e+00	3.79869159274931e+02	5.06149772643581e+00
9	93	37	65	4.05900000000000e+02	1.75929188601028e+03	3.00000000000000e-02	0.00000000000000e+00	0.00000000000000e+00	3.72535840072536e+02	2.85911918979244e+00
10	94	38	66	4.13820000000000e+02	1.75929188601028e+03	3.00000000000000e-02	0.00000000000000e+00	0.00000000000000e+00	3.69101568332242e+02	3.81197458576533e+00
11	95	39	67	3.63180000000000e+02	1.75929188601028e+03	3.00000000000000e-02	0.00000000000000e+00	0.00000000000000e+00	3.68496143970499e+02	-4.84388943983867e-01
12	96	40	68	4.26650000000000e+02	1.75929188601028e+03	3.00000000000000e-02	0.00000000000000e+00	0.00000000000000e+00	3.60541353273642e+02	5.61191146508306e+00
13	97	41	69	2.91260000000000e+02	1.75929188601028e+03	3.00000000000000e-02	0.00000000000000e+00	0.00000000000000e+00	3.44147125996225e+02	-5.56176395781218e+00
14	98	42	70	3.78410000000000e+02	1.75929188601028e+03	3.00000000000000e-02	0.00000000000000e+00	0.00000000000000e+00	3.39787616387030e+02	3.58858330482474e+00
15	99	43	71	3.94050000000000e+02	1.75929188601028e+03	3.00000000000000e-02	0.00000000000000e+00	0.00000000000000e+00	3.39173836016243e+02	4.99883460809993e+00
16	100	44	72	3.83520000000000e+02	1.75929188601028e+03	3.00000000000000e-02	0.00000000000000e+00	0.00000000000000e+00	3.41497517374496e+02	3.86837871562899e+00
17	101	45	73	4.07050000000000e+02	1.75929188601028e+03	3.00000000000000e-02	0.00000000000000e+00	0.00000000000000e+00	3.40938861293876e+02	5.90776197348655e+00
18	102	46	74	4.06450000000000e+02	1.75929188601028e+03	3.00000000000000e-02	0.00000000000000e+00	0.00000000000000e+00	3.38775141804479e+02	6.07081104679249e+00
19	103	47	75	3.13330000000000e+02	1.75929188601028e+03	3.00000000000000e-02	0.00000000000000e+00	0.00000000000000e+00	3.32025469074398e+02	-1.93182439373822e+00
20	104	48	76	2.20200000000000e+02	1.75929188601028e+03	3.00000000000000e-02	0.00000000000000e+00	0.00000000000000e+00	2.88467050303796e+02	-9.00148815838720e+00
21	105	49	77	3.18030000000000e+02	1.75929188601028e+03	3.00000000000000e-02	0.00000000000000e+00	0.00000000000000e+00	2.65456881006852e+02	6.02310990714600e+00
22	106	50	78	2.68770000000000e+02	1.75929188601028e+03	3.00000000000000e-02	0.00000000000000e+00	0.00000000000000e+00	2.61663100172215e+02	8.93273205709585e-01
23	107	51	79	2.84310000000000e+02	1.75929188601028e+03	3.00000000000000e-02	0.00000000000000e+00	0.00000000000000e+00	2.48250173018962e+02	4.52093974235481e+00
24	108	52	80	2.75980000000000e+02	1.75929188601028e+03	3.00000000000000e-02	0.00000000000000e+00	0.00000000000000e+00	2.51866880128209e+02	3.04759016154964e+00
25	109	53	81	3.15970000000000e+02	1.75929188601028e+03	3.00000000000000e-02	0.00000000000000e+00	0.00000000000000e+00	2.64265461992909e+02	5.95643788625238e+00
26	110	54	82	4.37880000000000e+02	1.75929188601028e+03	3.00000000000000e-02	0.00000000000000e+00	0.00000000000000e+00	2.86167808185214e+02	1.41788839858630e+01
27	111	55	83	3.96920000000000e+02	1.75929188601028e+03	3.00000000000000e-02	0.00000000000000e+00	0.00000000000000e+00	3.19769846632032e+02	7.20444137655421e+00
28	112	56	84	3.55960000000000e+02	1.75929188601028e+03	3.00000000000000e-02	0.00000000000000e+00	0.00000000000000e+00	3.40955848080499e+02	1.43551246193043e+00
29	113	57	85	3.05980000000000e+02	1.75929188601028e+03	3.00000000000000e-02	0.00000000000000e+00	0.00000000000000e+00	3.59646879245805e+02	-5.38676395795559e+00
30	114	58	86	2.55220000000000e+02	1.75929188601028e+03	3.00000000000000e-02	0.00000000000000e+00	0.00000000000000e+00	3.94142474454153e+02	-1.44862178638863e+01
31	115	59	87	3.50020000000000e+02	1.75929188601028e+03	3.00000000000000e-02	0.00000000000000e+00	0.00000000000000e+00	4.37748027681853e+02	-7.45510566222179e+00
32	116	60	88	4.44810000000000e+02	1.75929188601028e+03	3.00000000000000e-02	0.00000000000000e+00	0.00000000000000e+00	4.70544671164288e+02	-1.87478912822030e+00
33	117	61	89	5.02700000000000e+02	1.75929188601028e+03	3.00000000000000e-02	0.00000000000000e+00	0.00000000000000e+00	4.86703179312778e+02	1.07797071644683e+00
34	118	62	90	5.08080000000000e+02	1.75929188601028e+03	3.00000000000000e-02	0.00000000000000e+00	0.00000000000000e+00	5.05515942443158e+02	1.68644652094792e-01
35	119	63	91	4.19970000000000e+02	1.75929188601028e+03	3.00000000000000e-02	0.00000000000000e+00	0.00000000000000e+00	5.16447875909748e+02	-6.89303618073890e+00
36	120	64	92	5.27380000000000e+02	1.75929188601028e+03	3.00000000000000e-02	0.00000000000000e+00	0.00000000000000e+00	5.32757912671037e+02	-3.38192401744693e-01
37	121	65	93	5.26220000000000e+02	1.75929188601028e+03	3.00000000000000e-02	0.00000000000000e+00	0.00000000000000e+00	5.46794758793593e+02	-1.27847144410967e+00
38	122	66	94	4.83260000000000e+02	1.75929188601028e+03	3.00000000000000e-02	0.00000000000000e+00	0.00000000000000e+00	5.50331956825659e+02	-4.33222809754167e+00
39	123	67	95	5.34780000000000e+02	1.75929188601028e+03	3.00000000000000e-02	0.00000000000000e+00	0.00000000000000e+00	5.52048586080987e+02	-1.05935377652306e+00
40	124	68	96	5.90220000000000e+02	1.75929188601028e+03	3.00000000000000e-02	0.00000000000000e+00	0.00000000000000e+00	5.61324428069076e+02	1.67321024098068e+00
41	125	69	97	5.36070000000000e+02	1.75929188601028e+03	3.00000000000000e-02	0.00000000000000e+00	0.00000000000000e+00	5.77284380671480e+02	-2.46900854386327e+00
42	126	70	98	6.58930000000000e+02	1.75929188601028e+03	3.00000000000000e-02	0.00000000000000e+00	0.00000000000000e+00	5.80982711886206e+02	4.19654355644209e+00
43	127	71	99	6.33850000000000e+02	1.75929188601028e+03	3.00000000000000e-02	0.00000000000000e+00	0.00000000000000e+00	5.74087378197130e+02	3.30102406087430e+00
44	128	72	100	6.47740000000000e+02	1.75929188601028e+03	3.00000000000000e-02	0.00000000000000e+00	0.00000000000000e+00	5.66185187952299e+02	4.48560564614156e+00
45	129	73	101	6.04350000000000e+02	1.75929188601028e+03	3.00000000000000e-02	0.00000000000000e+00	0.00000000000000e+00	5.64647505842099e+02	2.26506157735364e+00
46	130	74	102	5.95690000000000e+02	1.75929188601028e+03	3.00000000000000e-02	0.00000000000000e+00	0.00000000000000e+00	5.62636126363293e+02	1.90290967653620e+00
47	131	75	103	5.76840000000000e+02	1.75929188601028e+03	3.00000000000000e-02	0.00000000000000e+00	0.00000000000000e+00	5.65523929826563e+02	6.60410693521918e-01
48	132	76	104	7.08030000000000e+02	1.75929188601028e+03	3.00000000000000e-02	0.00000000000000e+00	0.00000000000000e+00	6.18714883641150e+02	4.49473023720985e+00
49	133	77	105	6.38720000000000e+02	1.75929188601028e+03	3.00000000000000e-02	0.00000000000000e+00	0.00000000000000e+00	6.28161021109749e+02	5.55654567982877e-01
50	134	78	106	6.39040000000000e+02	1.75929188601028e+03	3.00000000000000e-02	0.00000000000000e+00	0.00000000000000e+00	6.18502339530500e+02	1.08886919381167e+00
51	135	79	107	6.52730000000000e+02	1.75929188601028e+03	3.00000000000000e-02	0.00000000000000e+00	0.00000000000000e+00	6.44658991533315e+02	4.14736193940080e-01
52	136	80	108	6.89750000000000e+02	1.75929188601028e+03	3.00000000000000e-02	0.00000000000000e+00	0.00000000000000e+00	6.47935505585776e+02	2.08460167051380e+00
53	137	81	109	6.66140000000000e+02	1.75929188601028e+03	3.00000000000000e-02	0.00000000000000e+00	0.00000000000000e+00	6.12472835007493e+02	2.79984227441190e+00
54	138	82	110	5.99700000000000e+02	1.75929188601028e+03	3.00000000000000e-02	0.00000000000000e+00	0.00000000000000e+00	5.58477779661277e+02	2.37382327339780e+00
55	139	83	111	5.37780000000000e+02	1.75929188601028e+03	3.00000000000000e-02	0.00000000000000e+00	0.00000000000000e+00	5.09053530630951e+02	1.82987917809655e+00
56	140	84	112	4.99410000000000e+02	1.75929188601028e+03	3.00000000000000e-02	0.00000000000000e+00	0.00000000000000e+00	4.65206414537588e+02	2.36487307835829e+00
57	141	85	113	4.79130000000000e+02	1.75929188601028e+03	3.00000000000000e-02	0.00000000000000e+00	0.00000000000000e+00	4.41619493235206e+02	2.71744410192720e+00
58	142	86	114	4.65680000000000e+02	1.75929188601028e+03	3.00000000000000e-02	0.00000000000000e+00	0.00000000000000e+00	4.39122172175703e+02	1.95736773592694e+00
59	143	87	115	6.04260000000000e+02	1.75929188601028e+03	3.00000000000000e-02	0.00000000000000e+00	0.00000000000000e+00	4.43377673749276e+02	1.03194208455291e+01
60	144	88	116	5.05910000000000e+02	1.75929188601028e+03	3.00000000000000e-02	0.00000000000000e+00	0.00000000000000e+00	4.56159761384471e+02	3.45052285955854e+00
61	145	89	117	5.06230000000000e+02	1.75929188601028e+03	3.00000000000000e-02	0.00000000000000e+00	0.00000000000000e+00	4.55294221225959e+02	3.53490871470378e+00
62	146	90	118	5.43590000000000e+02	1.75929188601028e+03	3.00000000000000e-02	0.00000000000000e+00	0.00000000000000e+00	4.48714906397053e+02	6.39358508329699e+00
63	147	91	119	5.22540000000000e+02	1.75929188601028e+03	3.00000000000000e-02	0.00000000000000e+00	0.00000000000000e+00	4.56209254190524e+02	4.52499803025974e+00
64	148	92	120	5.13790000000000e+02	1.75929188601028e+03	3.00000000000000e-02	0.00000000000000e+00	0.00000000000000e+00	4.58129092119612e+02	3.82212055794122e+00
65	149	93	121	4.25530000000000e+02	1.75929188601028e+03	3.00000000000000e-02	0.00000000000000e+00	0.00000000000000e+00	4.49208263194452e+02	-1.80503890787822e+00
66	150	94	122	5.22770000000000e+02	1.75929188601028e+03	3.00000000000000e-02	0.00000000000000e+00	0.00000000000000e+00	4.37025997115511e+02	5.97163044966740e+00
67	151	95	123	4.38220000000000e+02	1.75929188601028e+03	3.00000000000000e-02	0.00000000000000e+00	0.00000000000000e+00	4.28143346557429e+02	7.75433533613127e-01
68	152	96	124	3.80560000000000e+02	1.75929188601028e+03	3.00000000000000e-02	0.00000000000000e+00	0.00000000000000e+00	4.08560930389270e+02	-2.36657358176675e+00
69	153	97	125	3.22890000000000e+02	1.75929188601028e+03	3.00000000000000e-02	0.00000000000000e+00	0.00000000000000e+00	3.80645051965195e+02	-5.48518702713903e+00
70	154	98	126	4.16200000000000e+02	1.75929188601028e+03	3.00000000000000e-02	0.00000000000000e+00	0.00000000000000e+00	3.65874319167095e+02	4.29586765946469e+00
71	155	99	127	3.91730000000000e+02	1.75929188601028e+03	3.00000000000000e-02	0.00000000000000e+00	0.00000000000000e+00	3.51901395840487e+02	3.57406053543195e+00
72	156	100	128	4.02970000000000e+02	1.75929188601028e+03	3.00000000000000e-02	0.00000000000000e+00	0.00000000000000e+00	3.56237616340297e+02	4.10880492199282e+00
73	157	101	129	4.06660000000000e+02	1.75929188601028e+03	3.00000000000000e-02	0.00000000000000e+00	0.00000000000000e+00	3.60659061777417e+02	4.00147902036843e+00
74	158	102	130	4.03030000000000e+02	1.75929188601028e+03	3.00000000000000e-02	0.00000000000000e+00	0.00000000000000e+00	3.56219086264427e+02	4.11550161479418e+00
75	159	103	131	4.38610000000000e+02	1.75929188601028e+03	3.00000000000000e-02	0.00000000000000e+00	0.00000000000000e+00	3.42970856760219e+02	8.19883858996588e+00
76	160	104	132	4.05450000000000e+02	1.75929188601028e+03	3.00000000000000e-02	0.00000000000000e+00	0.00000000000000e+00	3.03783143915336e+02	9.62278189726155e+00
77	161	105	133	3.25730000000000e+02	1.75929188601028e+03	3.00000000000000e-02	0.00000000000000e+00	0.00000000000000e+00	2.74230429467696e+02	5.73666936416878e+00
78	162	106	134	3.01380000000000e+02	1.75929188601028e+03	3.00000000000000e-02	0.00000000000000e+00	0.00000000000000e+00	2.65000737026778e+02	4.28797732581761e+00
79	163	107	135	2.82840000000000e+02	1.75929188601028e+03	3.00000000000000e-02	0.00000000000000e+00	0.00000000000000e+00	2.45886889926830e+02	4.66699111960528e+00
80	164	108	136	2.71260000000000e+02	1.75929188601028e+03	3.00000000000000e-02	0.00000000000000e+00	0.00000000000000e+00	2.26755752750206e+02	5.97347704693994e+00
81	165	109	137	2.41680000000000e+02	1.75929188601028e+03	3.00000000000000e-02	0.00000000000000e+00	0.00000000000000e+00	1.95748005000425e+02	7.02621312760495e+00
82	166	110	138	2.19950000000000e+02	1.75929188601028e+03	3.00000000000000e-02	0.00000000000000e+00	0.00000000000000e+00	1.72247153789540e+02	8.14899539185590e+00
83	167	111	139	1.64920000000000e+02	1.75929188601028e+03	3.00000000000000e-02	0.00000000000000e+00	0.00000000000000e+00	1.53440439466202e+02	2.40493442053851e+00
84	168	112	140	1.27110000000000e+02	1.75929188601028e+03	3.00000000000000e-02	0.00000000000000e+00	0.00000000000000e+00	1.56903315354918e+02	-7.01923121927684e+00
85	169	113	141	8.73700000000000e+01	1.75929188601028e+03	3.00000000000000e-02	0.00000000000000e+00	0.00000000000000e+00	1.58888912039231e+02	-1.99351105769726e+01
86	170	114	142	1.35990000000000e+02	1.75929188601028e+03	3.00000000000000e-02	0.00000000000000e+00	0.00000000000000e+00	1.60329013137050e+02	-5.48822274541972e+00
87	171	115	143	1.10770000000000e+02	1.75929188601028e+03	3.00000000000000e-02	0.00000000000000e+00	0.00000000000000e+00	1.59033723432673e+02	-1.20553432420941e+01
88	172	116	144	1.45200000000000e+02	1.75929188601028e+03	3.00000000000000e-02	0.00000000000000e+00	0.00000000000000e+00	1.59643380982030e+02	-3.16101187851784e+00
89	173	117	145	1.79630000000000e+02	1.75929188601028e+03	3.00000000000000e-02	0.00000000000000e+00	0.00000000000000e+00	1.61288351383013e+02	3.59018047832184e+00
90	174	118	146	1.87450000000000e+02	1.75929188601028e+03	3.00000000000000e-02	0.00000000000000e+00	0.00000000000000e+00	1.63736807341373e+02	4.50839459221249e+00
91	175	119	147	1.91040000000000e+02	1.75929188601028e+03	3.00000000000000e-02	0.00000000000000e+00	0.00000000000000e+00	1.63250312570322e+02	5.23993824589357e+00
92	176	120	148	3.57590000000000e+02	1.75929188601028e+03	3.00000000000000e-02	0.00000000000000e+00	0.00000000000000e+00	1.64798880819039e+02	2.58220417465612e+01
1	88	30	59	5.24140000000000e+02	1.82212373908208e+03	3.00000000000000e-02	0.00000000000000e+00	0.00000000000000e+00	4.27889233244022e+02	6.76314876510551e+00
3	89	31	60	4.78850000000000e+02	1.82212373908208e+03	3.00000000000000e-02	0.00000000000000e+00	0.00000000000000e+00	4.11366500418458e+02	5.06342834376655e+00
4	90	32	61	4.02510000000000e+02	1.82212373908208e+03	3.00000000000000e-02	0.00000000000000e+00	0.00000000000000e+00	3.79479267071156e+02	1.96399927169229e+00
2	91	33	62	4.25930000000000e+02	1.82212373908208e+03	3.00000000000000e-02	0.00000000000000e+00	0.00000000000000e+00	3.72991050100383e+02	4.42401961772193e+00
5	92	34	63	4.52780000000000e+02	1.82212373908208e+03	3.00000000000000e-02	0.00000000000000e+00	0.00000000000000e+00	3.84536304150020e+02	5.44560508992925e+00
6	93	35	64	4.58380000000000e+02	1.82212373908208e+03	3.00000000000000e-02	0.00000000000000e+00	0.00000000000000e+00	3.78962215739442e+02	6.34206763125199e+00
7	94	36	65	4.23090000000000e+02	1.82212373908208e+03	3.00000000000000e-02	0.00000000000000e+00	0.00000000000000e+00	3.70995812044359e+02	4.37980493728916e+00
8	95	37	66	3.38940000000000e+02	1.82212373908208e+03	3.00000000000000e-02	0.00000000000000e+00	0.00000000000000e+00	3.63540945151071e+02	-2.33562771569182e+00
9	96	38	67	4.06680000000000e+02	1.82212373908208e+03	3.00000000000000e-02	0.00000000000000e+00	0.00000000000000e+00	3.52061800371424e+02	4.80733019941123e+00
10	97	39	68	4.11030000000000e+02	1.82212373908208e+03	3.00000000000000e-02	0.00000000000000e+00	0.00000000000000e+00	3.38289030561904e+02	6.49218514837638e+00
11	98	40	69	3.67920000000000e+02	1.82212373908208e+03	3.00000000000000e-02	0.00000000000000e+00	0.00000000000000e+00	3.30247007863047e+02	3.60082133627169e+00
12	99	41	70	4.08150000000000e+02	1.82212373908208e+03	3.00000000000000e-02	0.00000000000000e+00	0.00000000000000e+00	3.27391108923498e+02	7.34930819821239e+00
13	100	42	71	3.87880000000000e+02	1.82212373908208e+03	3.00000000000000e-02	0.00000000000000e+00	0.00000000000000e+00	3.36000770065540e+02	4.78608538713476e+00
14	101	43	72	4.12820000000000e+02	1.82212373908208e+03	3.00000000000000e-02	0.00000000000000e+00	0.00000000000000e+00	3.40462026265303e+02	6.42360222285549e+00
15	102	44	73	3.88590000000000e+02	1.82212373908208e+03	3.00000000000000e-02	0.00000000000000e+00	0.00000000000000e+00	3.40442708532184e+02	4.40926495526674e+00
16	103	45	74	3.70980000000000e+02	1.82212373908208e+03	3.00000000000000e-02	0.00000000000000e+00	0.00000000000000e+00	3.33400727841737e+02	3.56009997985429e+00
17	104	46	75	3.78830000000000e+02	1.82212373908208e+03	3.00000000000000e-02	0.00000000000000e+00	0.00000000000000e+00	3.13300331549542e+02	6.33084331448828e+00
18	105	47	76	3.59390000000000e+02	1.82212373908208e+03	3.00000000000000e-02	0.00000000000000e+00	0.00000000000000e+00	2.96699343545511e+02	6.38962783453370e+00
19	106	48	77	2.95430000000000e+02	1.82212373908208e+03	3.00000000000000e-02	0.00000000000000e+00	0.00000000000000e+00	2.70532259904980e+02	2.93468568994906e+00
20	107	49	78	3.12330000000000e+02	1.82212373908208e+03	3.00000000000000e-02	0.00000000000000e+00	0.00000000000000e+00	2.53502310712913e+02	6.95624609755866e+00
21	108	50	79	2.41870000000000e+02	1.82212373908208e+03	3.00000000000000e-02	0.00000000000000e+00	0.00000000000000e+00	2.39201216535934e+02	3.69842793988144e-01
22	109	51	80	2.12550000000000e+02	1.82212373908208e+03	3.00000000000000e-02	0.00000000000000e+00	0.00000000000000e+00	2.18300438623682e+02	-8.89833933975600e-01
23	110	52	81	2.50380000000000e+02	1.82212373908208e+03	3.00000000000000e-02	0.00000000000000e+00	0.00000000000000e+00	2.14775484592019e+02	5.11288463441186e+00
24	111	53	82	2.81430000000000e+02	1.82212373908208e+03	3.00000000000000e-02	0.00000000000000e+00	0.00000000000000e+00	2.26716240952988e+02	7.20615177102593e+00
25	112	54	83	2.01970000000000e+02	1.82212373908208e+03	3.00000000000000e-02	0.00000000000000e+00	0.00000000000000e+00	2.59271120927840e+02	-8.32517138721555e+00
26	113	55	84	1.62230000000000e+02	1.82212373908208e+03	3.00000000000000e-02	0.00000000000000e+00	0.00000000000000e+00	2.91066276630002e+02	-1.94845304853095e+01
27	114	56	85	2.64080000000000e+02	1.82212373908208e+03	3.00000000000000e-02	0.00000000000000e+00	0.00000000000000e+00	3.32028919131099e+02	-7.63233277982076e+00
28	115	57	86	3.65920000000000e+02	1.82212373908208e+03	3.00000000000000e-02	0.00000000000000e+00	0.00000000000000e+00	3.49726701885726e+02	1.50875775232023e+00
29	116	58	87	2.10080000000000e+02	1.82212373908208e+03	3.00000000000000e-02	0.00000000000000e+00	0.00000000000000e+00	3.59830810215964e+02	-1.79381846267357e+01
30	117	59	88	3.14790000000000e+02	1.82212373908208e+03	3.00000000000000e-02	0.00000000000000e+00	0.00000000000000e+00	3.96561999081634e+02	-7.69755483062863e+00
31	118	60	89	4.19510000000000e+02	1.82212373908208e+03	3.00000000000000e-02	0.00000000000000e+00	0.00000000000000e+00	4.32019576320351e+02	-9.79451308278397e-01
32	119	61	90	6.20400000000000e+02	1.82212373908208e+03	3.00000000000000e-02	0.00000000000000e+00	0.00000000000000e+00	4.80219041972995e+02	8.53740313489911e+00
33	120	62	91	5.66420000000000e+02	1.82212373908208e+03	3.00000000000000e-02	0.00000000000000e+00	0.00000000000000e+00	4.99582153266593e+02	4.18545989738792e+00
34	121	63	92	5.12430000000000e+02	1.82212373908208e+03	3.00000000000000e-02	0.00000000000000e+00	0.00000000000000e+00	5.09748937532587e+02	1.74859705227881e-01
35	122	64	93	4.87300000000000e+02	1.82212373908208e+03	3.00000000000000e-02	0.00000000000000e+00	0.00000000000000e+00	5.32035330334529e+02	-2.92766492301203e+00
36	123	65	94	5.28800000000000e+02	1.82212373908208e+03	3.00000000000000e-02	0.00000000000000e+00	0.00000000000000e+00	5.49912612455057e+02	-1.30496968733006e+00
37	124	66	95	5.35500000000000e+02	1.82212373908208e+03	3.00000000000000e-02	0.00000000000000e+00	0.00000000000000e+00	5.63613147312075e+02	-1.70557390819657e+00
38	125	67	96	5.89760000000000e+02	1.82212373908208e+03	3.00000000000000e-02	0.00000000000000e+00	0.00000000000000e+00	5.75360216174914e+02	8.23978897239641e-01
39	126	68	97	6.68920000000000e+02	1.82212373908208e+03	3.00000000000000e-02	0.00000000000000e+00	0.00000000000000e+00	5.87497462459394e+02	4.32641815739965e+00
40	127	69	98	6.06020000000000e+02	1.82212373908208e+03	3.00000000000000e-02	0.00000000000000e+00	0.00000000000000e+00	5.99109485701512e+02	3.82287553603848e-01
41	128	70	99	6.17510000000000e+02	1.82212373908208e+03	3.00000000000000e-02	0.00000000000000e+00	0.00000000000000e+00	6.00853114989015e+02	9.11491968506351e-01
42	129	71	100	6.81610000000000e+02	1.82212373908208e+03	3.00000000000000e-02	0.00000000000000e+00	0.00000000000000e+00	5.83447814391634e+02	5.18342115106272e+00
43	130	72	101	6.41180000000000e+02	1.82212373908208e+03	3.00000000000000e-02	0.00000000000000e+00	0.00000000000000e+00	5.75990025401680e+02	3.57399617326820e+00
44	131	73	102	6.71820000000000e+02	1.82212373908208e+03	3.00000000000000e-02	0.00000000000000e+00	0.00000000000000e+00	5.72396656638308e+02	5.33860802627544e+00
45	132	74	103	5.87410000000000e+02	1.82212373908208e+03	3.00000000000000e-02	0.00000000000000e+00	0.00000000000000e+00	5.69391643733335e+02	1.03848478742024e+00
46	133	75	104	5.71280000000000e+02	1.82212373908208e+03	3.00000000000000e-02	0.00000000000000e+00	0.00000000000000e+00	5.72733958813292e+02	-8.47285463568011e-02
47	134	76	105	5.73030000000000e+02	1.82212373908208e+03	3.00000000000000e-02	0.00000000000000e+00	0.00000000000000e+00	5.74368679712403e+02	-7.77805973042038e-02
48	135	77	106	7.03380000000000e+02	1.82212373908208e+03	3.00000000000000e-02	0.00000000000000e+00	0.00000000000000e+00	6.00050227707521e+02	5.29613072511674e+00
49	136	78	107	6.22490000000000e+02	1.82212373908208e+03	3.00000000000000e-02	0.00000000000000e+00	0.00000000000000e+00	6.02438235062113e+02	1.09141394208946e+00
50	137	79	108	6.39380000000000e+02	1.82212373908208e+03	3.00000000000000e-02	0.00000000000000e+00	0.00000000000000e+00	6.14415127618278e+02	1.32760511690909e+00
51	138	80	109	6.63190000000000e+02	1.82212373908208e+03	3.00000000000000e-02	0.00000000000000e+00	0.00000000000000e+00	6.41182165392563e+02	1.12493064577315e+00
52	139	81	110	6.76580000000000e+02	1.82212373908208e+03	3.00000000000000e-02	0.00000000000000e+00	0.00000000000000e+00	6.13184379216112e+02	3.27950079604218e+00
53	140	82	111	6.60600000000000e+02	1.82212373908208e+03	3.00000000000000e-02	0.00000000000000e+00	0.00000000000000e+00	5.55231395227202e+02	5.79211859211407e+00
54	141	83	112	5.45820000000000e+02	1.82212373908208e+03	3.00000000000000e-02	0.00000000000000e+00	0.00000000000000e+00	4.98584771769173e+02	3.01718741393927e+00
55	142	84	113	4.73280000000000e+02	1.82212373908208e+03	3.00000000000000e-02	0.00000000000000e+00	0.00000000000000e+00	4.59390201103409e+02	9.92907308849045e-01
56	143	85	114	4.86660000000000e+02	1.82212373908208e+03	3.00000000000000e-02	0.00000000000000e+00	0.00000000000000e+00	4.40578037116516e+02	3.31593806182295e+00
57	144	86	115	4.88730000000000e+02	1.82212373908208e+03	3.00000000000000e-02	0.00000000000000e+00	0.00000000000000e+00	4.38297079744730e+02	3.63044150098701e+00
58	145	87	116	5.02710000000000e+02	1.82212373908208e+03	3.00000000000000e-02	0.00000000000000e+00	0.00000000000000e+00	4.43363415245080e+02	4.18745596329186e+00
59	146	88	117	4.98220000000000e+02	1.82212373908208e+03	3.00000000000000e-02	0.00000000000000e+00	0.00000000000000e+00	4.47126736024637e+02	3.60665554442230e+00
60	147	89	118	5.06120000000000e+02	1.82212373908208e+03	3.00000000000000e-02	0.00000000000000e+00	0.00000000000000e+00	4.58407819329688e+02	3.30048573971598e+00
61	148	90	119	5.16530000000000e+02	1.82212373908208e+03	3.00000000000000e-02	0.00000000000000e+00	0.00000000000000e+00	4.57094029905656e+02	4.07480818930039e+00
62	149	91	120	5.13990000000000e+02	1.82212373908208e+03	3.00000000000000e-02	0.00000000000000e+00	0.00000000000000e+00	4.58227297380251e+02	3.82794888388667e+00
63	150	92	121	5.35500000000000e+02	1.82212373908208e+03	3.00000000000000e-02	0.00000000000000e+00	0.00000000000000e+00	4.61586723632553e+02	4.95103122451518e+00
64	151	93	122	5.21430000000000e+02	1.82212373908208e+03	3.00000000000000e-02	0.00000000000000e+00	0.00000000000000e+00	4.47758014583758e+02	5.07740322594407e+00
65	152	94	123	5.19290000000000e+02	1.82212373908208e+03	3.00000000000000e-02	0.00000000000000e+00	0.00000000000000e+00	4.40516312539947e+02	5.48383391366123e+00
66	153	95	124	3.62970000000000e+02	1.82212373908208e+03	3.00000000000000e-02	0.00000000000000e+00	0.00000000000000e+00	4.36041499020757e+02	-6.11390779461199e+00
67	154	96	125	4.56080000000000e+02	1.82212373908208e+03	3.00000000000000e-02	0.00000000000000e+00	0.00000000000000e+00	4.15461002381825e+02	3.10931599720430e+00
68	155	97	126	4.50110000000000e+02	1.82212373908208e+03	3.00000000000000e-02	0.00000000000000e+00	0.00000000000000e+00	3.87783237344276e+02	4.96818268215590e+00
69	156	98	127	4.44130000000000e+02	1.82212373908208e+03	3.00000000000000e-02	0.00000000000000e+00	0.00000000000000e+00	3.70302731998943e+02	6.05988155594313e+00
70	157	99	128	4.06440000000000e+02	1.82212373908208e+03	3.00000000000000e-02	0.00000000000000e+00	0.00000000000000e+00	3.56176390805106e+02	4.40034095618683e+00
71	158	100	129	4.12850000000000e+02	1.82212373908208e+03	3.00000000000000e-02	0.00000000000000e+00	0.00000000000000e+00	3.62740268297538e+02	4.31324223443298e+00
72	159	101	130	4.04510000000000e+02	1.82212373908208e+03	3.00000000000000e-02	0.00000000000000e+00	0.00000000000000e+00	3.58462813479476e+02	4.02838438343360e+00
73	160	102	131	3.85340000000000e+02	1.82212373908208e+03	3.00000000000000e-02	0.00000000000000e+00	0.00000000000000e+00	3.44627625432085e+02	3.72205246363052e+00
74	161	103	132	4.16660000000000e+02	1.82212373908208e+03	3.00000000000000e-02	0.00000000000000e+00	0.00000000000000e+00	3.23671594032055e+02	8.41803794709713e+00
75	162	104	133	3.16310000000000e+02	1.82212373908208e+03	3.00000000000000e-02	0.00000000000000e+00	0.00000000000000e+00	2.92473886458305e+02	2.61157865819473e+00
76	163	105	134	3.30470000000000e+02	1.82212373908208e+03	3.00000000000000e-02	0.00000000000000e+00	0.00000000000000e+00	2.67939091259612e+02	6.99187334506905e+00
77	164	106	135	2.97530000000000e+02	1.82212373908208e+03	3.00000000000000e-02	0.00000000000000e+00	0.00000000000000e+00	2.48716905033383e+02	5.97332460474274e+00
78	165	107	136	2.59780000000000e+02	1.82212373908208e+03	3.00000000000000e-02	0.00000000000000e+00	0.00000000000000e+00	2.31352600283867e+02	3.86307213596296e+00
79	166	108	137	2.84880000000000e+02	1.82212373908208e+03	3.00000000000000e-02	0.00000000000000e+00	0.00000000000000e+00	2.18609914589507e+02	8.82597031057708e+00
80	167	109	138	2.08220000000000e+02	1.82212373908208e+03	3.00000000000000e-02	0.00000000000000e+00	0.00000000000000e+00	1.83576165066321e+02	4.19885210625877e+00
81	168	110	139	2.46380000000000e+02	1.82212373908208e+03	3.00000000000000e-02	0.00000000000000e+00	0.00000000000000e+00	1.63919076781974e+02	1.35834062581543e+01
82	169	111	140	2.03900000000000e+02	1.82212373908208e+03	3.00000000000000e-02	0.00000000000000e+00	0.00000000000000e+00	1.54729516109075e+02	9.19837141360841e+00
83	170	112	141	1.65020000000000e+02	1.82212373908208e+03	3.00000000000000e-02	0.00000000000000e+00	0.00000000000000e+00	1.58722444289680e+02	1.29698784158772e+00
84	171	113	142	8.86700000000000e+01	1.82212373908208e+03	3.00000000000000e-02	0.00000000000000e+00	0.00000000000000e+00	1.59771192204711e+02	-1.96273709875267e+01
85	172	114	143	1.38970000000000e+02	1.82212373908208e+03	3.00000000000000e-02	0.00000000000000e+00	0.00000000000000e+00	1.62563011832981e+02	-5.22692030786243e+00
86	173	115	144	1.89270000000000e+02	1.82212373908208e+03	3.00000000000000e-02	0.00000000000000e+00	0.00000000000000e+00	1.61117906031210e+02	5.36793781652172e+00
87	174	116	145	2.11160000000000e+02	1.82212373908208e+03	3.00000000000000e-02	0.00000000000000e+00	0.00000000000000e+00	1.61926416251257e+02	8.84913761945798e+00
88	175	117	146	2.10600000000000e+02	1.82212373908208e+03	3.00000000000000e-02	0.00000000000000e+00	0.00000000000000e+00	1.63948599312092e+02	8.34692132767770e+00
89	176	118	147	3.44110000000000e+02	1.82212373908208e+03	3.00000000000000e-02	0.00000000000000e+00	0.00000000000000e+00	1.66097459873079e+02	2.42795549985045e+01
1	91	31	61	4.77620000000000e+02	1.88495559215388e+03	3.00000000000000e-02	0.00000000000000e+00	0.00000000000000e+00	4.15111744229728e+02	4.67558966861616e+00
3	92	32	62	4.47710000000000e+02	1.88495559215388e+03	3.00000000000000e-02	0.00000000000000e+00	0.00000000000000e+00	3.77422759103755e+02	5.69265884252867e+00
4	93	33	63	3.53110000000000e+02	1.88495559215388e+03	3.00000000000000e-02	0.00000000000000e+00	0.00000000000000e+00	3.62137935085277e+02	-8.41518409157338e-01
2	94	34	64	4.25390000000000e+02	1.88495559215388e+03	3.00000000000000e-02	0.00000000000000e+00	0.00000000000000e+00	3.59085786243023e+02	5.64816921220711e+00
5	95	35	65	4.36940000000000e+02	1.88495559215388e+03	3.00000000000000e-02	0.00000000000000e+00	0.00000000000000e+00	3.68140572637339e+02	5.71103432688724e+00
6	96	36	66	4.41700000000000e+02	1.88495559215388e+03	3.00000000000000e-02	0.00000000000000e+00	0.00000000000000e+00	3.55302164111626e+02	7.25541082174124e+00
7	97	37	67	3.33930000000000e+02	1.88495559215388e+03	3.00000000000000e-02	0.00000000000000e+00	0.00000000000000e+00	3.32843915400966e+02	1.08591086572011e-01
8	98	38	68	4.10490000000000e+02	1.88495559215388e+03	3.00000000000000e-02	0.00000000000000e+00	0.00000000000000e+00	3.25847596772508e+02	7.69739301885437e+00
9	99	39	69	3.73960000000000e+02	1.88495559215388e+03	3.00000000000000e-02	0.00000000000000e+00	0.00000000000000e+00	3.16861882380022e+02	5.52276210542904e+00
10	100	40	70	3.69710000000000e+02	1.88495559215388e+03	3.00000000000000e-02	0.00000000000000e+00	0.00000000000000e+00	3.21955574911386e+02	4.61017815409610e+00
11	101	41	71	3.95220000000000e+02	1.88495559215388e+03	3.00000000000000e-02	0.00000000000000e+00	0.00000000000000e+00	3.32573266559720e+02	5.75274618342725e+00
12	102	42	72	4.53470000000000e+02	1.88495559215388e+03	3.00000000000000e-02	0.00000000000000e+00	0.00000000000000e+00	3.32375862970638e+02	1.03554223093596e+01
13	103	43	73	3.32010000000000e+02	1.88495559215388e+03	3.00000000000000e-02	0.00000000000000e+00	0.00000000000000e+00	3.28141618769017e+02	3.90660306815368e-01
14	104	44	74	2.78370000000000e+02	1.88495559215388e+03	3.00000000000000e-02	0.00000000000000e+00	0.00000000000000e+00	3.11811570101858e+02	-3.78159664495466e+00
15	105	45	75	3.39750000000000e+02	1.88495559215388e+03	3.00000000000000e-02	0.00000000000000e+00	0.00000000000000e+00	3.00722936656339e+02	4.06735628018498e+00
16	106	46	76	3.62930000000000e+02	1.88495559215388e+03	3.00000000000000e-02	0.00000000000000e+00	0.00000000000000e+00	2.94364719418599e+02	6.97968124872258e+00
17	107	47	77	3.48030000000000e+02	1.88495559215388e+03	3.00000000000000e-02	0.00000000000000e+00	0.00000000000000e+00	2.88513881053625e+02	6.25151611980389e+00
18	108	48	78	2.91910000000000e+02	1.88495559215388e+03	3.00000000000000e-02	0.00000000000000e+00	0.00000000000000e+00	2.61162803598691e+02	3.71005180478701e+00
19	109	49	79	2.50980000000000e+02	1.88495559215388e+03	3.00000000000000e-02	0.00000000000000e+00	0.00000000000000e+00	2.23922713972769e+02	3.80240964232934e+00
20	110	50	80	2.32860000000000e+02	1.88495559215388e+03	3.00000000000000e-02	0.00000000000000e+00	0.00000000000000e+00	2.05441741886936e+02	4.17583051107332e+00
21	111	51	81	2.56040000000000e+02	1.88495559215388e+03	3.00000000000000e-02	0.00000000000000e+00	0.00000000000000e+00	1.96026807005603e+02	8.90274206529197e+00
22	112	52	82	1.86490000000000e+02	1.88495559215388e+03	3.00000000000000e-02	0.00000000000000e+00	0.00000000000000e+00	2.05216005317111e+02	-3.18951635109738e+00
23	113	53	83	2.09680000000000e+02	1.88495559215388e+03	3.00000000000000e-02	0.00000000000000e+00	0.00000000000000e+00	2.16187138047715e+02	-1.01872844763857e+00
24	114	54	84	2.32870000000000e+02	1.88495559215388e+03	3.00000000000000e-02	0.00000000000000e+00	0.00000000000000e+00	2.41933039417646e+02	-1.27268777675568e+00
25	115	55	85	1.80360000000000e+02	1.88495559215388e+03	3.00000000000000e-02	0.00000000000000e+00	0.00000000000000e+00	2.75193491409617e+02	-1.40839867275176e+01
26	116	56	86	2.78780000000000e+02	1.88495559215388e+03	3.00000000000000e-02	0.00000000000000e+00	0.00000000000000e+00	3.00670657670823e+02	-2.51975216181405e+00
27	117	57	87	3.77210000000000e+02	1.88495559215388e+03	3.00000000000000e-02	0.00000000000000e+00	0.00000000000000e+00	3.39930931043566e+02	3.46865361861353e+00
28	118	58	88	1.99480000000000e+02	1.88495559215388e+03	3.00000000000000e-02	0.00000000000000e+00	0.00000000000000e+00	3.53315794985474e+02	-1.90549426564856e+01
29	119	59	89	3.04670000000000e+02	1.88495559215388e+03	3.00000000000000e-02	0.00000000000000e+00	0.00000000000000e+00	3.65054370839247e+02	-6.02723600156875e+00
30	120	60	90	4.09870000000000e+02	1.88495559215388e+03	3.00000000000000e-02	0.00000000000000e+00	0.00000000000000e+00	3.93662991804096e+02	1.34482812411910e+00
31	121	61	91	3.10600000000000e+02	1.88495559215388e+03	3.00000000000000e-02	0.00000000000000e+00	0.00000000000000e+00	4.37829347265551e+02	-1.14441101875274e+01
32	122	62	92	4.52900000000000e+02	1.88495559215388e+03	3.00000000000000e-02	0.00000000000000e+00	0.00000000000000e+00	4.91729263492738e+02	-2.74189790060504e+00
33	123	63	93	5.95200000000000e+02	1.88495559215388e+03	3.00000000000000e-02	0.00000000000000e+00	0.00000000000000e+00	5.14708967601189e+02	4.84319513482688e+00
34	124	64	94	5.06930000000000e+02	1.88495559215388e+03	3.00000000000000e-02	0.00000000000000e+00	0.00000000000000e+00	5.29791229600487e+02	-1.47033651775255e+00
35	125	65	95	5.08720000000000e+02	1.88495559215388e+03	3.00000000000000e-02	0.00000000000000e+00	0.00000000000000e+00	5.42352249843614e+02	-2.13393102808800e+00
36	126	66	96	5.56050000000000e+02	1.88495559215388e+03	3.00000000000000e-02	0.00000000000000e+00	0.00000000000000e+00	5.71384532357182e+02	-9.06806714567073e-01
37	127	67	97	6.04410000000000e+02	1.88495559215388e+03	3.00000000000000e-02	0.00000000000000e+00	0.00000000000000e+00	6.03611101068444e+02	4.40885813068744e-02
38	128	68	98	6.98720000000000e+02	1.88495559215388e+03	3.00000000000000e-02	0.00000000000000e+00	0.00000000000000e+00	6.10918190326911e+02	4.47623447496645e+00
39	129	69	99	6.42220000000000e+02	1.88495559215388e+03	3.00000000000000e-02	0.00000000000000e+00	0.00000000000000e+00	6.19300789373991e+02	1.21132805168183e+00
40	130	70	100	6.52630000000000e+02	1.88495559215388e+03	3.00000000000000e-02	0.00000000000000e+00	0.00000000000000e+00	6.07615659512972e+02	2.38226033152517e+00
41	131	71	101	6.02900000000000e+02	1.88495559215388e+03	3.00000000000000e-02	0.00000000000000e+00	0.00000000000000e+00	5.87302278870708e+02	8.73723424153757e-01
42	132	72	102	6.86220000000000e+02	1.88495559215388e+03	3.00000000000000e-02	0.00000000000000e+00	0.00000000000000e+00	5.84161582482349e+02	5.36735497098870e+00
43	133	73	103	6.12290000000000e+02	1.88495559215388e+03	3.00000000000000e-02	0.00000000000000e+00	0.00000000000000e+00	5.76218444933181e+02	2.02397310035363e+00
44	134	74	104	6.19030000000000e+02	1.88495559215388e+03	3.00000000000000e-02	0.00000000000000e+00	0.00000000000000e+00	5.79197767283892e+02	2.21699168467365e+00
45	135	75	105	6.07010000000000e+02	1.88495559215388e+03	3.00000000000000e-02	0.00000000000000e+00	0.00000000000000e+00	5.78751850231857e+02	1.58904876827162e+00
46	136	76	106	6.07340000000000e+02	1.88495559215388e+03	3.00000000000000e-02	0.00000000000000e+00	0.00000000000000e+00	5.68275597578719e+02	2.21607526629578e+00
47	137	77	107	5.74650000000000e+02	1.88495559215388e+03	3.00000000000000e-02	0.00000000000000e+00	0.00000000000000e+00	5.50511675298721e+02	1.43043317805205e+00
48	138	78	108	6.38560000000000e+02	1.88495559215388e+03	3.00000000000000e-02	0.00000000000000e+00	0.00000000000000e+00	5.73637966492262e+02	3.57390547884660e+00
49	139	79	109	6.42170000000000e+02	1.88495559215388e+03	3.00000000000000e-02	0.00000000000000e+00	0.00000000000000e+00	6.09851840963162e+02	1.72123407152277e+00
50	140	80	110	6.90170000000000e+02	1.88495559215388e+03	3.00000000000000e-02	0.00000000000000e+00	0.00000000000000e+00	6.17987915094325e+02	3.68230138847254e+00
51	141	81	111	6.66350000000000e+02	1.88495559215388e+03	3.00000000000000e-02	0.00000000000000e+00	0.00000000000000e+00	5.98522257535407e+02	3.57837816182303e+00
52	142	82	112	6.36520000000000e+02	1.88495559215388e+03	3.00000000000000e-02	0.00000000000000e+00	0.00000000000000e+00	5.46814820463786e+02	5.06352102885795e+00
53	143	83	113	5.59160000000000e+02	1.88495559215388e+03	3.00000000000000e-02	0.00000000000000e+00	0.00000000000000e+00	5.03269386527485e+02	3.51033570557705e+00
54	144	84	114	5.30440000000000e+02	1.88495559215388e+03	3.00000000000000e-02	0.00000000000000e+00	0.00000000000000e+00	4.65204826094189e+02	4.37430186611859e+00
55	145	85	115	4.83790000000000e+02	1.88495559215388e+03	3.00000000000000e-02	0.00000000000000e+00	0.00000000000000e+00	4.45110018064035e+02	2.77764816833222e+00
56	146	86	116	4.96750000000000e+02	1.88495559215388e+03	3.00000000000000e-02	0.00000000000000e+00	0.00000000000000e+00	4.42788821361027e+02	3.83313087538607e+00
57	147	87	117	4.64640000000000e+02	1.88495559215388e+03	3.00000000000000e-02	0.00000000000000e+00	0.00000000000000e+00	4.41604434983363e+02	1.69494580987444e+00
58	148	88	118	4.94200000000000e+02	1.88495559215388e+03	3.00000000000000e-02	0.00000000000000e+00	0.00000000000000e+00	4.47136412249118e+02	3.33588575599582e+00
59	149	89	119	4.92070000000000e+02	1.88495559215388e+03	3.00000000000000e-02	0.00000000000000e+00	0.00000000000000e+00	4.51832858500454e+02	2.84362178091347e+00
60	150	90	120	5.32150000000000e+02	1.88495559215388e+03	3.00000000000000e-02	0.00000000000000e+00	0.00000000000000e+00	4.61544879938586e+02	4.74487024338301e+00
61	151	91	121	5.20780000000000e+02	1.88495559215388e+03	3.00000000000000e-02	0.00000000000000e+00	0.00000000000000e+00	4.66106651194252e+02	3.69710715118323e+00
62	152	92	122	4.80820000000000e+02	1.88495559215388e+03	3.00000000000000e-02	0.00000000000000e+00	0.00000000000000e+00	4.60456296387491e+02	1.44250110659998e+00
63	153	93	123	5.33030000000000e+02	1.88495559215388e+03	3.00000000000000e-02	0.00000000000000e+00	0.00000000000000e+00	4.49004727183093e+02	5.71814306086245e+00
64	154	94	124	4.80290000000000e+02	1.88495559215388e+03	3.00000000000000e-02	0.00000000000000e+00	0.00000000000000e+00	4.42495219412246e+02	2.73201424439735e+00
65	155	95	125	3.77710000000000e+02	1.88495559215388e+03	3.00000000000000e-02	0.00000000000000e+00	0.00000000000000e+00	4.42583555802408e+02	-5.28341892958230e+00
66	156	96	126	5.07820000000000e+02	1.88495559215388e+03	3.00000000000000e-02	0.00000000000000e+00	0.00000000000000e+00	4.23064881335517e+02	6.08671676745880e+00
67	157	97	127	6.50900000000000e+02	1.88495559215388e+03	3.00000000000000e-02	0.00000000000000e+00	0.00000000000000e+00	3.93664620827424e+02	1.67618896648221e+01
68	158	98	128	5.04060000000000e+02	1.88495559215388e+03	3.00000000000000e-02	0.00000000000000e+00	0.00000000000000e+00	3.75446463708873e+02	9.81931403034597e+00
69	159	99	129	3.95400000000000e+02	1.88495559215388e+03	3.00000000000000e-02	0.00000000000000e+00	0.00000000000000e+00	3.50702432054629e+02	3.99866062522116e+00
70	160	100	130	3.93570000000000e+02	1.88495559215388e+03	3.00000000000000e-02	0.00000000000000e+00	0.00000000000000e+00	3.46965280517746e+02	4.20114079883209e+00
71	161	101	131	3.84070000000000e+02	1.88495559215388e+03	3.00000000000000e-02	0.00000000000000e+00	0.00000000000000e+00	3.39516458883022e+02	4.11008006814602e+00
72	162	102	132	3.74710000000000e+02	1.88495559215388e+03	3.00000000000000e-02	0.00000000000000e+00	0.00000000000000e+00	3.32447892593805e+02	3.98897532164038e+00
73	163	103	133	3.99700000000000e+02	1.88495559215388e+03	3.00000000000000e-02	0.00000000000000e+00	0.00000000000000e+00	3.22635264089732e+02	7.13972646269543e+00
74	164	104	134	3.45770000000000e+02	1.88495559215388e+03	3.00000000000000e-02	0.00000000000000e+00	0.00000000000000e+00	2.83698392677021e+02	6.59540459699238e+00
75	165	105	135	2.91810000000000e+02	1.88495559215388e+03	3.00000000000000e-02	0.00000000000000e+00	0.00000000000000e+00	2.50486213652317e+02	5.08996739530430e+00
76	166	106	136	2.88010000000000e+02	1.88495559215388e+03	3.00000000000000e-02	0.00000000000000e+00	0.00000000000000e+00	2.36653719485732e+02	6.54657427609597e+00
77	167	107	137	2.88590000000000e+02	1.88495559215388e+03	3.00000000000000e-02	0.00000000000000e+00	0.00000000000000e+00	2.29180345687296e+02	7.68325887805773e+00
78	168	108	138	2.22900000000000e+02	1.88495559215388e+03	3.00000000000000e-02	0.00000000000000e+00	0.00000000000000e+00	2.14601313509862e+02	1.26470964927824e+00
79	169	109	139	1.57210000000000e+02	1.88495559215388e+03	3.00000000000000e-02	0.00000000000000e+00	0.00000000000000e+00	1.84092821877114e+02	-5.26192019761499e+00
80	170	110	140	2.06240000000000e+02	1.88495559215388e+03	3.00000000000000e-02	0.00000000000000e+00	0.00000000000000e+00	1.68291798923588e+02	6.77803893655051e+00
81	171	111	141	2.17970000000000e+02	1.88495559215388e+03	3.00000000000000e-02	0.00000000000000e+00	0.00000000000000e+00	1.58239958966987e+02	1.06748276691594e+01
82	172	112	142	1.45740000000000e+02	1.88495559215388e+03	3.00000000000000e-02	0.00000000000000e+00	0.00000000000000e+00	1.61563229764640e+02	-3.43574564562923e+00
83	173	113	143	1.84470000000000e+02	1.88495559215388e+03	3.00000000000000e-02	0.00000000000000e+00	0.00000000000000e+00	1.59496581741982e+02	4.84881192409959e+00
84	174	114	144	1.61100000000000e+02	1.88495559215388e+03	3.00000000000000e-02	0.00000000000000e+00	0.00000000000000e+00	1.61304716131674e+02	-4.23310927628447e-02
85	175	115	145	1.95510000000000e+02	1.88495559215388e+03	3.00000000000000e-02	0.00000000000000e+00	0.00000000000000e+00	1.62658255949724e+02	6.13200394637431e+00
86	176	116	146	2.91800000000000e+02	1.88495559215388e+03	3.00000000000000e-02	0.00000000000000e+00	0.00000000000000e+00	1.64674872547551e+02	1.90698525175262e+01
1	94	32	63	1.66150000000000e+02	1.94778744522567e+03	3.00000000000000e-02	0.00000000000000e+00	0.00000000000000e+00	3.66362949891324e+02	-2.63577837864745e+01
3	95	33	64	2.78550000000000e+02	1.94778744522567e+03	3.00000000000000e-02	0.00000000000000e+00	0.00000000000000e+00	3.51517660025689e+02	-7.75541251385551e+00
4	96	34	65	3.90940000000000e+02	1.94778744522567e+03	3.00000000000000e-02	0.00000000000000e+00	0.00000000000000e+00	3.40230402091996e+02	4.63103514020589e+00
2	97	35	66	3.90540000000000e+02	1.94778744522567e+03	3.00000000000000e-02	0.00000000000000e+00	0.00000000000000e+00	3.26055686150411e+02	6.01540712069341e+00
5	98	36	67	3.93670000000000e+02	1.94778744522567e+03	3.00000000000000e-02	0.00000000000000e+00	0.00000000000000e+00	3.22193418736170e+02	6.67869834600762e+00
6	99	37	68	3.79400000000000e+02	1.94778744522567e+03	3.00000000000000e-02	0.00000000000000e+00	0.00000000000000e+00	3.11946149749790e+02	6.52534938479337e+00
7	100	38	69	3.71670000000000e+02	1.94778744522567e+03	3.00000000000000e-02	0.00000000000000e+00	0.00000000000000e+00	3.13317171225397e+02	5.69301199085717e+00
8	101	39	70	3.91340000000000e+02	1.94778744522567e+03	3.00000000000000e-02	0.00000000000000e+00	0.00000000000000e+00	3.19600979146913e+02	6.75011565996148e+00
9	102	40	71	3.85350000000000e+02	1.94778744522567e+03	3.00000000000000e-02	0.00000000000000e+00	0.00000000000000e+00	3.24196878560783e+02	5.76003436990487e+00
10	103	41	72	3.48960000000000e+02	1.94778744522567e+03	3.00000000000000e-02	0.00000000000000e+00	0.00000000000000e+00	3.19486888541905e+02	2.94136889684381e+00
11	104	42	73	2.36600000000000e+02	1.94778744522567e+03	3.00000000000000e-02	0.00000000000000e+00	0.00000000000000e+00	3.00695564408426e+02	-7.99091291516302e+00
12	105	43	74	3.46490000000000e+02	1.94778744522567e+03	3.00000000000000e-02	0.00000000000000e+00	0.00000000000000e+00	2.92965525417869e+02	5.59330055933331e+00
13	106	44	75	3.37050000000000e+02	1.94778744522567e+03	3.00000000000000e-02	0.00000000000000e+00	0.00000000000000e+00	2.90436779236224e+02	4.96151207019319e+00
14	107	45	76	3.36170000000000e+02	1.94778744522567e+03	3.00000000000000e-02	0.00000000000000e+00	0.00000000000000e+00	2.87632075576352e+02	5.19782787785840e+00
15	108	46	77	3.46430000000000e+02	1.94778744522567e+03	3.00000000000000e-02	0.00000000000000e+00	0.00000000000000e+00	2.85976787814806e+02	6.39233773265738e+00
16	109	47	78	2.91560000000000e+02	1.94778744522567e+03	3.00000000000000e-02	0.00000000000000e+00	0.00000000000000e+00	2.65205550831572e+02	3.15802092279662e+00
17	110	48	79	2.46550000000000e+02	1.94778744522567e+03	3.00000000000000e-02	0.00000000000000e+00	0.00000000000000e+00	2.26059719041082e+02	2.89218682531388e+00
18	111	49	80	2.04490000000000e+02	1.94778744522567e+03	3.00000000000000e-02	0.00000000000000e+00	0.00000000000000e+00	2.01639908114540e+02	4.67853366934416e-01
19	112	50	81	1.62430000000000e+02	1.94778744522567e+03	3.00000000000000e-02	0.00000000000000e+00	0.00000000000000e+00	2.01611814794112e+02	-7.20323332927396e+00
20	113	51	82	9.98700000000000e+01	1.94778744522567e+03	3.00000000000000e-02	0.00000000000000e+00	0.00000000000000e+00	1.99450380015471e+02	-2.30565381137178e+01
21	114	52	83	1.32630000000000e+02	1.94778744522567e+03	3.00000000000000e-02	0.00000000000000e+00	0.00000000000000e+00	2.04852488607520e+02	-1.44908951950269e+01
22	115	53	84	1.98600000000000e+02	1.94778744522567e+03	3.00000000000000e-02	0.00000000000000e+00	0.00000000000000e+00	2.17448874016985e+02	-3.02236697651305e+00
23	116	54	85	1.16740000000000e+02	1.94778744522567e+03	3.00000000000000e-02	0.00000000000000e+00	0.00000000000000e+00	2.34961399425254e+02	-2.33157334370618e+01
24	117	55	86	7.58100000000000e+01	1.94778744522567e+03	3.00000000000000e-02	0.00000000000000e+00	0.00000000000000e+00	2.56856722930313e+02	-4.06762740347135e+01
25	118	56	87	1.66800000000000e+02	1.94778744522567e+03	3.00000000000000e-02	0.00000000000000e+00	0.00000000000000e+00	2.82522299882158e+02	-1.75653998394132e+01
26	119	57	88	3.09670000000000e+02	1.94778744522567e+03	3.00000000000000e-02	0.00000000000000e+00	0.00000000000000e+00	3.08761275577061e+02	9.79602329150175e-02
27	120	58	89	4.52540000000000e+02	1.94778744522567e+03	3.00000000000000e-02	0.00000000000000e+00	0.00000000000000e+00	3.42900203293591e+02	9.24789015629832e+00
28	121	59	90	3.75770000000000e+02	1.94778744522567e+03	3.00000000000000e-02	0.00000000000000e+00	0.00000000000000e+00	3.58825599287992e+02	1.53802598333632e+00
29	122	60	91	3.90240000000000e+02	1.94778744522567e+03	3.00000000000000e-02	0.00000000000000e+00	0.00000000000000e+00	3.61905285663538e+02	2.51264662298203e+00
30	123	61	92	4.04710000000000e+02	1.94778744522567e+03	3.00000000000000e-02	0.00000000000000e+00	0.00000000000000e+00	3.99546590186628e+02	4.28012719609801e-01
31	124	62	93	4.81280000000000e+02	1.94778744522567e+03	3.00000000000000e-02	0.00000000000000e+00	0.00000000000000e+00	4.56890530858950e+02	1.73351325743427e+00
32	125	63	94	5.57840000000000e+02	1.94778744522567e+03	3.00000000000000e-02	0.00000000000000e+00	0.00000000000000e+00	5.09160549147502e+02	3.04362651249610e+00
33	126	64	95	4.27620000000000e+02	1.94778744522567e+03	3.00000000000000e-02	0.00000000000000e+00	0.00000000000000e+00	5.28948347793724e+02	-7.08852783758527e+00
34	127	65	96	5.29770000000000e+02	1.94778744522567e+03	3.00000000000000e-02	0.00000000000000e+00	0.00000000000000e+00	5.48768324225104e+02	-1.17444688013514e+00
35	128	66	97	5.57380000000000e+02	1.94778744522567e+03	3.00000000000000e-02	0.00000000000000e+00	0.00000000000000e+00	5.79221618412328e+02	-1.28126438177532e+00
36	129	67	98	6.51700000000000e+02	1.94778744522567e+03	3.00000000000000e-02	0.00000000000000e+00	0.00000000000000e+00	6.07514347931640e+02	2.34028468026872e+00
37	130	68	99	7.60590000000000e+02	1.94778744522567e+03	3.00000000000000e-02	0.00000000000000e+00	0.00000000000000e+00	6.28277546745939e+02	6.37041418799861e+00
38	131	69	100	6.42760000000000e+02	1.94778744522567e+03	3.00000000000000e-02	0.00000000000000e+00	0.00000000000000e+00	6.24890686364927e+02	9.39822385012482e-01
39	132	70	101	6.38390000000000e+02	1.94778744522567e+03	3.00000000000000e-02	0.00000000000000e+00	0.00000000000000e+00	6.09633046741587e+02	1.53640561384387e+00
40	133	71	102	6.05000000000000e+02	1.94778744522567e+03	3.00000000000000e-02	0.00000000000000e+00	0.00000000000000e+00	5.89558326625684e+02	8.61826680356614e-01
41	134	72	103	5.64190000000000e+02	1.94778744522567e+03	3.00000000000000e-02	0.00000000000000e+00	0.00000000000000e+00	5.82620253586658e+02	-1.07148446197618e+00
42	135	73	104	6.70250000000000e+02	1.94778744522567e+03	3.00000000000000e-02	0.00000000000000e+00	0.00000000000000e+00	5.95485572457158e+02	3.94245387420108e+00
43	136	74	105	6.58440000000000e+02	1.94778744522567e+03	3.00000000000000e-02	0.00000000000000e+00	0.00000000000000e+00	5.91381527597788e+02	3.58040096558604e+00
44	137	75	106	6.39310000000000e+02	1.94778744522567e+03	3.00000000000000e-02	0.00000000000000e+00	0.00000000000000e+00	5.70084982033959e+02	3.82013429185530e+00
45	138	76	107	5.98680000000000e+02	1.94778744522567e+03	3.00000000000000e-02	0.00000000000000e+00	0.00000000000000e+00	5.61514644526872e+02	2.13631255805827e+00
46	139	77	108	5.61580000000000e+02	1.94778744522567e+03	3.00000000000000e-02	0.00000000000000e+00	0.00000000000000e+00	5.44941960609279e+02	1.00249816148080e+00
47	140	78	109	5.94640000000000e+02	1.94778744522567e+03	3.00000000000000e-02	0.00000000000000e+00	0.00000000000000e+00	5.41537075840589e+02	3.11815491822847e+00
48	141	79	110	6.56740000000000e+02	1.94778744522567e+03	3.00000000000000e-02	0.00000000000000e+00	0.00000000000000e+00	5.87186744421267e+02	3.73150997081947e+00
49	142	80	111	6.56870000000000e+02	1.94778744522567e+03	3.00000000000000e-02	0.00000000000000e+00	0.00000000000000e+00	6.04873219228670e+02	2.74890829089219e+00
50	143	81	112	6.55790000000000e+02	1.94778744522567e+03	3.00000000000000e-02	0.00000000000000e+00	0.00000000000000e+00	5.78645794646810e+02	4.17166929999870e+00
51	144	82	113	5.90870000000000e+02	1.94778744522567e+03	3.00000000000000e-02	0.00000000000000e+00	0.00000000000000e+00	5.45461180057687e+02	2.66547960913336e+00
52	145	83	114	5.41400000000000e+02	1.94778744522567e+03	3.00000000000000e-02	0.00000000000000e+00	0.00000000000000e+00	5.07340917051407e+02	2.16583931141544e+00
53	146	84	115	5.25040000000000e+02	1.94778744522567e+03	3.00000000000000e-02	0.00000000000000e+00	0.00000000000000e+00	4.74870166334328e+02	3.34776725087919e+00
54	147	85	116	5.01230000000000e+02	1.94778744522567e+03	3.00000000000000e-02	0.00000000000000e+00	0.00000000000000e+00	4.51787307119655e+02	3.46178559869254e+00
55	148	86	117	4.71300000000000e+02	1.94778744522567e+03	3.00000000000000e-02	0.00000000000000e+00	0.00000000000000e+00	4.44444128737119e+02	1.95568271685369e+00
56	149	87	118	4.93050000000000e+02	1.94778744522567e+03	3.00000000000000e-02	0.00000000000000e+00	0.00000000000000e+00	4.45661196764039e+02	3.36838579828444e+00
57	150	88	119	5.14810000000000e+02	1.94778744522567e+03	3.00000000000000e-02	0.00000000000000e+00	0.00000000000000e+00	4.47734017626041e+02	4.65328517032898e+00
58	151	89	120	4.90470000000000e+02	1.94778744522567e+03	3.00000000000000e-02	0.00000000000000e+00	0.00000000000000e+00	4.52517210887390e+02	2.68461058428372e+00
59	152	90	121	6.44570000000000e+02	1.94778744522567e+03	3.00000000000000e-02	0.00000000000000e+00	0.00000000000000e+00	4.53947081516618e+02	1.16867599032170e+01
60	153	91	122	5.51240000000000e+02	1.94778744522567e+03	3.00000000000000e-02	0.00000000000000e+00	0.00000000000000e+00	4.66563460152195e+02	5.55920801157344e+00
61	154	92	123	5.21240000000000e+02	1.94778744522567e+03	3.00000000000000e-02	0.00000000000000e+00	0.00000000000000e+00	4.66529503937353e+02	3.69631082262325e+00
62	155	93	124	5.94610000000000e+02	1.94778744522567e+03	3.00000000000000e-02	0.00000000000000e+00	0.00000000000000e+00	4.53490098529377e+02	9.03107641956587e+00
63	156	94	125	5.74070000000000e+02	1.94778744522567e+03	3.00000000000000e-02	0.00000000000000e+00	0.00000000000000e+00	4.49004191838385e+02	8.19063721540022e+00
64	157	95	126	5.87210000000000e+02	1.94778744522567e+03	3.00000000000000e-02	0.00000000000000e+00	0.00000000000000e+00	4.43676238400798e+02	9.34291344923993e+00
65	158	96	127	5.40570000000000e+02	1.94778744522567e+03	3.00000000000000e-02	0.00000000000000e+00	0.00000000000000e+00	4.21873420345441e+02	8.26396070511368e+00
66	159	97	128	5.60820000000000e+02	1.94778744522567e+03	3.00000000000000e-02	0.00000000000000e+00	0.00000000000000e+00	3.87901349952797e+02	1.22882981275316e+01
67	160	98	129	4.68310000000000e+02	1.94778744522567e+03	3.00000000000000e-02	0.00000000000000e+00	0.00000000000000e+00	3.63249620839652e+02	8.46800703815556e+00
68	161	99	130	4.07710000000000e+02	1.94778744522567e+03	3.00000000000000e-02	0.00000000000000e+00	0.00000000000000e+00	3.33980252250304e+02	6.64914237112812e+00
69	162	100	131	3.64480000000000e+02	1.94778744522567e+03	3.00000000000000e-02	0.00000000000000e+00	0.00000000000000e+00	3.32414742346378e+02	3.06960890128180e+00
70	163	101	132	3.85680000000000e+02	1.94778744522567e+03	3.00000000000000e-02	0.00000000000000e+00	0.00000000000000e+00	3.33341773135936e+02	4.86132335653539e+00
71	164	102	133	3.80880000000000e+02	1.94778744522567e+03	3.00000000000000e-02	0.00000000000000e+00	0.00000000000000e+00	3.29144085465780e+02	4.86629200829594e+00
72	165	103	134	3.50540000000000e+02	1.94778744522567e+03	3.00000000000000e-02	0.00000000000000e+00	0.00000000000000e+00	3.11502892016218e+02	3.93554000998021e+00
73	166	104	135	3.03540000000000e+02	1.94778744522567e+03	3.00000000000000e-02	0.00000000000000e+00	0.00000000000000e+00	2.71948340263821e+02	3.66337582582309e+00
74	167	105	136	3.07940000000000e+02	1.94778744522567e+03	3.00000000000000e-02	0.00000000000000e+00	0.00000000000000e+00	2.45153378597949e+02	7.60069696805331e+00
75	168	106	137	2.96000000000000e+02	1.94778744522567e+03	3.00000000000000e-02	0.00000000000000e+00	0.00000000000000e+00	2.35973043483781e+02	7.55472927828968e+00
76	169	107	138	2.64420000000000e+02	1.94778744522567e+03	3.00000000000000e-02	0.00000000000000e+00	0.00000000000000e+00	2.26826466237556e+02	5.11178296224909e+00
77	170	108	139	2.27510000000000e+02	1.94778744522567e+03	3.00000000000000e-02	0.00000000000000e+00	0.00000000000000e+00	2.19043572663082e+02	1.26411738369473e+00
78	171	109	140	1.90590000000000e+02	1.94778744522567e+03	3.00000000000000e-02	0.00000000000000e+00	0.00000000000000e+00	1.95913651957460e+02	-9.18316232510375e-01
79	172	110	141	1.98660000000000e+02	1.94778744522567e+03	3.00000000000000e-02	0.00000000000000e+00	0.00000000000000e+00	1.75939410045408e+02	4.04850487087171e+00
80	173	111	142	2.07340000000000e+02	1.94778744522567e+03	3.00000000000000e-02	0.00000000000000e+00	0.00000000000000e+00	1.61244170263399e+02	8.38133854259710e+00
81	174	112	143	2.21350000000000e+02	1.94778744522567e+03	3.00000000000000e-02	0.00000000000000e+00	0.00000000000000e+00	1.61643146403647e+02	1.04784684551973e+01
82	175	113	144	1.94160000000000e+02	1.94778744522567e+03	3.00000000000000e-02	0.00000000000000e+00	0.00000000000000e+00	1.59381385826000e+02	6.57941927935027e+00
83	176	114	145	1.21150000000000e+02	1.94778744522567e+03	3.00000000000000e-02	0.00000000000000e+00	0.00000000000000e+00	1.60314461454675e+02	-9.33692744075193e+00
1	97	33	65	2.49440000000000e+02	2.01061929829747e+03	3.00000000000000e-02	0.00000000000000e+00	0.00000000000000e+00	3.26880550562160e+02	-9.01254700176161e+00
3	98	34	66	3.08000000000000e+02	2.01061929829747e+03	3.00000000000000e-02	0.00000000000000e+00	0.00000000000000e+00	3.11882495802449e+02	-4.17557262683103e-01
4	99	35	67	3.66560000000000e+02	2.01061929829747e+03	3.00000000000000e-02	0.00000000000000e+00	0.00000000000000e+00	2.97018681504447e+02	7.01223937307590e+00
2	100	36	68	3.68810000000000e+02	2.01061929829747e+03	3.00000000000000e-02	0.00000000000000e+00	0.00000000000000e+00	2.98087452926218e+02	7.09648988781038e+00
5	101	37	69	3.67290000000000e+02	2.01061929829747e+03	3.00000000000000e-02	0.00000000000000e+00	0.00000000000000e+00	3.04530154600115e+02	6.24605382072279e+00
6	102	38	70	4.24300000000000e+02	2.01061929829747e+03	3.00000000000000e-02	0.00000000000000e+00	0.00000000000000e+00	3.09978710715613e+02	1.04645710732751e+01
7	103	39	71	3.39760000000000e+02	2.01061929829747e+03	3.00000000000000e-02	0.00000000000000e+00	0.00000000000000e+00	3.12710464899815e+02	2.76539186134004e+00
8	104	40	72	2.98410000000000e+02	2.01061929829747e+03	3.00000000000000e-02	0.00000000000000e+00	0.00000000000000e+00	2.94348052461477e+02	4.56848692802285e-01
9	105	41	73	3.24760000000000e+02	2.01061929829747e+03	3.00000000000000e-02	0.00000000000000e+00	0.00000000000000e+00	2.83581092325643e+02	4.51961085929031e+00
10	106	42	74	3.13670000000000e+02	2.01061929829747e+03	3.00000000000000e-02	0.00000000000000e+00	0.00000000000000e+00	2.78608606503467e+02	3.95111750041875e+00
11	107	43	75	3.06860000000000e+02	2.01061929829747e+03	3.00000000000000e-02	0.00000000000000e+00	0.00000000000000e+00	2.78621109800597e+02	3.21795960139477e+00
12	108	44	76	3.79650000000000e+02	2.01061929829747e+03	3.00000000000000e-02	0.00000000000000e+00	0.00000000000000e+00	2.77753576905613e+02	1.04171823024801e+01
13	109	45	77	2.78440000000000e+02	2.01061929829747e+03	3.00000000000000e-02	0.00000000000000e+00	0.00000000000000e+00	2.61291112838161e+02	2.11891452291043e+00
14	110	46	78	3.14580000000000e+02	2.01061929829747e+03	3.00000000000000e-02	0.00000000000000e+00	0.00000000000000e+00	2.52206056049137e+02	7.36639932289348e+00
15	111	47	79	2.50080000000000e+02	2.01061929829747e+03	3.00000000000000e-02	0.00000000000000e+00	0.00000000000000e+00	2.39075108788979e+02	1.50010337988148e+00
16	112	48	80	1.85580000000000e+02	2.01061929829747e+03	3.00000000000000e-02	0.00000000000000e+00	0.00000000000000e+00	2.17476236679013e+02	-5.28678439955158e+00
17	113	49	81	1.31510000000000e+02	2.01061929829747e+03	3.00000000000000e-02	0.00000000000000e+00	0.00000000000000e+00	2.07989111838873e+02	-1.52800945682934e+01
18	114	50	82	1.80800000000000e+02	2.01061929829747e+03	3.00000000000000e-02	0.00000000000000e+00	0.00000000000000e+00	2.09818513998302e+02	-4.96171633503684e+00
19	115	51	83	1.18490000000000e+02	2.01061929829747e+03	3.00000000000000e-02	0.00000000000000e+00	0.00000000000000e+00	2.07590629683171e+02	-1.86913148347833e+01
20	116	52	84	1.04630000000000e+02	2.01061929829747e+03	3.00000000000000e-02	0.00000000000000e+00	0.00000000000000e+00	2.11820995798210e+02	-2.35103747054809e+01
21	117	53	85	1.95810000000000e+02	2.01061929829747e+03	3.00000000000000e-02	0.00000000000000e+00	0.00000000000000e+00	2.22345657567235e+02	-4.23627952443031e+00
22	118	54	86	1.23830000000000e+02	2.01061929829747e+03	3.00000000000000e-02	0.00000000000000e+00	0.00000000000000e+00	2.34051936752005e+02	-2.12211128478218e+01
23	119	55	87	8.78400000000000e+01	2.01061929829747e+03	3.00000000000000e-02	0.00000000000000e+00	0.00000000000000e+00	2.45007114447763e+02	-3.41923423641397e+01
24	120	56	88	2.06210000000000e+02	2.01061929829747e+03	3.00000000000000e-02	0.00000000000000e+00	0.00000000000000e+00	2.61912116853914e+02	-7.97046495412609e+00
25	121	57	89	1.91170000000000e+02	2.01061929829747e+03	3.00000000000000e-02	0.00000000000000e+00	0.00000000000000e+00	2.89237058409534e+02	-1.38027846215373e+01
26	122	58	90	3.68140000000000e+02	2.01061929829747e+03	3.00000000000000e-02	0.00000000000000e+00	0.00000000000000e+00	3.14265975467899e+02	5.27412058717441e+00
27	123	59	91	5.45120000000000e+02	2.01061929829747e+03	3.00000000000000e-02	0.00000000000000e+00	0.00000000000000e+00	3.47661677665137e+02	1.49925379213138e+01
28	124	60	92	3.70320000000000e+02	2.01061929829747e+03	3.00000000000000e-02	0.00000000000000e+00	0.00000000000000e+00	3.54543869267106e+02	1.45118029038504e+00
29	125	61	93	4.00870000000000e+02	2.01061929829747e+03	3.00000000000000e-02	0.00000000000000e+00	0.00000000000000e+00	3.73850231207044e+02	2.32606397750574e+00
30	126	62	94	4.83330000000000e+02	2.01061929829747e+03	3.00000000000000e-02	0.00000000000000e+00	0.00000000000000e+00	4.20891274807127e+02	4.61083681523299e+00
31	127	63	95	4.65280000000000e+02	2.01061929829747e+03	3.00000000000000e-02	0.00000000000000e+00	0.00000000000000e+00	4.71831826370121e+02	-4.66108237573426e-01
32	128	64	96	5.02580000000000e+02	2.01061929829747e+03	3.00000000000000e-02	0.00000000000000e+00	0.00000000000000e+00	5.31707587889886e+02	-1.87796200550698e+00
33	129	65	97	4.88480000000000e+02	2.01061929829747e+03	3.00000000000000e-02	0.00000000000000e+00	0.00000000000000e+00	5.59477683862773e+02	-4.52350373708432e+00
34	130	66	98	5.81440000000000e+02	2.01061929829747e+03	3.00000000000000e-02	0.00000000000000e+00	0.00000000000000e+00	5.77550747328844e+02	2.23715750335529e-01
35	131	67	99	6.31090000000000e+02	2.01061929829747e+03	3.00000000000000e-02	0.00000000000000e+00	0.00000000000000e+00	6.01690076079277e+02	1.59019980540963e+00
36	132	68	100	7.25400000000000e+02	2.01061929829747e+03	3.00000000000000e-02	0.00000000000000e+00	0.00000000000000e+00	6.12530875394904e+02	5.63746256307981e+00
37	133	69	101	6.22080000000000e+02	2.01061929829747e+03	3.00000000000000e-02	0.00000000000000e+00	0.00000000000000e+00	6.20991000825841e+02	5.84037142436304e-02
38	134	70	102	5.92160000000000e+02	2.01061929829747e+03	3.00000000000000e-02	0.00000000000000e+00	0.00000000000000e+00	6.11242897758110e+02	-1.05725176246985e+00
39	135	71	103	6.01970000000000e+02	2.01061929829747e+03	3.00000000000000e-02	0.00000000000000e+00	0.00000000000000e+00	5.95259658181933e+02	3.73663317451574e-01
40	136	72	104	6.20710000000000e+02	2.01061929829747e+03	3.00000000000000e-02	0.00000000000000e+00	0.00000000000000e+00	6.04350947714127e+02	8.90297189125485e-01
41	137	73	105	5.98080000000000e+02	2.01061929829747e+03	3.00000000000000e-02	0.00000000000000e+00	0.00000000000000e+00	5.96683324238461e+02	7.79332257369703e-02
42	138	74	106	6.97560000000000e+02	2.01061929829747e+03	3.00000000000000e-02	0.00000000000000e+00	0.00000000000000e+00	5.88314649103000e+02	5.67755364016162e+00
43	139	75	107	6.12590000000000e+02	2.01061929829747e+03	3.00000000000000e-02	0.00000000000000e+00	0.00000000000000e+00	5.72284611174084e+02	2.26864769284593e+00
44	140	76	108	6.91370000000000e+02	2.01061929829747e+03	3.00000000000000e-02	0.00000000000000e+00	0.00000000000000e+00	5.56599505612523e+02	7.22763918198662e+00
45	141	77	109	6.11700000000000e+02	2.01061929829747e+03	3.00000000000000e-02	0.00000000000000e+00	0.00000000000000e+00	5.52204077135029e+02	3.41080944468996e+00
46	142	78	110	6.09320000000000e+02	2.01061929829747e+03	3.00000000000000e-02	0.00000000000000e+00	0.00000000000000e+00	5.42810277265385e+02	3.85279065631140e+00
47	143	79	111	6.17310000000000e+02	2.01061929829747e+03	3.00000000000000e-02	0.00000000000000e+00	0.00000000000000e+00	5.56590927579068e+02	3.45135932009049e+00
48	144	80	112	6.45880000000000e+02	2.01061929829747e+03	3.00000000000000e-02	0.00000000000000e+00	0.00000000000000e+00	5.86799633883444e+02	3.19767685551001e+00
49	145	81	113	6.47820000000000e+02	2.01061929829747e+03	3.00000000000000e-02	0.00000000000000e+00	0.00000000000000e+00	5.74334493350530e+02	4.01336374554523e+00
50	146	82	114	5.90010000000000e+02	2.01061929829747e+03	3.00000000000000e-02	0.00000000000000e+00	0.00000000000000e+00	5.35623964032009e+02	3.22357102292565e+00
51	147	83	115	5.63780000000000e+02	2.01061929829747e+03	3.00000000000000e-02	0.00000000000000e+00	0.00000000000000e+00	5.08079761766360e+02	3.46752192913433e+00
52	148	84	116	5.17040000000000e+02	2.01061929829747e+03	3.00000000000000e-02	0.00000000000000e+00	0.00000000000000e+00	4.78531727076003e+02	2.57992423269089e+00
53	149	85	117	5.20680000000000e+02	2.01061929829747e+03	3.00000000000000e-02	0.00000000000000e+00	0.00000000000000e+00	4.58039162011412e+02	4.27269875214726e+00
54	150	86	118	5.01490000000000e+02	2.01061929829747e+03	3.00000000000000e-02	0.00000000000000e+00	0.00000000000000e+00	4.50730927349595e+02	3.55710396603929e+00
55	151	87	119	5.01380000000000e+02	2.01061929829747e+03	3.00000000000000e-02	0.00000000000000e+00	0.00000000000000e+00	4.48976623983632e+02	3.67978242087347e+00
56	152	88	120	5.33280000000000e+02	2.01061929829747e+03	3.00000000000000e-02	0.00000000000000e+00	0.00000000000000e+00	4.51474970410463e+02	5.55088932535757e+00
57	153	89	121	5.07840000000000e+02	2.01061929829747e+03	3.00000000000000e-02	0.00000000000000e+00	0.00000000000000e+00	4.51104652843958e+02	3.94890261789076e+00
58	154	90	122	5.19450000000000e+02	2.01061929829747e+03	3.00000000000000e-02	0.00000000000000e+00	0.00000000000000e+00	4.51624466884756e+02	4.66398501624280e+00
59	155	91	123	5.76760000000000e+02	2.01061929829747e+03	3.00000000000000e-02	0.00000000000000e+00	0.00000000000000e+00	4.59465995028001e+02	7.57871002242586e+00
60	156	92	124	5.50300000000000e+02	2.01061929829747e+03	3.00000000000000e-02	0.00000000000000e+00	0.00000000000000e+00	4.74291011397083e+02	4.95475008881838e+00
61	157	93	125	5.71020000000000e+02	2.01061929829747e+03	3.00000000000000e-02	0.00000000000000e+00	0.00000000000000e+00	4.63770384563717e+02	6.93448888080503e+00
62	158	94	126	6.72730000000000e+02	2.01061929829747e+03	3.00000000000000e-02	0.00000000000000e+00	0.00000000000000e+00	4.45812490082528e+02	1.37148540882436e+01
63	159	95	127	5.94640000000000e+02	2.01061929829747e+03	3.00000000000000e-02	0.00000000000000e+00	0.00000000000000e+00	4.30922483256477e+02	1.07342653240685e+01
64	160	96	128	5.16540000000000e+02	2.01061929829747e+03	3.00000000000000e-02	0.00000000000000e+00	0.00000000000000e+00	4.02618001407737e+02	8.30548349354103e+00
65	161	97	129	4.74370000000000e+02	2.01061929829747e+03	3.00000000000000e-02	0.00000000000000e+00	0.00000000000000e+00	3.67603594596169e+02	8.49941463076457e+00
66	162	98	130	4.03190000000000e+02	2.01061929829747e+03	3.00000000000000e-02	0.00000000000000e+00	0.00000000000000e+00	3.51084979832591e+02	4.61265376382090e+00
67	163	99	131	3.89290000000000e+02	2.01061929829747e+03	3.00000000000000e-02	0.00000000000000e+00	0.00000000000000e+00	3.31120836077095e+02	5.39470649070619e+00
68	164	100	132	3.90510000000000e+02	2.01061929829747e+03	3.00000000000000e-02	0.00000000000000e+00	0.00000000000000e+00	3.29906621001016e+02	5.62146431307203e+00
69	165	101	133	3.84550000000000e+02	2.01061929829747e+03	3.00000000000000e-02	0.00000000000000e+00	0.00000000000000e+00	3.25548403343128e+02	5.55208881075622e+00
70	166	102	134	3.80720000000000e+02	2.01061929829747e+03	3.00000000000000e-02	0.00000000000000e+00	0.00000000000000e+00	3.19546155797355e+02	5.83874902798165e+00
71	167	103	135	2.71330000000000e+02	2.01061929829747e+03	3.00000000000000e-02	0.00000000000000e+00	0.00000000000000e+00	3.06274764326392e+02	-4.03822764831983e+00
72	168	104	136	2.80160000000000e+02	2.01061929829747e+03	3.00000000000000e-02	0.00000000000000e+00	0.00000000000000e+00	2.67727227811029e+02	1.51307376729643e+00
73	169	105	137	2.88990000000000e+02	2.01061929829747e+03	3.00000000000000e-02	0.00000000000000e+00	0.00000000000000e+00	2.49002049080693e+02	4.96436532556877e+00
74	170	106	138	2.91170000000000e+02	2.01061929829747e+03	3.00000000000000e-02	0.00000000000000e+00	0.00000000000000e+00	2.38599319540870e+02	6.63738770866618e+00
75	171	107	139	2.95940000000000e+02	2.01061929829747e+03	3.00000000000000e-02	0.00000000000000e+00	0.00000000000000e+00	2.33806734419580e+02	7.85539594204770e+00
76	172	108	140	2.69260000000000e+02	2.01061929829747e+03	3.00000000000000e-02	0.00000000000000e+00	0.00000000000000e+00	2.28985096817776e+02	5.40068445043206e+00
77	173	109	141	2.69110000000000e+02	2.01061929829747e+03	3.00000000000000e-02	0.00000000000000e+00	0.00000000000000e+00	2.03693896221354e+02	9.28339532381311e+00
78	174	110	142	2.27600000000000e+02	2.01061929829747e+03	3.00000000000000e-02	0.00000000000000e+00	0.00000000000000e+00	1.83872297296841e+02	7.11160740093938e+00
79	175	111	143	2.01840000000000e+02	2.01061929829747e+03	3.00000000000000e-02	0.00000000000000e+00	0.00000000000000e+00	1.64615964641595e+02	6.79533434203134e+00
80	176	112	144	2.77140000000000e+02	2.01061929829747e+03	3.00000000000000e-02	0.00000000000000e+00	0.00000000000000e+00	1.61457150575346e+02	1.80094335908909e+01
1	100	34	67	3.52430000000000e+02	2.07345115136926e+03	3.00000000000000e-02	0.00000000000000e+00	0.00000000000000e+00	3.00021027786890e+02	5.36664853831056e+00
3	101	35	68	3.62290000000000e+02	2.07345115136926e+03	3.00000000000000e-02	0.00000000000000e+00	0.00000000000000e+00	2.93729848906054e+02	6.99281774827547e+00
4	102	36	69	3.47200000000000e+02	2.07345115136926e+03	3.00000000000000e-02	0.00000000000000e+00	0.00000000000000e+00	2.83694553828350e+02	6.73342793649505e+00
2	103	37	70	3.18120000000000e+02	2.07345115136926e+03	3.00000000000000e-02	0.00000000000000e+00	0.00000000000000e+00	2.81031890591292e+02	4.13201725153091e+00
5	104	38	71	3.19030000000000e+02	2.07345115136926e+03	3.00000000000000e-02	0.00000000000000e+00	0.00000000000000e+00	2.80208421958868e+02	4.32504839478876e+00
6	105	39	72	3.78900000000000e+02	2.07345115136926e+03	3.00000000000000e-02	0.00000000000000e+00	0.00000000000000e+00	2.75362826740117e+02	1.06394239999223e+01
7	106	40	73	3.26050000000000e+02	2.07345115136926e+03	3.00000000000000e-02	0.00000000000000e+00	0.00000000000000e+00	2.71866325637519e+02	6.05800827354468e+00
8	107	41	74	3.30100000000000e+02	2.07345115136926e+03	3.00000000000000e-02	0.00000000000000e+00	0.00000000000000e+00	2.70815584042419e+02	6.59858504381023e+00
9	108	42	75	3.08560000000000e+02	2.07345115136926e+03	3.00000000000000e-02	0.00000000000000e+00	0.00000000000000e+00	2.66957836104837e+02	4.82751950601026e+00
10	109	43	76	2.32090000000000e+02	2.07345115136926e+03	3.00000000000000e-02	0.00000000000000e+00	0.00000000000000e+00	2.50421366689000e+02	-2.53399127793861e+00
11	110	44	77	2.83880000000000e+02	2.07345115136926e+03	3.00000000000000e-02	0.00000000000000e+00	0.00000000000000e+00	2.42579718875210e+02	5.24070732239628e+00
12	111	45	78	3.33380000000000e+02	2.07345115136926e+03	3.00000000000000e-02	0.00000000000000e+00	0.00000000000000e+00	2.37276057329710e+02	1.13352906124048e+01
13	112	46	79	2.87120000000000e+02	2.07345115136926e+03	3.00000000000000e-02	0.00000000000000e+00	0.00000000000000e+00	2.36081152443025e+02	6.52415448794000e+00
14	113	47	80	1.95090000000000e+02	2.07345115136926e+03	3.00000000000000e-02	0.00000000000000e+00	0.00000000000000e+00	2.36147429116986e+02	-6.36651063603611e+00
15	114	48	81	2.26600000000000e+02	2.07345115136926e+03	3.00000000000000e-02	0.00000000000000e+00	0.00000000000000e+00	2.25634474993992e+02	1.42334198509856e-01
16	115	49	82	1.20020000000000e+02	2.07345115136926e+03	3.00000000000000e-02	0.00000000000000e+00	0.00000000000000e+00	2.19471881480879e+02	-2.01188575385071e+01
17	116	50	83	1.55660000000000e+02	2.07345115136926e+03	3.00000000000000e-02	0.00000000000000e+00	0.00000000000000e+00	2.20820729401697e+02	-1.16559017208270e+01
18	117	51	84	1.91300000000000e+02	2.07345115136926e+03	3.00000000000000e-02	0.00000000000000e+00	0.00000000000000e+00	2.20097848431740e+02	-4.67431122086908e+00
19	118	52	85	1.48220000000000e+02	2.07345115136926e+03	3.00000000000000e-02	0.00000000000000e+00	0.00000000000000e+00	2.23391151663530e+02	-1.36742207244539e+01
20	119	53	86	2.31320000000000e+02	2.07345115136926e+03	3.00000000000000e-02	0.00000000000000e+00	0.00000000000000e+00	2.25006012663510e+02	9.22496949790563e-01
21	120	54	87	2.08550000000000e+02	2.07345115136926e+03	3.00000000000000e-02	0.00000000000000e+00	0.00000000000000e+00	2.31549624443472e+02	-3.48717967861258e+00
22	121	55	88	1.85780000000000e+02	2.07345115136926e+03	3.00000000000000e-02	0.00000000000000e+00	0.00000000000000e+00	2.41060190094185e+02	-8.68278252589132e+00
23	122	56	89	2.44180000000000e+02	2.07345115136926e+03	3.00000000000000e-02	0.00000000000000e+00	0.00000000000000e+00	2.50777809721611e+02	-8.88722287321405e-01
24	123	57	90	3.02590000000000e+02	2.07345115136926e+03	3.00000000000000e-02	0.00000000000000e+00	0.00000000000000e+00	2.71267255782378e+02	3.64247450875732e+00
25	124	58	91	2.97490000000000e+02	2.07345115136926e+03	3.00000000000000e-02	0.00000000000000e+00	0.00000000000000e+00	2.92760349158739e+02	5.34208586602869e-01
26	125	59	92	3.86740000000000e+02	2.07345115136926e+03	3.00000000000000e-02	0.00000000000000e+00	0.00000000000000e+00	3.16431157057919e+02	6.68823093142580e+00
27	126	60	93	4.32520000000000e+02	2.07345115136926e+03	3.00000000000000e-02	0.00000000000000e+00	0.00000000000000e+00	3.50812307306614e+02	6.97924082174974e+00
28	127	61	94	4.27910000000000e+02	2.07345115136926e+03	3.00000000000000e-02	0.00000000000000e+00	0.00000000000000e+00	3.72828694251899e+02	4.59312812289007e+00
29	128	62	95	4.08300000000000e+02	2.07345115136926e+03	3.00000000000000e-02	0.00000000000000e+00	0.00000000000000e+00	3.93171169598048e+02	1.25857117426348e+00
30	129	63	96	4.60080000000000e+02	2.07345115136926e+03	3.00000000000000e-02	0.00000000000000e+00	0.00000000000000e+00	4.40228821119448e+02	1.47019158908481e+00
31	130	64	97	4.87690000000000e+02	2.07345115136926e+03	3.00000000000000e-02	0.00000000000000e+00	0.00000000000000e+00	5.00162713813731e+02	-8.41783833740954e-01
32	131	65	98	5.49820000000000e+02	2.07345115136926e+03	3.00000000000000e-02	0.00000000000000e+00	0.00000000000000e+00	5.51361047817741e+02	-9.32967275952083e-02
33	132	66	99	6.40830000000000e+02	2.07345115136926e+03	3.00000000000000e-02	0.00000000000000e+00	0.00000000000000e+00	5.72649304585203e+02	3.74969052249542e+00
34	133	67	100	5.99050000000000e+02	2.07345115136926e+03	3.00000000000000e-02	0.00000000000000e+00	0.00000000000000e+00	5.77555168579687e+02	1.21803664148482e+00
35	134	68	101	4.93010000000000e+02	2.07345115136926e+03	3.00000000000000e-02	0.00000000000000e+00	0.00000000000000e+00	5.86812983187495e+02	-5.80589045387200e+00
36	135	69	102	6.28520000000000e+02	2.07345115136926e+03	3.00000000000000e-02	0.00000000000000e+00	0.00000000000000e+00	6.10073800392464e+02	9.92930507421264e-01
37	136	70	103	6.29790000000000e+02	2.07345115136926e+03	3.00000000000000e-02	0.00000000000000e+00	0.00000000000000e+00	6.19252990624238e+02	5.62417756566713e-01
38	137	71	104	5.98850000000000e+02	2.07345115136926e+03	3.00000000000000e-02	0.00000000000000e+00	0.00000000000000e+00	6.10846677336494e+02	-6.61161367730342e-01
39	138	72	105	6.31230000000000e+02	2.07345115136926e+03	3.00000000000000e-02	0.00000000000000e+00	0.00000000000000e+00	6.08871866109726e+02	1.20208172744531e+00
40	139	73	106	6.20410000000000e+02	2.07345115136926e+03	3.00000000000000e-02	0.00000000000000e+00	0.00000000000000e+00	5.99596865046642e+02	1.13743373329050e+00
41	140	74	107	6.25530000000000e+02	2.07345115136926e+03	3.00000000000000e-02	0.00000000000000e+00	0.00000000000000e+00	5.83639431876168e+02	2.31053031356740e+00
42	141	75	108	7.16840000000000e+02	2.07345115136926e+03	3.00000000000000e-02	0.00000000000000e+00	0.00000000000000e+00	5.72729618711390e+02	7.48129759798598e+00
43	142	76	109	6.61860000000000e+02	2.07345115136926e+03	3.00000000000000e-02	0.00000000000000e+00	0.00000000000000e+00	5.71725958411191e+02	4.87980901061083e+00
44	143	77	110	6.51490000000000e+02	2.07345115136926e+03	3.00000000000000e-02	0.00000000000000e+00	0.00000000000000e+00	5.62903570716498e+02	4.87179037911710e+00
45	144	78	111	5.96250000000000e+02	2.07345115136926e+03	3.00000000000000e-02	0.00000000000000e+00	0.00000000000000e+00	5.55945249575031e+02	2.33300749293358e+00
46	145	79	112	6.33300000000000e+02	2.07345115136926e+03	3.00000000000000e-02	0.00000000000000e+00	0.00000000000000e+00	5.58619028042018e+02	4.18255089284966e+00
47	146	80	113	6.24710000000000e+02	2.07345115136926e+03	3.00000000000000e-02	0.00000000000000e+00	0.00000000000000e+00	5.59233920351954e+02	3.69065647542642e+00
48	147	81	114	6.39410000000000e+02	2.07345115136926e+03	3.00000000000000e-02	0.00000000000000e+00	0.00000000000000e+00	5.60214221078372e+02	4.40755426484497e+00
49	148	82	115	5.94540000000000e+02	2.07345115136926e+03	3.00000000000000e-02	0.00000000000000e+00	0.00000000000000e+00	5.32158348151244e+02	3.69489684481445e+00
50	149	83	116	5.60440000000000e+02	2.07345115136926e+03	3.00000000000000e-02	0.00000000000000e+00	0.00000000000000e+00	4.99786993954127e+02	3.81800646471723e+00
51	150	84	117	5.32330000000000e+02	2.07345115136926e+03	3.00000000000000e-02	0.00000000000000e+00	0.00000000000000e+00	4.77278812773470e+02	3.63875881691798e+00
52	151	85	118	5.18460000000000e+02	2.07345115136926e+03	3.00000000000000e-02	0.00000000000000e+00	0.00000000000000e+00	4.60975089873665e+02	3.91729575086206e+00
53	152	86	119	5.10660000000000e+02	2.07345115136926e+03	3.00000000000000e-02	0.00000000000000e+00	0.00000000000000e+00	4.57700948372374e+02	3.64959956734019e+00
54	153	87	120	4.49010000000000e+02	2.07345115136926e+03	3.00000000000000e-02	0.00000000000000e+00	0.00000000000000e+00	4.54226278742043e+02	-3.85010866419992e-01
55	154	88	121	4.94630000000000e+02	2.07345115136926e+03	3.00000000000000e-02	0.00000000000000e+00	0.00000000000000e+00	4.53494331845466e+02	2.89424125108508e+00
56	155	89	122	5.21220000000000e+02	2.07345115136926e+03	3.00000000000000e-02	0.00000000000000e+00	0.00000000000000e+00	4.53899914717385e+02	4.60984986420119e+00
57	156	90	123	5.42500000000000e+02	2.07345115136926e+03	3.00000000000000e-02	0.00000000000000e+00	0.00000000000000e+00	4.52818406358426e+02	6.02323030889904e+00
58	157	91	124	5.39590000000000e+02	2.07345115136926e+03	3.00000000000000e-02	0.00000000000000e+00	0.00000000000000e+00	4.63674665039334e+02	5.05421461815529e+00
59	158	92	125	6.12830000000000e+02	2.07345115136926e+03	3.00000000000000e-02	0.00000000000000e+00	0.00000000000000e+00	4.64893321755047e+02	9.20932030515462e+00
60	159	93	126	5.80460000000000e+02	2.07345115136926e+03	3.00000000000000e-02	0.00000000000000e+00	0.00000000000000e+00	4.52359711394864e+02	8.31144025480892e+00
61	160	94	127	8.64610000000000e+02	2.07345115136926e+03	3.00000000000000e-02	0.00000000000000e+00	0.00000000000000e+00	4.29561867193084e+02	2.33170920823612e+01
62	161	95	128	6.66520000000000e+02	2.07345115136926e+03	3.00000000000000e-02	0.00000000000000e+00	0.00000000000000e+00	4.06280633545607e+02	1.65008670072871e+01
63	162	96	129	4.68440000000000e+02	2.07345115136926e+03	3.00000000000000e-02	0.00000000000000e+00	0.00000000000000e+00	3.85906390050556e+02	6.46043993141629e+00
64	163	97	130	4.71250000000000e+02	2.07345115136926e+03	3.00000000000000e-02	0.00000000000000e+00	0.00000000000000e+00	3.59777484221904e+02	8.99676659326136e+00
65	164	98	131	4.07870000000000e+02	2.07345115136926e+03	3.00000000000000e-02	0.00000000000000e+00	0.00000000000000e+00	3.44678436713482e+02	5.61121937638246e+00
66	165	99	132	3.68490000000000e+02	2.07345115136926e+03	3.00000000000000e-02	0.00000000000000e+00	0.00000000000000e+00	3.25463547617828e+02	4.13877025756779e+00
67	166	100	133	3.85120000000000e+02	2.07345115136926e+03	3.00000000000000e-02	0.00000000000000e+00	0.00000000000000e+00	3.29128637177582e+02	5.23687684090231e+00
68	167	101	134	3.76100000000000e+02	2.07345115136926e+03	3.00000000000000e-02	0.00000000000000e+00	0.00000000000000e+00	3.27399900868353e+02	4.62242344412696e+00
69	168	102	135	3.57130000000000e+02	2.07345115136926e+03	3.00000000000000e-02	0.00000000000000e+00	0.00000000000000e+00	3.13407124081626e+02	4.35322666317302e+00
70	169	103	136	2.84860000000000e+02	2.07345115136926e+03	3.00000000000000e-02	0.00000000000000e+00	0.00000000000000e+00	3.02837802609831e+02	-2.03998419193499e+00
71	170	104	137	2.98290000000000e+02	2.07345115136926e+03	3.00000000000000e-02	0.00000000000000e+00	0.00000000000000e+00	2.76168427000781e+02	2.56850817696283e+00
72	171	105	138	3.02090000000000e+02	2.07345115136926e+03	3.00000000000000e-02	0.00000000000000e+00	0.00000000000000e+00	2.53723155952722e+02	5.81604169372486e+00
73	172	106	139	3.05240000000000e+02	2.07345115136926e+03	3.00000000000000e-02	0.00000000000000e+00	0.00000000000000e+00	2.46406530464138e+02	7.13718725354084e+00
74	173	107	140	3.16440000000000e+02	2.07345115136926e+03	3.00000000000000e-02	0.00000000000000e+00	0.00000000000000e+00	2.44748489586849e+02	8.56341800034827e+00
75	174	108	141	2.99290000000000e+02	2.07345115136926e+03	3.00000000000000e-02	0.00000000000000e+00	0.00000000000000e+00	2.37794493075849e+02	7.66687256053442e+00
76	175	109	142	3.05180000000000e+02	2.07345115136926e+03	3.00000000000000e-02	0.00000000000000e+00	0.00000000000000e+00	2.09493081637072e+02	1.25403683619580e+01
77	176	110	143	3.21790000000000e+02	2.07345115136926e+03	3.00000000000000e-02	0.00000000000000e+00	0.00000000000000e+00	1.87181591831809e+02	1.80606644632292e+01
1	103	35	69	3.38410000000000e+02	2.13628300444106e+03	3.00000000000000e-02	0.00000000000000e+00	0.00000000000000e+00	2.78863923268308e+02	6.45114151672329e+00
3	104	36	70	2.92260000000000e+02	2.13628300444106e+03	3.00000000000000e-02	0.00000000000000e+00	0.00000000000000e+00	2.53687533524298e+02	4.71801634331301e+00
4	105	37	71	2.85540000000000e+02	2.13628300444106e+03	3.00000000000000e-02	0.00000000000000e+00	0.00000000000000e+00	2.42823608825219e+02	5.40156114047005e+00
2	106	38	72	3.11330000000000e+02	2.13628300444106e+03	3.00000000000000e-02	0.00000000000000e+00	0.00000000000000e+00	2.44491481460337e+02	8.05576584034471e+00
5	107	39	73	3.02270000000000e+02	2.13628300444106e+03	3.00000000000000e-02	0.00000000000000e+00	0.00000000000000e+00	2.55962170590730e+02	5.54303317547058e+00
6	108	40	74	2.93550000000000e+02	2.13628300444106e+03	3.00000000000000e-02	0.00000000000000e+00	0.00000000000000e+00	2.58283675116795e+02	4.26631618856540e+00
7	109	41	75	2.84830000000000e+02	2.13628300444106e+03	3.00000000000000e-02	0.00000000000000e+00	0.00000000000000e+00	2.44115526229244e+02	5.14169765579166e+00
8	110	42	76	3.03950000000000e+02	2.13628300444106e+03	3.00000000000000e-02	0.00000000000000e+00	0.00000000000000e+00	2.32920013690284e+02	8.87227028163495e+00
9	111	43	77	2.97770000000000e+02	2.13628300444106e+03	3.00000000000000e-02	0.00000000000000e+00	0.00000000000000e+00	2.27203476614215e+02	9.01584625651572e+00
10	112	44	78	2.21730000000000e+02	2.13628300444106e+03	3.00000000000000e-02	0.00000000000000e+00	0.00000000000000e+00	2.30026906601005e+02	-1.22452872792712e+00
11	113	45	79	2.02420000000000e+02	2.13628300444106e+03	3.00000000000000e-02	0.00000000000000e+00	0.00000000000000e+00	2.28886562460414e+02	-4.09605912090329e+00
12	114	46	80	2.45570000000000e+02	2.13628300444106e+03	3.00000000000000e-02	0.00000000000000e+00	0.00000000000000e+00	2.35707957554173e+02	1.36628227452980e+00
13	115	47	81	1.55090000000000e+02	2.13628300444106e+03	3.00000000000000e-02	0.00000000000000e+00	0.00000000000000e+00	2.42546086598852e+02	-1.49062048859897e+01
14	116	48	82	1.93330000000000e+02	2.13628300444106e+03	3.00000000000000e-02	0.00000000000000e+00	0.00000000000000e+00	2.35379840605686e+02	-6.56006596420709e+00
15	117	49	83	2.31560000000000e+02	2.13628300444106e+03	3.00000000000000e-02	0.00000000000000e+00	0.00000000000000e+00	2.32845011188451e+02	-1.84467499559323e-01
16	118	50	84	1.70270000000000e+02	2.13628300444106e+03	3.00000000000000e-02	0.00000000000000e+00	0.00000000000000e+00	2.34637646921515e+02	-1.06885661241223e+01
17	119	51	85	2.01920000000000e+02	2.13628300444106e+03	3.00000000000000e-02	0.00000000000000e+00	0.00000000000000e+00	2.32087122732278e+02	-4.64137502795099e+00
18	120	52	86	2.49290000000000e+02	2.13628300444106e+03	3.00000000000000e-02	0.00000000000000e+00	0.00000000000000e+00	2.29026961172232e+02	2.82590488032861e+00
19	121	53	87	2.49800000000000e+02	2.13628300444106e+03	3.00000000000000e-02	0.00000000000000e+00	0.00000000000000e+00	2.28902367295767e+02	2.91216762447180e+00
20	122	54	88	2.30520000000000e+02	2.13628300444106e+03	3.00000000000000e-02	0.00000000000000e+00	0.00000000000000e+00	2.32947397123573e+02	-3.49167936356457e-01
21	123	55	89	1.94180000000000e+02	2.13628300444106e+03	3.00000000000000e-02	0.00000000000000e+00	0.00000000000000e+00	2.39791159791446e+02	-7.03276043496034e+00
22	124	56	90	2.58600000000000e+02	2.13628300444106e+03	3.00000000000000e-02	0.00000000000000e+00	0.00000000000000e+00	2.47902742133413e+02	1.40819886359864e+00
23	125	57	91	3.23030000000000e+02	2.13628300444106e+03	3.00000000000000e-02	0.00000000000000e+00	0.00000000000000e+00	2.56478752135480e+02	7.68997915551527e+00
24	126	58	92	3.37090000000000e+02	2.13628300444106e+03	3.00000000000000e-02	0.00000000000000e+00	0.00000000000000e+00	2.73531921770367e+02	6.96438753880818e+00
25	127	59	93	3.97120000000000e+02	2.13628300444106e+03	3.00000000000000e-02	0.00000000000000e+00	0.00000000000000e+00	3.04813107853805e+02	8.81798914529094e+00
26	128	60	94	3.62260000000000e+02	2.13628300444106e+03	3.00000000000000e-02	0.00000000000000e+00	0.00000000000000e+00	3.27260660646604e+02	3.38684017817166e+00
27	129	61	95	3.82740000000000e+02	2.13628300444106e+03	3.00000000000000e-02	0.00000000000000e+00	0.00000000000000e+00	3.64747364771284e+02	1.60503149527615e+00
28	130	62	96	5.28070000000000e+02	2.13628300444106e+03	3.00000000000000e-02	0.00000000000000e+00	0.00000000000000e+00	3.92328792519433e+02	9.90428686728215e+00
29	131	63	97	4.40940000000000e+02	2.13628300444106e+03	3.00000000000000e-02	0.00000000000000e+00	0.00000000000000e+00	4.15300917767913e+02	1.99684837477114e+00
30	132	64	98	4.70890000000000e+02	2.13628300444106e+03	3.00000000000000e-02	0.00000000000000e+00	0.00000000000000e+00	4.55308617108892e+02	1.12163509030522e+00
31	133	65	99	5.08130000000000e+02	2.13628300444106e+03	3.00000000000000e-02	0.00000000000000e+00	0.00000000000000e+00	5.00835258907717e+02	4.82003262577842e-01
32	134	66	100	5.48900000000000e+02	2.13628300444106e+03	3.00000000000000e-02	0.00000000000000e+00	0.00000000000000e+00	5.43072770363546e+02	3.55764973289722e-01
33	135	67	101	7.26500000000000e+02	2.13628300444106e+03	3.00000000000000e-02	0.00000000000000e+00	0.00000000000000e+00	5.61703868220793e+02	8.57545656214593e+00
34	136	68	102	6.53720000000000e+02	2.13628300444106e+03	3.00000000000000e-02	0.00000000000000e+00	0.00000000000000e+00	5.75597251686396e+02	4.24236416388627e+00
35	137	69	103	5.93070000000000e+02	2.13628300444106e+03	3.00000000000000e-02	0.00000000000000e+00	0.00000000000000e+00	5.91314336980452e+02	9.88228933610280e-02
36	138	70	104	6.25060000000000e+02	2.13628300444106e+03	3.00000000000000e-02	0.00000000000000e+00	0.00000000000000e+00	6.18378899723280e+02	3.58208973185548e-01
37	139	71	105	6.13910000000000e+02	2.13628300444106e+03	3.00000000000000e-02	0.00000000000000e+00	0.00000000000000e+00	6.20460489702361e+02	-3.53786336095160e-01
38	140	72	106	6.47900000000000e+02	2.13628300444106e+03	3.00000000000000e-02	0.00000000000000e+00	0.00000000000000e+00	6.09530567381255e+02	2.03490880744054e+00
39	141	73	107	6.57060000000000e+02	2.13628300444106e+03	3.00000000000000e-02	0.00000000000000e+00	0.00000000000000e+00	5.98385350678198e+02	3.11801309912116e+00
40	142	74	108	6.54610000000000e+02	2.13628300444106e+03	3.00000000000000e-02	0.00000000000000e+00	0.00000000000000e+00	5.89394596689029e+02	3.49812452235350e+00
41	143	75	109	6.00260000000000e+02	2.13628300444106e+03	3.00000000000000e-02	0.00000000000000e+00	0.00000000000000e+00	5.89600575679876e+02	5.97252580749756e-01
42	144	76	110	6.61080000000000e+02	2.13628300444106e+03	3.00000000000000e-02	0.00000000000000e+00	0.00000000000000e+00	5.90478622406872e+02	3.76471429397061e+00
43	145	77	111	6.65720000000000e+02	2.13628300444106e+03	3.00000000000000e-02	0.00000000000000e+00	0.00000000000000e+00	5.80370413451446e+02	4.57342060474918e+00
44	146	78	112	6.27320000000000e+02	2.13628300444106e+03	3.00000000000000e-02	0.00000000000000e+00	0.00000000000000e+00	5.63005435649653e+02	3.60558314593401e+00
45	147	79	113	6.50530000000000e+02	2.13628300444106e+03	3.00000000000000e-02	0.00000000000000e+00	0.00000000000000e+00	5.69276166498796e+02	4.44739149171915e+00
46	148	80	114	6.45360000000000e+02	2.13628300444106e+03	3.00000000000000e-02	0.00000000000000e+00	0.00000000000000e+00	5.60756183526271e+02	4.68407000155435e+00
47	149	81	115	6.28420000000000e+02	2.13628300444106e+03	3.00000000000000e-02	0.00000000000000e+00	0.00000000000000e+00	5.34457942535485e+02	5.39852303296063e+00
48	150	82	116	6.17780000000000e+02	2.13628300444106e+03	3.00000000000000e-02	0.00000000000000e+00	0.00000000000000e+00	5.19777712031175e+02	5.75770545687246e+00
49	151	83	117	5.74810000000000e+02	2.13628300444106e+03	3.00000000000000e-02	0.00000000000000e+00	0.00000000000000e+00	4.94412457947485e+02	5.02231491564270e+00
50	152	84	118	5.28420000000000e+02	2.13628300444106e+03	3.00000000000000e-02	0.00000000000000e+00	0.00000000000000e+00	4.69300397020498e+02	3.95494510869892e+00
51	153	85	119	5.22760000000000e+02	2.13628300444106e+03	3.00000000000000e-02	0.00000000000000e+00	0.00000000000000e+00	4.60458271506640e+02	4.23000772533587e+00
52	154	86	120	5.15190000000000e+02	2.13628300444106e+03	3.00000000000000e-02	0.00000000000000e+00	0.00000000000000e+00	4.60517878559484e+02	3.73946951629180e+00
53	155	87	121	6.24060000000000e+02	2.13628300444106e+03	3.00000000000000e-02	0.00000000000000e+00	0.00000000000000e+00	4.62030755961808e+02	1.00205019127076e+01
54	156	88	122	5.28770000000000e+02	2.13628300444106e+03	3.00000000000000e-02	0.00000000000000e+00	0.00000000000000e+00	4.59708326004699e+02	4.66537800779333e+00
55	157	89	123	5.28960000000000e+02	2.13628300444106e+03	3.00000000000000e-02	0.00000000000000e+00	0.00000000000000e+00	4.57640089644534e+02	4.82765899718469e+00
56	158	90	124	5.70110000000000e+02	2.13628300444106e+03	3.00000000000000e-02	0.00000000000000e+00	0.00000000000000e+00	4.55616231776795e+02	7.47261554913020e+00
57	159	91	125	5.48850000000000e+02	2.13628300444106e+03	3.00000000000000e-02	0.00000000000000e+00	0.00000000000000e+00	4.51067350027196e+02	6.54028389693862e+00
58	160	92	126	5.25950000000000e+02	2.13628300444106e+03	3.00000000000000e-02	0.00000000000000e+00	0.00000000000000e+00	4.42700441250398e+02	5.74376049073804e+00
59	161	93	127	6.93650000000000e+02	2.13628300444106e+03	3.00000000000000e-02	0.00000000000000e+00	0.00000000000000e+00	4.17123183442489e+02	1.69528642804088e+01
60	162	94	128	4.65070000000000e+02	2.13628300444106e+03	3.00000000000000e-02	0.00000000000000e+00	0.00000000000000e+00	4.12079723791532e+02	4.03236989712529e+00
61	163	95	129	6.46630000000000e+02	2.13628300444106e+03	3.00000000000000e-02	0.00000000000000e+00	0.00000000000000e+00	4.02102583590418e+02	1.58355673874890e+01
62	164	96	130	6.37370000000000e+02	2.13628300444106e+03	3.00000000000000e-02	0.00000000000000e+00	0.00000000000000e+00	3.76612327251040e+02	1.75377995324394e+01
63	165	97	131	4.57210000000000e+02	2.13628300444106e+03	3.00000000000000e-02	0.00000000000000e+00	0.00000000000000e+00	3.49917211209352e+02	8.91487389485587e+00
64	166	98	132	3.95130000000000e+02	2.13628300444106e+03	3.00000000000000e-02	0.00000000000000e+00	0.00000000000000e+00	3.39171620290643e+02	5.09028636191813e+00
65	167	99	133	3.79230000000000e+02	2.13628300444106e+03	3.00000000000000e-02	0.00000000000000e+00	0.00000000000000e+00	3.28291303649250e+02	4.80805153518578e+00
66	168	100	134	3.99080000000000e+02	2.13628300444106e+03	3.00000000000000e-02	0.00000000000000e+00	0.00000000000000e+00	3.30627689718985e+02	6.27229867366414e+00
67	169	101	135	3.92020000000000e+02	2.13628300444106e+03	3.00000000000000e-02	0.00000000000000e+00	0.00000000000000e+00	3.28038411098288e+02	5.93940501208330e+00
68	170	102	136	3.80690000000000e+02	2.13628300444106e+03	3.00000000000000e-02	0.00000000000000e+00	0.00000000000000e+00	3.19721007453876e+02	5.81788772793062e+00
69	171	103	137	3.26720000000000e+02	2.13628300444106e+03	3.00000000000000e-02	0.00000000000000e+00	0.00000000000000e+00	3.11174332761539e+02	1.62500747820917e+00
70	172	104	138	2.40780000000000e+02	2.13628300444106e+03	3.00000000000000e-02	0.00000000000000e+00	0.00000000000000e+00	2.78650848791680e+02	-4.86919688631226e+00
71	173	105	139	3.32870000000000e+02	2.13628300444106e+03	3.00000000000000e-02	0.00000000000000e+00	0.00000000000000e+00	2.62487247890959e+02	7.91831739930811e+00
72	174	106	140	3.20820000000000e+02	2.13628300444106e+03	3.00000000000000e-02	0.00000000000000e+00	0.00000000000000e+00	2.58441068559854e+02	7.20708416179212e+00
73	175	107	141	3.22820000000000e+02	2.13628300444106e+03	3.00000000000000e-02	0.00000000000000e+00	0.00000000000000e+00	2.53532863308764e+02	8.05338131391139e+00
74	176	108	142	2.88910000000000e+02	2.13628300444106e+03	3.00000000000000e-02	0.00000000000000e+00	0.00000000000000e+00	2.44018399005618e+02	5.62905309051273e+00
1	106	36	71	2.93980000000000e+02	2.19911485751285e+03	3.00000000000000e-02	0.00000000000000e+00	0.00000000000000e+00	2.36068032690282e+02	7.31305667399547e+00
3	107	37	72	2.74830000000000e+02	2.19911485751285e+03	3.00000000000000e-02	0.00000000000000e+00	0.00000000000000e+00	2.26808663192342e+02	6.40153186913457e+00
4	108	38	73	2.97830000000000e+02	2.19911485751285e+03	3.00000000000000e-02	0.00000000000000e+00	0.00000000000000e+00	2.23847059850163e+02	9.51866012635134e+00
2	109	39	74	2.53350000000000e+02	2.19911485751285e+03	3.00000000000000e-02	0.00000000000000e+00	0.00000000000000e+00	2.15566780329785e+02	5.38337282872240e+00
5	110	40	75	2.74260000000000e+02	2.19911485751285e+03	3.00000000000000e-02	0.00000000000000e+00	0.00000000000000e+00	2.19350429182852e+02	7.44686591164513e+00
6	111	41	76	2.49290000000000e+02	2.19911485751285e+03	3.00000000000000e-02	0.00000000000000e+00	0.00000000000000e+00	2.18339937888591e+02	4.41878936764928e+00
7	112	42	77	2.24310000000000e+02	2.19911485751285e+03	3.00000000000000e-02	0.00000000000000e+00	0.00000000000000e+00	2.21236203147396e+02	4.59936679737065e-01
8	113	43	78	1.25380000000000e+02	2.19911485751285e+03	3.00000000000000e-02	0.00000000000000e+00	0.00000000000000e+00	2.24521438692265e+02	-1.94207357355196e+01
9	114	44	79	1.78420000000000e+02	2.19911485751285e+03	3.00000000000000e-02	0.00000000000000e+00	0.00000000000000e+00	2.26745368014922e+02	-7.98957798609553e+00
10	115	45	80	2.31450000000000e+02	2.19911485751285e+03	3.00000000000000e-02	0.00000000000000e+00	0.00000000000000e+00	2.28858950850854e+02	3.75266294604248e-01
11	116	46	81	2.41230000000000e+02	2.19911485751285e+03	3.00000000000000e-02	0.00000000000000e+00	0.00000000000000e+00	2.41303648658101e+02	-1.01752708684325e-02
12	117	47	82	2.86090000000000e+02	2.19911485751285e+03	3.00000000000000e-02	0.00000000000000e+00	0.00000000000000e+00	2.54767938403554e+02	3.86511204307046e+00
13	118	48	83	2.09910000000000e+02	2.19911485751285e+03	3.00000000000000e-02	0.00000000000000e+00	0.00000000000000e+00	2.45408181998781e+02	-5.20813352578028e+00
14	119	49	84	2.49830000000000e+02	2.19911485751285e+03	3.00000000000000e-02	0.00000000000000e+00	0.00000000000000e+00	2.42769189955410e+02	9.55651005697788e-01
15	120	50	85	2.27630000000000e+02	2.19911485751285e+03	3.00000000000000e-02	0.00000000000000e+00	0.00000000000000e+00	2.46500131150707e+02	-2.65470072582854e+00
16	121	51	86	1.16970000000000e+02	2.19911485751285e+03	3.00000000000000e-02	0.00000000000000e+00	0.00000000000000e+00	2.38550997241219e+02	-2.37555206906421e+01
17	122	52	87	1.87400000000000e+02	2.19911485751285e+03	3.00000000000000e-02	0.00000000000000e+00	0.00000000000000e+00	2.34935759717807e+02	-7.53555813554806e+00
18	123	53	88	2.57830000000000e+02	2.19911485751285e+03	3.00000000000000e-02	0.00000000000000e+00	0.00000000000000e+00	2.34075693724548e+02	3.22186375025781e+00
19	124	54	89	2.86020000000000e+02	2.19911485751285e+03	3.00000000000000e-02	0.00000000000000e+00	0.00000000000000e+00	2.36454509616878e+02	6.34352991190428e+00
20	125	55	90	9.16080000000000e+02	2.19911485751285e+03	3.00000000000000e-02	0.00000000000000e+00	0.00000000000000e+00	2.40764479575330e+02	4.45428168206775e+01
21	126	56	91	6.13150000000000e+02	2.19911485751285e+03	3.00000000000000e-02	0.00000000000000e+00	0.00000000000000e+00	2.44313460129978e+02	3.06719176912287e+01
22	127	57	92	4.68130000000000e+02	2.19911485751285e+03	3.00000000000000e-02	0.00000000000000e+00	0.00000000000000e+00	2.55137293381564e+02	2.02314743144730e+01
23	128	58	93	3.23110000000000e+02	2.19911485751285e+03	3.00000000000000e-02	0.00000000000000e+00	0.00000000000000e+00	2.68687792944592e+02	6.14809126619618e+00
24	129	59	94	3.40420000000000e+02	2.19911485751285e+03	3.00000000000000e-02	0.00000000000000e+00	0.00000000000000e+00	2.88920296171757e+02	5.46764303660575e+00
25	130	60	95	3.50560000000000e+02	2.19911485751285e+03	3.00000000000000e-02	0.00000000000000e+00	0.00000000000000e+00	3.08743345348714e+02	4.23405138878937e+00
26	131	61	96	4.82590000000000e+02	2.19911485751285e+03	3.00000000000000e-02	0.00000000000000e+00	0.00000000000000e+00	3.39093776130543e+02	1.17630245667252e+01
27	132	62	97	6.14610000000000e+02	2.19911485751285e+03	3.00000000000000e-02	0.00000000000000e+00	0.00000000000000e+00	3.84622666241053e+02	1.56241718102330e+01
28	133	63	98	4.35130000000000e+02	2.19911485751285e+03	3.00000000000000e-02	0.00000000000000e+00	0.00000000000000e+00	3.99005908461134e+02	2.88895373543226e+00
29	134	64	99	4.32870000000000e+02	2.19911485751285e+03	3.00000000000000e-02	0.00000000000000e+00	0.00000000000000e+00	4.12485435464937e+02	1.60788515965565e+00
30	135	65	100	4.80050000000000e+02	2.19911485751285e+03	3.00000000000000e-02	0.00000000000000e+00	0.00000000000000e+00	4.44451707582479e+02	2.56829534835923e+00
31	136	66	101	5.05990000000000e+02	2.19911485751285e+03	3.00000000000000e-02	0.00000000000000e+00	0.00000000000000e+00	4.90224963351970e+02	1.05508372061071e+00
32	137	67	102	5.59970000000000e+02	2.19911485751285e+03	3.00000000000000e-02	0.00000000000000e+00	0.00000000000000e+00	5.39909684267251e+02	1.21604455507711e+00
33	138	68	103	8.10070000000000e+02	2.19911485751285e+03	3.00000000000000e-02	0.00000000000000e+00	0.00000000000000e+00	5.62681551720527e+02	1.21468941022703e+01
34	139	69	104	5.95000000000000e+02	2.19911485751285e+03	3.00000000000000e-02	0.00000000000000e+00	0.00000000000000e+00	5.91241662001896e+02	2.11218938710012e-01
35	140	70	105	6.31410000000000e+02	2.19911485751285e+03	3.00000000000000e-02	0.00000000000000e+00	0.00000000000000e+00	6.03989703579087e+02	1.47994210280563e+00
36	141	71	106	6.49160000000000e+02	2.19911485751285e+03	3.00000000000000e-02	0.00000000000000e+00	0.00000000000000e+00	6.05851450374865e+02	2.30147982741965e+00
37	142	72	107	6.47210000000000e+02	2.19911485751285e+03	3.00000000000000e-02	0.00000000000000e+00	0.00000000000000e+00	6.13230230437688e+02	1.79767905141155e+00
38	143	73	108	6.14270000000000e+02	2.19911485751285e+03	3.00000000000000e-02	0.00000000000000e+00	0.00000000000000e+00	6.10128984133662e+02	2.25472889641765e-01
39	144	74	109	6.02430000000000e+02	2.19911485751285e+03	3.00000000000000e-02	0.00000000000000e+00	0.00000000000000e+00	6.12204938362715e+02	-5.36520567342791e-01
40	145	75	110	6.59170000000000e+02	2.19911485751285e+03	3.00000000000000e-02	0.00000000000000e+00	0.00000000000000e+00	6.10183209983057e+02	2.57407371811166e+00
41	146	76	111	5.97740000000000e+02	2.19911485751285e+03	3.00000000000000e-02	0.00000000000000e+00	0.00000000000000e+00	6.05477710648329e+02	-4.28729134604626e-01
42	147	77	112	6.72050000000000e+02	2.19911485751285e+03	3.00000000000000e-02	0.00000000000000e+00	0.00000000000000e+00	5.90939799185259e+02	4.28728643100348e+00
43	148	78	113	6.44920000000000e+02	2.19911485751285e+03	3.00000000000000e-02	0.00000000000000e+00	0.00000000000000e+00	5.76110058448386e+02	3.76091873189287e+00
44	149	79	114	6.69050000000000e+02	2.19911485751285e+03	3.00000000000000e-02	0.00000000000000e+00	0.00000000000000e+00	5.75208187549257e+02	5.03755850601388e+00
45	150	80	115	6.47850000000000e+02	2.19911485751285e+03	3.00000000000000e-02	0.00000000000000e+00	0.00000000000000e+00	5.68990954595744e+02	4.32648836982104e+00
46	151	81	116	6.48600000000000e+02	2.19911485751285e+03	3.00000000000000e-02	0.00000000000000e+00	0.00000000000000e+00	5.34248169646159e+02	6.46519085682673e+00
47	152	82	117	5.88440000000000e+02	2.19911485751285e+03	3.00000000000000e-02	0.00000000000000e+00	0.00000000000000e+00	4.94173553579383e+02	5.81960629527956e+00
48	153	83	118	5.65430000000000e+02	2.19911485751285e+03	3.00000000000000e-02	0.00000000000000e+00	0.00000000000000e+00	4.82112502778368e+02	5.31363361878497e+00
49	154	84	119	5.51880000000000e+02	2.19911485751285e+03	3.00000000000000e-02	0.00000000000000e+00	0.00000000000000e+00	4.66410964024459e+02	5.60878296029050e+00
50	155	85	120	5.33430000000000e+02	2.19911485751285e+03	3.00000000000000e-02	0.00000000000000e+00	0.00000000000000e+00	4.55617627304804e+02	5.25579773341128e+00
51	156	86	121	5.28230000000000e+02	2.19911485751285e+03	3.00000000000000e-02	0.00000000000000e+00	0.00000000000000e+00	4.63017198277636e+02	4.39225320712190e+00
52	157	87	122	6.52850000000000e+02	2.19911485751285e+03	3.00000000000000e-02	0.00000000000000e+00	0.00000000000000e+00	4.65071598120546e+02	1.13052008555584e+01
53	158	88	123	6.21280000000000e+02	2.19911485751285e+03	3.00000000000000e-02	0.00000000000000e+00	0.00000000000000e+00	4.62712966393665e+02	9.82249823784939e+00
54	159	89	124	5.22060000000000e+02	2.19911485751285e+03	3.00000000000000e-02	0.00000000000000e+00	0.00000000000000e+00	4.52871054016757e+02	4.73916959375975e+00
55	160	90	125	5.72930000000000e+02	2.19911485751285e+03	3.00000000000000e-02	0.00000000000000e+00	0.00000000000000e+00	4.38576971691163e+02	8.90760715739854e+00
56	161	91	126	5.24700000000000e+02	2.19911485751285e+03	3.00000000000000e-02	0.00000000000000e+00	0.00000000000000e+00	4.27096095558570e+02	6.86058782123477e+00
57	162	92	127	4.79320000000000e+02	2.19911485751285e+03	3.00000000000000e-02	0.00000000000000e+00	0.00000000000000e+00	4.19027096277698e+02	4.48109486875342e+00
58	163	93	128	5.26340000000000e+02	2.19911485751285e+03	3.00000000000000e-02	0.00000000000000e+00	0.00000000000000e+00	4.05637780110331e+02	8.68289325280050e+00
59	164	94	129	4.59580000000000e+02	2.19911485751285e+03	3.00000000000000e-02	0.00000000000000e+00	0.00000000000000e+00	3.93632868271615e+02	5.16314534825169e+00
60	165	95	130	3.92820000000000e+02	2.19911485751285e+03	3.00000000000000e-02	0.00000000000000e+00	0.00000000000000e+00	3.92235884411168e+02	4.96028973410094e-02
61	166	96	131	6.00660000000000e+02	2.19911485751285e+03	3.00000000000000e-02	0.00000000000000e+00	0.00000000000000e+00	3.74266572573305e+02	1.57686915415711e+01
62	167	97	132	4.87260000000000e+02	2.19911485751285e+03	3.00000000000000e-02	0.00000000000000e+00	0.00000000000000e+00	3.49308315398794e+02	1.10947634699630e+01
63	168	98	133	3.73860000000000e+02	2.19911485751285e+03	3.00000000000000e-02	0.00000000000000e+00	0.00000000000000e+00	3.40835180120303e+02	3.08274593680468e+00
64	169	99	134	3.88690000000000e+02	2.19911485751285e+03	3.00000000000000e-02	0.00000000000000e+00	0.00000000000000e+00	3.30376866761546e+02	5.41826958016489e+00
65	170	100	135	3.79920000000000e+02	2.19911485751285e+03	3.00000000000000e-02	0.00000000000000e+00	0.00000000000000e+00	3.34243167868713e+02	4.26973095503576e+00
66	171	101	136	4.01530000000000e+02	2.19911485751285e+03	3.00000000000000e-02	0.00000000000000e+00	0.00000000000000e+00	3.35054926584088e+02	6.03292573528575e+00
67	172	102	137	4.10790000000000e+02	2.19911485751285e+03	3.00000000000000e-02	0.00000000000000e+00	0.00000000000000e+00	3.31029688600608e+02	7.19580233333327e+00
68	173	103	138	5.11620000000000e+02	2.19911485751285e+03	3.00000000000000e-02	0.00000000000000e+00	0.00000000000000e+00	3.18917611347422e+02	1.57549788064403e+01
69	174	104	139	3.48530000000000e+02	2.19911485751285e+03	3.00000000000000e-02	0.00000000000000e+00	0.00000000000000e+00	2.86597666614367e+02	6.52149786530660e+00
70	175	105	140	3.58770000000000e+02	2.19911485751285e+03	3.00000000000000e-02	0.00000000000000e+00	0.00000000000000e+00	2.72002865912964e+02	9.22896373212054e+00
71	176	106	141	2.78890000000000e+02	2.19911485751285e+03	3.00000000000000e-02	0.00000000000000e+00	0.00000000000000e+00	2.68064238618691e+02	1.31969302395796e+00
1	109	37	73	1.99010000000000e+02	2.26194671058465e+03	3.00000000000000e-02	0.00000000000000e+00	0.00000000000000e+00	2.00498568364550e+02	-2.48401055882486e-01
3	110	38	74	2.41810000000000e+02	2.26194671058465e+03	3.00000000000000e-02	0.00000000000000e+00	0.00000000000000e+00	1.88700930220621e+02	8.26629706097058e+00
4	111	39	75	2.52040000000000e+02	2.26194671058465e+03	3.00000000000000e-02	0.00000000000000e+00	0.00000000000000e+00	1.84139942631936e+02	1.04630592920038e+01
2	112	40	76	2.18740000000000e+02	2.26194671058465e+03	3.00000000000000e-02	0.00000000000000e+00	0.00000000000000e+00	1.92533548360127e+02	4.25377980560935e+00
5	113	41	77	2.15590000000000e+02	2.26194671058465e+03	3.00000000000000e-02	0.00000000000000e+00	0.00000000000000e+00	2.09566286985725e+02	9.44612026455172e-01
6	114	42	78	1.68920000000000e+02	2.26194671058465e+03	3.00000000000000e-02	0.00000000000000e+00	0.00000000000000e+00	2.19738107063982e+02	-8.76703949115208e+00
7	115	43	79	1.34290000000000e+02	2.26194671058465e+03	3.00000000000000e-02	0.00000000000000e+00	0.00000000000000e+00	2.22021650552875e+02	-1.67591087178964e+01
8	116	44	80	1.61940000000000e+02	2.26194671058465e+03	3.00000000000000e-02	0.00000000000000e+00	0.00000000000000e+00	2.28639854257002e+02	-1.14974060163000e+01
9	117	45	81	2.28190000000000e+02	2.26194671058465e+03	3.00000000000000e-02	0.00000000000000e+00	0.00000000000000e+00	2.39561623335723e+02	-1.62106894790236e+00
10	118	46	82	2.94440000000000e+02	2.26194671058465e+03	3.00000000000000e-02	0.00000000000000e+00	0.00000000000000e+00	2.51677655233424e+02	5.23087081278775e+00
11	119	47	83	2.63430000000000e+02	2.26194671058465e+03	3.00000000000000e-02	0.00000000000000e+00	0.00000000000000e+00	2.61561525154809e+02	2.37271478995578e-01
12	120	48	84	3.60430000000000e+02	2.26194671058465e+03	3.00000000000000e-02	0.00000000000000e+00	0.00000000000000e+00	2.55588705588665e+02	1.14576076474690e+01
13	121	49	85	2.29490000000000e+02	2.26194671058465e+03	3.00000000000000e-02	0.00000000000000e+00	0.00000000000000e+00	2.51003937859433e+02	-2.98697240417329e+00
14	122	50	86	2.65270000000000e+02	2.26194671058465e+03	3.00000000000000e-02	0.00000000000000e+00	0.00000000000000e+00	2.50625678402620e+02	1.89292234388582e+00
15	123	51	87	2.30180000000000e+02	2.26194671058465e+03	3.00000000000000e-02	0.00000000000000e+00	0.00000000000000e+00	2.45000416766808e+02	-2.07994333639832e+00
16	124	52	88	2.63090000000000e+02	2.26194671058465e+03	3.00000000000000e-02	0.00000000000000e+00	0.00000000000000e+00	2.39308610927162e+02	3.15807336263913e+00
17	125	53	89	2.96010000000000e+02	2.26194671058465e+03	3.00000000000000e-02	0.00000000000000e+00	0.00000000000000e+00	2.38292742700148e+02	7.22977694549233e+00
18	126	54	90	3.21360000000000e+02	2.26194671058465e+03	3.00000000000000e-02	0.00000000000000e+00	0.00000000000000e+00	2.42327936208551e+02	9.40900243083889e+00
19	127	55	91	3.00960000000000e+02	2.26194671058465e+03	3.00000000000000e-02	0.00000000000000e+00	0.00000000000000e+00	2.44987972867494e+02	6.85894155165746e+00
20	128	56	92	3.00960000000000e+02	2.26194671058465e+03	3.00000000000000e-02	0.00000000000000e+00	0.00000000000000e+00	2.47220726762243e+02	6.55652657861650e+00
21	129	57	93	3.14930000000000e+02	2.26194671058465e+03	3.00000000000000e-02	0.00000000000000e+00	0.00000000000000e+00	2.57972108323801e+02	6.64996400342928e+00
22	130	58	94	3.13420000000000e+02	2.26194671058465e+03	3.00000000000000e-02	0.00000000000000e+00	0.00000000000000e+00	2.66965393060416e+02	5.34750360337908e+00
23	131	59	95	3.30950000000000e+02	2.26194671058465e+03	3.00000000000000e-02	0.00000000000000e+00	0.00000000000000e+00	2.74714097361379e+02	6.20787985545688e+00
24	132	60	96	3.37490000000000e+02	2.26194671058465e+03	3.00000000000000e-02	0.00000000000000e+00	0.00000000000000e+00	2.89829569070756e+02	5.07476076273562e+00
25	133	61	97	2.71850000000000e+02	2.26194671058465e+03	3.00000000000000e-02	0.00000000000000e+00	0.00000000000000e+00	3.17481891584827e+02	-5.17234462452656e+00
26	134	62	98	3.92230000000000e+02	2.26194671058465e+03	3.00000000000000e-02	0.00000000000000e+00	0.00000000000000e+00	3.43375610515694e+02	4.43411600079025e+00
27	135	63	99	5.12620000000000e+02	2.26194671058465e+03	3.00000000000000e-02	0.00000000000000e+00	0.00000000000000e+00	3.82341904789675e+02	9.77398609771193e+00
28	136	64	100	4.56600000000000e+02	2.26194671058465e+03	3.00000000000000e-02	0.00000000000000e+00	0.00000000000000e+00	3.93426833997478e+02	4.96375400001915e+00
29	137	65	101	4.21770000000000e+02	2.26194671058465e+03	3.00000000000000e-02	0.00000000000000e+00	0.00000000000000e+00	3.96854792941209e+02	2.02965629443099e+00
30	138	66	102	4.65230000000000e+02	2.26194671058465e+03	3.00000000000000e-02	0.00000000000000e+00	0.00000000000000e+00	4.37285465168819e+02	2.06485622521511e+00
31	139	67	103	5.84130000000000e+02	2.26194671058465e+03	3.00000000000000e-02	0.00000000000000e+00	0.00000000000000e+00	4.90728671009649e+02	5.80773968705982e+00
32	140	68	104	7.03040000000000e+02	2.26194671058465e+03	3.00000000000000e-02	0.00000000000000e+00	0.00000000000000e+00	5.53679048369001e+02	7.96095351341242e+00
33	141	69	105	6.65160000000000e+02	2.26194671058465e+03	3.00000000000000e-02	0.00000000000000e+00	0.00000000000000e+00	5.82033625176777e+02	4.44997973131229e+00
34	142	70	106	6.29700000000000e+02	2.26194671058465e+03	3.00000000000000e-02	0.00000000000000e+00	0.00000000000000e+00	5.90793658785162e+02	2.12588993877502e+00
35	143	71	107	5.85730000000000e+02	2.26194671058465e+03	3.00000000000000e-02	0.00000000000000e+00	0.00000000000000e+00	5.94862787233655e+02	-5.15727890477002e-01
36	144	72	108	5.81980000000000e+02	2.26194671058465e+03	3.00000000000000e-02	0.00000000000000e+00	0.00000000000000e+00	6.12412351989471e+02	-1.69899168355894e+00
37	145	73	109	6.67680000000000e+02	2.26194671058465e+03	3.00000000000000e-02	0.00000000000000e+00	0.00000000000000e+00	6.34317466603904e+02	1.70864839213782e+00
38	146	74	110	6.16980000000000e+02	2.26194671058465e+03	3.00000000000000e-02	0.00000000000000e+00	0.00000000000000e+00	6.34579469928633e+02	-9.37530631895693e-01
39	147	75	111	6.17950000000000e+02	2.26194671058465e+03	3.00000000000000e-02	0.00000000000000e+00	0.00000000000000e+00	6.27179746740123e+02	-4.94187630984033e-01
40	148	76	112	6.70530000000000e+02	2.26194671058465e+03	3.00000000000000e-02	0.00000000000000e+00	0.00000000000000e+00	6.16022946923674e+02	2.82614100369812e+00
41	149	77	113	5.94350000000000e+02	2.26194671058465e+03	3.00000000000000e-02	0.00000000000000e+00	0.00000000000000e+00	6.01304831396921e+02	-3.87788050193993e-01
42	150	78	114	6.39460000000000e+02	2.26194671058465e+03	3.00000000000000e-02	0.00000000000000e+00	0.00000000000000e+00	5.85579406966571e+02	2.93407579555733e+00
43	151	79	115	6.63320000000000e+02	2.26194671058465e+03	3.00000000000000e-02	0.00000000000000e+00	0.00000000000000e+00	5.85074616316326e+02	4.18393799963601e+00
44	152	80	116	6.58690000000000e+02	2.26194671058465e+03	3.00000000000000e-02	0.00000000000000e+00	0.00000000000000e+00	5.71423060861199e+02	4.73743888687167e+00
45	153	81	117	6.53190000000000e+02	2.26194671058465e+03	3.00000000000000e-02	0.00000000000000e+00	0.00000000000000e+00	5.36640933819205e+02	6.55129443255852e+00
46	154	82	118	5.50880000000000e+02	2.26194671058465e+03	3.00000000000000e-02	0.00000000000000e+00	0.00000000000000e+00	4.93060220101517e+02	3.69618942333091e+00
47	155	83	119	5.53260000000000e+02	2.26194671058465e+03	3.00000000000000e-02	0.00000000000000e+00	0.00000000000000e+00	4.63858421464534e+02	5.87495580891092e+00
48	156	84	120	5.44350000000000e+02	2.26194671058465e+03	3.00000000000000e-02	0.00000000000000e+00	0.00000000000000e+00	4.60085696759868e+02	5.60598842970581e+00
49	157	85	121	5.22070000000000e+02	2.26194671058465e+03	3.00000000000000e-02	0.00000000000000e+00	0.00000000000000e+00	4.55611952871053e+02	4.53867372766637e+00
50	158	86	122	4.65890000000000e+02	2.26194671058465e+03	3.00000000000000e-02	0.00000000000000e+00	0.00000000000000e+00	4.52330092223411e+02	9.84578297696300e-01
51	159	87	123	5.79830000000000e+02	2.26194671058465e+03	3.00000000000000e-02	0.00000000000000e+00	0.00000000000000e+00	4.52263327745816e+02	8.28234544747317e+00
52	160	88	124	5.85870000000000e+02	2.26194671058465e+03	3.00000000000000e-02	0.00000000000000e+00	0.00000000000000e+00	4.47986984061511e+02	8.94445811346675e+00
53	161	89	125	5.57730000000000e+02	2.26194671058465e+03	3.00000000000000e-02	0.00000000000000e+00	0.00000000000000e+00	4.34365406083822e+02	8.33296149828655e+00
54	162	90	126	4.35560000000000e+02	2.26194671058465e+03	3.00000000000000e-02	0.00000000000000e+00	0.00000000000000e+00	4.22400225934810e+02	1.02264307341355e+00
55	163	91	127	5.11670000000000e+02	2.26194671058465e+03	3.00000000000000e-02	0.00000000000000e+00	0.00000000000000e+00	4.15615038191053e+02	6.93068143764002e+00
56	164	92	128	4.82570000000000e+02	2.26194671058465e+03	3.00000000000000e-02	0.00000000000000e+00	0.00000000000000e+00	4.09475189529299e+02	5.47498912496298e+00
57	165	93	129	4.60330000000000e+02	2.26194671058465e+03	3.00000000000000e-02	0.00000000000000e+00	0.00000000000000e+00	3.91244189679948e+02	5.42039108331798e+00
58	166	94	130	8.40380000000000e+02	2.26194671058465e+03	3.00000000000000e-02	0.00000000000000e+00	0.00000000000000e+00	3.85278852311455e+02	2.59962268887713e+01
59	167	95	131	5.14730000000000e+02	2.26194671058465e+03	3.00000000000000e-02	0.00000000000000e+00	0.00000000000000e+00	3.81818276100315e+02	9.95659043126951e+00
60	168	96	132	3.58090000000000e+02	2.26194671058465e+03	3.00000000000000e-02	0.00000000000000e+00	0.00000000000000e+00	3.74867948061546e+02	-1.52631579995477e+00
61	169	97	133	4.03360000000000e+02	2.26194671058465e+03	3.00000000000000e-02	0.00000000000000e+00	0.00000000000000e+00	3.57981548090369e+02	3.97826733380796e+00
62	170	98	134	4.48640000000000e+02	2.26194671058465e+03	3.00000000000000e-02	0.00000000000000e+00	0.00000000000000e+00	3.47125979327141e+02	8.55110058436903e+00
63	171	99	135	3.97740000000000e+02	2.26194671058465e+03	3.00000000000000e-02	0.00000000000000e+00	0.00000000000000e+00	3.34319994259274e+02	5.78999748376819e+00
64	172	100	136	3.75610000000000e+02	2.26194671058465e+03	3.00000000000000e-02	0.00000000000000e+00	0.00000000000000e+00	3.38546923750430e+02	3.46295552339238e+00
65	173	101	137	4.11440000000000e+02	2.26194671058465e+03	3.00000000000000e-02	0.00000000000000e+00	0.00000000000000e+00	3.45839346113462e+02	5.78962839429599e+00
66	174	102	138	3.94400000000000e+02	2.26194671058465e+03	3.00000000000000e-02	0.00000000000000e+00	0.00000000000000e+00	3.38539448234713e+02	5.09083329355509e+00
67	175	103	139	4.58220000000000e+02	2.26194671058465e+03	3.00000000000000e-02	0.00000000000000e+00	0.00000000000000e+00	3.28661150681894e+02	1.10774045083262e+01
68	176	104	140	3.33020000000000e+02	2.26194671058465e+03	3.00000000000000e-02	0.00000000000000e+00	0.00000000000000e+00	3.00691954341647e+02	3.40387383433184e+00
1	112	38	75	2.47930000000000e+02	2.32477856365645e+03	3.00000000000000e-02	0.00000000000000e+00	0.00000000000000e+00	1.77438311897363e+02	1.11507812784877e+01
3	113	39	76	1.48140000000000e+02	2.32477856365645e+03	3.00000000000000e-02	0.00000000000000e+00	0.00000000000000e+00	1.78013710146032e+02	-6.12342660110385e+00
4	114	40	77	1.76820000000000e+02	2.32477856365645e+03	3.00000000000000e-02	0.00000000000000e+00	0.00000000000000e+00	1.84293408380745e+02	-1.37989441181565e+00
2	115	41	78	1.02380000000000e+02	2.32477856365645e+03	3.00000000000000e-02	0.00000000000000e+00	0.00000000000000e+00	1.95727972200563e+02	-2.16011472414716e+01
5	116	42	79	1.81350000000000e+02	2.32477856365645e+03	3.00000000000000e-02	0.00000000000000e+00	0.00000000000000e+00	2.12458018600342e+02	-5.27718478634345e+00
6	117	43	80	2.60310000000000e+02	2.32477856365645e+03	3.00000000000000e-02	0.00000000000000e+00	0.00000000000000e+00	2.25199924468829e+02	4.82948892013312e+00
7	118	44	81	2.06080000000000e+02	2.32477856365645e+03	3.00000000000000e-02	0.00000000000000e+00	0.00000000000000e+00	2.37867953572412e+02	-4.78170866216621e+00
8	119	45	82	2.32240000000000e+02	2.32477856365645e+03	3.00000000000000e-02	0.00000000000000e+00	0.00000000000000e+00	2.49779846559304e+02	-2.42695321383346e+00
9	120	46	83	3.19310000000000e+02	2.32477856365645e+03	3.00000000000000e-02	0.00000000000000e+00	0.00000000000000e+00	2.61639371988738e+02	6.63984349790277e+00
10	121	47	84	2.06040000000000e+02	2.32477856365645e+03	3.00000000000000e-02	0.00000000000000e+00	0.00000000000000e+00	2.69372406982006e+02	-8.93415033538068e+00
11	122	48	85	2.70980000000000e+02	2.32477856365645e+03	3.00000000000000e-02	0.00000000000000e+00	0.00000000000000e+00	2.62264357252964e+02	1.08973417346464e+00
12	123	49	86	3.35930000000000e+02	2.32477856365645e+03	3.00000000000000e-02	0.00000000000000e+00	0.00000000000000e+00	2.56195696414275e+02	9.03204044541359e+00
13	124	50	87	2.25240000000000e+02	2.32477856365645e+03	3.00000000000000e-02	0.00000000000000e+00	0.00000000000000e+00	2.52070514161040e+02	-3.75141220275295e+00
14	125	51	88	3.19500000000000e+02	2.32477856365645e+03	3.00000000000000e-02	0.00000000000000e+00	0.00000000000000e+00	2.45887540805223e+02	8.72943312029915e+00
15	126	52	89	3.06200000000000e+02	2.32477856365645e+03	3.00000000000000e-02	0.00000000000000e+00	0.00000000000000e+00	2.45107521601516e+02	7.41805017572332e+00
16	127	53	90	3.02070000000000e+02	2.32477856365645e+03	3.00000000000000e-02	0.00000000000000e+00	0.00000000000000e+00	2.46414381935443e+02	6.78813934650447e+00
17	128	54	91	3.13650000000000e+02	2.32477856365645e+03	3.00000000000000e-02	0.00000000000000e+00	0.00000000000000e+00	2.47532855317122e+02	7.89114641960985e+00
18	129	55	92	3.32420000000000e+02	2.32477856365645e+03	3.00000000000000e-02	0.00000000000000e+00	0.00000000000000e+00	2.49730766009987e+02	9.53386093509930e+00
19	130	56	93	3.32420000000000e+02	2.32477856365645e+03	3.00000000000000e-02	0.00000000000000e+00	0.00000000000000e+00	2.54326865172483e+02	8.92596397250364e+00
20	131	57	94	3.18520000000000e+02	2.32477856365645e+03	3.00000000000000e-02	0.00000000000000e+00	0.00000000000000e+00	2.58372765277455e+02	6.97606328561916e+00
21	132	58	95	2.42400000000000e+02	2.32477856365645e+03	3.00000000000000e-02	0.00000000000000e+00	0.00000000000000e+00	2.59033475921310e+02	-2.21226832712199e+00
22	133	59	96	2.92670000000000e+02	2.32477856365645e+03	3.00000000000000e-02	0.00000000000000e+00	0.00000000000000e+00	2.66354032985819e+02	3.14064398326170e+00
23	134	60	97	3.42930000000000e+02	2.32477856365645e+03	3.00000000000000e-02	0.00000000000000e+00	0.00000000000000e+00	2.73159815956306e+02	7.58231047903285e+00
24	135	61	98	3.40250000000000e+02	2.32477856365645e+03	3.00000000000000e-02	0.00000000000000e+00	0.00000000000000e+00	2.91825409682438e+02	5.11749767101429e+00
25	136	62	99	3.58650000000000e+02	2.32477856365645e+03	3.00000000000000e-02	0.00000000000000e+00	0.00000000000000e+00	3.20436668109863e+02	3.75541097130686e+00
26	137	63	100	3.30240000000000e+02	2.32477856365645e+03	3.00000000000000e-02	0.00000000000000e+00	0.00000000000000e+00	3.34891021601735e+02	-4.66183579868288e-01
27	138	64	101	4.45470000000000e+02	2.32477856365645e+03	3.00000000000000e-02	0.00000000000000e+00	0.00000000000000e+00	3.68577285412715e+02	6.31598283957775e+00
28	139	65	102	4.22010000000000e+02	2.32477856365645e+03	3.00000000000000e-02	0.00000000000000e+00	0.00000000000000e+00	3.82724240107059e+02	3.25714267672745e+00
29	140	66	103	4.53910000000000e+02	2.32477856365645e+03	3.00000000000000e-02	0.00000000000000e+00	0.00000000000000e+00	3.95979227006191e+02	4.55123958935569e+00
30	141	67	104	4.92260000000000e+02	2.32477856365645e+03	3.00000000000000e-02	0.00000000000000e+00	0.00000000000000e+00	4.48237885336702e+02	3.12276488836251e+00
31	142	68	105	4.91810000000000e+02	2.32477856365645e+03	3.00000000000000e-02	0.00000000000000e+00	0.00000000000000e+00	5.06777797510078e+02	-9.99339175600363e-01
32	143	69	106	5.90800000000000e+02	2.32477856365645e+03	3.00000000000000e-02	0.00000000000000e+00	0.00000000000000e+00	5.67613645517402e+02	1.33455216439928e+00
33	144	70	107	6.22640000000000e+02	2.32477856365645e+03	3.00000000000000e-02	0.00000000000000e+00	0.00000000000000e+00	5.87046611779253e+02	1.96214263988737e+00
34	145	71	108	6.11040000000000e+02	2.32477856365645e+03	3.00000000000000e-02	0.00000000000000e+00	0.00000000000000e+00	5.92455820783537e+02	1.02953724421256e+00
35	146	72	109	6.09320000000000e+02	2.32477856365645e+03	3.00000000000000e-02	0.00000000000000e+00	0.00000000000000e+00	6.17951029715251e+02	-4.68854436886031e-01
36	147	73	110	6.32100000000000e+02	2.32477856365645e+03	3.00000000000000e-02	0.00000000000000e+00	0.00000000000000e+00	6.40576689996690e+02	-4.44041308937108e-01
37	148	74	111	6.83570000000000e+02	2.32477856365645e+03	3.00000000000000e-02	0.00000000000000e+00	0.00000000000000e+00	6.51236108117885e+02	1.61522677434360e+00
38	149	75	112	5.35700000000000e+02	2.32477856365645e+03	3.00000000000000e-02	0.00000000000000e+00	0.00000000000000e+00	6.38994979019591e+02	-5.87740979668080e+00
39	150	76	113	6.97620000000000e+02	2.32477856365645e+03	3.00000000000000e-02	0.00000000000000e+00	0.00000000000000e+00	6.28257014292750e+02	3.49084002452719e+00
40	151	77	114	6.68580000000000e+02	2.32477856365645e+03	3.00000000000000e-02	0.00000000000000e+00	0.00000000000000e+00	6.09981633988627e+02	3.05757372627623e+00
41	152	78	115	6.71730000000000e+02	2.32477856365645e+03	3.00000000000000e-02	0.00000000000000e+00	0.00000000000000e+00	5.91901907763439e+02	4.21718497540162e+00
42	153	79	116	6.65920000000000e+02	2.32477856365645e+03	3.00000000000000e-02	0.00000000000000e+00	0.00000000000000e+00	5.90223766134152e+02	4.02226045246665e+00
43	154	80	117	6.63100000000000e+02	2.32477856365645e+03	3.00000000000000e-02	0.00000000000000e+00	0.00000000000000e+00	5.76008450238795e+02	4.69344924110263e+00
44	155	81	118	6.64310000000000e+02	2.32477856365645e+03	3.00000000000000e-02	0.00000000000000e+00	0.00000000000000e+00	5.39615379385272e+02	6.92974275382925e+00
45	156	82	119	5.99750000000000e+02	2.32477856365645e+03	3.00000000000000e-02	0.00000000000000e+00	0.00000000000000e+00	5.00703538934407e+02	6.01662381450773e+00
46	157	83	120	5.53500000000000e+02	2.32477856365645e+03	3.00000000000000e-02	0.00000000000000e+00	0.00000000000000e+00	4.66770768322036e+02	5.68078250383941e+00
47	158	84	121	5.13520000000000e+02	2.32477856365645e+03	3.00000000000000e-02	0.00000000000000e+00	0.00000000000000e+00	4.40544289903416e+02	5.10926640218017e+00
48	159	85	122	4.61780000000000e+02	2.32477856365645e+03	3.00000000000000e-02	0.00000000000000e+00	0.00000000000000e+00	4.33665457178932e+02	2.09383954435077e+00
49	160	86	123	4.92410000000000e+02	2.32477856365645e+03	3.00000000000000e-02	0.00000000000000e+00	0.00000000000000e+00	4.30730901962870e+02	4.46093883598104e+00
50	161	87	124	4.66950000000000e+02	2.32477856365645e+03	3.00000000000000e-02	0.00000000000000e+00	0.00000000000000e+00	4.23519017851028e+02	3.25412553646697e+00
51	162	88	125	4.41490000000000e+02	2.32477856365645e+03	3.00000000000000e-02	0.00000000000000e+00	0.00000000000000e+00	4.28397559726013e+02	1.00345758082134e+00
52	163	89	126	5.46360000000000e+02	2.32477856365645e+03	3.00000000000000e-02	0.00000000000000e+00	0.00000000000000e+00	4.24695293691326e+02	8.39687144555207e+00
53	164	90	127	5.50090000000000e+02	2.32477856365645e+03	3.00000000000000e-02	0.00000000000000e+00	0.00000000000000e+00	4.13967932806041e+02	9.47644624560186e+00
54	165	91	128	4.53400000000000e+02	2.32477856365645e+03	3.00000000000000e-02	0.00000000000000e+00	0.00000000000000e+00	4.06732028492377e+02	3.62067253761058e+00
55	166	92	129	4.64780000000000e+02	2.32477856365645e+03	3.00000000000000e-02	0.00000000000000e+00	0.00000000000000e+00	4.01797255618681e+02	4.85388510706105e+00
56	167	93	130	3.77530000000000e+02	2.32477856365645e+03	3.00000000000000e-02	0.00000000000000e+00	0.00000000000000e+00	3.89997235673763e+02	-1.08298717841381e+00
57	168	94	131	2.68160000000000e+02	2.32477856365645e+03	3.00000000000000e-02	0.00000000000000e+00	0.00000000000000e+00	3.80616166487778e+02	-1.16735870995750e+01
58	169	95	132	4.50040000000000e+02	2.32477856365645e+03	3.00000000000000e-02	0.00000000000000e+00	0.00000000000000e+00	3.83357152117435e+02	5.34564669951729e+00
59	170	96	133	4.07590000000000e+02	2.32477856365645e+03	3.00000000000000e-02	0.00000000000000e+00	0.00000000000000e+00	3.75669649767334e+02	2.71838670108817e+00
60	171	97	134	3.65140000000000e+02	2.32477856365645e+03	3.00000000000000e-02	0.00000000000000e+00	0.00000000000000e+00	3.66556211467606e+02	-1.29034719956067e-01
61	172	98	135	3.82190000000000e+02	2.32477856365645e+03	3.00000000000000e-02	0.00000000000000e+00	0.00000000000000e+00	3.54917175808805e+02	2.46778041592884e+00
62	173	99	136	4.28450000000000e+02	2.32477856365645e+03	3.00000000000000e-02	0.00000000000000e+00	0.00000000000000e+00	3.39880884533959e+02	7.71929428313930e+00
63	174	100	137	3.95960000000000e+02	2.32477856365645e+03	3.00000000000000e-02	0.00000000000000e+00	0.00000000000000e+00	3.48804895889156e+02	4.22668225786103e+00
64	175	101	138	4.06240000000000e+02	2.32477856365645e+03	3.00000000000000e-02	0.00000000000000e+00	0.00000000000000e+00	3.49926560841678e+02	4.97402705520447e+00
65	176	102	139	2.83580000000000e+02	2.32477856365645e+03	3.00000000000000e-02	0.00000000000000e+00	0.00000000000000e+00	3.47691552209367e+02	-6.79404907346006e+00
1	115	39	77	1.74260000000000e+02	2.38761041672824e+03	3.00000000000000e-02	0.00000000000000e+00	0.00000000000000e+00	1.79578270952013e+02	-1.00209086516712e+00
3	116	40	78	1.58450000000000e+02	2.38761041672824e+03	3.00000000000000e-02	0.00000000000000e+00	0.00000000000000e+00	1.83880445730019e+02	-4.96155696082665e+00
4	117	41	79	1.42650000000000e+02	2.38761041672824e+03	3.00000000000000e-02	0.00000000000000e+00	0.00000000000000e+00	1.89306789287520e+02	-9.43249483799618e+00
2	118	42	80	1.55480000000000e+02	2.38761041672824e+03	3.00000000000000e-02	0.00000000000000e+00	0.00000000000000e+00	2.01202476432180e+02	-8.59315468256166e+00
5	119	43	81	3.09700000000000e+02	2.38761041672824e+03	3.00000000000000e-02	0.00000000000000e+00	0.00000000000000e+00	2.27275231710592e+02	1.03147443151782e+01
6	120	44	82	3.04440000000000e+02	2.38761041672824e+03	3.00000000000000e-02	0.00000000000000e+00	0.00000000000000e+00	2.47203635473183e+02	6.94205304390231e+00
7	121	45	83	2.99170000000000e+02	2.38761041672824e+03	3.00000000000000e-02	0.00000000000000e+00	0.00000000000000e+00	2.57843193350662e+02	4.95534504180902e+00
8	122	46	84	2.53430000000000e+02	2.38761041672824e+03	3.00000000000000e-02	0.00000000000000e+00	0.00000000000000e+00	2.70645980960623e+02	-2.19079909245986e+00
9	123	47	85	2.32570000000000e+02	2.38761041672824e+03	3.00000000000000e-02	0.00000000000000e+00	0.00000000000000e+00	2.79547610747240e+02	-6.13271218908320e+00
10	124	48	86	2.77800000000000e+02	2.38761041672824e+03	3.00000000000000e-02	0.00000000000000e+00	0.00000000000000e+00	2.63914629297325e+02	1.70919177814346e+00
11	125	49	87	3.23030000000000e+02	2.38761041672824e+03	3.00000000000000e-02	0.00000000000000e+00	0.00000000000000e+00	2.55160672029977e+02	7.86172550124018e+00
12	126	50	88	4.41720000000000e+02	2.38761041672824e+03	3.00000000000000e-02	0.00000000000000e+00	0.00000000000000e+00	2.55015612375291e+02	1.83117142964512e+01
13	127	51	89	3.18940000000000e+02	2.38761041672824e+03	3.00000000000000e-02	0.00000000000000e+00	0.00000000000000e+00	2.49815959049291e+02	8.14261714540150e+00
14	128	52	90	3.22870000000000e+02	2.38761041672824e+03	3.00000000000000e-02	0.00000000000000e+00	0.00000000000000e+00	2.50058462977712e+02	8.51850076643184e+00
15	129	53	91	3.00030000000000e+02	2.38761041672824e+03	3.00000000000000e-02	0.00000000000000e+00	0.00000000000000e+00	2.50249107054179e+02	6.04752065608798e+00
16	130	54	92	3.17120000000000e+02	2.38761041672824e+03	3.00000000000000e-02	0.00000000000000e+00	0.00000000000000e+00	2.51128410194112e+02	7.77719494769284e+00
17	131	55	93	1.17241000000000e+03	2.38761041672824e+03	3.00000000000000e-02	0.00000000000000e+00	0.00000000000000e+00	2.55902488432321e+02	5.07340090318909e+01
18	132	56	94	7.50130000000000e+02	2.38761041672824e+03	3.00000000000000e-02	0.00000000000000e+00	0.00000000000000e+00	2.55064003039225e+02	3.59577339622464e+01
19	133	57	95	5.01410000000000e+02	2.38761041672824e+03	3.00000000000000e-02	0.00000000000000e+00	0.00000000000000e+00	2.52233120174032e+02	2.29023463245806e+01
20	134	58	96	3.71000000000000e+02	2.38761041672824e+03	3.00000000000000e-02	0.00000000000000e+00	0.00000000000000e+00	2.53204568081214e+02	1.27334777035052e+01
21	135	59	97	3.41570000000000e+02	2.38761041672824e+03	3.00000000000000e-02	0.00000000000000e+00	0.00000000000000e+00	2.62426060963921e+02	8.78610887358861e+00
22	136	60	98	3.12150000000000e+02	2.38761041672824e+03	3.00000000000000e-02	0.00000000000000e+00	0.00000000000000e+00	2.65957233428682e+02	5.33827740786318e+00
23	137	61	99	2.93550000000000e+02	2.38761041672824e+03	3.00000000000000e-02	0.00000000000000e+00	0.00000000000000e+00	2.70731056035221e+02	2.69740225175467e+00
24	138	62	100	2.15600000000000e+02	2.38761041672824e+03	3.00000000000000e-02	0.00000000000000e+00	0.00000000000000e+00	2.85604840501263e+02	-9.37281132735984e+00
25	139	63	101	3.04880000000000e+02	2.38761041672824e+03	3.00000000000000e-02	0.00000000000000e+00	0.00000000000000e+00	3.06428191108904e+02	-1.68839486799547e-01
26	140	64	102	3.98470000000000e+02	2.38761041672824e+03	3.00000000000000e-02	0.00000000000000e+00	0.00000000000000e+00	3.28391858073812e+02	6.44748761758365e+00
27	141	65	103	4.40230000000000e+02	2.38761041672824e+03	3.00000000000000e-02	0.00000000000000e+00	0.00000000000000e+00	3.64037575379980e+02	6.33467420786194e+00
28	142	66	104	4.64370000000000e+02	2.38761041672824e+03	3.00000000000000e-02	0.00000000000000e+00	0.00000000000000e+00	3.91964191535031e+02	5.65037202536161e+00
29	143	67	105	3.29290000000000e+02	2.38761041672824e+03	3.00000000000000e-02	0.00000000000000e+00	0.00000000000000e+00	4.16429659716754e+02	-7.82595805452484e+00
30	144	68	106	4.37730000000000e+02	2.38761041672824e+03	3.00000000000000e-02	0.00000000000000e+00	0.00000000000000e+00	4.62531253331710e+02	-1.83706158322104e+00
31	145	69	107	5.46170000000000e+02	2.38761041672824e+03	3.00000000000000e-02	0.00000000000000e+00	0.00000000000000e+00	5.22176914263688e+02	1.49746119725937e+00
32	146	70	108	5.70490000000000e+02	2.38761041672824e+03	3.00000000000000e-02	0.00000000000000e+00	0.00000000000000e+00	5.78593358671127e+02	-4.70142451274717e-01
33	147	71	109	6.50620000000000e+02	2.38761041672824e+03	3.00000000000000e-02	0.00000000000000e+00	0.00000000000000e+00	6.01561523682905e+02	2.61323134917154e+00
34	148	72	110	6.44420000000000e+02	2.38761041672824e+03	3.00000000000000e-02	0.00000000000000e+00	0.00000000000000e+00	6.20982105261661e+02	1.23494739766284e+00
35	149	73	111	5.06920000000000e+02	2.38761041672824e+03	3.00000000000000e-02	0.00000000000000e+00	0.00000000000000e+00	6.38510754788061e+02	-7.69284396503188e+00
36	150	74	112	7.06130000000000e+02	2.38761041672824e+03	3.00000000000000e-02	0.00000000000000e+00	0.00000000000000e+00	6.47361817393378e+02	2.89646650506826e+00
37	151	75	113	6.64120000000000e+02	2.38761041672824e+03	3.00000000000000e-02	0.00000000000000e+00	0.00000000000000e+00	6.50121449783622e+02	7.10122159415091e-01
38	152	76	114	7.16270000000000e+02	2.38761041672824e+03	3.00000000000000e-02	0.00000000000000e+00	0.00000000000000e+00	6.37147861507168e+02	3.90184801796251e+00
39	153	77	115	6.73810000000000e+02	2.38761041672824e+03	3.00000000000000e-02	0.00000000000000e+00	0.00000000000000e+00	6.17276701233902e+02	2.92102621312290e+00
40	154	78	116	6.84950000000000e+02	2.38761041672824e+03	3.00000000000000e-02	0.00000000000000e+00	0.00000000000000e+00	5.97146384215707e+02	4.57278532900084e+00
41	155	79	117	6.87350000000000e+02	2.38761041672824e+03	3.00000000000000e-02	0.00000000000000e+00	0.00000000000000e+00	5.93612838059607e+02	4.88721016130741e+00
42	156	80	118	6.98170000000000e+02	2.38761041672824e+03	3.00000000000000e-02	0.00000000000000e+00	0.00000000000000e+00	5.83337111957095e+02	5.98991234158485e+00
43	157	81	119	6.47170000000000e+02	2.38761041672824e+03	3.00000000000000e-02	0.00000000000000e+00	0.00000000000000e+00	5.48300579067433e+02	5.52617908744599e+00
44	158	82	120	6.62120000000000e+02	2.38761041672824e+03	3.00000000000000e-02	0.00000000000000e+00	0.00000000000000e+00	5.00745901533396e+02	9.31160061785847e+00
45	159	83	121	5.44380000000000e+02	2.38761041672824e+03	3.00000000000000e-02	0.00000000000000e+00	0.00000000000000e+00	4.59537736782341e+02	5.64754894118383e+00
46	160	84	122	4.84990000000000e+02	2.38761041672824e+03	3.00000000000000e-02	0.00000000000000e+00	0.00000000000000e+00	4.20997597181234e+02	4.71670486367062e+00
47	161	85	123	4.69270000000000e+02	2.38761041672824e+03	3.00000000000000e-02	0.00000000000000e+00	0.00000000000000e+00	3.93950684548825e+02	5.83175201393808e+00
48	162	86	124	4.80400000000000e+02	2.38761041672824e+03	3.00000000000000e-02	0.00000000000000e+00	0.00000000000000e+00	4.05264613595138e+02	5.66929565163144e+00
49	163	87	125	5.04600000000000e+02	2.38761041672824e+03	3.00000000000000e-02	0.00000000000000e+00	0.00000000000000e+00	4.10864223205345e+02	6.85010778184276e+00
50	164	88	126	5.36800000000000e+02	2.38761041672824e+03	3.00000000000000e-02	0.00000000000000e+00	0.00000000000000e+00	4.09103637541770e+02	9.05523563968226e+00
51	165	89	127	4.47760000000000e+02	2.38761041672824e+03	3.00000000000000e-02	0.00000000000000e+00	0.00000000000000e+00	4.08739549240492e+02	3.03930734352855e+00
52	166	90	128	5.13560000000000e+02	2.38761041672824e+03	3.00000000000000e-02	0.00000000000000e+00	0.00000000000000e+00	4.06688974952139e+02	7.77727212428543e+00
53	167	91	129	5.26280000000000e+02	2.38761041672824e+03	3.00000000000000e-02	0.00000000000000e+00	0.00000000000000e+00	4.07011610471951e+02	8.56638928346056e+00
54	168	92	130	3.74540000000000e+02	2.38761041672824e+03	3.00000000000000e-02	0.00000000000000e+00	0.00000000000000e+00	4.02658301451263e+02	-2.41299029123094e+00
55	169	93	131	4.25580000000000e+02	2.38761041672824e+03	3.00000000000000e-02	0.00000000000000e+00	0.00000000000000e+00	3.91314138808976e+02	2.79807609883858e+00
56	170	94	132	4.28230000000000e+02	2.38761041672824e+03	3.00000000000000e-02	0.00000000000000e+00	0.00000000000000e+00	3.88294313840787e+02	3.26322805057938e+00
57	171	95	133	3.91130000000000e+02	2.38761041672824e+03	3.00000000000000e-02	0.00000000000000e+00	0.00000000000000e+00	3.90030021674977e+02	9.38756909835803e-02
58	172	96	134	7.47940000000000e+02	2.38761041672824e+03	3.00000000000000e-02	0.00000000000000e+00	0.00000000000000e+00	3.82767624368557e+02	2.23298226897027e+01
59	173	97	135	6.02770000000000e+02	2.38761041672824e+03	3.00000000000000e-02	0.00000000000000e+00	0.00000000000000e+00	3.64749094567071e+02	1.67441997567323e+01
60	174	98	136	4.57590000000000e+02	2.38761041672824e+03	3.00000000000000e-02	0.00000000000000e+00	0.00000000000000e+00	3.61714217770146e+02	7.83730467701552e+00
61	175	99	137	3.99960000000000e+02	2.38761041672824e+03	3.00000000000000e-02	0.00000000000000e+00	0.00000000000000e+00	3.53283770504098e+02	4.13643085556394e+00
62	176	100	138	2.71170000000000e+02	2.38761041672824e+03	3.00000000000000e-02	0.00000000000000e+00	0.00000000000000e+00	3.54072085307647e+02	-8.89181975793223e+00
1	118	40	79	2.08350000000000e+02	2.45044226980004e+03	3.00000000000000e-02	0.00000000000000e+00	0.00000000000000e+00	1.85718071277052e+02	3.83298599607942e+00
3	119	41	80	1.45530000000000e+02	2.45044226980004e+03	3.00000000000000e-02	0.00000000000000e+00	0.00000000000000e+00	1.89861179944203e+02	-8.86369741070287e+00
4	120	42	81	1.99620000000000e+02	2.45044226980004e+03	3.00000000000000e-02	0.00000000000000e+00	0.00000000000000e+00	2.01679779749511e+02	-3.42187718054809e-01
2	121	43	82	1.23390000000000e+02	2.45044226980004e+03	3.00000000000000e-02	0.00000000000000e+00	0.00000000000000e+00	2.20751452726074e+02	-1.93895783139181e+01
5	122	44	83	2.63700000000000e+02	2.45044226980004e+03	3.00000000000000e-02	0.00000000000000e+00	0.00000000000000e+00	2.48924142236057e+02	1.92212976546845e+00
6	123	45	84	2.93630000000000e+02	2.45044226980004e+03	3.00000000000000e-02	0.00000000000000e+00	0.00000000000000e+00	2.66581549997520e+02	3.22134236058427e+00
7	124	46	85	3.23560000000000e+02	2.45044226980004e+03	3.00000000000000e-02	0.00000000000000e+00	0.00000000000000e+00	2.77451264197793e+02	5.12464249665037e+00
8	125	47	86	3.56450000000000e+02	2.45044226980004e+03	3.00000000000000e-02	0.00000000000000e+00	0.00000000000000e+00	2.80999471050460e+02	7.92803968714564e+00
9	126	48	87	3.57110000000000e+02	2.45044226980004e+03	3.00000000000000e-02	0.00000000000000e+00	0.00000000000000e+00	2.67365343899460e+02	9.64759350887713e+00
10	127	49	88	3.23300000000000e+02	2.45044226980004e+03	3.00000000000000e-02	0.00000000000000e+00	0.00000000000000e+00	2.57703582141505e+02	7.55902222456616e+00
11	128	50	89	3.12860000000000e+02	2.45044226980004e+03	3.00000000000000e-02	0.00000000000000e+00	0.00000000000000e+00	2.56729086822138e+02	6.59114713700966e+00
12	129	51	90	3.50520000000000e+02	2.45044226980004e+03	3.00000000000000e-02	0.00000000000000e+00	0.00000000000000e+00	2.53928492323770e+02	1.07455021696483e+01
13	130	52	91	3.22940000000000e+02	2.45044226980004e+03	3.00000000000000e-02	0.00000000000000e+00	0.00000000000000e+00	2.48796584253966e+02	8.69436385218225e+00
14	131	53	92	3.20000000000000e+02	2.45044226980004e+03	3.00000000000000e-02	0.00000000000000e+00	0.00000000000000e+00	2.48946752306366e+02	8.36939894521960e+00
15	132	54	93	2.63070000000000e+02	2.45044226980004e+03	3.00000000000000e-02	0.00000000000000e+00	0.00000000000000e+00	2.54464203363122e+02	1.10866617078017e+00
16	133	55	94	2.06140000000000e+02	2.45044226980004e+03	3.00000000000000e-02	0.00000000000000e+00	0.00000000000000e+00	2.53031102864296e+02	-6.83189559284498e+00
17	134	56	95	2.59250000000000e+02	2.45044226980004e+03	3.00000000000000e-02	0.00000000000000e+00	0.00000000000000e+00	2.48686460799520e+02	1.38666458905089e+00
18	135	57	96	3.12350000000000e+02	2.45044226980004e+03	3.00000000000000e-02	0.00000000000000e+00	0.00000000000000e+00	2.53499781286937e+02	6.95871312273792e+00
19	136	58	97	1.61440000000000e+02	2.45044226980004e+03	3.00000000000000e-02	0.00000000000000e+00	0.00000000000000e+00	2.57414009725956e+02	-1.55517388305118e+01
20	137	59	98	2.32850000000000e+02	2.45044226980004e+03	3.00000000000000e-02	0.00000000000000e+00	0.00000000000000e+00	2.53803341332097e+02	-2.87217503274422e+00
21	138	60	99	3.04250000000000e+02	2.45044226980004e+03	3.00000000000000e-02	0.00000000000000e+00	0.00000000000000e+00	2.55185582094076e+02	5.86195594965189e+00
22	139	61	100	2.57100000000000e+02	2.45044226980004e+03	3.00000000000000e-02	0.00000000000000e+00	0.00000000000000e+00	2.57347218429087e+02	-3.20367751715918e-02
23	140	62	101	2.77340000000000e+02	2.45044226980004e+03	3.00000000000000e-02	0.00000000000000e+00	0.00000000000000e+00	2.62124351784223e+02	1.88083913442932e+00
24	141	63	102	3.44290000000000e+02	2.45044226980004e+03	3.00000000000000e-02	0.00000000000000e+00	0.00000000000000e+00	2.78310281039854e+02	7.09159051144092e+00
25	142	64	103	4.00950000000000e+02	2.45044226980004e+03	3.00000000000000e-02	0.00000000000000e+00	0.00000000000000e+00	3.05197733266274e+02	9.09589529713264e+00
26	143	65	104	4.13550000000000e+02	2.45044226980004e+03	3.00000000000000e-02	0.00000000000000e+00	0.00000000000000e+00	3.40127174855688e+02	6.51529449238035e+00
27	144	66	105	4.45360000000000e+02	2.45044226980004e+03	3.00000000000000e-02	0.00000000000000e+00	0.00000000000000e+00	3.85941224492822e+02	4.77326180525684e+00
28	145	67	106	3.11390000000000e+02	2.45044226980004e+03	3.00000000000000e-02	0.00000000000000e+00	0.00000000000000e+00	4.09957782390434e+02	-9.16693462569347e+00
29	146	68	107	3.93810000000000e+02	2.45044226980004e+03	3.00000000000000e-02	0.00000000000000e+00	0.00000000000000e+00	4.29844768147987e+02	-2.91851932398114e+00
30	147	69	108	4.76220000000000e+02	2.45044226980004e+03	3.00000000000000e-02	0.00000000000000e+00	0.00000000000000e+00	4.79647491313582e+02	-2.39050289189446e-01
31	148	70	109	5.57570000000000e+02	2.45044226980004e+03	3.00000000000000e-02	0.00000000000000e+00	0.00000000000000e+00	5.43450514271031e+02	8.54980122455788e-01
32	149	71	110	5.15760000000000e+02	2.45044226980004e+03	3.00000000000000e-02	0.00000000000000e+00	0.00000000000000e+00	5.98078730057079e+02	-4.93602866320906e+00
33	150	72	111	7.54020000000000e+02	2.45044226980004e+03	3.00000000000000e-02	0.00000000000000e+00	0.00000000000000e+00	6.22441643453184e+02	6.39230047891193e+00
34	151	73	112	6.26170000000000e+02	2.45044226980004e+03	3.00000000000000e-02	0.00000000000000e+00	0.00000000000000e+00	6.30819308834947e+02	-2.46585498891931e-01
35	152	74	113	7.03930000000000e+02	2.45044226980004e+03	3.00000000000000e-02	0.00000000000000e+00	0.00000000000000e+00	6.39511946078808e+02	3.19912060698711e+00
36	153	75	114	6.90880000000000e+02	2.45044226980004e+03	3.00000000000000e-02	0.00000000000000e+00	0.00000000000000e+00	6.43244290380395e+02	2.38138574700436e+00
37	154	76	115	6.59780000000000e+02	2.45044226980004e+03	3.00000000000000e-02	0.00000000000000e+00	0.00000000000000e+00	6.44111702651604e+02	8.01142791115132e-01
38	155	77	116	7.01290000000000e+02	2.45044226980004e+03	3.00000000000000e-02	0.00000000000000e+00	0.00000000000000e+00	6.24912331756388e+02	3.84367085001228e+00
39	156	78	117	6.96300000000000e+02	2.45044226980004e+03	3.00000000000000e-02	0.00000000000000e+00	0.00000000000000e+00	6.03555795937516e+02	4.76473705899414e+00
40	157	79	118	6.85020000000000e+02	2.45044226980004e+03	3.00000000000000e-02	0.00000000000000e+00	0.00000000000000e+00	6.00290573612713e+02	4.40114025252883e+00
41	158	80	119	6.64370000000000e+02	2.45044226980004e+03	3.00000000000000e-02	0.00000000000000e+00	0.00000000000000e+00	5.84410011077288e+02	4.27454709818334e+00
42	159	81	120	6.92520000000000e+02	2.45044226980004e+03	3.00000000000000e-02	0.00000000000000e+00	0.00000000000000e+00	5.41518019688334e+02	8.19869250891327e+00
43	160	82	121	6.21680000000000e+02	2.45044226980004e+03	3.00000000000000e-02	0.00000000000000e+00	0.00000000000000e+00	4.87663955089206e+02	8.09329796245487e+00
44	161	83	122	4.80450000000000e+02	2.45044226980004e+03	3.00000000000000e-02	0.00000000000000e+00	0.00000000000000e+00	4.36979442909621e+02	3.16123373769717e+00
45	162	84	123	4.72820000000000e+02	2.45044226980004e+03	3.00000000000000e-02	0.00000000000000e+00	0.00000000000000e+00	4.06649517964910e+02	5.02543623834469e+00
46	163	85	124	4.62450000000000e+02	2.45044226980004e+03	3.00000000000000e-02	0.00000000000000e+00	0.00000000000000e+00	3.86152440234766e+02	6.01020762029870e+00
47	164	86	125	4.35890000000000e+02	2.45044226980004e+03	3.00000000000000e-02	0.00000000000000e+00	0.00000000000000e+00	3.78698751260722e+02	4.68829601580202e+00
48	165	87	126	6.00670000000000e+02	2.45044226980004e+03	3.00000000000000e-02	0.00000000000000e+00	0.00000000000000e+00	3.88575324493613e+02	1.45186220806516e+01
49	166	88	127	4.05400000000000e+02	2.45044226980004e+03	3.00000000000000e-02	0.00000000000000e+00	0.00000000000000e+00	3.95569512199683e+02	8.18256815987084e-01
50	167	89	128	3.31080000000000e+02	2.45044226980004e+03	3.00000000000000e-02	0.00000000000000e+00	0.00000000000000e+00	3.96919584671099e+02	-6.04578882163077e+00
51	168	90	129	4.02820000000000e+02	2.45044226980004e+03	3.00000000000000e-02	0.00000000000000e+00	0.00000000000000e+00	4.01061254235635e+02	1.45854756633312e-01
52	169	91	130	4.74560000000000e+02	2.45044226980004e+03	3.00000000000000e-02	0.00000000000000e+00	0.00000000000000e+00	4.08640341512619e+02	4.98508834586528e+00
53	170	92	131	4.88810000000000e+02	2.45044226980004e+03	3.00000000000000e-02	0.00000000000000e+00	0.00000000000000e+00	4.10677305335196e+02	5.80553683249200e+00
54	171	93	132	4.41960000000000e+02	2.45044226980004e+03	3.00000000000000e-02	0.00000000000000e+00	0.00000000000000e+00	4.01750078719647e+02	3.17963932284998e+00
55	172	94	133	5.45120000000000e+02	2.45044226980004e+03	3.00000000000000e-02	0.00000000000000e+00	0.00000000000000e+00	3.98525269341620e+02	1.04411682182314e+01
56	173	95	134	6.48280000000000e+02	2.45044226980004e+03	3.00000000000000e-02	0.00000000000000e+00	0.00000000000000e+00	4.00369878075310e+02	1.60644628920295e+01
57	174	96	135	5.31220000000000e+02	2.45044226980004e+03	3.00000000000000e-02	0.00000000000000e+00	0.00000000000000e+00	3.85399337413374e+02	1.06965403765034e+01
58	175	97	136	6.40520000000000e+02	2.45044226980004e+03	3.00000000000000e-02	0.00000000000000e+00	0.00000000000000e+00	3.69684311498059e+02	1.83210305725362e+01
59	176	98	137	4.21300000000000e+02	2.45044226980004e+03	3.00000000000000e-02	0.00000000000000e+00	0.00000000000000e+00	3.66176740118098e+02	4.67430185476868e+00
1	121	41	81	2.79080000000000e+02	2.51327412287183e+03	3.00000000000000e-02	0.00000000000000e+00	0.00000000000000e+00	1.98250581802154e+02	1.13988894623694e+01
3	122	42	82	2.64310000000000e+02	2.51327412287183e+03	3.00000000000000e-02	0.00000000000000e+00	0.00000000000000e+00	2.08370346704743e+02	7.92685490721666e+00
4	123	43	83	2.49530000000000e+02	2.51327412287183e+03	3.00000000000000e-02	0.00000000000000e+00	0.00000000000000e+00	2.21418208214071e+02	3.98419634317839e+00
2	124	44	84	2.94900000000000e+02	2.51327412287183e+03	3.00000000000000e-02	0.00000000000000e+00	0.00000000000000e+00	2.39859246543574e+02	6.88613457522497e+00
5	125	45	85	3.40270000000000e+02	2.51327412287183e+03	3.00000000000000e-02	0.00000000000000e+00	0.00000000000000e+00	2.65821172682749e+02	8.23052068540620e+00
6	126	46	86	4.04680000000000e+02	2.51327412287183e+03	3.00000000000000e-02	0.00000000000000e+00	0.00000000000000e+00	2.79797341480933e+02	1.23010356883062e+01
7	127	47	87	3.48440000000000e+02	2.51327412287183e+03	3.00000000000000e-02	0.00000000000000e+00	0.00000000000000e+00	2.83911189091557e+02	6.82681913870663e+00
8	128	48	88	3.66200000000000e+02	2.51327412287183e+03	3.00000000000000e-02	0.00000000000000e+00	0.00000000000000e+00	2.70016404965562e+02	1.01565638652029e+01
9	129	49	89	3.30180000000000e+02	2.51327412287183e+03	3.00000000000000e-02	0.00000000000000e+00	0.00000000000000e+00	2.61014328940245e+02	7.83542181099302e+00
10	130	50	90	3.27190000000000e+02	2.51327412287183e+03	3.00000000000000e-02	0.00000000000000e+00	0.00000000000000e+00	2.57155408782371e+02	8.02868121150807e+00
11	131	51	91	3.07210000000000e+02	2.51327412287183e+03	3.00000000000000e-02	0.00000000000000e+00	0.00000000000000e+00	2.48917247662146e+02	7.01370167684413e+00
12	132	52	92	2.83590000000000e+02	2.51327412287183e+03	3.00000000000000e-02	0.00000000000000e+00	0.00000000000000e+00	2.45447237685150e+02	4.81491755827979e+00
13	133	53	93	2.59980000000000e+02	2.51327412287183e+03	3.00000000000000e-02	0.00000000000000e+00	0.00000000000000e+00	2.44802833956063e+02	2.00505259302686e+00
14	134	54	94	2.85700000000000e+02	2.51327412287183e+03	3.00000000000000e-02	0.00000000000000e+00	0.00000000000000e+00	2.47115742032931e+02	4.83618303789634e+00
15	135	55	95	2.76000000000000e+02	2.51327412287183e+03	3.00000000000000e-02	0.00000000000000e+00	0.00000000000000e+00	2.50587908863791e+02	3.21970243890100e+00
16	136	56	96	2.76000000000000e+02	2.51327412287183e+03	3.00000000000000e-02	0.00000000000000e+00	0.00000000000000e+00	2.52561551321297e+02	2.95819596997108e+00
17	137	57	97	3.17600000000000e+02	2.51327412287183e+03	3.00000000000000e-02	0.00000000000000e+00	0.00000000000000e+00	2.53414218772904e+02	7.52557836971069e+00
18	138	58	98	1.64350000000000e+02	2.51327412287183e+03	3.00000000000000e-02	0.00000000000000e+00	0.00000000000000e+00	2.53124077488290e+02	-1.43960497751076e+01
19	139	59	99	2.44800000000000e+02	2.51327412287183e+03	3.00000000000000e-02	0.00000000000000e+00	0.00000000000000e+00	2.53143378339083e+02	-1.11714967903310e+00
20	140	60	100	3.25250000000000e+02	2.51327412287183e+03	3.00000000000000e-02	0.00000000000000e+00	0.00000000000000e+00	2.43522078234454e+02	9.64621695376368e+00
21	141	61	101	2.50880000000000e+02	2.51327412287183e+03	3.00000000000000e-02	0.00000000000000e+00	0.00000000000000e+00	2.44535021756187e+02	8.53873341270835e-01
22	142	62	102	2.70990000000000e+02	2.51327412287183e+03	3.00000000000000e-02	0.00000000000000e+00	0.00000000000000e+00	2.54374425636607e+02	2.10915405250605e+00
23	143	63	103	2.91090000000000e+02	2.51327412287183e+03	3.00000000000000e-02	0.00000000000000e+00	0.00000000000000e+00	2.66313663808443e+02	2.96525654563518e+00
24	144	64	104	3.77120000000000e+02	2.51327412287183e+03	3.00000000000000e-02	0.00000000000000e+00	0.00000000000000e+00	2.94833424179649e+02	8.20509687094813e+00
25	145	65	105	4.20730000000000e+02	2.51327412287183e+03	3.00000000000000e-02	0.00000000000000e+00	0.00000000000000e+00	3.26873231732041e+02	8.41396241955218e+00
26	146	66	106	3.86100000000000e+02	2.51327412287183e+03	3.00000000000000e-02	0.00000000000000e+00	0.00000000000000e+00	3.56555489759560e+02	2.65355080096032e+00
27	147	67	107	4.30870000000000e+02	2.51327412287183e+03	3.00000000000000e-02	0.00000000000000e+00	0.00000000000000e+00	4.00304478306032e+02	2.45269890552035e+00
28	148	68	108	3.77840000000000e+02	2.51327412287183e+03	3.00000000000000e-02	0.00000000000000e+00	0.00000000000000e+00	4.24335884311587e+02	-3.86848320051021e+00
29	149	69	109	4.48450000000000e+02	2.51327412287183e+03	3.00000000000000e-02	0.00000000000000e+00	0.00000000000000e+00	4.55486240633122e+02	-5.18943883589529e-01
30	150	70	110	5.50650000000000e+02	2.51327412287183e+03	3.00000000000000e-02	0.00000000000000e+00	0.00000000000000e+00	5.05082272249931e+02	2.87926890861533e+00
31	151	71	111	5.19870000000000e+02	2.51327412287183e+03	3.00000000000000e-02	0.00000000000000e+00	0.00000000000000e+00	5.55491774855272e+02	-2.20916739695385e+00
32	152	72	112	6.88980000000000e+02	2.51327412287183e+03	3.00000000000000e-02	0.00000000000000e+00	0.00000000000000e+00	6.07229221916233e+02	4.21019641357467e+00
33	153	73	113	7.22160000000000e+02	2.51327412287183e+03	3.00000000000000e-02	0.00000000000000e+00	0.00000000000000e+00	6.25552655618124e+02	4.78704043274420e+00
34	154	74	114	6.67040000000000e+02	2.51327412287183e+03	3.00000000000000e-02	0.00000000000000e+00	0.00000000000000e+00	6.29624931955312e+02	1.92419060461496e+00
35	155	75	115	6.70990000000000e+02	2.51327412287183e+03	3.00000000000000e-02	0.00000000000000e+00	0.00000000000000e+00	6.34258472330137e+02	1.87658924371380e+00
36	156	76	116	7.30430000000000e+02	2.51327412287183e+03	3.00000000000000e-02	0.00000000000000e+00	0.00000000000000e+00	6.38620564700701e+02	4.47743064236959e+00
37	157	77	117	7.24570000000000e+02	2.51327412287183e+03	3.00000000000000e-02	0.00000000000000e+00	0.00000000000000e+00	6.30188959450997e+02	4.65195551335308e+00
38	158	78	118	7.02490000000000e+02	2.51327412287183e+03	3.00000000000000e-02	0.00000000000000e+00	0.00000000000000e+00	6.06097619029595e+02	4.91967018758143e+00
39	159	79	119	6.67680000000000e+02	2.51327412287183e+03	3.00000000000000e-02	0.00000000000000e+00	0.00000000000000e+00	5.93724884360944e+02	3.91309874709123e+00
40	160	80	120	6.79280000000000e+02	2.51327412287183e+03	3.00000000000000e-02	0.00000000000000e+00	0.00000000000000e+00	5.70522815678087e+02	5.81600842547706e+00
41	161	81	121	6.29790000000000e+02	2.51327412287183e+03	3.00000000000000e-02	0.00000000000000e+00	0.00000000000000e+00	5.20942041100530e+02	6.32492134692129e+00
42	162	82	122	5.72910000000000e+02	2.51327412287183e+03	3.00000000000000e-02	0.00000000000000e+00	0.00000000000000e+00	4.72688904915838e+02	6.40970568387290e+00
43	163	83	123	5.31800000000000e+02	2.51327412287183e+03	3.00000000000000e-02	0.00000000000000e+00	0.00000000000000e+00	4.32081063733344e+02	6.92180868791716e+00
44	164	84	124	4.76990000000000e+02	2.51327412287183e+03	3.00000000000000e-02	0.00000000000000e+00	0.00000000000000e+00	3.99431341965531e+02	5.91512119274459e+00
45	165	85	125	4.29810000000000e+02	2.51327412287183e+03	3.00000000000000e-02	0.00000000000000e+00	0.00000000000000e+00	3.78113639974282e+02	4.27161550942685e+00
46	166	86	126	4.17140000000000e+02	2.51327412287183e+03	3.00000000000000e-02	0.00000000000000e+00	0.00000000000000e+00	3.69846532167815e+02	4.01112517330663e+00
47	167	87	127	3.85410000000000e+02	2.51327412287183e+03	3.00000000000000e-02	0.00000000000000e+00	0.00000000000000e+00	3.66494601779700e+02	1.67746368691496e+00
48	168	88	128	3.62650000000000e+02	2.51327412287183e+03	3.00000000000000e-02	0.00000000000000e+00	0.00000000000000e+00	3.82188324413117e+02	-1.74917670534942e+00
49	169	89	129	3.89630000000000e+02	2.51327412287183e+03	3.00000000000000e-02	0.00000000000000e+00	0.00000000000000e+00	3.92627179378809e+02	-2.55431259195049e-01
50	170	90	130	4.80160000000000e+02	2.51327412287183e+03	3.00000000000000e-02	0.00000000000000e+00	0.00000000000000e+00	3.97219803520667e+02	6.32098643191957e+00
51	171	91	131	4.62040000000000e+02	2.51327412287183e+03	3.00000000000000e-02	0.00000000000000e+00	0.00000000000000e+00	4.11373623833003e+02	3.87165351494980e+00
52	172	92	132	4.74780000000000e+02	2.51327412287183e+03	3.00000000000000e-02	0.00000000000000e+00	0.00000000000000e+00	4.19626571155659e+02	4.11621131220447e+00
53	173	93	133	6.00130000000000e+02	2.51327412287183e+03	3.00000000000000e-02	0.00000000000000e+00	0.00000000000000e+00	4.16169756925730e+02	1.22017683952480e+01
54	174	94	134	7.62880000000000e+02	2.51327412287183e+03	3.00000000000000e-02	0.00000000000000e+00	0.00000000000000e+00	4.10905814705143e+02	2.06245572687820e+01
55	175	95	135	6.52030000000000e+02	2.51327412287183e+03	3.00000000000000e-02	0.00000000000000e+00	0.00000000000000e+00	4.05525658510286e+02	1.58302141785620e+01
56	176	96	136	3.92320000000000e+02	2.51327412287183e+03	3.00000000000000e-02	0.00000000000000e+00	0.00000000000000e+00	3.93122499798047e+02	-6.81144770833697e-02
1	124	42	83	3.39820000000000e+02	2.57610597594363e+03	3.00000000000000e-02	0.00000000000000e+00	0.00000000000000e+00	2.16253471972956e+02	1.50654954869413e+01
3	125	43	84	2.87320000000000e+02	2.57610597594363e+03	3.00000000000000e-02	0.00000000000000e+00	0.00000000000000e+00	2.25479879975626e+02	8.07885487664818e+00
4	126	44	85	3.32590000000000e+02	2.57610597594363e+03	3.00000000000000e-02	0.00000000000000e+00	0.00000000000000e+00	2.39207998062315e+02	1.09859013976155e+01
2	127	45	86	3.30940000000000e+02	2.57610597594363e+03	3.00000000000000e-02	0.00000000000000e+00	0.00000000000000e+00	2.52990770856991e+02	8.95280269425568e+00
5	128	46	87	3.37800000000000e+02	2.57610597594363e+03	3.00000000000000e-02	0.00000000000000e+00	0.00000000000000e+00	2.75364209518517e+02	6.81197948999207e+00
6	129	47	88	3.93010000000000e+02	2.57610597594363e+03	3.00000000000000e-02	0.00000000000000e+00	0.00000000000000e+00	2.84442982577779e+02	1.07767412029657e+01
7	130	48	89	3.54870000000000e+02	2.57610597594363e+03	3.00000000000000e-02	0.00000000000000e+00	0.00000000000000e+00	2.69718614878891e+02	9.14574255921149e+00
8	131	49	90	3.31080000000000e+02	2.57610597594363e+03	3.00000000000000e-02	0.00000000000000e+00	0.00000000000000e+00	2.59892765983481e+02	8.06969768676342e+00
9	132	50	91	3.14030000000000e+02	2.57610597594363e+03	3.00000000000000e-02	0.00000000000000e+00	0.00000000000000e+00	2.52367289522876e+02	7.28676660823669e+00
10	133	51	92	2.40640000000000e+02	2.57610597594363e+03	3.00000000000000e-02	0.00000000000000e+00	0.00000000000000e+00	2.40007745243248e+02	8.76948697780359e-02
11	134	52	93	2.90730000000000e+02	2.57610597594363e+03	3.00000000000000e-02	0.00000000000000e+00	0.00000000000000e+00	2.38040859040506e+02	6.66508886123539e+00
12	135	53	94	3.40830000000000e+02	2.57610597594363e+03	3.00000000000000e-02	0.00000000000000e+00	0.00000000000000e+00	2.41812980825120e+02	1.14406399456630e+01
13	136	54	95	2.46000000000000e+02	2.57610597594363e+03	3.00000000000000e-02	0.00000000000000e+00	0.00000000000000e+00	2.43336235192863e+02	3.62912169300718e-01
14	137	55	96	1.98580000000000e+02	2.57610597594363e+03	3.00000000000000e-02	0.00000000000000e+00	0.00000000000000e+00	2.46350432899286e+02	-7.18543348786730e+00
15	138	56	97	2.16700000000000e+02	2.57610597594363e+03	3.00000000000000e-02	0.00000000000000e+00	0.00000000000000e+00	2.53329204908516e+02	-5.20586465078040e+00
16	139	57	98	2.34810000000000e+02	2.57610597594363e+03	3.00000000000000e-02	0.00000000000000e+00	0.00000000000000e+00	2.53748806210217e+02	-2.58560497565984e+00
17	140	58	99	3.17320000000000e+02	2.57610597594363e+03	3.00000000000000e-02	0.00000000000000e+00	0.00000000000000e+00	2.50684218803346e+02	7.85722245938751e+00
18	141	59	100	2.65710000000000e+02	2.57610597594363e+03	3.00000000000000e-02	0.00000000000000e+00	0.00000000000000e+00	2.45722447010701e+02	2.60676179035248e+00
19	142	60	101	3.03910000000000e+02	2.57610597594363e+03	3.00000000000000e-02	0.00000000000000e+00	0.00000000000000e+00	2.40661223824884e+02	7.77804568865038e+00
20	143	61	102	2.20680000000000e+02	2.57610597594363e+03	3.00000000000000e-02	0.00000000000000e+00	0.00000000000000e+00	2.44665842401180e+02	-3.43932275346643e+00
21	144	62	103	2.59120000000000e+02	2.57610597594363e+03	3.00000000000000e-02	0.00000000000000e+00	0.00000000000000e+00	2.54794972442182e+02	5.61069424944775e-01
22	145	63	104	2.97570000000000e+02	2.57610597594363e+03	3.00000000000000e-02	0.00000000000000e+00	0.00000000000000e+00	2.73549206036073e+02	2.80559911219151e+00
23	146	64	105	3.63260000000000e+02	2.57610597594363e+03	3.00000000000000e-02	0.00000000000000e+00	0.00000000000000e+00	2.89445910938783e+02	7.57167959665862e+00
24	147	65	106	3.59180000000000e+02	2.57610597594363e+03	3.00000000000000e-02	0.00000000000000e+00	0.00000000000000e+00	3.09339940028558e+02	4.97942846165443e+00
25	148	66	107	2.45310000000000e+02	2.57610597594363e+03	3.00000000000000e-02	0.00000000000000e+00	0.00000000000000e+00	3.38873988686097e+02	-1.07701868881705e+01
26	149	67	108	4.19780000000000e+02	2.57610597594363e+03	3.00000000000000e-02	0.00000000000000e+00	0.00000000000000e+00	3.71314488124748e+02	4.08937946996894e+00
27	150	68	109	5.94260000000000e+02	2.57610597594363e+03	3.00000000000000e-02	0.00000000000000e+00	0.00000000000000e+00	4.23413811983886e+02	1.12988984756022e+01
28	151	69	110	4.89930000000000e+02	2.57610597594363e+03	3.00000000000000e-02	0.00000000000000e+00	0.00000000000000e+00	4.53240355352444e+02	2.59466510725336e+00
29	152	70	111	5.40200000000000e+02	2.57610597594363e+03	3.00000000000000e-02	0.00000000000000e+00	0.00000000000000e+00	4.72527876202461e+02	4.46142329703670e+00
30	153	71	112	5.19890000000000e+02	2.57610597594363e+03	3.00000000000000e-02	0.00000000000000e+00	0.00000000000000e+00	5.06706525798173e+02	8.56175310669253e-01
31	154	72	113	5.71420000000000e+02	2.57610597594363e+03	3.00000000000000e-02	0.00000000000000e+00	0.00000000000000e+00	5.59271657680316e+02	7.16305500636979e-01
32	155	73	114	6.65650000000000e+02	2.57610597594363e+03	3.00000000000000e-02	0.00000000000000e+00	0.00000000000000e+00	6.10038296213507e+02	2.90807570011046e+00
33	156	74	115	7.55820000000000e+02	2.57610597594363e+03	3.00000000000000e-02	0.00000000000000e+00	0.00000000000000e+00	6.24859507437815e+02	6.34254720746640e+00
34	157	75	116	7.16100000000000e+02	2.57610597594363e+03	3.00000000000000e-02	0.00000000000000e+00	0.00000000000000e+00	6.25094399650270e+02	4.53057147471231e+00
35	158	76	117	7.21130000000000e+02	2.57610597594363e+03	3.00000000000000e-02	0.00000000000000e+00	0.00000000000000e+00	6.22139779919998e+02	4.92182107040877e+00
36	159	77	118	7.31270000000000e+02	2.57610597594363e+03	3.00000000000000e-02	0.00000000000000e+00	0.00000000000000e+00	6.09924478524275e+02	6.04825349315039e+00
37	160	78	119	6.78440000000000e+02	2.57610597594363e+03	3.00000000000000e-02	0.00000000000000e+00	0.00000000000000e+00	5.92214111210722e+02	4.53092670551986e+00
38	161	79	120	6.74520000000000e+02	2.57610597594363e+03	3.00000000000000e-02	0.00000000000000e+00	0.00000000000000e+00	5.75904600771618e+02	5.26864344945303e+00
39	162	80	121	6.33060000000000e+02	2.57610597594363e+03	3.00000000000000e-02	0.00000000000000e+00	0.00000000000000e+00	5.56777058287686e+02	4.28000996662078e+00
40	163	81	122	6.11650000000000e+02	2.57610597594363e+03	3.00000000000000e-02	0.00000000000000e+00	0.00000000000000e+00	5.14528016548612e+02	5.76367385894070e+00
41	164	82	123	5.52170000000000e+02	2.57610597594363e+03	3.00000000000000e-02	0.00000000000000e+00	0.00000000000000e+00	4.64602484373848e+02	5.75579340723061e+00
42	165	83	124	5.25350000000000e+02	2.57610597594363e+03	3.00000000000000e-02	0.00000000000000e+00	0.00000000000000e+00	4.25485709440215e+02	7.02777816732499e+00
43	166	84	125	4.73110000000000e+02	2.57610597594363e+03	3.00000000000000e-02	0.00000000000000e+00	0.00000000000000e+00	3.96273913588715e+02	5.90740821575991e+00
44	167	85	126	4.86500000000000e+02	2.57610597594363e+03	3.00000000000000e-02	0.00000000000000e+00	0.00000000000000e+00	3.75021101979742e+02	8.67515350976251e+00
45	168	86	127	3.53500000000000e+02	2.57610597594363e+03	3.00000000000000e-02	0.00000000000000e+00	0.00000000000000e+00	3.67759227021601e+02	-1.31816547678604e+00
46	169	87	128	3.52620000000000e+02	2.57610597594363e+03	3.00000000000000e-02	0.00000000000000e+00	0.00000000000000e+00	3.65367927116599e+02	-1.18379585056380e+00
47	170	88	129	3.51740000000000e+02	2.57610597594363e+03	3.00000000000000e-02	0.00000000000000e+00	0.00000000000000e+00	3.68045893888315e+02	-1.51051252459634e+00
48	171	89	130	3.34670000000000e+02	2.57610597594363e+03	3.00000000000000e-02	0.00000000000000e+00	0.00000000000000e+00	3.87605863913244e+02	-4.89480123279957e+00
49	172	90	131	4.43810000000000e+02	2.57610597594363e+03	3.00000000000000e-02	0.00000000000000e+00	0.00000000000000e+00	3.99231654114971e+02	3.52849025827062e+00
50	173	91	132	5.52940000000000e+02	2.57610597594363e+03	3.00000000000000e-02	0.00000000000000e+00	0.00000000000000e+00	4.12654058801787e+02	9.75466282023145e+00
51	174	92	133	5.09310000000000e+02	2.57610597594363e+03	3.00000000000000e-02	0.00000000000000e+00	0.00000000000000e+00	4.28273548755139e+02	5.77649148205500e+00
52	175	93	134	6.20040000000000e+02	2.57610597594363e+03	3.00000000000000e-02	0.00000000000000e+00	0.00000000000000e+00	4.26630025805376e+02	1.24622268182611e+01
53	176	94	135	4.52440000000000e+02	2.57610597594363e+03	3.00000000000000e-02	0.00000000000000e+00	0.00000000000000e+00	4.19971816094253e+02	2.48225177249569e+00
1	127	43	85	3.68940000000000e+02	2.63893782901543e+03	3.00000000000000e-02	0.00000000000000e+00	0.00000000000000e+00	2.35000048852881e+02	1.50349435721565e+01
3	128	44	86	2.85440000000000e+02	2.63893782901543e+03	3.00000000000000e-02	0.00000000000000e+00	0.00000000000000e+00	2.40327624000705e+02	5.73429189828797e+00
4	129	45	87	3.17950000000000e+02	2.63893782901543e+03	3.00000000000000e-02	0.00000000000000e+00	0.00000000000000e+00	2.46367410445635e+02	8.50233925344517e+00
2	130	46	88	3.27340000000000e+02	2.63893782901543e+03	3.00000000000000e-02	0.00000000000000e+00	0.00000000000000e+00	2.57387613624055e+02	8.01387377307451e+00
5	131	47	89	4.51430000000000e+02	2.63893782901543e+03	3.00000000000000e-02	0.00000000000000e+00	0.00000000000000e+00	2.74873188983583e+02	1.65370153911134e+01
6	132	48	90	3.75560000000000e+02	2.63893782901543e+03	3.00000000000000e-02	0.00000000000000e+00	0.00000000000000e+00	2.65268229137590e+02	1.15892248631173e+01
7	133	49	91	2.73180000000000e+02	2.63893782901543e+03	3.00000000000000e-02	0.00000000000000e+00	0.00000000000000e+00	2.49697360264441e+02	2.99604309910292e+00
8	134	50	92	2.81650000000000e+02	2.63893782901543e+03	3.00000000000000e-02	0.00000000000000e+00	0.00000000000000e+00	2.42528983740609e+02	4.98479805084567e+00
9	135	51	93	2.90130000000000e+02	2.63893782901543e+03	3.00000000000000e-02	0.00000000000000e+00	0.00000000000000e+00	2.38782728836807e+02	6.49250147660298e+00
10	136	52	94	2.61610000000000e+02	2.63893782901543e+03	3.00000000000000e-02	0.00000000000000e+00	0.00000000000000e+00	2.35261739351009e+02	3.53853887777831e+00
11	137	53	95	2.71870000000000e+02	2.63893782901543e+03	3.00000000000000e-02	0.00000000000000e+00	0.00000000000000e+00	2.31846776014443e+02	5.30824352028437e+00
12	138	54	96	2.26560000000000e+02	2.63893782901543e+03	3.00000000000000e-02	0.00000000000000e+00	0.00000000000000e+00	2.40578022055238e+02	-2.00115474863513e+00
13	139	55	97	1.81240000000000e+02	2.63893782901543e+03	3.00000000000000e-02	0.00000000000000e+00	0.00000000000000e+00	2.47016874886338e+02	-1.03211511291088e+01
14	140	56	98	2.51580000000000e+02	2.63893782901543e+03	3.00000000000000e-02	0.00000000000000e+00	0.00000000000000e+00	2.47625429063924e+02	5.28126422567018e-01
15	141	57	99	3.21920000000000e+02	2.63893782901543e+03	3.00000000000000e-02	0.00000000000000e+00	0.00000000000000e+00	2.52112410659283e+02	8.14760017921907e+00
16	142	58	100	1.93030000000000e+02	2.63893782901543e+03	3.00000000000000e-02	0.00000000000000e+00	0.00000000000000e+00	2.47783485458363e+02	-8.32365683650099e+00
17	143	59	101	2.01300000000000e+02	2.63893782901543e+03	3.00000000000000e-02	0.00000000000000e+00	0.00000000000000e+00	2.47272118997389e+02	-6.85643646352897e+00
18	144	60	102	2.09570000000000e+02	2.63893782901543e+03	3.00000000000000e-02	0.00000000000000e+00	0.00000000000000e+00	2.46825330071266e+02	-5.45410361110473e+00
19	145	61	103	1.43550000000000e+02	2.63893782901543e+03	3.00000000000000e-02	0.00000000000000e+00	0.00000000000000e+00	2.52397989256948e+02	-1.88107919191462e+01
20	146	62	104	1.83950000000000e+02	2.63893782901543e+03	3.00000000000000e-02	0.00000000000000e+00	0.00000000000000e+00	2.66640454371505e+02	-1.23745718836933e+01
21	147	63	105	2.71980000000000e+02	2.63893782901543e+03	3.00000000000000e-02	0.00000000000000e+00	0.00000000000000e+00	2.77859069456508e+02	-7.12850218967246e-01
22	148	64	106	3.60010000000000e+02	2.63893782901543e+03	3.00000000000000e-02	0.00000000000000e+00	0.00000000000000e+00	2.88784015107393e+02	7.34842509021432e+00
23	149	65	107	3.19010000000000e+02	2.63893782901543e+03	3.00000000000000e-02	0.00000000000000e+00	0.00000000000000e+00	2.99856153883197e+02	2.06398592154583e+00
24	150	66	108	4.00250000000000e+02	2.63893782901543e+03	3.00000000000000e-02	0.00000000000000e+00	0.00000000000000e+00	3.22193681216533e+02	7.23121642321401e+00
25	151	67	109	3.29640000000000e+02	2.63893782901543e+03	3.00000000000000e-02	0.00000000000000e+00	0.00000000000000e+00	3.61142663707073e+02	-3.04239735649568e+00
26	152	68	110	4.08820000000000e+02	2.63893782901543e+03	3.00000000000000e-02	0.00000000000000e+00	0.00000000000000e+00	3.96421442752029e+02	1.02656888851422e+00
27	153	69	111	5.39840000000000e+02	2.63893782901543e+03	3.00000000000000e-02	0.00000000000000e+00	0.00000000000000e+00	4.43343353024028e+02	6.56427554197435e+00
28	154	70	112	4.76800000000000e+02	2.63893782901543e+03	3.00000000000000e-02	0.00000000000000e+00	0.00000000000000e+00	4.60380586025028e+02	1.16812024728029e+00
29	155	71	113	5.34900000000000e+02	2.63893782901543e+03	3.00000000000000e-02	0.00000000000000e+00	0.00000000000000e+00	4.72386636292807e+02	4.14273395264688e+00
30	156	72	114	6.07100000000000e+02	2.63893782901543e+03	3.00000000000000e-02	0.00000000000000e+00	0.00000000000000e+00	5.12691829781000e+02	5.63395263818807e+00
31	157	73	115	6.47980000000000e+02	2.63893782901543e+03	3.00000000000000e-02	0.00000000000000e+00	0.00000000000000e+00	5.62247554818642e+02	4.73058632568006e+00
32	158	74	116	7.24340000000000e+02	2.63893782901543e+03	3.00000000000000e-02	0.00000000000000e+00	0.00000000000000e+00	6.03277699409589e+02	6.09610916649492e+00
33	159	75	117	7.54830000000000e+02	2.63893782901543e+03	3.00000000000000e-02	0.00000000000000e+00	0.00000000000000e+00	6.02048036223265e+02	7.53851072721051e+00
34	160	76	118	7.12060000000000e+02	2.63893782901543e+03	3.00000000000000e-02	0.00000000000000e+00	0.00000000000000e+00	5.91967279772951e+02	6.15702716072268e+00
35	161	77	119	6.73800000000000e+02	2.63893782901543e+03	3.00000000000000e-02	0.00000000000000e+00	0.00000000000000e+00	5.75467693900742e+02	5.25834133643244e+00
36	162	78	120	6.51160000000000e+02	2.63893782901543e+03	3.00000000000000e-02	0.00000000000000e+00	0.00000000000000e+00	5.67075050867121e+02	4.60879093089996e+00
37	163	79	121	6.72510000000000e+02	2.63893782901543e+03	3.00000000000000e-02	0.00000000000000e+00	0.00000000000000e+00	5.70335449544093e+02	5.49307618520437e+00
38	164	80	122	6.58030000000000e+02	2.63893782901543e+03	3.00000000000000e-02	0.00000000000000e+00	0.00000000000000e+00	5.50309697656866e+02	5.95897721965351e+00
39	165	81	123	6.20890000000000e+02	2.63893782901543e+03	3.00000000000000e-02	0.00000000000000e+00	0.00000000000000e+00	5.06573168843718e+02	6.78283865404786e+00
40	166	82	124	5.52750000000000e+02	2.63893782901543e+03	3.00000000000000e-02	0.00000000000000e+00	0.00000000000000e+00	4.61700164178177e+02	5.99967115432503e+00
41	167	83	125	5.05910000000000e+02	2.63893782901543e+03	3.00000000000000e-02	0.00000000000000e+00	0.00000000000000e+00	4.24181606659881e+02	5.87323689102111e+00
42	168	84	126	4.34800000000000e+02	2.63893782901543e+03	3.00000000000000e-02	0.00000000000000e+00	0.00000000000000e+00	3.95362729224092e+02	3.16941699646556e+00
43	169	85	127	4.16910000000000e+02	2.63893782901543e+03	3.00000000000000e-02	0.00000000000000e+00	0.00000000000000e+00	3.76848357903024e+02	3.36758327717458e+00
44	170	86	128	4.38370000000000e+02	2.63893782901543e+03	3.00000000000000e-02	0.00000000000000e+00	0.00000000000000e+00	3.70974363704908e+02	5.56434476471193e+00
45	171	87	129	3.52960000000000e+02	2.63893782901543e+03	3.00000000000000e-02	0.00000000000000e+00	0.00000000000000e+00	3.71392354926355e+02	-1.69681093891999e+00
46	172	88	130	4.02150000000000e+02	2.63893782901543e+03	3.00000000000000e-02	0.00000000000000e+00	0.00000000000000e+00	3.72982196384355e+02	2.50981552394866e+00
47	173	89	131	4.51330000000000e+02	2.63893782901543e+03	3.00000000000000e-02	0.00000000000000e+00	0.00000000000000e+00	3.77739890382495e+02	5.93309803926034e+00
48	174	90	132	6.14840000000000e+02	2.63893782901543e+03	3.00000000000000e-02	0.00000000000000e+00	0.00000000000000e+00	3.98947299435141e+02	1.44177581602200e+01
49	175	91	133	5.03900000000000e+02	2.63893782901543e+03	3.00000000000000e-02	0.00000000000000e+00	0.00000000000000e+00	4.20063082550882e+02	6.06576463792642e+00
50	176	92	134	3.90960000000000e+02	2.63893782901543e+03	3.00000000000000e-02	0.00000000000000e+00	0.00000000000000e+00	4.31028222536351e+02	-3.25227721736274e+00
1	130	44	87	2.78030000000000e+02	2.70176968208722e+03	3.00000000000000e-02	0.00000000000000e+00	0.00000000000000e+00	2.41099102605419e+02	4.75069861472586e+00
3	131	45	88	2.97260000000000e+02	2.70176968208722e+03	3.00000000000000e-02	0.00000000000000e+00	0.00000000000000e+00	2.41018409361756e+02	6.99112862514282e+00
4	132	46	89	3.07610000000000e+02	2.70176968208722e+03	3.00000000000000e-02	0.00000000000000e+00	0.00000000000000e+00	2.44317114481723e+02	7.67885719536417e+00
2	133	47	90	2.26530000000000e+02	2.70176968208722e+03	3.00000000000000e-02	0.00000000000000e+00	0.00000000000000e+00	2.49500695283281e+02	-3.21947718035946e+00
5	134	48	91	2.91230000000000e+02	2.70176968208722e+03	3.00000000000000e-02	0.00000000000000e+00	0.00000000000000e+00	2.47203056028512e+02	5.46344149707159e+00
6	135	49	92	3.55920000000000e+02	2.70176968208722e+03	3.00000000000000e-02	0.00000000000000e+00	0.00000000000000e+00	2.42852342861918e+02	1.27417456796779e+01
7	136	50	93	2.67550000000000e+02	2.70176968208722e+03	3.00000000000000e-02	0.00000000000000e+00	0.00000000000000e+00	2.41326221944218e+02	3.43856095186134e+00
8	137	51	94	2.64260000000000e+02	2.70176968208722e+03	3.00000000000000e-02	0.00000000000000e+00	0.00000000000000e+00	2.31952423930354e+02	4.34670618716841e+00
9	138	52	95	2.73930000000000e+02	2.70176968208722e+03	3.00000000000000e-02	0.00000000000000e+00	0.00000000000000e+00	2.29101655908449e+02	5.95689273260159e+00
10	139	53	96	3.06180000000000e+02	2.70176968208722e+03	3.00000000000000e-02	0.00000000000000e+00	0.00000000000000e+00	2.30689845847633e+02	9.43663382080588e+00
11	140	54	97	3.38430000000000e+02	2.70176968208722e+03	3.00000000000000e-02	0.00000000000000e+00	0.00000000000000e+00	2.36603234054134e+02	1.19310885322072e+01
12	141	55	98	4.28110000000000e+02	2.70176968208722e+03	3.00000000000000e-02	0.00000000000000e+00	0.00000000000000e+00	2.42767525078135e+02	1.89091957801355e+01
13	142	56	99	3.37540000000000e+02	2.70176968208722e+03	3.00000000000000e-02	0.00000000000000e+00	0.00000000000000e+00	2.45941146066718e+02	1.05530586043509e+01
14	143	57	100	2.23990000000000e+02	2.70176968208722e+03	3.00000000000000e-02	0.00000000000000e+00	0.00000000000000e+00	2.49227245507962e+02	-3.55879016098453e+00
15	144	58	101	1.22360000000000e+02	2.70176968208722e+03	3.00000000000000e-02	0.00000000000000e+00	0.00000000000000e+00	2.52071415139540e+02	-2.40914973830421e+01
16	145	59	102	2.02680000000000e+02	2.70176968208722e+03	3.00000000000000e-02	0.00000000000000e+00	0.00000000000000e+00	2.55092201930148e+02	-7.66655584648186e+00
17	146	60	103	2.83000000000000e+02	2.70176968208722e+03	3.00000000000000e-02	0.00000000000000e+00	0.00000000000000e+00	2.55832740148067e+02	3.36410084973868e+00
18	147	61	104	1.63430000000000e+02	2.70176968208722e+03	3.00000000000000e-02	0.00000000000000e+00	0.00000000000000e+00	2.67600678546202e+02	-1.64370366606430e+01
19	148	62	105	1.15570000000000e+02	2.70176968208722e+03	3.00000000000000e-02	0.00000000000000e+00	0.00000000000000e+00	2.77121284867954e+02	-2.91526284959949e+01
20	149	63	106	2.50110000000000e+02	2.70176968208722e+03	3.00000000000000e-02	0.00000000000000e+00	0.00000000000000e+00	2.81726360797064e+02	-3.96784756559837e+00
21	150	64	107	2.93060000000000e+02	2.70176968208722e+03	3.00000000000000e-02	0.00000000000000e+00	0.00000000000000e+00	2.89111241684071e+02	4.52194427928010e-01
22	151	65	108	3.36010000000000e+02	2.70176968208722e+03	3.00000000000000e-02	0.00000000000000e+00	0.00000000000000e+00	2.99665101909880e+02	3.81584657643360e+00
23	152	66	109	4.35450000000000e+02	2.70176968208722e+03	3.00000000000000e-02	0.00000000000000e+00	0.00000000000000e+00	3.19364982012905e+02	1.03348462049006e+01
24	153	67	110	2.54050000000000e+02	2.70176968208722e+03	3.00000000000000e-02	0.00000000000000e+00	0.00000000000000e+00	3.45807506614193e+02	-1.02783727646178e+01
25	154	68	111	3.69390000000000e+02	2.70176968208722e+03	3.00000000000000e-02	0.00000000000000e+00	0.00000000000000e+00	3.78438841655951e+02	-8.06716083976837e-01
26	155	69	112	4.84720000000000e+02	2.70176968208722e+03	3.00000000000000e-02	0.00000000000000e+00	0.00000000000000e+00	4.08439685778250e+02	5.70757164237934e+00
27	156	70	113	5.87450000000000e+02	2.70176968208722e+03	3.00000000000000e-02	0.00000000000000e+00	0.00000000000000e+00	4.50013498916644e+02	8.88378520355309e+00
28	157	71	114	5.79670000000000e+02	2.70176968208722e+03	3.00000000000000e-02	0.00000000000000e+00	0.00000000000000e+00	4.61625874250674e+02	7.59014030250974e+00
29	158	72	115	5.83850000000000e+02	2.70176968208722e+03	3.00000000000000e-02	0.00000000000000e+00	0.00000000000000e+00	4.72049540728635e+02	7.08533870910536e+00
30	159	73	116	6.12560000000000e+02	2.70176968208722e+03	3.00000000000000e-02	0.00000000000000e+00	0.00000000000000e+00	4.99498555962543e+02	6.80140632287728e+00
31	160	74	117	6.23290000000000e+02	2.70176968208722e+03	3.00000000000000e-02	0.00000000000000e+00	0.00000000000000e+00	5.31869478698389e+02	5.28712605330798e+00
32	161	75	118	6.91260000000000e+02	2.70176968208722e+03	3.00000000000000e-02	0.00000000000000e+00	0.00000000000000e+00	5.59932840782694e+02	7.02330566381404e+00
33	162	76	119	6.77080000000000e+02	2.70176968208722e+03	3.00000000000000e-02	0.00000000000000e+00	0.00000000000000e+00	5.65003387205870e+02	6.03192360459296e+00
34	163	77	120	6.73420000000000e+02	2.70176968208722e+03	3.00000000000000e-02	0.00000000000000e+00	0.00000000000000e+00	5.55813406767943e+02	6.39788559097824e+00
35	164	78	121	6.46060000000000e+02	2.70176968208722e+03	3.00000000000000e-02	0.00000000000000e+00	0.00000000000000e+00	5.45756492396774e+02	5.62398290278887e+00
36	165	79	122	6.92080000000000e+02	2.70176968208722e+03	3.00000000000000e-02	0.00000000000000e+00	0.00000000000000e+00	5.50326822936730e+02	7.63964102017208e+00
37	166	80	123	6.26000000000000e+02	2.70176968208722e+03	3.00000000000000e-02	0.00000000000000e+00	0.00000000000000e+00	5.45812650408932e+02	4.56915284524394e+00
38	167	81	124	5.19730000000000e+02	2.70176968208722e+03	3.00000000000000e-02	0.00000000000000e+00	0.00000000000000e+00	5.08103020433025e+02	7.54174093771246e-01
39	168	82	125	4.13460000000000e+02	2.70176968208722e+03	3.00000000000000e-02	0.00000000000000e+00	0.00000000000000e+00	4.61816007171471e+02	-3.68685947617419e+00
40	169	83	126	4.77550000000000e+02	2.70176968208722e+03	3.00000000000000e-02	0.00000000000000e+00	0.00000000000000e+00	4.26111471187143e+02	3.79892949958229e+00
41	170	84	127	4.49280000000000e+02	2.70176968208722e+03	3.00000000000000e-02	0.00000000000000e+00	0.00000000000000e+00	3.97979854391685e+02	4.04149715001205e+00
42	171	85	128	4.87710000000000e+02	2.70176968208722e+03	3.00000000000000e-02	0.00000000000000e+00	0.00000000000000e+00	3.82527042312706e+02	8.09738724299832e+00
43	172	86	129	5.63390000000000e+02	2.70176968208722e+03	3.00000000000000e-02	0.00000000000000e+00	0.00000000000000e+00	3.78701177623997e+02	1.32408220451424e+01
44	173	87	130	6.39060000000000e+02	2.70176968208722e+03	3.00000000000000e-02	0.00000000000000e+00	0.00000000000000e+00	3.78614812279454e+02	1.74492994950016e+01
45	174	88	131	4.62750000000000e+02	2.70176968208722e+03	3.00000000000000e-02	0.00000000000000e+00	0.00000000000000e+00	3.82531209220703e+02	6.34589029272193e+00
46	175	89	132	4.73960000000000e+02	2.70176968208722e+03	3.00000000000000e-02	0.00000000000000e+00	0.00000000000000e+00	3.86802017223586e+02	6.77366504079264e+00
47	176	90	133	3.48180000000000e+02	2.70176968208722e+03	3.00000000000000e-02	0.00000000000000e+00	0.00000000000000e+00	3.94751440207288e+02	-4.18455713673467e+00
1	133	45	89	2.93610000000000e+02	2.76460153515902e+03	3.00000000000000e-02	0.00000000000000e+00	0.00000000000000e+00	2.33540532764036e+02	7.62989020689903e+00
3	134	46	90	2.39040000000000e+02	2.76460153515902e+03	3.00000000000000e-02	0.00000000000000e+00	0.00000000000000e+00	2.32146509531298e+02	9.75407433136777e-01
4	135	47	91	2.75130000000000e+02	2.76460153515902e+03	3.00000000000000e-02	0.00000000000000e+00	0.00000000000000e+00	2.33344309799231e+02	5.49095419911338e+00
2	136	48	92	2.45290000000000e+02	2.76460153515902e+03	3.00000000000000e-02	0.00000000000000e+00	0.00000000000000e+00	2.26613453544691e+02	2.63984886192334e+00
5	137	49	93	3.75190000000000e+02	2.76460153515902e+03	3.00000000000000e-02	0.00000000000000e+00	0.00000000000000e+00	2.31019183571748e+02	1.61643937162011e+01
6	138	50	94	5.05100000000000e+02	2.76460153515902e+03	3.00000000000000e-02	0.00000000000000e+00	0.00000000000000e+00	2.34743776120532e+02	2.55420608178564e+01
7	139	51	95	3.37210000000000e+02	2.76460153515902e+03	3.00000000000000e-02	0.00000000000000e+00	0.00000000000000e+00	2.27579877465881e+02	1.31068198390646e+01
8	140	52	96	3.04230000000000e+02	2.76460153515902e+03	3.00000000000000e-02	0.00000000000000e+00	0.00000000000000e+00	2.25794181081080e+02	9.93867043809592e+00
9	141	53	97	3.11530000000000e+02	2.76460153515902e+03	3.00000000000000e-02	0.00000000000000e+00	0.00000000000000e+00	2.30219270672662e+02	1.00821145417559e+01
10	142	54	98	1.81930000000000e+02	2.76460153515902e+03	3.00000000000000e-02	0.00000000000000e+00	0.00000000000000e+00	2.34064879089800e+02	-8.39921134289220e+00
11	143	55	99	1.17130000000000e+02	2.76460153515902e+03	3.00000000000000e-02	0.00000000000000e+00	0.00000000000000e+00	2.42349265888860e+02	-2.42365168022963e+01
12	144	56	100	1.87700000000000e+02	2.76460153515902e+03	3.00000000000000e-02	0.00000000000000e+00	0.00000000000000e+00	2.46602805702602e+02	-9.09780082060259e+00
13	145	57	101	1.78070000000000e+02	2.76460153515902e+03	3.00000000000000e-02	0.00000000000000e+00	0.00000000000000e+00	2.50910450442223e+02	-1.14306457638024e+01
14	146	58	102	1.68440000000000e+02	2.76460153515902e+03	3.00000000000000e-02	0.00000000000000e+00	0.00000000000000e+00	2.56685778876320e+02	-1.40424361089382e+01
15	147	59	103	2.24700000000000e+02	2.76460153515902e+03	3.00000000000000e-02	0.00000000000000e+00	0.00000000000000e+00	2.64076854602090e+02	-5.38246658353409e+00
16	148	60	104	1.86060000000000e+02	2.76460153515902e+03	3.00000000000000e-02	0.00000000000000e+00	0.00000000000000e+00	2.71529123520264e+02	-1.26000066743975e+01
17	149	61	105	1.47430000000000e+02	2.76460153515902e+03	3.00000000000000e-02	0.00000000000000e+00	0.00000000000000e+00	2.79103829162356e+02	-2.12743457755081e+01
18	150	62	106	1.82380000000000e+02	2.76460153515902e+03	3.00000000000000e-02	0.00000000000000e+00	0.00000000000000e+00	2.84370290476116e+02	-1.48061602033150e+01
19	151	63	107	2.91020000000000e+02	2.76460153515902e+03	3.00000000000000e-02	0.00000000000000e+00	0.00000000000000e+00	2.87713444847289e+02	3.80899722988796e-01
20	152	64	108	3.99660000000000e+02	2.76460153515902e+03	3.00000000000000e-02	0.00000000000000e+00	0.00000000000000e+00	2.92676225216816e+02	1.03849073675112e+01
21	153	65	109	4.08930000000000e+02	2.76460153515902e+03	3.00000000000000e-02	0.00000000000000e+00	0.00000000000000e+00	3.06036350025102e+02	9.66133688072865e+00
22	154	66	110	3.46720000000000e+02	2.76460153515902e+03	3.00000000000000e-02	0.00000000000000e+00	0.00000000000000e+00	3.21481271810132e+02	2.51927494472334e+00
23	155	67	111	3.40990000000000e+02	2.76460153515902e+03	3.00000000000000e-02	0.00000000000000e+00	0.00000000000000e+00	3.37551021897991e+02	3.37882548654189e-01
24	156	68	112	4.34060000000000e+02	2.76460153515902e+03	3.00000000000000e-02	0.00000000000000e+00	0.00000000000000e+00	3.57970402966095e+02	6.42441545629430e+00
25	157	69	113	5.27130000000000e+02	2.76460153515902e+03	3.00000000000000e-02	0.00000000000000e+00	0.00000000000000e+00	3.89342184050451e+02	1.00996196656647e+01
26	158	70	114	5.39010000000000e+02	2.76460153515902e+03	3.00000000000000e-02	0.00000000000000e+00	0.00000000000000e+00	4.10275867923460e+02	9.09681138605203e+00
27	159	71	115	6.03540000000000e+02	2.76460153515902e+03	3.00000000000000e-02	0.00000000000000e+00	0.00000000000000e+00	4.34451199666425e+02	1.09576231249231e+01
28	160	72	116	5.71410000000000e+02	2.76460153515902e+03	3.00000000000000e-02	0.00000000000000e+00	0.00000000000000e+00	4.38448040788768e+02	8.82885595990946e+00
29	161	73	117	5.50650000000000e+02	2.76460153515902e+03	3.00000000000000e-02	0.00000000000000e+00	0.00000000000000e+00	4.35449083023052e+02	7.82405084296588e+00
30	162	74	118	4.78890000000000e+02	2.76460153515902e+03	3.00000000000000e-02	0.00000000000000e+00	0.00000000000000e+00	4.64102031932853e+02	1.04555004949673e+00
31	163	75	119	5.93530000000000e+02	2.76460153515902e+03	3.00000000000000e-02	0.00000000000000e+00	0.00000000000000e+00	5.00744798186238e+02	5.66637246415696e+00
32	164	76	120	6.32470000000000e+02	2.76460153515902e+03	3.00000000000000e-02	0.00000000000000e+00	0.00000000000000e+00	5.36680086511702e+02	5.47435379088590e+00
33	165	77	121	6.70500000000000e+02	2.76460153515902e+03	3.00000000000000e-02	0.00000000000000e+00	0.00000000000000e+00	5.35268066669419e+02	7.50853407062643e+00
34	166	78	122	6.73230000000000e+02	2.76460153515902e+03	3.00000000000000e-02	0.00000000000000e+00	0.00000000000000e+00	5.27436227064120e+02	8.13530210409539e+00
35	167	79	123	6.44830000000000e+02	2.76460153515902e+03	3.00000000000000e-02	0.00000000000000e+00	0.00000000000000e+00	5.35016194946203e+02	6.22298995997908e+00
36	168	80	124	5.58050000000000e+02	2.76460153515902e+03	3.00000000000000e-02	0.00000000000000e+00	0.00000000000000e+00	5.35555854248510e+02	1.37144588893398e+00
37	169	81	125	5.89520000000000e+02	2.76460153515902e+03	3.00000000000000e-02	0.00000000000000e+00	0.00000000000000e+00	5.10683411515016e+02	4.78529317302980e+00
38	170	82	126	5.04240000000000e+02	2.76460153515902e+03	3.00000000000000e-02	0.00000000000000e+00	0.00000000000000e+00	4.66864814694829e+02	2.56708684901448e+00
39	171	83	127	5.09840000000000e+02	2.76460153515902e+03	3.00000000000000e-02	0.00000000000000e+00	0.00000000000000e+00	4.30434073920979e+02	5.64342590866911e+00
40	172	84	128	4.47010000000000e+02	2.76460153515902e+03	3.00000000000000e-02	0.00000000000000e+00	0.00000000000000e+00	4.04303805502661e+02	3.34714588513506e+00
41	173	85	129	4.75450000000000e+02	2.76460153515902e+03	3.00000000000000e-02	0.00000000000000e+00	0.00000000000000e+00	3.89060669112981e+02	6.68421435992483e+00
42	174	86	130	5.15340000000000e+02	2.76460153515902e+03	3.00000000000000e-02	0.00000000000000e+00	0.00000000000000e+00	3.87856296519581e+02	9.47306585938801e+00
43	175	87	131	6.47890000000000e+02	2.76460153515902e+03	3.00000000000000e-02	0.00000000000000e+00	0.00000000000000e+00	3.89451839590753e+02	1.69660239313523e+01
44	176	88	132	4.59050000000000e+02	2.76460153515902e+03	3.00000000000000e-02	0.00000000000000e+00	0.00000000000000e+00	3.93865236809469e+02	5.10501081183170e+00
1	136	46	91	3.54940000000000e+02	2.82743338823081e+03	3.00000000000000e-02	0.00000000000000e+00	0.00000000000000e+00	2.27251077927339e+02	1.48631094901818e+01
3	137	47	92	2.50840000000000e+02	2.82743338823081e+03	3.00000000000000e-02	0.00000000000000e+00	0.00000000000000e+00	2.21613991179071e+02	4.12927319016942e+00
4	138	48	93	1.94440000000000e+02	2.82743338823081e+03	3.00000000000000e-02	0.00000000000000e+00	0.00000000000000e+00	2.13973464684763e+02	-3.19094594520619e+00
2	139	49	94	2.62170000000000e+02	2.82743338823081e+03	3.00000000000000e-02	0.00000000000000e+00	0.00000000000000e+00	2.12781588487281e+02	6.95756382832352e+00
5	140	50	95	2.82850000000000e+02	2.82743338823081e+03	3.00000000000000e-02	0.00000000000000e+00	0.00000000000000e+00	2.21848549483038e+02	8.09739274211880e+00
6	141	51	96	3.86210000000000e+02	2.82743338823081e+03	3.00000000000000e-02	0.00000000000000e+00	0.00000000000000e+00	2.24271665815634e+02	1.81174384048073e+01
7	142	52	97	2.80690000000000e+02	2.82743338823081e+03	3.00000000000000e-02	0.00000000000000e+00	0.00000000000000e+00	2.26738803563756e+02	7.11507158743615e+00
8	143	53	98	2.04350000000000e+02	2.82743338823081e+03	3.00000000000000e-02	0.00000000000000e+00	0.00000000000000e+00	2.31189306819834e+02	-4.11342249796895e+00
9	144	54	99	1.34040000000000e+02	2.82743338823081e+03	3.00000000000000e-02	0.00000000000000e+00	0.00000000000000e+00	2.39375934697443e+02	-1.93299000599818e+01
10	145	55	100	9.88900000000000e+01	2.82743338823081e+03	3.00000000000000e-02	0.00000000000000e+00	0.00000000000000e+00	2.42347995515053e+02	-2.98788856647290e+01
11	146	56	101	1.69440000000000e+02	2.82743338823081e+03	3.00000000000000e-02	0.00000000000000e+00	0.00000000000000e+00	2.46632525577767e+02	-1.25133532092541e+01
12	147	57	102	2.40000000000000e+02	2.82743338823081e+03	3.00000000000000e-02	0.00000000000000e+00	0.00000000000000e+00	2.56257407877469e+02	-2.18478384942994e+00
13	148	58	103	4.30390000000000e+02	2.82743338823081e+03	3.00000000000000e-02	0.00000000000000e+00	0.00000000000000e+00	2.61837665915480e+02	1.65655686129008e+01
14	149	59	104	3.86460000000000e+02	2.82743338823081e+03	3.00000000000000e-02	0.00000000000000e+00	0.00000000000000e+00	2.76177644039895e+02	1.11994691096663e+01
15	150	60	105	3.42530000000000e+02	2.82743338823081e+03	3.00000000000000e-02	0.00000000000000e+00	0.00000000000000e+00	2.82974771790099e+02	6.36671656852534e+00
16	151	61	106	2.37460000000000e+02	2.82743338823081e+03	3.00000000000000e-02	0.00000000000000e+00	0.00000000000000e+00	2.86237035821952e+02	-6.22736919667410e+00
17	152	62	107	2.19960000000000e+02	2.82743338823081e+03	3.00000000000000e-02	0.00000000000000e+00	0.00000000000000e+00	2.90621932981636e+02	-9.28591704882843e+00
18	153	63	108	3.12190000000000e+02	2.82743338823081e+03	3.00000000000000e-02	0.00000000000000e+00	0.00000000000000e+00	2.94086829575745e+02	1.99123047970036e+00
19	154	64	109	4.04420000000000e+02	2.82743338823081e+03	3.00000000000000e-02	0.00000000000000e+00	0.00000000000000e+00	3.05238650823564e+02	9.37866698490482e+00
20	155	65	110	4.05390000000000e+02	2.82743338823081e+03	3.00000000000000e-02	0.00000000000000e+00	0.00000000000000e+00	3.13820878587102e+02	8.53423979793702e+00
21	156	66	111	4.29650000000000e+02	2.82743338823081e+03	3.00000000000000e-02	0.00000000000000e+00	0.00000000000000e+00	3.24592499270705e+02	9.34667921843063e+00
22	157	67	112	4.32660000000000e+02	2.82743338823081e+03	3.00000000000000e-02	0.00000000000000e+00	0.00000000000000e+00	3.34197865937796e+02	8.60729898666369e+00
23	158	68	113	4.83580000000000e+02	2.82743338823081e+03	3.00000000000000e-02	0.00000000000000e+00	0.00000000000000e+00	3.42810593801716e+02	1.14679557135796e+01
24	159	69	114	4.97460000000000e+02	2.82743338823081e+03	3.00000000000000e-02	0.00000000000000e+00	0.00000000000000e+00	3.53185267626706e+02	1.14174131544159e+01
25	160	70	115	5.05840000000000e+02	2.82743338823081e+03	3.00000000000000e-02	0.00000000000000e+00	0.00000000000000e+00	3.68033054990179e+02	1.06015885424142e+01
26	161	71	116	5.00830000000000e+02	2.82743338823081e+03	3.00000000000000e-02	0.00000000000000e+00	0.00000000000000e+00	3.73432103810788e+02	9.78435059119865e+00
27	162	72	117	5.20410000000000e+02	2.82743338823081e+03	3.00000000000000e-02	0.00000000000000e+00	0.00000000000000e+00	4.02435977190372e+02	8.56936470385718e+00
28	163	73	118	5.52520000000000e+02	2.82743338823081e+03	3.00000000000000e-02	0.00000000000000e+00	0.00000000000000e+00	4.11230869133449e+02	9.84449498862169e+00
29	164	74	119	4.97870000000000e+02	2.82743338823081e+03	3.00000000000000e-02	0.00000000000000e+00	0.00000000000000e+00	4.15319221735879e+02	6.04305217422635e+00
30	165	75	120	4.57700000000000e+02	2.82743338823081e+03	3.00000000000000e-02	0.00000000000000e+00	0.00000000000000e+00	4.41217375154157e+02	1.22254264910924e+00
31	166	76	121	4.84250000000000e+02	2.82743338823081e+03	3.00000000000000e-02	0.00000000000000e+00	0.00000000000000e+00	4.80108787039513e+02	2.86286146613553e-01
32	167	77	122	6.19820000000000e+02	2.82743338823081e+03	3.00000000000000e-02	0.00000000000000e+00	0.00000000000000e+00	5.12974397338124e+02	6.30677257014503e+00
33	168	78	123	5.85660000000000e+02	2.82743338823081e+03	3.00000000000000e-02	0.00000000000000e+00	0.00000000000000e+00	5.14788321396192e+02	4.29945422202881e+00
34	169	79	124	6.41930000000000e+02	2.82743338823081e+03	3.00000000000000e-02	0.00000000000000e+00	0.00000000000000e+00	5.25068405050547e+02	6.69835713463606e+00
35	170	80	125	5.65950000000000e+02	2.82743338823081e+03	3.00000000000000e-02	0.00000000000000e+00	0.00000000000000e+00	5.26477882356121e+02	2.40988044023588e+00
36	171	81	126	6.19220000000000e+02	2.82743338823081e+03	3.00000000000000e-02	0.00000000000000e+00	0.00000000000000e+00	5.05458020340842e+02	6.76652107659403e+00
37	172	82	127	4.63250000000000e+02	2.82743338823081e+03	3.00000000000000e-02	0.00000000000000e+00	0.00000000000000e+00	4.71494639633986e+02	-5.88028936419812e-01
38	173	83	128	5.36440000000000e+02	2.82743338823081e+03	3.00000000000000e-02	0.00000000000000e+00	0.00000000000000e+00	4.37710030224892e+02	6.77993533852996e+00
39	174	84	129	5.01210000000000e+02	2.82743338823081e+03	3.00000000000000e-02	0.00000000000000e+00	0.00000000000000e+00	4.11991246028375e+02	6.53410244393153e+00
40	175	85	130	5.10070000000000e+02	2.82743338823081e+03	3.00000000000000e-02	0.00000000000000e+00	0.00000000000000e+00	3.98436922125436e+02	8.23329245892648e+00
41	176	86	131	3.79690000000000e+02	2.82743338823081e+03	3.00000000000000e-02	0.00000000000000e+00	0.00000000000000e+00	3.97523420291921e+02	-1.52995736742287e+00
1	139	47	93	2.93870000000000e+02	2.89026524130261e+03	3.00000000000000e-02	0.00000000000000e+00	0.00000000000000e+00	2.20380127649332e+02	9.59278614652298e+00
3	140	48	94	2.08050000000000e+02	2.89026524130261e+03	3.00000000000000e-02	0.00000000000000e+00	0.00000000000000e+00	2.05773677646830e+02	3.66717426665097e-01
4	141	49	95	2.06040000000000e+02	2.89026524130261e+03	3.00000000000000e-02	0.00000000000000e+00	0.00000000000000e+00	1.99504522767361e+02	1.07444727037832e+00
2	142	50	96	2.64490000000000e+02	2.89026524130261e+03	3.00000000000000e-02	0.00000000000000e+00	0.00000000000000e+00	2.06595098149831e+02	8.23475377599013e+00
5	143	51	97	3.22950000000000e+02	2.89026524130261e+03	3.00000000000000e-02	0.00000000000000e+00	0.00000000000000e+00	2.21798711471935e+02	1.25242415664424e+01
6	144	52	98	2.70950000000000e+02	2.89026524130261e+03	3.00000000000000e-02	0.00000000000000e+00	0.00000000000000e+00	2.29744259614971e+02	5.49891754807460e+00
7	145	53	99	2.23810000000000e+02	2.89026524130261e+03	3.00000000000000e-02	0.00000000000000e+00	0.00000000000000e+00	2.35862451143593e+02	-1.74837744474715e+00
8	146	54	100	1.89570000000000e+02	2.89026524130261e+03	3.00000000000000e-02	0.00000000000000e+00	0.00000000000000e+00	2.40081559359878e+02	-7.87401156084385e+00
9	147	55	101	1.55340000000000e+02	2.89026524130261e+03	3.00000000000000e-02	0.00000000000000e+00	0.00000000000000e+00	2.45579116028264e+02	-1.52667632402604e+01
10	148	56	102	1.25760000000000e+02	2.89026524130261e+03	3.00000000000000e-02	0.00000000000000e+00	0.00000000000000e+00	2.50130159862530e+02	-2.29202031048592e+01
11	149	57	103	2.51950000000000e+02	2.89026524130261e+03	3.00000000000000e-02	0.00000000000000e+00	0.00000000000000e+00	2.59383192910344e+02	-9.69194082790400e-01
12	150	58	104	2.24420000000000e+02	2.89026524130261e+03	3.00000000000000e-02	0.00000000000000e+00	0.00000000000000e+00	2.74594888324753e+02	-6.72591939791853e+00
13	151	59	105	2.98740000000000e+02	2.89026524130261e+03	3.00000000000000e-02	0.00000000000000e+00	0.00000000000000e+00	2.83060529444069e+02	1.79709567158876e+00
14	152	60	106	3.73070000000000e+02	2.89026524130261e+03	3.00000000000000e-02	0.00000000000000e+00	0.00000000000000e+00	2.85726681059186e+02	8.89101254479699e+00
15	153	61	107	2.77630000000000e+02	2.89026524130261e+03	3.00000000000000e-02	0.00000000000000e+00	0.00000000000000e+00	2.91847241361383e+02	-1.66470757997107e+00
16	154	62	108	2.54840000000000e+02	2.89026524130261e+03	3.00000000000000e-02	0.00000000000000e+00	0.00000000000000e+00	2.97455688862675e+02	-5.15431238815255e+00
17	155	63	109	3.29190000000000e+02	2.89026524130261e+03	3.00000000000000e-02	0.00000000000000e+00	0.00000000000000e+00	3.08636450259740e+02	2.14903479371958e+00
18	156	64	110	4.34780000000000e+02	2.89026524130261e+03	3.00000000000000e-02	0.00000000000000e+00	0.00000000000000e+00	3.17510510508178e+02	1.04776411427149e+01
19	157	65	111	4.57520000000000e+02	2.89026524130261e+03	3.00000000000000e-02	0.00000000000000e+00	0.00000000000000e+00	3.22534528671749e+02	1.16536801151173e+01
20	158	66	112	4.64390000000000e+02	2.89026524130261e+03	3.00000000000000e-02	0.00000000000000e+00	0.00000000000000e+00	3.21058749830964e+02	1.23033529588967e+01
21	159	67	113	4.50700000000000e+02	2.89026524130261e+03	3.00000000000000e-02	0.00000000000000e+00	0.00000000000000e+00	3.20275736105965e+02	1.13873209866918e+01
22	160	68	114	3.98210000000000e+02	2.89026524130261e+03	3.00000000000000e-02	0.00000000000000e+00	0.00000000000000e+00	3.17813658398776e+02	7.51714243915007e+00
23	161	69	115	4.58210000000000e+02	2.89026524130261e+03	3.00000000000000e-02	0.00000000000000e+00	0.00000000000000e+00	3.14720838523937e+02	1.25213858441917e+01
24	162	70	116	4.04410000000000e+02	2.89026524130261e+03	3.00000000000000e-02	0.00000000000000e+00	0.00000000000000e+00	3.24562060467278e+02	7.33174824868102e+00
25	163	71	117	4.82080000000000e+02	2.89026524130261e+03	3.00000000000000e-02	0.00000000000000e+00	0.00000000000000e+00	3.38574564120974e+02	1.17788576411403e+01
26	164	72	118	4.37220000000000e+02	2.89026524130261e+03	3.00000000000000e-02	0.00000000000000e+00	0.00000000000000e+00	3.54932262018575e+02	6.95031802856289e+00
27	165	73	119	5.11710000000000e+02	2.89026524130261e+03	3.00000000000000e-02	0.00000000000000e+00	0.00000000000000e+00	3.83254656901386e+02	9.63527965209513e+00
28	166	74	120	4.44570000000000e+02	2.89026524130261e+03	3.00000000000000e-02	0.00000000000000e+00	0.00000000000000e+00	3.93631947230739e+02	4.05637314137257e+00
29	167	75	121	4.52220000000000e+02	2.89026524130261e+03	3.00000000000000e-02	0.00000000000000e+00	0.00000000000000e+00	3.99511809797982e+02	4.13084869557574e+00
30	168	76	122	4.38870000000000e+02	2.89026524130261e+03	3.00000000000000e-02	0.00000000000000e+00	0.00000000000000e+00	4.28606210797009e+02	7.88822260999715e-01
31	169	77	123	4.56290000000000e+02	2.89026524130261e+03	3.00000000000000e-02	0.00000000000000e+00	0.00000000000000e+00	4.64499041701916e+02	-5.94364096354383e-01
32	170	78	124	5.91150000000000e+02	2.89026524130261e+03	3.00000000000000e-02	0.00000000000000e+00	0.00000000000000e+00	5.00035685114539e+02	5.57967754015284e+00
33	171	79	125	6.43960000000000e+02	2.89026524130261e+03	3.00000000000000e-02	0.00000000000000e+00	0.00000000000000e+00	5.18602794755551e+02	7.21661167483981e+00
34	172	80	126	5.21700000000000e+02	2.89026524130261e+03	3.00000000000000e-02	0.00000000000000e+00	0.00000000000000e+00	5.18910816810317e+02	1.78689273901374e-01
35	173	81	127	6.18620000000000e+02	2.89026524130261e+03	3.00000000000000e-02	0.00000000000000e+00	0.00000000000000e+00	4.97638608856038e+02	7.25390207462361e+00
36	174	82	128	5.87390000000000e+02	2.89026524130261e+03	3.00000000000000e-02	0.00000000000000e+00	0.00000000000000e+00	4.69264259503131e+02	7.48409771935779e+00
37	175	83	129	5.57540000000000e+02	2.89026524130261e+03	3.00000000000000e-02	0.00000000000000e+00	0.00000000000000e+00	4.45340349227123e+02	7.48984766941548e+00
38	176	84	130	3.82200000000000e+02	2.89026524130261e+03	3.00000000000000e-02	0.00000000000000e+00	0.00000000000000e+00	4.22256773710064e+02	-3.32231885650650e+00
1	142	48	95	3.21210000000000e+02	2.95309709437441e+03	3.00000000000000e-02	0.00000000000000e+00	0.00000000000000e+00	2.03527836585461e+02	1.52097443397558e+01
3	143	49	96	1.76860000000000e+02	2.95309709437441e+03	3.00000000000000e-02	0.00000000000000e+00	0.00000000000000e+00	1.99111261192042e+02	-3.95017702684865e+00
4	144	50	97	2.11480000000000e+02	2.95309709437441e+03	3.00000000000000e-02	0.00000000000000e+00	0.00000000000000e+00	2.04997944584887e+02	1.03768262314302e+00
2	145	51	98	1.15270000000000e+02	2.95309709437441e+03	3.00000000000000e-02	0.00000000000000e+00	0.00000000000000e+00	2.11273161636749e+02	-2.01958232832752e+01
5	146	52	99	2.21540000000000e+02	2.95309709437441e+03	3.00000000000000e-02	0.00000000000000e+00	0.00000000000000e+00	2.28490315328757e+02	-1.02968885552226e+00
6	147	53	100	3.27800000000000e+02	2.95309709437441e+03	3.00000000000000e-02	0.00000000000000e+00	0.00000000000000e+00	2.36216982786865e+02	1.09217621700695e+01
7	148	54	101	5.97430000000000e+02	2.95309709437441e+03	3.00000000000000e-02	0.00000000000000e+00	0.00000000000000e+00	2.41619601872227e+02	3.01757508594727e+01
8	149	55	102	4.45260000000000e+02	2.95309709437441e+03	3.00000000000000e-02	0.00000000000000e+00	0.00000000000000e+00	2.49474042509493e+02	1.93101169822987e+01
9	150	56	103	3.35070000000000e+02	2.95309709437441e+03	3.00000000000000e-02	0.00000000000000e+00	0.00000000000000e+00	2.56505940273676e+02	8.90625473054953e+00
10	151	57	104	3.37780000000000e+02	2.95309709437441e+03	3.00000000000000e-02	0.00000000000000e+00	0.00000000000000e+00	2.69549698049643e+02	7.52140047647944e+00
11	152	58	105	2.08740000000000e+02	2.95309709437441e+03	3.00000000000000e-02	0.00000000000000e+00	0.00000000000000e+00	2.78663343622809e+02	-9.63049803850173e+00
12	153	59	106	2.37590000000000e+02	2.95309709437441e+03	3.00000000000000e-02	0.00000000000000e+00	0.00000000000000e+00	2.86010668483144e+02	-6.18275378173510e+00
13	154	60	107	2.66450000000000e+02	2.95309709437441e+03	3.00000000000000e-02	0.00000000000000e+00	0.00000000000000e+00	2.87398438396619e+02	-2.52276437778353e+00
14	155	61	108	2.21850000000000e+02	2.95309709437441e+03	3.00000000000000e-02	0.00000000000000e+00	0.00000000000000e+00	2.95893930701016e+02	-9.59998566843095e+00
15	156	62	109	3.20830000000000e+02	2.95309709437441e+03	3.00000000000000e-02	0.00000000000000e+00	0.00000000000000e+00	3.12923127106037e+02	8.31794258473580e-01
16	157	63	110	4.19810000000000e+02	2.95309709437441e+03	3.00000000000000e-02	0.00000000000000e+00	0.00000000000000e+00	3.20658953180790e+02	8.98080402637931e+00
17	158	64	111	4.61710000000000e+02	2.95309709437441e+03	3.00000000000000e-02	0.00000000000000e+00	0.00000000000000e+00	3.22321660228131e+02	1.19795665541814e+01
18	159	65	112	4.55650000000000e+02	2.95309709437441e+03	3.00000000000000e-02	0.00000000000000e+00	0.00000000000000e+00	3.13690854124258e+02	1.24439003672758e+01
19	160	66	113	4.51420000000000e+02	2.95309709437441e+03	3.00000000000000e-02	0.00000000000000e+00	0.00000000000000e+00	3.06701804391102e+02	1.28840738552055e+01
20	161	67	114	2.43740000000000e+02	2.95309709437441e+03	3.00000000000000e-02	0.00000000000000e+00	0.00000000000000e+00	2.95313235980663e+02	-6.39781754997507e+00
21	162	68	115	3.43110000000000e+02	2.95309709437441e+03	3.00000000000000e-02	0.00000000000000e+00	0.00000000000000e+00	2.95075897188458e+02	5.02728312023123e+00
22	163	69	116	4.42490000000000e+02	2.95309709437441e+03	3.00000000000000e-02	0.00000000000000e+00	0.00000000000000e+00	2.97271533880515e+02	1.32590629568972e+01
23	164	70	117	4.20990000000000e+02	2.95309709437441e+03	3.00000000000000e-02	0.00000000000000e+00	0.00000000000000e+00	2.96937816496000e+02	1.16362111872395e+01
24	165	71	118	3.59510000000000e+02	2.95309709437441e+03	3.00000000000000e-02	0.00000000000000e+00	0.00000000000000e+00	3.02521273248567e+02	5.75301311330133e+00
25	166	72	119	4.26950000000000e+02	2.95309709437441e+03	3.00000000000000e-02	0.00000000000000e+00	0.00000000000000e+00	3.23427139071440e+02	9.25643495872344e+00
26	167	73	120	3.51430000000000e+02	2.95309709437441e+03	3.00000000000000e-02	0.00000000000000e+00	0.00000000000000e+00	3.43099418677515e+02	7.99676312142802e-01
27	168	74	121	4.25010000000000e+02	2.95309709437441e+03	3.00000000000000e-02	0.00000000000000e+00	0.00000000000000e+00	3.73384021073748e+02	4.31684203070324e+00
28	169	75	122	4.98590000000000e+02	2.95309709437441e+03	3.00000000000000e-02	0.00000000000000e+00	0.00000000000000e+00	3.83922334077661e+02	8.71146125352524e+00
29	170	76	123	3.53890000000000e+02	2.95309709437441e+03	3.00000000000000e-02	0.00000000000000e+00	0.00000000000000e+00	3.92804500519472e+02	-3.47753011888106e+00
30	171	77	124	4.80620000000000e+02	2.95309709437441e+03	3.00000000000000e-02	0.00000000000000e+00	0.00000000000000e+00	4.21823584757805e+02	4.34965853506286e+00
31	172	78	125	4.78650000000000e+02	2.95309709437441e+03	3.00000000000000e-02	0.00000000000000e+00	0.00000000000000e+00	4.57467370082406e+02	1.50880271481955e+00
32	173	79	126	6.24150000000000e+02	2.95309709437441e+03	3.00000000000000e-02	0.00000000000000e+00	0.00000000000000e+00	5.03970967646196e+02	7.12906871871513e+00
33	174	80	127	6.79750000000000e+02	2.95309709437441e+03	3.00000000000000e-02	0.00000000000000e+00	0.00000000000000e+00	5.12239261314855e+02	9.43110867905093e+00
34	175	81	128	6.34790000000000e+02	2.95309709437441e+03	3.00000000000000e-02	0.00000000000000e+00	0.00000000000000e+00	4.92564383590417e+02	8.45563517882555e+00
35	176	82	129	4.77950000000000e+02	2.95309709437441e+03	3.00000000000000e-02	0.00000000000000e+00	0.00000000000000e+00	4.65936156271392e+02	8.48583449314984e-01
1	145	49	97	2.94060000000000e+02	3.01592894744620e+03	3.00000000000000e-02	0.00000000000000e+00	0.00000000000000e+00	2.06414617275061e+02	1.17965658972874e+01
3	146	50	98	2.37810000000000e+02	3.01592894744620e+03	3.00000000000000e-02	0.00000000000000e+00	0.00000000000000e+00	2.06707976749630e+02	4.67216595409274e+00
4	147	51	99	1.69660000000000e+02	3.01592894744620e+03	3.00000000000000e-02	0.00000000000000e+00	0.00000000000000e+00	2.08962553329953e+02	-6.94528769540523e+00
2	148	52	100	1.62040000000000e+02	3.01592894744620e+03	3.00000000000000e-02	0.00000000000000e+00	0.00000000000000e+00	2.14624494279104e+02	-9.36822481934444e+00
5	149	53	101	2.91340000000000e+02	3.01592894744620e+03	3.00000000000000e-02	0.00000000000000e+00	0.00000000000000e+00	2.31715696263129e+02	7.63265989901723e+00
6	150	54	102	2.33650000000000e+02	3.01592894744620e+03	3.00000000000000e-02	0.00000000000000e+00	0.00000000000000e+00	2.45131987537066e+02	-1.59908403264518e+00
7	151	55	103	1.75960000000000e+02	3.01592894744620e+03	3.00000000000000e-02	0.00000000000000e+00	0.00000000000000e+00	2.53580115567745e+02	-1.21807704787965e+01
8	152	56	104	1.75960000000000e+02	3.01592894744620e+03	3.00000000000000e-02	0.00000000000000e+00	0.00000000000000e+00	2.66350075552301e+02	-1.38184940180141e+01
9	153	57	105	1.58270000000000e+02	3.01592894744620e+03	3.00000000000000e-02	0.00000000000000e+00	0.00000000000000e+00	2.76391153193226e+02	-1.85838216258561e+01
10	154	58	106	9.00200000000000e+01	3.01592894744620e+03	3.00000000000000e-02	0.00000000000000e+00	0.00000000000000e+00	2.79706106690678e+02	-3.77902521702286e+01
11	155	59	107	2.49590000000000e+02	3.01592894744620e+03	3.00000000000000e-02	0.00000000000000e+00	0.00000000000000e+00	2.86482928531504e+02	-4.59531255039562e+00
12	156	60	108	3.38100000000000e+02	3.01592894744620e+03	3.00000000000000e-02	0.00000000000000e+00	0.00000000000000e+00	2.93208403604554e+02	4.74860261440524e+00
13	157	61	109	4.26620000000000e+02	3.01592894744620e+03	3.00000000000000e-02	0.00000000000000e+00	0.00000000000000e+00	3.06625751938877e+02	1.10088577460078e+01
14	158	62	110	4.99180000000000e+02	3.01592894744620e+03	3.00000000000000e-02	0.00000000000000e+00	0.00000000000000e+00	3.16400636762083e+02	1.51985834578736e+01
15	159	63	111	4.41130000000000e+02	3.01592894744620e+03	3.00000000000000e-02	0.00000000000000e+00	0.00000000000000e+00	3.16724770627619e+02	1.10435483766494e+01
16	160	64	112	4.38600000000000e+02	3.01592894744620e+03	3.00000000000000e-02	0.00000000000000e+00	0.00000000000000e+00	3.07385272535838e+02	1.18495305266604e+01
17	161	65	113	4.37950000000000e+02	3.01592894744620e+03	3.00000000000000e-02	0.00000000000000e+00	0.00000000000000e+00	2.95400783412345e+02	1.31257242158751e+01
18	162	66	114	4.33850000000000e+02	3.01592894744620e+03	3.00000000000000e-02	0.00000000000000e+00	0.00000000000000e+00	2.90498808624313e+02	1.33699792359023e+01
19	163	67	115	3.08130000000000e+02	3.01592894744620e+03	3.00000000000000e-02	0.00000000000000e+00	0.00000000000000e+00	2.87089437783916e+02	2.35759915745334e+00
20	164	68	116	3.65260000000000e+02	3.01592894744620e+03	3.00000000000000e-02	0.00000000000000e+00	0.00000000000000e+00	2.81396666369865e+02	8.69480435809142e+00
21	165	69	117	4.22390000000000e+02	3.01592894744620e+03	3.00000000000000e-02	0.00000000000000e+00	0.00000000000000e+00	2.78870410182286e+02	1.38393954528495e+01
22	166	70	118	3.15390000000000e+02	3.01592894744620e+03	3.00000000000000e-02	0.00000000000000e+00	0.00000000000000e+00	2.81426814295681e+02	3.79791797393419e+00
23	167	71	119	2.25570000000000e+02	3.01592894744620e+03	3.00000000000000e-02	0.00000000000000e+00	0.00000000000000e+00	2.82869180575432e+02	-7.54513330865280e+00
24	168	72	120	2.65760000000000e+02	3.01592894744620e+03	3.00000000000000e-02	0.00000000000000e+00	0.00000000000000e+00	2.95759980552149e+02	-3.56515343359577e+00
25	169	73	121	3.05950000000000e+02	3.01592894744620e+03	3.00000000000000e-02	0.00000000000000e+00	0.00000000000000e+00	3.18295457895159e+02	-1.31861247970940e+00
26	170	74	122	4.34750000000000e+02	3.01592894744620e+03	3.00000000000000e-02	0.00000000000000e+00	0.00000000000000e+00	3.38443382241742e+02	8.34714452017019e+00
27	171	75	123	4.72940000000000e+02	3.01592894744620e+03	3.00000000000000e-02	0.00000000000000e+00	0.00000000000000e+00	3.69304544665387e+02	8.24489675357878e+00
28	172	76	124	4.77960000000000e+02	3.01592894744620e+03	3.00000000000000e-02	0.00000000000000e+00	0.00000000000000e+00	3.82483861566059e+02	7.42801955297431e+00
29	173	77	125	4.82970000000000e+02	3.01592894744620e+03	3.00000000000000e-02	0.00000000000000e+00	0.00000000000000e+00	3.89559007305351e+02	7.16463970261338e+00
30	174	78	126	5.34620000000000e+02	3.01592894744620e+03	3.00000000000000e-02	0.00000000000000e+00	0.00000000000000e+00	4.16190767610955e+02	8.34708276727536e+00
31	175	79	127	5.82540000000000e+02	3.01592894744620e+03	3.00000000000000e-02	0.00000000000000e+00	0.00000000000000e+00	4.60741809881225e+02	7.81866772807337e+00
32	176	80	128	2.99820000000000e+02	3.01592894744620e+03	3.00000000000000e-02	0.00000000000000e+00	0.00000000000000e+00	4.99468997042919e+02	-1.70121077865333e+01
1	148	50	99	1.63450000000000e+02	3.07876080051800e+03	3.00000000000000e-02	0.00000000000000e+00	0.00000000000000e+00	2.12219563585504e+02	-8.70380942827310e+00
3	149	51	100	1.66990000000000e+02	3.07876080051800e+03	3.00000000000000e-02	0.00000000000000e+00	0.00000000000000e+00	2.07329463809304e+02	-7.21250700711306e+00
4	150	52	101	1.06820000000000e+02	3.07876080051800e+03	3.00000000000000e-02	0.00000000000000e+00	0.00000000000000e+00	2.09503368952738e+02	-2.24531548413754e+01
2	151	53	102	2.31980000000000e+02	3.07876080051800e+03	3.00000000000000e-02	0.00000000000000e+00	0.00000000000000e+00	2.20437837759069e+02	1.70118069457237e+00
5	152	54	103	3.11180000000000e+02	3.07876080051800e+03	3.00000000000000e-02	0.00000000000000e+00	0.00000000000000e+00	2.42393404616813e+02	8.32698259127783e+00
6	153	55	104	3.90370000000000e+02	3.07876080051800e+03	3.00000000000000e-02	0.00000000000000e+00	0.00000000000000e+00	2.62355759430426e+02	1.32464521400059e+01
7	154	56	105	3.90370000000000e+02	3.07876080051800e+03	3.00000000000000e-02	0.00000000000000e+00	0.00000000000000e+00	2.71333137543529e+02	1.21249217191281e+01
8	155	57	106	2.99240000000000e+02	3.07876080051800e+03	3.00000000000000e-02	0.00000000000000e+00	0.00000000000000e+00	2.78767052587551e+02	2.36231436330083e+00
9	156	58	107	3.32890000000000e+02	3.07876080051800e+03	3.00000000000000e-02	0.00000000000000e+00	0.00000000000000e+00	2.84585938399136e+02	5.22589429797617e+00
10	157	59	108	3.46460000000000e+02	3.07876080051800e+03	3.00000000000000e-02	0.00000000000000e+00	0.00000000000000e+00	2.89743141510550e+02	5.95908534267308e+00
11	158	60	109	4.28080000000000e+02	3.07876080051800e+03	3.00000000000000e-02	0.00000000000000e+00	0.00000000000000e+00	2.97457272031755e+02	1.21346500918290e+01
12	159	61	110	5.02280000000000e+02	3.07876080051800e+03	3.00000000000000e-02	0.00000000000000e+00	0.00000000000000e+00	3.02689612064133e+02	1.68816611758830e+01
13	160	62	111	4.17460000000000e+02	3.07876080051800e+03	3.00000000000000e-02	0.00000000000000e+00	0.00000000000000e+00	3.01803075472461e+02	1.08137998201219e+01
14	161	63	112	4.22210000000000e+02	3.07876080051800e+03	3.00000000000000e-02	0.00000000000000e+00	0.00000000000000e+00	2.93348720580283e+02	1.21380248879605e+01
15	162	64	113	4.16080000000000e+02	3.07876080051800e+03	3.00000000000000e-02	0.00000000000000e+00	0.00000000000000e+00	2.93937165729472e+02	1.15837175658846e+01
16	163	65	114	4.39350000000000e+02	3.07876080051800e+03	3.00000000000000e-02	0.00000000000000e+00	0.00000000000000e+00	2.87707565665618e+02	1.41117264888350e+01
17	164	66	115	4.02020000000000e+02	3.07876080051800e+03	3.00000000000000e-02	0.00000000000000e+00	0.00000000000000e+00	2.82092248425299e+02	1.18089233034789e+01
18	165	67	116	2.33730000000000e+02	3.07876080051800e+03	3.00000000000000e-02	0.00000000000000e+00	0.00000000000000e+00	2.75910670236648e+02	-5.53035172515560e+00
19	166	68	117	3.08290000000000e+02	3.07876080051800e+03	3.00000000000000e-02	0.00000000000000e+00	0.00000000000000e+00	2.73093694558795e+02	4.04086528702840e+00
20	167	69	118	2.74720000000000e+02	3.07876080051800e+03	3.00000000000000e-02	0.00000000000000e+00	0.00000000000000e+00	2.71470614650681e+02	3.96616565455007e-01
21	168	70	119	2.41150000000000e+02	3.07876080051800e+03	3.00000000000000e-02	0.00000000000000e+00	0.00000000000000e+00	2.71724947275642e+02	-3.97903949661744e+00
22	169	71	120	2.40750000000000e+02	3.07876080051800e+03	3.00000000000000e-02	0.00000000000000e+00	0.00000000000000e+00	2.74473666290669e+02	-4.36987574340420e+00
23	170	72	121	2.94340000000000e+02	3.07876080051800e+03	3.00000000000000e-02	0.00000000000000e+00	0.00000000000000e+00	2.81343243209235e+02	1.50533772503729e+00
24	171	73	122	2.61960000000000e+02	3.07876080051800e+03	3.00000000000000e-02	0.00000000000000e+00	0.00000000000000e+00	2.95693625743336e+02	-4.03773499258466e+00
25	172	74	123	3.53240000000000e+02	3.07876080051800e+03	3.00000000000000e-02	0.00000000000000e+00	0.00000000000000e+00	3.17315620861193e+02	3.57502615496796e+00
26	173	75	124	4.44510000000000e+02	3.07876080051800e+03	3.00000000000000e-02	0.00000000000000e+00	0.00000000000000e+00	3.38310731947853e+02	9.10025844789691e+00
27	174	76	125	5.55470000000000e+02	3.07876080051800e+03	3.00000000000000e-02	0.00000000000000e+00	0.00000000000000e+00	3.69932566241442e+02	1.35497955531402e+01
28	175	77	126	5.44270000000000e+02	3.07876080051800e+03	3.00000000000000e-02	0.00000000000000e+00	0.00000000000000e+00	3.79009761221721e+02	1.20627829101458e+01
29	176	78	127	3.33100000000000e+02	3.07876080051800e+03	3.00000000000000e-02	0.00000000000000e+00	0.00000000000000e+00	3.84470452635204e+02	-4.78080648636379e+00
1	151	51	101	2.56100000000000e+02	3.14159265358979e+03	3.00000000000000e-02	0.00000000000000e+00	0.00000000000000e+00	2.09578038702122e+02	6.68239411442132e+00
3	152	52	102	1.79090000000000e+02	3.14159265358979e+03	3.00000000000000e-02	0.00000000000000e+00	0.00000000000000e+00	2.09857254771784e+02	-5.28463625431401e+00
4	153	53	103	2.41000000000000e+02	3.14159265358979e+03	3.00000000000000e-02	0.00000000000000e+00	0.00000000000000e+00	2.16564412081753e+02	3.56363049692918e+00
2	154	54	104	1.43300000000000e+02	3.14159265358979e+03	3.00000000000000e-02	0.00000000000000e+00	0.00000000000000e+00	2.36026722699099e+02	-1.66334898519031e+01
5	155	55	105	9.44400000000000e+01	3.14159265358979e+03	3.00000000000000e-02	0.00000000000000e+00	0.00000000000000e+00	2.61602742346705e+02	-3.39620796762495e+01
6	156	56	106	2.49270000000000e+02	3.14159265358979e+03	3.00000000000000e-02	0.00000000000000e+00	0.00000000000000e+00	2.74235983302263e+02	-3.18174474351816e+00
7	157	57	107	3.52050000000000e+02	3.14159265358979e+03	3.00000000000000e-02	0.00000000000000e+00	0.00000000000000e+00	2.81234400358605e+02	7.48615747921333e+00
8	158	58	108	4.54840000000000e+02	3.14159265358979e+03	3.00000000000000e-02	0.00000000000000e+00	0.00000000000000e+00	2.84275925096055e+02	1.56666791673885e+01
9	159	59	109	4.49470000000000e+02	3.14159265358979e+03	3.00000000000000e-02	0.00000000000000e+00	0.00000000000000e+00	2.89576379589344e+02	1.46550005289192e+01
10	160	60	110	4.11070000000000e+02	3.14159265358979e+03	3.00000000000000e-02	0.00000000000000e+00	0.00000000000000e+00	2.85294115481348e+02	1.21747628003867e+01
11	161	61	111	2.46040000000000e+02	3.14159265358979e+03	3.00000000000000e-02	0.00000000000000e+00	0.00000000000000e+00	2.81389129733543e+02	-4.47481301199861e+00
12	162	62	112	3.27170000000000e+02	3.14159265358979e+03	3.00000000000000e-02	0.00000000000000e+00	0.00000000000000e+00	2.84404833617931e+02	4.66937399517387e+00
13	163	63	113	4.08300000000000e+02	3.14159265358979e+03	3.00000000000000e-02	0.00000000000000e+00	0.00000000000000e+00	2.83455629845261e+02	1.21648865296259e+01
14	164	64	114	4.35000000000000e+02	3.14159265358979e+03	3.00000000000000e-02	0.00000000000000e+00	0.00000000000000e+00	2.81249129686782e+02	1.45368390673947e+01
15	165	65	115	3.98930000000000e+02	3.14159265358979e+03	3.00000000000000e-02	0.00000000000000e+00	0.00000000000000e+00	2.78142317624347e+02	1.20217682101503e+01
16	166	66	116	3.98450000000000e+02	3.14159265358979e+03	3.00000000000000e-02	0.00000000000000e+00	0.00000000000000e+00	2.75034042310516e+02	1.23562379872835e+01
17	167	67	117	5.23920000000000e+02	3.14159265358979e+03	3.00000000000000e-02	0.00000000000000e+00	0.00000000000000e+00	2.72041203695429e+02	2.18461820637333e+01
18	168	68	118	4.65190000000000e+02	3.14159265358979e+03	3.00000000000000e-02	0.00000000000000e+00	0.00000000000000e+00	2.69434926595619e+02	1.82039674282110e+01
19	169	69	119	3.59020000000000e+02	3.14159265358979e+03	3.00000000000000e-02	0.00000000000000e+00	0.00000000000000e+00	2.70454442142644e+02	9.44248113517411e+00
20	170	70	120	2.52860000000000e+02	3.14159265358979e+03	3.00000000000000e-02	0.00000000000000e+00	0.00000000000000e+00	2.69797842217644e+02	-2.16123233823957e+00
21	171	71	121	3.12970000000000e+02	3.14159265358979e+03	3.00000000000000e-02	0.00000000000000e+00	0.00000000000000e+00	2.70227859616011e+02	4.89472705677144e+00
22	172	72	122	3.74300000000000e+02	3.14159265358979e+03	3.00000000000000e-02	0.00000000000000e+00	0.00000000000000e+00	2.75660460514274e+02	1.01962574019179e+01
23	173	73	123	3.95810000000000e+02	3.14159265358979e+03	3.00000000000000e-02	0.00000000000000e+00	0.00000000000000e+00	2.82774340093734e+02	1.12095034466580e+01
24	174	74	124	4.02020000000000e+02	3.14159265358979e+03	3.00000000000000e-02	0.00000000000000e+00	0.00000000000000e+00	2.97740702780573e+02	1.00092951931886e+01
25	175	75	125	4.64250000000000e+02	3.14159265358979e+03	3.00000000000000e-02	0.00000000000000e+00	0.00000000000000e+00	3.19112516070847e+02	1.24959814893879e+01
26	176	76	126	4.36150000000000e+02	3.14159265358979e+03	3.00000000000000e-02	0.00000000000000e+00	0.00000000000000e+00	3.39066373192019e+02	8.39301138454867e+00
0
