176
# x y z
0	0	0
30	0	0
10	0	0
20	0	0
40	0	0
50	0	0
60	0	0
70	0	0
80	0	0
90	0	0
100	0	0
110	0	0
120	0	0
130	0	0
140	0	0
150	0	0
160	0	0
170	0	0
180	0	0
190	0	0
200	0	0
210	0	0
220	0	0
230	0	0
240	0	0
250	0	0
260	0	0
270	0	0
280	0	0
290	0	0
300	0	0
310	0	0
320	0	0
330	0	0
340	0	0
350	0	0
360	0	0
370	0	0
380	0	0
390	0	0
400	0	0
410	0	0
420	0	0
430	0	0
440	0	0
450	0	0
460	0	0
470	0	0
480	0	0
490	0	0
500	0	0
510	0	0
520	0	0
530	0	0
540	0	0
550	0	0
560	0	0
570	0	0
580	0	0
590	0	0
600	0	0
610	0	0
620	0	0
630	0	0
640	0	0
650	0	0
660	0	0
670	0	0
680	0	0
690	0	0
700	0	0
710	0	0
720	0	0
730	0	0
740	0	0
750	0	0
760	0	0
770	0	0
780	0	0
790	0	0
800	0	0
810	0	0
820	0	0
830	0	0
840	0	0
850	0	0
860	0	0
870	0	0
880	0	0
890	0	0
900	0	0
910	0	0
920	0	0
930	0	0
940	0	0
950	0	0
960	0	0
970	0	0
980	0	0
990	0	0
1000	0	0
1010	0	0
1020	0	0
1030	0	0
1040	0	0
1050	0	0
1060	0	0
1070	0	0
1080	0	0
1090	0	0
1100	0	0
1110	0	0
1120	0	0
1130	0	0
1140	0	0
1150	0	0
1160	0	0
1170	0	0
1180	0	0
1190	0	0
1200	0	0
1210	0	0
1220	0	0
1230	0	0
1240	0	0
1250	0	0
1260	0	0
1270	0	0
1280	0	0
1290	0	0
1300	0	0
1310	0	0
1320	0	0
1330	0	0
1340	0	0
1350	0	0
1360	0	0
1370	0	0
1380	0	0
1390	0	0
1400	0	0
1410	0	0
1420	0	0
1430	0	0
1440	0	0
1450	0	0
1460	0	0
1470	0	0
1480	0	0
1490	0	0
1500	0	0
1510	0	0
1520	0	0
1530	0	0
1540	0	0
1550	0	0
1560	0	0
1570	0	0
1580	0	0
1590	0	0
1600	0	0
1610	0	0
1620	0	0
1630	0	0
1640	0	0
1650	0	0
1660	0	0
1670	0	0
1680	0	0
1690	0	0
1700	0	0
1710	0	0
1720	0	0
1730	0	0
1740	0	0
1750	0	0
4975
# a b m n rhoa k err ip iperr response residual
1	2	3	4	7.02690000000000e+02	6.28318530717959e+01	3.00000000000000e-02	0.00000000000000e+00	0.00000000000000e+00	6.58166571319811e+02	2.18192600272289e+00
3	5	4	2	5.88790000000000e+02	6.28318530717959e+01	3.00000000000000e-02	0.00000000000000e+00	0.00000000000000e+00	4.99290674328385e+02	5.49603812447899e+00
4	6	2	5	4.39780000000000e+02	6.28318530717959e+01	3.00000000000000e-02	0.00000000000000e+00	0.00000000000000e+00	4.40704041013198e+02	-6.99646489429107e-02
2	7	5	6	3.43680000000000e+02	6.28318530717959e+01	3.00000000000000e-02	0.00000000000000e+00	0.00000000000000e+00	3.98949904301831e+02	-4.97082879995740e+00
5	8	6	7	2.54100000000000e+02	6.28318530717959e+01	3.00000000000000e-02	0.00000000000000e+00	0.00000000000000e+00	2.57655493830081e+02	-4.63183568738786e-01
6	9	7	8	2.53440000000000e+02	6.28318530717959e+01	3.00000000000000e-02	0.00000000000000e+00	0.00000000000000e+00	2.48249975919368e+02	6.89696756744092e-01
7	10	8	9	2.52780000000000e+02	6.28318530717959e+01	3.00000000000000e-02	0.00000000000000e+00	0.00000000000000e+00	2.51287814160851e+02	1.97353101583738e-01
8	11	9	10	3.40920000000000e+02	6.28318530717959e+01	3.00000000000000e-02	0.00000000000000e+00	0.00000000000000e+00	3.64213556468620e+02	-2.20308478467839e+00
9	12	10	11	4.29050000000000e+02	6.28318530717959e+01	3.00000000000000e-02	0.00000000000000e+00	0.00000000000000e+00	4.33690843045540e+02	-3.58615826575133e-01
10	13	11	12	4.20810000000000e+02	6.28318530717959e+01	3.00000000000000e-02	0.00000000000000e+00	0.00000000000000e+00	4.00349642212156e+02	1.66143848563601e+00
11	14	12	13	3.80880000000000e+02	6.28318530717959e+01	3.00000000000000e-02	0.00000000000000e+00	0.00000000000000e+00	3.62624533058508e+02	1.63721367053207e+00
12	15	13	14	4.28320000000000e+02	6.28318530717959e+01	3.00000000000000e-02	0.00000000000000e+00	0.00000000000000e+00	4.09298610647581e+02	1.51418635797673e+00
13	16	14	15	3.91530000000000e+02	6.28318530717959e+01	3.00000000000000e-02	0.00000000000000e+00	0.00000000000000e+00	4.16236058197057e+02	-2.03968020217644e+00
14	17	15	16	3.86490000000000e+02	6.28318530717959e+01	3.00000000000000e-02	0.00000000000000e+00	0.00000000000000e+00	4.10542123616961e+02	-2.01241815149323e+00
15	18	16	17	5.44230000000000e+02	6.28318530717959e+01	3.00000000000000e-02	0.00000000000000e+00	0.00000000000000e+00	4.94938006435704e+02	3.16464788065351e+00
16	19	17	18	4.63910000000000e+02	6.28318530717959e+01	3.00000000000000e-02	0.00000000000000e+00	0.00000000000000e+00	4.41019783021169e+02	1.68669446653820e+00
17	20	18	19	3.86490000000000e+02	6.28318530717959e+01	3.00000000000000e-02	0.00000000000000e+00	0.00000000000000e+00	4.58667797458433e+02	-5.70734002465410e+00
18	21	19	20	4.33920000000000e+02	6.28318530717959e+01	3.00000000000000e-02	0.00000000000000e+00	0.00000000000000e+00	3.84225101418023e+02	4.05438676212870e+00
19	22	20	21	3.86490000000000e+02	6.28318530717959e+01	3.00000000000000e-02	0.00000000000000e+00	0.00000000000000e+00	3.43387551758852e+02	3.94154322131450e+00
20	23	21	22	2.26290000000000e+02	6.28318530717959e+01	3.00000000000000e-02	0.00000000000000e+00	0.00000000000000e+00	2.24145024961703e+02	3.17469576936850e-01
21	24	22	23	1.39620000000000e+02	6.28318530717959e+01	3.00000000000000e-02	0.00000000000000e+00	0.00000000000000e+00	1.47478653730872e+02	-1.82529994319781e+00
22	25	23	24	9.68000000000000e+01	6.28318530717959e+01	3.00000000000000e-02	0.00000000000000e+00	0.00000000000000e+00	9.66264039272104e+01	5.98319277594979e-02
23	26	24	25	8.67300000000000e+01	6.28318530717959e+01	3.00000000000000e-02	0.00000000000000e+00	0.00000000000000e+00	8.59318022978727e+01	3.08195318909910e-01
24	27	25	26	7.66600000000000e+01	6.28318530717959e+01	3.00000000000000e-02	0.00000000000000e+00	0.00000000000000e+00	8.39491474245167e+01	-3.02770559221151e+00
25	28	26	27	1.22680000000000e+02	6.28318530717959e+01	3.00000000000000e-02	0.00000000000000e+00	0.00000000000000e+00	1.24593485132719e+02	-5.15899316202291e-01
26	29	27	28	1.68690000000000e+02	6.28318530717959e+01	3.00000000000000e-02	0.00000000000000e+00	0.00000000000000e+00	1.72035087525849e+02	-6.54524742664453e-01
27	30	28	29	2.49340000000000e+02	6.28318530717959e+01	3.00000000000000e-02	0.00000000000000e+00	0.00000000000000e+00	2.55061866472223e+02	-7.56290081074429e-01
28	31	29	30	3.86440000000000e+02	6.28318530717959e+01	3.00000000000000e-02	0.00000000000000e+00	0.00000000000000e+00	3.63516270991072e+02	2.03841862221067e+00
29	32	30	31	5.23540000000000e+02	6.28318530717959e+01	3.00000000000000e-02	0.00000000000000e+00	0.00000000000000e+00	5.11993776752035e+02	7.43365533138067e-01
30	33	31	32	3.80600000000000e+02	6.28318530717959e+01	3.00000000000000e-02	0.00000000000000e+00	0.00000000000000e+00	4.02131465575389e+02	-1.83433696964039e+00
31	34	32	33	5.62950000000000e+02	6.28318530717959e+01	3.00000000000000e-02	0.00000000000000e+00	0.00000000000000e+00	5.59827968251681e+02	1.85375908865411e-01
32	35	33	34	5.25630000000000e+02	6.28318530717959e+01	3.00000000000000e-02	0.00000000000000e+00	0.00000000000000e+00	5.27871208696685e+02	-1.41826262072501e-01
33	36	34	35	4.74860000000000e+02	6.28318530717959e+01	3.00000000000000e-02	0.00000000000000e+00	0.00000000000000e+00	5.07985386836756e+02	-2.24775524487519e+00
34	37	35	36	6.18030000000000e+02	6.28318530717959e+01	3.00000000000000e-02	0.00000000000000e+00	0.00000000000000e+00	6.10791475993418e+02	3.92712740024000e-01
35	38	36	37	7.61200000000000e+02	6.28318530717959e+01	3.00000000000000e-02	0.00000000000000e+00	0.00000000000000e+00	7.61898832869145e+02	-3.05882062324810e-02
36	39	37	38	7.66780000000000e+02	6.28318530717959e+01	3.00000000000000e-02	0.00000000000000e+00	0.00000000000000e+00	7.55250930404742e+02	5.04995874287436e-01
37	40	38	39	6.71510000000000e+02	6.28318530717959e+01	3.00000000000000e-02	0.00000000000000e+00	0.00000000000000e+00	6.97619939494931e+02	-1.27151824309003e+00
38	41	39	40	7.78250000000000e+02	6.28318530717959e+01	3.00000000000000e-02	0.00000000000000e+00	0.00000000000000e+00	7.71564961528520e+02	2.87564649029282e-01
39	42	40	41	6.56980000000000e+02	6.28318530717959e+01	3.00000000000000e-02	0.00000000000000e+00	0.00000000000000e+00	6.13253638155768e+02	2.29583203060632e+00
40	43	41	42	5.35710000000000e+02	6.28318530717959e+01	3.00000000000000e-02	0.00000000000000e+00	0.00000000000000e+00	5.09331312882590e+02	1.68314185600694e+00
41	44	42	43	6.71990000000000e+02	6.28318530717959e+01	3.00000000000000e-02	0.00000000000000e+00	0.00000000000000e+00	5.92979918469159e+02	4.16943084457720e+00
42	45	43	44	5.08300000000000e+02	6.28318530717959e+01	3.00000000000000e-02	0.00000000000000e+00	0.00000000000000e+00	4.71769181494961e+02	2.48606602447066e+00
43	46	44	45	4.97000000000000e+02	6.28318530717959e+01	3.00000000000000e-02	0.00000000000000e+00	0.00000000000000e+00	4.79642676609188e+02	1.18495410488280e+00
44	47	45	46	4.41330000000000e+02	6.28318530717959e+01	3.00000000000000e-02	0.00000000000000e+00	0.00000000000000e+00	4.24862118438394e+02	1.26760686158279e+00
45	48	46	47	3.41450000000000e+02	6.28318530717959e+01	3.00000000000000e-02	0.00000000000000e+00	0.00000000000000e+00	3.28686091854930e+02	1.26993627374003e+00
46	49	47	48	2.95780000000000e+02	6.28318530717959e+01	3.00000000000000e-02	0.00000000000000e+00	0.00000000000000e+00	3.05449713287280e+02	-1.07230752333030e+00
47	50	48	49	2.50110000000000e+02	6.28318530717959e+01	3.00000000000000e-02	0.00000000000000e+00	0.00000000000000e+00	2.51865569944663e+02	-2.33155716126276e-01
48	51	49	50	2.41590000000000e+02	6.28318530717959e+01	3.00000000000000e-02	0.00000000000000e+00	0.00000000000000e+00	2.44871881612395e+02	-4.49768903271094e-01
49	52	50	51	2.33080000000000e+02	6.28318530717959e+01	3.00000000000000e-02	0.00000000000000e+00	0.00000000000000e+00	2.32420719745717e+02	9.44188579629450e-02
50	53	51	52	1.97170000000000e+02	6.28318530717959e+01	3.00000000000000e-02	0.00000000000000e+00	0.00000000000000e+00	1.87414707745453e+02	1.69141502955762e+00
51	54	52	53	1.61270000000000e+02	6.28318530717959e+01	3.00000000000000e-02	0.00000000000000e+00	0.00000000000000e+00	1.58145428735785e+02	6.52164475647421e-01
52	55	53	54	1.45040000000000e+02	6.28318530717959e+01	3.00000000000000e-02	0.00000000000000e+00	0.00000000000000e+00	1.50230426317256e+02	-1.17202414625046e+00
53	56	54	55	1.58800000000000e+02	6.28318530717959e+01	3.00000000000000e-02	0.00000000000000e+00	0.00000000000000e+00	1.66017799169697e+02	-1.48164859030914e+00
54	57	55	56	1.94860000000000e+02	6.28318530717959e+01	3.00000000000000e-02	0.00000000000000e+00	0.00000000000000e+00	1.99591805425098e+02	-7.99765201763621e-01
55	58	56	57	2.29270000000000e+02	6.28318530717959e+01	3.00000000000000e-02	0.00000000000000e+00	0.00000000000000e+00	2.19589747676724e+02	1.43797753809176e+00
56	59	57	58	2.63680000000000e+02	6.28318530717959e+01	3.00000000000000e-02	0.00000000000000e+00	0.00000000000000e+00	2.76860102329976e+02	-1.62586953825053e+00
57	60	58	59	2.65270000000000e+02	6.28318530717959e+01	3.00000000000000e-02	0.00000000000000e+00	0.00000000000000e+00	2.85786360499219e+02	-2.48321217347582e+00
58	61	59	60	2.70470000000000e+02	6.28318530717959e+01	3.00000000000000e-02	0.00000000000000e+00	0.00000000000000e+00	2.64528659698787e+02	7.40386224291060e-01
59	62	60	61	2.78790000000000e+02	6.28318530717959e+01	3.00000000000000e-02	0.00000000000000e+00	0.00000000000000e+00	2.83712725102331e+02	-5.83446155031690e-01
60	63	61	62	4.15540000000000e+02	6.28318530717959e+01	3.00000000000000e-02	0.00000000000000e+00	0.00000000000000e+00	4.09385306745921e+02	4.97403212004125e-01
61	64	62	63	5.02860000000000e+02	6.28318530717959e+01	3.00000000000000e-02	0.00000000000000e+00	0.00000000000000e+00	4.57309136816077e+02	3.16507303191284e+00
62	65	63	64	5.65660000000000e+02	6.28318530717959e+01	3.00000000000000e-02	0.00000000000000e+00	0.00000000000000e+00	5.49435060490737e+02	9.70086780120205e-01
63	66	64	65	5.48090000000000e+02	6.28318530717959e+01	3.00000000000000e-02	0.00000000000000e+00	0.00000000000000e+00	5.80659600130949e+02	-1.92417306454565e+00
64	67	65	66	6.15390000000000e+02	6.28318530717959e+01	3.00000000000000e-02	0.00000000000000e+00	0.00000000000000e+00	6.30925795913542e+02	-8.31068162085291e-01
65	68	66	67	6.11510000000000e+02	6.28318530717959e+01	3.00000000000000e-02	0.00000000000000e+00	0.00000000000000e+00	5.72649413173544e+02	2.18858743786529e+00
66	69	67	68	6.41480000000000e+02	6.28318530717959e+01	3.00000000000000e-02	0.00000000000000e+00	0.00000000000000e+00	5.99905997216596e+02	2.23350116681222e+00
67	70	68	69	6.16240000000000e+02	6.28318530717959e+01	3.00000000000000e-02	0.00000000000000e+00	0.00000000000000e+00	5.54406918744931e+02	3.52458568494128e+00
68	71	69	70	5.60280000000000e+02	6.28318530717959e+01	3.00000000000000e-02	0.00000000000000e+00	0.00000000000000e+00	5.01606827022355e+02	3.68733530178732e+00
69	72	70	71	3.75720000000000e+02	6.28318530717959e+01	3.00000000000000e-02	0.00000000000000e+00	0.00000000000000e+00	3.93079945664863e+02	-1.50562767128980e+00
70	73	71	72	2.72940000000000e+02	6.28318530717959e+01	3.00000000000000e-02	0.00000000000000e+00	0.00000000000000e+00	2.89020077575750e+02	-1.90813891566020e+00
71	74	72	73	2.42940000000000e+02	6.28318530717959e+01	3.00000000000000e-02	0.00000000000000e+00	0.00000000000000e+00	2.36626973051797e+02	8.77651715693754e-01
72	75	73	74	2.12930000000000e+02	6.28318530717959e+01	3.00000000000000e-02	0.00000000000000e+00	0.00000000000000e+00	2.23509281453461e+02	-1.61631559163468e+00
73	76	74	75	2.12560000000000e+02	6.28318530717959e+01	3.00000000000000e-02	0.00000000000000e+00	0.00000000000000e+00	2.48635081401374e+02	-5.22539945078095e+00
74	77	75	76	2.82090000000000e+02	6.28318530717959e+01	3.00000000000000e-02	0.00000000000000e+00	0.00000000000000e+00	3.37654696281350e+02	-5.99325318976929e+00
75	78	76	77	3.74060000000000e+02	6.28318530717959e+01	3.00000000000000e-02	0.00000000000000e+00	0.00000000000000e+00	3.05194206735259e+02	6.78226316627377e+00
76	79	77	78	3.19160000000000e+02	6.28318530717959e+01	3.00000000000000e-02	0.00000000000000e+00	0.00000000000000e+00	2.80112717842590e+02	4.35001528514431e+00
77	80	78	79	2.64260000000000e+02	6.28318530717959e+01	3.00000000000000e-02	0.00000000000000e+00	0.00000000000000e+00	2.27136841094276e+02	5.04602689754433e+00
78	81	79	80	3.29820000000000e+02	6.28318530717959e+01	3.00000000000000e-02	0.00000000000000e+00	0.00000000000000e+00	2.64364496130723e+02	7.37394110123327e+00
79	82	80	81	3.61960000000000e+02	6.28318530717959e+01	3.00000000000000e-02	0.00000000000000e+00	0.00000000000000e+00	3.14172781930478e+02	4.71968709958729e+00
80	83	81	82	2.45010000000000e+02	6.28318530717959e+01	3.00000000000000e-02	0.00000000000000e+00	0.00000000000000e+00	3.07729478265491e+02	-7.59740178895951e+00
81	84	82	83	2.45340000000000e+02	6.28318530717959e+01	3.00000000000000e-02	0.00000000000000e+00	0.00000000000000e+00	2.67823441829549e+02	-2.92276535530887e+00
82	85	83	84	2.01330000000000e+02	6.28318530717959e+01	3.00000000000000e-02	0.00000000000000e+00	0.00000000000000e+00	2.15070028252334e+02	-2.20061116860194e+00
83	86	84	85	2.97330000000000e+02	6.28318530717959e+01	3.00000000000000e-02	0.00000000000000e+00	0.00000000000000e+00	2.99618128460013e+02	-2.55537520143267e-01
84	87	85	86	4.42440000000000e+02	6.28318530717959e+01	3.00000000000000e-02	0.00000000000000e+00	0.00000000000000e+00	4.36407159236211e+02	4.57640099793988e-01
85	88	86	87	4.31480000000000e+02	6.28318530717959e+01	3.00000000000000e-02	0.00000000000000e+00	0.00000000000000e+00	4.03926516370782e+02	2.19960627538116e+00
86	89	87	88	5.02750000000000e+02	6.28318530717959e+01	3.00000000000000e-02	0.00000000000000e+00	0.00000000000000e+00	4.85432905556274e+02	1.16839823533098e+00
87	90	88	89	4.39310000000000e+02	6.28318530717959e+01	3.00000000000000e-02	0.00000000000000e+00	0.00000000000000e+00	4.47166771789505e+02	-5.90876735800272e-01
88	91	89	90	4.34770000000000e+02	6.28318530717959e+01	3.00000000000000e-02	0.00000000000000e+00	0.00000000000000e+00	4.88873720266449e+02	-3.90956865781839e+00
89	92	90	91	4.46100000000000e+02	6.28318530717959e+01	3.00000000000000e-02	0.00000000000000e+00	0.00000000000000e+00	4.78702740485324e+02	-2.35122263656938e+00
90	93	91	92	5.78200000000000e+02	6.28318530717959e+01	3.00000000000000e-02	0.00000000000000e+00	0.00000000000000e+00	4.91019042829118e+02	5.44789729245909e+00
91	94	92	93	6.80930000000000e+02	6.28318530717959e+01	3.00000000000000e-02	0.00000000000000e+00	0.00000000000000e+00	5.58406165605274e+02	6.61243059692150e+00
92	95	93	94	5.30180000000000e+02	6.28318530717959e+01	3.00000000000000e-02	0.00000000000000e+00	0.00000000000000e+00	5.78527330506255e+02	-2.90897392444750e+00
93	96	94	95	3.79430000000000e+02	6.28318530717959e+01	3.00000000000000e-02	0.00000000000000e+00	0.00000000000000e+00	4.05750606104506e+02	-2.23561911958274e+00
94	97	95	96	5.63980000000000e+02	6.28318530717959e+01	3.00000000000000e-02	0.00000000000000e+00	0.00000000000000e+00	5.31096004851736e+02	2.00253282931306e+00
95	98	96	97	4.96950000000000e+02	6.28318530717959e+01	3.00000000000000e-02	0.00000000000000e+00	0.00000000000000e+00	4.28344028604731e+02	4.95209131864428e+00
96	99	97	98	5.68830000000000e+02	6.28318530717959e+01	3.00000000000000e-02	0.00000000000000e+00	0.00000000000000e+00	5.15934786189413e+02	3.25337485245196e+00
97	100	98	99	5.26740000000000e+02	6.28318530717959e+01	3.00000000000000e-02	0.00000000000000e+00	0.00000000000000e+00	5.60716518854906e+02	-2.08361318860873e+00
98	101	99	100	5.35740000000000e+02	6.28318530717959e+01	3.00000000000000e-02	0.00000000000000e+00	0.00000000000000e+00	5.55528303180142e+02	-1.20901966146313e+00
99	102	100	101	6.05270000000000e+02	6.28318530717959e+01	3.00000000000000e-02	0.00000000000000e+00	0.00000000000000e+00	5.77051224874221e+02	1.59145329854464e+00
100	103	101	102	5.20710000000000e+02	6.28318530717959e+01	3.00000000000000e-02	0.00000000000000e+00	0.00000000000000e+00	4.91308145411933e+02	1.93739155199933e+00
101	104	102	103	4.59180000000000e+02	6.28318530717959e+01	3.00000000000000e-02	0.00000000000000e+00	0.00000000000000e+00	4.27910297949176e+02	2.35095668882762e+00
102	105	103	104	6.44160000000000e+02	6.28318530717959e+01	3.00000000000000e-02	0.00000000000000e+00	0.00000000000000e+00	5.64165818855866e+02	4.41996430335981e+00
103	106	104	105	4.99530000000000e+02	6.28318530717959e+01	3.00000000000000e-02	0.00000000000000e+00	0.00000000000000e+00	5.74427576305175e+02	-4.65687897081099e+00
104	107	105	106	5.57100000000000e+02	6.28318530717959e+01	3.00000000000000e-02	0.00000000000000e+00	0.00000000000000e+00	5.60830261221985e+02	-2.22451268243695e-01
105	108	106	107	6.14660000000000e+02	6.28318530717959e+01	3.00000000000000e-02	0.00000000000000e+00	0.00000000000000e+00	6.21016643859219e+02	-3.42953795911990e-01
106	109	107	108	6.03980000000000e+02	6.28318530717959e+01	3.00000000000000e-02	0.00000000000000e+00	0.00000000000000e+00	5.97034703740914e+02	3.85528096046883e-01
107	110	108	109	6.15750000000000e+02	6.28318530717959e+01	3.00000000000000e-02	0.00000000000000e+00	0.00000000000000e+00	6.44475177150297e+02	-1.51984232473570e+00
108	111	109	110	6.64130000000000e+02	6.28318530717959e+01	3.00000000000000e-02	0.00000000000000e+00	0.00000000000000e+00	6.95805029708571e+02	-1.55305259719153e+00
109	112	110	111	6.74210000000000e+02	6.28318530717959e+01	3.00000000000000e-02	0.00000000000000e+00	0.00000000000000e+00	6.54437739241937e+02	9.92172715582917e-01
110	113	111	112	8.39340000000000e+02	6.28318530717959e+01	3.00000000000000e-02	0.00000000000000e+00	0.00000000000000e+00	7.94502569647389e+02	1.82998828166131e+00
111	114	112	113	7.67590000000000e+02	6.28318530717959e+01	3.00000000000000e-02	0.00000000000000e+00	0.00000000000000e+00	7.38120835329923e+02	1.30493972410492e+00
112	115	113	114	9.02860000000000e+02	6.28318530717959e+01	3.00000000000000e-02	0.00000000000000e+00	0.00000000000000e+00	8.48934861297024e+02	2.05283477671368e+00
113	116	114	115	8.56250000000000e+02	6.28318530717959e+01	3.00000000000000e-02	0.00000000000000e+00	0.00000000000000e+00	7.96918150366722e+02	2.39368044052890e+00
114	117	115	116	8.52680000000000e+02	6.28318530717959e+01	3.00000000000000e-02	0.00000000000000e+00	0.00000000000000e+00	8.47737543893837e+02	1.93774760111036e-01
115	118	116	117	5.88830000000000e+02	6.28318530717959e+01	3.00000000000000e-02	0.00000000000000e+00	0.00000000000000e+00	6.01027434098223e+02	-6.83435456924790e-01
116	119	117	118	7.56150000000000e+02	6.28318530717959e+01	3.00000000000000e-02	0.00000000000000e+00	0.00000000000000e+00	7.39211010722875e+02	7.55211784059225e-01
117	120	118	119	5.58030000000000e+02	6.28318530717959e+01	3.00000000000000e-02	0.00000000000000e+00	0.00000000000000e+00	5.64109521880058e+02	-3.61189866656394e-01
118	121	119	120	5.04720000000000e+02	6.28318530717959e+01	3.00000000000000e-02	0.00000000000000e+00	0.00000000000000e+00	5.14865304303221e+02	-6.63383378334093e-01
119	122	120	121	5.90060000000000e+02	6.28318530717959e+01	3.00000000000000e-02	0.00000000000000e+00	0.00000000000000e+00	6.07233240377033e+02	-9.56291388084581e-01
120	123	121	122	5.06940000000000e+02	6.28318530717959e+01	3.00000000000000e-02	0.00000000000000e+00	0.00000000000000e+00	5.47187206995154e+02	-2.54661112043051e+00
121	124	122	123	6.32820000000000e+02	6.28318530717959e+01	3.00000000000000e-02	0.00000000000000e+00	0.00000000000000e+00	6.60345234236018e+02	-1.41922529732952e+00
122	125	123	124	9.12630000000000e+02	6.28318530717959e+01	3.00000000000000e-02	0.00000000000000e+00	0.00000000000000e+00	8.52697665237469e+02	2.26418311335153e+00
123	126	124	125	8.24960000000000e+02	6.28318530717959e+01	3.00000000000000e-02	0.00000000000000e+00	0.00000000000000e+00	7.88699770087870e+02	1.49830571381913e+00
124	127	125	126	9.00840000000000e+02	6.28318530717959e+01	3.00000000000000e-02	0.00000000000000e+00	0.00000000000000e+00	7.95523049597522e+02	4.14426130112219e+00
125	128	126	127	9.82510000000000e+02	6.28318530717959e+01	3.00000000000000e-02	0.00000000000000e+00	0.00000000000000e+00	9.03070527598763e+02	2.81032892628333e+00
126	129	127	128	7.04700000000000e+02	6.28318530717959e+01	3.00000000000000e-02	0.00000000000000e+00	0.00000000000000e+00	6.88868435452491e+02	7.57395918299123e-01
127	130	128	129	5.79070000000000e+02	6.28318530717959e+01	3.00000000000000e-02	0.00000000000000e+00	0.00000000000000e+00	5.57941739634717e+02	1.23896068973588e+00
128	131	129	130	4.54070000000000e+02	6.28318530717959e+01	3.00000000000000e-02	0.00000000000000e+00	0.00000000000000e+00	4.43049990785394e+02	8.18958716096437e-01
129	132	130	131	4.09670000000000e+02	6.28318530717959e+01	3.00000000000000e-02	0.00000000000000e+00	0.00000000000000e+00	4.11416876133179e+02	-1.41834668137915e-01
130	133	131	132	3.93480000000000e+02	6.28318530717959e+01	3.00000000000000e-02	0.00000000000000e+00	0.00000000000000e+00	3.96401833172624e+02	-2.46606211770513e-01
131	134	132	133	4.18780000000000e+02	6.28318530717959e+01	3.00000000000000e-02	0.00000000000000e+00	0.00000000000000e+00	4.48277334047158e+02	-2.26887892437665e+00
132	135	133	134	4.15540000000000e+02	6.28318530717959e+01	3.00000000000000e-02	0.00000000000000e+00	0.00000000000000e+00	4.27949255228345e+02	-9.80858226182176e-01
133	136	134	135	4.13430000000000e+02	6.28318530717959e+01	3.00000000000000e-02	0.00000000000000e+00	0.00000000000000e+00	3.99707465569393e+02	1.12517566934619e+00
134	137	135	136	3.32240000000000e+02	6.28318530717959e+01	3.00000000000000e-02	0.00000000000000e+00	0.00000000000000e+00	3.56831298919617e+02	-2.38018395744482e+00
135	138	136	137	3.55890000000000e+02	6.28318530717959e+01	3.00000000000000e-02	0.00000000000000e+00	0.00000000000000e+00	3.88356187711090e+02	-2.91004112445800e+00
136	139	137	138	3.79530000000000e+02	6.28318530717959e+01	3.00000000000000e-02	0.00000000000000e+00	0.00000000000000e+00	3.70957114571641e+02	7.61572777176382e-01
137	140	138	139	5.01440000000000e+02	6.28318530717959e+01	3.00000000000000e-02	0.00000000000000e+00	0.00000000000000e+00	4.38118078457356e+02	4.49984998679266e+00
138	141	139	140	4.51310000000000e+02	6.28318530717959e+01	3.00000000000000e-02	0.00000000000000e+00	0.00000000000000e+00	4.26463953890578e+02	1.88755391733621e+00
139	142	140	141	3.94770000000000e+02	6.28318530717959e+01	3.00000000000000e-02	0.00000000000000e+00	0.00000000000000e+00	4.19265219432082e+02	-2.00667949271841e+00
140	143	141	142	2.87160000000000e+02	6.28318530717959e+01	3.00000000000000e-02	0.00000000000000e+00	0.00000000000000e+00	2.99569279606408e+02	-1.41020522160179e+00
141	144	142	143	3.33220000000000e+02	6.28318530717959e+01	3.00000000000000e-02	0.00000000000000e+00	0.00000000000000e+00	3.21046180852473e+02	1.24059847115128e+00
142	145	143	144	2.67320000000000e+02	6.28318530717959e+01	3.00000000000000e-02	0.00000000000000e+00	0.00000000000000e+00	2.71775903564625e+02	-5.51046670687653e-01
143	146	144	145	3.53260000000000e+02	6.28318530717959e+01	3.00000000000000e-02	0.00000000000000e+00	0.00000000000000e+00	3.64969885259777e+02	-1.08701714379261e+00
144	147	145	146	3.01570000000000e+02	6.28318530717959e+01	3.00000000000000e-02	0.00000000000000e+00	0.00000000000000e+00	2.98872443961302e+02	2.99509604939570e-01
145	148	146	147	3.41400000000000e+02	6.28318530717959e+01	3.00000000000000e-02	0.00000000000000e+00	0.00000000000000e+00	3.21409215073167e+02	2.01132286009464e+00
146	149	147	148	2.30720000000000e+02	6.28318530717959e+01	3.00000000000000e-02	0.00000000000000e+00	0.00000000000000e+00	2.28655375575261e+02	2.99629806956444e-01
147	150	148	149	2.11620000000000e+02	6.28318530717959e+01	3.00000000000000e-02	0.00000000000000e+00	0.00000000000000e+00	2.30667366856720e+02	-2.87281629916490e+00
148	151	149	150	1.92530000000000e+02	6.28318530717959e+01	3.00000000000000e-02	0.00000000000000e+00	0.00000000000000e+00	2.03217980327285e+02	-1.80090706370214e+00
149	152	150	151	1.83190000000000e+02	6.28318530717959e+01	3.00000000000000e-02	0.00000000000000e+00	0.00000000000000e+00	1.82647472268535e+02	9.88650553506017e-02
150	153	151	152	2.74060000000000e+02	6.28318530717959e+01	3.00000000000000e-02	0.00000000000000e+00	0.00000000000000e+00	2.73804694628044e+02	3.10667205413099e-02
151	154	152	153	3.43980000000000e+02	6.28318530717959e+01	3.00000000000000e-02	0.00000000000000e+00	0.00000000000000e+00	3.81360497855641e+02	-3.43872000738574e+00
152	155	153	154	4.93350000000000e+02	6.28318530717959e+01	3.00000000000000e-02	0.00000000000000e+00	0.00000000000000e+00	4.90582665892611e+02	1.87502085603815e-01
153	156	154	155	6.42710000000000e+02	6.28318530717959e+01	3.00000000000000e-02	0.00000000000000e+00	0.00000000000000e+00	5.45910308751651e+02	5.44129730165359e+00
154	157	155	156	4.85840000000000e+02	6.28318530717959e+01	3.00000000000000e-02	0.00000000000000e+00	0.00000000000000e+00	4.49656036767749e+02	2.57988079458110e+00
155	158	156	157	7.27740000000000e+02	6.28318530717959e+01	3.00000000000000e-02	0.00000000000000e+00	0.00000000000000e+00	6.12141968912824e+02	5.76598701969626e+00
156	159	157	158	5.62700000000000e+02	6.28318530717959e+01	3.00000000000000e-02	0.00000000000000e+00	0.00000000000000e+00	4.80113552097301e+02	5.29079945484829e+00
157	160	158	159	6.36490000000000e+02	6.28318530717959e+01	3.00000000000000e-02	0.00000000000000e+00	0.00000000000000e+00	6.16538497896956e+02	1.06159801336195e+00
158	161	159	160	4.39980000000000e+02	6.28318530717959e+01	3.00000000000000e-02	0.00000000000000e+00	0.00000000000000e+00	4.86898210352548e+02	-3.37752720842100e+00
159	162	160	161	4.91160000000000e+02	6.28318530717959e+01	3.00000000000000e-02	0.00000000000000e+00	0.00000000000000e+00	4.44646648182796e+02	3.31633408591371e+00
160	163	161	162	5.42350000000000e+02	6.28318530717959e+01	3.00000000000000e-02	0.00000000000000e+00	0.00000000000000e+00	4.97988648597953e+02	2.84447555671248e+00
161	164	162	163	4.03690000000000e+02	6.28318530717959e+01	3.00000000000000e-02	0.00000000000000e+00	0.00000000000000e+00	4.07751693448733e+02	-3.33704598810947e-01
162	165	163	164	5.40350000000000e+02	6.28318530717959e+01	3.00000000000000e-02	0.00000000000000e+00	0.00000000000000e+00	5.89748934841130e+02	-2.91599448058856e+00
163	166	164	165	5.82210000000000e+02	6.28318530717959e+01	3.00000000000000e-02	0.00000000000000e+00	0.00000000000000e+00	5.63569415131607e+02	1.08468986057900e+00
164	167	165	166	6.06290000000000e+02	6.28318530717959e+01	3.00000000000000e-02	0.00000000000000e+00	0.00000000000000e+00	6.11916952735750e+02	-3.07938523456948e-01
165	168	166	167	5.81120000000000e+02	6.28318530717959e+01	3.00000000000000e-02	0.00000000000000e+00	0.00000000000000e+00	6.07909779417299e+02	-1.50230686220851e+00
166	169	167	168	6.63560000000000e+02	6.28318530717959e+01	3.00000000000000e-02	0.00000000000000e+00	0.00000000000000e+00	6.43557238860939e+02	1.02027689549322e+00
167	170	168	169	7.33370000000000e+02	6.28318530717959e+01	3.00000000000000e-02	0.00000000000000e+00	0.00000000000000e+00	7.27343773678779e+02	2.75037250921913e-01
168	171	169	170	7.42360000000000e+02	6.28318530717959e+01	3.00000000000000e-02	0.00000000000000e+00	0.00000000000000e+00	7.13194448027168e+02	1.33600664486559e+00
169	172	170	171	9.47020000000000e+02	6.28318530717959e+01	3.00000000000000e-02	0.00000000000000e+00	0.00000000000000e+00	8.64011736475086e+02	3.05779532307510e+00
170	173	171	172	7.87450000000000e+02	6.28318530717959e+01	3.00000000000000e-02	0.00000000000000e+00	0.00000000000000e+00	7.59140421598521e+02	1.22043692144181e+00
171	174	172	173	6.65060000000000e+02	6.28318530717959e+01	3.00000000000000e-02	0.00000000000000e+00	0.00000000000000e+00	6.65227949866485e+02	-8.41671746805162e-03
172	175	173	174	7.92020000000000e+02	6.28318530717959e+01	3.00000000000000e-02	0.00000000000000e+00	0.00000000000000e+00	8.05895692594545e+02	-5.78922548556982e-01
173	176	174	175	5.95310000000000e+02	6.28318530717959e+01	3.00000000000000e-02	0.00000000000000e+00	0.00000000000000e+00	5.76343707857864e+02	1.07926935026515e+00
1	7	4	5	4.45730000000000e+02	1.25663706143592e+02	3.00000000000000e-02	0.00000000000000e+00	0.00000000000000e+00	4.73567547127737e+02	-2.01937232945741e+00
3	8	2	6	4.53890000000000e+02	1.25663706143592e+02	3.00000000000000e-02	0.00000000000000e+00	0.00000000000000e+00	4.40351555436689e+02	1.00938268054840e+00
4	9	5	7	3.30530000000000e+02	1.25663706143592e+02	3.00000000000000e-02	0.00000000000000e+00	0.00000000000000e+00	3.15064528827103e+02	1.59733184883617e+00
2	10	6	8	2.72010000000000e+02	1.25663706143592e+02	3.00000000000000e-02	0.00000000000000e+00	0.00000000000000e+00	2.45276023539625e+02	3.44848757521940e+00
5	11	7	9	2.13490000000000e+02	1.25663706143592e+02	3.00000000000000e-02	0.00000000000000e+00	0.00000000000000e+00	2.29888628853803e+02	-2.46683253702269e+00
6	12	8	10	2.63820000000000e+02	1.25663706143592e+02	3.00000000000000e-02	0.00000000000000e+00	0.00000000000000e+00	2.47255481273990e+02	2.16149710697398e+00
7	13	9	11	3.62010000000000e+02	1.25663706143592e+02	3.00000000000000e-02	0.00000000000000e+00	0.00000000000000e+00	3.20659117528585e+02	4.04310720145965e+00
8	14	10	12	3.29570000000000e+02	1.25663706143592e+02	3.00000000000000e-02	0.00000000000000e+00	0.00000000000000e+00	3.30039039234101e+02	-4.74057899207736e-02
9	15	11	13	2.67010000000000e+02	1.25663706143592e+02	3.00000000000000e-02	0.00000000000000e+00	0.00000000000000e+00	2.90275289234380e+02	-2.78478783484042e+00
10	16	12	14	3.20220000000000e+02	1.25663706143592e+02	3.00000000000000e-02	0.00000000000000e+00	0.00000000000000e+00	2.75275151123443e+02	5.04123708612013e+00
11	17	13	15	3.73430000000000e+02	1.25663706143592e+02	3.00000000000000e-02	0.00000000000000e+00	0.00000000000000e+00	3.50634341192953e+02	2.09955510685441e+00
12	18	14	16	4.18740000000000e+02	1.25663706143592e+02	3.00000000000000e-02	0.00000000000000e+00	0.00000000000000e+00	3.89581419319086e+02	2.40591077707144e+00
13	19	15	17	4.39300000000000e+02	1.25663706143592e+02	3.00000000000000e-02	0.00000000000000e+00	0.00000000000000e+00	3.86903990490207e+02	4.23353251063772e+00
14	20	16	18	3.10590000000000e+02	1.25663706143592e+02	3.00000000000000e-02	0.00000000000000e+00	0.00000000000000e+00	3.38842078362938e+02	-2.90201462858398e+00
15	21	17	19	4.44260000000000e+02	1.25663706143592e+02	3.00000000000000e-02	0.00000000000000e+00	0.00000000000000e+00	3.74375673806108e+02	5.70500693151334e+00
16	22	18	20	4.10680000000000e+02	1.25663706143592e+02	3.00000000000000e-02	0.00000000000000e+00	0.00000000000000e+00	3.55390989824504e+02	4.81985864139200e+00
17	23	19	21	3.77110000000000e+02	1.25663706143592e+02	3.00000000000000e-02	0.00000000000000e+00	0.00000000000000e+00	2.97140719288044e+02	7.94436977223943e+00
18	24	20	22	2.40040000000000e+02	1.25663706143592e+02	3.00000000000000e-02	0.00000000000000e+00	0.00000000000000e+00	2.26883438540907e+02	1.87897257077451e+00
19	25	21	23	1.71500000000000e+02	1.25663706143592e+02	3.00000000000000e-02	0.00000000000000e+00	0.00000000000000e+00	2.28929848848968e+02	-9.62774510378142e+00
20	26	22	24	1.42420000000000e+02	1.25663706143592e+02	3.00000000000000e-02	0.00000000000000e+00	0.00000000000000e+00	1.37781910844919e+02	1.10361198910297e+00
21	27	23	25	1.13340000000000e+02	1.25663706143592e+02	3.00000000000000e-02	0.00000000000000e+00	0.00000000000000e+00	1.14103243774508e+02	-2.23717831563105e-01
22	28	24	26	1.35100000000000e+02	1.25663706143592e+02	3.00000000000000e-02	0.00000000000000e+00	0.00000000000000e+00	1.26635243873190e+02	2.15681287915957e+00
23	29	25	27	1.24620000000000e+02	1.25663706143592e+02	3.00000000000000e-02	0.00000000000000e+00	0.00000000000000e+00	1.18053905480561e+02	1.80425869524141e+00
24	30	26	28	1.54730000000000e+02	1.25663706143592e+02	3.00000000000000e-02	0.00000000000000e+00	0.00000000000000e+00	1.47562612696953e+02	1.58096946442038e+00
25	31	27	29	1.84780000000000e+02	1.25663706143592e+02	3.00000000000000e-02	0.00000000000000e+00	0.00000000000000e+00	1.72692901547131e+02	2.25503489102360e+00
26	32	28	30	2.64270000000000e+02	1.25663706143592e+02	3.00000000000000e-02	0.00000000000000e+00	0.00000000000000e+00	2.46775783422431e+02	2.28303809494295e+00
27	33	29	31	3.23700000000000e+02	1.25663706143592e+02	3.00000000000000e-02	0.00000000000000e+00	0.00000000000000e+00	3.01775836255185e+02	2.33775610757891e+00
28	34	30	32	2.69750000000000e+02	1.25663706143592e+02	3.00000000000000e-02	0.00000000000000e+00	0.00000000000000e+00	2.77257439349116e+02	-9.15028479035810e-01
29	35	31	33	2.08140000000000e+02	1.25663706143592e+02	3.00000000000000e-02	0.00000000000000e+00	0.00000000000000e+00	2.07825568832904e+02	5.03937906633685e-02
30	36	32	34	3.07070000000000e+02	1.25663706143592e+02	3.00000000000000e-02	0.00000000000000e+00	0.00000000000000e+00	3.02751312158295e+02	4.72133935674623e-01
31	37	33	35	3.68310000000000e+02	1.25663706143592e+02	3.00000000000000e-02	0.00000000000000e+00	0.00000000000000e+00	3.64927854190485e+02	3.07510018924203e-01
32	38	34	36	4.46140000000000e+02	1.25663706143592e+02	3.00000000000000e-02	0.00000000000000e+00	0.00000000000000e+00	3.88545646402361e+02	4.60740490818790e+00
33	39	35	37	5.23970000000000e+02	1.25663706143592e+02	3.00000000000000e-02	0.00000000000000e+00	0.00000000000000e+00	5.30307517545575e+02	-4.00754309766782e-01
34	40	36	38	5.06270000000000e+02	1.25663706143592e+02	3.00000000000000e-02	0.00000000000000e+00	0.00000000000000e+00	5.87683164510504e+02	-4.97059476648939e+00
35	41	37	39	4.88570000000000e+02	1.25663706143592e+02	3.00000000000000e-02	0.00000000000000e+00	0.00000000000000e+00	4.35348495949801e+02	3.84453021862440e+00
36	42	38	40	4.45430000000000e+02	1.25663706143592e+02	3.00000000000000e-02	0.00000000000000e+00	0.00000000000000e+00	4.53132041493663e+02	-5.71448586497425e-01
37	43	39	41	5.10400000000000e+02	1.25663706143592e+02	3.00000000000000e-02	0.00000000000000e+00	0.00000000000000e+00	4.93473191098415e+02	1.12420662160053e+00
38	44	40	42	5.42260000000000e+02	1.25663706143592e+02	3.00000000000000e-02	0.00000000000000e+00	0.00000000000000e+00	4.67105371539697e+02	4.97302413364447e+00
39	45	41	43	4.40150000000000e+02	1.25663706143592e+02	3.00000000000000e-02	0.00000000000000e+00	0.00000000000000e+00	4.33752892060306e+02	4.88019303129406e-01
40	46	42	44	5.03840000000000e+02	1.25663706143592e+02	3.00000000000000e-02	0.00000000000000e+00	0.00000000000000e+00	4.78160175747522e+02	1.74376617623908e+00
41	47	43	45	4.51420000000000e+02	1.25663706143592e+02	3.00000000000000e-02	0.00000000000000e+00	0.00000000000000e+00	4.34227851540731e+02	1.29429233730942e+00
42	48	44	46	3.11620000000000e+02	1.25663706143592e+02	3.00000000000000e-02	0.00000000000000e+00	0.00000000000000e+00	3.47287942068453e+02	-3.61232477641048e+00
43	49	45	47	2.89680000000000e+02	1.25663706143592e+02	3.00000000000000e-02	0.00000000000000e+00	0.00000000000000e+00	3.00566681254862e+02	-1.22975883053347e+00
44	50	46	48	2.31110000000000e+02	1.25663706143592e+02	3.00000000000000e-02	0.00000000000000e+00	0.00000000000000e+00	2.46804578318090e+02	-2.19010183084964e+00
45	51	47	49	2.93640000000000e+02	1.25663706143592e+02	3.00000000000000e-02	0.00000000000000e+00	0.00000000000000e+00	2.91368871619066e+02	2.58815424408236e-01
46	52	48	50	2.19270000000000e+02	1.25663706143592e+02	3.00000000000000e-02	0.00000000000000e+00	0.00000000000000e+00	2.35378024586181e+02	-2.36296632694678e+00
47	53	49	51	2.35800000000000e+02	1.25663706143592e+02	3.00000000000000e-02	0.00000000000000e+00	0.00000000000000e+00	2.30890461802137e+02	7.01352712616021e-01
48	54	50	52	1.79130000000000e+02	1.25663706143592e+02	3.00000000000000e-02	0.00000000000000e+00	0.00000000000000e+00	1.90136898048839e+02	-1.98775098443094e+00
49	55	51	53	1.22460000000000e+02	1.25663706143592e+02	3.00000000000000e-02	0.00000000000000e+00	0.00000000000000e+00	1.29003731039835e+02	-1.73522935610079e+00
50	56	52	54	8.88000000000000e+01	1.25663706143592e+02	3.00000000000000e-02	0.00000000000000e+00	0.00000000000000e+00	9.81790575557240e+01	-3.34687598128234e+00
51	57	53	55	1.30360000000000e+02	1.25663706143592e+02	3.00000000000000e-02	0.00000000000000e+00	0.00000000000000e+00	1.32302518364586e+02	-4.93041740934016e-01
52	58	54	56	1.52340000000000e+02	1.25663706143592e+02	3.00000000000000e-02	0.00000000000000e+00	0.00000000000000e+00	1.35508501342322e+02	3.90268286864165e+00
53	59	55	57	1.36670000000000e+02	1.25663706143592e+02	3.00000000000000e-02	0.00000000000000e+00	0.00000000000000e+00	1.19781186343950e+02	4.39675432772907e+00
54	60	56	58	1.76900000000000e+02	1.25663706143592e+02	3.00000000000000e-02	0.00000000000000e+00	0.00000000000000e+00	1.77031409626410e+02	-2.47523727054796e-02
55	61	57	59	2.12120000000000e+02	1.25663706143592e+02	3.00000000000000e-02	0.00000000000000e+00	0.00000000000000e+00	2.29603778824506e+02	-2.64009901119773e+00
56	62	58	60	2.03650000000000e+02	1.25663706143592e+02	3.00000000000000e-02	0.00000000000000e+00	0.00000000000000e+00	2.03695608212836e+02	-7.46429438252723e-03
57	63	59	61	2.23300000000000e+02	1.25663706143592e+02	3.00000000000000e-02	0.00000000000000e+00	0.00000000000000e+00	2.23041224964608e+02	3.86513053112362e-02
58	64	60	62	3.02720000000000e+02	1.25663706143592e+02	3.00000000000000e-02	0.00000000000000e+00	0.00000000000000e+00	2.91180124306129e+02	1.29554087712206e+00
59	65	61	63	3.02220000000000e+02	1.25663706143592e+02	3.00000000000000e-02	0.00000000000000e+00	0.00000000000000e+00	3.14418206893901e+02	-1.31895799535323e+00
60	66	62	64	2.81380000000000e+02	1.25663706143592e+02	3.00000000000000e-02	0.00000000000000e+00	0.00000000000000e+00	3.06908811567786e+02	-2.89482012639812e+00
61	67	63	65	3.68780000000000e+02	1.25663706143592e+02	3.00000000000000e-02	0.00000000000000e+00	0.00000000000000e+00	4.34189229405871e+02	-5.44267304178332e+00
62	68	64	66	5.32850000000000e+02	1.25663706143592e+02	3.00000000000000e-02	0.00000000000000e+00	0.00000000000000e+00	5.26389127648560e+02	4.06641101074268e-01
63	69	65	67	4.28080000000000e+02	1.25663706143592e+02	3.00000000000000e-02	0.00000000000000e+00	0.00000000000000e+00	4.27264485385270e+02	6.35622937716759e-02
64	70	66	68	3.23300000000000e+02	1.25663706143592e+02	3.00000000000000e-02	0.00000000000000e+00	0.00000000000000e+00	3.10171088679653e+02	1.38188801752654e+00
65	71	67	69	3.62430000000000e+02	1.25663706143592e+02	3.00000000000000e-02	0.00000000000000e+00	0.00000000000000e+00	3.07000233753521e+02	5.53276144001854e+00
66	72	68	70	4.01560000000000e+02	1.25663706143592e+02	3.00000000000000e-02	0.00000000000000e+00	0.00000000000000e+00	3.83215876091438e+02	1.55861620945279e+00
67	73	69	71	3.56880000000000e+02	1.25663706143592e+02	3.00000000000000e-02	0.00000000000000e+00	0.00000000000000e+00	3.89560457590815e+02	-2.92064936357699e+00
68	74	70	72	2.71000000000000e+02	1.25663706143592e+02	3.00000000000000e-02	0.00000000000000e+00	0.00000000000000e+00	2.93252051466788e+02	-2.63045540845278e+00
69	75	71	73	1.85110000000000e+02	1.25663706143592e+02	3.00000000000000e-02	0.00000000000000e+00	0.00000000000000e+00	2.13704009671039e+02	-4.78805607538089e+00
70	76	72	74	2.09120000000000e+02	1.25663706143592e+02	3.00000000000000e-02	0.00000000000000e+00	0.00000000000000e+00	2.21258465650651e+02	-1.88077653693079e+00
71	77	73	75	2.42790000000000e+02	1.25663706143592e+02	3.00000000000000e-02	0.00000000000000e+00	0.00000000000000e+00	2.26948623128588e+02	2.24910700469296e+00
72	78	74	76	2.40340000000000e+02	1.25663706143592e+02	3.00000000000000e-02	0.00000000000000e+00	0.00000000000000e+00	2.54552289180659e+02	-1.91505619579656e+00
73	79	75	77	2.84320000000000e+02	1.25663706143592e+02	3.00000000000000e-02	0.00000000000000e+00	0.00000000000000e+00	3.28963427958264e+02	-4.86154063196945e+00
74	80	76	78	1.83180000000000e+02	1.25663706143592e+02	3.00000000000000e-02	0.00000000000000e+00	0.00000000000000e+00	2.47490502169215e+02	-1.00300976741228e+01
75	81	77	79	1.42280000000000e+02	1.25663706143592e+02	3.00000000000000e-02	0.00000000000000e+00	0.00000000000000e+00	1.67128141229944e+02	-5.36546279522424e+00
76	82	78	80	1.01380000000000e+02	1.25663706143592e+02	3.00000000000000e-02	0.00000000000000e+00	0.00000000000000e+00	1.24113526924694e+02	-6.74402844750839e+00
77	83	79	81	2.13750000000000e+02	1.25663706143592e+02	3.00000000000000e-02	0.00000000000000e+00	0.00000000000000e+00	2.29168588238543e+02	-2.32169393538365e+00
78	84	80	82	2.45060000000000e+02	1.25663706143592e+02	3.00000000000000e-02	0.00000000000000e+00	0.00000000000000e+00	2.41755760961286e+02	4.52503807622170e-01
79	85	81	83	2.76370000000000e+02	1.25663706143592e+02	3.00000000000000e-02	0.00000000000000e+00	0.00000000000000e+00	2.53040910322727e+02	2.93964570389660e+00
80	86	82	84	2.50530000000000e+02	1.25663706143592e+02	3.00000000000000e-02	0.00000000000000e+00	0.00000000000000e+00	2.41264288713950e+02	1.25619025127349e+00
81	87	83	85	2.64650000000000e+02	1.25663706143592e+02	3.00000000000000e-02	0.00000000000000e+00	0.00000000000000e+00	2.97454186028450e+02	-3.89506727599924e+00
82	88	84	86	2.88110000000000e+02	1.25663706143592e+02	3.00000000000000e-02	0.00000000000000e+00	0.00000000000000e+00	2.91555412980694e+02	-3.96257735169136e-01
83	89	85	87	2.19960000000000e+02	1.25663706143592e+02	3.00000000000000e-02	0.00000000000000e+00	0.00000000000000e+00	2.17669131019237e+02	3.48984980478425e-01
84	90	86	88	2.37720000000000e+02	1.25663706143592e+02	3.00000000000000e-02	0.00000000000000e+00	0.00000000000000e+00	2.49537184243792e+02	-1.61714762112508e+00
85	91	87	89	3.72780000000000e+02	1.25663706143592e+02	3.00000000000000e-02	0.00000000000000e+00	0.00000000000000e+00	3.71133929156045e+02	1.47514693649331e-01
86	92	88	90	5.07840000000000e+02	1.25663706143592e+02	3.00000000000000e-02	0.00000000000000e+00	0.00000000000000e+00	5.21916626564408e+02	-9.11380618761637e-01
87	93	89	91	5.31750000000000e+02	1.25663706143592e+02	3.00000000000000e-02	0.00000000000000e+00	0.00000000000000e+00	4.99053444330467e+02	2.11534203990880e+00
88	94	90	92	3.55180000000000e+02	1.25663706143592e+02	3.00000000000000e-02	0.00000000000000e+00	0.00000000000000e+00	3.60651985296536e+02	-5.09625349383510e-01
89	95	91	93	4.48910000000000e+02	1.25663706143592e+02	3.00000000000000e-02	0.00000000000000e+00	0.00000000000000e+00	4.28537086144963e+02	1.54817130534456e+00
90	96	92	94	5.42640000000000e+02	1.25663706143592e+02	3.00000000000000e-02	0.00000000000000e+00	0.00000000000000e+00	5.63605939110584e+02	-1.26364003809062e+00
91	97	93	95	5.62580000000000e+02	1.25663706143592e+02	3.00000000000000e-02	0.00000000000000e+00	0.00000000000000e+00	5.71962027344068e+02	-5.51308574195719e-01
92	98	94	96	4.37960000000000e+02	1.25663706143592e+02	3.00000000000000e-02	0.00000000000000e+00	0.00000000000000e+00	4.84081776723842e+02	-3.33754235374911e+00
93	99	95	97	4.43500000000000e+02	1.25663706143592e+02	3.00000000000000e-02	0.00000000000000e+00	0.00000000000000e+00	4.78181478324927e+02	-2.50975068187197e+00
94	100	96	98	4.73350000000000e+02	1.25663706143592e+02	3.00000000000000e-02	0.00000000000000e+00	0.00000000000000e+00	4.49353190069792e+02	1.73419597323973e+00
95	101	97	99	4.40870000000000e+02	1.25663706143592e+02	3.00000000000000e-02	0.00000000000000e+00	0.00000000000000e+00	4.43674383278045e+02	-2.11362499331387e-01
96	102	98	100	5.06660000000000e+02	1.25663706143592e+02	3.00000000000000e-02	0.00000000000000e+00	0.00000000000000e+00	5.06132724451777e+02	3.47077003438242e-02
97	103	99	101	5.93680000000000e+02	1.25663706143592e+02	3.00000000000000e-02	0.00000000000000e+00	0.00000000000000e+00	5.91379433327400e+02	1.29420769847322e-01
98	104	100	102	5.33970000000000e+02	1.25663706143592e+02	3.00000000000000e-02	0.00000000000000e+00	0.00000000000000e+00	6.17126719139186e+02	-4.82449082303938e+00
99	105	101	103	4.74260000000000e+02	1.25663706143592e+02	3.00000000000000e-02	0.00000000000000e+00	0.00000000000000e+00	4.41349266371970e+02	2.39730484298306e+00
100	106	102	104	4.25450000000000e+02	1.25663706143592e+02	3.00000000000000e-02	0.00000000000000e+00	0.00000000000000e+00	4.52830178267485e+02	-2.07899134965859e+00
101	107	103	105	5.02550000000000e+02	1.25663706143592e+02	3.00000000000000e-02	0.00000000000000e+00	0.00000000000000e+00	5.43833342079683e+02	-2.63159019924307e+00
102	108	104	106	7.37060000000000e+02	1.25663706143592e+02	3.00000000000000e-02	0.00000000000000e+00	0.00000000000000e+00	6.19291779706589e+02	5.80309218899643e+00
103	109	105	107	5.95370000000000e+02	1.25663706143592e+02	3.00000000000000e-02	0.00000000000000e+00	0.00000000000000e+00	5.91697908103699e+02	2.06228224704071e-01
104	110	106	108	6.89200000000000e+02	1.25663706143592e+02	3.00000000000000e-02	0.00000000000000e+00	0.00000000000000e+00	6.40835621526425e+02	2.42528404320135e+00
105	111	107	109	7.04660000000000e+02	1.25663706143592e+02	3.00000000000000e-02	0.00000000000000e+00	0.00000000000000e+00	6.68662514806706e+02	1.74786487691142e+00
106	112	108	110	6.27840000000000e+02	1.25663706143592e+02	3.00000000000000e-02	0.00000000000000e+00	0.00000000000000e+00	6.26970541076971e+02	4.61933778693080e-02
107	113	109	111	6.51350000000000e+02	1.25663706143592e+02	3.00000000000000e-02	0.00000000000000e+00	0.00000000000000e+00	6.16144726453449e+02	1.85217502213740e+00
108	114	110	112	7.90300000000000e+02	1.25663706143592e+02	3.00000000000000e-02	0.00000000000000e+00	0.00000000000000e+00	7.35003158466105e+02	2.41792745915100e+00
109	115	111	113	7.87260000000000e+02	1.25663706143592e+02	3.00000000000000e-02	0.00000000000000e+00	0.00000000000000e+00	7.78374130779690e+02	3.78375528839392e-01
110	116	112	114	7.21720000000000e+02	1.25663706143592e+02	3.00000000000000e-02	0.00000000000000e+00	0.00000000000000e+00	6.93863368396983e+02	1.31207288081635e+00
111	117	113	115	7.61280000000000e+02	1.25663706143592e+02	3.00000000000000e-02	0.00000000000000e+00	0.00000000000000e+00	7.52560117397733e+02	3.84011448435710e-01
112	118	114	116	8.27220000000000e+02	1.25663706143592e+02	3.00000000000000e-02	0.00000000000000e+00	0.00000000000000e+00	8.20121997567425e+02	2.87252489944034e-01
113	119	115	117	7.63770000000000e+02	1.25663706143592e+02	3.00000000000000e-02	0.00000000000000e+00	0.00000000000000e+00	7.36864876790049e+02	1.19540545179412e+00
114	120	116	118	7.51940000000000e+02	1.25663706143592e+02	3.00000000000000e-02	0.00000000000000e+00	0.00000000000000e+00	7.35471290185097e+02	7.38167622387624e-01
115	121	117	119	6.93770000000000e+02	1.25663706143592e+02	3.00000000000000e-02	0.00000000000000e+00	0.00000000000000e+00	7.02475906464638e+02	-4.15687009944351e-01
116	122	118	120	5.57080000000000e+02	1.25663706143592e+02	3.00000000000000e-02	0.00000000000000e+00	0.00000000000000e+00	5.51950614905635e+02	3.08342655358551e-01
117	123	119	121	6.22170000000000e+02	1.25663706143592e+02	3.00000000000000e-02	0.00000000000000e+00	0.00000000000000e+00	6.40821887840279e+02	-9.84606164384516e-01
118	124	120	122	7.62840000000000e+02	1.25663706143592e+02	3.00000000000000e-02	0.00000000000000e+00	0.00000000000000e+00	7.60802739866561e+02	8.91399404959969e-02
119	125	121	123	8.90830000000000e+02	1.25663706143592e+02	3.00000000000000e-02	0.00000000000000e+00	0.00000000000000e+00	8.78455881339158e+02	4.66264216271443e-01
120	126	122	124	1.10597000000000e+03	1.25663706143592e+02	3.00000000000000e-02	0.00000000000000e+00	0.00000000000000e+00	1.01487095608763e+03	2.86537701355343e+00
121	127	123	125	8.23380000000000e+02	1.25663706143592e+02	3.00000000000000e-02	0.00000000000000e+00	0.00000000000000e+00	8.21437254645911e+02	7.87421318700983e-02
122	128	124	126	6.31770000000000e+02	1.25663706143592e+02	3.00000000000000e-02	0.00000000000000e+00	0.00000000000000e+00	6.43980991386024e+02	-6.38126844253595e-01
123	129	125	127	8.80090000000000e+02	1.25663706143592e+02	3.00000000000000e-02	0.00000000000000e+00	0.00000000000000e+00	8.41084757461762e+02	1.51105794377712e+00
124	130	126	128	1.19119000000000e+03	1.25663706143592e+02	3.00000000000000e-02	0.00000000000000e+00	0.00000000000000e+00	1.08299332171404e+03	3.17413353085699e+00
125	131	127	129	8.93890000000000e+02	1.25663706143592e+02	3.00000000000000e-02	0.00000000000000e+00	0.00000000000000e+00	8.29569994688501e+02	2.48917457482044e+00
126	132	128	130	5.96580000000000e+02	1.25663706143592e+02	3.00000000000000e-02	0.00000000000000e+00	0.00000000000000e+00	5.84767096694143e+02	6.66656852342040e-01
127	133	129	131	4.68520000000000e+02	1.25663706143592e+02	3.00000000000000e-02	0.00000000000000e+00	0.00000000000000e+00	4.52849809514149e+02	1.13394220062188e+00
128	134	130	132	4.04310000000000e+02	1.25663706143592e+02	3.00000000000000e-02	0.00000000000000e+00	0.00000000000000e+00	3.94912629275687e+02	7.83912057389013e-01
129	135	131	133	5.04920000000000e+02	1.25663706143592e+02	3.00000000000000e-02	0.00000000000000e+00	0.00000000000000e+00	4.81873729390319e+02	1.55726311246770e+00
130	136	132	134	5.93410000000000e+02	1.25663706143592e+02	3.00000000000000e-02	0.00000000000000e+00	0.00000000000000e+00	5.70568162767209e+02	1.30843061975850e+00
131	137	133	135	5.14560000000000e+02	1.25663706143592e+02	3.00000000000000e-02	0.00000000000000e+00	0.00000000000000e+00	4.99308246501374e+02	1.00295110183500e+00
132	138	134	136	4.86700000000000e+02	1.25663706143592e+02	3.00000000000000e-02	0.00000000000000e+00	0.00000000000000e+00	4.64709771556594e+02	1.54116177677054e+00
133	139	135	137	4.53320000000000e+02	1.25663706143592e+02	3.00000000000000e-02	0.00000000000000e+00	0.00000000000000e+00	4.49837239695719e+02	2.57081669696616e-01
134	140	136	138	4.23000000000000e+02	1.25663706143592e+02	3.00000000000000e-02	0.00000000000000e+00	0.00000000000000e+00	4.22422815729948e+02	4.55144533590079e-02
135	141	137	139	3.92690000000000e+02	1.25663706143592e+02	3.00000000000000e-02	0.00000000000000e+00	0.00000000000000e+00	4.02104106829044e+02	-7.89684359155777e-01
136	142	138	140	4.93870000000000e+02	1.25663706143592e+02	3.00000000000000e-02	0.00000000000000e+00	0.00000000000000e+00	4.70129865118154e+02	1.64211197870575e+00
137	143	139	141	4.73860000000000e+02	1.25663706143592e+02	3.00000000000000e-02	0.00000000000000e+00	0.00000000000000e+00	4.44380652937472e+02	2.14101326149185e+00
138	144	140	142	4.02510000000000e+02	1.25663706143592e+02	3.00000000000000e-02	0.00000000000000e+00	0.00000000000000e+00	3.89358120086362e+02	1.10734679905165e+00
139	145	141	143	3.64640000000000e+02	1.25663706143592e+02	3.00000000000000e-02	0.00000000000000e+00	0.00000000000000e+00	3.60102218491265e+02	4.17421136570321e-01
140	146	142	144	3.52260000000000e+02	1.25663706143592e+02	3.00000000000000e-02	0.00000000000000e+00	0.00000000000000e+00	3.53659301826394e+02	-1.32149539428135e-01
141	147	143	145	3.63480000000000e+02	1.25663706143592e+02	3.00000000000000e-02	0.00000000000000e+00	0.00000000000000e+00	3.55629755991070e+02	7.27803214104187e-01
142	148	144	146	3.69360000000000e+02	1.25663706143592e+02	3.00000000000000e-02	0.00000000000000e+00	0.00000000000000e+00	3.64400286231259e+02	4.50627577559922e-01
143	149	145	147	3.38680000000000e+02	1.25663706143592e+02	3.00000000000000e-02	0.00000000000000e+00	0.00000000000000e+00	3.21167335330757e+02	1.76978092017401e+00
144	150	146	148	2.68810000000000e+02	1.25663706143592e+02	3.00000000000000e-02	0.00000000000000e+00	0.00000000000000e+00	2.72933705848353e+02	-5.07470654577317e-01
145	151	147	149	3.00770000000000e+02	1.25663706143592e+02	3.00000000000000e-02	0.00000000000000e+00	0.00000000000000e+00	2.97250406649251e+02	3.92364981718588e-01
146	152	148	150	2.73140000000000e+02	1.25663706143592e+02	3.00000000000000e-02	0.00000000000000e+00	0.00000000000000e+00	2.79824353749742e+02	-8.05920468077540e-01
147	153	149	151	2.35580000000000e+02	1.25663706143592e+02	3.00000000000000e-02	0.00000000000000e+00	0.00000000000000e+00	2.56336372727743e+02	-2.81466598106525e+00
148	154	150	152	2.76680000000000e+02	1.25663706143592e+02	3.00000000000000e-02	0.00000000000000e+00	0.00000000000000e+00	2.77527177105896e+02	-1.01908672515953e-01
149	155	151	153	3.45680000000000e+02	1.25663706143592e+02	3.00000000000000e-02	0.00000000000000e+00	0.00000000000000e+00	3.67935363188938e+02	-2.07979292032681e+00
150	156	152	154	4.80540000000000e+02	1.25663706143592e+02	3.00000000000000e-02	0.00000000000000e+00	0.00000000000000e+00	5.16798555186228e+02	-2.42475617361849e+00
151	157	153	155	4.24480000000000e+02	1.25663706143592e+02	3.00000000000000e-02	0.00000000000000e+00	0.00000000000000e+00	5.34063512111030e+02	-7.65499593452953e+00
152	158	154	156	3.68410000000000e+02	1.25663706143592e+02	3.00000000000000e-02	0.00000000000000e+00	0.00000000000000e+00	4.17609561026256e+02	-4.17834943543847e+00
153	159	155	157	3.80810000000000e+02	1.25663706143592e+02	3.00000000000000e-02	0.00000000000000e+00	0.00000000000000e+00	4.18791846576364e+02	-3.16911490641480e+00
154	160	156	158	4.47320000000000e+02	1.25663706143592e+02	3.00000000000000e-02	0.00000000000000e+00	0.00000000000000e+00	5.07316171163852e+02	-4.19533996097344e+00
155	161	157	159	6.24740000000000e+02	1.25663706143592e+02	3.00000000000000e-02	0.00000000000000e+00	0.00000000000000e+00	6.01352804906978e+02	1.27179236961581e+00
156	162	158	160	6.36160000000000e+02	1.25663706143592e+02	3.00000000000000e-02	0.00000000000000e+00	0.00000000000000e+00	6.04454389408685e+02	1.70412961946325e+00
157	163	159	161	5.05270000000000e+02	1.25663706143592e+02	3.00000000000000e-02	0.00000000000000e+00	0.00000000000000e+00	5.26322885382312e+02	-1.36073116935949e+00
158	164	160	162	3.74370000000000e+02	1.25663706143592e+02	3.00000000000000e-02	0.00000000000000e+00	0.00000000000000e+00	4.02887303445895e+02	-2.44707551987563e+00
159	165	161	163	4.11180000000000e+02	1.25663706143592e+02	3.00000000000000e-02	0.00000000000000e+00	0.00000000000000e+00	4.13923655269755e+02	-2.21682481112791e-01
160	166	162	164	4.98500000000000e+02	1.25663706143592e+02	3.00000000000000e-02	0.00000000000000e+00	0.00000000000000e+00	4.93281919168207e+02	3.50757821506242e-01
161	167	163	165	5.74870000000000e+02	1.25663706143592e+02	3.00000000000000e-02	0.00000000000000e+00	0.00000000000000e+00	6.11560972972505e+02	-2.06235774600054e+00
162	168	164	166	6.55520000000000e+02	1.25663706143592e+02	3.00000000000000e-02	0.00000000000000e+00	0.00000000000000e+00	6.90126400321544e+02	-1.71486519625047e+00
163	169	165	167	6.14120000000000e+02	1.25663706143592e+02	3.00000000000000e-02	0.00000000000000e+00	0.00000000000000e+00	6.05028166951237e+02	4.97177829980178e-01
164	170	166	168	6.87780000000000e+02	1.25663706143592e+02	3.00000000000000e-02	0.00000000000000e+00	0.00000000000000e+00	6.59798074014569e+02	1.38450598696851e+00
165	171	167	169	6.47050000000000e+02	1.25663706143592e+02	3.00000000000000e-02	0.00000000000000e+00	0.00000000000000e+00	6.61027670141278e+02	-7.12404291284526e-01
166	172	168	170	6.86760000000000e+02	1.25663706143592e+02	3.00000000000000e-02	0.00000000000000e+00	0.00000000000000e+00	6.95378655089093e+02	-4.15721281916811e-01
167	173	169	171	8.58680000000000e+02	1.25663706143592e+02	3.00000000000000e-02	0.00000000000000e+00	0.00000000000000e+00	8.15071947755367e+02	1.73733125289960e+00
168	174	170	172	8.03990000000000e+02	1.25663706143592e+02	3.00000000000000e-02	0.00000000000000e+00	0.00000000000000e+00	7.54460270586467e+02	2.11947370269610e+00
169	175	171	173	6.78850000000000e+02	1.25663706143592e+02	3.00000000000000e-02	0.00000000000000e+00	0.00000000000000e+00	6.88560088879973e+02	-4.73413312528740e-01
170	176	172	174	6.18320000000000e+02	1.25663706143592e+02	3.00000000000000e-02	0.00000000000000e+00	0.00000000000000e+00	5.97803682897613e+02	1.12479040718808e+00
1	10	2	7	5.79350000000000e+02	1.88495559215388e+02	3.00000000000000e-02	0.00000000000000e+00	0.00000000000000e+00	6.13216084685554e+02	-1.89368639812318e+00
3	11	5	8	4.11040000000000e+02	1.88495559215388e+02	3.00000000000000e-02	0.00000000000000e+00	0.00000000000000e+00	3.47114114509397e+02	5.63456490732565e+00
4	12	6	9	3.02070000000000e+02	1.88495559215388e+02	3.00000000000000e-02	0.00000000000000e+00	0.00000000000000e+00	3.38444265858634e+02	-3.79002166188567e+00
2	13	7	10	2.68080000000000e+02	1.88495559215388e+02	3.00000000000000e-02	0.00000000000000e+00	0.00000000000000e+00	2.74366228059503e+02	-7.72612308778342e-01
5	14	8	11	3.44200000000000e+02	1.88495559215388e+02	3.00000000000000e-02	0.00000000000000e+00	0.00000000000000e+00	3.48110951979115e+02	-3.76612423617750e-01
6	15	9	12	3.32450000000000e+02	1.88495559215388e+02	3.00000000000000e-02	0.00000000000000e+00	0.00000000000000e+00	3.25022970931909e+02	7.53120440864485e-01
7	16	10	13	2.72190000000000e+02	1.88495559215388e+02	3.00000000000000e-02	0.00000000000000e+00	0.00000000000000e+00	3.00277163851642e+02	-3.27351919326790e+00
8	17	11	14	2.05680000000000e+02	1.88495559215388e+02	3.00000000000000e-02	0.00000000000000e+00	0.00000000000000e+00	2.52674336714041e+02	-6.85932966479695e+00
9	18	12	15	2.33630000000000e+02	1.88495559215388e+02	3.00000000000000e-02	0.00000000000000e+00	0.00000000000000e+00	2.88916680926165e+02	-7.07998926287369e+00
10	19	13	16	3.04770000000000e+02	1.88495559215388e+02	3.00000000000000e-02	0.00000000000000e+00	0.00000000000000e+00	3.30046216449949e+02	-2.65584335770758e+00
11	20	14	17	3.04770000000000e+02	1.88495559215388e+02	3.00000000000000e-02	0.00000000000000e+00	0.00000000000000e+00	3.70484011674083e+02	-6.50842988857174e+00
12	21	15	18	2.95250000000000e+02	1.88495559215388e+02	3.00000000000000e-02	0.00000000000000e+00	0.00000000000000e+00	3.52075415103563e+02	-5.86743150087408e+00
13	22	16	19	5.26640000000000e+02	1.88495559215388e+02	3.00000000000000e-02	0.00000000000000e+00	0.00000000000000e+00	3.37850519675237e+02	1.47971218326431e+01
14	23	17	20	4.08110000000000e+02	1.88495559215388e+02	3.00000000000000e-02	0.00000000000000e+00	0.00000000000000e+00	2.94178461339213e+02	1.09116717123321e+01
15	24	18	21	2.89590000000000e+02	1.88495559215388e+02	3.00000000000000e-02	0.00000000000000e+00	0.00000000000000e+00	3.27247555530495e+02	-4.07502685007894e+00
16	25	19	22	3.34100000000000e+02	1.88495559215388e+02	3.00000000000000e-02	0.00000000000000e+00	0.00000000000000e+00	2.89253171414841e+02	4.80460063599729e+00
17	26	20	23	2.36040000000000e+02	1.88495559215388e+02	3.00000000000000e-02	0.00000000000000e+00	0.00000000000000e+00	2.12539107882929e+02	3.49584245537035e+00
18	27	21	24	1.69260000000000e+02	1.88495559215388e+02	3.00000000000000e-02	0.00000000000000e+00	0.00000000000000e+00	1.65412836406277e+02	7.66386880109859e-01
19	28	22	25	1.35870000000000e+02	1.88495559215388e+02	3.00000000000000e-02	0.00000000000000e+00	0.00000000000000e+00	1.65777346771264e+02	-6.63156857608778e+00
20	29	23	26	1.02480000000000e+02	1.88495559215388e+02	3.00000000000000e-02	0.00000000000000e+00	0.00000000000000e+00	1.39738843309003e+02	-1.03369206016870e+01
21	30	24	27	1.36440000000000e+02	1.88495559215388e+02	3.00000000000000e-02	0.00000000000000e+00	0.00000000000000e+00	1.40119368723771e+02	-8.86991183813842e-01
22	31	25	28	1.49440000000000e+02	1.88495559215388e+02	3.00000000000000e-02	0.00000000000000e+00	0.00000000000000e+00	1.41838717749272e+02	1.74014509587336e+00
23	32	26	29	1.80690000000000e+02	1.88495559215388e+02	3.00000000000000e-02	0.00000000000000e+00	0.00000000000000e+00	1.71173865903712e+02	1.80343520334188e+00
24	33	27	30	2.09300000000000e+02	1.88495559215388e+02	3.00000000000000e-02	0.00000000000000e+00	0.00000000000000e+00	2.10316790606116e+02	-1.61543042596938e-01
25	34	28	31	2.34620000000000e+02	1.88495559215388e+02	3.00000000000000e-02	0.00000000000000e+00	0.00000000000000e+00	2.56895950575174e+02	-3.02346524212907e+00
26	35	29	32	1.88710000000000e+02	1.88495559215388e+02	3.00000000000000e-02	0.00000000000000e+00	0.00000000000000e+00	1.90454829025775e+02	-3.06786777796860e-01
27	36	30	33	1.72920000000000e+02	1.88495559215388e+02	3.00000000000000e-02	0.00000000000000e+00	0.00000000000000e+00	1.85273471649824e+02	-2.30012996379413e+00
28	37	31	34	1.59160000000000e+02	1.88495559215388e+02	3.00000000000000e-02	0.00000000000000e+00	0.00000000000000e+00	1.87583701197538e+02	-5.47717222096402e+00
29	38	32	35	2.30880000000000e+02	1.88495559215388e+02	3.00000000000000e-02	0.00000000000000e+00	0.00000000000000e+00	2.45246926703875e+02	-2.01224906875327e+00
30	39	33	36	3.82400000000000e+02	1.88495559215388e+02	3.00000000000000e-02	0.00000000000000e+00	0.00000000000000e+00	3.62628742339075e+02	1.76958728845327e+00
31	40	34	37	5.33910000000000e+02	1.88495559215388e+02	3.00000000000000e-02	0.00000000000000e+00	0.00000000000000e+00	5.23360896205089e+02	6.65200307828418e-01
32	41	35	38	5.82150000000000e+02	1.88495559215388e+02	3.00000000000000e-02	0.00000000000000e+00	0.00000000000000e+00	5.57151079548244e+02	1.46305684553285e+00
33	42	36	39	4.98000000000000e+02	1.88495559215388e+02	3.00000000000000e-02	0.00000000000000e+00	0.00000000000000e+00	5.07487019799465e+02	-6.29035227145873e-01
34	43	37	40	3.82550000000000e+02	1.88495559215388e+02	3.00000000000000e-02	0.00000000000000e+00	0.00000000000000e+00	3.95123831951129e+02	-1.07799502344310e+00
35	44	38	41	2.67110000000000e+02	1.88495559215388e+02	3.00000000000000e-02	0.00000000000000e+00	0.00000000000000e+00	2.99325631789096e+02	-3.79571639123292e+00
36	45	39	42	2.47070000000000e+02	1.88495559215388e+02	3.00000000000000e-02	0.00000000000000e+00	0.00000000000000e+00	2.61110557433666e+02	-1.84240706818857e+00
37	46	40	43	3.53550000000000e+02	1.88495559215388e+02	3.00000000000000e-02	0.00000000000000e+00	0.00000000000000e+00	3.10672732688328e+02	4.30949554675323e+00
38	47	41	44	3.54520000000000e+02	1.88495559215388e+02	3.00000000000000e-02	0.00000000000000e+00	0.00000000000000e+00	3.55876639562472e+02	-1.27313028254209e-01
39	48	42	45	4.40970000000000e+02	1.88495559215388e+02	3.00000000000000e-02	0.00000000000000e+00	0.00000000000000e+00	3.82693587664267e+02	4.72474030486986e+00
40	49	43	46	3.74520000000000e+02	1.88495559215388e+02	3.00000000000000e-02	0.00000000000000e+00	0.00000000000000e+00	3.65468755601357e+02	8.15480484187869e-01
41	50	44	47	3.06510000000000e+02	1.88495559215388e+02	3.00000000000000e-02	0.00000000000000e+00	0.00000000000000e+00	3.09990206747273e+02	-3.76344152363709e-01
42	51	45	48	2.91670000000000e+02	1.88495559215388e+02	3.00000000000000e-02	0.00000000000000e+00	0.00000000000000e+00	2.68670347664428e+02	2.73792904889145e+00
43	52	46	49	2.60800000000000e+02	1.88495559215388e+02	3.00000000000000e-02	0.00000000000000e+00	0.00000000000000e+00	2.58292328176268e+02	3.22061053546581e-01
44	53	47	50	3.46720000000000e+02	1.88495559215388e+02	3.00000000000000e-02	0.00000000000000e+00	0.00000000000000e+00	2.96981040109601e+02	5.16164130126316e+00
45	54	48	51	3.48610000000000e+02	1.88495559215388e+02	3.00000000000000e-02	0.00000000000000e+00	0.00000000000000e+00	3.30305900562124e+02	1.79782074531693e+00
46	55	49	52	2.62230000000000e+02	1.88495559215388e+02	3.00000000000000e-02	0.00000000000000e+00	0.00000000000000e+00	2.93694821327763e+02	-3.77730747549414e+00
47	56	50	53	1.75850000000000e+02	1.88495559215388e+02	3.00000000000000e-02	0.00000000000000e+00	0.00000000000000e+00	2.11703363046370e+02	-6.18515683336591e+00
48	57	51	54	1.33050000000000e+02	1.88495559215388e+02	3.00000000000000e-02	0.00000000000000e+00	0.00000000000000e+00	1.55094501972581e+02	-5.11032079519017e+00
49	58	52	55	9.17100000000000e+01	1.88495559215388e+02	3.00000000000000e-02	0.00000000000000e+00	0.00000000000000e+00	1.17182671277230e+02	-8.17008618813180e+00
50	59	53	56	1.16440000000000e+02	1.88495559215388e+02	3.00000000000000e-02	0.00000000000000e+00	0.00000000000000e+00	1.29213574994186e+02	-3.46968455220319e+00
51	60	54	57	1.69460000000000e+02	1.88495559215388e+02	3.00000000000000e-02	0.00000000000000e+00	0.00000000000000e+00	1.63527709813054e+02	1.18781519380088e+00
52	61	55	58	1.98560000000000e+02	1.88495559215388e+02	3.00000000000000e-02	0.00000000000000e+00	0.00000000000000e+00	1.96317097565742e+02	3.78670826785399e-01
53	62	56	59	1.98080000000000e+02	1.88495559215388e+02	3.00000000000000e-02	0.00000000000000e+00	0.00000000000000e+00	2.03087598645982e+02	-8.32213896365038e-01
54	63	57	60	2.05230000000000e+02	1.88495559215388e+02	3.00000000000000e-02	0.00000000000000e+00	0.00000000000000e+00	1.94638324689697e+02	1.76627367426464e+00
55	64	58	61	1.97420000000000e+02	1.88495559215388e+02	3.00000000000000e-02	0.00000000000000e+00	0.00000000000000e+00	2.07012677949527e+02	-1.58155328443804e+00
56	65	59	62	1.95570000000000e+02	1.88495559215388e+02	3.00000000000000e-02	0.00000000000000e+00	0.00000000000000e+00	2.03456652734214e+02	-1.31782006371471e+00
57	66	60	63	1.86200000000000e+02	1.88495559215388e+02	3.00000000000000e-02	0.00000000000000e+00	0.00000000000000e+00	2.00859215915716e+02	-2.52609598262733e+00
58	67	61	64	2.37920000000000e+02	1.88495559215388e+02	3.00000000000000e-02	0.00000000000000e+00	0.00000000000000e+00	2.71457009898338e+02	-4.39564337362339e+00
59	68	62	65	3.19450000000000e+02	1.88495559215388e+02	3.00000000000000e-02	0.00000000000000e+00	0.00000000000000e+00	3.71568362360443e+02	-5.03773657671219e+00
60	69	63	66	4.51550000000000e+02	1.88495559215388e+02	3.00000000000000e-02	0.00000000000000e+00	0.00000000000000e+00	4.24434924579327e+02	2.06424712285086e+00
61	70	64	67	3.88300000000000e+02	1.88495559215388e+02	3.00000000000000e-02	0.00000000000000e+00	0.00000000000000e+00	3.47727387934878e+02	3.67864773198076e+00
62	71	65	68	2.75360000000000e+02	1.88495559215388e+02	3.00000000000000e-02	0.00000000000000e+00	0.00000000000000e+00	2.50003453782969e+02	3.22015331881778e+00
63	72	66	69	1.93540000000000e+02	1.88495559215388e+02	3.00000000000000e-02	0.00000000000000e+00	0.00000000000000e+00	1.79904628013992e+02	2.43524477821418e+00
64	73	67	70	2.28440000000000e+02	1.88495559215388e+02	3.00000000000000e-02	0.00000000000000e+00	0.00000000000000e+00	2.11689046700156e+02	2.53850522398930e+00
65	74	68	71	3.19160000000000e+02	1.88495559215388e+02	3.00000000000000e-02	0.00000000000000e+00	0.00000000000000e+00	3.01659031654803e+02	1.87983997200485e+00
66	75	69	72	3.89110000000000e+02	1.88495559215388e+02	3.00000000000000e-02	0.00000000000000e+00	0.00000000000000e+00	3.61520873931308e+02	2.45140991713377e+00
67	76	70	73	3.00090000000000e+02	1.88495559215388e+02	3.00000000000000e-02	0.00000000000000e+00	0.00000000000000e+00	3.01008938685313e+02	-1.01917709056210e-01
68	77	71	74	2.12170000000000e+02	1.88495559215388e+02	3.00000000000000e-02	0.00000000000000e+00	0.00000000000000e+00	2.26497209440919e+02	-2.17815947910083e+00
69	78	72	75	2.20310000000000e+02	1.88495559215388e+02	3.00000000000000e-02	0.00000000000000e+00	0.00000000000000e+00	2.26078207884351e+02	-8.61511552368347e-01
70	79	73	76	3.60500000000000e+02	1.88495559215388e+02	3.00000000000000e-02	0.00000000000000e+00	0.00000000000000e+00	3.08921335207245e+02	5.14684302850750e+00
71	80	74	77	3.34350000000000e+02	1.88495559215388e+02	3.00000000000000e-02	0.00000000000000e+00	0.00000000000000e+00	3.52151391839901e+02	-1.72909416966614e+00
72	81	75	78	2.18720000000000e+02	1.88495559215388e+02	3.00000000000000e-02	0.00000000000000e+00	0.00000000000000e+00	2.24135667743276e+02	-8.15305170328736e-01
73	82	76	79	1.37870000000000e+02	1.88495559215388e+02	3.00000000000000e-02	0.00000000000000e+00	0.00000000000000e+00	1.26877925470682e+02	2.76952682521046e+00
74	83	77	80	7.86000000000000e+01	1.88495559215388e+02	3.00000000000000e-02	0.00000000000000e+00	0.00000000000000e+00	6.60258107677982e+01	5.81086538727288e+00
75	84	78	81	8.58500000000000e+01	1.88495559215388e+02	3.00000000000000e-02	0.00000000000000e+00	0.00000000000000e+00	8.28804159208463e+01	1.17342634983079e+00
76	85	79	82	2.62100000000000e+02	1.88495559215388e+02	3.00000000000000e-02	0.00000000000000e+00	0.00000000000000e+00	1.91694482209847e+02	1.04274414718853e+01
77	86	80	83	3.32910000000000e+02	1.88495559215388e+02	3.00000000000000e-02	0.00000000000000e+00	0.00000000000000e+00	3.10055205110187e+02	2.37072735184422e+00
78	87	81	84	4.03730000000000e+02	1.88495559215388e+02	3.00000000000000e-02	0.00000000000000e+00	0.00000000000000e+00	3.12075225387962e+02	8.58340239818887e+00
79	88	82	85	2.86380000000000e+02	1.88495559215388e+02	3.00000000000000e-02	0.00000000000000e+00	0.00000000000000e+00	2.63282796614480e+02	2.80302911536238e+00
80	89	83	86	2.25660000000000e+02	1.88495559215388e+02	3.00000000000000e-02	0.00000000000000e+00	0.00000000000000e+00	2.31321589080319e+02	-8.25982039178215e-01
81	90	84	87	1.76900000000000e+02	1.88495559215388e+02	3.00000000000000e-02	0.00000000000000e+00	0.00000000000000e+00	1.83753743119610e+02	-1.26706358128980e+00
82	91	85	88	1.95610000000000e+02	1.88495559215388e+02	3.00000000000000e-02	0.00000000000000e+00	0.00000000000000e+00	1.99321245110187e+02	-6.26497971514765e-01
83	92	86	89	2.93370000000000e+02	1.88495559215388e+02	3.00000000000000e-02	0.00000000000000e+00	0.00000000000000e+00	2.64537532211968e+02	3.44838236795386e+00
84	93	87	90	3.91130000000000e+02	1.88495559215388e+02	3.00000000000000e-02	0.00000000000000e+00	0.00000000000000e+00	4.22712180374719e+02	-2.58838457540103e+00
85	94	88	91	4.19960000000000e+02	1.88495559215388e+02	3.00000000000000e-02	0.00000000000000e+00	0.00000000000000e+00	4.25699014630522e+02	-4.52436316024052e-01
86	95	89	92	4.06260000000000e+02	1.88495559215388e+02	3.00000000000000e-02	0.00000000000000e+00	0.00000000000000e+00	3.90336737087596e+02	1.33278512373615e+00
87	96	90	93	3.31870000000000e+02	1.88495559215388e+02	3.00000000000000e-02	0.00000000000000e+00	0.00000000000000e+00	3.45174484383250e+02	-1.31022383493908e+00
88	97	91	94	3.92410000000000e+02	1.88495559215388e+02	3.00000000000000e-02	0.00000000000000e+00	0.00000000000000e+00	3.93944069361539e+02	-1.30057723992305e-01
89	98	92	95	3.89230000000000e+02	1.88495559215388e+02	3.00000000000000e-02	0.00000000000000e+00	0.00000000000000e+00	3.85467528036871e+02	3.23782414842366e-01
90	99	93	96	4.65370000000000e+02	1.88495559215388e+02	3.00000000000000e-02	0.00000000000000e+00	0.00000000000000e+00	4.38678113244405e+02	1.96889570708724e+00
91	100	94	97	4.05990000000000e+02	1.88495559215388e+02	3.00000000000000e-02	0.00000000000000e+00	0.00000000000000e+00	3.83624509856809e+02	1.88880978265725e+00
92	101	95	98	3.85880000000000e+02	1.88495559215388e+02	3.00000000000000e-02	0.00000000000000e+00	0.00000000000000e+00	3.72771606255056e+02	1.15201746234760e+00
93	102	96	99	4.03590000000000e+02	1.88495559215388e+02	3.00000000000000e-02	0.00000000000000e+00	0.00000000000000e+00	4.21609674821095e+02	-1.45601445553888e+00
94	103	97	100	5.32810000000000e+02	1.88495559215388e+02	3.00000000000000e-02	0.00000000000000e+00	0.00000000000000e+00	5.66441148054063e+02	-2.04027667741536e+00
95	104	98	101	7.12030000000000e+02	1.88495559215388e+02	3.00000000000000e-02	0.00000000000000e+00	0.00000000000000e+00	6.81849210719003e+02	1.44371702035754e+00
96	105	99	102	6.24750000000000e+02	1.88495559215388e+02	3.00000000000000e-02	0.00000000000000e+00	0.00000000000000e+00	6.01403745716986e+02	1.26950236170510e+00
97	106	100	103	4.69830000000000e+02	1.88495559215388e+02	3.00000000000000e-02	0.00000000000000e+00	0.00000000000000e+00	4.12868430975981e+02	4.30806513349147e+00
98	107	101	104	3.14910000000000e+02	1.88495559215388e+02	3.00000000000000e-02	0.00000000000000e+00	0.00000000000000e+00	3.35089529896720e+02	-2.07036219421542e+00
99	108	102	105	3.54200000000000e+02	1.88495559215388e+02	3.00000000000000e-02	0.00000000000000e+00	0.00000000000000e+00	3.74116798133368e+02	-1.82354392620923e+00
100	109	103	106	5.02020000000000e+02	1.88495559215388e+02	3.00000000000000e-02	0.00000000000000e+00	0.00000000000000e+00	4.41631750526803e+02	4.27211894398019e+00
101	110	104	107	6.49830000000000e+02	1.88495559215388e+02	3.00000000000000e-02	0.00000000000000e+00	0.00000000000000e+00	6.15156889049936e+02	1.82778169339235e+00
102	111	105	108	7.46040000000000e+02	1.88495559215388e+02	3.00000000000000e-02	0.00000000000000e+00	0.00000000000000e+00	6.92343178284642e+02	2.48991543345959e+00
103	112	106	109	7.92880000000000e+02	1.88495559215388e+02	3.00000000000000e-02	0.00000000000000e+00	0.00000000000000e+00	7.28454341780261e+02	2.82489789055290e+00
104	113	107	110	7.50650000000000e+02	1.88495559215388e+02	3.00000000000000e-02	0.00000000000000e+00	0.00000000000000e+00	7.36763517067492e+02	6.22417650795152e-01
105	114	108	111	6.86630000000000e+02	1.88495559215388e+02	3.00000000000000e-02	0.00000000000000e+00	0.00000000000000e+00	6.98229223338982e+02	-5.58395847280243e-01
106	115	109	112	6.65000000000000e+02	1.88495559215388e+02	3.00000000000000e-02	0.00000000000000e+00	0.00000000000000e+00	6.66999157150630e+02	-1.00058053891209e-01
107	116	110	113	5.86970000000000e+02	1.88495559215388e+02	3.00000000000000e-02	0.00000000000000e+00	0.00000000000000e+00	5.89120766495499e+02	-1.21916264423068e-01
108	117	111	114	6.26070000000000e+02	1.88495559215388e+02	3.00000000000000e-02	0.00000000000000e+00	0.00000000000000e+00	6.27900492894349e+02	-9.73172391172561e-02
109	118	112	115	5.84050000000000e+02	1.88495559215388e+02	3.00000000000000e-02	0.00000000000000e+00	0.00000000000000e+00	6.25907004615705e+02	-2.30717365120094e+00
110	119	113	116	6.76460000000000e+02	1.88495559215388e+02	3.00000000000000e-02	0.00000000000000e+00	0.00000000000000e+00	6.81172915528131e+02	-2.31429001942729e-01
111	120	114	117	6.92530000000000e+02	1.88495559215388e+02	3.00000000000000e-02	0.00000000000000e+00	0.00000000000000e+00	6.85586845609996e+02	3.35879266883025e-01
112	121	115	118	7.66920000000000e+02	1.88495559215388e+02	3.00000000000000e-02	0.00000000000000e+00	0.00000000000000e+00	7.51919399017309e+02	6.58445246753440e-01
113	122	116	119	7.24320000000000e+02	1.88495559215388e+02	3.00000000000000e-02	0.00000000000000e+00	0.00000000000000e+00	6.91842928613293e+02	1.52914452023127e+00
114	123	117	120	7.21150000000000e+02	1.88495559215388e+02	3.00000000000000e-02	0.00000000000000e+00	0.00000000000000e+00	6.93987080224298e+02	1.27979386958342e+00
115	124	118	121	7.19040000000000e+02	1.88495559215388e+02	3.00000000000000e-02	0.00000000000000e+00	0.00000000000000e+00	6.98136830302678e+02	9.83395783136102e-01
116	125	119	122	7.90910000000000e+02	1.88495559215388e+02	3.00000000000000e-02	0.00000000000000e+00	0.00000000000000e+00	7.80713627602921e+02	4.32525755817951e-01
117	126	120	123	9.21620000000000e+02	1.88495559215388e+02	3.00000000000000e-02	0.00000000000000e+00	0.00000000000000e+00	9.06706274932869e+02	5.43814527985820e-01
118	127	121	124	8.42400000000000e+02	1.88495559215388e+02	3.00000000000000e-02	0.00000000000000e+00	0.00000000000000e+00	8.35001538490427e+02	2.94046448903422e-01
119	128	122	125	5.98620000000000e+02	1.88495559215388e+02	3.00000000000000e-02	0.00000000000000e+00	0.00000000000000e+00	6.08943944082801e+02	-5.69973715963309e-01
120	129	123	126	5.21200000000000e+02	1.88495559215388e+02	3.00000000000000e-02	0.00000000000000e+00	0.00000000000000e+00	5.18003111452257e+02	2.05086544821942e-01
121	130	124	127	6.02430000000000e+02	1.88495559215388e+02	3.00000000000000e-02	0.00000000000000e+00	0.00000000000000e+00	5.92654763527262e+02	5.45314429188822e-01
122	131	125	128	7.35340000000000e+02	1.88495559215388e+02	3.00000000000000e-02	0.00000000000000e+00	0.00000000000000e+00	7.12436782881683e+02	1.05472649536766e+00
123	132	126	129	9.13850000000000e+02	1.88495559215388e+02	3.00000000000000e-02	0.00000000000000e+00	0.00000000000000e+00	8.96375264407422e+02	6.43576567454722e-01
124	133	127	130	7.28790000000000e+02	1.88495559215388e+02	3.00000000000000e-02	0.00000000000000e+00	0.00000000000000e+00	7.92384170479056e+02	-2.78869044263734e+00
125	134	128	131	5.43730000000000e+02	1.88495559215388e+02	3.00000000000000e-02	0.00000000000000e+00	0.00000000000000e+00	5.40600722570165e+02	1.92394322266853e-01
126	135	129	132	4.33610000000000e+02	1.88495559215388e+02	3.00000000000000e-02	0.00000000000000e+00	0.00000000000000e+00	4.38891953258252e+02	-4.03591668395335e-01
127	136	130	133	5.02780000000000e+02	1.88495559215388e+02	3.00000000000000e-02	0.00000000000000e+00	0.00000000000000e+00	5.13825507155709e+02	-7.24367629978347e-01
128	137	131	134	5.47320000000000e+02	1.88495559215388e+02	3.00000000000000e-02	0.00000000000000e+00	0.00000000000000e+00	5.58525630945109e+02	-6.75562313857251e-01
129	138	132	135	6.51700000000000e+02	1.88495559215388e+02	3.00000000000000e-02	0.00000000000000e+00	0.00000000000000e+00	6.22481849434728e+02	1.52899543197117e+00
130	139	133	136	5.87310000000000e+02	1.88495559215388e+02	3.00000000000000e-02	0.00000000000000e+00	0.00000000000000e+00	5.53210150502930e+02	1.99382803768380e+00
131	140	134	137	4.71310000000000e+02	1.88495559215388e+02	3.00000000000000e-02	0.00000000000000e+00	0.00000000000000e+00	4.36363133584087e+02	2.56804265728962e+00
132	141	135	138	3.84690000000000e+02	1.88495559215388e+02	3.00000000000000e-02	0.00000000000000e+00	0.00000000000000e+00	3.62431170759524e+02	1.98677442131805e+00
133	142	136	139	3.84690000000000e+02	1.88495559215388e+02	3.00000000000000e-02	0.00000000000000e+00	0.00000000000000e+00	3.86556494159330e+02	-1.61340359831049e-01
134	143	137	140	3.98940000000000e+02	1.88495559215388e+02	3.00000000000000e-02	0.00000000000000e+00	0.00000000000000e+00	4.05567315925610e+02	-5.49194578339870e-01
135	144	138	141	4.86360000000000e+02	1.88495559215388e+02	3.00000000000000e-02	0.00000000000000e+00	0.00000000000000e+00	4.92813469837868e+02	-4.39388489748005e-01
136	145	139	142	4.80490000000000e+02	1.88495559215388e+02	3.00000000000000e-02	0.00000000000000e+00	0.00000000000000e+00	4.61518806547539e+02	1.34278708370221e+00
137	146	140	143	4.05540000000000e+02	1.88495559215388e+02	3.00000000000000e-02	0.00000000000000e+00	0.00000000000000e+00	4.02400080563043e+02	2.59089778281307e-01
138	147	141	144	3.49380000000000e+02	1.88495559215388e+02	3.00000000000000e-02	0.00000000000000e+00	0.00000000000000e+00	3.35267639725798e+02	1.37436725559136e+00
139	148	142	145	3.88340000000000e+02	1.88495559215388e+02	3.00000000000000e-02	0.00000000000000e+00	0.00000000000000e+00	3.85479304895275e+02	2.46457893449896e-01
140	149	143	146	3.70910000000000e+02	1.88495559215388e+02	3.00000000000000e-02	0.00000000000000e+00	0.00000000000000e+00	3.67203580685247e+02	3.34767851898506e-01
141	150	144	147	3.84940000000000e+02	1.88495559215388e+02	3.00000000000000e-02	0.00000000000000e+00	0.00000000000000e+00	3.70021331063599e+02	1.31756074957507e+00
142	151	145	148	3.24160000000000e+02	1.88495559215388e+02	3.00000000000000e-02	0.00000000000000e+00	0.00000000000000e+00	3.18838943333672e+02	5.51704186731990e-01
143	152	146	149	2.96600000000000e+02	1.88495559215388e+02	3.00000000000000e-02	0.00000000000000e+00	0.00000000000000e+00	3.09591460248067e+02	-1.42897094844123e+00
144	153	147	150	3.01180000000000e+02	1.88495559215388e+02	3.00000000000000e-02	0.00000000000000e+00	0.00000000000000e+00	2.93493719658004e+02	8.61728390608600e-01
145	154	148	151	3.08970000000000e+02	1.88495559215388e+02	3.00000000000000e-02	0.00000000000000e+00	0.00000000000000e+00	3.30704428997517e+02	-2.26602759626271e+00
146	155	149	152	3.47110000000000e+02	1.88495559215388e+02	3.00000000000000e-02	0.00000000000000e+00	0.00000000000000e+00	3.49191723714213e+02	-1.99313012893931e-01
147	156	150	153	4.19330000000000e+02	1.88495559215388e+02	3.00000000000000e-02	0.00000000000000e+00	0.00000000000000e+00	4.15803948130723e+02	2.81477626412278e-01
148	157	151	154	5.92750000000000e+02	1.88495559215388e+02	3.00000000000000e-02	0.00000000000000e+00	0.00000000000000e+00	5.47491659702295e+02	2.64751655971178e+00
149	158	152	155	5.33560000000000e+02	1.88495559215388e+02	3.00000000000000e-02	0.00000000000000e+00	0.00000000000000e+00	5.09519669625657e+02	1.53676905376778e+00
150	159	153	156	3.70930000000000e+02	1.88495559215388e+02	3.00000000000000e-02	0.00000000000000e+00	0.00000000000000e+00	3.51815517745771e+02	1.76354748873460e+00
151	160	154	157	3.33440000000000e+02	1.88495559215388e+02	3.00000000000000e-02	0.00000000000000e+00	0.00000000000000e+00	2.71867812456536e+02	6.80489915243122e+00
152	161	155	158	2.95950000000000e+02	1.88495559215388e+02	3.00000000000000e-02	0.00000000000000e+00	0.00000000000000e+00	2.69446256970804e+02	3.12738560740143e+00
153	162	156	159	4.50400000000000e+02	1.88495559215388e+02	3.00000000000000e-02	0.00000000000000e+00	0.00000000000000e+00	4.04314536207466e+02	3.59809822706871e+00
154	163	157	160	6.04840000000000e+02	1.88495559215388e+02	3.00000000000000e-02	0.00000000000000e+00	0.00000000000000e+00	5.42661123273395e+02	3.61596391668112e+00
155	164	158	161	5.55390000000000e+02	1.88495559215388e+02	3.00000000000000e-02	0.00000000000000e+00	0.00000000000000e+00	5.43548088175005e+02	7.18412943969326e-01
156	165	159	162	4.56710000000000e+02	1.88495559215388e+02	3.00000000000000e-02	0.00000000000000e+00	0.00000000000000e+00	4.45971359211457e+02	7.93129440659908e-01
157	166	160	163	3.58040000000000e+02	1.88495559215388e+02	3.00000000000000e-02	0.00000000000000e+00	0.00000000000000e+00	4.00905525568780e+02	-3.76936968203806e+00
158	167	161	164	4.74290000000000e+02	1.88495559215388e+02	3.00000000000000e-02	0.00000000000000e+00	0.00000000000000e+00	4.58185078794729e+02	1.15152481000615e+00
159	168	162	165	5.79530000000000e+02	1.88495559215388e+02	3.00000000000000e-02	0.00000000000000e+00	0.00000000000000e+00	6.01432868043140e+02	-1.23658304680969e+00
160	169	163	166	7.03070000000000e+02	1.88495559215388e+02	3.00000000000000e-02	0.00000000000000e+00	0.00000000000000e+00	7.08328811305334e+02	-2.48398283981851e-01
161	170	164	167	7.35650000000000e+02	1.88495559215388e+02	3.00000000000000e-02	0.00000000000000e+00	0.00000000000000e+00	7.15020302815968e+02	9.48117476876220e-01
162	171	165	168	6.71790000000000e+02	1.88495559215388e+02	3.00000000000000e-02	0.00000000000000e+00	0.00000000000000e+00	6.54586074092765e+02	8.64756792094834e-01
163	172	166	169	5.40810000000000e+02	1.88495559215388e+02	3.00000000000000e-02	0.00000000000000e+00	0.00000000000000e+00	6.02228524455366e+02	-3.58563221078147e+00
164	173	167	170	6.42370000000000e+02	1.88495559215388e+02	3.00000000000000e-02	0.00000000000000e+00	0.00000000000000e+00	6.00110383813320e+02	2.26836167830754e+00
165	174	168	171	6.99790000000000e+02	1.88495559215388e+02	3.00000000000000e-02	0.00000000000000e+00	0.00000000000000e+00	6.71230579329222e+02	1.38891922426208e+00
166	175	169	172	6.23440000000000e+02	1.88495559215388e+02	3.00000000000000e-02	0.00000000000000e+00	0.00000000000000e+00	7.26910058017862e+02	-5.11834079085031e+00
167	176	170	173	6.72260000000000e+02	1.88495559215388e+02	3.00000000000000e-02	0.00000000000000e+00	0.00000000000000e+00	6.15062060614919e+02	2.96406653908153e+00
1	13	5	9	5.10040000000000e+02	2.51327412287183e+02	3.00000000000000e-02	0.00000000000000e+00	0.00000000000000e+00	4.93090752113592e+02	1.12653051824113e+00
3	14	6	10	3.88260000000000e+02	2.51327412287183e+02	3.00000000000000e-02	0.00000000000000e+00	0.00000000000000e+00	4.11773653769759e+02	-1.95995320105329e+00
4	15	7	11	3.11080000000000e+02	2.51327412287183e+02	3.00000000000000e-02	0.00000000000000e+00	0.00000000000000e+00	3.66628241576537e+02	-5.47660850332677e+00
2	16	8	12	3.13170000000000e+02	2.51327412287183e+02	3.00000000000000e-02	0.00000000000000e+00	0.00000000000000e+00	3.66399382629727e+02	-5.23259245825679e+00
5	17	9	13	2.47070000000000e+02	2.51327412287183e+02	3.00000000000000e-02	0.00000000000000e+00	0.00000000000000e+00	2.65368958069464e+02	-2.38164849857615e+00
6	18	10	14	2.26720000000000e+02	2.51327412287183e+02	3.00000000000000e-02	0.00000000000000e+00	0.00000000000000e+00	2.58746882769506e+02	-4.40448404323434e+00
7	19	11	15	2.29110000000000e+02	2.51327412287183e+02	3.00000000000000e-02	0.00000000000000e+00	0.00000000000000e+00	2.66357451948215e+02	-5.02123244776479e+00
8	20	12	16	2.29110000000000e+02	2.51327412287183e+02	3.00000000000000e-02	0.00000000000000e+00	0.00000000000000e+00	2.48394211994359e+02	-2.69382703565076e+00
9	21	13	17	2.46920000000000e+02	2.51327412287183e+02	3.00000000000000e-02	0.00000000000000e+00	0.00000000000000e+00	3.04259630630418e+02	-6.96056625051046e+00
10	22	14	18	2.41000000000000e+02	2.51327412287183e+02	3.00000000000000e-02	0.00000000000000e+00	0.00000000000000e+00	2.90825000086419e+02	-6.26415928364426e+00
11	23	15	19	6.15860000000000e+02	2.51327412287183e+02	3.00000000000000e-02	0.00000000000000e+00	0.00000000000000e+00	3.72205350083950e+02	1.67857982217672e+01
12	24	16	20	4.53390000000000e+02	2.51327412287183e+02	3.00000000000000e-02	0.00000000000000e+00	0.00000000000000e+00	3.87717864503077e+02	5.21582534912245e+00
13	25	17	21	3.81820000000000e+02	2.51327412287183e+02	3.00000000000000e-02	0.00000000000000e+00	0.00000000000000e+00	3.43389913063574e+02	3.53609063524676e+00
14	26	18	22	3.10260000000000e+02	2.51327412287183e+02	3.00000000000000e-02	0.00000000000000e+00	0.00000000000000e+00	3.40444536942761e+02	-3.09471898622506e+00
15	27	19	23	3.23340000000000e+02	2.51327412287183e+02	3.00000000000000e-02	0.00000000000000e+00	0.00000000000000e+00	2.66442836141824e+02	6.45148930351344e+00
16	28	20	24	2.39730000000000e+02	2.51327412287183e+02	3.00000000000000e-02	0.00000000000000e+00	0.00000000000000e+00	2.07000463774064e+02	4.89307521124018e+00
17	29	21	25	1.77690000000000e+02	2.51327412287183e+02	3.00000000000000e-02	0.00000000000000e+00	0.00000000000000e+00	1.63830272676440e+02	2.70698299132321e+00
18	30	22	26	1.39680000000000e+02	2.51327412287183e+02	3.00000000000000e-02	0.00000000000000e+00	0.00000000000000e+00	1.30360222653678e+02	2.30175100442045e+00
19	31	23	27	1.01680000000000e+02	2.51327412287183e+02	3.00000000000000e-02	0.00000000000000e+00	0.00000000000000e+00	1.33486845984128e+02	-9.07241047168045e+00
20	32	24	28	1.37490000000000e+02	2.51327412287183e+02	3.00000000000000e-02	0.00000000000000e+00	0.00000000000000e+00	1.61009989851674e+02	-5.26384082128466e+00
21	33	25	29	1.73310000000000e+02	2.51327412287183e+02	3.00000000000000e-02	0.00000000000000e+00	0.00000000000000e+00	1.95903064810737e+02	-4.08460237127777e+00
22	34	26	30	1.84910000000000e+02	2.51327412287183e+02	3.00000000000000e-02	0.00000000000000e+00	0.00000000000000e+00	2.00430872947938e+02	-2.68667312509168e+00
23	35	27	31	1.99650000000000e+02	2.51327412287183e+02	3.00000000000000e-02	0.00000000000000e+00	0.00000000000000e+00	2.04631924795873e+02	-8.21568100217303e-01
24	36	28	32	1.81630000000000e+02	2.51327412287183e+02	3.00000000000000e-02	0.00000000000000e+00	0.00000000000000e+00	1.89249063273061e+02	-1.36974306213199e+00
25	37	29	33	1.57820000000000e+02	2.51327412287183e+02	3.00000000000000e-02	0.00000000000000e+00	0.00000000000000e+00	1.67023758412541e+02	-1.88936417161282e+00
26	38	30	34	1.71950000000000e+02	2.51327412287183e+02	3.00000000000000e-02	0.00000000000000e+00	0.00000000000000e+00	1.84207742062525e+02	-2.29534722669481e+00
27	39	31	35	1.99420000000000e+02	2.51327412287183e+02	3.00000000000000e-02	0.00000000000000e+00	0.00000000000000e+00	2.07005825284614e+02	-1.24445936467750e+00
28	40	32	36	3.31150000000000e+02	2.51327412287183e+02	3.00000000000000e-02	0.00000000000000e+00	0.00000000000000e+00	3.32955157270790e+02	-1.81212437703978e-01
29	41	33	37	5.20470000000000e+02	2.51327412287183e+02	3.00000000000000e-02	0.00000000000000e+00	0.00000000000000e+00	4.97695907793338e+02	1.49143286370827e+00
30	42	34	38	7.09780000000000e+02	2.51327412287183e+02	3.00000000000000e-02	0.00000000000000e+00	0.00000000000000e+00	6.12066265419650e+02	4.93715031279531e+00
31	43	35	39	6.43240000000000e+02	2.51327412287183e+02	3.00000000000000e-02	0.00000000000000e+00	0.00000000000000e+00	5.83510281537144e+02	3.24852776522070e+00
32	44	36	40	4.92590000000000e+02	2.51327412287183e+02	3.00000000000000e-02	0.00000000000000e+00	0.00000000000000e+00	4.87019661500578e+02	3.79089669167006e-01
33	45	37	41	3.50420000000000e+02	2.51327412287183e+02	3.00000000000000e-02	0.00000000000000e+00	0.00000000000000e+00	3.41917943795226e+02	8.18721906918688e-01
34	46	38	42	2.78890000000000e+02	2.51327412287183e+02	3.00000000000000e-02	0.00000000000000e+00	0.00000000000000e+00	2.32012333329414e+02	6.13423025631518e+00
35	47	39	43	2.07350000000000e+02	2.51327412287183e+02	3.00000000000000e-02	0.00000000000000e+00	0.00000000000000e+00	2.06986197974501e+02	5.85357367226536e-02
36	48	40	44	1.93700000000000e+02	2.51327412287183e+02	3.00000000000000e-02	0.00000000000000e+00	0.00000000000000e+00	2.19550648216574e+02	-4.17574596895172e+00
37	49	41	45	2.99890000000000e+02	2.51327412287183e+02	3.00000000000000e-02	0.00000000000000e+00	0.00000000000000e+00	2.97779796560091e+02	2.35382170411006e-01
38	50	42	46	4.06070000000000e+02	2.51327412287183e+02	3.00000000000000e-02	0.00000000000000e+00	0.00000000000000e+00	3.61912410135289e+02	3.83744456456769e+00
39	51	43	47	3.32060000000000e+02	2.51327412287183e+02	3.00000000000000e-02	0.00000000000000e+00	0.00000000000000e+00	3.14201075082074e+02	1.84275093383688e+00
40	52	44	48	3.51940000000000e+02	2.51327412287183e+02	3.00000000000000e-02	0.00000000000000e+00	0.00000000000000e+00	3.17425030835522e+02	3.44063464750211e+00
41	53	45	49	3.60790000000000e+02	2.51327412287183e+02	3.00000000000000e-02	0.00000000000000e+00	0.00000000000000e+00	3.22563803142991e+02	3.73317052489369e+00
42	54	46	50	3.53750000000000e+02	2.51327412287183e+02	3.00000000000000e-02	0.00000000000000e+00	0.00000000000000e+00	3.24249131686260e+02	2.90261012262887e+00
43	55	47	51	4.35270000000000e+02	2.51327412287183e+02	3.00000000000000e-02	0.00000000000000e+00	0.00000000000000e+00	3.80280491211123e+02	4.50191376655479e+00
44	56	48	52	4.16480000000000e+02	2.51327412287183e+02	3.00000000000000e-02	0.00000000000000e+00	0.00000000000000e+00	3.79808987202735e+02	3.07233267201055e+00
45	57	49	53	3.08130000000000e+02	2.51327412287183e+02	3.00000000000000e-02	0.00000000000000e+00	0.00000000000000e+00	3.35556871374716e+02	-2.84232274981884e+00
46	58	50	54	2.32950000000000e+02	2.51327412287183e+02	3.00000000000000e-02	0.00000000000000e+00	0.00000000000000e+00	2.60039300876872e+02	-3.66696461827862e+00
47	59	51	55	1.57780000000000e+02	2.51327412287183e+02	3.00000000000000e-02	0.00000000000000e+00	0.00000000000000e+00	1.85173117205519e+02	-5.33631661771009e+00
48	60	52	56	1.28260000000000e+02	2.51327412287183e+02	3.00000000000000e-02	0.00000000000000e+00	0.00000000000000e+00	1.57052038428667e+02	-6.75059172227324e+00
49	61	53	57	1.50650000000000e+02	2.51327412287183e+02	3.00000000000000e-02	0.00000000000000e+00	0.00000000000000e+00	1.77184543280320e+02	-5.40775137508094e+00
50	62	54	58	2.09970000000000e+02	2.51327412287183e+02	3.00000000000000e-02	0.00000000000000e+00	0.00000000000000e+00	2.03360951117735e+02	1.06607263081745e+00
51	63	55	59	2.41970000000000e+02	2.51327412287183e+02	3.00000000000000e-02	0.00000000000000e+00	0.00000000000000e+00	2.23455215727953e+02	2.65342448702273e+00
52	64	56	60	2.29340000000000e+02	2.51327412287183e+02	3.00000000000000e-02	0.00000000000000e+00	0.00000000000000e+00	2.08012910839233e+02	3.25351564975739e+00
53	65	57	61	1.90590000000000e+02	2.51327412287183e+02	3.00000000000000e-02	0.00000000000000e+00	0.00000000000000e+00	1.98754673763456e+02	-1.39822483674568e+00
54	66	58	62	1.53000000000000e+02	2.51327412287183e+02	3.00000000000000e-02	0.00000000000000e+00	0.00000000000000e+00	1.70614876532768e+02	-3.63236370368375e+00
55	67	59	63	1.62200000000000e+02	2.51327412287183e+02	3.00000000000000e-02	0.00000000000000e+00	0.00000000000000e+00	1.77060034156533e+02	-2.92195698036464e+00
56	68	60	64	2.17940000000000e+02	2.51327412287183e+02	3.00000000000000e-02	0.00000000000000e+00	0.00000000000000e+00	2.27808678078252e+02	-1.47621166340898e+00
57	69	61	65	2.99050000000000e+02	2.51327412287183e+02	3.00000000000000e-02	0.00000000000000e+00	0.00000000000000e+00	2.90557830648379e+02	9.60271807034493e-01
58	70	62	66	3.21020000000000e+02	2.51327412287183e+02	3.00000000000000e-02	0.00000000000000e+00	0.00000000000000e+00	3.01185556575787e+02	2.12589615482486e+00
59	71	63	67	2.91590000000000e+02	2.51327412287183e+02	3.00000000000000e-02	0.00000000000000e+00	0.00000000000000e+00	2.52131881073962e+02	4.84654725935017e+00
60	72	64	68	2.47300000000000e+02	2.51327412287183e+02	3.00000000000000e-02	0.00000000000000e+00	0.00000000000000e+00	2.21872770565569e+02	3.61660208344518e+00
61	73	65	69	2.05870000000000e+02	2.51327412287183e+02	3.00000000000000e-02	0.00000000000000e+00	0.00000000000000e+00	1.93077983699890e+02	2.13835779018832e+00
62	74	66	70	1.63450000000000e+02	2.51327412287183e+02	3.00000000000000e-02	0.00000000000000e+00	0.00000000000000e+00	1.47587460419985e+02	3.40287270390075e+00
63	75	67	71	1.67980000000000e+02	2.51327412287183e+02	3.00000000000000e-02	0.00000000000000e+00	0.00000000000000e+00	1.63619016938014e+02	8.76808894394099e-01
64	76	68	72	2.40240000000000e+02	2.51327412287183e+02	3.00000000000000e-02	0.00000000000000e+00	0.00000000000000e+00	2.11199336759673e+02	4.29453373967850e+00
65	77	69	73	3.02400000000000e+02	2.51327412287183e+02	3.00000000000000e-02	0.00000000000000e+00	0.00000000000000e+00	2.74038693104574e+02	3.28271107257277e+00
66	78	70	74	2.99780000000000e+02	2.51327412287183e+02	3.00000000000000e-02	0.00000000000000e+00	0.00000000000000e+00	3.02991519933180e+02	-3.55198193202266e-01
67	79	71	75	2.94000000000000e+02	2.51327412287183e+02	3.00000000000000e-02	0.00000000000000e+00	0.00000000000000e+00	3.02526918092443e+02	-9.53016386760316e-01
68	80	72	76	4.27460000000000e+02	2.51327412287183e+02	3.00000000000000e-02	0.00000000000000e+00	0.00000000000000e+00	3.66551299671805e+02	5.12407444655709e+00
69	81	73	77	3.46140000000000e+02	2.51327412287183e+02	3.00000000000000e-02	0.00000000000000e+00	0.00000000000000e+00	3.31888583375924e+02	1.40146657150787e+00
70	82	74	78	2.25300000000000e+02	2.51327412287183e+02	3.00000000000000e-02	0.00000000000000e+00	0.00000000000000e+00	2.13485395636678e+02	1.79548072070874e+00
71	83	75	79	1.47390000000000e+02	2.51327412287183e+02	3.00000000000000e-02	0.00000000000000e+00	0.00000000000000e+00	1.47987310993824e+02	-1.34813290388121e-01
72	84	76	80	9.55000000000000e+01	2.51327412287183e+02	3.00000000000000e-02	0.00000000000000e+00	0.00000000000000e+00	9.77142833110997e+01	-7.64049882884758e-01
73	85	77	81	6.11000000000000e+01	2.51327412287183e+02	3.00000000000000e-02	0.00000000000000e+00	0.00000000000000e+00	6.42832984782097e+01	-1.69293291991786e+00
74	86	78	82	7.60700000000000e+01	2.51327412287183e+02	3.00000000000000e-02	0.00000000000000e+00	0.00000000000000e+00	8.10398539319673e+01	-2.10956961702102e+00
75	87	79	83	1.91650000000000e+02	2.51327412287183e+02	3.00000000000000e-02	0.00000000000000e+00	0.00000000000000e+00	1.63951959305901e+02	5.20324459922087e+00
76	88	80	84	3.87960000000000e+02	2.51327412287183e+02	3.00000000000000e-02	0.00000000000000e+00	0.00000000000000e+00	3.00745903339724e+02	8.48788360812932e+00
77	89	81	85	3.51250000000000e+02	2.51327412287183e+02	3.00000000000000e-02	0.00000000000000e+00	0.00000000000000e+00	3.10630034783496e+02	4.09652051232934e+00
78	90	82	86	2.78410000000000e+02	2.51327412287183e+02	3.00000000000000e-02	0.00000000000000e+00	0.00000000000000e+00	2.58610908898266e+02	2.45900658197780e+00
79	91	83	87	2.05580000000000e+02	2.51327412287183e+02	3.00000000000000e-02	0.00000000000000e+00	0.00000000000000e+00	2.40429913659844e+02	-5.21977917321331e+00
80	92	84	88	2.08640000000000e+02	2.51327412287183e+02	3.00000000000000e-02	0.00000000000000e+00	0.00000000000000e+00	2.20757479214688e+02	-1.88181470330244e+00
81	93	85	89	2.31150000000000e+02	2.51327412287183e+02	3.00000000000000e-02	0.00000000000000e+00	0.00000000000000e+00	2.39435802478382e+02	-1.17394941261525e+00
82	94	86	90	3.16520000000000e+02	2.51327412287183e+02	3.00000000000000e-02	0.00000000000000e+00	0.00000000000000e+00	3.00097096495675e+02	1.77601178213947e+00
83	95	87	91	3.82600000000000e+02	2.51327412287183e+02	3.00000000000000e-02	0.00000000000000e+00	0.00000000000000e+00	3.65858975218167e+02	1.49140371562388e+00
84	96	88	92	3.30500000000000e+02	2.51327412287183e+02	3.00000000000000e-02	0.00000000000000e+00	0.00000000000000e+00	3.48909780472160e+02	-1.80689069385993e+00
85	97	89	93	3.62440000000000e+02	2.51327412287183e+02	3.00000000000000e-02	0.00000000000000e+00	0.00000000000000e+00	3.54700750797837e+02	7.19482162142319e-01
86	98	90	94	3.84910000000000e+02	2.51327412287183e+02	3.00000000000000e-02	0.00000000000000e+00	0.00000000000000e+00	3.61342104890116e+02	2.10614573878152e+00
87	99	91	95	3.24770000000000e+02	2.51327412287183e+02	3.00000000000000e-02	0.00000000000000e+00	0.00000000000000e+00	3.11934343992705e+02	1.34415032485726e+00
88	100	92	96	3.60940000000000e+02	2.51327412287183e+02	3.00000000000000e-02	0.00000000000000e+00	0.00000000000000e+00	3.01318037025613e+02	6.01818103935547e+00
89	101	93	97	3.32870000000000e+02	2.51327412287183e+02	3.00000000000000e-02	0.00000000000000e+00	0.00000000000000e+00	2.88794104232293e+02	4.73460104219091e+00
90	102	94	98	3.59910000000000e+02	2.51327412287183e+02	3.00000000000000e-02	0.00000000000000e+00	0.00000000000000e+00	3.30215064917709e+02	2.87032820448454e+00
91	103	95	99	4.39310000000000e+02	2.51327412287183e+02	3.00000000000000e-02	0.00000000000000e+00	0.00000000000000e+00	4.41165722024418e+02	-1.40509251668626e-01
92	104	96	100	5.35220000000000e+02	2.51327412287183e+02	3.00000000000000e-02	0.00000000000000e+00	0.00000000000000e+00	5.12718904116017e+02	1.43167091741964e+00
93	105	97	101	6.25950000000000e+02	2.51327412287183e+02	3.00000000000000e-02	0.00000000000000e+00	0.00000000000000e+00	6.02814059466599e+02	1.25539018748203e+00
94	106	98	102	6.43460000000000e+02	2.51327412287183e+02	3.00000000000000e-02	0.00000000000000e+00	0.00000000000000e+00	5.76107159555261e+02	3.68553935850082e+00
95	107	99	103	4.40130000000000e+02	2.51327412287183e+02	3.00000000000000e-02	0.00000000000000e+00	0.00000000000000e+00	4.18563628048817e+02	1.67470736994542e+00
96	108	100	104	3.41870000000000e+02	2.51327412287183e+02	3.00000000000000e-02	0.00000000000000e+00	0.00000000000000e+00	3.68250893350896e+02	-2.47779778116411e+00
97	109	101	105	3.26840000000000e+02	2.51327412287183e+02	3.00000000000000e-02	0.00000000000000e+00	0.00000000000000e+00	3.39800089838680e+02	-1.29622397027408e+00
98	110	102	106	3.20530000000000e+02	2.51327412287183e+02	3.00000000000000e-02	0.00000000000000e+00	0.00000000000000e+00	3.38786931065504e+02	-1.84651707075849e+00
99	111	103	107	4.26400000000000e+02	2.51327412287183e+02	3.00000000000000e-02	0.00000000000000e+00	0.00000000000000e+00	4.62444758629385e+02	-2.70497453886319e+00
100	112	104	108	6.32450000000000e+02	2.51327412287183e+02	3.00000000000000e-02	0.00000000000000e+00	0.00000000000000e+00	6.15649186486940e+02	8.97462241480558e-01
101	113	105	109	7.85950000000000e+02	2.51327412287183e+02	3.00000000000000e-02	0.00000000000000e+00	0.00000000000000e+00	7.81080744687210e+02	2.07154879843863e-01
102	114	106	110	8.97010000000000e+02	2.51327412287183e+02	3.00000000000000e-02	0.00000000000000e+00	0.00000000000000e+00	8.12353459461509e+02	3.30438233056665e+00
103	115	107	111	7.09530000000000e+02	2.51327412287183e+02	3.00000000000000e-02	0.00000000000000e+00	0.00000000000000e+00	6.96147781826377e+02	6.34693699947301e-01
104	116	108	112	6.35550000000000e+02	2.51327412287183e+02	3.00000000000000e-02	0.00000000000000e+00	0.00000000000000e+00	6.80951361150874e+02	-2.30000383907241e+00
105	117	109	113	5.71090000000000e+02	2.51327412287183e+02	3.00000000000000e-02	0.00000000000000e+00	0.00000000000000e+00	5.93233430615373e+02	-1.26803832082416e+00
106	118	110	114	4.46910000000000e+02	2.51327412287183e+02	3.00000000000000e-02	0.00000000000000e+00	0.00000000000000e+00	4.64194916086320e+02	-1.26491032436400e+00
107	119	111	115	4.97620000000000e+02	2.51327412287183e+02	3.00000000000000e-02	0.00000000000000e+00	0.00000000000000e+00	4.84123428297414e+02	9.16561406486505e-01
108	120	112	116	5.13540000000000e+02	2.51327412287183e+02	3.00000000000000e-02	0.00000000000000e+00	0.00000000000000e+00	5.21370216716044e+02	-5.04415166319798e-01
109	121	113	117	5.61380000000000e+02	2.51327412287183e+02	3.00000000000000e-02	0.00000000000000e+00	0.00000000000000e+00	5.73312277592950e+02	-7.01083908863283e-01
110	122	114	118	6.84430000000000e+02	2.51327412287183e+02	3.00000000000000e-02	0.00000000000000e+00	0.00000000000000e+00	6.55558301346034e+02	1.43663780099269e+00
111	123	115	119	7.27490000000000e+02	2.51327412287183e+02	3.00000000000000e-02	0.00000000000000e+00	0.00000000000000e+00	6.83115619356824e+02	2.09787087890871e+00
112	124	116	120	7.53270000000000e+02	2.51327412287183e+02	3.00000000000000e-02	0.00000000000000e+00	0.00000000000000e+00	7.17980798841591e+02	1.59936343791459e+00
113	125	117	121	8.32290000000000e+02	2.51327412287183e+02	3.00000000000000e-02	0.00000000000000e+00	0.00000000000000e+00	7.93262212352453e+02	1.60090373659540e+00
114	126	118	122	7.84800000000000e+02	2.51327412287183e+02	3.00000000000000e-02	0.00000000000000e+00	0.00000000000000e+00	7.60499908964271e+02	1.04843054189709e+00
115	127	119	123	7.57360000000000e+02	2.51327412287183e+02	3.00000000000000e-02	0.00000000000000e+00	0.00000000000000e+00	7.29502955113085e+02	1.24917609971040e+00
116	128	120	124	6.79010000000000e+02	2.51327412287183e+02	3.00000000000000e-02	0.00000000000000e+00	0.00000000000000e+00	6.67102864835268e+02	5.89720027433257e-01
117	129	121	125	5.11310000000000e+02	2.51327412287183e+02	3.00000000000000e-02	0.00000000000000e+00	0.00000000000000e+00	5.19104924148753e+02	-5.04332294628392e-01
118	130	122	126	4.74130000000000e+02	2.51327412287183e+02	3.00000000000000e-02	0.00000000000000e+00	0.00000000000000e+00	4.81543662280157e+02	-5.17178704699302e-01
119	131	123	127	5.20960000000000e+02	2.51327412287183e+02	3.00000000000000e-02	0.00000000000000e+00	0.00000000000000e+00	5.21445842567611e+02	-3.10718776987666e-02
120	132	124	128	5.44880000000000e+02	2.51327412287183e+02	3.00000000000000e-02	0.00000000000000e+00	0.00000000000000e+00	5.19296581533393e+02	1.60301396467372e+00
121	133	125	129	5.87900000000000e+02	2.51327412287183e+02	3.00000000000000e-02	0.00000000000000e+00	0.00000000000000e+00	5.59241971709200e+02	1.66582068668812e+00
122	134	126	130	6.30180000000000e+02	2.51327412287183e+02	3.00000000000000e-02	0.00000000000000e+00	0.00000000000000e+00	5.95793642374183e+02	1.87037077928949e+00
123	135	127	131	6.06010000000000e+02	2.51327412287183e+02	3.00000000000000e-02	0.00000000000000e+00	0.00000000000000e+00	5.85014406562701e+02	1.17533380172648e+00
124	136	128	132	5.21780000000000e+02	2.51327412287183e+02	3.00000000000000e-02	0.00000000000000e+00	0.00000000000000e+00	5.39668580510726e+02	-1.12363894138593e+00
125	137	129	133	4.84240000000000e+02	2.51327412287183e+02	3.00000000000000e-02	0.00000000000000e+00	0.00000000000000e+00	5.20915151347323e+02	-2.43355065361473e+00
126	138	130	134	5.58880000000000e+02	2.51327412287183e+02	3.00000000000000e-02	0.00000000000000e+00	0.00000000000000e+00	5.68289940923992e+02	-5.56565559859597e-01
127	139	131	135	6.17610000000000e+02	2.51327412287183e+02	3.00000000000000e-02	0.00000000000000e+00	0.00000000000000e+00	6.06026753979022e+02	6.31101890476445e-01
128	140	132	136	6.14970000000000e+02	2.51327412287183e+02	3.00000000000000e-02	0.00000000000000e+00	0.00000000000000e+00	5.99000963059687e+02	8.77009341187958e-01
129	141	133	137	5.05620000000000e+02	2.51327412287183e+02	3.00000000000000e-02	0.00000000000000e+00	0.00000000000000e+00	4.90133551739406e+02	1.03691634912257e+00
130	142	134	138	4.20630000000000e+02	2.51327412287183e+02	3.00000000000000e-02	0.00000000000000e+00	0.00000000000000e+00	4.01651603757663e+02	1.53895106219837e+00
131	143	135	139	3.57110000000000e+02	2.51327412287183e+02	3.00000000000000e-02	0.00000000000000e+00	0.00000000000000e+00	3.77646052231019e+02	-1.86378432078798e+00
132	144	136	140	3.57110000000000e+02	2.51327412287183e+02	3.00000000000000e-02	0.00000000000000e+00	0.00000000000000e+00	3.78296900707518e+02	-1.92118271174578e+00
133	145	137	141	3.84190000000000e+02	2.51327412287183e+02	3.00000000000000e-02	0.00000000000000e+00	0.00000000000000e+00	3.81343549927910e+02	2.47884906787495e-01
134	146	138	142	3.93520000000000e+02	2.51327412287183e+02	3.00000000000000e-02	0.00000000000000e+00	0.00000000000000e+00	3.99626534298131e+02	-5.13285141008790e-01
135	147	139	143	4.28990000000000e+02	2.51327412287183e+02	3.00000000000000e-02	0.00000000000000e+00	0.00000000000000e+00	4.10921425785779e+02	1.43438635168168e+00
136	148	140	144	4.15000000000000e+02	2.51327412287183e+02	3.00000000000000e-02	0.00000000000000e+00	0.00000000000000e+00	4.03065620641721e+02	9.72638038765439e-01
137	149	141	145	3.85630000000000e+02	2.51327412287183e+02	3.00000000000000e-02	0.00000000000000e+00	0.00000000000000e+00	3.81257772073826e+02	3.80088235289744e-01
138	150	142	146	3.72640000000000e+02	2.51327412287183e+02	3.00000000000000e-02	0.00000000000000e+00	0.00000000000000e+00	3.74545077567934e+02	-1.69978563842754e-01
139	151	143	147	3.70790000000000e+02	2.51327412287183e+02	3.00000000000000e-02	0.00000000000000e+00	0.00000000000000e+00	3.76976401739949e+02	-5.51557534095911e-01
140	152	144	148	3.58160000000000e+02	2.51327412287183e+02	3.00000000000000e-02	0.00000000000000e+00	0.00000000000000e+00	3.67138296598394e+02	-8.25293103588483e-01
141	153	145	149	3.70030000000000e+02	2.51327412287183e+02	3.00000000000000e-02	0.00000000000000e+00	0.00000000000000e+00	3.57637902470719e+02	1.13543515001865e+00
142	154	146	150	3.24140000000000e+02	2.51327412287183e+02	3.00000000000000e-02	0.00000000000000e+00	0.00000000000000e+00	3.14666842621699e+02	9.88702819120372e-01
143	155	147	151	3.13800000000000e+02	2.51327412287183e+02	3.00000000000000e-02	0.00000000000000e+00	0.00000000000000e+00	3.29063379925323e+02	-1.58315120209525e+00
144	156	148	152	4.33720000000000e+02	2.51327412287183e+02	3.00000000000000e-02	0.00000000000000e+00	0.00000000000000e+00	4.24623499767450e+02	7.06542373527874e-01
145	157	149	153	4.70460000000000e+02	2.51327412287183e+02	3.00000000000000e-02	0.00000000000000e+00	0.00000000000000e+00	4.62911214194909e+02	5.39188859045699e-01
146	158	150	154	5.81560000000000e+02	2.51327412287183e+02	3.00000000000000e-02	0.00000000000000e+00	0.00000000000000e+00	5.49863687957021e+02	1.86812468774266e+00
147	159	151	155	4.43800000000000e+02	2.51327412287183e+02	3.00000000000000e-02	0.00000000000000e+00	0.00000000000000e+00	4.66990409316968e+02	-1.69782367216736e+00
148	160	152	156	3.06050000000000e+02	2.51327412287183e+02	3.00000000000000e-02	0.00000000000000e+00	0.00000000000000e+00	3.06272572279170e+02	-2.42325749039966e-02
149	161	153	157	2.97530000000000e+02	2.51327412287183e+02	3.00000000000000e-02	0.00000000000000e+00	0.00000000000000e+00	2.85511892774397e+02	1.37437920189797e+00
150	162	154	158	2.29240000000000e+02	2.51327412287183e+02	3.00000000000000e-02	0.00000000000000e+00	0.00000000000000e+00	2.36909296178262e+02	-1.09692872165027e+00
151	163	155	159	2.74420000000000e+02	2.51327412287183e+02	3.00000000000000e-02	0.00000000000000e+00	0.00000000000000e+00	2.63704318237196e+02	1.32771035667301e+00
152	164	156	160	3.19600000000000e+02	2.51327412287183e+02	3.00000000000000e-02	0.00000000000000e+00	0.00000000000000e+00	3.00886151535078e+02	2.01127515981779e+00
153	165	157	161	3.85890000000000e+02	2.51327412287183e+02	3.00000000000000e-02	0.00000000000000e+00	0.00000000000000e+00	3.59433946249353e+02	2.36739774372049e+00
154	166	158	162	5.23160000000000e+02	2.51327412287183e+02	3.00000000000000e-02	0.00000000000000e+00	0.00000000000000e+00	4.95212956415156e+02	1.82998198626931e+00
155	167	159	163	5.58780000000000e+02	2.51327412287183e+02	3.00000000000000e-02	0.00000000000000e+00	0.00000000000000e+00	4.61804304902755e+02	6.35382056259480e+00
156	168	160	164	4.50530000000000e+02	2.51327412287183e+02	3.00000000000000e-02	0.00000000000000e+00	0.00000000000000e+00	4.65109569413289e+02	-1.06161144903603e+00
157	169	161	165	6.01970000000000e+02	2.51327412287183e+02	3.00000000000000e-02	0.00000000000000e+00	0.00000000000000e+00	5.71266080781008e+02	1.74508394013770e+00
158	170	162	166	6.97010000000000e+02	2.51327412287183e+02	3.00000000000000e-02	0.00000000000000e+00	0.00000000000000e+00	7.10274700851638e+02	-6.28401331862971e-01
159	171	163	167	7.71320000000000e+02	2.51327412287183e+02	3.00000000000000e-02	0.00000000000000e+00	0.00000000000000e+00	7.05114821228294e+02	2.99142254366789e+00
160	172	164	168	6.57780000000000e+02	2.51327412287183e+02	3.00000000000000e-02	0.00000000000000e+00	0.00000000000000e+00	6.88567308816084e+02	-1.52475153365833e+00
161	173	165	169	6.86840000000000e+02	2.51327412287183e+02	3.00000000000000e-02	0.00000000000000e+00	0.00000000000000e+00	6.61438506126448e+02	1.25614501572837e+00
162	174	166	170	5.65650000000000e+02	2.51327412287183e+02	3.00000000000000e-02	0.00000000000000e+00	0.00000000000000e+00	5.18439031065787e+02	2.90510262536327e+00
163	175	167	171	5.16690000000000e+02	2.51327412287183e+02	3.00000000000000e-02	0.00000000000000e+00	0.00000000000000e+00	5.81394614561971e+02	-3.93288812289339e+00
164	176	168	172	4.32880000000000e+02	2.51327412287183e+02	3.00000000000000e-02	0.00000000000000e+00	0.00000000000000e+00	3.91438327790317e+02	3.35441927688471e+00
1	16	6	11	3.95020000000000e+02	3.14159265358979e+02	3.00000000000000e-02	0.00000000000000e+00	0.00000000000000e+00	4.75659090430296e+02	-6.19216681781379e+00
3	17	7	12	2.92210000000000e+02	3.14159265358979e+02	3.00000000000000e-02	0.00000000000000e+00	0.00000000000000e+00	3.60505343216858e+02	-7.00113521442341e+00
4	18	8	13	2.76590000000000e+02	3.14159265358979e+02	3.00000000000000e-02	0.00000000000000e+00	0.00000000000000e+00	3.35219149311069e+02	-6.40827432351125e+00
2	19	9	14	2.07040000000000e+02	3.14159265358979e+02	3.00000000000000e-02	0.00000000000000e+00	0.00000000000000e+00	2.45370560709563e+02	-5.66191830864161e+00
5	20	10	15	2.07040000000000e+02	3.14159265358979e+02	3.00000000000000e-02	0.00000000000000e+00	0.00000000000000e+00	2.13416628662084e+02	-1.01114156740172e+00
6	21	11	16	1.72780000000000e+02	3.14159265358979e+02	3.00000000000000e-02	0.00000000000000e+00	0.00000000000000e+00	1.94611327239713e+02	-3.96617556455263e+00
7	22	12	17	1.78440000000000e+02	3.14159265358979e+02	3.00000000000000e-02	0.00000000000000e+00	0.00000000000000e+00	2.13829703667731e+02	-6.03091702364660e+00
8	23	13	18	1.89970000000000e+02	3.14159265358979e+02	3.00000000000000e-02	0.00000000000000e+00	0.00000000000000e+00	2.30993852613136e+02	-6.51749777154602e+00
9	24	14	19	1.03778000000000e+03	3.14159265358979e+02	3.00000000000000e-02	0.00000000000000e+00	0.00000000000000e+00	3.55230038714113e+02	3.57357839739267e+01
10	25	15	20	6.74060000000000e+02	3.14159265358979e+02	3.00000000000000e-02	0.00000000000000e+00	0.00000000000000e+00	3.86532502641719e+02	1.85367722808690e+01
11	26	16	21	4.95180000000000e+02	3.14159265358979e+02	3.00000000000000e-02	0.00000000000000e+00	0.00000000000000e+00	4.05124721875589e+02	6.69087859620753e+00
12	27	17	22	4.18080000000000e+02	3.14159265358979e+02	3.00000000000000e-02	0.00000000000000e+00	0.00000000000000e+00	3.80981244357415e+02	3.09742184218897e+00
13	28	18	23	3.40990000000000e+02	3.14159265358979e+02	3.00000000000000e-02	0.00000000000000e+00	0.00000000000000e+00	3.50745765440314e+02	-9.40283156595060e-01
14	29	19	24	3.15780000000000e+02	3.14159265358979e+02	3.00000000000000e-02	0.00000000000000e+00	0.00000000000000e+00	2.53874475415141e+02	7.27352716689781e+00
15	30	20	25	2.34230000000000e+02	3.14159265358979e+02	3.00000000000000e-02	0.00000000000000e+00	0.00000000000000e+00	1.93614089962979e+02	6.34788625587295e+00
16	31	21	26	1.76430000000000e+02	3.14159265358979e+02	3.00000000000000e-02	0.00000000000000e+00	0.00000000000000e+00	1.50168335767008e+02	5.37224312786130e+00
17	32	22	27	1.18640000000000e+02	3.14159265358979e+02	3.00000000000000e-02	0.00000000000000e+00	0.00000000000000e+00	1.23599144473766e+02	-1.36499751455578e+00
18	33	23	28	1.36590000000000e+02	3.14159265358979e+02	3.00000000000000e-02	0.00000000000000e+00	0.00000000000000e+00	1.33723421718009e+02	7.07002937079408e-01
19	34	24	29	1.38660000000000e+02	3.14159265358979e+02	3.00000000000000e-02	0.00000000000000e+00	0.00000000000000e+00	1.78110902279930e+02	-8.34605030937681e+00
20	35	25	30	1.38660000000000e+02	3.14159265358979e+02	3.00000000000000e-02	0.00000000000000e+00	0.00000000000000e+00	1.94236090647499e+02	-1.12349829250447e+01
21	36	26	31	1.89460000000000e+02	3.14159265358979e+02	3.00000000000000e-02	0.00000000000000e+00	0.00000000000000e+00	2.12636682023664e+02	-3.84690235565405e+00
22	37	27	32	1.78910000000000e+02	3.14159265358979e+02	3.00000000000000e-02	0.00000000000000e+00	0.00000000000000e+00	1.89573405815515e+02	-1.92978097316926e+00
23	38	28	33	1.70080000000000e+02	3.14159265358979e+02	3.00000000000000e-02	0.00000000000000e+00	0.00000000000000e+00	1.80049748245322e+02	-1.89880924171912e+00
24	39	29	34	1.93410000000000e+02	3.14159265358979e+02	3.00000000000000e-02	0.00000000000000e+00	0.00000000000000e+00	1.88007417455937e+02	9.44362379538137e-01
25	40	30	35	2.36790000000000e+02	3.14159265358979e+02	3.00000000000000e-02	0.00000000000000e+00	0.00000000000000e+00	2.32842260103757e+02	5.60414778344587e-01
26	41	31	36	3.92870000000000e+02	3.14159265358979e+02	3.00000000000000e-02	0.00000000000000e+00	0.00000000000000e+00	3.41967409550842e+02	4.62544431772072e+00
27	42	32	37	5.48950000000000e+02	3.14159265358979e+02	3.00000000000000e-02	0.00000000000000e+00	0.00000000000000e+00	5.09992605793505e+02	2.45370451705273e+00
28	43	33	38	6.89860000000000e+02	3.14159265358979e+02	3.00000000000000e-02	0.00000000000000e+00	0.00000000000000e+00	6.24580252766002e+02	3.31362833044035e+00
29	44	34	39	7.33590000000000e+02	3.14159265358979e+02	3.00000000000000e-02	0.00000000000000e+00	0.00000000000000e+00	6.41748209676908e+02	4.45847531489439e+00
30	45	35	40	6.28630000000000e+02	3.14159265358979e+02	3.00000000000000e-02	0.00000000000000e+00	0.00000000000000e+00	5.70440604934084e+02	3.23779316636008e+00
31	46	36	41	4.73140000000000e+02	3.14159265358979e+02	3.00000000000000e-02	0.00000000000000e+00	0.00000000000000e+00	4.50866310761657e+02	1.60734868971921e+00
32	47	37	42	3.17920000000000e+02	3.14159265358979e+02	3.00000000000000e-02	0.00000000000000e+00	0.00000000000000e+00	3.14330267741158e+02	3.78517918832018e-01
33	48	38	43	2.31440000000000e+02	3.14159265358979e+02	3.00000000000000e-02	0.00000000000000e+00	0.00000000000000e+00	2.20513862834175e+02	1.61200325869861e+00
34	49	39	44	1.74610000000000e+02	3.14159265358979e+02	3.00000000000000e-02	0.00000000000000e+00	0.00000000000000e+00	1.72694041451776e+02	3.67781109416428e-01
35	50	40	45	1.87630000000000e+02	3.14159265358979e+02	3.00000000000000e-02	0.00000000000000e+00	0.00000000000000e+00	1.75214904704022e+02	2.28195637013044e+00
36	51	41	46	2.00650000000000e+02	3.14159265358979e+02	3.00000000000000e-02	0.00000000000000e+00	0.00000000000000e+00	2.06638482578989e+02	-9.80290291348081e-01
37	52	42	47	2.49240000000000e+02	3.14159265358979e+02	3.00000000000000e-02	0.00000000000000e+00	0.00000000000000e+00	2.58359764549379e+02	-1.19789207200499e+00
38	53	43	48	3.21720000000000e+02	3.14159265358979e+02	3.00000000000000e-02	0.00000000000000e+00	0.00000000000000e+00	3.23651854182961e+02	-1.99560397162202e-01
39	54	44	49	4.51390000000000e+02	3.14159265358979e+02	3.00000000000000e-02	0.00000000000000e+00	0.00000000000000e+00	3.88371524707585e+02	5.01230971515891e+00
40	55	45	50	5.01770000000000e+02	3.14159265358979e+02	3.00000000000000e-02	0.00000000000000e+00	0.00000000000000e+00	4.13057791001463e+02	6.48514448043107e+00
41	56	46	51	4.90230000000000e+02	3.14159265358979e+02	3.00000000000000e-02	0.00000000000000e+00	0.00000000000000e+00	4.35634066723440e+02	3.93573580983828e+00
42	57	47	52	4.98720000000000e+02	3.14159265358979e+02	3.00000000000000e-02	0.00000000000000e+00	0.00000000000000e+00	4.58717407648504e+02	2.78701550573149e+00
43	58	48	53	4.49020000000000e+02	3.14159265358979e+02	3.00000000000000e-02	0.00000000000000e+00	0.00000000000000e+00	4.23273768037933e+02	1.96827515725616e+00
44	59	49	54	3.88810000000000e+02	3.14159265358979e+02	3.00000000000000e-02	0.00000000000000e+00	0.00000000000000e+00	3.59706064259246e+02	2.59345275489181e+00
45	60	50	55	5.03560000000000e+02	3.14159265358979e+02	3.00000000000000e-02	0.00000000000000e+00	0.00000000000000e+00	3.08005816699680e+02	1.63861400904746e+01
46	61	51	56	3.44230000000000e+02	3.14159265358979e+02	3.00000000000000e-02	0.00000000000000e+00	0.00000000000000e+00	2.49890991976665e+02	1.06761749309593e+01
47	62	52	57	2.83930000000000e+02	3.14159265358979e+02	3.00000000000000e-02	0.00000000000000e+00	0.00000000000000e+00	1.99651411383795e+02	1.17384942044193e+01
48	63	53	58	2.23620000000000e+02	3.14159265358979e+02	3.00000000000000e-02	0.00000000000000e+00	0.00000000000000e+00	2.16422991622265e+02	1.09044651488913e+00
49	64	54	59	2.47410000000000e+02	3.14159265358979e+02	3.00000000000000e-02	0.00000000000000e+00	0.00000000000000e+00	2.28568521965659e+02	2.64036122739701e+00
50	65	55	60	2.30450000000000e+02	3.14159265358979e+02	3.00000000000000e-02	0.00000000000000e+00	0.00000000000000e+00	2.15655407211083e+02	2.21173741243940e+00
51	66	56	61	2.27210000000000e+02	3.14159265358979e+02	3.00000000000000e-02	0.00000000000000e+00	0.00000000000000e+00	2.11690474983035e+02	2.35831719429826e+00
52	67	57	62	1.94750000000000e+02	3.14159265358979e+02	3.00000000000000e-02	0.00000000000000e+00	0.00000000000000e+00	2.03472798107493e+02	-1.46052136545602e+00
53	68	58	63	1.86580000000000e+02	3.14159265358979e+02	3.00000000000000e-02	0.00000000000000e+00	0.00000000000000e+00	1.85329767303629e+02	2.24111243430899e-01
54	69	59	64	2.15060000000000e+02	3.14159265358979e+02	3.00000000000000e-02	0.00000000000000e+00	0.00000000000000e+00	2.00400684783217e+02	2.35327575585291e+00
55	70	60	65	2.37020000000000e+02	3.14159265358979e+02	3.00000000000000e-02	0.00000000000000e+00	0.00000000000000e+00	2.31946285815665e+02	7.21290251901478e-01
56	71	61	66	2.33690000000000e+02	3.14159265358979e+02	3.00000000000000e-02	0.00000000000000e+00	0.00000000000000e+00	2.29522755581471e+02	5.99775776066469e-01
57	72	62	67	2.13440000000000e+02	3.14159265358979e+02	3.00000000000000e-02	0.00000000000000e+00	0.00000000000000e+00	1.96969736213117e+02	2.67685563580677e+00
58	73	63	68	2.03710000000000e+02	3.14159265358979e+02	3.00000000000000e-02	0.00000000000000e+00	0.00000000000000e+00	1.84235669185509e+02	3.34938883227019e+00
59	74	64	69	1.91790000000000e+02	3.14159265358979e+02	3.00000000000000e-02	0.00000000000000e+00	0.00000000000000e+00	1.67231302331808e+02	4.56743751385031e+00
60	75	65	70	1.50260000000000e+02	3.14159265358979e+02	3.00000000000000e-02	0.00000000000000e+00	0.00000000000000e+00	1.45302944710116e+02	1.11820967183413e+00
61	76	66	71	1.35040000000000e+02	3.14159265358979e+02	3.00000000000000e-02	0.00000000000000e+00	0.00000000000000e+00	1.36466325485783e+02	-3.50228453470969e-01
62	77	67	72	1.54510000000000e+02	3.14159265358979e+02	3.00000000000000e-02	0.00000000000000e+00	0.00000000000000e+00	1.45237891588106e+02	2.06285964885090e+00
63	78	68	73	1.94020000000000e+02	3.14159265358979e+02	3.00000000000000e-02	0.00000000000000e+00	0.00000000000000e+00	1.81465731302074e+02	2.22981396359299e+00
64	79	69	74	2.66520000000000e+02	3.14159265358979e+02	3.00000000000000e-02	0.00000000000000e+00	0.00000000000000e+00	2.53110002773693e+02	1.72083666300808e+00
65	80	70	75	3.62760000000000e+02	3.14159265358979e+02	3.00000000000000e-02	0.00000000000000e+00	0.00000000000000e+00	3.45528320595856e+02	1.62222829480954e+00
66	81	71	76	5.26430000000000e+02	3.14159265358979e+02	3.00000000000000e-02	0.00000000000000e+00	0.00000000000000e+00	3.90394942874335e+02	9.96531561722153e+00
67	82	72	77	3.77570000000000e+02	3.14159265358979e+02	3.00000000000000e-02	0.00000000000000e+00	0.00000000000000e+00	3.52228081612831e+02	2.31590190239904e+00
68	83	73	78	2.57730000000000e+02	3.14159265358979e+02	3.00000000000000e-02	0.00000000000000e+00	0.00000000000000e+00	2.72556061267704e+02	-1.86439323495318e+00
69	84	74	79	1.83740000000000e+02	3.14159265358979e+02	3.00000000000000e-02	0.00000000000000e+00	0.00000000000000e+00	1.73778977615021e+02	1.85791555546183e+00
70	85	75	80	1.34570000000000e+02	3.14159265358979e+02	3.00000000000000e-02	0.00000000000000e+00	0.00000000000000e+00	1.14589704937700e+02	5.35755147525858e+00
71	86	76	81	9.85200000000000e+01	3.14159265358979e+02	3.00000000000000e-02	0.00000000000000e+00	0.00000000000000e+00	9.20544798065486e+01	2.26263332191750e+00
72	87	77	82	7.02700000000000e+01	3.14159265358979e+02	3.00000000000000e-02	0.00000000000000e+00	0.00000000000000e+00	7.33953471051167e+01	-1.45051924895364e+00
73	88	78	83	7.48100000000000e+01	3.14159265358979e+02	3.00000000000000e-02	0.00000000000000e+00	0.00000000000000e+00	1.01275967870792e+02	-1.00965860005584e+01
74	89	79	84	1.43060000000000e+02	3.14159265358979e+02	3.00000000000000e-02	0.00000000000000e+00	0.00000000000000e+00	1.62500595339074e+02	-4.24725142359706e+00
75	90	80	85	2.88300000000000e+02	3.14159265358979e+02	3.00000000000000e-02	0.00000000000000e+00	0.00000000000000e+00	2.28535080658738e+02	7.74372934117249e+00
76	91	81	86	3.60590000000000e+02	3.14159265358979e+02	3.00000000000000e-02	0.00000000000000e+00	0.00000000000000e+00	3.02825111984268e+02	5.81953760415853e+00
77	92	82	87	3.20050000000000e+02	3.14159265358979e+02	3.00000000000000e-02	0.00000000000000e+00	0.00000000000000e+00	3.11372202045613e+02	9.16274861632290e-01
78	93	83	88	2.79520000000000e+02	3.14159265358979e+02	3.00000000000000e-02	0.00000000000000e+00	0.00000000000000e+00	3.05403132174739e+02	-2.95196007737030e+00
79	94	84	89	2.10850000000000e+02	3.14159265358979e+02	3.00000000000000e-02	0.00000000000000e+00	0.00000000000000e+00	2.63428693334928e+02	-7.42119125455716e+00
80	95	85	90	2.95180000000000e+02	3.14159265358979e+02	3.00000000000000e-02	0.00000000000000e+00	0.00000000000000e+00	3.01223893860057e+02	-6.75616063679711e-01
81	96	86	91	3.47940000000000e+02	3.14159265358979e+02	3.00000000000000e-02	0.00000000000000e+00	0.00000000000000e+00	3.11518675206817e+02	3.68569207253771e+00
82	97	87	92	3.50380000000000e+02	3.14159265358979e+02	3.00000000000000e-02	0.00000000000000e+00	0.00000000000000e+00	3.17945856915654e+02	3.23790575983747e+00
83	98	88	93	3.43090000000000e+02	3.14159265358979e+02	3.00000000000000e-02	0.00000000000000e+00	0.00000000000000e+00	3.32446694087498e+02	1.05044249028016e+00
84	99	89	94	3.52780000000000e+02	3.14159265358979e+02	3.00000000000000e-02	0.00000000000000e+00	0.00000000000000e+00	3.44101980810152e+02	8.30218796693967e-01
85	100	90	95	3.11270000000000e+02	3.14159265358979e+02	3.00000000000000e-02	0.00000000000000e+00	0.00000000000000e+00	2.92172675518476e+02	2.11052402467355e+00
86	101	91	96	3.14920000000000e+02	3.14159265358979e+02	3.00000000000000e-02	0.00000000000000e+00	0.00000000000000e+00	2.87941263953744e+02	2.98540411949689e+00
87	102	92	97	3.15150000000000e+02	3.14159265358979e+02	3.00000000000000e-02	0.00000000000000e+00	0.00000000000000e+00	2.89806228653274e+02	2.79453977886848e+00
88	103	93	98	3.45210000000000e+02	3.14159265358979e+02	3.00000000000000e-02	0.00000000000000e+00	0.00000000000000e+00	3.21736525540028e+02	2.34733201892163e+00
89	104	94	99	3.92430000000000e+02	3.14159265358979e+02	3.00000000000000e-02	0.00000000000000e+00	0.00000000000000e+00	3.75799594137043e+02	1.44340567955625e+00
90	105	95	100	5.00850000000000e+02	3.14159265358979e+02	3.00000000000000e-02	0.00000000000000e+00	0.00000000000000e+00	4.65865531899604e+02	2.41365402427996e+00
91	106	96	101	5.87570000000000e+02	3.14159265358979e+02	3.00000000000000e-02	0.00000000000000e+00	0.00000000000000e+00	5.08724840313564e+02	4.80293687506694e+00
92	107	97	102	5.22440000000000e+02	3.14159265358979e+02	3.00000000000000e-02	0.00000000000000e+00	0.00000000000000e+00	4.71006029382402e+02	3.45464165127722e+00
93	108	98	103	4.14940000000000e+02	3.14159265358979e+02	3.00000000000000e-02	0.00000000000000e+00	0.00000000000000e+00	4.27612190765449e+02	-1.00275856736542e+00
94	109	99	104	3.71310000000000e+02	3.14159265358979e+02	3.00000000000000e-02	0.00000000000000e+00	0.00000000000000e+00	3.99789894108070e+02	-2.46339503860907e+00
95	110	100	105	3.60810000000000e+02	3.14159265358979e+02	3.00000000000000e-02	0.00000000000000e+00	0.00000000000000e+00	3.69579085706606e+02	-8.00441596139330e-01
96	111	101	106	3.68960000000000e+02	3.14159265358979e+02	3.00000000000000e-02	0.00000000000000e+00	0.00000000000000e+00	3.60436669382664e+02	7.79065672584108e-01
97	112	102	107	4.01240000000000e+02	3.14159265358979e+02	3.00000000000000e-02	0.00000000000000e+00	0.00000000000000e+00	4.09614945741232e+02	-6.88593655679171e-01
98	113	103	108	4.90190000000000e+02	3.14159265358979e+02	3.00000000000000e-02	0.00000000000000e+00	0.00000000000000e+00	5.27206633463678e+02	-2.42664981674974e+00
99	114	104	109	6.69000000000000e+02	3.14159265358979e+02	3.00000000000000e-02	0.00000000000000e+00	0.00000000000000e+00	6.82870610889961e+02	-6.84044638935818e-01
100	115	105	110	7.40110000000000e+02	3.14159265358979e+02	3.00000000000000e-02	0.00000000000000e+00	0.00000000000000e+00	7.34402889716568e+02	2.58034990065366e-01
101	116	106	111	7.76150000000000e+02	3.14159265358979e+02	3.00000000000000e-02	0.00000000000000e+00	0.00000000000000e+00	7.23738956611620e+02	2.33050100897897e+00
102	117	107	112	6.93530000000000e+02	3.14159265358979e+02	3.00000000000000e-02	0.00000000000000e+00	0.00000000000000e+00	6.83561584167892e+02	4.82591478316774e-01
103	118	108	113	5.09150000000000e+02	3.14159265358979e+02	3.00000000000000e-02	0.00000000000000e+00	0.00000000000000e+00	5.41078503903683e+02	-2.02739028602664e+00
104	119	109	114	4.44110000000000e+02	3.14159265358979e+02	3.00000000000000e-02	0.00000000000000e+00	0.00000000000000e+00	4.65103151705676e+02	-1.53956443719669e+00
105	120	110	115	4.40400000000000e+02	3.14159265358979e+02	3.00000000000000e-02	0.00000000000000e+00	0.00000000000000e+00	4.31107478514698e+02	7.10865857620865e-01
106	121	111	116	4.32330000000000e+02	3.14159265358979e+02	3.00000000000000e-02	0.00000000000000e+00	0.00000000000000e+00	4.16005969623755e+02	1.28298584343251e+00
107	122	112	117	4.29710000000000e+02	3.14159265358979e+02	3.00000000000000e-02	0.00000000000000e+00	0.00000000000000e+00	4.21755938077558e+02	6.22792053954295e-01
108	123	113	118	5.35120000000000e+02	3.14159265358979e+02	3.00000000000000e-02	0.00000000000000e+00	0.00000000000000e+00	5.28392578101436e+02	4.21716474859964e-01
109	124	114	119	6.55790000000000e+02	3.14159265358979e+02	3.00000000000000e-02	0.00000000000000e+00	0.00000000000000e+00	6.37942561534537e+02	9.19745513123023e-01
110	125	115	120	7.48230000000000e+02	3.14159265358979e+02	3.00000000000000e-02	0.00000000000000e+00	0.00000000000000e+00	6.84316815695786e+02	2.97631420373197e+00
111	126	116	121	7.82590000000000e+02	3.14159265358979e+02	3.00000000000000e-02	0.00000000000000e+00	0.00000000000000e+00	7.29298763667656e+02	2.35084856725614e+00
112	127	117	122	7.65100000000000e+02	3.14159265358979e+02	3.00000000000000e-02	0.00000000000000e+00	0.00000000000000e+00	7.25227101530516e+02	1.78405649810879e+00
113	128	118	123	6.41240000000000e+02	3.14159265358979e+02	3.00000000000000e-02	0.00000000000000e+00	0.00000000000000e+00	6.12777519323616e+02	1.51339564149584e+00
114	129	119	124	6.07830000000000e+02	3.14159265358979e+02	3.00000000000000e-02	0.00000000000000e+00	0.00000000000000e+00	5.81774928881883e+02	1.46038616014893e+00
115	130	120	125	5.65890000000000e+02	3.14159265358979e+02	3.00000000000000e-02	0.00000000000000e+00	0.00000000000000e+00	5.39242771692143e+02	1.60779440729305e+00
116	131	121	126	4.61640000000000e+02	3.14159265358979e+02	3.00000000000000e-02	0.00000000000000e+00	0.00000000000000e+00	4.71706514248225e+02	-7.19054459788312e-01
117	132	122	127	4.41640000000000e+02	3.14159265358979e+02	3.00000000000000e-02	0.00000000000000e+00	0.00000000000000e+00	4.59314376583365e+02	-1.30799404483701e+00
118	133	123	128	4.28780000000000e+02	3.14159265358979e+02	3.00000000000000e-02	0.00000000000000e+00	0.00000000000000e+00	4.42598160801388e+02	-1.05727684295234e+00
119	134	124	129	4.18260000000000e+02	3.14159265358979e+02	3.00000000000000e-02	0.00000000000000e+00	0.00000000000000e+00	4.14578851805425e+02	2.94668623188432e-01
120	135	125	130	4.46880000000000e+02	3.14159265358979e+02	3.00000000000000e-02	0.00000000000000e+00	0.00000000000000e+00	4.24386177211694e+02	1.72154220588941e+00
121	136	126	131	5.13840000000000e+02	3.14159265358979e+02	3.00000000000000e-02	0.00000000000000e+00	0.00000000000000e+00	4.84766969916390e+02	1.94145439586872e+00
122	137	127	132	4.67760000000000e+02	3.14159265358979e+02	3.00000000000000e-02	0.00000000000000e+00	0.00000000000000e+00	4.60022382135102e+02	5.56006625084689e-01
123	138	128	133	5.07910000000000e+02	3.14159265358979e+02	3.00000000000000e-02	0.00000000000000e+00	0.00000000000000e+00	5.03193135510899e+02	3.11006763561306e-01
124	139	129	134	5.59510000000000e+02	3.14159265358979e+02	3.00000000000000e-02	0.00000000000000e+00	0.00000000000000e+00	5.54861501692139e+02	2.78095486312176e-01
125	140	130	135	5.81370000000000e+02	3.14159265358979e+02	3.00000000000000e-02	0.00000000000000e+00	0.00000000000000e+00	5.70189246487203e+02	6.47302336673198e-01
126	141	131	136	5.81440000000000e+02	3.14159265358979e+02	3.00000000000000e-02	0.00000000000000e+00	0.00000000000000e+00	5.66186724015610e+02	8.86128677412401e-01
127	142	132	137	5.69230000000000e+02	3.14159265358979e+02	3.00000000000000e-02	0.00000000000000e+00	0.00000000000000e+00	5.71310685785139e+02	-1.21619983650056e-01
128	143	133	138	4.64360000000000e+02	3.14159265358979e+02	3.00000000000000e-02	0.00000000000000e+00	0.00000000000000e+00	4.72317307302578e+02	-5.66363582787795e-01
129	144	134	139	4.13130000000000e+02	3.14159265358979e+02	3.00000000000000e-02	0.00000000000000e+00	0.00000000000000e+00	4.18116573134737e+02	-3.99932111146839e-01
130	145	135	140	3.67090000000000e+02	3.14159265358979e+02	3.00000000000000e-02	0.00000000000000e+00	0.00000000000000e+00	3.79140935941859e+02	-1.07669830014106e+00
131	146	136	141	3.67090000000000e+02	3.14159265358979e+02	3.00000000000000e-02	0.00000000000000e+00	0.00000000000000e+00	3.43646255116430e+02	2.19980831555008e+00
132	147	137	142	3.21640000000000e+02	3.14159265358979e+02	3.00000000000000e-02	0.00000000000000e+00	0.00000000000000e+00	3.02616941258376e+02	2.03217074135219e+00
133	148	138	143	3.52630000000000e+02	3.14159265358979e+02	3.00000000000000e-02	0.00000000000000e+00	0.00000000000000e+00	3.48280160744732e+02	4.13737769718262e-01
134	149	139	144	3.68870000000000e+02	3.14159265358979e+02	3.00000000000000e-02	0.00000000000000e+00	0.00000000000000e+00	3.57473410967178e+02	1.04610979976331e+00
135	150	140	145	3.86550000000000e+02	3.14159265358979e+02	3.00000000000000e-02	0.00000000000000e+00	0.00000000000000e+00	3.85862514672400e+02	5.93366451285308e-02
136	151	141	146	4.01050000000000e+02	3.14159265358979e+02	3.00000000000000e-02	0.00000000000000e+00	0.00000000000000e+00	3.98342820495651e+02	2.25770508505363e-01
137	152	142	147	3.92850000000000e+02	3.14159265358979e+02	3.00000000000000e-02	0.00000000000000e+00	0.00000000000000e+00	3.90483044699616e+02	2.01443691598454e-01
138	153	143	148	3.62930000000000e+02	3.14159265358979e+02	3.00000000000000e-02	0.00000000000000e+00	0.00000000000000e+00	3.70226034366617e+02	-6.63458153412636e-01
139	154	144	149	3.91750000000000e+02	3.14159265358979e+02	3.00000000000000e-02	0.00000000000000e+00	0.00000000000000e+00	3.88979701275994e+02	2.36557359632853e-01
140	155	145	150	3.72060000000000e+02	3.14159265358979e+02	3.00000000000000e-02	0.00000000000000e+00	0.00000000000000e+00	3.66152131920918e+02	5.33540785515226e-01
141	156	146	151	3.59810000000000e+02	3.14159265358979e+02	3.00000000000000e-02	0.00000000000000e+00	0.00000000000000e+00	3.86464538839455e+02	-2.38213333414802e+00
142	157	147	152	4.55940000000000e+02	3.14159265358979e+02	3.00000000000000e-02	0.00000000000000e+00	0.00000000000000e+00	4.43589997409261e+02	9.15350511980062e-01
143	158	148	153	5.22080000000000e+02	3.14159265358979e+02	3.00000000000000e-02	0.00000000000000e+00	0.00000000000000e+00	4.93850294200571e+02	1.85294699208158e+00
144	159	149	154	5.69390000000000e+02	3.14159265358979e+02	3.00000000000000e-02	0.00000000000000e+00	0.00000000000000e+00	4.90756512617753e+02	4.95391695101993e+00
145	160	150	155	4.21260000000000e+02	3.14159265358979e+02	3.00000000000000e-02	0.00000000000000e+00	0.00000000000000e+00	4.44223857255189e+02	-1.76927993748827e+00
146	161	151	156	3.96300000000000e+02	3.14159265358979e+02	3.00000000000000e-02	0.00000000000000e+00	0.00000000000000e+00	3.81584729732718e+02	1.26128592822109e+00
147	162	152	157	2.88440000000000e+02	3.14159265358979e+02	3.00000000000000e-02	0.00000000000000e+00	0.00000000000000e+00	2.89184033892790e+02	-8.58729624149864e-02
148	163	153	158	2.41090000000000e+02	3.14159265358979e+02	3.00000000000000e-02	0.00000000000000e+00	0.00000000000000e+00	2.41821760448408e+02	-1.01020665115422e-01
149	164	154	159	1.90400000000000e+02	3.14159265358979e+02	3.00000000000000e-02	0.00000000000000e+00	0.00000000000000e+00	2.13674243045842e+02	-3.84418347131792e+00
150	165	155	160	2.04030000000000e+02	3.14159265358979e+02	3.00000000000000e-02	0.00000000000000e+00	0.00000000000000e+00	2.13988046386234e+02	-1.58843711992747e+00
151	166	156	161	2.72240000000000e+02	3.14159265358979e+02	3.00000000000000e-02	0.00000000000000e+00	0.00000000000000e+00	2.56320540752075e+02	2.00850855463948e+00
152	167	157	162	3.40440000000000e+02	3.14159265358979e+02	3.00000000000000e-02	0.00000000000000e+00	0.00000000000000e+00	3.41379673526883e+02	-9.18790464502569e-02
153	168	158	163	4.34800000000000e+02	3.14159265358979e+02	3.00000000000000e-02	0.00000000000000e+00	0.00000000000000e+00	4.19735556286689e+02	1.17537567191187e+00
154	169	159	164	5.71940000000000e+02	3.14159265358979e+02	3.00000000000000e-02	0.00000000000000e+00	0.00000000000000e+00	5.04340838176953e+02	4.19272616808358e+00
155	170	160	165	6.14910000000000e+02	3.14159265358979e+02	3.00000000000000e-02	0.00000000000000e+00	0.00000000000000e+00	6.00352496723789e+02	7.98631279523576e-01
156	171	161	166	7.31440000000000e+02	3.14159265358979e+02	3.00000000000000e-02	0.00000000000000e+00	0.00000000000000e+00	6.76456756903550e+02	2.60488900288554e+00
157	172	162	167	7.45360000000000e+02	3.14159265358979e+02	3.00000000000000e-02	0.00000000000000e+00	0.00000000000000e+00	7.03680458093328e+02	1.91809882597761e+00
158	173	163	168	7.30100000000000e+02	3.14159265358979e+02	3.00000000000000e-02	0.00000000000000e+00	0.00000000000000e+00	7.02483325750945e+02	1.28532819072253e+00
159	174	164	169	6.36670000000000e+02	3.14159265358979e+02	3.00000000000000e-02	0.00000000000000e+00	0.00000000000000e+00	6.03003640375862e+02	1.81094113814755e+00
160	175	165	170	6.12990000000000e+02	3.14159265358979e+02	3.00000000000000e-02	0.00000000000000e+00	0.00000000000000e+00	5.76299267518245e+02	2.05738450517880e+00
161	176	166	171	4.51520000000000e+02	3.14159265358979e+02	3.00000000000000e-02	0.00000000000000e+00	0.00000000000000e+00	3.68887349557447e+02	6.73761189950935e+00
1	19	7	13	3.70790000000000e+02	3.76991118430775e+02	3.00000000000000e-02	0.00000000000000e+00	0.00000000000000e+00	3.32287448039593e+02	3.65451543140226e+00
3	20	8	14	2.69240000000000e+02	3.76991118430775e+02	3.00000000000000e-02	0.00000000000000e+00	0.00000000000000e+00	2.69473911678189e+02	-2.89469280840689e-02
4	21	9	15	2.03320000000000e+02	3.76991118430775e+02	3.00000000000000e-02	0.00000000000000e+00	0.00000000000000e+00	1.97726394686331e+02	9.29895417699308e-01
2	22	10	16	1.37390000000000e+02	3.76991118430775e+02	3.00000000000000e-02	0.00000000000000e+00	0.00000000000000e+00	1.78696479641610e+02	-8.76217084041239e+00
5	23	11	17	1.55300000000000e+02	3.76991118430775e+02	3.00000000000000e-02	0.00000000000000e+00	0.00000000000000e+00	1.76131033050738e+02	-4.19564979488403e+00
6	24	12	18	1.63580000000000e+02	3.76991118430775e+02	3.00000000000000e-02	0.00000000000000e+00	0.00000000000000e+00	1.77801363078795e+02	-2.77882740345058e+00
7	25	13	19	1.02636000000000e+03	3.76991118430775e+02	3.00000000000000e-02	0.00000000000000e+00	0.00000000000000e+00	2.85493535618047e+02	4.26518151619847e+01
8	26	14	20	6.54390000000000e+02	3.76991118430775e+02	3.00000000000000e-02	0.00000000000000e+00	0.00000000000000e+00	3.29542907973730e+02	2.28665645688543e+01
9	27	15	21	4.77730000000000e+02	3.76991118430775e+02	3.00000000000000e-02	0.00000000000000e+00	0.00000000000000e+00	4.01389667577164e+02	5.80376747592952e+00
10	28	16	22	3.82070000000000e+02	3.76991118430775e+02	3.00000000000000e-02	0.00000000000000e+00	0.00000000000000e+00	3.77439782046406e+02	4.06426656181965e-01
11	29	17	23	2.86420000000000e+02	3.76991118430775e+02	3.00000000000000e-02	0.00000000000000e+00	0.00000000000000e+00	3.47507446684105e+02	-6.44422763438207e+00
12	30	18	24	3.08800000000000e+02	3.76991118430775e+02	3.00000000000000e-02	0.00000000000000e+00	0.00000000000000e+00	3.48626361384762e+02	-4.04356442670911e+00
13	31	19	25	3.25560000000000e+02	3.76991118430775e+02	3.00000000000000e-02	0.00000000000000e+00	0.00000000000000e+00	2.55728156864504e+02	8.04772611430069e+00
14	32	20	26	2.34950000000000e+02	3.76991118430775e+02	3.00000000000000e-02	0.00000000000000e+00	0.00000000000000e+00	1.90303704395695e+02	7.02504951175529e+00
15	33	21	27	1.82040000000000e+02	3.76991118430775e+02	3.00000000000000e-02	0.00000000000000e+00	0.00000000000000e+00	1.49329522508352e+02	6.60236728814884e+00
16	34	22	28	1.29130000000000e+02	3.76991118430775e+02	3.00000000000000e-02	0.00000000000000e+00	0.00000000000000e+00	1.26908140540690e+02	5.78537564629163e-01
17	35	23	29	1.43430000000000e+02	3.76991118430775e+02	3.00000000000000e-02	0.00000000000000e+00	0.00000000000000e+00	1.36798618097820e+02	1.57790692642722e+00
18	36	24	30	1.43720000000000e+02	3.76991118430775e+02	3.00000000000000e-02	0.00000000000000e+00	0.00000000000000e+00	1.55387476266463e+02	-2.60182940449181e+00
19	37	25	31	1.53420000000000e+02	3.76991118430775e+02	3.00000000000000e-02	0.00000000000000e+00	0.00000000000000e+00	1.91890728926053e+02	-7.45822771031541e+00
20	38	26	32	1.53420000000000e+02	3.76991118430775e+02	3.00000000000000e-02	0.00000000000000e+00	0.00000000000000e+00	1.92718492599212e+02	-7.60170926768451e+00
21	39	27	33	1.95980000000000e+02	3.76991118430775e+02	3.00000000000000e-02	0.00000000000000e+00	0.00000000000000e+00	2.03457864434012e+02	-1.24821052859809e+00
22	40	28	34	2.27050000000000e+02	3.76991118430775e+02	3.00000000000000e-02	0.00000000000000e+00	0.00000000000000e+00	2.32133488642208e+02	-7.38077691067781e-01
23	41	29	35	2.56180000000000e+02	3.76991118430775e+02	3.00000000000000e-02	0.00000000000000e+00	0.00000000000000e+00	2.60616714257304e+02	-5.72349260873602e-01
24	42	30	36	4.08380000000000e+02	3.76991118430775e+02	3.00000000000000e-02	0.00000000000000e+00	0.00000000000000e+00	3.89811568512288e+02	1.55115495967566e+00
25	43	31	37	5.60580000000000e+02	3.76991118430775e+02	3.00000000000000e-02	0.00000000000000e+00	0.00000000000000e+00	5.33989932306496e+02	1.61983255363577e+00
26	44	32	38	7.90180000000000e+02	3.76991118430775e+02	3.00000000000000e-02	0.00000000000000e+00	0.00000000000000e+00	6.59653518204254e+02	6.01820142841631e+00
27	45	33	39	7.47550000000000e+02	3.76991118430775e+02	3.00000000000000e-02	0.00000000000000e+00	0.00000000000000e+00	6.63308276559030e+02	3.98537794515261e+00
28	46	34	40	5.57050000000000e+02	3.76991118430775e+02	3.00000000000000e-02	0.00000000000000e+00	0.00000000000000e+00	6.01195591062309e+02	-2.54217739280807e+00
29	47	35	41	5.59220000000000e+02	3.76991118430775e+02	3.00000000000000e-02	0.00000000000000e+00	0.00000000000000e+00	5.45693256052290e+02	8.16197996206884e-01
30	48	36	42	4.01090000000000e+02	3.76991118430775e+02	3.00000000000000e-02	0.00000000000000e+00	0.00000000000000e+00	4.18781214573933e+02	-1.43875938668592e+00
31	49	37	43	2.58160000000000e+02	3.76991118430775e+02	3.00000000000000e-02	0.00000000000000e+00	0.00000000000000e+00	2.78377950742205e+02	-2.51333925532800e+00
32	50	38	44	1.71850000000000e+02	3.76991118430775e+02	3.00000000000000e-02	0.00000000000000e+00	0.00000000000000e+00	1.67886783351664e+02	7.77738656403907e-01
33	51	39	45	1.13210000000000e+02	3.76991118430775e+02	3.00000000000000e-02	0.00000000000000e+00	0.00000000000000e+00	1.23908253652479e+02	-3.00989669206778e+00
34	52	40	46	9.41100000000000e+01	3.76991118430775e+02	3.00000000000000e-02	0.00000000000000e+00	0.00000000000000e+00	1.07522868191980e+02	-4.44130804803402e+00
35	53	41	47	1.18860000000000e+02	3.76991118430775e+02	3.00000000000000e-02	0.00000000000000e+00	0.00000000000000e+00	1.21511623898842e+02	-7.35453273844389e-01
36	54	42	48	2.10820000000000e+02	3.76991118430775e+02	3.00000000000000e-02	0.00000000000000e+00	0.00000000000000e+00	1.99660931855226e+02	1.81280339064222e+00
37	55	43	49	3.88010000000000e+02	3.76991118430775e+02	3.00000000000000e-02	0.00000000000000e+00	0.00000000000000e+00	3.17661644611870e+02	6.66814356075112e+00
38	56	44	50	5.65210000000000e+02	3.76991118430775e+02	3.00000000000000e-02	0.00000000000000e+00	0.00000000000000e+00	4.50858310604860e+02	7.53480735124568e+00
39	57	45	51	5.94350000000000e+02	3.76991118430775e+02	3.00000000000000e-02	0.00000000000000e+00	0.00000000000000e+00	5.13785797181296e+02	4.85539766106114e+00
40	58	46	52	5.30230000000000e+02	3.76991118430775e+02	3.00000000000000e-02	0.00000000000000e+00	0.00000000000000e+00	5.20501935792740e+02	6.17242250851113e-01
41	59	47	53	5.49770000000000e+02	3.76991118430775e+02	3.00000000000000e-02	0.00000000000000e+00	0.00000000000000e+00	5.16590541550126e+02	2.07498124971464e+00
42	60	48	54	5.38100000000000e+02	3.76991118430775e+02	3.00000000000000e-02	0.00000000000000e+00	0.00000000000000e+00	4.78139677596902e+02	3.93805047146234e+00
43	61	49	55	4.53890000000000e+02	3.76991118430775e+02	3.00000000000000e-02	0.00000000000000e+00	0.00000000000000e+00	4.19180266724254e+02	2.65179398968153e+00
44	62	50	56	3.56160000000000e+02	3.76991118430775e+02	3.00000000000000e-02	0.00000000000000e+00	0.00000000000000e+00	3.53261639075276e+02	2.72369950512275e-01
45	63	51	57	3.04270000000000e+02	3.76991118430775e+02	3.00000000000000e-02	0.00000000000000e+00	0.00000000000000e+00	2.95266658390086e+02	1.00121967773310e+00
46	64	52	58	3.35730000000000e+02	3.76991118430775e+02	3.00000000000000e-02	0.00000000000000e+00	0.00000000000000e+00	2.50339162844486e+02	9.78302052259584e+00
47	65	53	59	2.61320000000000e+02	3.76991118430775e+02	3.00000000000000e-02	0.00000000000000e+00	0.00000000000000e+00	2.38867341269088e+02	2.99457898646551e+00
48	66	54	60	2.39140000000000e+02	3.76991118430775e+02	3.00000000000000e-02	0.00000000000000e+00	0.00000000000000e+00	2.21029022431370e+02	2.62517127923173e+00
49	67	55	61	2.36390000000000e+02	3.76991118430775e+02	3.00000000000000e-02	0.00000000000000e+00	0.00000000000000e+00	2.34962707386911e+02	2.01872462404159e-01
50	68	56	62	2.46820000000000e+02	3.76991118430775e+02	3.00000000000000e-02	0.00000000000000e+00	0.00000000000000e+00	2.39227963698357e+02	1.04141352293207e+00
51	69	57	63	2.53250000000000e+02	3.76991118430775e+02	3.00000000000000e-02	0.00000000000000e+00	0.00000000000000e+00	2.26628585571161e+02	3.70215508580856e+00
52	70	58	64	2.11730000000000e+02	3.76991118430775e+02	3.00000000000000e-02	0.00000000000000e+00	0.00000000000000e+00	2.06899938624268e+02	7.69219665360529e-01
53	71	59	65	2.03760000000000e+02	3.76991118430775e+02	3.00000000000000e-02	0.00000000000000e+00	0.00000000000000e+00	2.02026848752086e+02	2.84740916269162e-01
54	72	60	66	2.10210000000000e+02	3.76991118430775e+02	3.00000000000000e-02	0.00000000000000e+00	0.00000000000000e+00	2.08672466516432e+02	2.44705139921623e-01
55	73	61	67	1.76140000000000e+02	3.76991118430775e+02	3.00000000000000e-02	0.00000000000000e+00	0.00000000000000e+00	1.78680386327313e+02	-4.77317507421660e-01
56	74	62	68	1.46890000000000e+02	3.76991118430775e+02	3.00000000000000e-02	0.00000000000000e+00	0.00000000000000e+00	1.50158159697143e+02	-7.33504308225748e-01
57	75	63	69	1.27020000000000e+02	3.76991118430775e+02	3.00000000000000e-02	0.00000000000000e+00	0.00000000000000e+00	1.33440642031169e+02	-1.64373985362296e+00
58	76	64	70	1.33740000000000e+02	3.76991118430775e+02	3.00000000000000e-02	0.00000000000000e+00	0.00000000000000e+00	1.27966681846547e+02	1.47092282211636e+00
59	77	65	71	1.49490000000000e+02	3.76991118430775e+02	3.00000000000000e-02	0.00000000000000e+00	0.00000000000000e+00	1.23212008241192e+02	6.44409950405513e+00
60	78	66	72	1.19230000000000e+02	3.76991118430775e+02	3.00000000000000e-02	0.00000000000000e+00	0.00000000000000e+00	1.26662686818047e+02	-2.01577142943815e+00
61	79	67	73	1.78270000000000e+02	3.76991118430775e+02	3.00000000000000e-02	0.00000000000000e+00	0.00000000000000e+00	1.75764821258630e+02	4.71746544762978e-01
62	80	68	74	2.82240000000000e+02	3.76991118430775e+02	3.00000000000000e-02	0.00000000000000e+00	0.00000000000000e+00	2.37389927475770e+02	5.76845733453123e+00
63	81	69	75	3.86200000000000e+02	3.76991118430775e+02	3.00000000000000e-02	0.00000000000000e+00	0.00000000000000e+00	3.10749488331376e+02	7.24560953884277e+00
64	82	70	76	4.39150000000000e+02	3.76991118430775e+02	3.00000000000000e-02	0.00000000000000e+00	0.00000000000000e+00	3.58784229454347e+02	6.73732882425580e+00
65	83	71	77	3.30060000000000e+02	3.76991118430775e+02	3.00000000000000e-02	0.00000000000000e+00	0.00000000000000e+00	3.64874613476936e+02	-3.34264379094042e+00
66	84	72	78	2.45130000000000e+02	3.76991118430775e+02	3.00000000000000e-02	0.00000000000000e+00	0.00000000000000e+00	2.97460618924733e+02	-6.44977202655295e+00
67	85	73	79	2.10150000000000e+02	3.76991118430775e+02	3.00000000000000e-02	0.00000000000000e+00	0.00000000000000e+00	2.20353045822052e+02	-1.58031507988140e+00
68	86	74	80	1.74040000000000e+02	3.76991118430775e+02	3.00000000000000e-02	0.00000000000000e+00	0.00000000000000e+00	1.59071909754377e+02	2.99762650886697e+00
69	87	75	81	1.37930000000000e+02	3.76991118430775e+02	3.00000000000000e-02	0.00000000000000e+00	0.00000000000000e+00	1.19498302498782e+02	4.78147146159567e+00
70	88	76	82	9.90400000000000e+01	3.76991118430775e+02	3.00000000000000e-02	0.00000000000000e+00	0.00000000000000e+00	9.10281310448422e+01	2.81184059433655e+00
71	89	77	83	6.85200000000000e+01	3.76991118430775e+02	3.00000000000000e-02	0.00000000000000e+00	0.00000000000000e+00	8.42256669125765e+01	-6.87913446770831e+00
72	90	78	84	8.36900000000000e+01	3.76991118430775e+02	3.00000000000000e-02	0.00000000000000e+00	0.00000000000000e+00	1.20651914825437e+02	-1.21930055603841e+01
73	91	79	85	1.43950000000000e+02	3.76991118430775e+02	3.00000000000000e-02	0.00000000000000e+00	0.00000000000000e+00	1.64834912199146e+02	-4.51594746165416e+00
74	92	80	86	2.51250000000000e+02	3.76991118430775e+02	3.00000000000000e-02	0.00000000000000e+00	0.00000000000000e+00	2.27624180483218e+02	3.29175072084601e+00
75	93	81	87	3.58550000000000e+02	3.76991118430775e+02	3.00000000000000e-02	0.00000000000000e+00	0.00000000000000e+00	2.92931824346459e+02	6.73760732658124e+00
76	94	82	88	4.37960000000000e+02	3.76991118430775e+02	3.00000000000000e-02	0.00000000000000e+00	0.00000000000000e+00	3.43915097472222e+02	8.05775882560399e+00
77	95	83	89	3.49780000000000e+02	3.76991118430775e+02	3.00000000000000e-02	0.00000000000000e+00	0.00000000000000e+00	3.63113911006429e+02	-1.24707346809731e+00
78	96	84	90	2.99750000000000e+02	3.76991118430775e+02	3.00000000000000e-02	0.00000000000000e+00	0.00000000000000e+00	3.45492914448731e+02	-4.73411136606453e+00
79	97	85	91	3.41490000000000e+02	3.76991118430775e+02	3.00000000000000e-02	0.00000000000000e+00	0.00000000000000e+00	3.39443526486303e+02	2.00360201169521e-01
80	98	86	92	3.46710000000000e+02	3.76991118430775e+02	3.00000000000000e-02	0.00000000000000e+00	0.00000000000000e+00	3.22115551992878e+02	2.45261191213763e+00
81	99	87	93	3.32490000000000e+02	3.76991118430775e+02	3.00000000000000e-02	0.00000000000000e+00	0.00000000000000e+00	3.18695184525901e+02	1.41248909621374e+00
82	100	88	94	3.41900000000000e+02	3.76991118430775e+02	3.00000000000000e-02	0.00000000000000e+00	0.00000000000000e+00	3.13570551599297e+02	2.88313056390885e+00
83	101	89	95	3.14920000000000e+02	3.76991118430775e+02	3.00000000000000e-02	0.00000000000000e+00	0.00000000000000e+00	2.97150402250671e+02	1.93600742696116e+00
84	102	90	96	3.11340000000000e+02	3.76991118430775e+02	3.00000000000000e-02	0.00000000000000e+00	0.00000000000000e+00	3.03986539370739e+02	7.96738018917509e-01
85	103	91	97	2.93680000000000e+02	3.76991118430775e+02	3.00000000000000e-02	0.00000000000000e+00	0.00000000000000e+00	3.14758354757523e+02	-2.31048258300322e+00
86	104	92	98	3.47660000000000e+02	3.76991118430775e+02	3.00000000000000e-02	0.00000000000000e+00	0.00000000000000e+00	3.42372515014988e+02	5.10854040537279e-01
87	105	93	99	3.95980000000000e+02	3.76991118430775e+02	3.00000000000000e-02	0.00000000000000e+00	0.00000000000000e+00	3.72393709775527e+02	2.04706835704854e+00
88	106	94	100	4.57340000000000e+02	3.76991118430775e+02	3.00000000000000e-02	0.00000000000000e+00	0.00000000000000e+00	3.96407433056025e+02	4.76615143627450e+00
89	107	95	101	4.62000000000000e+02	3.76991118430775e+02	3.00000000000000e-02	0.00000000000000e+00	0.00000000000000e+00	4.13879666004885e+02	3.66632071102367e+00
90	108	96	102	4.31770000000000e+02	3.76991118430775e+02	3.00000000000000e-02	0.00000000000000e+00	0.00000000000000e+00	4.07656597885753e+02	1.91559636355546e+00
91	109	97	103	4.00860000000000e+02	3.76991118430775e+02	3.00000000000000e-02	0.00000000000000e+00	0.00000000000000e+00	3.80187753917934e+02	1.76490064030646e+00
92	110	98	104	3.77470000000000e+02	3.76991118430775e+02	3.00000000000000e-02	0.00000000000000e+00	0.00000000000000e+00	3.77652859122931e+02	-1.61438741873650e-02
93	111	99	105	3.90430000000000e+02	3.76991118430775e+02	3.00000000000000e-02	0.00000000000000e+00	0.00000000000000e+00	4.00603476872244e+02	-8.57446883568584e-01
94	112	100	106	3.78590000000000e+02	3.76991118430775e+02	3.00000000000000e-02	0.00000000000000e+00	0.00000000000000e+00	3.92662184035445e+02	-1.21652780945940e+00
95	113	101	107	4.05700000000000e+02	3.76991118430775e+02	3.00000000000000e-02	0.00000000000000e+00	0.00000000000000e+00	4.13940313881355e+02	-6.70260795026797e-01
96	114	102	108	4.99200000000000e+02	3.76991118430775e+02	3.00000000000000e-02	0.00000000000000e+00	0.00000000000000e+00	4.95016774268311e+02	2.80505588332118e-01
97	115	103	109	5.63950000000000e+02	3.76991118430775e+02	3.00000000000000e-02	0.00000000000000e+00	0.00000000000000e+00	5.95960573088797e+02	-1.84029724185576e+00
98	116	104	110	6.28220000000000e+02	3.76991118430775e+02	3.00000000000000e-02	0.00000000000000e+00	0.00000000000000e+00	6.31023218022365e+02	-1.48407795665554e-01
99	117	105	111	6.04440000000000e+02	3.76991118430775e+02	3.00000000000000e-02	0.00000000000000e+00	0.00000000000000e+00	6.18464811144736e+02	-7.64596226795048e-01
100	118	106	112	6.64240000000000e+02	3.76991118430775e+02	3.00000000000000e-02	0.00000000000000e+00	0.00000000000000e+00	6.11131580943672e+02	2.77770801802566e+00
101	119	107	113	6.13000000000000e+02	3.76991118430775e+02	3.00000000000000e-02	0.00000000000000e+00	0.00000000000000e+00	5.68842559243644e+02	2.49204124615770e+00
102	120	108	114	4.96610000000000e+02	3.76991118430775e+02	3.00000000000000e-02	0.00000000000000e+00	0.00000000000000e+00	4.97452257392308e+02	-5.64859050223040e-02
103	121	109	115	3.93090000000000e+02	3.76991118430775e+02	3.00000000000000e-02	0.00000000000000e+00	0.00000000000000e+00	4.05925181595894e+02	-1.07100891838806e+00
104	122	110	116	3.75730000000000e+02	3.76991118430775e+02	3.00000000000000e-02	0.00000000000000e+00	0.00000000000000e+00	3.86046393829456e+02	-9.02891772451723e-01
105	123	111	117	4.66390000000000e+02	3.76991118430775e+02	3.00000000000000e-02	0.00000000000000e+00	0.00000000000000e+00	4.24313618914574e+02	3.15164483062634e+00
106	124	112	118	4.59770000000000e+02	3.76991118430775e+02	3.00000000000000e-02	0.00000000000000e+00	0.00000000000000e+00	4.53442632331390e+02	4.61920090285754e-01
107	125	113	119	5.58740000000000e+02	3.76991118430775e+02	3.00000000000000e-02	0.00000000000000e+00	0.00000000000000e+00	5.08945617399827e+02	3.11143599589858e+00
108	126	114	120	5.94220000000000e+02	3.76991118430775e+02	3.00000000000000e-02	0.00000000000000e+00	0.00000000000000e+00	5.71971681129040e+02	1.27200465080977e+00
109	127	115	121	6.80820000000000e+02	3.76991118430775e+02	3.00000000000000e-02	0.00000000000000e+00	0.00000000000000e+00	6.34983193796235e+02	2.32331406503755e+00
110	128	116	122	6.78070000000000e+02	3.76991118430775e+02	3.00000000000000e-02	0.00000000000000e+00	0.00000000000000e+00	6.14751449148680e+02	3.26774963525602e+00
111	129	117	123	6.37060000000000e+02	3.76991118430775e+02	3.00000000000000e-02	0.00000000000000e+00	0.00000000000000e+00	5.91285081925808e+02	2.48551898107439e+00
112	130	118	124	6.08700000000000e+02	3.76991118430775e+02	3.00000000000000e-02	0.00000000000000e+00	0.00000000000000e+00	5.77552096115635e+02	1.75089624828463e+00
113	131	119	125	5.55330000000000e+02	3.76991118430775e+02	3.00000000000000e-02	0.00000000000000e+00	0.00000000000000e+00	5.36224123661275e+02	1.16701056021527e+00
114	132	120	126	5.05270000000000e+02	3.76991118430775e+02	3.00000000000000e-02	0.00000000000000e+00	0.00000000000000e+00	4.87068540783790e+02	1.22293619519335e+00
115	133	121	127	4.02590000000000e+02	3.76991118430775e+02	3.00000000000000e-02	0.00000000000000e+00	0.00000000000000e+00	4.09818331146794e+02	-5.93176413038806e-01
116	134	122	128	3.54560000000000e+02	3.76991118430775e+02	3.00000000000000e-02	0.00000000000000e+00	0.00000000000000e+00	3.68513617616985e+02	-1.28666936707432e+00
117	135	123	129	3.22290000000000e+02	3.76991118430775e+02	3.00000000000000e-02	0.00000000000000e+00	0.00000000000000e+00	3.68168715709230e+02	-4.43631794532789e+00
118	136	124	130	3.51860000000000e+02	3.76991118430775e+02	3.00000000000000e-02	0.00000000000000e+00	0.00000000000000e+00	3.71456317735534e+02	-1.80659681830007e+00
119	137	125	131	3.87090000000000e+02	3.76991118430775e+02	3.00000000000000e-02	0.00000000000000e+00	0.00000000000000e+00	3.84639365216017e+02	2.11701418639028e-01
120	138	126	132	4.33710000000000e+02	3.76991118430775e+02	3.00000000000000e-02	0.00000000000000e+00	0.00000000000000e+00	4.10333003071698e+02	1.84690251114219e+00
121	139	127	133	4.73490000000000e+02	3.76991118430775e+02	3.00000000000000e-02	0.00000000000000e+00	0.00000000000000e+00	4.48532215846614e+02	1.80500946518274e+00
122	140	128	134	4.91880000000000e+02	3.76991118430775e+02	3.00000000000000e-02	0.00000000000000e+00	0.00000000000000e+00	4.57720546353275e+02	2.39919824048756e+00
123	141	129	135	5.37520000000000e+02	3.76991118430775e+02	3.00000000000000e-02	0.00000000000000e+00	0.00000000000000e+00	4.88516548021736e+02	3.18642075101231e+00
124	142	130	136	5.76880000000000e+02	3.76991118430775e+02	3.00000000000000e-02	0.00000000000000e+00	0.00000000000000e+00	5.61007155903160e+02	9.30020384885122e-01
125	143	131	137	5.52820000000000e+02	3.76991118430775e+02	3.00000000000000e-02	0.00000000000000e+00	0.00000000000000e+00	5.65700337337253e+02	-7.67734913938127e-01
126	144	132	138	5.28620000000000e+02	3.76991118430775e+02	3.00000000000000e-02	0.00000000000000e+00	0.00000000000000e+00	5.33468359149796e+02	-3.04330789185296e-01
127	145	133	139	4.55750000000000e+02	3.76991118430775e+02	3.00000000000000e-02	0.00000000000000e+00	0.00000000000000e+00	4.51597403695708e+02	3.05111014118549e-01
128	146	134	140	3.87530000000000e+02	3.76991118430775e+02	3.00000000000000e-02	0.00000000000000e+00	0.00000000000000e+00	3.85238676963251e+02	1.97672759432136e-01
129	147	135	141	3.31290000000000e+02	3.76991118430775e+02	3.00000000000000e-02	0.00000000000000e+00	0.00000000000000e+00	3.52921955206842e+02	-2.10842725655107e+00
130	148	136	142	3.31290000000000e+02	3.76991118430775e+02	3.00000000000000e-02	0.00000000000000e+00	0.00000000000000e+00	3.18656164425489e+02	1.29604859035754e+00
131	149	137	143	3.03940000000000e+02	3.76991118430775e+02	3.00000000000000e-02	0.00000000000000e+00	0.00000000000000e+00	2.88968282346904e+02	1.68377936935512e+00
132	150	138	144	2.90190000000000e+02	3.76991118430775e+02	3.00000000000000e-02	0.00000000000000e+00	0.00000000000000e+00	2.98858401341204e+02	-9.81133541560049e-01
133	151	139	145	3.55200000000000e+02	3.76991118430775e+02	3.00000000000000e-02	0.00000000000000e+00	0.00000000000000e+00	3.46649202408840e+02	8.12256219550367e-01
134	152	140	146	3.60900000000000e+02	3.76991118430775e+02	3.00000000000000e-02	0.00000000000000e+00	0.00000000000000e+00	3.50801168428470e+02	9.46044013411888e-01
135	153	141	147	3.77370000000000e+02	3.76991118430775e+02	3.00000000000000e-02	0.00000000000000e+00	0.00000000000000e+00	3.62986604019000e+02	1.29534028213059e+00
136	154	142	148	3.88820000000000e+02	3.76991118430775e+02	3.00000000000000e-02	0.00000000000000e+00	0.00000000000000e+00	3.85409027059576e+02	2.93711110456100e-01
137	155	143	149	4.06500000000000e+02	3.76991118430775e+02	3.00000000000000e-02	0.00000000000000e+00	0.00000000000000e+00	4.10963054366021e+02	-3.63979647145326e-01
138	156	144	150	4.24980000000000e+02	3.76991118430775e+02	3.00000000000000e-02	0.00000000000000e+00	0.00000000000000e+00	4.23527516080412e+02	1.14120799230684e-01
139	157	145	151	4.25990000000000e+02	3.76991118430775e+02	3.00000000000000e-02	0.00000000000000e+00	0.00000000000000e+00	4.31058939800556e+02	-3.94298673869760e-01
140	158	146	152	4.94450000000000e+02	3.76991118430775e+02	3.00000000000000e-02	0.00000000000000e+00	0.00000000000000e+00	4.90914321751187e+02	2.39213953322951e-01
141	159	147	153	5.29210000000000e+02	3.76991118430775e+02	3.00000000000000e-02	0.00000000000000e+00	0.00000000000000e+00	4.87148704503435e+02	2.76053013266792e+00
142	160	148	154	5.05550000000000e+02	3.76991118430775e+02	3.00000000000000e-02	0.00000000000000e+00	0.00000000000000e+00	4.92701361559058e+02	8.58123750886926e-01
143	161	149	155	4.54710000000000e+02	3.76991118430775e+02	3.00000000000000e-02	0.00000000000000e+00	0.00000000000000e+00	4.40232285815020e+02	1.07857810648205e+00
144	162	150	156	3.49110000000000e+02	3.76991118430775e+02	3.00000000000000e-02	0.00000000000000e+00	0.00000000000000e+00	3.67063422459799e+02	-1.67158625259815e+00
145	163	151	157	3.13000000000000e+02	3.76991118430775e+02	3.00000000000000e-02	0.00000000000000e+00	0.00000000000000e+00	3.28761808174758e+02	-1.63767702363584e+00
146	164	152	158	2.42180000000000e+02	3.76991118430775e+02	3.00000000000000e-02	0.00000000000000e+00	0.00000000000000e+00	2.39323995130794e+02	3.95432975555554e-01
147	165	153	159	2.25510000000000e+02	3.76991118430775e+02	3.00000000000000e-02	0.00000000000000e+00	0.00000000000000e+00	2.23848675606475e+02	2.46474520700198e-01
148	166	154	160	2.00230000000000e+02	3.76991118430775e+02	3.00000000000000e-02	0.00000000000000e+00	0.00000000000000e+00	1.98373345500825e+02	3.10528908441920e-01
149	167	155	161	1.88170000000000e+02	3.76991118430775e+02	3.00000000000000e-02	0.00000000000000e+00	0.00000000000000e+00	2.08591698409299e+02	-3.43443118408719e+00
150	168	156	162	2.48380000000000e+02	3.76991118430775e+02	3.00000000000000e-02	0.00000000000000e+00	0.00000000000000e+00	2.59855936214899e+02	-1.50558514830230e+00
151	169	157	163	3.37820000000000e+02	3.76991118430775e+02	3.00000000000000e-02	0.00000000000000e+00	0.00000000000000e+00	3.13819963029647e+02	2.45645846429321e+00
152	170	158	164	4.27260000000000e+02	3.76991118430775e+02	3.00000000000000e-02	0.00000000000000e+00	0.00000000000000e+00	4.46672301698301e+02	-1.48108309058819e+00
153	171	159	165	6.22450000000000e+02	3.76991118430775e+02	3.00000000000000e-02	0.00000000000000e+00	0.00000000000000e+00	5.43550340386414e+02	4.51803263165473e+00
154	172	160	166	7.10640000000000e+02	3.76991118430775e+02	3.00000000000000e-02	0.00000000000000e+00	0.00000000000000e+00	6.87196620263660e+02	1.11818399765721e+00
155	173	161	167	7.91160000000000e+02	3.76991118430775e+02	3.00000000000000e-02	0.00000000000000e+00	0.00000000000000e+00	7.30524860016444e+02	2.65789869312393e+00
156	174	162	168	6.60560000000000e+02	3.76991118430775e+02	3.00000000000000e-02	0.00000000000000e+00	0.00000000000000e+00	6.47020486301494e+02	6.90333419442831e-01
157	175	163	169	6.95740000000000e+02	3.76991118430775e+02	3.00000000000000e-02	0.00000000000000e+00	0.00000000000000e+00	6.56617964393761e+02	1.92912209694119e+00
158	176	164	170	4.31790000000000e+02	3.76991118430775e+02	3.00000000000000e-02	0.00000000000000e+00	0.00000000000000e+00	3.87937091764652e+02	3.56987223639470e+00
1	22	8	15	2.92720000000000e+02	4.39822971502571e+02	3.00000000000000e-02	0.00000000000000e+00	0.00000000000000e+00	2.48020469564801e+02	5.52350797947815e+00
3	23	9	16	2.22500000000000e+02	4.39822971502571e+02	3.00000000000000e-02	0.00000000000000e+00	0.00000000000000e+00	2.00735900607123e+02	3.43123282781151e+00
4	24	10	17	1.52280000000000e+02	4.39822971502571e+02	3.00000000000000e-02	0.00000000000000e+00	0.00000000000000e+00	1.90564030726566e+02	-7.47557752921946e+00
2	25	11	18	1.33000000000000e+02	4.39822971502571e+02	3.00000000000000e-02	0.00000000000000e+00	0.00000000000000e+00	1.85073119824348e+02	-1.10133953687561e+01
5	26	12	19	1.02160000000000e+02	4.39822971502571e+02	3.00000000000000e-02	0.00000000000000e+00	0.00000000000000e+00	2.21110238633109e+02	-2.57373727589947e+01
6	27	13	20	1.77730000000000e+02	4.39822971502571e+02	3.00000000000000e-02	0.00000000000000e+00	0.00000000000000e+00	2.56984374056843e+02	-1.22916578979867e+01
7	28	14	21	2.53300000000000e+02	4.39822971502571e+02	3.00000000000000e-02	0.00000000000000e+00	0.00000000000000e+00	3.27656203423596e+02	-8.57967804594824e+00
8	29	15	22	2.42050000000000e+02	4.39822971502571e+02	3.00000000000000e-02	0.00000000000000e+00	0.00000000000000e+00	3.17498110980092e+02	-9.04425174201139e+00
9	30	16	23	2.65010000000000e+02	4.39822971502571e+02	3.00000000000000e-02	0.00000000000000e+00	0.00000000000000e+00	3.37323263743475e+02	-8.04247163492144e+00
10	31	17	24	2.39900000000000e+02	4.39822971502571e+02	3.00000000000000e-02	0.00000000000000e+00	0.00000000000000e+00	2.99737553510965e+02	-7.42283667668924e+00
11	32	18	25	2.84120000000000e+02	4.39822971502571e+02	3.00000000000000e-02	0.00000000000000e+00	0.00000000000000e+00	3.28637420731929e+02	-4.85194647571306e+00
12	33	19	26	2.69990000000000e+02	4.39822971502571e+02	3.00000000000000e-02	0.00000000000000e+00	0.00000000000000e+00	2.72100786858427e+02	-2.59587210275776e-01
13	34	20	27	2.15990000000000e+02	4.39822971502571e+02	3.00000000000000e-02	0.00000000000000e+00	0.00000000000000e+00	1.92185581806485e+02	3.89235444031459e+00
14	35	21	28	1.61980000000000e+02	4.39822971502571e+02	3.00000000000000e-02	0.00000000000000e+00	0.00000000000000e+00	1.47356531844799e+02	3.15392779486562e+00
15	36	22	29	1.37400000000000e+02	4.39822971502571e+02	3.00000000000000e-02	0.00000000000000e+00	0.00000000000000e+00	1.35233847087092e+02	5.29696641132678e-01
16	37	23	30	1.48190000000000e+02	4.39822971502571e+02	3.00000000000000e-02	0.00000000000000e+00	0.00000000000000e+00	1.37430886232356e+02	2.51246963489897e+00
17	38	24	31	1.63200000000000e+02	4.39822971502571e+02	3.00000000000000e-02	0.00000000000000e+00	0.00000000000000e+00	1.57607073307159e+02	1.16237949075879e+00
18	39	25	32	1.67950000000000e+02	4.39822971502571e+02	3.00000000000000e-02	0.00000000000000e+00	0.00000000000000e+00	1.63109189724865e+02	9.74882130179644e-01
19	40	26	33	1.73540000000000e+02	4.39822971502571e+02	3.00000000000000e-02	0.00000000000000e+00	0.00000000000000e+00	2.01598572298377e+02	-4.99567779845019e+00
20	41	27	34	2.41550000000000e+02	4.39822971502571e+02	3.00000000000000e-02	0.00000000000000e+00	0.00000000000000e+00	2.53596444577580e+02	-1.62225705532943e+00
21	42	28	35	3.09560000000000e+02	4.39822971502571e+02	3.00000000000000e-02	0.00000000000000e+00	0.00000000000000e+00	3.19096370074503e+02	-1.01137411021449e+00
22	43	29	36	4.77590000000000e+02	4.39822971502571e+02	3.00000000000000e-02	0.00000000000000e+00	0.00000000000000e+00	4.39437335182517e+02	2.77524996470341e+00
23	44	30	37	6.45620000000000e+02	4.39822971502571e+02	3.00000000000000e-02	0.00000000000000e+00	0.00000000000000e+00	5.91190251981733e+02	2.93577381470132e+00
24	45	31	38	7.76240000000000e+02	4.39822971502571e+02	3.00000000000000e-02	0.00000000000000e+00	0.00000000000000e+00	6.66175410828333e+02	5.09695784109523e+00
25	46	32	39	7.02340000000000e+02	4.39822971502571e+02	3.00000000000000e-02	0.00000000000000e+00	0.00000000000000e+00	6.76624721322836e+02	1.24336080021556e+00
26	47	33	40	7.04010000000000e+02	4.39822971502571e+02	3.00000000000000e-02	0.00000000000000e+00	0.00000000000000e+00	6.57864142882484e+02	2.25980401261916e+00
27	48	34	41	5.91560000000000e+02	4.39822971502571e+02	3.00000000000000e-02	0.00000000000000e+00	0.00000000000000e+00	5.70527529658697e+02	1.20672306143591e+00
28	49	35	42	4.29020000000000e+02	4.39822971502571e+02	3.00000000000000e-02	0.00000000000000e+00	0.00000000000000e+00	4.42614735089834e+02	-1.03987270964080e+00
29	50	36	43	2.81290000000000e+02	4.39822971502571e+02	3.00000000000000e-02	0.00000000000000e+00	0.00000000000000e+00	3.02335599102485e+02	-2.40504966885820e+00
30	51	37	44	1.68650000000000e+02	4.39822971502571e+02	3.00000000000000e-02	0.00000000000000e+00	0.00000000000000e+00	1.72767528851989e+02	-8.04045515616547e-01
31	52	38	45	1.11910000000000e+02	4.39822971502571e+02	3.00000000000000e-02	0.00000000000000e+00	0.00000000000000e+00	1.08223364275237e+02	1.11658992426780e+00
32	53	39	46	8.87900000000000e+01	4.39822971502571e+02	3.00000000000000e-02	0.00000000000000e+00	0.00000000000000e+00	8.44426974113434e+01	1.67336212879900e+00
33	54	40	47	6.56700000000000e+01	4.39822971502571e+02	3.00000000000000e-02	0.00000000000000e+00	0.00000000000000e+00	7.70567992696456e+01	-5.33002008570653e+00
34	55	41	48	9.65900000000000e+01	4.39822971502571e+02	3.00000000000000e-02	0.00000000000000e+00	0.00000000000000e+00	9.53144506227203e+01	4.43126134967938e-01
35	56	42	49	1.27510000000000e+02	4.39822971502571e+02	3.00000000000000e-02	0.00000000000000e+00	0.00000000000000e+00	1.46727665155283e+02	-4.67944858909461e+00
36	57	43	50	2.95460000000000e+02	4.39822971502571e+02	3.00000000000000e-02	0.00000000000000e+00	0.00000000000000e+00	2.61666198468532e+02	4.04879413576662e+00
37	58	44	51	4.60640000000000e+02	4.39822971502571e+02	3.00000000000000e-02	0.00000000000000e+00	0.00000000000000e+00	4.28212737068848e+02	2.43322351812788e+00
38	59	45	52	6.25820000000000e+02	4.39822971502571e+02	3.00000000000000e-02	0.00000000000000e+00	0.00000000000000e+00	5.45666527270833e+02	4.56849188577178e+00
39	60	46	53	5.81940000000000e+02	4.39822971502571e+02	3.00000000000000e-02	0.00000000000000e+00	0.00000000000000e+00	5.68814626965317e+02	7.60425199819892e-01
40	61	47	54	6.33610000000000e+02	4.39822971502571e+02	3.00000000000000e-02	0.00000000000000e+00	0.00000000000000e+00	5.79063455585852e+02	3.00071854988078e+00
41	62	48	55	5.94150000000000e+02	4.39822971502571e+02	3.00000000000000e-02	0.00000000000000e+00	0.00000000000000e+00	5.45878643576645e+02	2.82450420690621e+00
42	63	49	56	5.38240000000000e+02	4.39822971502571e+02	3.00000000000000e-02	0.00000000000000e+00	0.00000000000000e+00	4.81347228734638e+02	3.72385528047626e+00
43	64	50	57	4.40200000000000e+02	4.39822971502571e+02	3.00000000000000e-02	0.00000000000000e+00	0.00000000000000e+00	4.12995314956249e+02	2.12643067090908e+00
44	65	51	58	3.79030000000000e+02	4.39822971502571e+02	3.00000000000000e-02	0.00000000000000e+00	0.00000000000000e+00	3.34908576402571e+02	4.12525897680700e+00
45	66	52	59	3.01510000000000e+02	4.39822971502571e+02	3.00000000000000e-02	0.00000000000000e+00	0.00000000000000e+00	2.68674998239021e+02	3.84335729800519e+00
46	67	53	60	2.86650000000000e+02	4.39822971502571e+02	3.00000000000000e-02	0.00000000000000e+00	0.00000000000000e+00	2.54499636944880e+02	3.96541833025138e+00
47	68	54	61	2.72070000000000e+02	4.39822971502571e+02	3.00000000000000e-02	0.00000000000000e+00	0.00000000000000e+00	2.63289614085124e+02	1.09349218598120e+00
48	69	55	62	2.90340000000000e+02	4.39822971502571e+02	3.00000000000000e-02	0.00000000000000e+00	0.00000000000000e+00	2.72334936305875e+02	2.13399859302091e+00
49	70	56	63	2.73160000000000e+02	4.39822971502571e+02	3.00000000000000e-02	0.00000000000000e+00	0.00000000000000e+00	2.59877223175262e+02	1.66161343881133e+00
50	71	57	64	2.33740000000000e+02	4.39822971502571e+02	3.00000000000000e-02	0.00000000000000e+00	0.00000000000000e+00	2.34409497129009e+02	-9.53395713016706e-02
51	72	58	65	2.20790000000000e+02	4.39822971502571e+02	3.00000000000000e-02	0.00000000000000e+00	0.00000000000000e+00	2.15955248144875e+02	7.38027393941050e-01
52	73	59	66	1.98930000000000e+02	4.39822971502571e+02	3.00000000000000e-02	0.00000000000000e+00	0.00000000000000e+00	2.03373301163276e+02	-7.36340274414922e-01
53	74	60	67	1.64810000000000e+02	4.39822971502571e+02	3.00000000000000e-02	0.00000000000000e+00	0.00000000000000e+00	1.70871431211597e+02	-1.20393714017384e+00
54	75	61	68	1.30760000000000e+02	4.39822971502571e+02	3.00000000000000e-02	0.00000000000000e+00	0.00000000000000e+00	1.38340083091637e+02	-1.87838139832452e+00
55	76	62	69	9.87200000000000e+01	4.39822971502571e+02	3.00000000000000e-02	0.00000000000000e+00	0.00000000000000e+00	1.12179210289355e+02	-4.26033747413979e+00
56	77	63	70	8.94800000000000e+01	4.39822971502571e+02	3.00000000000000e-02	0.00000000000000e+00	0.00000000000000e+00	1.02392674717505e+02	-4.49333458209322e+00
57	78	64	71	1.11530000000000e+02	4.39822971502571e+02	3.00000000000000e-02	0.00000000000000e+00	0.00000000000000e+00	1.13651324928759e+02	-6.28053173275974e-01
58	79	65	72	1.33580000000000e+02	4.39822971502571e+02	3.00000000000000e-02	0.00000000000000e+00	0.00000000000000e+00	1.39176347887312e+02	-1.36804231876887e+00
59	80	66	73	1.73030000000000e+02	4.39822971502571e+02	3.00000000000000e-02	0.00000000000000e+00	0.00000000000000e+00	1.70265667751010e+02	5.36834038905513e-01
60	81	67	74	2.43950000000000e+02	4.39822971502571e+02	3.00000000000000e-02	0.00000000000000e+00	0.00000000000000e+00	2.21695456739407e+02	3.18862208934604e+00
61	82	68	75	3.56960000000000e+02	4.39822971502571e+02	3.00000000000000e-02	0.00000000000000e+00	0.00000000000000e+00	2.99525973804034e+02	5.84741976674756e+00
62	83	69	76	3.41760000000000e+02	4.39822971502571e+02	3.00000000000000e-02	0.00000000000000e+00	0.00000000000000e+00	3.41646452373947e+02	1.10766320397637e-02
63	84	70	77	2.57080000000000e+02	4.39822971502571e+02	3.00000000000000e-02	0.00000000000000e+00	0.00000000000000e+00	3.19967559509917e+02	-7.29440978734104e+00
64	85	71	78	2.29100000000000e+02	4.39822971502571e+02	3.00000000000000e-02	0.00000000000000e+00	0.00000000000000e+00	2.77758899997334e+02	-6.41982939138801e+00
65	86	72	79	2.65830000000000e+02	4.39822971502571e+02	3.00000000000000e-02	0.00000000000000e+00	0.00000000000000e+00	2.45718199046981e+02	2.62238865826552e+00
66	87	73	80	2.36190000000000e+02	4.39822971502571e+02	3.00000000000000e-02	0.00000000000000e+00	0.00000000000000e+00	2.09735727480814e+02	3.95960894052830e+00
67	88	74	81	1.77980000000000e+02	4.39822971502571e+02	3.00000000000000e-02	0.00000000000000e+00	0.00000000000000e+00	1.58855285910525e+02	3.78925160513293e+00
68	89	75	82	1.60460000000000e+02	4.39822971502571e+02	3.00000000000000e-02	0.00000000000000e+00	0.00000000000000e+00	1.21629103982557e+02	9.23561358231133e+00
69	90	76	83	1.14500000000000e+02	4.39822971502571e+02	3.00000000000000e-02	0.00000000000000e+00	0.00000000000000e+00	1.07215002682342e+02	2.19128779182517e+00
70	91	77	84	1.01360000000000e+02	4.39822971502571e+02	3.00000000000000e-02	0.00000000000000e+00	0.00000000000000e+00	1.17456228665973e+02	-4.91290687253535e+00
71	92	78	85	1.07890000000000e+02	4.39822971502571e+02	3.00000000000000e-02	0.00000000000000e+00	0.00000000000000e+00	1.45281269019196e+02	-9.91864867468486e+00
72	93	79	86	1.60130000000000e+02	4.39822971502571e+02	3.00000000000000e-02	0.00000000000000e+00	0.00000000000000e+00	1.89561587243027e+02	-5.62426616771393e+00
73	94	80	87	2.43030000000000e+02	4.39822971502571e+02	3.00000000000000e-02	0.00000000000000e+00	0.00000000000000e+00	2.28838176565167e+02	2.00565971022429e+00
74	95	81	88	3.25930000000000e+02	4.39822971502571e+02	3.00000000000000e-02	0.00000000000000e+00	0.00000000000000e+00	2.92314285116075e+02	3.62843640135940e+00
75	96	82	89	4.20760000000000e+02	4.39822971502571e+02	3.00000000000000e-02	0.00000000000000e+00	0.00000000000000e+00	3.63155305429250e+02	4.90773394850027e+00
76	97	83	90	4.42460000000000e+02	4.39822971502571e+02	3.00000000000000e-02	0.00000000000000e+00	0.00000000000000e+00	4.27709661511453e+02	1.13018201484977e+00
77	98	84	91	3.81940000000000e+02	4.39822971502571e+02	3.00000000000000e-02	0.00000000000000e+00	0.00000000000000e+00	4.02894336789084e+02	-1.78036025902761e+00
78	99	85	92	3.24110000000000e+02	4.39822971502571e+02	3.00000000000000e-02	0.00000000000000e+00	0.00000000000000e+00	3.56435259335315e+02	-3.16898860914983e+00
79	100	86	93	3.27480000000000e+02	4.39822971502571e+02	3.00000000000000e-02	0.00000000000000e+00	0.00000000000000e+00	3.31704144352000e+02	-4.27215188155620e-01
80	101	87	94	3.48860000000000e+02	4.39822971502571e+02	3.00000000000000e-02	0.00000000000000e+00	0.00000000000000e+00	3.34529533435200e+02	1.39818428776849e+00
81	102	88	95	3.40470000000000e+02	4.39822971502571e+02	3.00000000000000e-02	0.00000000000000e+00	0.00000000000000e+00	3.21413145715764e+02	1.91998873653760e+00
82	103	89	96	3.65710000000000e+02	4.39822971502571e+02	3.00000000000000e-02	0.00000000000000e+00	0.00000000000000e+00	3.34440633937615e+02	2.97937609332832e+00
83	104	90	97	3.14820000000000e+02	4.39822971502571e+02	3.00000000000000e-02	0.00000000000000e+00	0.00000000000000e+00	3.21919802178072e+02	-7.43380201265609e-01
84	105	91	98	2.83280000000000e+02	4.39822971502571e+02	3.00000000000000e-02	0.00000000000000e+00	0.00000000000000e+00	3.27283860149841e+02	-4.81306867960427e+00
85	106	92	99	3.73170000000000e+02	4.39822971502571e+02	3.00000000000000e-02	0.00000000000000e+00	0.00000000000000e+00	3.66913006272703e+02	5.63643335424639e-01
86	107	93	100	4.00280000000000e+02	4.39822971502571e+02	3.00000000000000e-02	0.00000000000000e+00	0.00000000000000e+00	3.83687629477716e+02	1.41118485261407e+00
87	108	94	101	3.64110000000000e+02	4.39822971502571e+02	3.00000000000000e-02	0.00000000000000e+00	0.00000000000000e+00	3.66902658464391e+02	-2.54685243170272e-01
88	109	95	102	3.40290000000000e+02	4.39822971502571e+02	3.00000000000000e-02	0.00000000000000e+00	0.00000000000000e+00	3.34855559140125e+02	5.36630771299951e-01
89	110	96	103	3.06100000000000e+02	4.39822971502571e+02	3.00000000000000e-02	0.00000000000000e+00	0.00000000000000e+00	3.05226739820941e+02	9.52312095583885e-02
90	111	97	104	3.71230000000000e+02	4.39822971502571e+02	3.00000000000000e-02	0.00000000000000e+00	0.00000000000000e+00	3.60009999308828e+02	1.02300032298726e+00
91	112	98	105	4.09740000000000e+02	4.39822971502571e+02	3.00000000000000e-02	0.00000000000000e+00	0.00000000000000e+00	4.00989894116087e+02	7.19552897252325e-01
92	113	99	106	3.90310000000000e+02	4.39822971502571e+02	3.00000000000000e-02	0.00000000000000e+00	0.00000000000000e+00	3.90529682518900e+02	-1.87560929269637e-02
93	114	100	107	4.02420000000000e+02	4.39822971502571e+02	3.00000000000000e-02	0.00000000000000e+00	0.00000000000000e+00	4.11876465106053e+02	-7.74238102421136e-01
94	115	101	108	4.51580000000000e+02	4.39822971502571e+02	3.00000000000000e-02	0.00000000000000e+00	0.00000000000000e+00	4.60922190918158e+02	-6.82556705939301e-01
95	116	102	109	5.21280000000000e+02	4.39822971502571e+02	3.00000000000000e-02	0.00000000000000e+00	0.00000000000000e+00	5.28288886896437e+02	-4.45198098091737e-01
96	117	103	110	5.93240000000000e+02	4.39822971502571e+02	3.00000000000000e-02	0.00000000000000e+00	0.00000000000000e+00	5.77863025469292e+02	8.75405948085106e-01
97	118	104	111	5.43320000000000e+02	4.39822971502571e+02	3.00000000000000e-02	0.00000000000000e+00	0.00000000000000e+00	5.28552738526520e+02	9.18529184895730e-01
98	119	105	112	5.36340000000000e+02	4.39822971502571e+02	3.00000000000000e-02	0.00000000000000e+00	0.00000000000000e+00	5.17709626710261e+02	1.17845898135709e+00
99	120	106	113	5.64330000000000e+02	4.39822971502571e+02	3.00000000000000e-02	0.00000000000000e+00	0.00000000000000e+00	5.23161212569384e+02	2.52498414585132e+00
100	121	107	114	5.39590000000000e+02	4.39822971502571e+02	3.00000000000000e-02	0.00000000000000e+00	0.00000000000000e+00	4.92326729341931e+02	3.05556706004569e+00
101	122	108	115	4.64190000000000e+02	4.39822971502571e+02	3.00000000000000e-02	0.00000000000000e+00	0.00000000000000e+00	4.67781512522857e+02	-2.56912738475131e-01
102	123	109	116	4.14780000000000e+02	4.39822971502571e+02	3.00000000000000e-02	0.00000000000000e+00	0.00000000000000e+00	4.30397356839385e+02	-1.23202028236851e+00
103	124	110	117	3.72410000000000e+02	4.39822971502571e+02	3.00000000000000e-02	0.00000000000000e+00	0.00000000000000e+00	3.96096683316655e+02	-2.05543111185070e+00
104	125	111	118	4.51220000000000e+02	4.39822971502571e+02	3.00000000000000e-02	0.00000000000000e+00	0.00000000000000e+00	4.49303184902689e+02	1.41904026779708e-01
105	126	112	119	5.00810000000000e+02	4.39822971502571e+02	3.00000000000000e-02	0.00000000000000e+00	0.00000000000000e+00	4.81427201962991e+02	1.31572526459527e+00
106	127	113	120	4.88420000000000e+02	4.39822971502571e+02	3.00000000000000e-02	0.00000000000000e+00	0.00000000000000e+00	4.71262145917874e+02	1.19203930593189e+00
107	128	114	121	5.51600000000000e+02	4.39822971502571e+02	3.00000000000000e-02	0.00000000000000e+00	0.00000000000000e+00	4.97784728213015e+02	3.42184783386281e+00
108	129	115	122	5.24610000000000e+02	4.39822971502571e+02	3.00000000000000e-02	0.00000000000000e+00	0.00000000000000e+00	5.15172247389169e+02	6.05127456656470e-01
109	130	116	123	5.94800000000000e+02	4.39822971502571e+02	3.00000000000000e-02	0.00000000000000e+00	0.00000000000000e+00	5.56548898594183e+02	2.21567265456016e+00
110	131	117	124	6.20490000000000e+02	4.39822971502571e+02	3.00000000000000e-02	0.00000000000000e+00	0.00000000000000e+00	5.88381327135485e+02	1.77114117465017e+00
111	132	118	125	5.51670000000000e+02	4.39822971502571e+02	3.00000000000000e-02	0.00000000000000e+00	0.00000000000000e+00	5.17417623301953e+02	2.13665703257870e+00
112	133	119	126	4.66810000000000e+02	4.39822971502571e+02	3.00000000000000e-02	0.00000000000000e+00	0.00000000000000e+00	4.55029552162317e+02	8.51998532819239e-01
113	134	120	127	4.28310000000000e+02	4.39822971502571e+02	3.00000000000000e-02	0.00000000000000e+00	0.00000000000000e+00	4.07793055310155e+02	1.63624680401320e+00
114	135	121	128	3.45410000000000e+02	4.39822971502571e+02	3.00000000000000e-02	0.00000000000000e+00	0.00000000000000e+00	3.58517231307414e+02	-1.24148688883456e+00
115	136	122	129	2.97100000000000e+02	4.39822971502571e+02	3.00000000000000e-02	0.00000000000000e+00	0.00000000000000e+00	3.36452760493899e+02	-4.14629906330770e+00
116	137	123	130	3.07580000000000e+02	4.39822971502571e+02	3.00000000000000e-02	0.00000000000000e+00	0.00000000000000e+00	3.35746679415774e+02	-2.92072430976151e+00
117	138	124	131	3.12830000000000e+02	4.39822971502571e+02	3.00000000000000e-02	0.00000000000000e+00	0.00000000000000e+00	3.36160833460109e+02	-2.39766014827791e+00
118	139	125	132	3.52650000000000e+02	4.39822971502571e+02	3.00000000000000e-02	0.00000000000000e+00	0.00000000000000e+00	3.62601897124961e+02	-9.27648888591115e-01
119	140	126	133	4.15350000000000e+02	4.39822971502571e+02	3.00000000000000e-02	0.00000000000000e+00	0.00000000000000e+00	4.08282078731877e+02	5.72107777526565e-01
120	141	127	134	4.54940000000000e+02	4.39822971502571e+02	3.00000000000000e-02	0.00000000000000e+00	0.00000000000000e+00	4.13480301560515e+02	3.18518890335332e+00
121	142	128	135	4.90600000000000e+02	4.39822971502571e+02	3.00000000000000e-02	0.00000000000000e+00	0.00000000000000e+00	4.50310337784026e+02	2.85640490773416e+00
122	143	129	136	5.13400000000000e+02	4.39822971502571e+02	3.00000000000000e-02	0.00000000000000e+00	0.00000000000000e+00	4.79241916295699e+02	2.29499180198308e+00
123	144	130	137	5.19230000000000e+02	4.39822971502571e+02	3.00000000000000e-02	0.00000000000000e+00	0.00000000000000e+00	5.12440808150052e+02	4.38724562422947e-01
124	145	131	138	5.13700000000000e+02	4.39822971502571e+02	3.00000000000000e-02	0.00000000000000e+00	0.00000000000000e+00	5.05461283637607e+02	5.38933072603628e-01
125	146	132	139	4.84620000000000e+02	4.39822971502571e+02	3.00000000000000e-02	0.00000000000000e+00	0.00000000000000e+00	4.79156090193912e+02	3.77955585375359e-01
126	147	133	140	4.22980000000000e+02	4.39822971502571e+02	3.00000000000000e-02	0.00000000000000e+00	0.00000000000000e+00	4.08373553251868e+02	1.17141897949319e+00
127	148	134	141	3.74620000000000e+02	4.39822971502571e+02	3.00000000000000e-02	0.00000000000000e+00	0.00000000000000e+00	3.72888390888645e+02	1.54434137896301e-01
128	149	135	142	3.04830000000000e+02	4.39822971502571e+02	3.00000000000000e-02	0.00000000000000e+00	0.00000000000000e+00	3.30224786321189e+02	-2.66731163578179e+00
129	150	136	143	3.04830000000000e+02	4.39822971502571e+02	3.00000000000000e-02	0.00000000000000e+00	0.00000000000000e+00	3.07816459189409e+02	-3.24981648633926e-01
130	151	137	144	2.97740000000000e+02	4.39822971502571e+02	3.00000000000000e-02	0.00000000000000e+00	0.00000000000000e+00	2.94085106862453e+02	4.11713929241249e-01
131	152	138	145	2.92040000000000e+02	4.39822971502571e+02	3.00000000000000e-02	0.00000000000000e+00	0.00000000000000e+00	3.05196675837411e+02	-1.46885428038329e+00
132	153	139	146	3.13340000000000e+02	4.39822971502571e+02	3.00000000000000e-02	0.00000000000000e+00	0.00000000000000e+00	3.10314651291979e+02	3.23402536230244e-01
133	154	140	147	3.37220000000000e+02	4.39822971502571e+02	3.00000000000000e-02	0.00000000000000e+00	0.00000000000000e+00	3.19024221134859e+02	1.84895027083186e+00
134	155	141	148	3.46200000000000e+02	4.39822971502571e+02	3.00000000000000e-02	0.00000000000000e+00	0.00000000000000e+00	3.37076711992910e+02	8.90203542251555e-01
135	156	142	149	4.17720000000000e+02	4.39822971502571e+02	3.00000000000000e-02	0.00000000000000e+00	0.00000000000000e+00	4.05308774502479e+02	1.00540562699344e+00
136	157	143	150	4.72030000000000e+02	4.39822971502571e+02	3.00000000000000e-02	0.00000000000000e+00	0.00000000000000e+00	4.45048119899924e+02	1.96200439870321e+00
137	158	144	151	4.91110000000000e+02	4.39822971502571e+02	3.00000000000000e-02	0.00000000000000e+00	0.00000000000000e+00	4.94982811321772e+02	-2.61830069125709e-01
138	159	145	152	5.28310000000000e+02	4.39822971502571e+02	3.00000000000000e-02	0.00000000000000e+00	0.00000000000000e+00	5.19253285439731e+02	5.76381420491323e-01
139	160	146	153	5.00360000000000e+02	4.39822971502571e+02	3.00000000000000e-02	0.00000000000000e+00	0.00000000000000e+00	5.01191617898521e+02	-5.53553156774041e-02
140	161	147	154	5.30740000000000e+02	4.39822971502571e+02	3.00000000000000e-02	0.00000000000000e+00	0.00000000000000e+00	4.99687898755023e+02	2.00961860355819e+00
141	162	148	155	4.64210000000000e+02	4.39822971502571e+02	3.00000000000000e-02	0.00000000000000e+00	0.00000000000000e+00	4.48600052539528e+02	1.14017656139760e+00
142	163	149	156	3.49780000000000e+02	4.39822971502571e+02	3.00000000000000e-02	0.00000000000000e+00	0.00000000000000e+00	3.49684089901352e+02	9.14129361169932e-03
143	164	150	157	2.83700000000000e+02	4.39822971502571e+02	3.00000000000000e-02	0.00000000000000e+00	0.00000000000000e+00	2.97731129424424e+02	-1.60911623880787e+00
144	165	151	158	2.74160000000000e+02	4.39822971502571e+02	3.00000000000000e-02	0.00000000000000e+00	0.00000000000000e+00	2.69464339126438e+02	5.75860610785147e-01
145	166	152	159	2.27360000000000e+02	4.39822971502571e+02	3.00000000000000e-02	0.00000000000000e+00	0.00000000000000e+00	2.33649437754850e+02	-9.09573281281547e-01
146	167	153	160	2.18950000000000e+02	4.39822971502571e+02	3.00000000000000e-02	0.00000000000000e+00	0.00000000000000e+00	2.21816436858768e+02	-4.33559519673950e-01
147	168	154	161	2.17830000000000e+02	4.39822971502571e+02	3.00000000000000e-02	0.00000000000000e+00	0.00000000000000e+00	2.04877604050166e+02	2.04340648810160e+00
148	169	155	162	2.03380000000000e+02	4.39822971502571e+02	3.00000000000000e-02	0.00000000000000e+00	0.00000000000000e+00	2.22209979684873e+02	-2.95155463024033e+00
149	170	156	163	2.49550000000000e+02	4.39822971502571e+02	3.00000000000000e-02	0.00000000000000e+00	0.00000000000000e+00	2.70876545637197e+02	-2.73346233382921e+00
150	171	157	164	3.28350000000000e+02	4.39822971502571e+02	3.00000000000000e-02	0.00000000000000e+00	0.00000000000000e+00	3.26193459752864e+02	2.19649081945021e-01
151	172	158	165	4.69050000000000e+02	4.39822971502571e+02	3.00000000000000e-02	0.00000000000000e+00	0.00000000000000e+00	4.58787825294141e+02	7.37384121499396e-01
152	173	159	166	6.45150000000000e+02	4.39822971502571e+02	3.00000000000000e-02	0.00000000000000e+00	0.00000000000000e+00	6.21164549711975e+02	1.26289418941834e+00
153	174	160	167	6.65090000000000e+02	4.39822971502571e+02	3.00000000000000e-02	0.00000000000000e+00	0.00000000000000e+00	6.36540301775067e+02	1.46248786862054e+00
154	175	161	168	7.59620000000000e+02	4.39822971502571e+02	3.00000000000000e-02	0.00000000000000e+00	0.00000000000000e+00	7.13514460858400e+02	2.08718680103936e+00
155	176	162	169	4.74300000000000e+02	4.39822971502571e+02	3.00000000000000e-02	0.00000000000000e+00	0.00000000000000e+00	4.97548441429034e+02	-1.59509628938637e+00
1	25	9	17	3.11240000000000e+02	5.02654824574367e+02	3.00000000000000e-02	0.00000000000000e+00	0.00000000000000e+00	2.34182928028441e+02	9.48205883607338e+00
3	26	10	18	2.20850000000000e+02	5.02654824574367e+02	3.00000000000000e-02	0.00000000000000e+00	0.00000000000000e+00	2.11696855374343e+02	1.41094713906570e+00
4	27	11	19	1.05210000000000e+03	5.02654824574367e+02	3.00000000000000e-02	0.00000000000000e+00	0.00000000000000e+00	2.26646514861696e+02	5.11717281762138e+01
2	28	12	20	6.29790000000000e+02	5.02654824574367e+02	3.00000000000000e-02	0.00000000000000e+00	0.00000000000000e+00	2.32687040100955e+02	3.31897351773281e+01
5	29	13	21	4.21320000000000e+02	5.02654824574367e+02	3.00000000000000e-02	0.00000000000000e+00	0.00000000000000e+00	2.37235822559566e+02	1.91445987217467e+01
6	30	14	22	3.21440000000000e+02	5.02654824574367e+02	3.00000000000000e-02	0.00000000000000e+00	0.00000000000000e+00	2.38920782294490e+02	9.88929529710599e+00
7	31	15	23	2.21560000000000e+02	5.02654824574367e+02	3.00000000000000e-02	0.00000000000000e+00	0.00000000000000e+00	2.75342739646126e+02	-7.24410714893550e+00
8	32	16	24	2.20860000000000e+02	5.02654824574367e+02	3.00000000000000e-02	0.00000000000000e+00	0.00000000000000e+00	2.62349843316311e+02	-5.73832920940133e+00
9	33	17	25	2.23820000000000e+02	5.02654824574367e+02	3.00000000000000e-02	0.00000000000000e+00	0.00000000000000e+00	2.92540100414149e+02	-8.92531984394329e+00
10	34	18	26	2.65470000000000e+02	5.02654824574367e+02	3.00000000000000e-02	0.00000000000000e+00	0.00000000000000e+00	2.95692470350910e+02	-3.59393742584183e+00
11	35	19	27	2.87560000000000e+02	5.02654824574367e+02	3.00000000000000e-02	0.00000000000000e+00	0.00000000000000e+00	2.51486624056285e+02	4.46805768856973e+00
12	36	20	28	2.29500000000000e+02	5.02654824574367e+02	3.00000000000000e-02	0.00000000000000e+00	0.00000000000000e+00	2.01926831902862e+02	4.26658720063170e+00
13	37	21	29	1.71430000000000e+02	5.02654824574367e+02	3.00000000000000e-02	0.00000000000000e+00	0.00000000000000e+00	1.60312537174299e+02	2.23499175892874e+00
14	38	22	30	1.48770000000000e+02	5.02654824574367e+02	3.00000000000000e-02	0.00000000000000e+00	0.00000000000000e+00	1.39055180989983e+02	2.25102164256417e+00
15	39	23	31	1.81060000000000e+02	5.02654824574367e+02	3.00000000000000e-02	0.00000000000000e+00	0.00000000000000e+00	1.53288948086517e+02	5.55012593791601e+00
16	40	24	32	1.78660000000000e+02	5.02654824574367e+02	3.00000000000000e-02	0.00000000000000e+00	0.00000000000000e+00	1.65489013704020e+02	2.55265827043469e+00
17	41	25	33	2.02600000000000e+02	5.02654824574367e+02	3.00000000000000e-02	0.00000000000000e+00	0.00000000000000e+00	1.85953397893773e+02	2.85791661507423e+00
18	42	26	34	2.51570000000000e+02	5.02654824574367e+02	3.00000000000000e-02	0.00000000000000e+00	0.00000000000000e+00	2.33248980032412e+02	2.52049379888541e+00
19	43	27	35	3.20610000000000e+02	5.02654824574367e+02	3.00000000000000e-02	0.00000000000000e+00	0.00000000000000e+00	3.28001230031525e+02	-7.59730908943694e-01
20	44	28	36	4.98420000000000e+02	5.02654824574367e+02	3.00000000000000e-02	0.00000000000000e+00	0.00000000000000e+00	4.92245641447871e+02	4.15507731521044e-01
21	45	29	37	6.76230000000000e+02	5.02654824574367e+02	3.00000000000000e-02	0.00000000000000e+00	0.00000000000000e+00	6.25894411943229e+02	2.57838563352140e+00
22	46	30	38	7.59700000000000e+02	5.02654824574367e+02	3.00000000000000e-02	0.00000000000000e+00	0.00000000000000e+00	7.02131425885194e+02	2.62676718818288e+00
23	47	31	39	7.77680000000000e+02	5.02654824574367e+02	3.00000000000000e-02	0.00000000000000e+00	0.00000000000000e+00	7.13249048715187e+02	2.88281573842480e+00
24	48	32	40	7.38720000000000e+02	5.02654824574367e+02	3.00000000000000e-02	0.00000000000000e+00	0.00000000000000e+00	6.57980605641533e+02	3.85811675255556e+00
25	49	33	41	5.56670000000000e+02	5.02654824574367e+02	3.00000000000000e-02	0.00000000000000e+00	0.00000000000000e+00	5.44120904156337e+02	7.60037743310823e-01
26	50	34	42	4.00190000000000e+02	5.02654824574367e+02	3.00000000000000e-02	0.00000000000000e+00	0.00000000000000e+00	4.00036567236721e+02	1.27824436596017e-02
27	51	35	43	2.65530000000000e+02	5.02654824574367e+02	3.00000000000000e-02	0.00000000000000e+00	0.00000000000000e+00	2.65800794181193e+02	-3.39768505301485e-02
28	52	36	44	1.70590000000000e+02	5.02654824574367e+02	3.00000000000000e-02	0.00000000000000e+00	0.00000000000000e+00	1.60537065570191e+02	2.02460542174778e+00
29	53	37	45	1.18210000000000e+02	5.02654824574367e+02	3.00000000000000e-02	0.00000000000000e+00	0.00000000000000e+00	1.14975513598360e+02	9.24784110082773e-01
30	54	38	46	9.18900000000000e+01	5.02654824574367e+02	3.00000000000000e-02	0.00000000000000e+00	0.00000000000000e+00	8.62721558429905e+01	2.10284357500505e+00
31	55	39	47	6.55700000000000e+01	5.02654824574367e+02	3.00000000000000e-02	0.00000000000000e+00	0.00000000000000e+00	7.21034203297009e+01	-3.16610691941008e+00
32	56	40	48	7.72700000000000e+01	5.02654824574367e+02	3.00000000000000e-02	0.00000000000000e+00	0.00000000000000e+00	7.03381493856250e+01	3.13304882682290e+00
33	57	41	49	8.62200000000000e+01	5.02654824574367e+02	3.00000000000000e-02	0.00000000000000e+00	0.00000000000000e+00	8.08433353406950e+01	2.14630063635675e+00
34	58	42	50	1.13170000000000e+02	5.02654824574367e+02	3.00000000000000e-02	0.00000000000000e+00	0.00000000000000e+00	1.11174494964342e+02	5.93003976675899e-01
35	59	43	51	1.79640000000000e+02	5.02654824574367e+02	3.00000000000000e-02	0.00000000000000e+00	0.00000000000000e+00	1.75314956732879e+02	8.12357971704299e-01
36	60	44	52	3.37860000000000e+02	5.02654824574367e+02	3.00000000000000e-02	0.00000000000000e+00	0.00000000000000e+00	3.27076894122612e+02	1.08121050062510e+00
37	61	45	53	4.96090000000000e+02	5.02654824574367e+02	3.00000000000000e-02	0.00000000000000e+00	0.00000000000000e+00	4.67899757948443e+02	1.95010937733867e+00
38	62	46	54	6.05900000000000e+02	5.02654824574367e+02	3.00000000000000e-02	0.00000000000000e+00	0.00000000000000e+00	5.63809702995608e+02	2.39993891410881e+00
39	63	47	55	7.08010000000000e+02	5.02654824574367e+02	3.00000000000000e-02	0.00000000000000e+00	0.00000000000000e+00	6.27232590998819e+02	4.03802625040436e+00
40	64	48	56	7.15090000000000e+02	5.02654824574367e+02	3.00000000000000e-02	0.00000000000000e+00	0.00000000000000e+00	6.19078431306134e+02	4.80588125894815e+00
41	65	49	57	6.28390000000000e+02	5.02654824574367e+02	3.00000000000000e-02	0.00000000000000e+00	0.00000000000000e+00	5.53405248385399e+02	4.23568138749471e+00
42	66	50	58	5.21990000000000e+02	5.02654824574367e+02	3.00000000000000e-02	0.00000000000000e+00	0.00000000000000e+00	4.64115536226416e+02	3.91716362974244e+00
43	67	51	59	4.37470000000000e+02	5.02654824574367e+02	3.00000000000000e-02	0.00000000000000e+00	0.00000000000000e+00	3.68974304476194e+02	5.67603753226601e+00
44	68	52	60	3.02890000000000e+02	5.02654824574367e+02	3.00000000000000e-02	0.00000000000000e+00	0.00000000000000e+00	2.94149994982380e+02	9.75995967989067e-01
45	69	53	61	3.29100000000000e+02	5.02654824574367e+02	3.00000000000000e-02	0.00000000000000e+00	0.00000000000000e+00	3.01571584804752e+02	2.91180796974485e+00
46	70	54	62	3.16880000000000e+02	5.02654824574367e+02	3.00000000000000e-02	0.00000000000000e+00	0.00000000000000e+00	3.08843231854919e+02	8.56311514396069e-01
47	71	55	63	2.70480000000000e+02	5.02654824574367e+02	3.00000000000000e-02	0.00000000000000e+00	0.00000000000000e+00	2.91910855789132e+02	-2.54167696217600e+00
48	72	56	64	2.65770000000000e+02	5.02654824574367e+02	3.00000000000000e-02	0.00000000000000e+00	0.00000000000000e+00	2.65171306218574e+02	7.51739132192064e-02
49	73	57	65	2.42540000000000e+02	5.02654824574367e+02	3.00000000000000e-02	0.00000000000000e+00	0.00000000000000e+00	2.34824450078814e+02	1.07761437282935e+00
50	74	58	66	2.12410000000000e+02	5.02654824574367e+02	3.00000000000000e-02	0.00000000000000e+00	0.00000000000000e+00	2.01327402143077e+02	1.78619733200949e+00
51	75	59	67	1.77770000000000e+02	5.02654824574367e+02	3.00000000000000e-02	0.00000000000000e+00	0.00000000000000e+00	1.70183393370806e+02	1.45379799400214e+00
52	76	60	68	1.22470000000000e+02	5.02654824574367e+02	3.00000000000000e-02	0.00000000000000e+00	0.00000000000000e+00	1.46176822631277e+02	-5.89836335937202e+00
53	77	61	69	1.01410000000000e+02	5.02654824574367e+02	3.00000000000000e-02	0.00000000000000e+00	0.00000000000000e+00	1.12005232800954e+02	-3.31246286722902e+00
54	78	62	70	7.83000000000000e+01	5.02654824574367e+02	3.00000000000000e-02	0.00000000000000e+00	0.00000000000000e+00	9.82713941583502e+01	-7.57284587652910e+00
55	79	63	71	7.62100000000000e+01	5.02654824574367e+02	3.00000000000000e-02	0.00000000000000e+00	0.00000000000000e+00	1.09802121730257e+02	-1.21729054933796e+01
56	80	64	72	1.23680000000000e+02	5.02654824574367e+02	3.00000000000000e-02	0.00000000000000e+00	0.00000000000000e+00	1.39025434390700e+02	-3.89864375935390e+00
57	81	65	73	1.90420000000000e+02	5.02654824574367e+02	3.00000000000000e-02	0.00000000000000e+00	0.00000000000000e+00	1.75540795092856e+02	2.71202307641844e+00
58	82	66	74	2.57160000000000e+02	5.02654824574367e+02	3.00000000000000e-02	0.00000000000000e+00	0.00000000000000e+00	2.18456727565422e+02	5.43701691766098e+00
59	83	67	75	3.02570000000000e+02	5.02654824574367e+02	3.00000000000000e-02	0.00000000000000e+00	0.00000000000000e+00	2.74995140852328e+02	3.18530759256707e+00
60	84	68	76	2.61690000000000e+02	5.02654824574367e+02	3.00000000000000e-02	0.00000000000000e+00	0.00000000000000e+00	2.77321752327163e+02	-1.93392652440814e+00
61	85	69	77	2.64310000000000e+02	5.02654824574367e+02	3.00000000000000e-02	0.00000000000000e+00	0.00000000000000e+00	2.87154496786220e+02	-2.76325768535030e+00
62	86	70	78	2.72310000000000e+02	5.02654824574367e+02	3.00000000000000e-02	0.00000000000000e+00	0.00000000000000e+00	2.77511397636499e+02	-6.30696056678263e-01
63	87	71	79	2.47350000000000e+02	5.02654824574367e+02	3.00000000000000e-02	0.00000000000000e+00	0.00000000000000e+00	2.51599747401788e+02	-5.67839439486898e-01
64	88	72	80	2.35850000000000e+02	5.02654824574367e+02	3.00000000000000e-02	0.00000000000000e+00	0.00000000000000e+00	2.16779321066767e+02	2.81053757491154e+00
65	89	73	81	2.08270000000000e+02	5.02654824574367e+02	3.00000000000000e-02	0.00000000000000e+00	0.00000000000000e+00	1.89529366977562e+02	3.14304438257800e+00
66	90	74	82	1.84540000000000e+02	5.02654824574367e+02	3.00000000000000e-02	0.00000000000000e+00	0.00000000000000e+00	1.62504873700247e+02	4.23860829429487e+00
67	91	75	83	1.57840000000000e+02	5.02654824574367e+02	3.00000000000000e-02	0.00000000000000e+00	0.00000000000000e+00	1.45236696910943e+02	2.77390192363217e+00
68	92	76	84	1.65830000000000e+02	5.02654824574367e+02	3.00000000000000e-02	0.00000000000000e+00	0.00000000000000e+00	1.51566364754538e+02	2.99798623359753e+00
69	93	77	85	1.63470000000000e+02	5.02654824574367e+02	3.00000000000000e-02	0.00000000000000e+00	0.00000000000000e+00	1.47846974920431e+02	3.34839005459076e+00
70	94	78	86	1.53640000000000e+02	5.02654824574367e+02	3.00000000000000e-02	0.00000000000000e+00	0.00000000000000e+00	1.72709423143023e+02	-3.89994479467519e+00
71	95	79	87	1.75830000000000e+02	5.02654824574367e+02	3.00000000000000e-02	0.00000000000000e+00	0.00000000000000e+00	2.07752854179690e+02	-5.56105176717114e+00
72	96	80	88	2.44240000000000e+02	5.02654824574367e+02	3.00000000000000e-02	0.00000000000000e+00	0.00000000000000e+00	2.57075093916227e+02	-1.70722960049143e+00
73	97	81	89	3.24800000000000e+02	5.02654824574367e+02	3.00000000000000e-02	0.00000000000000e+00	0.00000000000000e+00	3.11625215135753e+02	1.38027920255338e+00
74	98	82	90	4.49480000000000e+02	5.02654824574367e+02	3.00000000000000e-02	0.00000000000000e+00	0.00000000000000e+00	3.94253766499677e+02	4.36988598867523e+00
75	99	83	91	4.72090000000000e+02	5.02654824574367e+02	3.00000000000000e-02	0.00000000000000e+00	0.00000000000000e+00	4.34551335140976e+02	2.76185200093861e+00
76	100	84	92	3.77840000000000e+02	5.02654824574367e+02	3.00000000000000e-02	0.00000000000000e+00	0.00000000000000e+00	3.97979172416611e+02	-1.73096159052507e+00
77	101	85	93	3.42680000000000e+02	5.02654824574367e+02	3.00000000000000e-02	0.00000000000000e+00	0.00000000000000e+00	3.80328006106532e+02	-3.47456624229115e+00
78	102	86	94	3.82540000000000e+02	5.02654824574367e+02	3.00000000000000e-02	0.00000000000000e+00	0.00000000000000e+00	3.85871531009654e+02	-2.89042329555193e-01
79	103	87	95	3.72320000000000e+02	5.02654824574367e+02	3.00000000000000e-02	0.00000000000000e+00	0.00000000000000e+00	3.80977983675020e+02	-7.66262942439896e-01
80	104	88	96	3.85760000000000e+02	5.02654824574367e+02	3.00000000000000e-02	0.00000000000000e+00	0.00000000000000e+00	3.64177128121343e+02	1.91916831457262e+00
81	105	89	97	2.82350000000000e+02	5.02654824574367e+02	3.00000000000000e-02	0.00000000000000e+00	0.00000000000000e+00	3.28954989056143e+02	-5.09244979691639e+00
82	106	90	98	3.18810000000000e+02	5.02654824574367e+02	3.00000000000000e-02	0.00000000000000e+00	0.00000000000000e+00	3.14136804762911e+02	4.92224635628080e-01
83	107	91	99	3.26550000000000e+02	5.02654824574367e+02	3.00000000000000e-02	0.00000000000000e+00	0.00000000000000e+00	3.31441737722184e+02	-4.95632145107490e-01
84	108	92	100	3.26480000000000e+02	5.02654824574367e+02	3.00000000000000e-02	0.00000000000000e+00	0.00000000000000e+00	3.47191419544162e+02	-2.05025260296005e+00
85	109	93	101	3.17890000000000e+02	5.02654824574367e+02	3.00000000000000e-02	0.00000000000000e+00	0.00000000000000e+00	3.30900241081376e+02	-1.33705108335948e+00
86	110	94	102	2.88930000000000e+02	5.02654824574367e+02	3.00000000000000e-02	0.00000000000000e+00	0.00000000000000e+00	2.99210689471423e+02	-1.16545093547469e+00
87	111	95	103	2.94610000000000e+02	5.02654824574367e+02	3.00000000000000e-02	0.00000000000000e+00	0.00000000000000e+00	2.92450094728300e+02	2.45280399398122e-01
88	112	96	104	3.03280000000000e+02	5.02654824574367e+02	3.00000000000000e-02	0.00000000000000e+00	0.00000000000000e+00	3.07871691240318e+02	-5.00887936233004e-01
89	113	97	105	3.44370000000000e+02	5.02654824574367e+02	3.00000000000000e-02	0.00000000000000e+00	0.00000000000000e+00	3.49654760313584e+02	-5.07653594071655e-01
90	114	98	106	3.86010000000000e+02	5.02654824574367e+02	3.00000000000000e-02	0.00000000000000e+00	0.00000000000000e+00	3.81983993066132e+02	3.49485703487584e-01
91	115	99	107	4.06300000000000e+02	5.02654824574367e+02	3.00000000000000e-02	0.00000000000000e+00	0.00000000000000e+00	3.98572006475746e+02	6.40120909849558e-01
92	116	100	108	4.08820000000000e+02	5.02654824574367e+02	3.00000000000000e-02	0.00000000000000e+00	0.00000000000000e+00	4.15465284680545e+02	-5.37469957481355e-01
93	117	101	109	4.51940000000000e+02	5.02654824574367e+02	3.00000000000000e-02	0.00000000000000e+00	0.00000000000000e+00	4.61558525452484e+02	-7.01981131976008e-01
94	118	102	110	5.02340000000000e+02	5.02654824574367e+02	3.00000000000000e-02	0.00000000000000e+00	0.00000000000000e+00	4.82376957634234e+02	1.35171010321677e+00
95	119	103	111	4.90270000000000e+02	5.02654824574367e+02	3.00000000000000e-02	0.00000000000000e+00	0.00000000000000e+00	4.90046643534652e+02	1.51894098494291e-02
96	120	104	112	5.31250000000000e+02	5.02654824574367e+02	3.00000000000000e-02	0.00000000000000e+00	0.00000000000000e+00	5.04369707864138e+02	1.73077245773783e+00
97	121	105	113	4.93150000000000e+02	5.02654824574367e+02	3.00000000000000e-02	0.00000000000000e+00	0.00000000000000e+00	4.59438576885858e+02	2.36027094486738e+00
98	122	106	114	4.92210000000000e+02	5.02654824574367e+02	3.00000000000000e-02	0.00000000000000e+00	0.00000000000000e+00	4.55977208461643e+02	2.54875426244642e+00
99	123	107	115	5.09550000000000e+02	5.02654824574367e+02	3.00000000000000e-02	0.00000000000000e+00	0.00000000000000e+00	4.73309787122147e+02	2.45926227004822e+00
100	124	108	116	4.68810000000000e+02	5.02654824574367e+02	3.00000000000000e-02	0.00000000000000e+00	0.00000000000000e+00	4.72352220806978e+02	-2.50912290797819e-01
101	125	109	117	4.42910000000000e+02	5.02654824574367e+02	3.00000000000000e-02	0.00000000000000e+00	0.00000000000000e+00	4.45324578133102e+02	-1.81227207335125e-01
102	126	110	118	4.15260000000000e+02	5.02654824574367e+02	3.00000000000000e-02	0.00000000000000e+00	0.00000000000000e+00	4.41667381321301e+02	-2.05507459183470e+00
103	127	111	119	4.23400000000000e+02	5.02654824574367e+02	3.00000000000000e-02	0.00000000000000e+00	0.00000000000000e+00	4.35980675411390e+02	-9.76018707168673e-01
104	128	112	120	4.25220000000000e+02	5.02654824574367e+02	3.00000000000000e-02	0.00000000000000e+00	0.00000000000000e+00	4.35472045801885e+02	-7.94130781263854e-01
105	129	113	121	5.21680000000000e+02	5.02654824574367e+02	3.00000000000000e-02	0.00000000000000e+00	0.00000000000000e+00	4.68726213917676e+02	3.56785135767067e+00
106	130	114	122	5.00820000000000e+02	5.02654824574367e+02	3.00000000000000e-02	0.00000000000000e+00	0.00000000000000e+00	4.69691741669679e+02	2.13900481168453e+00
107	131	115	123	5.28350000000000e+02	5.02654824574367e+02	3.00000000000000e-02	0.00000000000000e+00	0.00000000000000e+00	4.81862092560029e+02	3.07003282652791e+00
108	132	116	124	5.30830000000000e+02	5.02654824574367e+02	3.00000000000000e-02	0.00000000000000e+00	0.00000000000000e+00	5.13407732420278e+02	1.11238299332121e+00
109	133	117	125	5.16250000000000e+02	5.02654824574367e+02	3.00000000000000e-02	0.00000000000000e+00	0.00000000000000e+00	4.96528571013357e+02	1.29833725350196e+00
110	134	118	126	4.49330000000000e+02	5.02654824574367e+02	3.00000000000000e-02	0.00000000000000e+00	0.00000000000000e+00	4.29078485106933e+02	1.53725777389650e+00
111	135	119	127	4.07200000000000e+02	5.02654824574367e+02	3.00000000000000e-02	0.00000000000000e+00	0.00000000000000e+00	4.01994448304052e+02	4.28872896719283e-01
112	136	120	128	3.92830000000000e+02	5.02654824574367e+02	3.00000000000000e-02	0.00000000000000e+00	0.00000000000000e+00	3.79338543279944e+02	1.16492959680254e+00
113	137	121	129	3.21040000000000e+02	5.02654824574367e+02	3.00000000000000e-02	0.00000000000000e+00	0.00000000000000e+00	3.28503064885235e+02	-7.66014728743751e-01
114	138	122	130	2.97380000000000e+02	5.02654824574367e+02	3.00000000000000e-02	0.00000000000000e+00	0.00000000000000e+00	3.15022211187647e+02	-1.92107885925132e+00
115	139	123	131	3.06900000000000e+02	5.02654824574367e+02	3.00000000000000e-02	0.00000000000000e+00	0.00000000000000e+00	3.21115975789903e+02	-1.50934638495146e+00
116	140	124	132	3.00380000000000e+02	5.02654824574367e+02	3.00000000000000e-02	0.00000000000000e+00	0.00000000000000e+00	3.22516024624971e+02	-2.37014946611828e+00
117	141	125	133	3.32400000000000e+02	5.02654824574367e+02	3.00000000000000e-02	0.00000000000000e+00	0.00000000000000e+00	3.53320034930249e+02	-2.03450659195201e+00
118	142	126	134	4.18650000000000e+02	5.02654824574367e+02	3.00000000000000e-02	0.00000000000000e+00	0.00000000000000e+00	4.06832547453279e+02	9.54452639588599e-01
119	143	127	135	4.56810000000000e+02	5.02654824574367e+02	3.00000000000000e-02	0.00000000000000e+00	0.00000000000000e+00	4.24646139463202e+02	2.43371134796136e+00
120	144	128	136	4.65720000000000e+02	5.02654824574367e+02	3.00000000000000e-02	0.00000000000000e+00	0.00000000000000e+00	4.45338514819871e+02	1.49166315778203e+00
121	145	129	137	4.63200000000000e+02	5.02654824574367e+02	3.00000000000000e-02	0.00000000000000e+00	0.00000000000000e+00	4.45478194725130e+02	1.30035420561339e+00
122	146	130	138	4.41290000000000e+02	5.02654824574367e+02	3.00000000000000e-02	0.00000000000000e+00	0.00000000000000e+00	4.25046419063591e+02	1.25012904702257e+00
123	147	131	139	4.43930000000000e+02	5.02654824574367e+02	3.00000000000000e-02	0.00000000000000e+00	0.00000000000000e+00	4.26930652131065e+02	1.30150998311149e+00
124	148	132	140	4.62300000000000e+02	5.02654824574367e+02	3.00000000000000e-02	0.00000000000000e+00	0.00000000000000e+00	4.46594641838102e+02	1.15208964452129e+00
125	149	133	141	3.75180000000000e+02	5.02654824574367e+02	3.00000000000000e-02	0.00000000000000e+00	0.00000000000000e+00	3.86939061699781e+02	-1.02871021719378e+00
126	150	134	142	3.32200000000000e+02	5.02654824574367e+02	3.00000000000000e-02	0.00000000000000e+00	0.00000000000000e+00	3.38689747645630e+02	-6.44909748859579e-01
127	151	135	143	2.96020000000000e+02	5.02654824574367e+02	3.00000000000000e-02	0.00000000000000e+00	0.00000000000000e+00	3.33130090967030e+02	-3.93686858823050e+00
128	152	136	144	2.96020000000000e+02	5.02654824574367e+02	3.00000000000000e-02	0.00000000000000e+00	0.00000000000000e+00	3.03302959908618e+02	-8.10171801693086e-01
129	153	137	145	3.22690000000000e+02	5.02654824574367e+02	3.00000000000000e-02	0.00000000000000e+00	0.00000000000000e+00	3.03150946018246e+02	2.08204189676954e+00
130	154	138	146	3.04730000000000e+02	5.02654824574367e+02	3.00000000000000e-02	0.00000000000000e+00	0.00000000000000e+00	3.06981461008178e+02	-2.45373984135385e-01
131	155	139	147	3.15330000000000e+02	5.02654824574367e+02	3.00000000000000e-02	0.00000000000000e+00	0.00000000000000e+00	3.08429424224175e+02	7.37555435938860e-01
132	156	140	148	3.03910000000000e+02	5.02654824574367e+02	3.00000000000000e-02	0.00000000000000e+00	0.00000000000000e+00	3.18449987226496e+02	-1.55779439211573e+00
133	157	141	149	3.79710000000000e+02	5.02654824574367e+02	3.00000000000000e-02	0.00000000000000e+00	0.00000000000000e+00	3.62863370180991e+02	1.51271435821153e+00
134	158	142	150	4.46630000000000e+02	5.02654824574367e+02	3.00000000000000e-02	0.00000000000000e+00	0.00000000000000e+00	4.13245780785132e+02	2.58959948474683e+00
135	159	143	151	4.93110000000000e+02	5.02654824574367e+02	3.00000000000000e-02	0.00000000000000e+00	0.00000000000000e+00	4.70320744828770e+02	1.57724583766576e+00
136	160	144	152	5.35560000000000e+02	5.02654824574367e+02	3.00000000000000e-02	0.00000000000000e+00	0.00000000000000e+00	5.59467402326014e+02	-1.45574451578664e+00
137	161	145	153	5.47170000000000e+02	5.02654824574367e+02	3.00000000000000e-02	0.00000000000000e+00	0.00000000000000e+00	5.38882677897047e+02	5.08721975566543e-01
138	162	146	154	5.03450000000000e+02	5.02654824574367e+02	3.00000000000000e-02	0.00000000000000e+00	0.00000000000000e+00	4.88488032730826e+02	1.00564763903452e+00
139	163	147	155	4.39940000000000e+02	5.02654824574367e+02	3.00000000000000e-02	0.00000000000000e+00	0.00000000000000e+00	4.22026214057925e+02	1.38569744167235e+00
140	164	148	156	3.65240000000000e+02	5.02654824574367e+02	3.00000000000000e-02	0.00000000000000e+00	0.00000000000000e+00	3.57304950381799e+02	7.32168394730159e-01
141	165	149	157	3.19860000000000e+02	5.02654824574367e+02	3.00000000000000e-02	0.00000000000000e+00	0.00000000000000e+00	3.05053542411483e+02	1.57986966573693e+00
142	166	150	158	2.74410000000000e+02	5.02654824574367e+02	3.00000000000000e-02	0.00000000000000e+00	0.00000000000000e+00	2.70820795313193e+02	4.38866936680752e-01
143	167	151	159	2.48350000000000e+02	5.02654824574367e+02	3.00000000000000e-02	0.00000000000000e+00	0.00000000000000e+00	2.62361467913700e+02	-1.82947199642438e+00
144	168	152	160	2.34740000000000e+02	5.02654824574367e+02	3.00000000000000e-02	0.00000000000000e+00	0.00000000000000e+00	2.24728748155857e+02	1.45281358319546e+00
145	169	153	161	2.28150000000000e+02	5.02654824574367e+02	3.00000000000000e-02	0.00000000000000e+00	0.00000000000000e+00	2.21646097122887e+02	9.64045154190885e-01
146	170	154	162	2.39510000000000e+02	5.02654824574367e+02	3.00000000000000e-02	0.00000000000000e+00	0.00000000000000e+00	2.28623223715390e+02	1.55066107920391e+00
147	171	155	163	2.24780000000000e+02	5.02654824574367e+02	3.00000000000000e-02	0.00000000000000e+00	0.00000000000000e+00	2.36338374262510e+02	-1.67141404296869e+00
148	172	156	164	3.20920000000000e+02	5.02654824574367e+02	3.00000000000000e-02	0.00000000000000e+00	0.00000000000000e+00	2.91457485744186e+02	3.20992407450641e+00
149	173	157	165	4.17070000000000e+02	5.02654824574367e+02	3.00000000000000e-02	0.00000000000000e+00	0.00000000000000e+00	3.87299979227256e+02	2.46848468441415e+00
150	174	158	166	4.92690000000000e+02	5.02654824574367e+02	3.00000000000000e-02	0.00000000000000e+00	0.00000000000000e+00	4.70008651116565e+02	1.57096906172948e+00
151	175	159	167	5.90910000000000e+02	5.02654824574367e+02	3.00000000000000e-02	0.00000000000000e+00	0.00000000000000e+00	5.68017416697775e+02	1.31705466981199e+00
152	176	160	168	3.62600000000000e+02	5.02654824574367e+02	3.00000000000000e-02	0.00000000000000e+00	0.00000000000000e+00	4.90577014813154e+02	-1.00760660410097e+01
1	28	10	19	1.00556000000000e+03	5.65486677646163e+02	3.00000000000000e-02	0.00000000000000e+00	0.00000000000000e+00	2.64732282489111e+02	4.44860272886877e+01
3	29	11	20	5.75890000000000e+02	5.65486677646163e+02	3.00000000000000e-02	0.00000000000000e+00	0.00000000000000e+00	2.38587818774570e+02	2.93726404930069e+01
4	30	12	21	3.60440000000000e+02	5.65486677646163e+02	3.00000000000000e-02	0.00000000000000e+00	0.00000000000000e+00	2.11438384267371e+02	1.77797292888531e+01
2	31	13	22	2.69910000000000e+02	5.65486677646163e+02	3.00000000000000e-02	0.00000000000000e+00	0.00000000000000e+00	2.03901757060135e+02	9.34834250966098e+00
5	32	14	23	2.24040000000000e+02	5.65486677646163e+02	3.00000000000000e-02	0.00000000000000e+00	0.00000000000000e+00	2.08416622130192e+02	2.40951799805463e+00
6	33	15	24	1.78160000000000e+02	5.65486677646163e+02	3.00000000000000e-02	0.00000000000000e+00	0.00000000000000e+00	2.07444412907142e+02	-5.07271304095595e+00
7	34	16	25	2.13440000000000e+02	5.65486677646163e+02	3.00000000000000e-02	0.00000000000000e+00	0.00000000000000e+00	2.43795327675721e+02	-4.43244298525345e+00
8	35	17	26	2.04280000000000e+02	5.65486677646163e+02	3.00000000000000e-02	0.00000000000000e+00	0.00000000000000e+00	2.33774742276162e+02	-4.49554700324981e+00
9	36	18	27	2.79180000000000e+02	5.65486677646163e+02	3.00000000000000e-02	0.00000000000000e+00	0.00000000000000e+00	2.80302110042238e+02	-1.33708361914398e-01
10	37	19	28	2.89280000000000e+02	5.65486677646163e+02	3.00000000000000e-02	0.00000000000000e+00	0.00000000000000e+00	2.31463546255104e+02	7.43242278857957e+00
11	38	20	29	2.40540000000000e+02	5.65486677646163e+02	3.00000000000000e-02	0.00000000000000e+00	0.00000000000000e+00	2.02176499703756e+02	5.79151063594772e+00
12	39	21	30	1.91800000000000e+02	5.65486677646163e+02	3.00000000000000e-02	0.00000000000000e+00	0.00000000000000e+00	1.76253071227630e+02	2.81774318345960e+00
13	40	22	31	1.84120000000000e+02	5.65486677646163e+02	3.00000000000000e-02	0.00000000000000e+00	0.00000000000000e+00	1.66742989284871e+02	3.30446927687638e+00
14	41	23	32	1.69500000000000e+02	5.65486677646163e+02	3.00000000000000e-02	0.00000000000000e+00	0.00000000000000e+00	1.71072120888695e+02	-3.07743344986526e-01
15	42	24	33	2.08350000000000e+02	5.65486677646163e+02	3.00000000000000e-02	0.00000000000000e+00	0.00000000000000e+00	1.95687196394725e+02	2.09006367544025e+00
16	43	25	34	2.57930000000000e+02	5.65486677646163e+02	3.00000000000000e-02	0.00000000000000e+00	0.00000000000000e+00	2.43579218051575e+02	1.90820032858253e+00
17	44	26	35	3.47980000000000e+02	5.65486677646163e+02	3.00000000000000e-02	0.00000000000000e+00	0.00000000000000e+00	3.16676600030802e+02	3.14213143019172e+00
18	45	27	36	4.47510000000000e+02	5.65486677646163e+02	3.00000000000000e-02	0.00000000000000e+00	0.00000000000000e+00	4.68353044180725e+02	-1.51744985329255e+00
19	46	28	37	3.97750000000000e+02	5.65486677646163e+02	3.00000000000000e-02	0.00000000000000e+00	0.00000000000000e+00	6.42008290490446e+02	-1.59592516641735e+01
20	47	29	38	6.19960000000000e+02	5.65486677646163e+02	3.00000000000000e-02	0.00000000000000e+00	0.00000000000000e+00	7.47733445241101e+02	-6.24638660019900e+00
21	48	30	39	8.42180000000000e+02	5.65486677646163e+02	3.00000000000000e-02	0.00000000000000e+00	0.00000000000000e+00	7.34367121016162e+02	4.56615665571721e+00
22	49	31	40	6.69500000000000e+02	5.65486677646163e+02	3.00000000000000e-02	0.00000000000000e+00	0.00000000000000e+00	6.08840340334368e+02	3.16583662439100e+00
23	50	32	41	4.53150000000000e+02	5.65486677646163e+02	3.00000000000000e-02	0.00000000000000e+00	0.00000000000000e+00	4.72806994879300e+02	-1.41546880218755e+00
24	51	33	42	3.22840000000000e+02	5.65486677646163e+02	3.00000000000000e-02	0.00000000000000e+00	0.00000000000000e+00	3.29035664366780e+02	-6.33643425490978e-01
25	52	34	43	2.29570000000000e+02	5.65486677646163e+02	3.00000000000000e-02	0.00000000000000e+00	0.00000000000000e+00	2.15321683408593e+02	2.13582940180747e+00
26	53	35	44	1.72840000000000e+02	5.65486677646163e+02	3.00000000000000e-02	0.00000000000000e+00	0.00000000000000e+00	1.65113786056323e+02	1.52438207913326e+00
27	54	36	45	1.16120000000000e+02	5.65486677646163e+02	3.00000000000000e-02	0.00000000000000e+00	0.00000000000000e+00	1.29308168255011e+02	-3.58581058395465e+00
28	55	37	46	7.81000000000000e+01	5.65486677646163e+02	3.00000000000000e-02	0.00000000000000e+00	0.00000000000000e+00	9.67495693667846e+01	-7.13786080216797e+00
29	56	38	47	7.42200000000000e+01	5.65486677646163e+02	3.00000000000000e-02	0.00000000000000e+00	0.00000000000000e+00	7.37468554019122e+01	2.13176664657115e-01
30	57	39	48	7.15500000000000e+01	5.65486677646163e+02	3.00000000000000e-02	0.00000000000000e+00	0.00000000000000e+00	6.31479378050307e+01	4.16387710804826e+00
31	58	40	49	5.91700000000000e+01	5.65486677646163e+02	3.00000000000000e-02	0.00000000000000e+00	0.00000000000000e+00	6.54202298786553e+01	-3.34722931016751e+00
32	59	41	50	7.29900000000000e+01	5.65486677646163e+02	3.00000000000000e-02	0.00000000000000e+00	0.00000000000000e+00	7.21234537596403e+01	3.98105306876347e-01
33	60	42	51	8.68000000000000e+01	5.65486677646163e+02	3.00000000000000e-02	0.00000000000000e+00	0.00000000000000e+00	9.41319683908974e+01	-2.70303650276154e+00
34	61	43	52	1.27990000000000e+02	5.65486677646163e+02	3.00000000000000e-02	0.00000000000000e+00	0.00000000000000e+00	1.30664955701924e+02	-6.89477368366405e-01
35	62	44	53	2.07200000000000e+02	5.65486677646163e+02	3.00000000000000e-02	0.00000000000000e+00	0.00000000000000e+00	1.91593919521254e+02	2.61021268758107e+00
36	63	45	54	3.51630000000000e+02	5.65486677646163e+02	3.00000000000000e-02	0.00000000000000e+00	0.00000000000000e+00	3.30841801542732e+02	2.03130554116117e+00
37	64	46	55	4.96070000000000e+02	5.65486677646163e+02	3.00000000000000e-02	0.00000000000000e+00	0.00000000000000e+00	4.88850906815113e+02	4.88649895093651e-01
38	65	47	56	7.41800000000000e+02	5.65486677646163e+02	3.00000000000000e-02	0.00000000000000e+00	0.00000000000000e+00	6.36272926027820e+02	5.11506882634377e+00
39	66	48	57	8.24880000000000e+02	5.65486677646163e+02	3.00000000000000e-02	0.00000000000000e+00	0.00000000000000e+00	6.75041944544416e+02	6.68210307339905e+00
40	67	49	58	7.44320000000000e+02	5.65486677646163e+02	3.00000000000000e-02	0.00000000000000e+00	0.00000000000000e+00	6.18766799346202e+02	6.15808619724678e+00
41	68	50	59	5.77070000000000e+02	5.65486677646163e+02	3.00000000000000e-02	0.00000000000000e+00	0.00000000000000e+00	5.20205173745903e+02	3.45800925520997e+00
42	69	51	60	4.76820000000000e+02	5.65486677646163e+02	3.00000000000000e-02	0.00000000000000e+00	0.00000000000000e+00	4.07009986355031e+02	5.27671131799051e+00
43	70	52	61	3.81110000000000e+02	5.65486677646163e+02	3.00000000000000e-02	0.00000000000000e+00	0.00000000000000e+00	3.45181234346739e+02	3.30061504399450e+00
44	71	53	62	3.46100000000000e+02	5.65486677646163e+02	3.00000000000000e-02	0.00000000000000e+00	0.00000000000000e+00	3.37746780615417e+02	8.14376856768965e-01
45	72	54	63	3.20510000000000e+02	5.65486677646163e+02	3.00000000000000e-02	0.00000000000000e+00	0.00000000000000e+00	3.20135553190994e+02	3.89655767041752e-02
46	73	55	64	2.62990000000000e+02	5.65486677646163e+02	3.00000000000000e-02	0.00000000000000e+00	0.00000000000000e+00	2.90346324646274e+02	-3.29861415801801e+00
47	74	56	65	2.62830000000000e+02	5.65486677646163e+02	3.00000000000000e-02	0.00000000000000e+00	0.00000000000000e+00	2.53703959287866e+02	1.17797875609741e+00
48	75	57	66	2.32690000000000e+02	5.65486677646163e+02	3.00000000000000e-02	0.00000000000000e+00	0.00000000000000e+00	2.16440116102156e+02	2.41310621357282e+00
49	76	58	67	1.89180000000000e+02	5.65486677646163e+02	3.00000000000000e-02	0.00000000000000e+00	0.00000000000000e+00	1.71073193664933e+02	3.35358149113828e+00
50	77	59	68	1.53060000000000e+02	5.65486677646163e+02	3.00000000000000e-02	0.00000000000000e+00	0.00000000000000e+00	1.41823866365559e+02	2.54146971309970e+00
51	78	60	69	1.21590000000000e+02	5.65486677646163e+02	3.00000000000000e-02	0.00000000000000e+00	0.00000000000000e+00	1.36953703537674e+02	-3.96627363421735e+00
52	79	61	70	9.96500000000000e+01	5.65486677646163e+02	3.00000000000000e-02	0.00000000000000e+00	0.00000000000000e+00	1.26987475263935e+02	-8.08081383225021e+00
53	80	62	71	1.00860000000000e+02	5.65486677646163e+02	3.00000000000000e-02	0.00000000000000e+00	0.00000000000000e+00	1.22441610800385e+02	-6.46336177255555e+00
54	81	63	72	1.43940000000000e+02	5.65486677646163e+02	3.00000000000000e-02	0.00000000000000e+00	0.00000000000000e+00	1.38076649761019e+02	1.38625273558114e+00
55	82	64	73	1.72310000000000e+02	5.65486677646163e+02	3.00000000000000e-02	0.00000000000000e+00	0.00000000000000e+00	1.71132537244142e+02	2.28561742068637e-01
56	83	65	74	2.25710000000000e+02	5.65486677646163e+02	3.00000000000000e-02	0.00000000000000e+00	0.00000000000000e+00	2.10342872015048e+02	2.35040220965320e+00
57	84	66	75	2.31890000000000e+02	5.65486677646163e+02	3.00000000000000e-02	0.00000000000000e+00	0.00000000000000e+00	2.29995393641922e+02	2.73461340584043e-01
58	85	67	76	2.42990000000000e+02	5.65486677646163e+02	3.00000000000000e-02	0.00000000000000e+00	0.00000000000000e+00	2.45660114123138e+02	-3.64288014590356e-01
59	86	68	77	3.18770000000000e+02	5.65486677646163e+02	3.00000000000000e-02	0.00000000000000e+00	0.00000000000000e+00	2.55153381544536e+02	7.42016596723791e+00
60	87	69	78	2.70660000000000e+02	5.65486677646163e+02	3.00000000000000e-02	0.00000000000000e+00	0.00000000000000e+00	2.46231445577571e+02	3.15304971144335e+00
61	88	70	79	2.62670000000000e+02	5.65486677646163e+02	3.00000000000000e-02	0.00000000000000e+00	0.00000000000000e+00	2.40120788698838e+02	2.99188028278238e+00
62	89	71	80	2.43330000000000e+02	5.65486677646163e+02	3.00000000000000e-02	0.00000000000000e+00	0.00000000000000e+00	2.30980082241440e+02	1.73623546697019e+00
63	90	72	81	2.07080000000000e+02	5.65486677646163e+02	3.00000000000000e-02	0.00000000000000e+00	0.00000000000000e+00	2.10492033696068e+02	-5.44753856611576e-01
64	91	73	82	1.91290000000000e+02	5.65486677646163e+02	3.00000000000000e-02	0.00000000000000e+00	0.00000000000000e+00	1.87165666308276e+02	7.26548680499306e-01
65	92	74	83	2.02760000000000e+02	5.65486677646163e+02	3.00000000000000e-02	0.00000000000000e+00	0.00000000000000e+00	1.79983657160097e+02	3.97189867969801e+00
66	93	75	84	2.04910000000000e+02	5.65486677646163e+02	3.00000000000000e-02	0.00000000000000e+00	0.00000000000000e+00	1.89663441430055e+02	2.57732392658519e+00
67	94	76	85	1.89020000000000e+02	5.65486677646163e+02	3.00000000000000e-02	0.00000000000000e+00	0.00000000000000e+00	1.79194452335204e+02	1.77937624853861e+00
68	95	77	86	2.21920000000000e+02	5.65486677646163e+02	3.00000000000000e-02	0.00000000000000e+00	0.00000000000000e+00	1.81922498275991e+02	6.62453979436745e+00
69	96	78	87	1.85750000000000e+02	5.65486677646163e+02	3.00000000000000e-02	0.00000000000000e+00	0.00000000000000e+00	2.04238286933972e+02	-3.16285672617858e+00
70	97	79	88	2.30890000000000e+02	5.65486677646163e+02	3.00000000000000e-02	0.00000000000000e+00	0.00000000000000e+00	2.49316840362198e+02	-2.55943774025361e+00
71	98	80	89	2.79010000000000e+02	5.65486677646163e+02	3.00000000000000e-02	0.00000000000000e+00	0.00000000000000e+00	2.91979835731206e+02	-1.51457068986079e+00
72	99	81	90	3.72760000000000e+02	5.65486677646163e+02	3.00000000000000e-02	0.00000000000000e+00	0.00000000000000e+00	3.48549911447026e+02	2.23844476820381e+00
73	100	82	91	4.27040000000000e+02	5.65486677646163e+02	3.00000000000000e-02	0.00000000000000e+00	0.00000000000000e+00	3.83332872898577e+02	3.59913180339655e+00
74	101	83	92	4.38300000000000e+02	5.65486677646163e+02	3.00000000000000e-02	0.00000000000000e+00	0.00000000000000e+00	4.02801003823556e+02	2.81536514897901e+00
75	102	84	93	4.05120000000000e+02	5.65486677646163e+02	3.00000000000000e-02	0.00000000000000e+00	0.00000000000000e+00	4.16710136266733e+02	-9.40251457031731e-01
76	103	85	94	4.16450000000000e+02	5.65486677646163e+02	3.00000000000000e-02	0.00000000000000e+00	0.00000000000000e+00	4.45342395362854e+02	-2.23590025695935e+00
77	104	86	95	4.27630000000000e+02	5.65486677646163e+02	3.00000000000000e-02	0.00000000000000e+00	0.00000000000000e+00	4.28976678535807e+02	-1.04807311531433e-01
78	105	87	96	3.90310000000000e+02	5.65486677646163e+02	3.00000000000000e-02	0.00000000000000e+00	0.00000000000000e+00	3.96679763826838e+02	-5.39600658931683e-01
79	106	88	97	3.56330000000000e+02	5.65486677646163e+02	3.00000000000000e-02	0.00000000000000e+00	0.00000000000000e+00	3.50382484479187e+02	5.61063239344328e-01
80	107	89	98	3.21790000000000e+02	5.65486677646163e+02	3.00000000000000e-02	0.00000000000000e+00	0.00000000000000e+00	3.18499334365554e+02	3.42625792249536e-01
81	108	90	99	3.21490000000000e+02	5.65486677646163e+02	3.00000000000000e-02	0.00000000000000e+00	0.00000000000000e+00	3.04460508494009e+02	1.81416844048966e+00
82	109	91	100	2.82660000000000e+02	5.65486677646163e+02	3.00000000000000e-02	0.00000000000000e+00	0.00000000000000e+00	2.88700500928075e+02	-7.04835328122577e-01
83	110	92	101	2.70140000000000e+02	5.65486677646163e+02	3.00000000000000e-02	0.00000000000000e+00	0.00000000000000e+00	2.85992449241216e+02	-1.90083553614085e+00
84	111	93	102	2.76970000000000e+02	5.65486677646163e+02	3.00000000000000e-02	0.00000000000000e+00	0.00000000000000e+00	2.92355864881048e+02	-1.80208595035305e+00
85	112	94	103	2.57440000000000e+02	5.65486677646163e+02	3.00000000000000e-02	0.00000000000000e+00	0.00000000000000e+00	2.70961384568300e+02	-1.70632117049099e+00
86	113	95	104	2.79840000000000e+02	5.65486677646163e+02	3.00000000000000e-02	0.00000000000000e+00	0.00000000000000e+00	2.90340763415475e+02	-1.22790893813208e+00
87	114	96	105	3.09720000000000e+02	5.65486677646163e+02	3.00000000000000e-02	0.00000000000000e+00	0.00000000000000e+00	3.13311660017362e+02	-3.84325017589819e-01
88	115	97	106	3.25320000000000e+02	5.65486677646163e+02	3.00000000000000e-02	0.00000000000000e+00	0.00000000000000e+00	3.24450883387211e+02	8.91716504308526e-02
89	116	98	107	3.41760000000000e+02	5.65486677646163e+02	3.00000000000000e-02	0.00000000000000e+00	0.00000000000000e+00	3.48006254026056e+02	-6.03723820681908e-01
90	117	99	108	3.96190000000000e+02	5.65486677646163e+02	3.00000000000000e-02	0.00000000000000e+00	0.00000000000000e+00	3.88909405330069e+02	6.18248961843045e-01
91	118	100	109	4.24140000000000e+02	5.65486677646163e+02	3.00000000000000e-02	0.00000000000000e+00	0.00000000000000e+00	4.03292793923484e+02	1.68002518244377e+00
92	119	101	110	4.29330000000000e+02	5.65486677646163e+02	3.00000000000000e-02	0.00000000000000e+00	0.00000000000000e+00	4.08293211339017e+02	1.67467608176898e+00
93	120	102	111	4.23040000000000e+02	5.65486677646163e+02	3.00000000000000e-02	0.00000000000000e+00	0.00000000000000e+00	4.18613910569193e+02	3.50589886336413e-01
94	121	103	112	4.56150000000000e+02	5.65486677646163e+02	3.00000000000000e-02	0.00000000000000e+00	0.00000000000000e+00	4.58404148198100e+02	-1.64317062195914e-01
95	122	104	113	4.68390000000000e+02	5.65486677646163e+02	3.00000000000000e-02	0.00000000000000e+00	0.00000000000000e+00	4.62616180371662e+02	4.13451867036792e-01
96	123	105	114	5.03840000000000e+02	5.65486677646163e+02	3.00000000000000e-02	0.00000000000000e+00	0.00000000000000e+00	4.61350769369527e+02	2.93667052270917e+00
97	124	106	115	4.80600000000000e+02	5.65486677646163e+02	3.00000000000000e-02	0.00000000000000e+00	0.00000000000000e+00	4.61157694287794e+02	1.37650895865796e+00
98	125	107	116	4.92460000000000e+02	5.65486677646163e+02	3.00000000000000e-02	0.00000000000000e+00	0.00000000000000e+00	4.60007034678344e+02	2.27238189648110e+00
99	126	108	117	4.61480000000000e+02	5.65486677646163e+02	3.00000000000000e-02	0.00000000000000e+00	0.00000000000000e+00	4.58808419046138e+02	1.93532694269383e-01
100	127	109	118	4.30710000000000e+02	5.65486677646163e+02	3.00000000000000e-02	0.00000000000000e+00	0.00000000000000e+00	4.43090448707602e+02	-9.44630418392626e-01
101	128	110	119	4.25600000000000e+02	5.65486677646163e+02	3.00000000000000e-02	0.00000000000000e+00	0.00000000000000e+00	4.30631448418883e+02	-3.91755939533667e-01
102	129	111	120	4.15550000000000e+02	5.65486677646163e+02	3.00000000000000e-02	0.00000000000000e+00	0.00000000000000e+00	4.39353236760096e+02	-1.85669283573079e+00
103	130	112	121	4.33740000000000e+02	5.65486677646163e+02	3.00000000000000e-02	0.00000000000000e+00	0.00000000000000e+00	4.45543854761093e+02	-8.95013508153368e-01
104	131	113	122	4.57520000000000e+02	5.65486677646163e+02	3.00000000000000e-02	0.00000000000000e+00	0.00000000000000e+00	4.54742710048707e+02	2.02960433878700e-01
105	132	114	123	5.71290000000000e+02	5.65486677646163e+02	3.00000000000000e-02	0.00000000000000e+00	0.00000000000000e+00	4.67725697014820e+02	6.66716516816302e+00
106	133	115	124	4.64750000000000e+02	5.65486677646163e+02	3.00000000000000e-02	0.00000000000000e+00	0.00000000000000e+00	4.45504109663424e+02	1.40977182998379e+00
107	134	116	125	4.70500000000000e+02	5.65486677646163e+02	3.00000000000000e-02	0.00000000000000e+00	0.00000000000000e+00	4.19038974169240e+02	3.86106754395878e+00
108	135	117	126	4.15980000000000e+02	5.65486677646163e+02	3.00000000000000e-02	0.00000000000000e+00	0.00000000000000e+00	4.15209005260490e+02	6.18387198541903e-02
109	136	118	127	3.98800000000000e+02	5.65486677646163e+02	3.00000000000000e-02	0.00000000000000e+00	0.00000000000000e+00	3.98747638957899e+02	4.37683716253782e-03
110	137	119	128	3.71340000000000e+02	5.65486677646163e+02	3.00000000000000e-02	0.00000000000000e+00	0.00000000000000e+00	3.74403046529433e+02	-2.73826556295020e-01
111	138	120	129	3.55460000000000e+02	5.65486677646163e+02	3.00000000000000e-02	0.00000000000000e+00	0.00000000000000e+00	3.48181087721180e+02	6.89667129548314e-01
112	139	121	130	3.10960000000000e+02	5.65486677646163e+02	3.00000000000000e-02	0.00000000000000e+00	0.00000000000000e+00	3.17140406006358e+02	-6.56010347613230e-01
113	140	122	131	2.90970000000000e+02	5.65486677646163e+02	3.00000000000000e-02	0.00000000000000e+00	0.00000000000000e+00	3.03163064095608e+02	-1.36835523362736e+00
114	141	123	132	2.91670000000000e+02	5.65486677646163e+02	3.00000000000000e-02	0.00000000000000e+00	0.00000000000000e+00	3.10372327619843e+02	-2.07165358100019e+00
115	142	124	133	3.19860000000000e+02	5.65486677646163e+02	3.00000000000000e-02	0.00000000000000e+00	0.00000000000000e+00	3.39632422780661e+02	-1.99935077528185e+00
116	143	125	134	3.63130000000000e+02	5.65486677646163e+02	3.00000000000000e-02	0.00000000000000e+00	0.00000000000000e+00	3.74127094772324e+02	-9.94488946893165e-01
117	144	126	135	4.32620000000000e+02	5.65486677646163e+02	3.00000000000000e-02	0.00000000000000e+00	0.00000000000000e+00	4.03893750166317e+02	2.29026319337298e+00
118	145	127	136	4.22860000000000e+02	5.65486677646163e+02	3.00000000000000e-02	0.00000000000000e+00	0.00000000000000e+00	4.05855133336189e+02	1.36816245037646e+00
119	146	128	137	3.94600000000000e+02	5.65486677646163e+02	3.00000000000000e-02	0.00000000000000e+00	0.00000000000000e+00	3.94760098014053e+02	-1.35213334320798e-02
120	147	129	138	4.16880000000000e+02	5.65486677646163e+02	3.00000000000000e-02	0.00000000000000e+00	0.00000000000000e+00	3.80214636938339e+02	3.06874944303252e+00
121	148	130	139	4.03710000000000e+02	5.65486677646163e+02	3.00000000000000e-02	0.00000000000000e+00	0.00000000000000e+00	3.96024163832172e+02	6.40718975016578e-01
122	149	131	140	3.91290000000000e+02	5.65486677646163e+02	3.00000000000000e-02	0.00000000000000e+00	0.00000000000000e+00	3.86907451958935e+02	3.75448361485198e-01
123	150	132	141	3.99570000000000e+02	5.65486677646163e+02	3.00000000000000e-02	0.00000000000000e+00	0.00000000000000e+00	3.90530163818566e+02	7.62791949694700e-01
124	151	133	142	3.60150000000000e+02	5.65486677646163e+02	3.00000000000000e-02	0.00000000000000e+00	0.00000000000000e+00	3.65350563750930e+02	-4.77890998137613e-01
125	152	134	143	3.08280000000000e+02	5.65486677646163e+02	3.00000000000000e-02	0.00000000000000e+00	0.00000000000000e+00	3.26349874845389e+02	-1.89871935577474e+00
126	153	135	144	2.86720000000000e+02	5.65486677646163e+02	3.00000000000000e-02	0.00000000000000e+00	0.00000000000000e+00	3.15323041579109e+02	-3.16971707887319e+00
127	154	136	145	2.86720000000000e+02	5.65486677646163e+02	3.00000000000000e-02	0.00000000000000e+00	0.00000000000000e+00	3.17562306384130e+02	-3.40559699578176e+00
128	155	137	146	2.97890000000000e+02	5.65486677646163e+02	3.00000000000000e-02	0.00000000000000e+00	0.00000000000000e+00	3.13951562947110e+02	-1.75048083449087e+00
129	156	138	147	3.22120000000000e+02	5.65486677646163e+02	3.00000000000000e-02	0.00000000000000e+00	0.00000000000000e+00	3.30161830208917e+02	-8.21959396717838e-01
130	157	139	148	3.32640000000000e+02	5.65486677646163e+02	3.00000000000000e-02	0.00000000000000e+00	0.00000000000000e+00	3.33671665258941e+02	-1.03221574040813e-01
131	158	140	149	3.72470000000000e+02	5.65486677646163e+02	3.00000000000000e-02	0.00000000000000e+00	0.00000000000000e+00	3.59110731982942e+02	1.21752370333172e+00
132	159	141	150	3.99380000000000e+02	5.65486677646163e+02	3.00000000000000e-02	0.00000000000000e+00	0.00000000000000e+00	3.71840176335711e+02	2.38164053890566e+00
133	160	142	151	4.42340000000000e+02	5.65486677646163e+02	3.00000000000000e-02	0.00000000000000e+00	0.00000000000000e+00	4.31472433377621e+02	8.29173140845600e-01
134	161	143	152	5.06720000000000e+02	5.65486677646163e+02	3.00000000000000e-02	0.00000000000000e+00	0.00000000000000e+00	5.15304962748264e+02	-5.60010109723278e-01
135	162	144	153	5.26740000000000e+02	5.65486677646163e+02	3.00000000000000e-02	0.00000000000000e+00	0.00000000000000e+00	5.18601140572170e+02	5.19066524491259e-01
136	163	145	154	5.15030000000000e+02	5.65486677646163e+02	3.00000000000000e-02	0.00000000000000e+00	0.00000000000000e+00	4.85881379507087e+02	1.94202107910968e+00
137	164	146	155	4.24480000000000e+02	5.65486677646163e+02	3.00000000000000e-02	0.00000000000000e+00	0.00000000000000e+00	4.17897395830351e+02	5.20965083890375e-01
138	165	147	156	3.78240000000000e+02	5.65486677646163e+02	3.00000000000000e-02	0.00000000000000e+00	0.00000000000000e+00	3.58871000887257e+02	1.75219732894639e+00
139	166	148	157	3.37460000000000e+02	5.65486677646163e+02	3.00000000000000e-02	0.00000000000000e+00	0.00000000000000e+00	3.28697761084089e+02	8.76943851659225e-01
140	167	149	158	2.84600000000000e+02	5.65486677646163e+02	3.00000000000000e-02	0.00000000000000e+00	0.00000000000000e+00	2.85574363588608e+02	-1.13925914516540e-01
141	168	150	159	2.88430000000000e+02	5.65486677646163e+02	3.00000000000000e-02	0.00000000000000e+00	0.00000000000000e+00	2.74321758656815e+02	1.67169010299600e+00
142	169	151	160	2.65100000000000e+02	5.65486677646163e+02	3.00000000000000e-02	0.00000000000000e+00	0.00000000000000e+00	2.56919026321555e+02	1.04487169081192e+00
143	170	152	161	2.36820000000000e+02	5.65486677646163e+02	3.00000000000000e-02	0.00000000000000e+00	0.00000000000000e+00	2.26820169148483e+02	1.43809539256896e+00
144	171	153	162	2.36350000000000e+02	5.65486677646163e+02	3.00000000000000e-02	0.00000000000000e+00	0.00000000000000e+00	2.28704238230911e+02	1.09613748487144e+00
145	172	154	163	2.29310000000000e+02	5.65486677646163e+02	3.00000000000000e-02	0.00000000000000e+00	0.00000000000000e+00	2.35001661172986e+02	-8.17259434583129e-01
146	173	155	164	2.53870000000000e+02	5.65486677646163e+02	3.00000000000000e-02	0.00000000000000e+00	0.00000000000000e+00	2.71230687148483e+02	-2.20491259641082e+00
147	174	156	165	3.17260000000000e+02	5.65486677646163e+02	3.00000000000000e-02	0.00000000000000e+00	0.00000000000000e+00	3.29786026897848e+02	-1.29074712786682e+00
148	175	157	166	4.40150000000000e+02	5.65486677646163e+02	3.00000000000000e-02	0.00000000000000e+00	0.00000000000000e+00	4.33584177119364e+02	5.00987344356988e-01
149	176	158	167	2.93090000000000e+02	5.65486677646163e+02	3.00000000000000e-02	0.00000000000000e+00	0.00000000000000e+00	3.65239528280264e+02	-7.33578837091094e+00
1	31	11	21	2.13850000000000e+02	6.28318530717959e+02	3.00000000000000e-02	0.00000000000000e+00	0.00000000000000e+00	2.37819692499539e+02	-3.54126524463461e+00
3	32	12	22	1.77260000000000e+02	6.28318530717959e+02	3.00000000000000e-02	0.00000000000000e+00	0.00000000000000e+00	2.06567184020522e+02	-5.10027081745150e+00
4	33	13	23	1.40660000000000e+02	6.28318530717959e+02	3.00000000000000e-02	0.00000000000000e+00	0.00000000000000e+00	1.89756450671995e+02	-9.97985934847891e+00
2	34	14	24	1.42220000000000e+02	6.28318530717959e+02	3.00000000000000e-02	0.00000000000000e+00	0.00000000000000e+00	1.83777349116047e+02	-8.54499370963261e+00
5	35	15	25	1.77310000000000e+02	6.28318530717959e+02	3.00000000000000e-02	0.00000000000000e+00	0.00000000000000e+00	1.87649701465498e+02	-1.88924405331946e+00
6	36	16	26	1.76480000000000e+02	6.28318530717959e+02	3.00000000000000e-02	0.00000000000000e+00	0.00000000000000e+00	1.84993233849572e+02	-1.57038983727329e+00
7	37	17	27	2.02180000000000e+02	6.28318530717959e+02	3.00000000000000e-02	0.00000000000000e+00	0.00000000000000e+00	2.18920592868675e+02	-2.65168948994390e+00
8	38	18	28	2.41930000000000e+02	6.28318530717959e+02	3.00000000000000e-02	0.00000000000000e+00	0.00000000000000e+00	2.30128858849441e+02	1.66696734033639e+00
9	39	19	29	3.52850000000000e+02	6.28318530717959e+02	3.00000000000000e-02	0.00000000000000e+00	0.00000000000000e+00	2.35193125060431e+02	1.35212017344940e+01
10	40	20	30	2.86430000000000e+02	6.28318530717959e+02	3.00000000000000e-02	0.00000000000000e+00	0.00000000000000e+00	2.04041963441065e+02	1.13056167457130e+01
11	41	21	31	2.20010000000000e+02	6.28318530717959e+02	3.00000000000000e-02	0.00000000000000e+00	0.00000000000000e+00	1.99620642005931e+02	3.24180748237337e+00
12	42	22	32	2.08000000000000e+02	6.28318530717959e+02	3.00000000000000e-02	0.00000000000000e+00	0.00000000000000e+00	1.90915473725411e+02	2.85690985157663e+00
13	43	23	33	2.40960000000000e+02	6.28318530717959e+02	3.00000000000000e-02	0.00000000000000e+00	0.00000000000000e+00	2.06924116812710e+02	5.07596013336252e+00
14	44	24	34	2.87180000000000e+02	6.28318530717959e+02	3.00000000000000e-02	0.00000000000000e+00	0.00000000000000e+00	2.57321631123012e+02	3.65941371513848e+00
15	45	25	35	3.56470000000000e+02	6.28318530717959e+02	3.00000000000000e-02	0.00000000000000e+00	0.00000000000000e+00	3.23661506397180e+02	3.21839495015824e+00
16	46	26	36	5.36990000000000e+02	6.28318530717959e+02	3.00000000000000e-02	0.00000000000000e+00	0.00000000000000e+00	4.67584775178445e+02	4.61329342641079e+00
17	47	27	37	7.17520000000000e+02	6.28318530717959e+02	3.00000000000000e-02	0.00000000000000e+00	0.00000000000000e+00	6.40190185267237e+02	3.80118417068636e+00
18	48	28	38	8.68990000000000e+02	6.28318530717959e+02	3.00000000000000e-02	0.00000000000000e+00	0.00000000000000e+00	7.24366468587680e+02	6.06780604376823e+00
19	49	29	39	6.12730000000000e+02	6.28318530717959e+02	3.00000000000000e-02	0.00000000000000e+00	0.00000000000000e+00	6.74718998174232e+02	-3.21239743527514e+00
20	50	30	40	4.99780000000000e+02	6.28318530717959e+02	3.00000000000000e-02	0.00000000000000e+00	0.00000000000000e+00	5.45650952118202e+02	-2.92704959628540e+00
21	51	31	41	3.86830000000000e+02	6.28318530717959e+02	3.00000000000000e-02	0.00000000000000e+00	0.00000000000000e+00	3.84313516975283e+02	2.17555003466430e-01
22	52	32	42	2.60970000000000e+02	6.28318530717959e+02	3.00000000000000e-02	0.00000000000000e+00	0.00000000000000e+00	2.68875943057173e+02	-9.94821227092491e-01
23	53	33	43	1.92770000000000e+02	6.28318530717959e+02	3.00000000000000e-02	0.00000000000000e+00	0.00000000000000e+00	2.15913765324542e+02	-3.77937749835692e+00
24	54	34	44	1.64000000000000e+02	6.28318530717959e+02	3.00000000000000e-02	0.00000000000000e+00	0.00000000000000e+00	1.70239250693248e+02	-1.24461256154878e+00
25	55	35	45	1.15090000000000e+02	6.28318530717959e+02	3.00000000000000e-02	0.00000000000000e+00	0.00000000000000e+00	1.44176070164982e+02	-7.51069437247237e+00
26	56	36	46	1.12670000000000e+02	6.28318530717959e+02	3.00000000000000e-02	0.00000000000000e+00	0.00000000000000e+00	1.16974021391010e+02	-1.24962261914039e+00
27	57	37	47	8.22600000000000e+01	6.28318530717959e+02	3.00000000000000e-02	0.00000000000000e+00	0.00000000000000e+00	8.18737845878205e+01	1.56870456198543e-01
28	58	38	48	7.24200000000000e+01	6.28318530717959e+02	3.00000000000000e-02	0.00000000000000e+00	0.00000000000000e+00	6.12770519033507e+01	5.56923628964000e+00
29	59	39	49	6.61700000000000e+01	6.28318530717959e+02	3.00000000000000e-02	0.00000000000000e+00	0.00000000000000e+00	5.84124748714154e+01	4.15659033964735e+00
30	60	40	50	5.84500000000000e+01	6.28318530717959e+02	3.00000000000000e-02	0.00000000000000e+00	0.00000000000000e+00	6.42580821158982e+01	-3.15786065444238e+00
31	61	41	51	6.49500000000000e+01	6.28318530717959e+02	3.00000000000000e-02	0.00000000000000e+00	0.00000000000000e+00	7.56522894616618e+01	-5.08433201761479e+00
32	62	42	52	5.51200000000000e+01	6.28318530717959e+02	3.00000000000000e-02	0.00000000000000e+00	0.00000000000000e+00	8.12559794752812e+01	-1.29363928446165e+01
33	63	43	53	9.59500000000000e+01	6.28318530717959e+02	3.00000000000000e-02	0.00000000000000e+00	0.00000000000000e+00	9.26540753938689e+01	1.16514279026279e+00
34	64	44	54	1.36780000000000e+02	6.28318530717959e+02	3.00000000000000e-02	0.00000000000000e+00	0.00000000000000e+00	1.34837168273888e+02	4.76863538774334e-01
35	65	45	55	2.33780000000000e+02	6.28318530717959e+02	3.00000000000000e-02	0.00000000000000e+00	0.00000000000000e+00	2.09434743320501e+02	3.66560996900385e+00
36	66	46	56	4.53480000000000e+02	6.28318530717959e+02	3.00000000000000e-02	0.00000000000000e+00	0.00000000000000e+00	3.73410796437598e+02	6.47573408645614e+00
37	67	47	57	6.73170000000000e+02	6.28318530717959e+02	3.00000000000000e-02	0.00000000000000e+00	0.00000000000000e+00	5.72084059437056e+02	5.42373201344543e+00
38	68	48	58	8.60750000000000e+02	6.28318530717959e+02	3.00000000000000e-02	0.00000000000000e+00	0.00000000000000e+00	6.90318704826421e+02	7.35502400711268e+00
39	69	49	59	8.22950000000000e+02	6.28318530717959e+02	3.00000000000000e-02	0.00000000000000e+00	0.00000000000000e+00	6.65111125369070e+02	7.09804376588981e+00
40	70	50	60	6.30920000000000e+02	6.28318530717959e+02	3.00000000000000e-02	0.00000000000000e+00	0.00000000000000e+00	5.65243099272068e+02	3.66410562705267e+00
41	71	51	61	5.07570000000000e+02	6.28318530717959e+02	3.00000000000000e-02	0.00000000000000e+00	0.00000000000000e+00	4.60406579817496e+02	3.25082213898481e+00
42	72	52	62	3.97770000000000e+02	6.28318530717959e+02	3.00000000000000e-02	0.00000000000000e+00	0.00000000000000e+00	3.76769159710182e+02	1.80804191150550e+00
43	73	53	63	3.55030000000000e+02	6.28318530717959e+02	3.00000000000000e-02	0.00000000000000e+00	0.00000000000000e+00	3.37278182420664e+02	1.70980786605896e+00
44	74	54	64	3.23490000000000e+02	6.28318530717959e+02	3.00000000000000e-02	0.00000000000000e+00	0.00000000000000e+00	3.01424663989879e+02	2.35493624326883e+00
45	75	55	65	2.77340000000000e+02	6.28318530717959e+02	3.00000000000000e-02	0.00000000000000e+00	0.00000000000000e+00	2.73768671587030e+02	4.32023493678931e-01
46	76	56	66	2.48530000000000e+02	6.28318530717959e+02	3.00000000000000e-02	0.00000000000000e+00	0.00000000000000e+00	2.40840223003359e+02	1.04766080201575e+00
47	77	57	67	2.06020000000000e+02	6.28318530717959e+02	3.00000000000000e-02	0.00000000000000e+00	0.00000000000000e+00	1.89882478914369e+02	2.71893008981839e+00
48	78	58	68	1.66010000000000e+02	6.28318530717959e+02	3.00000000000000e-02	0.00000000000000e+00	0.00000000000000e+00	1.60571460314199e+02	1.11029828071298e+00
49	79	59	69	1.50730000000000e+02	6.28318530717959e+02	3.00000000000000e-02	0.00000000000000e+00	0.00000000000000e+00	1.52027713785582e+02	-2.85755831363943e-01
50	80	60	70	1.44840000000000e+02	6.28318530717959e+02	3.00000000000000e-02	0.00000000000000e+00	0.00000000000000e+00	1.52907322057155e+02	-1.80674382576565e+00
51	81	61	71	1.62710000000000e+02	6.28318530717959e+02	3.00000000000000e-02	0.00000000000000e+00	0.00000000000000e+00	1.53422461148038e+02	1.95913916168144e+00
52	82	62	72	1.77400000000000e+02	6.28318530717959e+02	3.00000000000000e-02	0.00000000000000e+00	0.00000000000000e+00	1.58944626298781e+02	3.66170635281519e+00
53	83	63	73	2.00510000000000e+02	6.28318530717959e+02	3.00000000000000e-02	0.00000000000000e+00	0.00000000000000e+00	1.75972415578635e+02	4.35122892422291e+00
54	84	64	74	2.08110000000000e+02	6.28318530717959e+02	3.00000000000000e-02	0.00000000000000e+00	0.00000000000000e+00	1.87068356618617e+02	3.55308975301289e+00
55	85	65	75	1.87940000000000e+02	6.28318530717959e+02	3.00000000000000e-02	0.00000000000000e+00	0.00000000000000e+00	2.02759490345936e+02	-2.52992456877313e+00
56	86	66	76	2.15100000000000e+02	6.28318530717959e+02	3.00000000000000e-02	0.00000000000000e+00	0.00000000000000e+00	2.12840926739129e+02	3.51932413211120e-01
57	87	67	77	2.42900000000000e+02	6.28318530717959e+02	3.00000000000000e-02	0.00000000000000e+00	0.00000000000000e+00	2.27291680772536e+02	2.21385686760831e+00
58	88	68	78	2.20410000000000e+02	6.28318530717959e+02	3.00000000000000e-02	0.00000000000000e+00	0.00000000000000e+00	2.20649857683642e+02	-3.62547476053206e-02
59	89	69	79	2.73540000000000e+02	6.28318530717959e+02	3.00000000000000e-02	0.00000000000000e+00	0.00000000000000e+00	2.15989923137226e+02	7.87387029999852e+00
60	90	70	80	2.39320000000000e+02	6.28318530717959e+02	3.00000000000000e-02	0.00000000000000e+00	0.00000000000000e+00	2.12332198811276e+02	3.98831815833542e+00
61	91	71	81	2.14970000000000e+02	6.28318530717959e+02	3.00000000000000e-02	0.00000000000000e+00	0.00000000000000e+00	2.19940070845231e+02	-7.61887349543885e-01
62	92	72	82	2.05130000000000e+02	6.28318530717959e+02	3.00000000000000e-02	0.00000000000000e+00	0.00000000000000e+00	2.18272045573577e+02	-2.06994252569457e+00
63	93	73	83	2.08170000000000e+02	6.28318530717959e+02	3.00000000000000e-02	0.00000000000000e+00	0.00000000000000e+00	2.10765293927460e+02	-4.13003657340324e-01
64	94	74	84	2.15810000000000e+02	6.28318530717959e+02	3.00000000000000e-02	0.00000000000000e+00	0.00000000000000e+00	2.13585965593836e+02	3.45299672488360e-01
65	95	75	85	2.39980000000000e+02	6.28318530717959e+02	3.00000000000000e-02	0.00000000000000e+00	0.00000000000000e+00	2.11505434796363e+02	4.21016306477841e+00
66	96	76	86	2.37030000000000e+02	6.28318530717959e+02	3.00000000000000e-02	0.00000000000000e+00	0.00000000000000e+00	2.17051830743627e+02	2.93501796765388e+00
67	97	77	87	2.30640000000000e+02	6.28318530717959e+02	3.00000000000000e-02	0.00000000000000e+00	0.00000000000000e+00	2.17584919235368e+02	1.94229485781940e+00
68	98	78	88	2.60690000000000e+02	6.28318530717959e+02	3.00000000000000e-02	0.00000000000000e+00	0.00000000000000e+00	2.53377427875637e+02	9.48392502256261e-01
69	99	79	89	2.52570000000000e+02	6.28318530717959e+02	3.00000000000000e-02	0.00000000000000e+00	0.00000000000000e+00	2.82010629229820e+02	-3.67521081714735e+00
70	100	80	90	3.18130000000000e+02	6.28318530717959e+02	3.00000000000000e-02	0.00000000000000e+00	0.00000000000000e+00	3.26553713926253e+02	-8.71144841141458e-01
71	101	81	91	3.74500000000000e+02	6.28318530717959e+02	3.00000000000000e-02	0.00000000000000e+00	0.00000000000000e+00	3.53692061636056e+02	1.90550502582522e+00
72	102	82	92	4.14010000000000e+02	6.28318530717959e+02	3.00000000000000e-02	0.00000000000000e+00	0.00000000000000e+00	3.85211602272836e+02	2.40324428419398e+00
73	103	83	93	4.38160000000000e+02	6.28318530717959e+02	3.00000000000000e-02	0.00000000000000e+00	0.00000000000000e+00	4.27881648597763e+02	7.91250170025393e-01
74	104	84	94	4.73120000000000e+02	6.28318530717959e+02	3.00000000000000e-02	0.00000000000000e+00	0.00000000000000e+00	4.51684198505770e+02	1.54552654439530e+00
75	105	85	95	4.33500000000000e+02	6.28318530717959e+02	3.00000000000000e-02	0.00000000000000e+00	0.00000000000000e+00	4.35845440248281e+02	-1.79862981229858e-01
76	106	86	96	4.33820000000000e+02	6.28318530717959e+02	3.00000000000000e-02	0.00000000000000e+00	0.00000000000000e+00	4.20808441008032e+02	1.01506602911480e+00
77	107	87	97	3.79460000000000e+02	6.28318530717959e+02	3.00000000000000e-02	0.00000000000000e+00	0.00000000000000e+00	3.78326731036706e+02	9.96999781722371e-02
78	108	88	98	3.55900000000000e+02	6.28318530717959e+02	3.00000000000000e-02	0.00000000000000e+00	0.00000000000000e+00	3.23796224976449e+02	3.15118032814790e+00
79	109	89	99	3.02330000000000e+02	6.28318530717959e+02	3.00000000000000e-02	0.00000000000000e+00	0.00000000000000e+00	2.92116498091481e+02	1.14554824195749e+00
80	110	90	100	2.73470000000000e+02	6.28318530717959e+02	3.00000000000000e-02	0.00000000000000e+00	0.00000000000000e+00	2.69102542584411e+02	5.36647348980098e-01
81	111	91	101	2.76380000000000e+02	6.28318530717959e+02	3.00000000000000e-02	0.00000000000000e+00	0.00000000000000e+00	2.73738015787322e+02	3.20174271625569e-01
82	112	92	102	2.61930000000000e+02	6.28318530717959e+02	3.00000000000000e-02	0.00000000000000e+00	0.00000000000000e+00	2.61177811222041e+02	9.58616025527862e-02
83	113	93	103	2.46470000000000e+02	6.28318530717959e+02	3.00000000000000e-02	0.00000000000000e+00	0.00000000000000e+00	2.51558296795709e+02	-6.81149228709810e-01
84	114	94	104	2.33390000000000e+02	6.28318530717959e+02	3.00000000000000e-02	0.00000000000000e+00	0.00000000000000e+00	2.62794532832638e+02	-3.95538696107186e+00
85	115	95	105	2.86450000000000e+02	6.28318530717959e+02	3.00000000000000e-02	0.00000000000000e+00	0.00000000000000e+00	2.81043238843286e+02	6.35182282374291e-01
86	116	96	106	2.68460000000000e+02	6.28318530717959e+02	3.00000000000000e-02	0.00000000000000e+00	0.00000000000000e+00	2.82877231232476e+02	-1.74370215202557e+00
87	117	97	107	3.03250000000000e+02	6.28318530717959e+02	3.00000000000000e-02	0.00000000000000e+00	0.00000000000000e+00	3.05019344437682e+02	-1.93921705261809e-01
88	118	98	108	3.30990000000000e+02	6.28318530717959e+02	3.00000000000000e-02	0.00000000000000e+00	0.00000000000000e+00	3.24593831937574e+02	6.50450352704013e-01
89	119	99	109	3.57380000000000e+02	6.28318530717959e+02	3.00000000000000e-02	0.00000000000000e+00	0.00000000000000e+00	3.49726124182244e+02	7.21643187275352e-01
90	120	100	110	3.92790000000000e+02	6.28318530717959e+02	3.00000000000000e-02	0.00000000000000e+00	0.00000000000000e+00	3.73990404884603e+02	1.63483254037026e+00
91	121	101	111	3.87430000000000e+02	6.28318530717959e+02	3.00000000000000e-02	0.00000000000000e+00	0.00000000000000e+00	3.65465893772812e+02	1.94540754563540e+00
92	122	102	112	3.93210000000000e+02	6.28318530717959e+02	3.00000000000000e-02	0.00000000000000e+00	0.00000000000000e+00	3.87921746988175e+02	4.51339467907067e-01
93	123	103	113	4.04850000000000e+02	6.28318530717959e+02	3.00000000000000e-02	0.00000000000000e+00	0.00000000000000e+00	4.30097148400739e+02	-2.01648271837597e+00
94	124	104	114	4.67560000000000e+02	6.28318530717959e+02	3.00000000000000e-02	0.00000000000000e+00	0.00000000000000e+00	4.63833754902160e+02	2.66716052072506e-01
95	125	105	115	5.00320000000000e+02	6.28318530717959e+02	3.00000000000000e-02	0.00000000000000e+00	0.00000000000000e+00	4.60712634529888e+02	2.74911325025092e+00
96	126	106	116	4.78890000000000e+02	6.28318530717959e+02	3.00000000000000e-02	0.00000000000000e+00	0.00000000000000e+00	4.74029735026775e+02	3.40029136433362e-01
97	127	107	117	4.41890000000000e+02	6.28318530717959e+02	3.00000000000000e-02	0.00000000000000e+00	0.00000000000000e+00	4.43962990987978e+02	-1.56007433366471e-01
98	128	108	118	4.38420000000000e+02	6.28318530717959e+02	3.00000000000000e-02	0.00000000000000e+00	0.00000000000000e+00	4.34945242881163e+02	2.65240343332026e-01
99	129	109	119	4.11520000000000e+02	6.28318530717959e+02	3.00000000000000e-02	0.00000000000000e+00	0.00000000000000e+00	4.28528692663949e+02	-1.35000249653994e+00
100	130	110	120	4.19990000000000e+02	6.28318530717959e+02	3.00000000000000e-02	0.00000000000000e+00	0.00000000000000e+00	4.32786197654991e+02	-1.00043115793185e+00
101	131	111	121	4.66450000000000e+02	6.28318530717959e+02	3.00000000000000e-02	0.00000000000000e+00	0.00000000000000e+00	4.64519831178488e+02	1.38219415388363e-01
102	132	112	122	4.58840000000000e+02	6.28318530717959e+02	3.00000000000000e-02	0.00000000000000e+00	0.00000000000000e+00	4.50795290764914e+02	5.89607656583269e-01
103	133	113	123	4.10250000000000e+02	6.28318530717959e+02	3.00000000000000e-02	0.00000000000000e+00	0.00000000000000e+00	4.20698016123205e+02	-8.38284831946841e-01
104	134	114	124	4.27370000000000e+02	6.28318530717959e+02	3.00000000000000e-02	0.00000000000000e+00	0.00000000000000e+00	4.20622657156140e+02	5.30467269712265e-01
105	135	115	125	5.27200000000000e+02	6.28318530717959e+02	3.00000000000000e-02	0.00000000000000e+00	0.00000000000000e+00	4.14277459105897e+02	8.03480142545621e+00
106	136	116	126	4.23170000000000e+02	6.28318530717959e+02	3.00000000000000e-02	0.00000000000000e+00	0.00000000000000e+00	3.86407539474449e+02	3.02937917723781e+00
107	137	117	127	3.71910000000000e+02	6.28318530717959e+02	3.00000000000000e-02	0.00000000000000e+00	0.00000000000000e+00	3.79256881205045e+02	-6.52062426373679e-01
108	138	118	128	3.55160000000000e+02	6.28318530717959e+02	3.00000000000000e-02	0.00000000000000e+00	0.00000000000000e+00	3.62067790659483e+02	-6.42102304817035e-01
109	139	119	129	3.40690000000000e+02	6.28318530717959e+02	3.00000000000000e-02	0.00000000000000e+00	0.00000000000000e+00	3.53747387518116e+02	-1.25366969739007e+00
110	140	120	130	3.45510000000000e+02	6.28318530717959e+02	3.00000000000000e-02	0.00000000000000e+00	0.00000000000000e+00	3.33844729095186e+02	1.14485281374493e+00
111	141	121	131	2.94270000000000e+02	6.28318530717959e+02	3.00000000000000e-02	0.00000000000000e+00	0.00000000000000e+00	3.02683894576611e+02	-9.39709849208281e-01
112	142	122	132	2.92750000000000e+02	6.28318530717959e+02	3.00000000000000e-02	0.00000000000000e+00	0.00000000000000e+00	3.08891050275009e+02	-1.78898747131170e+00
113	143	123	133	3.14310000000000e+02	6.28318530717959e+02	3.00000000000000e-02	0.00000000000000e+00	0.00000000000000e+00	3.38986935581962e+02	-2.51939361661832e+00
114	144	124	134	3.44600000000000e+02	6.28318530717959e+02	3.00000000000000e-02	0.00000000000000e+00	0.00000000000000e+00	3.58394078516335e+02	-1.30829449578741e+00
115	145	125	135	3.71520000000000e+02	6.28318530717959e+02	3.00000000000000e-02	0.00000000000000e+00	0.00000000000000e+00	3.68712834556515e+02	2.52819452608755e-01
116	146	126	136	4.11700000000000e+02	6.28318530717959e+02	3.00000000000000e-02	0.00000000000000e+00	0.00000000000000e+00	3.77921361755120e+02	2.85362641613271e+00
117	147	127	137	3.67650000000000e+02	6.28318530717959e+02	3.00000000000000e-02	0.00000000000000e+00	0.00000000000000e+00	3.60253531073759e+02	6.77445402639136e-01
118	148	128	138	3.55670000000000e+02	6.28318530717959e+02	3.00000000000000e-02	0.00000000000000e+00	0.00000000000000e+00	3.53461539896669e+02	2.07621775749534e-01
119	149	129	139	3.56470000000000e+02	6.28318530717959e+02	3.00000000000000e-02	0.00000000000000e+00	0.00000000000000e+00	3.48181616691941e+02	7.84195138538912e-01
120	150	130	140	3.64800000000000e+02	6.28318530717959e+02	3.00000000000000e-02	0.00000000000000e+00	0.00000000000000e+00	3.58042392170110e+02	6.23262164228559e-01
121	151	131	141	3.65230000000000e+02	6.28318530717959e+02	3.00000000000000e-02	0.00000000000000e+00	0.00000000000000e+00	3.72333477874665e+02	-6.42086882976134e-01
122	152	132	142	3.56300000000000e+02	6.28318530717959e+02	3.00000000000000e-02	0.00000000000000e+00	0.00000000000000e+00	3.49355891816978e+02	6.56064089062654e-01
123	153	133	143	3.20050000000000e+02	6.28318530717959e+02	3.00000000000000e-02	0.00000000000000e+00	0.00000000000000e+00	3.27032080077875e+02	-7.19367890367432e-01
124	154	134	144	3.09370000000000e+02	6.28318530717959e+02	3.00000000000000e-02	0.00000000000000e+00	0.00000000000000e+00	3.17239152062276e+02	-8.37264692552016e-01
125	155	135	145	8.36150000000000e+02	6.28318530717959e+02	3.00000000000000e-02	0.00000000000000e+00	0.00000000000000e+00	3.31335922943053e+02	3.08558429715237e+01
126	156	136	146	5.82030000000000e+02	6.28318530717959e+02	3.00000000000000e-02	0.00000000000000e+00	0.00000000000000e+00	3.37690793385055e+02	1.81463776159418e+01
127	157	137	147	4.64660000000000e+02	6.28318530717959e+02	3.00000000000000e-02	0.00000000000000e+00	0.00000000000000e+00	3.40495287670856e+02	1.03634889764275e+01
128	158	138	148	3.47290000000000e+02	6.28318530717959e+02	3.00000000000000e-02	0.00000000000000e+00	0.00000000000000e+00	3.53932306915099e+02	-6.31516855311028e-01
129	159	139	149	4.10840000000000e+02	6.28318530717959e+02	3.00000000000000e-02	0.00000000000000e+00	0.00000000000000e+00	3.71604856581988e+02	3.34575893541000e+00
130	160	140	150	4.13720000000000e+02	6.28318530717959e+02	3.00000000000000e-02	0.00000000000000e+00	0.00000000000000e+00	3.78449438968534e+02	2.97023117336455e+00
131	161	141	151	4.16490000000000e+02	6.28318530717959e+02	3.00000000000000e-02	0.00000000000000e+00	0.00000000000000e+00	4.07680937739200e+02	7.12586619642093e-01
132	162	142	152	4.31320000000000e+02	6.28318530717959e+02	3.00000000000000e-02	0.00000000000000e+00	0.00000000000000e+00	4.54139366196942e+02	-1.71846169742237e+00
133	163	143	153	4.60400000000000e+02	6.28318530717959e+02	3.00000000000000e-02	0.00000000000000e+00	0.00000000000000e+00	4.51342448431795e+02	6.62310543766627e-01
134	164	144	154	4.61000000000000e+02	6.28318530717959e+02	3.00000000000000e-02	0.00000000000000e+00	0.00000000000000e+00	4.45617670605967e+02	1.13122331371300e+00
135	165	145	155	4.43360000000000e+02	6.28318530717959e+02	3.00000000000000e-02	0.00000000000000e+00	0.00000000000000e+00	4.13285607135705e+02	2.34143948192139e+00
136	166	146	156	3.85720000000000e+02	6.28318530717959e+02	3.00000000000000e-02	0.00000000000000e+00	0.00000000000000e+00	3.73334247663072e+02	1.08791976422123e+00
137	167	147	157	3.24140000000000e+02	6.28318530717959e+02	3.00000000000000e-02	0.00000000000000e+00	0.00000000000000e+00	3.43005080801185e+02	-1.88565795525670e+00
138	168	148	158	3.35670000000000e+02	6.28318530717959e+02	3.00000000000000e-02	0.00000000000000e+00	0.00000000000000e+00	3.14738626761554e+02	2.14619988043164e+00
139	169	149	159	2.98160000000000e+02	6.28318530717959e+02	3.00000000000000e-02	0.00000000000000e+00	0.00000000000000e+00	2.82245520137075e+02	1.82843080783464e+00
140	170	150	160	2.70580000000000e+02	6.28318530717959e+02	3.00000000000000e-02	0.00000000000000e+00	0.00000000000000e+00	2.73823924078676e+02	-3.97249459905691e-01
141	171	151	161	2.61840000000000e+02	6.28318530717959e+02	3.00000000000000e-02	0.00000000000000e+00	0.00000000000000e+00	2.60587302605388e+02	1.59856346101635e-01
142	172	152	162	2.40940000000000e+02	6.28318530717959e+02	3.00000000000000e-02	0.00000000000000e+00	0.00000000000000e+00	2.37076705598343e+02	5.38806625133503e-01
143	173	153	163	2.39090000000000e+02	6.28318530717959e+02	3.00000000000000e-02	0.00000000000000e+00	0.00000000000000e+00	2.38955318031161e+02	1.87823158631417e-02
144	174	154	164	2.43190000000000e+02	6.28318530717959e+02	3.00000000000000e-02	0.00000000000000e+00	0.00000000000000e+00	2.44054900244018e+02	-1.18339005292404e-01
145	175	155	165	3.19480000000000e+02	6.28318530717959e+02	3.00000000000000e-02	0.00000000000000e+00	0.00000000000000e+00	3.13352200088964e+02	6.45562540536559e-01
146	176	156	166	2.24190000000000e+02	6.28318530717959e+02	3.00000000000000e-02	0.00000000000000e+00	0.00000000000000e+00	2.97605251390878e+02	-9.44246806652081e+00
1	34	12	23	1.75250000000000e+02	6.91150383789755e+02	3.00000000000000e-02	0.00000000000000e+00	0.00000000000000e+00	2.04418672925506e+02	-5.13188943545696e+00
3	35	13	24	1.26300000000000e+02	6.91150383789755e+02	3.00000000000000e-02	0.00000000000000e+00	0.00000000000000e+00	1.84897220210673e+02	-1.27046691636292e+01
4	36	14	25	1.37510000000000e+02	6.91150383789755e+02	3.00000000000000e-02	0.00000000000000e+00	0.00000000000000e+00	1.73911411500070e+02	-7.82831328397992e+00
2	37	15	26	1.37770000000000e+02	6.91150383789755e+02	3.00000000000000e-02	0.00000000000000e+00	0.00000000000000e+00	1.70061598436271e+02	-7.01916957019607e+00
5	38	16	27	1.83960000000000e+02	6.91150383789755e+02	3.00000000000000e-02	0.00000000000000e+00	0.00000000000000e+00	1.70231631520384e+02	2.58527648931060e+00
6	39	17	28	1.88890000000000e+02	6.91150383789755e+02	3.00000000000000e-02	0.00000000000000e+00	0.00000000000000e+00	1.73398473724072e+02	2.85241909295557e+00
7	40	18	29	2.34530000000000e+02	6.91150383789755e+02	3.00000000000000e-02	0.00000000000000e+00	0.00000000000000e+00	2.34156895806947e+02	5.30708631861110e-02
8	41	19	30	1.59390000000000e+02	6.91150383789755e+02	3.00000000000000e-02	0.00000000000000e+00	0.00000000000000e+00	2.15461438467518e+02	-1.00475974858432e+01
9	42	20	31	2.04610000000000e+02	6.91150383789755e+02	3.00000000000000e-02	0.00000000000000e+00	0.00000000000000e+00	2.28540617516740e+02	-3.68694078479047e+00
10	43	21	32	2.49840000000000e+02	6.91150383789755e+02	3.00000000000000e-02	0.00000000000000e+00	0.00000000000000e+00	2.11323726908907e+02	5.58098348352922e+00
11	44	22	33	2.56460000000000e+02	6.91150383789755e+02	3.00000000000000e-02	0.00000000000000e+00	0.00000000000000e+00	2.20383204527564e+02	5.05349457196020e+00
12	45	23	34	2.99610000000000e+02	6.91150383789755e+02	3.00000000000000e-02	0.00000000000000e+00	0.00000000000000e+00	2.68041257952503e+02	3.71135708923479e+00
13	46	24	35	3.64890000000000e+02	6.91150383789755e+02	3.00000000000000e-02	0.00000000000000e+00	0.00000000000000e+00	3.34763386779272e+02	2.87239880493534e+00
14	47	25	36	5.52870000000000e+02	6.91150383789755e+02	3.00000000000000e-02	0.00000000000000e+00	0.00000000000000e+00	4.84926568139941e+02	4.37084729782100e+00
15	48	26	37	7.40850000000000e+02	6.91150383789755e+02	3.00000000000000e-02	0.00000000000000e+00	0.00000000000000e+00	6.24948026312752e+02	5.67098957585831e+00
16	49	27	38	8.03160000000000e+02	6.91150383789755e+02	3.00000000000000e-02	0.00000000000000e+00	0.00000000000000e+00	6.57692283338454e+02	6.66055931535115e+00
17	50	28	39	6.27060000000000e+02	6.91150383789755e+02	3.00000000000000e-02	0.00000000000000e+00	0.00000000000000e+00	5.78227392876767e+02	2.70250084157334e+00
18	51	29	40	4.57100000000000e+02	6.91150383789755e+02	3.00000000000000e-02	0.00000000000000e+00	0.00000000000000e+00	4.31022394665446e+02	1.95807122677323e+00
19	52	30	41	3.72110000000000e+02	6.91150383789755e+02	3.00000000000000e-02	0.00000000000000e+00	0.00000000000000e+00	3.21249739826981e+02	4.89902277185227e+00
20	53	31	42	2.87130000000000e+02	6.91150383789755e+02	3.00000000000000e-02	0.00000000000000e+00	0.00000000000000e+00	2.57564053284817e+02	3.62222116949307e+00
21	54	32	43	2.18030000000000e+02	6.91150383789755e+02	3.00000000000000e-02	0.00000000000000e+00	0.00000000000000e+00	2.23511961620437e+02	-8.27742139202522e-01
22	55	33	44	1.58910000000000e+02	6.91150383789755e+02	3.00000000000000e-02	0.00000000000000e+00	0.00000000000000e+00	1.90990579395004e+02	-6.12953666888133e+00
23	56	34	45	1.39320000000000e+02	6.91150383789755e+02	3.00000000000000e-02	0.00000000000000e+00	0.00000000000000e+00	1.57344550102470e+02	-4.05548473008640e+00
24	57	35	46	1.19360000000000e+02	6.91150383789755e+02	3.00000000000000e-02	0.00000000000000e+00	0.00000000000000e+00	1.27817993947105e+02	-2.28210644283644e+00
25	58	36	47	1.04360000000000e+02	6.91150383789755e+02	3.00000000000000e-02	0.00000000000000e+00	0.00000000000000e+00	9.71106645775699e+01	2.39984200437536e+00
26	59	37	48	8.15300000000000e+01	6.91150383789755e+02	3.00000000000000e-02	0.00000000000000e+00	0.00000000000000e+00	7.40812909248549e+01	3.19360114657581e+00
27	60	38	49	6.34900000000000e+01	6.91150383789755e+02	3.00000000000000e-02	0.00000000000000e+00	0.00000000000000e+00	6.33799234860719e+01	5.78422048477615e-02
28	61	39	50	5.53100000000000e+01	6.91150383789755e+02	3.00000000000000e-02	0.00000000000000e+00	0.00000000000000e+00	5.92607083937988e+01	-2.29975906877712e+00
29	62	40	51	3.88500000000000e+01	6.91150383789755e+02	3.00000000000000e-02	0.00000000000000e+00	0.00000000000000e+00	6.21608197054352e+01	-1.56672272061055e+01
30	63	41	52	4.91800000000000e+01	6.91150383789755e+02	3.00000000000000e-02	0.00000000000000e+00	0.00000000000000e+00	6.63069527985358e+01	-9.96025745538741e+00
31	64	42	53	5.95100000000000e+01	6.91150383789755e+02	3.00000000000000e-02	0.00000000000000e+00	0.00000000000000e+00	7.35704718129585e+01	-7.06997937943479e+00
32	65	43	54	8.94700000000000e+01	6.91150383789755e+02	3.00000000000000e-02	0.00000000000000e+00	0.00000000000000e+00	8.29452297729768e+01	2.52409552781066e+00
33	66	44	55	1.50680000000000e+02	6.91150383789755e+02	3.00000000000000e-02	0.00000000000000e+00	0.00000000000000e+00	1.13291810502303e+02	9.50638329784631e+00
34	67	45	56	2.11880000000000e+02	6.91150383789755e+02	3.00000000000000e-02	0.00000000000000e+00	0.00000000000000e+00	1.81464304996656e+02	5.16537029993132e+00
35	68	46	57	3.50340000000000e+02	6.91150383789755e+02	3.00000000000000e-02	0.00000000000000e+00	0.00000000000000e+00	2.79879301179297e+02	7.48485561690764e+00
36	69	47	58	5.59000000000000e+02	6.91150383789755e+02	3.00000000000000e-02	0.00000000000000e+00	0.00000000000000e+00	4.63235383876080e+02	6.26380532510880e+00
37	70	48	59	7.67660000000000e+02	6.91150383789755e+02	3.00000000000000e-02	0.00000000000000e+00	0.00000000000000e+00	6.19079815145841e+02	7.17042401135014e+00
38	71	49	60	8.19380000000000e+02	6.91150383789755e+02	3.00000000000000e-02	0.00000000000000e+00	0.00000000000000e+00	6.55762276172840e+02	7.42498724423604e+00
39	72	50	61	6.65230000000000e+02	6.91150383789755e+02	3.00000000000000e-02	0.00000000000000e+00	0.00000000000000e+00	5.99966621269677e+02	3.44196076895485e+00
40	73	51	62	5.21130000000000e+02	6.91150383789755e+02	3.00000000000000e-02	0.00000000000000e+00	0.00000000000000e+00	4.81598871916875e+02	2.62959930517891e+00
41	74	52	63	4.07180000000000e+02	6.91150383789755e+02	3.00000000000000e-02	0.00000000000000e+00	0.00000000000000e+00	3.68562297352826e+02	3.32151980623972e+00
42	75	53	64	3.53740000000000e+02	6.91150383789755e+02	3.00000000000000e-02	0.00000000000000e+00	0.00000000000000e+00	3.19583838971116e+02	3.38475112721148e+00
43	76	54	65	3.24150000000000e+02	6.91150383789755e+02	3.00000000000000e-02	0.00000000000000e+00	0.00000000000000e+00	2.87760459490065e+02	3.96926584842146e+00
44	77	55	66	2.73740000000000e+02	6.91150383789755e+02	3.00000000000000e-02	0.00000000000000e+00	0.00000000000000e+00	2.58085564929534e+02	1.96291912768392e+00
45	78	56	67	2.33040000000000e+02	6.91150383789755e+02	3.00000000000000e-02	0.00000000000000e+00	0.00000000000000e+00	2.33996471367043e+02	-1.36530765493366e-01
46	79	57	68	1.70630000000000e+02	6.91150383789755e+02	3.00000000000000e-02	0.00000000000000e+00	0.00000000000000e+00	2.06077157611608e+02	-6.29177268787195e+00
47	80	58	69	1.83090000000000e+02	6.91150383789755e+02	3.00000000000000e-02	0.00000000000000e+00	0.00000000000000e+00	1.77418767456699e+02	1.04883263977280e+00
48	81	59	70	1.96940000000000e+02	6.91150383789755e+02	3.00000000000000e-02	0.00000000000000e+00	0.00000000000000e+00	1.68410234760312e+02	5.21654124572783e+00
49	82	60	71	2.02170000000000e+02	6.91150383789755e+02	3.00000000000000e-02	0.00000000000000e+00	0.00000000000000e+00	1.77583644577108e+02	4.32223975513155e+00
50	83	61	72	2.13240000000000e+02	6.91150383789755e+02	3.00000000000000e-02	0.00000000000000e+00	0.00000000000000e+00	1.83014831160138e+02	5.09503659353854e+00
51	84	62	73	2.09830000000000e+02	6.91150383789755e+02	3.00000000000000e-02	0.00000000000000e+00	0.00000000000000e+00	1.84567838576264e+02	4.27601981355765e+00
52	85	63	74	1.99560000000000e+02	6.91150383789755e+02	3.00000000000000e-02	0.00000000000000e+00	0.00000000000000e+00	1.92124541518544e+02	1.26570425025161e+00
53	86	64	75	2.10900000000000e+02	6.91150383789755e+02	3.00000000000000e-02	0.00000000000000e+00	0.00000000000000e+00	1.98365015387644e+02	2.04250806380705e+00
54	87	65	76	2.04740000000000e+02	6.91150383789755e+02	3.00000000000000e-02	0.00000000000000e+00	0.00000000000000e+00	1.97165229491599e+02	1.25662586353291e+00
55	88	66	77	1.78410000000000e+02	6.91150383789755e+02	3.00000000000000e-02	0.00000000000000e+00	0.00000000000000e+00	1.87322891857495e+02	-1.62498499566919e+00
56	89	67	78	2.22880000000000e+02	6.91150383789755e+02	3.00000000000000e-02	0.00000000000000e+00	0.00000000000000e+00	1.86413106592855e+02	5.95560986375310e+00
57	90	68	79	1.63710000000000e+02	6.91150383789755e+02	3.00000000000000e-02	0.00000000000000e+00	0.00000000000000e+00	1.90911497116617e+02	-5.12377949705494e+00
58	91	69	80	2.44730000000000e+02	6.91150383789755e+02	3.00000000000000e-02	0.00000000000000e+00	0.00000000000000e+00	2.02132864311786e+02	6.37434455782705e+00
59	92	70	81	2.39060000000000e+02	6.91150383789755e+02	3.00000000000000e-02	0.00000000000000e+00	0.00000000000000e+00	2.12192886247686e+02	3.97396215470313e+00
60	93	71	82	2.21580000000000e+02	6.91150383789755e+02	3.00000000000000e-02	0.00000000000000e+00	0.00000000000000e+00	2.15029913855506e+02	1.00021818104924e+00
61	94	72	83	2.13620000000000e+02	6.91150383789755e+02	3.00000000000000e-02	0.00000000000000e+00	0.00000000000000e+00	2.29257787806165e+02	-2.35494485663956e+00
62	95	73	84	2.23040000000000e+02	6.91150383789755e+02	3.00000000000000e-02	0.00000000000000e+00	0.00000000000000e+00	2.48431299855360e+02	-3.59384068026761e+00
63	96	74	85	2.40370000000000e+02	6.91150383789755e+02	3.00000000000000e-02	0.00000000000000e+00	0.00000000000000e+00	2.43262245986032e+02	-3.98688671639539e-01
64	97	75	86	2.70100000000000e+02	6.91150383789755e+02	3.00000000000000e-02	0.00000000000000e+00	0.00000000000000e+00	2.46116075220511e+02	3.09963285542538e+00
65	98	76	87	2.73960000000000e+02	6.91150383789755e+02	3.00000000000000e-02	0.00000000000000e+00	0.00000000000000e+00	2.48453627973006e+02	3.25752966536396e+00
66	99	77	88	2.77710000000000e+02	6.91150383789755e+02	3.00000000000000e-02	0.00000000000000e+00	0.00000000000000e+00	2.57206798134045e+02	2.55656601395803e+00
67	100	78	89	2.58640000000000e+02	6.91150383789755e+02	3.00000000000000e-02	0.00000000000000e+00	0.00000000000000e+00	2.77746624482712e+02	-2.37573806503901e+00
68	101	79	90	2.69320000000000e+02	6.91150383789755e+02	3.00000000000000e-02	0.00000000000000e+00	0.00000000000000e+00	3.22061411067905e+02	-5.96139937617428e+00
69	102	80	91	3.54740000000000e+02	6.91150383789755e+02	3.00000000000000e-02	0.00000000000000e+00	0.00000000000000e+00	3.54703876252145e+02	3.39456007685257e-03
70	103	81	92	3.87940000000000e+02	6.91150383789755e+02	3.00000000000000e-02	0.00000000000000e+00	0.00000000000000e+00	3.82434838407722e+02	4.76413561332330e-01
71	104	82	93	4.24210000000000e+02	6.91150383789755e+02	3.00000000000000e-02	0.00000000000000e+00	0.00000000000000e+00	4.12479336985489e+02	9.34750109166120e-01
72	105	83	94	4.59180000000000e+02	6.91150383789755e+02	3.00000000000000e-02	0.00000000000000e+00	0.00000000000000e+00	4.33400033841982e+02	1.92603742875865e+00
73	106	84	95	4.51190000000000e+02	6.91150383789755e+02	3.00000000000000e-02	0.00000000000000e+00	0.00000000000000e+00	4.20702727662916e+02	2.33206875375845e+00
74	107	85	96	4.09900000000000e+02	6.91150383789755e+02	3.00000000000000e-02	0.00000000000000e+00	0.00000000000000e+00	4.04763775863050e+02	4.20320001517194e-01
75	108	86	97	3.74230000000000e+02	6.91150383789755e+02	3.00000000000000e-02	0.00000000000000e+00	0.00000000000000e+00	3.67823068884420e+02	5.75618339370039e-01
76	109	87	98	3.40620000000000e+02	6.91150383789755e+02	3.00000000000000e-02	0.00000000000000e+00	0.00000000000000e+00	3.28503100123217e+02	1.20737371071232e+00
77	110	88	99	3.14720000000000e+02	6.91150383789755e+02	3.00000000000000e-02	0.00000000000000e+00	0.00000000000000e+00	2.98986873397145e+02	1.70945612985198e+00
78	111	89	100	3.09640000000000e+02	6.91150383789755e+02	3.00000000000000e-02	0.00000000000000e+00	0.00000000000000e+00	2.89926991092166e+02	2.19270653020560e+00
79	112	90	101	2.83200000000000e+02	6.91150383789755e+02	3.00000000000000e-02	0.00000000000000e+00	0.00000000000000e+00	2.71293055700628e+02	1.43179129559069e+00
80	113	91	102	2.64850000000000e+02	6.91150383789755e+02	3.00000000000000e-02	0.00000000000000e+00	0.00000000000000e+00	2.53731407439001e+02	1.42957904984507e+00
81	114	92	103	2.26900000000000e+02	6.91150383789755e+02	3.00000000000000e-02	0.00000000000000e+00	0.00000000000000e+00	2.35453392709731e+02	-1.23345314233451e+00
82	115	93	104	2.29640000000000e+02	6.91150383789755e+02	3.00000000000000e-02	0.00000000000000e+00	0.00000000000000e+00	2.31817589282430e+02	-3.14598133827371e-01
83	116	94	105	2.51910000000000e+02	6.91150383789755e+02	3.00000000000000e-02	0.00000000000000e+00	0.00000000000000e+00	2.38214505012501e+02	1.86334438457768e+00
84	117	95	106	2.29550000000000e+02	6.91150383789755e+02	3.00000000000000e-02	0.00000000000000e+00	0.00000000000000e+00	2.49000753391322e+02	-2.71116838109527e+00
85	118	96	107	2.39840000000000e+02	6.91150383789755e+02	3.00000000000000e-02	0.00000000000000e+00	0.00000000000000e+00	2.54737264764987e+02	-2.00868817966559e+00
86	119	97	108	2.78940000000000e+02	6.91150383789755e+02	3.00000000000000e-02	0.00000000000000e+00	0.00000000000000e+00	2.83759980538154e+02	-5.71067898307683e-01
87	120	98	109	3.12710000000000e+02	6.91150383789755e+02	3.00000000000000e-02	0.00000000000000e+00	0.00000000000000e+00	3.12295023389502e+02	4.42638225237898e-02
88	121	99	110	3.32180000000000e+02	6.91150383789755e+02	3.00000000000000e-02	0.00000000000000e+00	0.00000000000000e+00	3.19610799455266e+02	1.28576622712483e+00
89	122	100	111	3.16660000000000e+02	6.91150383789755e+02	3.00000000000000e-02	0.00000000000000e+00	0.00000000000000e+00	3.21048574654022e+02	-4.58793050609903e-01
90	123	101	112	3.70650000000000e+02	6.91150383789755e+02	3.00000000000000e-02	0.00000000000000e+00	0.00000000000000e+00	3.59404281233477e+02	1.02701115517974e+00
91	124	102	113	3.86540000000000e+02	6.91150383789755e+02	3.00000000000000e-02	0.00000000000000e+00	0.00000000000000e+00	3.85854482341356e+02	5.91681974526637e-02
92	125	103	114	3.95640000000000e+02	6.91150383789755e+02	3.00000000000000e-02	0.00000000000000e+00	0.00000000000000e+00	4.15874856743027e+02	-1.66265609985707e+00
93	126	104	115	4.34370000000000e+02	6.91150383789755e+02	3.00000000000000e-02	0.00000000000000e+00	0.00000000000000e+00	4.42577337594910e+02	-6.23950598036505e-01
94	127	105	116	4.42740000000000e+02	6.91150383789755e+02	3.00000000000000e-02	0.00000000000000e+00	0.00000000000000e+00	4.52785722024443e+02	-7.47876782064930e-01
95	128	106	117	4.57890000000000e+02	6.91150383789755e+02	3.00000000000000e-02	0.00000000000000e+00	0.00000000000000e+00	4.51020588453339e+02	5.03866382060991e-01
96	129	107	118	4.20010000000000e+02	6.91150383789755e+02	3.00000000000000e-02	0.00000000000000e+00	0.00000000000000e+00	4.57140292057969e+02	-2.82372693585957e+00
97	130	108	119	4.36490000000000e+02	6.91150383789755e+02	3.00000000000000e-02	0.00000000000000e+00	0.00000000000000e+00	4.44285762519539e+02	-5.90083305768522e-01
98	131	109	120	4.12240000000000e+02	6.91150383789755e+02	3.00000000000000e-02	0.00000000000000e+00	0.00000000000000e+00	4.25404732670807e+02	-1.04784413031667e+00
99	132	110	121	4.44430000000000e+02	6.91150383789755e+02	3.00000000000000e-02	0.00000000000000e+00	0.00000000000000e+00	4.34624886507875e+02	7.43641101207526e-01
100	133	111	122	4.30790000000000e+02	6.91150383789755e+02	3.00000000000000e-02	0.00000000000000e+00	0.00000000000000e+00	4.31437138185981e+02	-5.00361817928526e-02
101	134	112	123	4.31450000000000e+02	6.91150383789755e+02	3.00000000000000e-02	0.00000000000000e+00	0.00000000000000e+00	4.18679162457707e+02	1.00155748016775e+00
102	135	113	124	4.24790000000000e+02	6.91150383789755e+02	3.00000000000000e-02	0.00000000000000e+00	0.00000000000000e+00	4.19646981614507e+02	4.06036376133893e-01
103	136	114	125	3.96370000000000e+02	6.91150383789755e+02	3.00000000000000e-02	0.00000000000000e+00	0.00000000000000e+00	3.98584006348451e+02	-1.85672131571094e-01
104	137	115	126	3.38020000000000e+02	6.91150383789755e+02	3.00000000000000e-02	0.00000000000000e+00	0.00000000000000e+00	3.80845301694805e+02	-3.97627316820284e+00
105	138	116	127	4.83310000000000e+02	6.91150383789755e+02	3.00000000000000e-02	0.00000000000000e+00	0.00000000000000e+00	3.82352252555207e+02	7.81053196342307e+00
106	139	117	128	3.66560000000000e+02	6.91150383789755e+02	3.00000000000000e-02	0.00000000000000e+00	0.00000000000000e+00	3.65353601436823e+02	1.09885433957905e-01
107	140	118	129	3.24110000000000e+02	6.91150383789755e+02	3.00000000000000e-02	0.00000000000000e+00	0.00000000000000e+00	3.38049178511108e+02	-1.40361397022388e+00
108	141	119	130	3.22910000000000e+02	6.91150383789755e+02	3.00000000000000e-02	0.00000000000000e+00	0.00000000000000e+00	3.27703287940138e+02	-4.91164747133569e-01
109	142	120	131	3.40800000000000e+02	6.91150383789755e+02	3.00000000000000e-02	0.00000000000000e+00	0.00000000000000e+00	3.29619597732094e+02	1.11188465162781e+00
110	143	121	132	3.03830000000000e+02	6.91150383789755e+02	3.00000000000000e-02	0.00000000000000e+00	0.00000000000000e+00	3.15868986287521e+02	-1.29530642656966e+00
111	144	122	133	3.08900000000000e+02	6.91150383789755e+02	3.00000000000000e-02	0.00000000000000e+00	0.00000000000000e+00	3.30800723613180e+02	-2.28328502289588e+00
112	145	123	134	3.35400000000000e+02	6.91150383789755e+02	3.00000000000000e-02	0.00000000000000e+00	0.00000000000000e+00	3.47325738062200e+02	-1.16464055445658e+00
113	146	124	135	3.42830000000000e+02	6.91150383789755e+02	3.00000000000000e-02	0.00000000000000e+00	0.00000000000000e+00	3.47202336048640e+02	-4.22433784468061e-01
114	147	125	136	3.40450000000000e+02	6.91150383789755e+02	3.00000000000000e-02	0.00000000000000e+00	0.00000000000000e+00	3.53667669398354e+02	-1.26964710859960e+00
115	148	126	137	3.62720000000000e+02	6.91150383789755e+02	3.00000000000000e-02	0.00000000000000e+00	0.00000000000000e+00	3.57585854414113e+02	4.75190041659079e-01
116	149	127	138	3.46990000000000e+02	6.91150383789755e+02	3.00000000000000e-02	0.00000000000000e+00	0.00000000000000e+00	3.26582043389530e+02	2.02049208330436e+00
117	150	128	139	3.18960000000000e+02	6.91150383789755e+02	3.00000000000000e-02	0.00000000000000e+00	0.00000000000000e+00	3.17067163942490e+02	1.98402600075109e-01
118	151	129	140	3.39760000000000e+02	6.91150383789755e+02	3.00000000000000e-02	0.00000000000000e+00	0.00000000000000e+00	3.28729160030445e+02	1.10017653549139e+00
119	152	130	141	3.27400000000000e+02	6.91150383789755e+02	3.00000000000000e-02	0.00000000000000e+00	0.00000000000000e+00	3.27701089689381e+02	-3.06405342442713e-02
120	153	131	142	3.39300000000000e+02	6.91150383789755e+02	3.00000000000000e-02	0.00000000000000e+00	0.00000000000000e+00	3.28634878192343e+02	1.06457766764014e+00
121	154	132	143	3.35120000000000e+02	6.91150383789755e+02	3.00000000000000e-02	0.00000000000000e+00	0.00000000000000e+00	3.35005249621029e+02	1.14158141987157e-02
122	155	133	144	2.97590000000000e+02	6.91150383789755e+02	3.00000000000000e-02	0.00000000000000e+00	0.00000000000000e+00	3.18655319114401e+02	-2.27977713439295e+00
123	156	134	145	3.06710000000000e+02	6.91150383789755e+02	3.00000000000000e-02	0.00000000000000e+00	0.00000000000000e+00	3.34074823151775e+02	-2.84874378532889e+00
124	157	135	146	3.35880000000000e+02	6.91150383789755e+02	3.00000000000000e-02	0.00000000000000e+00	0.00000000000000e+00	3.55566630034344e+02	-1.89862348742569e+00
125	158	136	147	3.35880000000000e+02	6.91150383789755e+02	3.00000000000000e-02	0.00000000000000e+00	0.00000000000000e+00	3.58925280133290e+02	-2.21200933922378e+00
126	159	137	148	3.56770000000000e+02	6.91150383789755e+02	3.00000000000000e-02	0.00000000000000e+00	0.00000000000000e+00	3.52705522045771e+02	3.81927427966093e-01
127	160	138	149	4.01390000000000e+02	6.91150383789755e+02	3.00000000000000e-02	0.00000000000000e+00	0.00000000000000e+00	3.83778805385953e+02	1.49557214224683e+00
128	161	139	150	4.12040000000000e+02	6.91150383789755e+02	3.00000000000000e-02	0.00000000000000e+00	0.00000000000000e+00	3.92177236299249e+02	1.64688536633643e+00
129	162	140	151	4.09790000000000e+02	6.91150383789755e+02	3.00000000000000e-02	0.00000000000000e+00	0.00000000000000e+00	3.98384857319130e+02	9.40877236956765e-01
130	163	141	152	4.15350000000000e+02	6.91150383789755e+02	3.00000000000000e-02	0.00000000000000e+00	0.00000000000000e+00	4.20061571717701e+02	-3.75992052518726e-01
131	164	142	153	4.08790000000000e+02	6.91150383789755e+02	3.00000000000000e-02	0.00000000000000e+00	0.00000000000000e+00	4.06069836226979e+02	2.22547384328386e-01
132	165	143	154	4.04450000000000e+02	6.91150383789755e+02	3.00000000000000e-02	0.00000000000000e+00	0.00000000000000e+00	4.02526711399305e+02	1.58888702744579e-01
133	166	144	155	3.93790000000000e+02	6.91150383789755e+02	3.00000000000000e-02	0.00000000000000e+00	0.00000000000000e+00	3.94777448851066e+02	-8.34804402691347e-02
134	167	145	156	3.61780000000000e+02	6.91150383789755e+02	3.00000000000000e-02	0.00000000000000e+00	0.00000000000000e+00	3.63527920183395e+02	-1.60660368607601e-01
135	168	146	157	3.68110000000000e+02	6.91150383789755e+02	3.00000000000000e-02	0.00000000000000e+00	0.00000000000000e+00	3.42226852681147e+02	2.43026591483829e+00
136	169	147	158	3.58960000000000e+02	6.91150383789755e+02	3.00000000000000e-02	0.00000000000000e+00	0.00000000000000e+00	3.23243844082909e+02	3.49346626747128e+00
137	170	148	159	3.18340000000000e+02	6.91150383789755e+02	3.00000000000000e-02	0.00000000000000e+00	0.00000000000000e+00	3.18511235157606e+02	-1.79251869488676e-02
138	171	149	160	2.73910000000000e+02	6.91150383789755e+02	3.00000000000000e-02	0.00000000000000e+00	0.00000000000000e+00	2.80756145504315e+02	-8.22896589939711e-01
139	172	150	161	2.45820000000000e+02	6.91150383789755e+02	3.00000000000000e-02	0.00000000000000e+00	0.00000000000000e+00	2.71592667881340e+02	-3.32346128382263e+00
140	173	151	162	2.70760000000000e+02	6.91150383789755e+02	3.00000000000000e-02	0.00000000000000e+00	0.00000000000000e+00	2.74052947621359e+02	-4.02950252444227e-01
141	174	152	163	2.41950000000000e+02	6.91150383789755e+02	3.00000000000000e-02	0.00000000000000e+00	0.00000000000000e+00	2.42937818434651e+02	-1.35814204668320e-01
142	175	153	164	2.50870000000000e+02	6.91150383789755e+02	3.00000000000000e-02	0.00000000000000e+00	0.00000000000000e+00	2.58326631620995e+02	-9.76330718757001e-01
143	176	154	165	2.10390000000000e+02	6.91150383789755e+02	3.00000000000000e-02	0.00000000000000e+00	0.00000000000000e+00	2.24453852063127e+02	-2.15690586988104e+00
1	37	13	25	1.69910000000000e+02	7.53982236861550e+02	3.00000000000000e-02	0.00000000000000e+00	0.00000000000000e+00	1.91188105056547e+02	-3.93296338456794e+00
3	38	14	26	1.32700000000000e+02	7.53982236861550e+02	3.00000000000000e-02	0.00000000000000e+00	0.00000000000000e+00	1.76752124124685e+02	-9.55524603482889e+00
4	39	15	27	1.52040000000000e+02	7.53982236861550e+02	3.00000000000000e-02	0.00000000000000e+00	0.00000000000000e+00	1.63848576357753e+02	-2.49330140978818e+00
2	40	16	28	1.58300000000000e+02	7.53982236861550e+02	3.00000000000000e-02	0.00000000000000e+00	0.00000000000000e+00	1.63474835336070e+02	-1.07223664290042e+00
5	41	17	29	1.73030000000000e+02	7.53982236861550e+02	3.00000000000000e-02	0.00000000000000e+00	0.00000000000000e+00	1.79599635365997e+02	-1.24217119137799e+00
6	42	18	30	1.88150000000000e+02	7.53982236861550e+02	3.00000000000000e-02	0.00000000000000e+00	0.00000000000000e+00	2.03565186101444e+02	-2.62489204576607e+00
7	43	19	31	2.17410000000000e+02	7.53982236861550e+02	3.00000000000000e-02	0.00000000000000e+00	0.00000000000000e+00	2.37886986196784e+02	-3.00035803978431e+00
8	44	20	32	2.17410000000000e+02	7.53982236861550e+02	3.00000000000000e-02	0.00000000000000e+00	0.00000000000000e+00	2.21759366893319e+02	-6.60262976329040e-01
9	45	21	33	2.86670000000000e+02	7.53982236861550e+02	3.00000000000000e-02	0.00000000000000e+00	0.00000000000000e+00	2.37140845606193e+02	6.32258261810129e+00
10	46	22	34	3.14210000000000e+02	7.53982236861550e+02	3.00000000000000e-02	0.00000000000000e+00	0.00000000000000e+00	2.67865301791881e+02	5.31924344228685e+00
11	47	23	35	4.03070000000000e+02	7.53982236861550e+02	3.00000000000000e-02	0.00000000000000e+00	0.00000000000000e+00	3.43601690780092e+02	5.32090444184308e+00
12	48	24	36	5.16600000000000e+02	7.53982236861550e+02	3.00000000000000e-02	0.00000000000000e+00	0.00000000000000e+00	4.86147646353229e+02	2.02521679393752e+00
13	49	25	37	6.95630000000000e+02	7.53982236861550e+02	3.00000000000000e-02	0.00000000000000e+00	0.00000000000000e+00	5.78712360234153e+02	6.13374476039121e+00
14	50	26	38	6.61550000000000e+02	7.53982236861550e+02	3.00000000000000e-02	0.00000000000000e+00	0.00000000000000e+00	5.68584470241254e+02	5.04785599726890e+00
15	51	27	39	5.29400000000000e+02	7.53982236861550e+02	3.00000000000000e-02	0.00000000000000e+00	0.00000000000000e+00	4.68887995479500e+02	4.04601218254843e+00
16	52	28	40	3.77290000000000e+02	7.53982236861550e+02	3.00000000000000e-02	0.00000000000000e+00	0.00000000000000e+00	3.60379618673483e+02	1.52853834453988e+00
17	53	29	41	3.04720000000000e+02	7.53982236861550e+02	3.00000000000000e-02	0.00000000000000e+00	0.00000000000000e+00	3.00703900511805e+02	4.42242027355603e-01
18	54	30	42	2.50100000000000e+02	7.53982236861550e+02	3.00000000000000e-02	0.00000000000000e+00	0.00000000000000e+00	2.56541240192963e+02	-8.47619809428106e-01
19	55	31	43	1.96270000000000e+02	7.53982236861550e+02	3.00000000000000e-02	0.00000000000000e+00	0.00000000000000e+00	2.23037466909352e+02	-4.26161693653144e+00
20	56	32	44	1.96270000000000e+02	7.53982236861550e+02	3.00000000000000e-02	0.00000000000000e+00	0.00000000000000e+00	2.00903503170822e+02	-7.77781558558151e-01
21	57	33	45	1.48450000000000e+02	7.53982236861550e+02	3.00000000000000e-02	0.00000000000000e+00	0.00000000000000e+00	1.73970675674283e+02	-5.28795177314369e+00
22	58	34	46	1.35400000000000e+02	7.53982236861550e+02	3.00000000000000e-02	0.00000000000000e+00	0.00000000000000e+00	1.38233107177684e+02	-6.90269402063818e-01
23	59	35	47	1.13060000000000e+02	7.53982236861550e+02	3.00000000000000e-02	0.00000000000000e+00	0.00000000000000e+00	1.13837255919976e+02	-2.28373251178600e-01
24	60	36	48	9.78900000000000e+01	7.53982236861550e+02	3.00000000000000e-02	0.00000000000000e+00	0.00000000000000e+00	9.60008126017467e+01	6.49591441326614e-01
25	61	37	49	7.12700000000000e+01	7.53982236861550e+02	3.00000000000000e-02	0.00000000000000e+00	0.00000000000000e+00	7.65981587304087e+01	-2.40325191606114e+00
26	62	38	50	5.57200000000000e+01	7.53982236861550e+02	3.00000000000000e-02	0.00000000000000e+00	0.00000000000000e+00	6.26432354112147e+01	-3.90388507728477e+00
27	63	39	51	5.74800000000000e+01	7.53982236861550e+02	3.00000000000000e-02	0.00000000000000e+00	0.00000000000000e+00	5.87724509765694e+01	-7.41205436564899e-01
28	64	40	52	3.19200000000000e+01	7.53982236861550e+02	3.00000000000000e-02	0.00000000000000e+00	0.00000000000000e+00	5.85551425520929e+01	-2.02245381802865e+01
29	65	41	53	4.49300000000000e+01	7.53982236861550e+02	3.00000000000000e-02	0.00000000000000e+00	0.00000000000000e+00	5.94192057593124e+01	-9.31705934360789e+00
30	66	42	54	7.63000000000000e+01	7.53982236861550e+02	3.00000000000000e-02	0.00000000000000e+00	0.00000000000000e+00	6.80201878655528e+01	3.82894655995951e+00
31	67	43	55	1.07660000000000e+02	7.53982236861550e+02	3.00000000000000e-02	0.00000000000000e+00	0.00000000000000e+00	9.40979965811640e+01	4.48804523617288e+00
32	68	44	56	1.53810000000000e+02	7.53982236861550e+02	3.00000000000000e-02	0.00000000000000e+00	0.00000000000000e+00	1.35887649921810e+02	4.12965445517735e+00
33	69	45	57	2.27140000000000e+02	7.53982236861550e+02	3.00000000000000e-02	0.00000000000000e+00	0.00000000000000e+00	1.89984651506124e+02	5.95410933709119e+00
34	70	46	58	3.09200000000000e+02	7.53982236861550e+02	3.00000000000000e-02	0.00000000000000e+00	0.00000000000000e+00	2.62911665436312e+02	5.40567379397198e+00
35	71	47	59	4.16090000000000e+02	7.53982236861550e+02	3.00000000000000e-02	0.00000000000000e+00	0.00000000000000e+00	3.46649656784872e+02	6.08623159062951e+00
36	72	48	60	5.20460000000000e+02	7.53982236861550e+02	3.00000000000000e-02	0.00000000000000e+00	0.00000000000000e+00	4.78688192822153e+02	2.78878683042280e+00
37	73	49	61	6.99480000000000e+02	7.53982236861550e+02	3.00000000000000e-02	0.00000000000000e+00	0.00000000000000e+00	5.77333119495106e+02	6.39725905935983e+00
38	74	50	62	6.68030000000000e+02	7.53982236861550e+02	3.00000000000000e-02	0.00000000000000e+00	0.00000000000000e+00	5.72695131453951e+02	5.13265214616494e+00
39	75	51	63	5.38190000000000e+02	7.53982236861550e+02	3.00000000000000e-02	0.00000000000000e+00	0.00000000000000e+00	4.65318799472691e+02	4.84962989084193e+00
40	76	52	64	4.09330000000000e+02	7.53982236861550e+02	3.00000000000000e-02	0.00000000000000e+00	0.00000000000000e+00	3.55017133596599e+02	4.74518749067299e+00
41	77	53	65	3.61940000000000e+02	7.53982236861550e+02	3.00000000000000e-02	0.00000000000000e+00	0.00000000000000e+00	3.11194825105130e+02	5.03530963018788e+00
42	78	54	66	3.18280000000000e+02	7.53982236861550e+02	3.00000000000000e-02	0.00000000000000e+00	0.00000000000000e+00	2.94706278645621e+02	2.56507679272809e+00
43	79	55	67	2.67540000000000e+02	7.53982236861550e+02	3.00000000000000e-02	0.00000000000000e+00	0.00000000000000e+00	2.77728483468157e+02	-1.24582901300651e+00
44	80	56	68	2.59090000000000e+02	7.53982236861550e+02	3.00000000000000e-02	0.00000000000000e+00	0.00000000000000e+00	2.53309689001694e+02	7.52089477260280e-01
45	81	57	69	2.34910000000000e+02	7.53982236861550e+02	3.00000000000000e-02	0.00000000000000e+00	0.00000000000000e+00	2.23161671685601e+02	1.71019893810351e+00
46	82	58	70	2.23030000000000e+02	7.53982236861550e+02	3.00000000000000e-02	0.00000000000000e+00	0.00000000000000e+00	1.96315189287586e+02	4.25282717804469e+00
47	83	59	71	2.36440000000000e+02	7.53982236861550e+02	3.00000000000000e-02	0.00000000000000e+00	0.00000000000000e+00	1.91523481021184e+02	7.02280195178731e+00
48	84	60	72	2.24890000000000e+02	7.53982236861550e+02	3.00000000000000e-02	0.00000000000000e+00	0.00000000000000e+00	1.97573720137445e+02	4.31665375190411e+00
49	85	61	73	2.11380000000000e+02	7.53982236861550e+02	3.00000000000000e-02	0.00000000000000e+00	0.00000000000000e+00	2.01017524050749e+02	1.67551243301241e+00
50	86	62	74	2.07540000000000e+02	7.53982236861550e+02	3.00000000000000e-02	0.00000000000000e+00	0.00000000000000e+00	2.00140476214643e+02	1.21015303700078e+00
51	87	63	75	2.18230000000000e+02	7.53982236861550e+02	3.00000000000000e-02	0.00000000000000e+00	0.00000000000000e+00	2.06427436875665e+02	1.85335323729463e+00
52	88	64	76	2.03140000000000e+02	7.53982236861550e+02	3.00000000000000e-02	0.00000000000000e+00	0.00000000000000e+00	1.96713932028564e+02	1.07149482687540e+00
53	89	65	77	1.83400000000000e+02	7.53982236861550e+02	3.00000000000000e-02	0.00000000000000e+00	0.00000000000000e+00	1.83338904889562e+02	1.11060139676766e-02
54	90	66	78	1.79310000000000e+02	7.53982236861550e+02	3.00000000000000e-02	0.00000000000000e+00	0.00000000000000e+00	1.64239449654534e+02	2.92635765535154e+00
55	91	67	79	1.95910000000000e+02	7.53982236861550e+02	3.00000000000000e-02	0.00000000000000e+00	0.00000000000000e+00	1.62794348692349e+02	6.17225434419920e+00
56	92	68	80	1.51750000000000e+02	7.53982236861550e+02	3.00000000000000e-02	0.00000000000000e+00	0.00000000000000e+00	1.74289067832404e+02	-4.61602667362001e+00
57	93	69	81	2.17810000000000e+02	7.53982236861550e+02	3.00000000000000e-02	0.00000000000000e+00	0.00000000000000e+00	1.93312539524138e+02	3.97716227415472e+00
58	94	70	82	2.30870000000000e+02	7.53982236861550e+02	3.00000000000000e-02	0.00000000000000e+00	0.00000000000000e+00	2.12021908503960e+02	2.83883900706080e+00
59	95	71	83	2.38900000000000e+02	7.53982236861550e+02	3.00000000000000e-02	0.00000000000000e+00	0.00000000000000e+00	2.32668759545426e+02	8.80974836568083e-01
60	96	72	84	2.29510000000000e+02	7.53982236861550e+02	3.00000000000000e-02	0.00000000000000e+00	0.00000000000000e+00	2.56351253961810e+02	-3.68673294274190e+00
61	97	73	85	2.56980000000000e+02	7.53982236861550e+02	3.00000000000000e-02	0.00000000000000e+00	0.00000000000000e+00	2.70523264697129e+02	-1.71199466689732e+00
62	98	74	86	2.73590000000000e+02	7.53982236861550e+02	3.00000000000000e-02	0.00000000000000e+00	0.00000000000000e+00	2.80879177333080e+02	-8.76465586399859e-01
63	99	75	87	2.77940000000000e+02	7.53982236861550e+02	3.00000000000000e-02	0.00000000000000e+00	0.00000000000000e+00	2.72409250199913e+02	6.69991040339468e-01
64	100	76	88	2.89570000000000e+02	7.53982236861550e+02	3.00000000000000e-02	0.00000000000000e+00	0.00000000000000e+00	2.75197224600044e+02	1.69696810019936e+00
65	101	77	89	2.81760000000000e+02	7.53982236861550e+02	3.00000000000000e-02	0.00000000000000e+00	0.00000000000000e+00	2.77069762102914e+02	5.59544050738214e-01
66	102	78	90	3.10040000000000e+02	7.53982236861550e+02	3.00000000000000e-02	0.00000000000000e+00	0.00000000000000e+00	3.25528215463784e+02	-1.62492733103348e+00
67	103	79	91	3.43680000000000e+02	7.53982236861550e+02	3.00000000000000e-02	0.00000000000000e+00	0.00000000000000e+00	3.63905614456318e+02	-1.90611803959371e+00
68	104	80	92	3.82430000000000e+02	7.53982236861550e+02	3.00000000000000e-02	0.00000000000000e+00	0.00000000000000e+00	3.82218967911413e+02	1.83990391059948e-02
69	105	81	93	3.91780000000000e+02	7.53982236861550e+02	3.00000000000000e-02	0.00000000000000e+00	0.00000000000000e+00	3.90725148858851e+02	8.98696348647180e-02
70	106	82	94	4.40650000000000e+02	7.53982236861550e+02	3.00000000000000e-02	0.00000000000000e+00	0.00000000000000e+00	4.14858352931449e+02	2.01045886049241e+00
71	107	83	95	4.23850000000000e+02	7.53982236861550e+02	3.00000000000000e-02	0.00000000000000e+00	0.00000000000000e+00	3.98722725202037e+02	2.03711226806801e+00
72	108	84	96	3.83890000000000e+02	7.53982236861550e+02	3.00000000000000e-02	0.00000000000000e+00	0.00000000000000e+00	3.70029810915680e+02	1.22574935941039e+00
73	109	85	97	3.34260000000000e+02	7.53982236861550e+02	3.00000000000000e-02	0.00000000000000e+00	0.00000000000000e+00	3.32416433508196e+02	1.84354418263114e-01
74	110	86	98	3.21940000000000e+02	7.53982236861550e+02	3.00000000000000e-02	0.00000000000000e+00	0.00000000000000e+00	3.09456359354259e+02	1.31827047657662e+00
75	111	87	99	3.37710000000000e+02	7.53982236861550e+02	3.00000000000000e-02	0.00000000000000e+00	0.00000000000000e+00	3.18153249006966e+02	1.98847857407326e+00
76	112	88	100	3.19360000000000e+02	7.53982236861550e+02	3.00000000000000e-02	0.00000000000000e+00	0.00000000000000e+00	3.01371862763434e+02	1.93246888066131e+00
77	113	89	101	3.05060000000000e+02	7.53982236861550e+02	3.00000000000000e-02	0.00000000000000e+00	0.00000000000000e+00	2.87554329817115e+02	1.96988876368872e+00
78	114	90	102	2.63830000000000e+02	7.53982236861550e+02	3.00000000000000e-02	0.00000000000000e+00	0.00000000000000e+00	2.56505107128186e+02	9.38546036353956e-01
79	115	91	103	2.28740000000000e+02	7.53982236861550e+02	3.00000000000000e-02	0.00000000000000e+00	0.00000000000000e+00	2.27485979835280e+02	1.83245931958738e-01
80	116	92	104	2.18720000000000e+02	7.53982236861550e+02	3.00000000000000e-02	0.00000000000000e+00	0.00000000000000e+00	2.18589950087955e+02	1.98257423371947e-02
81	117	93	105	2.48930000000000e+02	7.53982236861550e+02	3.00000000000000e-02	0.00000000000000e+00	0.00000000000000e+00	2.20577863048360e+02	4.03069931628416e+00
82	118	94	106	2.05470000000000e+02	7.53982236861550e+02	3.00000000000000e-02	0.00000000000000e+00	0.00000000000000e+00	2.02720412265202e+02	4.49076254634573e-01
83	119	95	107	2.10920000000000e+02	7.53982236861550e+02	3.00000000000000e-02	0.00000000000000e+00	0.00000000000000e+00	2.16032582545669e+02	-7.98344225491773e-01
84	120	96	108	2.11480000000000e+02	7.53982236861550e+02	3.00000000000000e-02	0.00000000000000e+00	0.00000000000000e+00	2.42008582713752e+02	-4.49475866399496e+00
85	121	97	109	2.56710000000000e+02	7.53982236861550e+02	3.00000000000000e-02	0.00000000000000e+00	0.00000000000000e+00	2.65947921435618e+02	-1.17844874795991e+00
86	122	98	110	2.87610000000000e+02	7.53982236861550e+02	3.00000000000000e-02	0.00000000000000e+00	0.00000000000000e+00	2.90803710484348e+02	-3.68103646524443e-01
87	123	99	111	2.92270000000000e+02	7.53982236861550e+02	3.00000000000000e-02	0.00000000000000e+00	0.00000000000000e+00	3.00368499004640e+02	-9.11067277381920e-01
88	124	100	112	3.14160000000000e+02	7.53982236861550e+02	3.00000000000000e-02	0.00000000000000e+00	0.00000000000000e+00	3.19210584194273e+02	-5.31620441984278e-01
89	125	101	113	3.34970000000000e+02	7.53982236861550e+02	3.00000000000000e-02	0.00000000000000e+00	0.00000000000000e+00	3.34178615852250e+02	7.88449180521530e-02
90	126	102	114	3.67000000000000e+02	7.53982236861550e+02	3.00000000000000e-02	0.00000000000000e+00	0.00000000000000e+00	3.73821841454770e+02	-6.13915870600283e-01
91	127	103	115	4.00340000000000e+02	7.53982236861550e+02	3.00000000000000e-02	0.00000000000000e+00	0.00000000000000e+00	4.03510942088635e+02	-2.62980640645842e-01
92	128	104	116	4.24470000000000e+02	7.53982236861550e+02	3.00000000000000e-02	0.00000000000000e+00	0.00000000000000e+00	4.18108094382768e+02	5.03377792677817e-01
93	129	105	117	3.64760000000000e+02	7.53982236861550e+02	3.00000000000000e-02	0.00000000000000e+00	0.00000000000000e+00	4.25284620371322e+02	-5.11730122348917e+00
94	130	106	118	4.65390000000000e+02	7.53982236861550e+02	3.00000000000000e-02	0.00000000000000e+00	0.00000000000000e+00	4.66643499567711e+02	-8.96606058373865e-02
95	131	107	119	4.46180000000000e+02	7.53982236861550e+02	3.00000000000000e-02	0.00000000000000e+00	0.00000000000000e+00	4.66277091665920e+02	-1.46858722250531e+00
96	132	108	120	4.51820000000000e+02	7.53982236861550e+02	3.00000000000000e-02	0.00000000000000e+00	0.00000000000000e+00	4.55771260081455e+02	-2.90239686740031e-01
97	133	109	121	4.03850000000000e+02	7.53982236861550e+02	3.00000000000000e-02	0.00000000000000e+00	0.00000000000000e+00	4.18585020012325e+02	-1.19455005198432e+00
98	134	110	122	3.97390000000000e+02	7.53982236861550e+02	3.00000000000000e-02	0.00000000000000e+00	0.00000000000000e+00	3.90375743656675e+02	5.93614855208191e-01
99	135	111	123	4.26790000000000e+02	7.53982236861550e+02	3.00000000000000e-02	0.00000000000000e+00	0.00000000000000e+00	4.02401452004224e+02	1.96139539452072e+00
100	136	112	124	4.20150000000000e+02	7.53982236861550e+02	3.00000000000000e-02	0.00000000000000e+00	0.00000000000000e+00	4.10490353264272e+02	7.75312057436868e-01
101	137	113	125	3.74490000000000e+02	7.53982236861550e+02	3.00000000000000e-02	0.00000000000000e+00	0.00000000000000e+00	4.06357731310126e+02	-2.72229276403332e+00
102	138	114	126	3.89580000000000e+02	7.53982236861550e+02	3.00000000000000e-02	0.00000000000000e+00	0.00000000000000e+00	3.95460315244993e+02	-4.99373523472209e-01
103	139	115	127	3.33070000000000e+02	7.53982236861550e+02	3.00000000000000e-02	0.00000000000000e+00	0.00000000000000e+00	3.78077058057841e+02	-4.22484513466017e+00
104	140	116	128	3.61950000000000e+02	7.53982236861550e+02	3.00000000000000e-02	0.00000000000000e+00	0.00000000000000e+00	3.64774853393508e+02	-2.59141416716021e-01
105	141	117	129	4.26770000000000e+02	7.53982236861550e+02	3.00000000000000e-02	0.00000000000000e+00	0.00000000000000e+00	3.57548522514619e+02	5.89913820617770e+00
106	142	118	130	3.26090000000000e+02	7.53982236861550e+02	3.00000000000000e-02	0.00000000000000e+00	0.00000000000000e+00	3.33953294238037e+02	-7.94257623427056e-01
107	143	119	131	3.25570000000000e+02	7.53982236861550e+02	3.00000000000000e-02	0.00000000000000e+00	0.00000000000000e+00	3.27600361068768e+02	-2.07232061683478e-01
108	144	120	132	3.20150000000000e+02	7.53982236861550e+02	3.00000000000000e-02	0.00000000000000e+00	0.00000000000000e+00	3.26783776351190e+02	-6.83636060684260e-01
109	145	121	133	3.04530000000000e+02	7.53982236861550e+02	3.00000000000000e-02	0.00000000000000e+00	0.00000000000000e+00	3.26792263050948e+02	-2.35183611221480e+00
110	146	122	134	3.16560000000000e+02	7.53982236861550e+02	3.00000000000000e-02	0.00000000000000e+00	0.00000000000000e+00	3.31508798689545e+02	-1.53805180821414e+00
111	147	123	135	3.33090000000000e+02	7.53982236861550e+02	3.00000000000000e-02	0.00000000000000e+00	0.00000000000000e+00	3.38633999934493e+02	-5.50238473247629e-01
112	148	124	136	3.38830000000000e+02	7.53982236861550e+02	3.00000000000000e-02	0.00000000000000e+00	0.00000000000000e+00	3.47846738860731e+02	-8.75449017375048e-01
113	149	125	137	3.01540000000000e+02	7.53982236861550e+02	3.00000000000000e-02	0.00000000000000e+00	0.00000000000000e+00	3.37837630981021e+02	-3.78875736663430e+00
114	150	126	138	3.36540000000000e+02	7.53982236861550e+02	3.00000000000000e-02	0.00000000000000e+00	0.00000000000000e+00	3.25650521387278e+02	1.09640755635851e+00
115	151	127	139	3.21370000000000e+02	7.53982236861550e+02	3.00000000000000e-02	0.00000000000000e+00	0.00000000000000e+00	3.11942732776016e+02	9.92449504964140e-01
116	152	128	140	3.08480000000000e+02	7.53982236861550e+02	3.00000000000000e-02	0.00000000000000e+00	0.00000000000000e+00	2.93729378355272e+02	1.63327165905987e+00
117	153	129	141	3.51880000000000e+02	7.53982236861550e+02	3.00000000000000e-02	0.00000000000000e+00	0.00000000000000e+00	2.93740521694660e+02	6.01978033393502e+00
118	154	130	142	3.09300000000000e+02	7.53982236861550e+02	3.00000000000000e-02	0.00000000000000e+00	0.00000000000000e+00	2.99279414571608e+02	1.09780152585719e+00
119	155	131	143	3.05610000000000e+02	7.53982236861550e+02	3.00000000000000e-02	0.00000000000000e+00	0.00000000000000e+00	3.15625253805940e+02	-1.07486082989488e+00
120	156	132	144	3.22070000000000e+02	7.53982236861550e+02	3.00000000000000e-02	0.00000000000000e+00	0.00000000000000e+00	3.35017022151627e+02	-1.31374765681294e+00
121	157	133	145	3.18230000000000e+02	7.53982236861550e+02	3.00000000000000e-02	0.00000000000000e+00	0.00000000000000e+00	3.50001208869090e+02	-3.17207388675887e+00
122	158	134	146	3.36860000000000e+02	7.53982236861550e+02	3.00000000000000e-02	0.00000000000000e+00	0.00000000000000e+00	3.54706464674220e+02	-1.72077245317365e+00
123	159	135	147	3.55810000000000e+02	7.53982236861550e+02	3.00000000000000e-02	0.00000000000000e+00	0.00000000000000e+00	3.59525851271230e+02	-3.46306767398611e-01
124	160	136	148	3.55810000000000e+02	7.53982236861550e+02	3.00000000000000e-02	0.00000000000000e+00	0.00000000000000e+00	3.66398227011805e+02	-9.77463777752104e-01
125	161	137	149	3.50830000000000e+02	7.53982236861550e+02	3.00000000000000e-02	0.00000000000000e+00	0.00000000000000e+00	3.81529862400663e+02	-2.79624494283436e+00
126	162	138	150	4.03230000000000e+02	7.53982236861550e+02	3.00000000000000e-02	0.00000000000000e+00	0.00000000000000e+00	3.84090872828264e+02	1.62093153899630e+00
127	163	139	151	3.94350000000000e+02	7.53982236861550e+02	3.00000000000000e-02	0.00000000000000e+00	0.00000000000000e+00	3.91242258539496e+02	2.63729488863795e-01
128	164	140	152	3.91130000000000e+02	7.53982236861550e+02	3.00000000000000e-02	0.00000000000000e+00	0.00000000000000e+00	4.03610600347907e+02	-1.04701890265432e+00
129	165	141	153	3.83660000000000e+02	7.53982236861550e+02	3.00000000000000e-02	0.00000000000000e+00	0.00000000000000e+00	3.92517085260341e+02	-7.60777396420220e-01
130	166	142	154	3.64970000000000e+02	7.53982236861550e+02	3.00000000000000e-02	0.00000000000000e+00	0.00000000000000e+00	3.88436791393470e+02	-2.07717663437057e+00
131	167	143	155	3.54180000000000e+02	7.53982236861550e+02	3.00000000000000e-02	0.00000000000000e+00	0.00000000000000e+00	3.71891679247396e+02	-1.62657895237116e+00
132	168	144	156	3.61240000000000e+02	7.53982236861550e+02	3.00000000000000e-02	0.00000000000000e+00	0.00000000000000e+00	3.51346838438491e+02	9.25622603664452e-01
133	169	145	157	3.42270000000000e+02	7.53982236861550e+02	3.00000000000000e-02	0.00000000000000e+00	0.00000000000000e+00	3.30648722847040e+02	1.15144492385338e+00
134	170	146	158	3.25620000000000e+02	7.53982236861550e+02	3.00000000000000e-02	0.00000000000000e+00	0.00000000000000e+00	3.17914635820233e+02	7.98271712558455e-01
135	171	147	159	3.19950000000000e+02	7.53982236861550e+02	3.00000000000000e-02	0.00000000000000e+00	0.00000000000000e+00	3.08917299211117e+02	1.16970442010661e+00
136	172	148	160	3.03310000000000e+02	7.53982236861550e+02	3.00000000000000e-02	0.00000000000000e+00	0.00000000000000e+00	3.09332188405697e+02	-6.55345267647404e-01
137	173	149	161	2.71200000000000e+02	7.53982236861550e+02	3.00000000000000e-02	0.00000000000000e+00	0.00000000000000e+00	2.87033334195851e+02	-1.89139333242364e+00
138	174	150	162	2.71740000000000e+02	7.53982236861550e+02	3.00000000000000e-02	0.00000000000000e+00	0.00000000000000e+00	2.78105474146481e+02	-7.71823944793226e-01
139	175	151	163	2.47760000000000e+02	7.53982236861550e+02	3.00000000000000e-02	0.00000000000000e+00	0.00000000000000e+00	2.80058728471421e+02	-4.08462633505936e+00
140	176	152	164	2.02340000000000e+02	7.53982236861550e+02	3.00000000000000e-02	0.00000000000000e+00	0.00000000000000e+00	2.20839190352772e+02	-2.91617801383296e+00
1	40	14	27	1.52600000000000e+02	8.16814089933346e+02	3.00000000000000e-02	0.00000000000000e+00	0.00000000000000e+00	1.89136057504301e+02	-7.15488393981341e+00
3	41	15	28	1.63790000000000e+02	8.16814089933346e+02	3.00000000000000e-02	0.00000000000000e+00	0.00000000000000e+00	1.77570895105546e+02	-2.69282729079846e+00
4	42	16	29	1.74970000000000e+02	8.16814089933346e+02	3.00000000000000e-02	0.00000000000000e+00	0.00000000000000e+00	1.74358643143398e+02	1.16672841417505e-01
2	43	17	30	2.35690000000000e+02	8.16814089933346e+02	3.00000000000000e-02	0.00000000000000e+00	0.00000000000000e+00	1.85624553545905e+02	7.95970926047106e+00
5	44	18	31	2.96410000000000e+02	8.16814089933346e+02	3.00000000000000e-02	0.00000000000000e+00	0.00000000000000e+00	2.22794059308623e+02	9.51652623773859e+00
6	45	19	32	2.06880000000000e+02	8.16814089933346e+02	3.00000000000000e-02	0.00000000000000e+00	0.00000000000000e+00	2.15977780708345e+02	-1.43455400928136e+00
7	46	20	33	3.03760000000000e+02	8.16814089933346e+02	3.00000000000000e-02	0.00000000000000e+00	0.00000000000000e+00	2.43423415800675e+02	7.38118456788210e+00
8	47	21	34	4.00640000000000e+02	8.16814089933346e+02	3.00000000000000e-02	0.00000000000000e+00	0.00000000000000e+00	2.72831836166162e+02	1.28069215940866e+01
9	48	22	35	4.27040000000000e+02	8.16814089933346e+02	3.00000000000000e-02	0.00000000000000e+00	0.00000000000000e+00	3.36752513914795e+02	7.91764683892614e+00
10	49	23	36	5.24740000000000e+02	8.16814089933346e+02	3.00000000000000e-02	0.00000000000000e+00	0.00000000000000e+00	4.43068670078102e+02	5.63927107768046e+00
11	50	24	37	6.12390000000000e+02	8.16814089933346e+02	3.00000000000000e-02	0.00000000000000e+00	0.00000000000000e+00	5.10280586194219e+02	6.08028636714802e+00
12	51	25	38	5.59310000000000e+02	8.16814089933346e+02	3.00000000000000e-02	0.00000000000000e+00	0.00000000000000e+00	4.73732087954664e+02	5.53539781815819e+00
13	52	26	39	4.27780000000000e+02	8.16814089933346e+02	3.00000000000000e-02	0.00000000000000e+00	0.00000000000000e+00	3.86818158305400e+02	3.35514457711037e+00
14	53	27	40	3.65170000000000e+02	8.16814089933346e+02	3.00000000000000e-02	0.00000000000000e+00	0.00000000000000e+00	3.44235359083215e+02	1.96791305898669e+00
15	54	28	41	3.07540000000000e+02	8.16814089933346e+02	3.00000000000000e-02	0.00000000000000e+00	0.00000000000000e+00	3.08026848821987e+02	-5.27263528923960e-02
16	55	29	42	2.38340000000000e+02	8.16814089933346e+02	3.00000000000000e-02	0.00000000000000e+00	0.00000000000000e+00	2.66121316316752e+02	-3.67513518421957e+00
17	56	30	43	2.15760000000000e+02	8.16814089933346e+02	3.00000000000000e-02	0.00000000000000e+00	0.00000000000000e+00	2.31286107735157e+02	-2.31629423098910e+00
18	57	31	44	1.90860000000000e+02	8.16814089933346e+02	3.00000000000000e-02	0.00000000000000e+00	0.00000000000000e+00	1.88185835583118e+02	4.70340441553940e-01
19	58	32	45	1.31340000000000e+02	8.16814089933346e+02	3.00000000000000e-02	0.00000000000000e+00	0.00000000000000e+00	1.72406883701001e+02	-9.06893017765797e+00
20	59	33	46	2.89190000000000e+02	8.16814089933346e+02	3.00000000000000e-02	0.00000000000000e+00	0.00000000000000e+00	1.57165664727795e+02	2.03261157721270e+01
21	60	34	47	1.98430000000000e+02	8.16814089933346e+02	3.00000000000000e-02	0.00000000000000e+00	0.00000000000000e+00	1.34144864975444e+02	1.30505365062724e+01
22	61	35	48	1.40850000000000e+02	8.16814089933346e+02	3.00000000000000e-02	0.00000000000000e+00	0.00000000000000e+00	1.14242853625989e+02	6.97896722746654e+00
23	62	36	49	1.00790000000000e+02	8.16814089933346e+02	3.00000000000000e-02	0.00000000000000e+00	0.00000000000000e+00	9.41470461695312e+01	2.27270878066076e+00
24	63	37	50	7.94100000000000e+01	8.16814089933346e+02	3.00000000000000e-02	0.00000000000000e+00	0.00000000000000e+00	7.53198576225468e+01	1.76268304735713e+00
25	64	38	51	5.80400000000000e+01	8.16814089933346e+02	3.00000000000000e-02	0.00000000000000e+00	0.00000000000000e+00	6.49972784869058e+01	-3.77376571902941e+00
26	65	39	52	4.84000000000000e+01	8.16814089933346e+02	3.00000000000000e-02	0.00000000000000e+00	0.00000000000000e+00	5.85401249639693e+01	-6.34042007384985e+00
27	66	40	53	4.74200000000000e+01	8.16814089933346e+02	3.00000000000000e-02	0.00000000000000e+00	0.00000000000000e+00	5.41668713118522e+01	-4.43418035074166e+00
28	67	41	54	3.64900000000000e+01	8.16814089933346e+02	3.00000000000000e-02	0.00000000000000e+00	0.00000000000000e+00	6.05434135122145e+01	-1.68774145322074e+01
29	68	42	55	7.45300000000000e+01	8.16814089933346e+02	3.00000000000000e-02	0.00000000000000e+00	0.00000000000000e+00	8.20684125858432e+01	-3.21171567877861e+00
30	69	43	56	1.42530000000000e+02	8.16814089933346e+02	3.00000000000000e-02	0.00000000000000e+00	0.00000000000000e+00	1.22238536305399e+02	5.11927174872830e+00
31	70	44	57	2.10520000000000e+02	8.16814089933346e+02	3.00000000000000e-02	0.00000000000000e+00	0.00000000000000e+00	1.74078132273274e+02	6.33588086680899e+00
32	71	45	58	2.68910000000000e+02	8.16814089933346e+02	3.00000000000000e-02	0.00000000000000e+00	0.00000000000000e+00	2.12892282870114e+02	7.78634758537423e+00
33	72	46	59	2.96240000000000e+02	8.16814089933346e+02	3.00000000000000e-02	0.00000000000000e+00	0.00000000000000e+00	2.39979672740516e+02	7.02052379216222e+00
34	73	47	60	3.25560000000000e+02	8.16814089933346e+02	3.00000000000000e-02	0.00000000000000e+00	0.00000000000000e+00	2.79516393151786e+02	5.08286112925929e+00
35	74	48	61	4.12440000000000e+02	8.16814089933346e+02	3.00000000000000e-02	0.00000000000000e+00	0.00000000000000e+00	3.43625168514358e+02	6.08464345875130e+00
36	75	49	62	5.04420000000000e+02	8.16814089933346e+02	3.00000000000000e-02	0.00000000000000e+00	0.00000000000000e+00	4.41206000179779e+02	4.46324558020684e+00
37	76	50	63	6.04960000000000e+02	8.16814089933346e+02	3.00000000000000e-02	0.00000000000000e+00	0.00000000000000e+00	4.82583822379794e+02	7.53359031041928e+00
38	77	51	64	5.45110000000000e+02	8.16814089933346e+02	3.00000000000000e-02	0.00000000000000e+00	0.00000000000000e+00	4.30886719946529e+02	7.83807947841781e+00
39	78	52	65	4.20720000000000e+02	8.16814089933346e+02	3.00000000000000e-02	0.00000000000000e+00	0.00000000000000e+00	3.60208699362412e+02	5.17613151175909e+00
40	79	53	66	3.77980000000000e+02	8.16814089933346e+02	3.00000000000000e-02	0.00000000000000e+00	0.00000000000000e+00	3.41671815308551e+02	3.36635373934241e+00
41	80	54	67	3.59100000000000e+02	8.16814089933346e+02	3.00000000000000e-02	0.00000000000000e+00	0.00000000000000e+00	3.21667834030149e+02	3.66938198194910e+00
42	81	55	68	3.02210000000000e+02	8.16814089933346e+02	3.00000000000000e-02	0.00000000000000e+00	0.00000000000000e+00	2.99890846489120e+02	2.56785884910589e-01
43	82	56	69	2.93330000000000e+02	8.16814089933346e+02	3.00000000000000e-02	0.00000000000000e+00	0.00000000000000e+00	2.71747651094519e+02	2.54747909218912e+00
44	83	57	70	2.67040000000000e+02	8.16814089933346e+02	3.00000000000000e-02	0.00000000000000e+00	0.00000000000000e+00	2.37114051048617e+02	3.96190688260812e+00
45	84	58	71	2.35500000000000e+02	8.16814089933346e+02	3.00000000000000e-02	0.00000000000000e+00	0.00000000000000e+00	2.11055503091155e+02	3.65299222486805e+00
46	85	59	72	2.41390000000000e+02	8.16814089933346e+02	3.00000000000000e-02	0.00000000000000e+00	0.00000000000000e+00	2.10258242404432e+02	4.60257939417369e+00
47	86	60	73	2.21410000000000e+02	8.16814089933346e+02	3.00000000000000e-02	0.00000000000000e+00	0.00000000000000e+00	2.17734261208412e+02	5.58028414439319e-01
48	87	61	74	2.27300000000000e+02	8.16814089933346e+02	3.00000000000000e-02	0.00000000000000e+00	0.00000000000000e+00	2.16075997243788e+02	1.68801819878599e+00
49	88	62	75	2.19690000000000e+02	8.16814089933346e+02	3.00000000000000e-02	0.00000000000000e+00	0.00000000000000e+00	2.06081181860132e+02	2.13157612945345e+00
50	89	63	76	2.04890000000000e+02	8.16814089933346e+02	3.00000000000000e-02	0.00000000000000e+00	0.00000000000000e+00	1.99471797738204e+02	8.93346271430140e-01
51	90	64	77	1.97010000000000e+02	8.16814089933346e+02	3.00000000000000e-02	0.00000000000000e+00	0.00000000000000e+00	1.93106933589633e+02	6.67013111693038e-01
52	91	65	78	2.13190000000000e+02	8.16814089933346e+02	3.00000000000000e-02	0.00000000000000e+00	0.00000000000000e+00	1.77817537630743e+02	6.04752772725394e+00
53	92	66	79	1.88490000000000e+02	8.16814089933346e+02	3.00000000000000e-02	0.00000000000000e+00	0.00000000000000e+00	1.60669919462244e+02	5.32309614299287e+00
54	93	67	80	1.86030000000000e+02	8.16814089933346e+02	3.00000000000000e-02	0.00000000000000e+00	0.00000000000000e+00	1.55766318194853e+02	5.91836757113177e+00
55	94	68	81	1.42760000000000e+02	8.16814089933346e+02	3.00000000000000e-02	0.00000000000000e+00	0.00000000000000e+00	1.62166484538566e+02	-4.24861970810892e+00
56	95	69	82	1.92380000000000e+02	8.16814089933346e+02	3.00000000000000e-02	0.00000000000000e+00	0.00000000000000e+00	1.84848382271678e+02	1.33122163178040e+00
57	96	70	83	2.24530000000000e+02	8.16814089933346e+02	3.00000000000000e-02	0.00000000000000e+00	0.00000000000000e+00	2.21360516878697e+02	4.73888601805861e-01
58	97	71	84	2.59970000000000e+02	8.16814089933346e+02	3.00000000000000e-02	0.00000000000000e+00	0.00000000000000e+00	2.67056055066443e+02	-8.96411356377532e-01
59	98	72	85	2.84640000000000e+02	8.16814089933346e+02	3.00000000000000e-02	0.00000000000000e+00	0.00000000000000e+00	2.84260207371968e+02	4.45060697268573e-02
60	99	73	86	2.81750000000000e+02	8.16814089933346e+02	3.00000000000000e-02	0.00000000000000e+00	0.00000000000000e+00	2.89774569578980e+02	-9.36104049698964e-01
61	100	74	87	2.78400000000000e+02	8.16814089933346e+02	3.00000000000000e-02	0.00000000000000e+00	0.00000000000000e+00	2.91705340364198e+02	-1.55617519912073e+00
62	101	75	88	2.91080000000000e+02	8.16814089933346e+02	3.00000000000000e-02	0.00000000000000e+00	0.00000000000000e+00	2.99360200760195e+02	-9.34979655933255e-01
63	102	76	89	2.99520000000000e+02	8.16814089933346e+02	3.00000000000000e-02	0.00000000000000e+00	0.00000000000000e+00	3.03052848401523e+02	-3.90867139266031e-01
64	103	77	90	3.31590000000000e+02	8.16814089933346e+02	3.00000000000000e-02	0.00000000000000e+00	0.00000000000000e+00	3.30333310732312e+02	1.26569624931043e-01
65	104	78	91	3.66260000000000e+02	8.16814089933346e+02	3.00000000000000e-02	0.00000000000000e+00	0.00000000000000e+00	3.54879956783501e+02	1.05212937761963e+00
66	105	79	92	3.61260000000000e+02	8.16814089933346e+02	3.00000000000000e-02	0.00000000000000e+00	0.00000000000000e+00	3.64234868699513e+02	-2.73366084403707e-01
67	106	80	93	3.78060000000000e+02	8.16814089933346e+02	3.00000000000000e-02	0.00000000000000e+00	0.00000000000000e+00	3.81336696646302e+02	-2.87659664246220e-01
68	107	81	94	4.13380000000000e+02	8.16814089933346e+02	3.00000000000000e-02	0.00000000000000e+00	0.00000000000000e+00	3.92023331526475e+02	1.76819698547449e+00
69	108	82	95	3.91230000000000e+02	8.16814089933346e+02	3.00000000000000e-02	0.00000000000000e+00	0.00000000000000e+00	3.71305952850320e+02	1.74230762760000e+00
70	109	83	96	3.57820000000000e+02	8.16814089933346e+02	3.00000000000000e-02	0.00000000000000e+00	0.00000000000000e+00	3.39735694760828e+02	1.72873732364775e+00
71	110	84	97	3.27760000000000e+02	8.16814089933346e+02	3.00000000000000e-02	0.00000000000000e+00	0.00000000000000e+00	3.04271607270469e+02	2.47869619160443e+00
72	111	85	98	3.17040000000000e+02	8.16814089933346e+02	3.00000000000000e-02	0.00000000000000e+00	0.00000000000000e+00	3.00931568023389e+02	1.73816862468182e+00
73	112	86	99	3.10740000000000e+02	8.16814089933346e+02	3.00000000000000e-02	0.00000000000000e+00	0.00000000000000e+00	3.02263373068112e+02	9.21927203065002e-01
74	113	87	100	3.17470000000000e+02	8.16814089933346e+02	3.00000000000000e-02	0.00000000000000e+00	0.00000000000000e+00	3.04748136596820e+02	1.36325572891082e+00
75	114	88	101	2.99840000000000e+02	8.16814089933346e+02	3.00000000000000e-02	0.00000000000000e+00	0.00000000000000e+00	2.89652996899719e+02	1.15217849788941e+00
76	115	89	102	2.59280000000000e+02	8.16814089933346e+02	3.00000000000000e-02	0.00000000000000e+00	0.00000000000000e+00	2.61104322333266e+02	-2.33715701865715e-01
77	116	90	103	2.12870000000000e+02	8.16814089933346e+02	3.00000000000000e-02	0.00000000000000e+00	0.00000000000000e+00	2.27905489488920e+02	-2.27497908291140e+00
78	117	91	104	2.28650000000000e+02	8.16814089933346e+02	3.00000000000000e-02	0.00000000000000e+00	0.00000000000000e+00	2.17020196463600e+02	1.74006765445448e+00
79	118	92	105	2.33780000000000e+02	8.16814089933346e+02	3.00000000000000e-02	0.00000000000000e+00	0.00000000000000e+00	2.08144458256458e+02	3.87160508970010e+00
80	119	93	106	2.12420000000000e+02	8.16814089933346e+02	3.00000000000000e-02	0.00000000000000e+00	0.00000000000000e+00	1.97979702650447e+02	2.34669777733296e+00
81	120	94	107	2.03380000000000e+02	8.16814089933346e+02	3.00000000000000e-02	0.00000000000000e+00	0.00000000000000e+00	1.95650298499133e+02	1.29157586761816e+00
82	121	95	108	2.04110000000000e+02	8.16814089933346e+02	3.00000000000000e-02	0.00000000000000e+00	0.00000000000000e+00	2.00038839386435e+02	6.71583985984074e-01
83	122	96	109	2.13390000000000e+02	8.16814089933346e+02	3.00000000000000e-02	0.00000000000000e+00	0.00000000000000e+00	2.22941835431816e+02	-1.45964774550394e+00
84	123	97	110	2.37310000000000e+02	8.16814089933346e+02	3.00000000000000e-02	0.00000000000000e+00	0.00000000000000e+00	2.59289849935275e+02	-2.95264147920342e+00
85	124	98	111	2.60800000000000e+02	8.16814089933346e+02	3.00000000000000e-02	0.00000000000000e+00	0.00000000000000e+00	2.74224359488487e+02	-1.67309238423095e+00
86	125	99	112	2.87350000000000e+02	8.16814089933346e+02	3.00000000000000e-02	0.00000000000000e+00	0.00000000000000e+00	2.94989763466420e+02	-8.74655689005917e-01
87	126	100	113	2.94790000000000e+02	8.16814089933346e+02	3.00000000000000e-02	0.00000000000000e+00	0.00000000000000e+00	3.04545089674147e+02	-1.08519718326230e+00
88	127	101	114	3.11620000000000e+02	8.16814089933346e+02	3.00000000000000e-02	0.00000000000000e+00	0.00000000000000e+00	3.15789681626812e+02	-4.43064357974373e-01
89	128	102	115	3.25450000000000e+02	8.16814089933346e+02	3.00000000000000e-02	0.00000000000000e+00	0.00000000000000e+00	3.39128205215942e+02	-1.37231274484257e+00
90	129	103	116	3.78390000000000e+02	8.16814089933346e+02	3.00000000000000e-02	0.00000000000000e+00	0.00000000000000e+00	3.90578725664069e+02	-1.05680471354196e+00
91	130	104	117	4.27050000000000e+02	8.16814089933346e+02	3.00000000000000e-02	0.00000000000000e+00	0.00000000000000e+00	4.16971565198188e+02	7.96102396383288e-01
92	131	105	118	4.33070000000000e+02	8.16814089933346e+02	3.00000000000000e-02	0.00000000000000e+00	0.00000000000000e+00	4.31531543096529e+02	1.18625628915166e-01
93	132	106	119	4.68360000000000e+02	8.16814089933346e+02	3.00000000000000e-02	0.00000000000000e+00	0.00000000000000e+00	4.54668906099608e+02	9.88925193944527e-01
94	133	107	120	4.43850000000000e+02	8.16814089933346e+02	3.00000000000000e-02	0.00000000000000e+00	0.00000000000000e+00	4.57056675569373e+02	-9.77357741787917e-01
95	134	108	121	4.41240000000000e+02	8.16814089933346e+02	3.00000000000000e-02	0.00000000000000e+00	0.00000000000000e+00	4.39386884022996e+02	1.40287844634113e-01
96	135	109	122	4.22120000000000e+02	8.16814089933346e+02	3.00000000000000e-02	0.00000000000000e+00	0.00000000000000e+00	4.07494630265590e+02	1.17539594903825e+00
97	136	110	123	3.97460000000000e+02	8.16814089933346e+02	3.00000000000000e-02	0.00000000000000e+00	0.00000000000000e+00	3.79745199086879e+02	1.51979336677902e+00
98	137	111	124	3.49110000000000e+02	8.16814089933346e+02	3.00000000000000e-02	0.00000000000000e+00	0.00000000000000e+00	3.86938152646442e+02	-3.42926030624155e+00
99	138	112	125	3.99210000000000e+02	8.16814089933346e+02	3.00000000000000e-02	0.00000000000000e+00	0.00000000000000e+00	3.93559449012918e+02	4.75182007833593e-01
100	139	113	126	3.76710000000000e+02	8.16814089933346e+02	3.00000000000000e-02	0.00000000000000e+00	0.00000000000000e+00	3.95784674683259e+02	-1.64648839665237e+00
101	140	114	127	3.95920000000000e+02	8.16814089933346e+02	3.00000000000000e-02	0.00000000000000e+00	0.00000000000000e+00	3.97621471076929e+02	-1.42943479442910e-01
102	141	115	128	3.83110000000000e+02	8.16814089933346e+02	3.00000000000000e-02	0.00000000000000e+00	0.00000000000000e+00	3.80497248574067e+02	2.28106933850854e-01
103	142	116	129	3.45930000000000e+02	8.16814089933346e+02	3.00000000000000e-02	0.00000000000000e+00	0.00000000000000e+00	3.62117174851170e+02	-1.52438014777774e+00
104	143	117	130	3.63730000000000e+02	8.16814089933346e+02	3.00000000000000e-02	0.00000000000000e+00	0.00000000000000e+00	3.54523771127678e+02	8.54547835497825e-01
105	144	118	131	3.47640000000000e+02	8.16814089933346e+02	3.00000000000000e-02	0.00000000000000e+00	0.00000000000000e+00	3.40805409379403e+02	6.61859804930742e-01
106	145	119	132	3.21060000000000e+02	8.16814089933346e+02	3.00000000000000e-02	0.00000000000000e+00	0.00000000000000e+00	3.23838700447293e+02	-2.87251071762669e-01
107	146	120	133	3.35180000000000e+02	8.16814089933346e+02	3.00000000000000e-02	0.00000000000000e+00	0.00000000000000e+00	3.26095173292736e+02	9.15947319373907e-01
108	147	121	134	3.07470000000000e+02	8.16814089933346e+02	3.00000000000000e-02	0.00000000000000e+00	0.00000000000000e+00	3.21707923195464e+02	-1.50888471912027e+00
109	148	122	135	3.24330000000000e+02	8.16814089933346e+02	3.00000000000000e-02	0.00000000000000e+00	0.00000000000000e+00	3.32794282079777e+02	-8.58767052533190e-01
110	149	123	136	3.20350000000000e+02	8.16814089933346e+02	3.00000000000000e-02	0.00000000000000e+00	0.00000000000000e+00	3.37248092571619e+02	-1.71348970525630e+00
111	150	124	137	2.86510000000000e+02	8.16814089933346e+02	3.00000000000000e-02	0.00000000000000e+00	0.00000000000000e+00	3.30511946321063e+02	-4.76231217615991e+00
112	151	125	138	2.98960000000000e+02	8.16814089933346e+02	3.00000000000000e-02	0.00000000000000e+00	0.00000000000000e+00	3.23286702491844e+02	-2.60765893847091e+00
113	152	126	139	3.10440000000000e+02	8.16814089933346e+02	3.00000000000000e-02	0.00000000000000e+00	0.00000000000000e+00	3.03375567041359e+02	7.67303761018242e-01
114	153	127	140	3.08170000000000e+02	8.16814089933346e+02	3.00000000000000e-02	0.00000000000000e+00	0.00000000000000e+00	2.88160420645329e+02	2.23780791895205e+00
115	154	128	141	3.03970000000000e+02	8.16814089933346e+02	3.00000000000000e-02	0.00000000000000e+00	0.00000000000000e+00	2.78906696373890e+02	2.86839026783519e+00
116	155	129	142	3.26890000000000e+02	8.16814089933346e+02	3.00000000000000e-02	0.00000000000000e+00	0.00000000000000e+00	2.80749018224639e+02	5.07208754096326e+00
117	156	130	143	3.05920000000000e+02	8.16814089933346e+02	3.00000000000000e-02	0.00000000000000e+00	0.00000000000000e+00	2.98351200511903e+02	8.35077068853056e-01
118	157	131	144	3.11070000000000e+02	8.16814089933346e+02	3.00000000000000e-02	0.00000000000000e+00	0.00000000000000e+00	3.22282620562010e+02	-1.18036323194204e+00
119	158	132	145	3.44700000000000e+02	8.16814089933346e+02	3.00000000000000e-02	0.00000000000000e+00	0.00000000000000e+00	3.56732405226325e+02	-1.14371540000014e+00
120	159	133	146	3.67990000000000e+02	8.16814089933346e+02	3.00000000000000e-02	0.00000000000000e+00	0.00000000000000e+00	3.59681048736656e+02	7.61270029216465e-01
121	160	134	147	3.63530000000000e+02	8.16814089933346e+02	3.00000000000000e-02	0.00000000000000e+00	0.00000000000000e+00	3.65425577416384e+02	-1.73360512658209e-01
122	161	135	148	3.73970000000000e+02	8.16814089933346e+02	3.00000000000000e-02	0.00000000000000e+00	0.00000000000000e+00	3.67562093976144e+02	5.76110423762444e-01
123	162	136	149	3.73970000000000e+02	8.16814089933346e+02	3.00000000000000e-02	0.00000000000000e+00	0.00000000000000e+00	3.72787573602582e+02	1.05561021623017e-01
124	163	137	150	3.41260000000000e+02	8.16814089933346e+02	3.00000000000000e-02	0.00000000000000e+00	0.00000000000000e+00	3.70771832971072e+02	-2.76474059486900e+00
125	164	138	151	3.73600000000000e+02	8.16814089933346e+02	3.00000000000000e-02	0.00000000000000e+00	0.00000000000000e+00	3.77353543218246e+02	-3.33227402390879e-01
126	165	139	152	3.83070000000000e+02	8.16814089933346e+02	3.00000000000000e-02	0.00000000000000e+00	0.00000000000000e+00	3.95515802155678e+02	-1.06576670621488e+00
127	166	140	153	3.48710000000000e+02	8.16814089933346e+02	3.00000000000000e-02	0.00000000000000e+00	0.00000000000000e+00	3.85598081958223e+02	-3.35183191107416e+00
128	167	141	154	3.51170000000000e+02	8.16814089933346e+02	3.00000000000000e-02	0.00000000000000e+00	0.00000000000000e+00	3.78563667575382e+02	-2.50379440901642e+00
129	168	142	155	3.74540000000000e+02	8.16814089933346e+02	3.00000000000000e-02	0.00000000000000e+00	0.00000000000000e+00	3.66662034864199e+02	7.08602282744882e-01
130	169	143	156	3.52080000000000e+02	8.16814089933346e+02	3.00000000000000e-02	0.00000000000000e+00	0.00000000000000e+00	3.42677588919047e+02	9.02279712881141e-01
131	170	144	157	3.25390000000000e+02	8.16814089933346e+02	3.00000000000000e-02	0.00000000000000e+00	0.00000000000000e+00	3.33078178792513e+02	-7.78425688982616e-01
132	171	145	158	2.96130000000000e+02	8.16814089933346e+02	3.00000000000000e-02	0.00000000000000e+00	0.00000000000000e+00	3.04471677282306e+02	-9.25984062492506e-01
133	172	146	159	2.77580000000000e+02	8.16814089933346e+02	3.00000000000000e-02	0.00000000000000e+00	0.00000000000000e+00	3.01660607124664e+02	-2.77311293409370e+00
134	173	147	160	2.89840000000000e+02	8.16814089933346e+02	3.00000000000000e-02	0.00000000000000e+00	0.00000000000000e+00	2.98354149313322e+02	-9.65071827347123e-01
135	174	148	161	3.04020000000000e+02	8.16814089933346e+02	3.00000000000000e-02	0.00000000000000e+00	0.00000000000000e+00	2.94374845869667e+02	1.07465158434416e+00
136	175	149	162	2.76950000000000e+02	8.16814089933346e+02	3.00000000000000e-02	0.00000000000000e+00	0.00000000000000e+00	2.92868805107359e+02	-1.86292533743169e+00
137	176	150	163	2.40570000000000e+02	8.16814089933346e+02	3.00000000000000e-02	0.00000000000000e+00	0.00000000000000e+00	2.51913309331184e+02	-1.53579700828731e+00
1	43	15	29	1.89780000000000e+02	8.79645943005142e+02	3.00000000000000e-02	0.00000000000000e+00	0.00000000000000e+00	2.03493820826388e+02	-2.32567111288443e+00
3	44	16	30	1.88160000000000e+02	8.79645943005142e+02	3.00000000000000e-02	0.00000000000000e+00	0.00000000000000e+00	1.98089614039568e+02	-1.71422865843190e+00
4	45	17	31	2.22690000000000e+02	8.79645943005142e+02	3.00000000000000e-02	0.00000000000000e+00	0.00000000000000e+00	2.07820724756875e+02	2.30349539843751e+00
2	46	18	32	2.75140000000000e+02	8.79645943005142e+02	3.00000000000000e-02	0.00000000000000e+00	0.00000000000000e+00	2.24703182862114e+02	6.74999050004865e+00
5	47	19	33	3.27580000000000e+02	8.79645943005142e+02	3.00000000000000e-02	0.00000000000000e+00	0.00000000000000e+00	2.35492928379656e+02	1.10017138386826e+01
6	48	20	34	3.27580000000000e+02	8.79645943005142e+02	3.00000000000000e-02	0.00000000000000e+00	0.00000000000000e+00	2.63078224997552e+02	7.30936262167535e+00
7	49	21	35	4.45990000000000e+02	8.79645943005142e+02	3.00000000000000e-02	0.00000000000000e+00	0.00000000000000e+00	3.19041724926782e+02	1.11658212289711e+01
8	50	22	36	4.86130000000000e+02	8.79645943005142e+02	3.00000000000000e-02	0.00000000000000e+00	0.00000000000000e+00	3.82834483434502e+02	7.96244467348280e+00
9	51	23	37	5.46480000000000e+02	8.79645943005142e+02	3.00000000000000e-02	0.00000000000000e+00	0.00000000000000e+00	4.17050278874645e+02	9.00969743507461e+00
10	52	24	38	4.54210000000000e+02	8.79645943005142e+02	3.00000000000000e-02	0.00000000000000e+00	0.00000000000000e+00	3.87081596442350e+02	5.33080439453718e+00
11	53	25	39	4.01720000000000e+02	8.79645943005142e+02	3.00000000000000e-02	0.00000000000000e+00	0.00000000000000e+00	3.68701443948790e+02	2.85893689894508e+00
12	54	26	40	3.57840000000000e+02	8.79645943005142e+02	3.00000000000000e-02	0.00000000000000e+00	0.00000000000000e+00	3.41715386211156e+02	1.53692575323235e+00
13	55	27	41	2.85920000000000e+02	8.79645943005142e+02	3.00000000000000e-02	0.00000000000000e+00	0.00000000000000e+00	3.12698330890113e+02	-2.98422917676475e+00
14	56	28	42	2.62300000000000e+02	8.79645943005142e+02	3.00000000000000e-02	0.00000000000000e+00	0.00000000000000e+00	2.79306179891399e+02	-2.09399040633732e+00
15	57	29	43	2.15250000000000e+02	8.79645943005142e+02	3.00000000000000e-02	0.00000000000000e+00	0.00000000000000e+00	2.35162691387616e+02	-2.94924783605639e+00
16	58	30	44	1.92950000000000e+02	8.79645943005142e+02	3.00000000000000e-02	0.00000000000000e+00	0.00000000000000e+00	1.98578168281003e+02	-9.58390983109444e-01
17	59	31	45	1.64710000000000e+02	8.79645943005142e+02	3.00000000000000e-02	0.00000000000000e+00	0.00000000000000e+00	1.70818891101822e+02	-1.21391756947983e+00
18	60	32	46	1.38700000000000e+02	8.79645943005142e+02	3.00000000000000e-02	0.00000000000000e+00	0.00000000000000e+00	1.60118668324508e+02	-4.78672966782436e+00
19	61	33	47	1.76440000000000e+02	8.79645943005142e+02	3.00000000000000e-02	0.00000000000000e+00	0.00000000000000e+00	1.47766336201849e+02	5.91162195175269e+00
20	62	34	48	1.35660000000000e+02	8.79645943005142e+02	3.00000000000000e-02	0.00000000000000e+00	0.00000000000000e+00	1.26054557951545e+02	2.44789808894321e+00
21	63	35	49	9.48700000000000e+01	8.79645943005142e+02	3.00000000000000e-02	0.00000000000000e+00	0.00000000000000e+00	1.11941998351495e+02	-5.51577772955699e+00
22	64	36	50	7.14000000000000e+01	8.79645943005142e+02	3.00000000000000e-02	0.00000000000000e+00	0.00000000000000e+00	9.62555246971261e+01	-9.95695005419099e+00
23	65	37	51	6.60100000000000e+01	8.79645943005142e+02	3.00000000000000e-02	0.00000000000000e+00	0.00000000000000e+00	7.83997274631118e+01	-5.73380684712740e+00
24	66	38	52	5.13500000000000e+01	8.79645943005142e+02	3.00000000000000e-02	0.00000000000000e+00	0.00000000000000e+00	6.45486685356435e+01	-7.62515179456423e+00
25	67	39	53	4.75200000000000e+01	8.79645943005142e+02	3.00000000000000e-02	0.00000000000000e+00	0.00000000000000e+00	5.77260349880636e+01	-6.48525365528041e+00
26	68	40	54	5.28300000000000e+01	8.79645943005142e+02	3.00000000000000e-02	0.00000000000000e+00	0.00000000000000e+00	6.11654167002733e+01	-4.88342440078700e+00
27	69	41	55	8.53600000000000e+01	8.79645943005142e+02	3.00000000000000e-02	0.00000000000000e+00	0.00000000000000e+00	7.83208377751363e+01	2.86879706686592e+00
28	70	42	56	1.17880000000000e+02	8.79645943005142e+02	3.00000000000000e-02	0.00000000000000e+00	0.00000000000000e+00	1.14800921369112e+02	8.82254938429602e-01
29	71	43	57	1.76180000000000e+02	8.79645943005142e+02	3.00000000000000e-02	0.00000000000000e+00	0.00000000000000e+00	1.55399263759631e+02	4.18361664902799e+00
30	72	44	58	2.17000000000000e+02	8.79645943005142e+02	3.00000000000000e-02	0.00000000000000e+00	0.00000000000000e+00	1.89073374311832e+02	4.59207299826927e+00
31	73	45	59	2.53750000000000e+02	8.79645943005142e+02	3.00000000000000e-02	0.00000000000000e+00	0.00000000000000e+00	2.07025131345391e+02	6.78364456647541e+00
32	74	46	60	2.30880000000000e+02	8.79645943005142e+02	3.00000000000000e-02	0.00000000000000e+00	0.00000000000000e+00	2.11117412592254e+02	2.98278861771732e+00
33	75	47	61	2.79880000000000e+02	8.79645943005142e+02	3.00000000000000e-02	0.00000000000000e+00	0.00000000000000e+00	2.36025129438272e+02	5.68075532833688e+00
34	76	48	62	3.42130000000000e+02	8.79645943005142e+02	3.00000000000000e-02	0.00000000000000e+00	0.00000000000000e+00	2.75462512171154e+02	7.22464114784046e+00
35	77	49	63	4.18030000000000e+02	8.79645943005142e+02	3.00000000000000e-02	0.00000000000000e+00	0.00000000000000e+00	3.10626861232247e+02	9.89869371856065e+00
36	78	50	64	4.70200000000000e+02	8.79645943005142e+02	3.00000000000000e-02	0.00000000000000e+00	0.00000000000000e+00	3.82008540898472e+02	6.92383897921252e+00
37	79	51	65	5.08960000000000e+02	8.79645943005142e+02	3.00000000000000e-02	0.00000000000000e+00	0.00000000000000e+00	4.04861562643267e+02	7.62747466540642e+00
38	80	52	66	4.60400000000000e+02	8.79645943005142e+02	3.00000000000000e-02	0.00000000000000e+00	0.00000000000000e+00	3.78919291977487e+02	6.49241481232773e+00
39	81	53	67	4.34750000000000e+02	8.79645943005142e+02	3.00000000000000e-02	0.00000000000000e+00	0.00000000000000e+00	3.63006684638038e+02	6.01166347194247e+00
40	82	54	68	3.99490000000000e+02	8.79645943005142e+02	3.00000000000000e-02	0.00000000000000e+00	0.00000000000000e+00	3.42884957811560e+02	5.09312475544788e+00
41	83	55	69	3.21210000000000e+02	8.79645943005142e+02	3.00000000000000e-02	0.00000000000000e+00	0.00000000000000e+00	3.16750901755932e+02	4.65981624665446e-01
42	84	56	70	3.02270000000000e+02	8.79645943005142e+02	3.00000000000000e-02	0.00000000000000e+00	0.00000000000000e+00	2.80269120279222e+02	2.51901240912919e+00
43	85	57	71	2.62770000000000e+02	8.79645943005142e+02	3.00000000000000e-02	0.00000000000000e+00	0.00000000000000e+00	2.49703856738046e+02	1.70011607299638e+00
44	86	58	72	2.41580000000000e+02	8.79645943005142e+02	3.00000000000000e-02	0.00000000000000e+00	0.00000000000000e+00	2.28087271668786e+02	1.91574516611637e+00
45	87	59	73	2.42330000000000e+02	8.79645943005142e+02	3.00000000000000e-02	0.00000000000000e+00	0.00000000000000e+00	2.29018916026925e+02	1.88319435773794e+00
46	88	60	74	2.30090000000000e+02	8.79645943005142e+02	3.00000000000000e-02	0.00000000000000e+00	0.00000000000000e+00	2.29704637931577e+02	5.58745327970141e-02
47	89	61	75	2.32710000000000e+02	8.79645943005142e+02	3.00000000000000e-02	0.00000000000000e+00	0.00000000000000e+00	2.20465812366840e+02	1.80168020867425e+00
48	90	62	76	2.19670000000000e+02	8.79645943005142e+02	3.00000000000000e-02	0.00000000000000e+00	0.00000000000000e+00	2.06764270708416e+02	2.01823549072249e+00
49	91	63	77	2.19000000000000e+02	8.79645943005142e+02	3.00000000000000e-02	0.00000000000000e+00	0.00000000000000e+00	2.02477777558819e+02	2.61471965807030e+00
50	92	64	78	2.08970000000000e+02	8.79645943005142e+02	3.00000000000000e-02	0.00000000000000e+00	0.00000000000000e+00	1.90310075259441e+02	3.11786613353497e+00
51	93	65	79	2.19300000000000e+02	8.79645943005142e+02	3.00000000000000e-02	0.00000000000000e+00	0.00000000000000e+00	1.76558853506436e+02	7.22621290010880e+00
52	94	66	80	1.96040000000000e+02	8.79645943005142e+02	3.00000000000000e-02	0.00000000000000e+00	0.00000000000000e+00	1.61185118291180e+02	6.52550708411139e+00
53	95	67	81	1.69360000000000e+02	8.79645943005142e+02	3.00000000000000e-02	0.00000000000000e+00	0.00000000000000e+00	1.58904019891256e+02	2.12420851193826e+00
54	96	68	82	1.75730000000000e+02	8.79645943005142e+02	3.00000000000000e-02	0.00000000000000e+00	0.00000000000000e+00	1.64681704248050e+02	2.16447268373502e+00
55	97	69	83	1.91570000000000e+02	8.79645943005142e+02	3.00000000000000e-02	0.00000000000000e+00	0.00000000000000e+00	1.93206678229946e+02	-2.83573683719762e-01
56	98	70	84	1.04170000000000e+03	8.79645943005142e+02	3.00000000000000e-02	0.00000000000000e+00	0.00000000000000e+00	2.45653206604497e+02	4.81562820303730e+01
57	99	71	85	6.67720000000000e+02	8.79645943005142e+02	3.00000000000000e-02	0.00000000000000e+00	0.00000000000000e+00	2.78357285856810e+02	2.91654478178851e+01
58	100	72	86	4.82610000000000e+02	8.79645943005142e+02	3.00000000000000e-02	0.00000000000000e+00	0.00000000000000e+00	3.01489408041571e+02	1.56824663131306e+01
59	101	73	87	3.92950000000000e+02	8.79645943005142e+02	3.00000000000000e-02	0.00000000000000e+00	0.00000000000000e+00	3.04212434485464e+02	8.53187074339343e+00
60	102	74	88	3.03290000000000e+02	8.79645943005142e+02	3.00000000000000e-02	0.00000000000000e+00	0.00000000000000e+00	3.14838409160104e+02	-1.24566923048984e+00
61	103	75	89	3.13450000000000e+02	8.79645943005142e+02	3.00000000000000e-02	0.00000000000000e+00	0.00000000000000e+00	3.27431330701949e+02	-1.45461660413417e+00
62	104	76	90	3.55470000000000e+02	8.79645943005142e+02	3.00000000000000e-02	0.00000000000000e+00	0.00000000000000e+00	3.48391783164465e+02	6.70439909476291e-01
63	105	77	91	3.46600000000000e+02	8.79645943005142e+02	3.00000000000000e-02	0.00000000000000e+00	0.00000000000000e+00	3.37492807978711e+02	8.87572562956092e-01
64	106	78	92	3.53710000000000e+02	8.79645943005142e+02	3.00000000000000e-02	0.00000000000000e+00	0.00000000000000e+00	3.43341639631729e+02	9.91712766469484e-01
65	107	79	93	3.51090000000000e+02	8.79645943005142e+02	3.00000000000000e-02	0.00000000000000e+00	0.00000000000000e+00	3.52209250877913e+02	-1.06095361389554e-01
66	108	80	94	3.68630000000000e+02	8.79645943005142e+02	3.00000000000000e-02	0.00000000000000e+00	0.00000000000000e+00	3.62405815565050e+02	5.67626985280996e-01
67	109	81	95	3.52050000000000e+02	8.79645943005142e+02	3.00000000000000e-02	0.00000000000000e+00	0.00000000000000e+00	3.38226452055903e+02	1.33525211064764e+00
68	110	82	96	3.56860000000000e+02	8.79645943005142e+02	3.00000000000000e-02	0.00000000000000e+00	0.00000000000000e+00	3.23529487396832e+02	3.26844290223125e+00
69	111	83	97	3.28760000000000e+02	8.79645943005142e+02	3.00000000000000e-02	0.00000000000000e+00	0.00000000000000e+00	3.09888618260949e+02	1.97050214319256e+00
70	112	84	98	3.11280000000000e+02	8.79645943005142e+02	3.00000000000000e-02	0.00000000000000e+00	0.00000000000000e+00	2.87592758509232e+02	2.63824607274848e+00
71	113	85	99	3.04490000000000e+02	8.79645943005142e+02	3.00000000000000e-02	0.00000000000000e+00	0.00000000000000e+00	2.89111238626809e+02	1.72755743636136e+00
72	114	86	100	2.97720000000000e+02	8.79645943005142e+02	3.00000000000000e-02	0.00000000000000e+00	0.00000000000000e+00	2.87726668695253e+02	1.13808283451344e+00
73	115	87	101	2.84130000000000e+02	8.79645943005142e+02	3.00000000000000e-02	0.00000000000000e+00	0.00000000000000e+00	2.79954283258282e+02	4.93518804836620e-01
74	116	88	102	2.42180000000000e+02	8.79645943005142e+02	3.00000000000000e-02	0.00000000000000e+00	0.00000000000000e+00	2.52125283501171e+02	-1.34149564648031e+00
75	117	89	103	2.26770000000000e+02	8.79645943005142e+02	3.00000000000000e-02	0.00000000000000e+00	0.00000000000000e+00	2.28705765043340e+02	-2.83334020800119e-01
76	118	90	104	2.26640000000000e+02	8.79645943005142e+02	3.00000000000000e-02	0.00000000000000e+00	0.00000000000000e+00	2.09360058124464e+02	2.64357732237137e+00
77	119	91	105	2.23120000000000e+02	8.79645943005142e+02	3.00000000000000e-02	0.00000000000000e+00	0.00000000000000e+00	2.10136680964870e+02	1.99838541943086e+00
78	120	92	106	2.18600000000000e+02	8.79645943005142e+02	3.00000000000000e-02	0.00000000000000e+00	0.00000000000000e+00	2.01400510940141e+02	2.73160195063612e+00
79	121	93	107	2.11040000000000e+02	8.79645943005142e+02	3.00000000000000e-02	0.00000000000000e+00	0.00000000000000e+00	1.94285237398309e+02	2.75734379549206e+00
80	122	94	108	2.07120000000000e+02	8.79645943005142e+02	3.00000000000000e-02	0.00000000000000e+00	0.00000000000000e+00	1.94790627863797e+02	2.04576856581324e+00
81	123	95	109	2.11620000000000e+02	8.79645943005142e+02	3.00000000000000e-02	0.00000000000000e+00	0.00000000000000e+00	2.11339394135047e+02	4.42289748555424e-02
82	124	96	110	2.21550000000000e+02	8.79645943005142e+02	3.00000000000000e-02	0.00000000000000e+00	0.00000000000000e+00	2.19881924021648e+02	2.51920145515783e-01
83	125	97	111	2.27790000000000e+02	8.79645943005142e+02	3.00000000000000e-02	0.00000000000000e+00	0.00000000000000e+00	2.34482702634688e+02	-9.65255684020387e-01
84	126	98	112	2.51090000000000e+02	8.79645943005142e+02	3.00000000000000e-02	0.00000000000000e+00	0.00000000000000e+00	2.65024012766214e+02	-1.80029984978753e+00
85	127	99	113	2.70610000000000e+02	8.79645943005142e+02	3.00000000000000e-02	0.00000000000000e+00	0.00000000000000e+00	2.71833342023372e+02	-1.50349846411431e-01
86	128	100	114	2.96290000000000e+02	8.79645943005142e+02	3.00000000000000e-02	0.00000000000000e+00	0.00000000000000e+00	2.84216000420034e+02	1.38680634980881e+00
87	129	101	115	2.87720000000000e+02	8.79645943005142e+02	3.00000000000000e-02	0.00000000000000e+00	0.00000000000000e+00	3.01316931280209e+02	-1.53916178837443e+00
88	130	102	116	3.27350000000000e+02	8.79645943005142e+02	3.00000000000000e-02	0.00000000000000e+00	0.00000000000000e+00	3.36369093715411e+02	-9.05970512485303e-01
89	131	103	117	3.53740000000000e+02	8.79645943005142e+02	3.00000000000000e-02	0.00000000000000e+00	0.00000000000000e+00	3.70265224981025e+02	-1.52191310362853e+00
90	132	104	118	4.38880000000000e+02	8.79645943005142e+02	3.00000000000000e-02	0.00000000000000e+00	0.00000000000000e+00	4.18894292210894e+02	1.55358083298166e+00
91	133	105	119	4.23530000000000e+02	8.79645943005142e+02	3.00000000000000e-02	0.00000000000000e+00	0.00000000000000e+00	4.24624690894047e+02	-8.60449564731229e-02
92	134	106	120	4.67620000000000e+02	8.79645943005142e+02	3.00000000000000e-02	0.00000000000000e+00	0.00000000000000e+00	4.30782195607240e+02	2.73511281762377e+00
93	135	107	121	4.74510000000000e+02	8.79645943005142e+02	3.00000000000000e-02	0.00000000000000e+00	0.00000000000000e+00	4.37996580860823e+02	2.66905295171200e+00
94	136	108	122	4.46100000000000e+02	8.79645943005142e+02	3.00000000000000e-02	0.00000000000000e+00	0.00000000000000e+00	4.28893271344951e+02	1.31116796339882e+00
95	137	109	123	3.57410000000000e+02	8.79645943005142e+02	3.00000000000000e-02	0.00000000000000e+00	0.00000000000000e+00	3.93849375608920e+02	-3.23616528690597e+00
96	138	110	124	3.98060000000000e+02	8.79645943005142e+02	3.00000000000000e-02	0.00000000000000e+00	0.00000000000000e+00	3.88430654746169e+02	8.16269622577792e-01
97	139	111	125	3.62130000000000e+02	8.79645943005142e+02	3.00000000000000e-02	0.00000000000000e+00	0.00000000000000e+00	3.85590180981773e+02	-2.09239449240464e+00
98	140	112	126	3.75570000000000e+02	8.79645943005142e+02	3.00000000000000e-02	0.00000000000000e+00	0.00000000000000e+00	3.77070261573417e+02	-1.32888945494110e-01
99	141	113	127	3.99020000000000e+02	8.79645943005142e+02	3.00000000000000e-02	0.00000000000000e+00	0.00000000000000e+00	3.88743154594840e+02	8.69756212258673e-01
100	142	114	128	3.95360000000000e+02	8.79645943005142e+02	3.00000000000000e-02	0.00000000000000e+00	0.00000000000000e+00	3.95626766194072e+02	-2.24838320595093e-02
101	143	115	129	3.96960000000000e+02	8.79645943005142e+02	3.00000000000000e-02	0.00000000000000e+00	0.00000000000000e+00	3.87864156467058e+02	7.72678460736861e-01
102	144	116	130	3.65700000000000e+02	8.79645943005142e+02	3.00000000000000e-02	0.00000000000000e+00	0.00000000000000e+00	3.70256004435104e+02	-4.12711503548705e-01
103	145	117	131	3.41950000000000e+02	8.79645943005142e+02	3.00000000000000e-02	0.00000000000000e+00	0.00000000000000e+00	3.48294812532207e+02	-6.12825201322250e-01
104	146	118	132	3.15340000000000e+02	8.79645943005142e+02	3.00000000000000e-02	0.00000000000000e+00	0.00000000000000e+00	3.27977104588308e+02	-1.30974603513444e+00
105	147	119	133	3.40570000000000e+02	8.79645943005142e+02	3.00000000000000e-02	0.00000000000000e+00	0.00000000000000e+00	3.32993255798798e+02	7.49948252378907e-01
106	148	120	134	3.49250000000000e+02	8.79645943005142e+02	3.00000000000000e-02	0.00000000000000e+00	0.00000000000000e+00	3.30846103538979e+02	1.80448916236597e+00
107	149	121	135	2.99120000000000e+02	8.79645943005142e+02	3.00000000000000e-02	0.00000000000000e+00	0.00000000000000e+00	3.16248748322740e+02	-1.85614171640938e+00
108	150	122	136	2.98730000000000e+02	8.79645943005142e+02	3.00000000000000e-02	0.00000000000000e+00	0.00000000000000e+00	3.23356100645318e+02	-2.64046797730793e+00
109	151	123	137	2.84500000000000e+02	8.79645943005142e+02	3.00000000000000e-02	0.00000000000000e+00	0.00000000000000e+00	3.32721425856555e+02	-5.21907757713303e+00
110	152	124	138	2.87290000000000e+02	8.79645943005142e+02	3.00000000000000e-02	0.00000000000000e+00	0.00000000000000e+00	3.07303930405397e+02	-2.24483668740874e+00
111	153	125	139	2.71440000000000e+02	8.79645943005142e+02	3.00000000000000e-02	0.00000000000000e+00	0.00000000000000e+00	2.98218693219058e+02	-3.13619889137427e+00
112	154	126	140	3.07670000000000e+02	8.79645943005142e+02	3.00000000000000e-02	0.00000000000000e+00	0.00000000000000e+00	2.92811500813290e+02	1.64995733208526e+00
113	155	127	141	2.93130000000000e+02	8.79645943005142e+02	3.00000000000000e-02	0.00000000000000e+00	0.00000000000000e+00	2.83759074510447e+02	1.08302158955205e+00
114	156	128	142	2.86750000000000e+02	8.79645943005142e+02	3.00000000000000e-02	0.00000000000000e+00	0.00000000000000e+00	2.82277885874240e+02	5.23958645613624e-01
115	157	129	143	3.28490000000000e+02	8.79645943005142e+02	3.00000000000000e-02	0.00000000000000e+00	0.00000000000000e+00	2.93098133472147e+02	3.79996388644050e+00
116	158	130	144	3.23430000000000e+02	8.79645943005142e+02	3.00000000000000e-02	0.00000000000000e+00	0.00000000000000e+00	3.11642466958402e+02	1.23753719119835e+00
117	159	131	145	3.64770000000000e+02	8.79645943005142e+02	3.00000000000000e-02	0.00000000000000e+00	0.00000000000000e+00	3.37504216034272e+02	2.58963385961586e+00
118	160	132	146	3.72210000000000e+02	8.79645943005142e+02	3.00000000000000e-02	0.00000000000000e+00	0.00000000000000e+00	3.62284554876093e+02	9.00941496311939e-01
119	161	133	147	3.73170000000000e+02	8.79645943005142e+02	3.00000000000000e-02	0.00000000000000e+00	0.00000000000000e+00	3.65322256956076e+02	7.08474002021179e-01
120	162	134	148	3.67690000000000e+02	8.79645943005142e+02	3.00000000000000e-02	0.00000000000000e+00	0.00000000000000e+00	3.59423124231629e+02	7.57995945396347e-01
121	163	135	149	3.88650000000000e+02	8.79645943005142e+02	3.00000000000000e-02	0.00000000000000e+00	0.00000000000000e+00	3.72478764247572e+02	1.41663894043414e+00
122	164	136	150	3.88650000000000e+02	8.79645943005142e+02	3.00000000000000e-02	0.00000000000000e+00	0.00000000000000e+00	3.60403655771231e+02	2.51515087813757e+00
123	165	137	151	3.29910000000000e+02	8.79645943005142e+02	3.00000000000000e-02	0.00000000000000e+00	0.00000000000000e+00	3.59179963471236e+02	-2.83345546330646e+00
124	166	138	152	3.37910000000000e+02	8.79645943005142e+02	3.00000000000000e-02	0.00000000000000e+00	0.00000000000000e+00	3.84205655947935e+02	-4.27994612509552e+00
125	167	139	153	3.22010000000000e+02	8.79645943005142e+02	3.00000000000000e-02	0.00000000000000e+00	0.00000000000000e+00	3.76957550436893e+02	-5.25166606116378e+00
126	168	140	154	3.60890000000000e+02	8.79645943005142e+02	3.00000000000000e-02	0.00000000000000e+00	0.00000000000000e+00	3.68580192794485e+02	-7.02836823968589e-01
127	169	141	155	3.55350000000000e+02	8.79645943005142e+02	3.00000000000000e-02	0.00000000000000e+00	0.00000000000000e+00	3.53701632108869e+02	1.54983622819582e-01
128	170	142	156	3.35490000000000e+02	8.79645943005142e+02	3.00000000000000e-02	0.00000000000000e+00	0.00000000000000e+00	3.44576469190562e+02	-8.90796254635055e-01
129	171	143	157	3.06840000000000e+02	8.79645943005142e+02	3.00000000000000e-02	0.00000000000000e+00	0.00000000000000e+00	3.27436114816720e+02	-2.16555092312687e+00
130	172	144	158	2.90420000000000e+02	8.79645943005142e+02	3.00000000000000e-02	0.00000000000000e+00	0.00000000000000e+00	3.16770371908892e+02	-2.89496604830897e+00
131	173	145	159	2.85810000000000e+02	8.79645943005142e+02	3.00000000000000e-02	0.00000000000000e+00	0.00000000000000e+00	3.00272313528147e+02	-1.64541734362347e+00
132	174	146	160	2.64640000000000e+02	8.79645943005142e+02	3.00000000000000e-02	0.00000000000000e+00	0.00000000000000e+00	2.83889945028826e+02	-2.34054112391453e+00
133	175	147	161	2.48910000000000e+02	8.79645943005142e+02	3.00000000000000e-02	0.00000000000000e+00	0.00000000000000e+00	2.88094179933832e+02	-4.87320183311561e+00
134	176	148	162	2.78140000000000e+02	8.79645943005142e+02	3.00000000000000e-02	0.00000000000000e+00	0.00000000000000e+00	2.56470434595865e+02	2.70370636055336e+00
1	46	16	31	2.34820000000000e+02	9.42477796076938e+02	3.00000000000000e-02	0.00000000000000e+00	0.00000000000000e+00	2.33112255547210e+02	2.43304739744440e-01
3	47	17	32	2.29020000000000e+02	9.42477796076938e+02	3.00000000000000e-02	0.00000000000000e+00	0.00000000000000e+00	2.29165427833394e+02	-2.11599684965573e-02
4	48	18	33	3.08060000000000e+02	9.42477796076938e+02	3.00000000000000e-02	0.00000000000000e+00	0.00000000000000e+00	2.44290485191692e+02	7.73121796403853e+00
2	49	19	34	3.63740000000000e+02	9.42477796076938e+02	3.00000000000000e-02	0.00000000000000e+00	0.00000000000000e+00	2.61333198500356e+02	1.10214370319741e+01
5	50	20	35	3.63740000000000e+02	9.42477796076938e+02	3.00000000000000e-02	0.00000000000000e+00	0.00000000000000e+00	2.84735582190593e+02	8.16261196245088e+00
6	51	21	36	4.40680000000000e+02	9.42477796076938e+02	3.00000000000000e-02	0.00000000000000e+00	0.00000000000000e+00	3.16247941342614e+02	1.10597486013298e+01
7	52	22	37	4.40960000000000e+02	9.42477796076938e+02	3.00000000000000e-02	0.00000000000000e+00	0.00000000000000e+00	3.36799881242840e+02	8.98217462071749e+00
8	53	23	38	4.24560000000000e+02	9.42477796076938e+02	3.00000000000000e-02	0.00000000000000e+00	0.00000000000000e+00	3.45569254128203e+02	6.86200897655536e+00
9	54	24	39	3.83270000000000e+02	9.42477796076938e+02	3.00000000000000e-02	0.00000000000000e+00	0.00000000000000e+00	3.51447468810647e+02	2.88931500613933e+00
10	55	25	40	3.16530000000000e+02	9.42477796076938e+02	3.00000000000000e-02	0.00000000000000e+00	0.00000000000000e+00	3.32617181508302e+02	-1.65247332584559e+00
11	56	26	41	2.85490000000000e+02	9.42477796076938e+02	3.00000000000000e-02	0.00000000000000e+00	0.00000000000000e+00	3.08599346640982e+02	-2.59456068475785e+00
12	57	27	42	2.63430000000000e+02	9.42477796076938e+02	3.00000000000000e-02	0.00000000000000e+00	0.00000000000000e+00	2.79132178937363e+02	-1.92992504082718e+00
13	58	28	43	2.23780000000000e+02	9.42477796076938e+02	3.00000000000000e-02	0.00000000000000e+00	0.00000000000000e+00	2.44646802211279e+02	-2.97173734662000e+00
14	59	29	44	2.07450000000000e+02	9.42477796076938e+02	3.00000000000000e-02	0.00000000000000e+00	0.00000000000000e+00	2.12258920252579e+02	-7.63883487743774e-01
15	60	30	45	1.74000000000000e+02	9.42477796076938e+02	3.00000000000000e-02	0.00000000000000e+00	0.00000000000000e+00	1.93411321770314e+02	-3.52546075952379e+00
16	61	31	46	1.60470000000000e+02	9.42477796076938e+02	3.00000000000000e-02	0.00000000000000e+00	0.00000000000000e+00	1.65541710677519e+02	-1.03720607050063e+00
17	62	32	47	1.43790000000000e+02	9.42477796076938e+02	3.00000000000000e-02	0.00000000000000e+00	0.00000000000000e+00	1.47627189693724e+02	-8.77873512629179e-01
18	63	33	48	1.50710000000000e+02	9.42477796076938e+02	3.00000000000000e-02	0.00000000000000e+00	0.00000000000000e+00	1.33922587238753e+02	3.93651781970830e+00
19	64	34	49	1.09820000000000e+02	9.42477796076938e+02	3.00000000000000e-02	0.00000000000000e+00	0.00000000000000e+00	1.23020829832303e+02	-3.78370091380026e+00
20	65	35	50	9.14600000000000e+01	9.42477796076938e+02	3.00000000000000e-02	0.00000000000000e+00	0.00000000000000e+00	1.12057247732669e+02	-6.77027209825501e+00
21	66	36	51	7.31000000000000e+01	9.42477796076938e+02	3.00000000000000e-02	0.00000000000000e+00	0.00000000000000e+00	9.82803743213497e+01	-9.86653298711779e+00
22	67	37	52	5.81000000000000e+01	9.42477796076938e+02	3.00000000000000e-02	0.00000000000000e+00	0.00000000000000e+00	8.11886421480119e+01	-1.11536566167286e+01
23	68	38	53	5.52100000000000e+01	9.42477796076938e+02	3.00000000000000e-02	0.00000000000000e+00	0.00000000000000e+00	6.71835736949399e+01	-6.54282274298866e+00
24	69	39	54	6.48600000000000e+01	9.42477796076938e+02	3.00000000000000e-02	0.00000000000000e+00	0.00000000000000e+00	6.58089666799426e+01	-4.84166663320066e-01
25	70	40	55	9.27900000000000e+01	9.42477796076938e+02	3.00000000000000e-02	0.00000000000000e+00	0.00000000000000e+00	8.07634575644752e+01	4.62714233342929e+00
26	71	41	56	1.20730000000000e+02	9.42477796076938e+02	3.00000000000000e-02	0.00000000000000e+00	0.00000000000000e+00	1.12084828392858e+02	2.47668887880949e+00
27	72	42	57	1.50820000000000e+02	9.42477796076938e+02	3.00000000000000e-02	0.00000000000000e+00	0.00000000000000e+00	1.43053631477910e+02	1.76224891754767e+00
28	73	43	58	1.82630000000000e+02	9.42477796076938e+02	3.00000000000000e-02	0.00000000000000e+00	0.00000000000000e+00	1.64638653676777e+02	3.45697178426256e+00
29	74	44	59	2.02100000000000e+02	9.42477796076938e+02	3.00000000000000e-02	0.00000000000000e+00	0.00000000000000e+00	1.73957560578658e+02	4.99837532216659e+00
30	75	45	60	1.75550000000000e+02	9.42477796076938e+02	3.00000000000000e-02	0.00000000000000e+00	0.00000000000000e+00	1.77598074436200e+02	-3.86636191544524e-01
31	76	46	61	2.28560000000000e+02	9.42477796076938e+02	3.00000000000000e-02	0.00000000000000e+00	0.00000000000000e+00	1.97874738265007e+02	4.80548541503915e+00
32	77	47	62	2.49900000000000e+02	9.42477796076938e+02	3.00000000000000e-02	0.00000000000000e+00	0.00000000000000e+00	2.12945594927881e+02	5.33413758770855e+00
33	78	48	63	2.90070000000000e+02	9.42477796076938e+02	3.00000000000000e-02	0.00000000000000e+00	0.00000000000000e+00	2.38646239821834e+02	6.50466619575060e+00
34	79	49	64	3.50950000000000e+02	9.42477796076938e+02	3.00000000000000e-02	0.00000000000000e+00	0.00000000000000e+00	2.77467981105175e+02	7.83127400172970e+00
35	80	50	65	4.41400000000000e+02	9.42477796076938e+02	3.00000000000000e-02	0.00000000000000e+00	0.00000000000000e+00	3.18426370950668e+02	1.08853406648182e+01
36	81	51	66	4.70280000000000e+02	9.42477796076938e+02	3.00000000000000e-02	0.00000000000000e+00	0.00000000000000e+00	3.64553223822705e+02	8.48852341641801e+00
37	82	52	67	4.80190000000000e+02	9.42477796076938e+02	3.00000000000000e-02	0.00000000000000e+00	0.00000000000000e+00	3.66136613317861e+02	9.03917782418633e+00
38	83	53	68	4.58090000000000e+02	9.42477796076938e+02	3.00000000000000e-02	0.00000000000000e+00	0.00000000000000e+00	3.66672343112455e+02	7.41990067150716e+00
39	84	54	69	4.00930000000000e+02	9.42477796076938e+02	3.00000000000000e-02	0.00000000000000e+00	0.00000000000000e+00	3.46904309656329e+02	4.82459570799764e+00
40	85	55	70	3.36240000000000e+02	9.42477796076938e+02	3.00000000000000e-02	0.00000000000000e+00	0.00000000000000e+00	3.22328658416897e+02	1.40844957923486e+00
41	86	56	71	3.09410000000000e+02	9.42477796076938e+02	3.00000000000000e-02	0.00000000000000e+00	0.00000000000000e+00	2.94637704147076e+02	1.63069260640034e+00
42	87	57	72	2.77350000000000e+02	9.42477796076938e+02	3.00000000000000e-02	0.00000000000000e+00	0.00000000000000e+00	2.67163732206499e+02	1.24728489371287e+00
43	88	58	73	2.45940000000000e+02	9.42477796076938e+02	3.00000000000000e-02	0.00000000000000e+00	0.00000000000000e+00	2.42543778465169e+02	4.63512663567537e-01
44	89	59	74	2.35400000000000e+02	9.42477796076938e+02	3.00000000000000e-02	0.00000000000000e+00	0.00000000000000e+00	2.36770473879393e+02	-1.93500413338625e-01
45	90	60	75	2.47320000000000e+02	9.42477796076938e+02	3.00000000000000e-02	0.00000000000000e+00	0.00000000000000e+00	2.39430638611638e+02	1.08064263071439e+00
46	91	61	76	2.41560000000000e+02	9.42477796076938e+02	3.00000000000000e-02	0.00000000000000e+00	0.00000000000000e+00	2.31436635672662e+02	1.42705884588385e+00
47	92	62	77	2.36340000000000e+02	9.42477796076938e+02	3.00000000000000e-02	0.00000000000000e+00	0.00000000000000e+00	2.17653104303200e+02	2.74563051641043e+00
48	93	63	78	2.39000000000000e+02	9.42477796076938e+02	3.00000000000000e-02	0.00000000000000e+00	0.00000000000000e+00	2.01265443284313e+02	5.72796339201652e+00
49	94	64	79	2.16140000000000e+02	9.42477796076938e+02	3.00000000000000e-02	0.00000000000000e+00	0.00000000000000e+00	1.85965968803007e+02	5.01208841087871e+00
50	95	65	80	1.94380000000000e+02	9.42477796076938e+02	3.00000000000000e-02	0.00000000000000e+00	0.00000000000000e+00	1.74441446106594e+02	3.60752910469625e+00
51	96	66	81	1.85250000000000e+02	9.42477796076938e+02	3.00000000000000e-02	0.00000000000000e+00	0.00000000000000e+00	1.67414361301843e+02	3.37447731556703e+00
52	97	67	82	1.79060000000000e+02	9.42477796076938e+02	3.00000000000000e-02	0.00000000000000e+00	0.00000000000000e+00	1.71559667113949e+02	1.42632753023030e+00
53	98	68	83	2.29140000000000e+02	9.42477796076938e+02	3.00000000000000e-02	0.00000000000000e+00	0.00000000000000e+00	1.88390503142459e+02	6.52720725141570e+00
54	99	69	84	2.16470000000000e+02	9.42477796076938e+02	3.00000000000000e-02	0.00000000000000e+00	0.00000000000000e+00	2.21634888875577e+02	-7.85980451437673e-01
55	100	70	85	2.35200000000000e+02	9.42477796076938e+02	3.00000000000000e-02	0.00000000000000e+00	0.00000000000000e+00	2.48592499586305e+02	-1.84595973289339e+00
56	101	71	86	2.35200000000000e+02	9.42477796076938e+02	3.00000000000000e-02	0.00000000000000e+00	0.00000000000000e+00	2.83999651653904e+02	-6.28455985217409e+00
57	102	72	87	2.96320000000000e+02	9.42477796076938e+02	3.00000000000000e-02	0.00000000000000e+00	0.00000000000000e+00	3.11072764745517e+02	-1.61956345324900e+00
58	103	73	88	3.30120000000000e+02	9.42477796076938e+02	3.00000000000000e-02	0.00000000000000e+00	0.00000000000000e+00	3.37515589236672e+02	-7.38515828407997e-01
59	104	74	89	3.40790000000000e+02	9.42477796076938e+02	3.00000000000000e-02	0.00000000000000e+00	0.00000000000000e+00	3.39899143847859e+02	8.72504646039829e-02
60	105	75	90	3.45780000000000e+02	9.42477796076938e+02	3.00000000000000e-02	0.00000000000000e+00	0.00000000000000e+00	3.43276575957926e+02	2.42208951020650e-01
61	106	76	91	3.65880000000000e+02	9.42477796076938e+02	3.00000000000000e-02	0.00000000000000e+00	0.00000000000000e+00	3.40861360025953e+02	2.36098616716707e+00
62	107	77	92	3.46310000000000e+02	9.42477796076938e+02	3.00000000000000e-02	0.00000000000000e+00	0.00000000000000e+00	3.21515574811694e+02	2.47627803264437e+00
63	108	78	93	3.25470000000000e+02	9.42477796076938e+02	3.00000000000000e-02	0.00000000000000e+00	0.00000000000000e+00	3.17602355662993e+02	8.15671502735989e-01
64	109	79	94	3.13290000000000e+02	9.42477796076938e+02	3.00000000000000e-02	0.00000000000000e+00	0.00000000000000e+00	3.16630614356054e+02	-3.53552029454699e-01
65	110	80	95	3.17910000000000e+02	9.42477796076938e+02	3.00000000000000e-02	0.00000000000000e+00	0.00000000000000e+00	3.08610085423484e+02	9.89656774769276e-01
66	111	81	96	3.43450000000000e+02	9.42477796076938e+02	3.00000000000000e-02	0.00000000000000e+00	0.00000000000000e+00	3.16375483551748e+02	2.73705977941677e+00
67	112	82	97	3.30160000000000e+02	9.42477796076938e+02	3.00000000000000e-02	0.00000000000000e+00	0.00000000000000e+00	3.05353148832698e+02	2.60361378734671e+00
68	113	83	98	3.27060000000000e+02	9.42477796076938e+02	3.00000000000000e-02	0.00000000000000e+00	0.00000000000000e+00	2.94963917822599e+02	3.44302013036568e+00
69	114	84	99	3.05920000000000e+02	9.42477796076938e+02	3.00000000000000e-02	0.00000000000000e+00	0.00000000000000e+00	2.83056246016036e+02	2.58926675981760e+00
70	115	85	100	2.86210000000000e+02	9.42477796076938e+02	3.00000000000000e-02	0.00000000000000e+00	0.00000000000000e+00	2.72487035710069e+02	1.63782565057531e+00
71	116	86	101	2.74350000000000e+02	9.42477796076938e+02	3.00000000000000e-02	0.00000000000000e+00	0.00000000000000e+00	2.58957328138438e+02	1.92471238671645e+00
72	117	87	102	2.45030000000000e+02	9.42477796076938e+02	3.00000000000000e-02	0.00000000000000e+00	0.00000000000000e+00	2.43788887725188e+02	1.69267182992143e-01
73	118	88	103	2.13320000000000e+02	9.42477796076938e+02	3.00000000000000e-02	0.00000000000000e+00	0.00000000000000e+00	2.13850358279226e+02	-8.27708105143839e-02
74	119	89	104	2.15280000000000e+02	9.42477796076938e+02	3.00000000000000e-02	0.00000000000000e+00	0.00000000000000e+00	2.05849413369171e+02	1.49315360014540e+00
75	120	90	105	2.10910000000000e+02	9.42477796076938e+02	3.00000000000000e-02	0.00000000000000e+00	0.00000000000000e+00	2.03877928985836e+02	1.13033582609295e+00
76	121	91	106	1.99860000000000e+02	9.42477796076938e+02	3.00000000000000e-02	0.00000000000000e+00	0.00000000000000e+00	1.97397133440784e+02	4.13317203875933e-01
77	122	92	107	2.08630000000000e+02	9.42477796076938e+02	3.00000000000000e-02	0.00000000000000e+00	0.00000000000000e+00	2.03326358948591e+02	8.58332682787773e-01
78	123	93	108	2.26170000000000e+02	9.42477796076938e+02	3.00000000000000e-02	0.00000000000000e+00	0.00000000000000e+00	2.09712921669891e+02	2.51824576975371e+00
79	124	94	109	2.26550000000000e+02	9.42477796076938e+02	3.00000000000000e-02	0.00000000000000e+00	0.00000000000000e+00	2.12954955646628e+02	2.06283345351051e+00
80	125	95	110	2.29760000000000e+02	9.42477796076938e+02	3.00000000000000e-02	0.00000000000000e+00	0.00000000000000e+00	2.17132811015218e+02	1.88420290688696e+00
81	126	96	111	2.17860000000000e+02	9.42477796076938e+02	3.00000000000000e-02	0.00000000000000e+00	0.00000000000000e+00	2.15554487362912e+02	3.54631182610188e-01
82	127	97	112	2.23260000000000e+02	9.42477796076938e+02	3.00000000000000e-02	0.00000000000000e+00	0.00000000000000e+00	2.20566962012655e+02	4.04522673494601e-01
83	128	98	113	2.32360000000000e+02	9.42477796076938e+02	3.00000000000000e-02	0.00000000000000e+00	0.00000000000000e+00	2.33533239135243e+02	-1.67884187016624e-01
84	129	99	114	2.44410000000000e+02	9.42477796076938e+02	3.00000000000000e-02	0.00000000000000e+00	0.00000000000000e+00	2.56635887509846e+02	-1.62703857351062e+00
85	130	100	115	2.69500000000000e+02	9.42477796076938e+02	3.00000000000000e-02	0.00000000000000e+00	0.00000000000000e+00	2.75507054825234e+02	-7.34828175572577e-01
86	131	101	116	2.86710000000000e+02	9.42477796076938e+02	3.00000000000000e-02	0.00000000000000e+00	0.00000000000000e+00	3.00428138540397e+02	-1.55791112659998e+00
87	132	102	117	3.11650000000000e+02	9.42477796076938e+02	3.00000000000000e-02	0.00000000000000e+00	0.00000000000000e+00	3.25447855936836e+02	-1.44404962487498e+00
88	133	103	118	3.44460000000000e+02	9.42477796076938e+02	3.00000000000000e-02	0.00000000000000e+00	0.00000000000000e+00	3.63475358111323e+02	-1.79111768842475e+00
89	134	104	119	3.95610000000000e+02	9.42477796076938e+02	3.00000000000000e-02	0.00000000000000e+00	0.00000000000000e+00	3.86377090129318e+02	7.87168915423505e-01
90	135	105	120	5.41350000000000e+02	9.42477796076938e+02	3.00000000000000e-02	0.00000000000000e+00	0.00000000000000e+00	4.12248501292063e+02	9.08132312528214e+00
91	136	106	121	4.90030000000000e+02	9.42477796076938e+02	3.00000000000000e-02	0.00000000000000e+00	0.00000000000000e+00	4.30719670482818e+02	4.30030505807816e+00
92	137	107	122	3.98660000000000e+02	9.42477796076938e+02	3.00000000000000e-02	0.00000000000000e+00	0.00000000000000e+00	4.18134602430333e+02	-1.58981575926278e+00
93	138	108	123	4.27700000000000e+02	9.42477796076938e+02	3.00000000000000e-02	0.00000000000000e+00	0.00000000000000e+00	4.09047852973530e+02	1.48632886995793e+00
94	139	109	124	3.81750000000000e+02	9.42477796076938e+02	3.00000000000000e-02	0.00000000000000e+00	0.00000000000000e+00	4.02250256677902e+02	-1.74361599596529e+00
95	140	110	125	3.81170000000000e+02	9.42477796076938e+02	3.00000000000000e-02	0.00000000000000e+00	0.00000000000000e+00	3.84792567193672e+02	-3.15297758095134e-01
96	141	111	126	4.02530000000000e+02	9.42477796076938e+02	3.00000000000000e-02	0.00000000000000e+00	0.00000000000000e+00	3.87012579516057e+02	1.31041435105429e+00
97	142	112	127	3.84190000000000e+02	9.42477796076938e+02	3.00000000000000e-02	0.00000000000000e+00	0.00000000000000e+00	3.86420049643785e+02	-1.92925580630761e-01
98	143	113	128	3.98230000000000e+02	9.42477796076938e+02	3.00000000000000e-02	0.00000000000000e+00	0.00000000000000e+00	3.86351584028502e+02	1.00939778211672e+00
99	144	114	129	3.91940000000000e+02	9.42477796076938e+02	3.00000000000000e-02	0.00000000000000e+00	0.00000000000000e+00	3.89147092588988e+02	2.38378821893311e-01
100	145	115	130	3.86210000000000e+02	9.42477796076938e+02	3.00000000000000e-02	0.00000000000000e+00	0.00000000000000e+00	3.76590186665586e+02	8.40790160245497e-01
101	146	116	131	3.83250000000000e+02	9.42477796076938e+02	3.00000000000000e-02	0.00000000000000e+00	0.00000000000000e+00	3.62923569371309e+02	1.81650861175073e+00
102	147	117	132	3.56130000000000e+02	9.42477796076938e+02	3.00000000000000e-02	0.00000000000000e+00	0.00000000000000e+00	3.49430722966846e+02	6.33016941858244e-01
103	148	118	133	3.24060000000000e+02	9.42477796076938e+02	3.00000000000000e-02	0.00000000000000e+00	0.00000000000000e+00	3.37754830602483e+02	-1.37971984023751e+00
104	149	119	134	3.19350000000000e+02	9.42477796076938e+02	3.00000000000000e-02	0.00000000000000e+00	0.00000000000000e+00	3.29553887232442e+02	-1.04840676662302e+00
105	150	120	135	4.08130000000000e+02	9.42477796076938e+02	3.00000000000000e-02	0.00000000000000e+00	0.00000000000000e+00	3.29071185428225e+02	7.17705515534958e+00
106	151	121	136	3.01320000000000e+02	9.42477796076938e+02	3.00000000000000e-02	0.00000000000000e+00	0.00000000000000e+00	3.20315516990311e+02	-2.03778925538523e+00
107	152	122	137	2.56100000000000e+02	9.42477796076938e+02	3.00000000000000e-02	0.00000000000000e+00	0.00000000000000e+00	3.05973450959155e+02	-5.93101144705030e+00
108	153	123	138	2.79690000000000e+02	9.42477796076938e+02	3.00000000000000e-02	0.00000000000000e+00	0.00000000000000e+00	3.01480933289466e+02	-2.50083092288558e+00
109	154	124	139	2.67420000000000e+02	9.42477796076938e+02	3.00000000000000e-02	0.00000000000000e+00	0.00000000000000e+00	2.94904651644668e+02	-3.26105443814377e+00
110	155	125	140	2.79030000000000e+02	9.42477796076938e+02	3.00000000000000e-02	0.00000000000000e+00	0.00000000000000e+00	2.96535649650145e+02	-2.02827143984656e+00
111	156	126	141	3.03670000000000e+02	9.42477796076938e+02	3.00000000000000e-02	0.00000000000000e+00	0.00000000000000e+00	2.99954104168158e+02	4.10403621117232e-01
112	157	127	142	2.97780000000000e+02	9.42477796076938e+02	3.00000000000000e-02	0.00000000000000e+00	0.00000000000000e+00	2.93443233927590e+02	4.89024969147630e-01
113	158	128	143	2.99240000000000e+02	9.42477796076938e+02	3.00000000000000e-02	0.00000000000000e+00	0.00000000000000e+00	2.97519877398052e+02	1.92162982238623e-01
114	159	129	144	3.49170000000000e+02	9.42477796076938e+02	3.00000000000000e-02	0.00000000000000e+00	0.00000000000000e+00	3.05491538207028e+02	4.45456098568717e+00
115	160	130	145	3.69350000000000e+02	9.42477796076938e+02	3.00000000000000e-02	0.00000000000000e+00	0.00000000000000e+00	3.32545668805371e+02	3.49891678399559e+00
116	161	131	146	3.95480000000000e+02	9.42477796076938e+02	3.00000000000000e-02	0.00000000000000e+00	0.00000000000000e+00	3.52272692353454e+02	3.85648823885131e+00
117	162	132	147	3.86630000000000e+02	9.42477796076938e+02	3.00000000000000e-02	0.00000000000000e+00	0.00000000000000e+00	3.55902471507116e+02	2.76038088237502e+00
118	163	133	148	3.51350000000000e+02	9.42477796076938e+02	3.00000000000000e-02	0.00000000000000e+00	0.00000000000000e+00	3.51519100567355e+02	-1.60390766437146e-02
119	164	134	149	3.69460000000000e+02	9.42477796076938e+02	3.00000000000000e-02	0.00000000000000e+00	0.00000000000000e+00	3.58026306481253e+02	1.04786715460786e+00
120	165	135	150	3.54930000000000e+02	9.42477796076938e+02	3.00000000000000e-02	0.00000000000000e+00	0.00000000000000e+00	3.57500256961504e+02	-2.40516465785312e-01
121	166	136	151	3.54930000000000e+02	9.42477796076938e+02	3.00000000000000e-02	0.00000000000000e+00	0.00000000000000e+00	3.55223910122253e+02	-2.75912150727642e-02
122	167	137	152	2.98570000000000e+02	9.42477796076938e+02	3.00000000000000e-02	0.00000000000000e+00	0.00000000000000e+00	3.63147412945944e+02	-6.52681456322650e+00
123	168	138	153	3.36280000000000e+02	9.42477796076938e+02	3.00000000000000e-02	0.00000000000000e+00	0.00000000000000e+00	3.60149142837321e+02	-2.28580283498922e+00
124	169	139	154	2.82410000000000e+02	9.42477796076938e+02	3.00000000000000e-02	0.00000000000000e+00	0.00000000000000e+00	3.58279879562087e+02	-7.93181838980290e+00
125	170	140	155	3.26310000000000e+02	9.42477796076938e+02	3.00000000000000e-02	0.00000000000000e+00	0.00000000000000e+00	3.48724179222222e+02	-2.21444808494242e+00
126	171	141	156	3.13230000000000e+02	9.42477796076938e+02	3.00000000000000e-02	0.00000000000000e+00	0.00000000000000e+00	3.26586298722816e+02	-1.39188278131739e+00
127	172	142	157	2.94100000000000e+02	9.42477796076938e+02	3.00000000000000e-02	0.00000000000000e+00	0.00000000000000e+00	3.26320730573738e+02	-3.46536294243209e+00
128	173	143	158	2.98610000000000e+02	9.42477796076938e+02	3.00000000000000e-02	0.00000000000000e+00	0.00000000000000e+00	3.18025223667071e+02	-2.09974417265869e+00
129	174	144	159	2.85220000000000e+02	9.42477796076938e+02	3.00000000000000e-02	0.00000000000000e+00	0.00000000000000e+00	3.09313624528273e+02	-2.70316386567323e+00
130	175	145	160	2.56630000000000e+02	9.42477796076938e+02	3.00000000000000e-02	0.00000000000000e+00	0.00000000000000e+00	2.95699726796936e+02	-4.72363813688549e+00
131	176	146	161	2.45470000000000e+02	9.42477796076938e+02	3.00000000000000e-02	0.00000000000000e+00	0.00000000000000e+00	2.43463797791293e+02	2.73549435793955e-01
1	49	17	33	3.07580000000000e+02	1.00530964914873e+03	3.00000000000000e-02	0.00000000000000e+00	0.00000000000000e+00	2.55647769570069e+02	6.16448730229455e+00
3	50	18	34	3.33930000000000e+02	1.00530964914873e+03	3.00000000000000e-02	0.00000000000000e+00	0.00000000000000e+00	2.74074036438948e+02	6.58443714342249e+00
4	51	19	35	4.10940000000000e+02	1.00530964914873e+03	3.00000000000000e-02	0.00000000000000e+00	0.00000000000000e+00	2.66932633428904e+02	1.43816967042665e+01
2	52	20	36	3.33930000000000e+02	1.00530964914873e+03	3.00000000000000e-02	0.00000000000000e+00	0.00000000000000e+00	2.76209194567843e+02	6.32576200744598e+00
5	53	21	37	4.01130000000000e+02	1.00530964914873e+03	3.00000000000000e-02	0.00000000000000e+00	0.00000000000000e+00	2.99567423346520e+02	9.73153507956453e+00
6	54	22	38	3.84880000000000e+02	1.00530964914873e+03	3.00000000000000e-02	0.00000000000000e+00	0.00000000000000e+00	3.07895355985932e+02	7.43905418130923e+00
7	55	23	39	3.42440000000000e+02	1.00530964914873e+03	3.00000000000000e-02	0.00000000000000e+00	0.00000000000000e+00	3.24396216058464e+02	1.80436007108084e+00
8	56	24	40	3.14470000000000e+02	1.00530964914873e+03	3.00000000000000e-02	0.00000000000000e+00	0.00000000000000e+00	3.08855460816128e+02	6.00509299023333e-01
9	57	25	41	2.57080000000000e+02	1.00530964914873e+03	3.00000000000000e-02	0.00000000000000e+00	0.00000000000000e+00	2.91923854245500e+02	-4.23685582087074e+00
10	58	26	42	2.51260000000000e+02	1.00530964914873e+03	3.00000000000000e-02	0.00000000000000e+00	0.00000000000000e+00	2.62696466665062e+02	-1.48369956496242e+00
11	59	27	43	2.41850000000000e+02	1.00530964914873e+03	3.00000000000000e-02	0.00000000000000e+00	0.00000000000000e+00	2.50110673353110e+02	-1.11952713486255e+00
12	60	28	44	2.20330000000000e+02	1.00530964914873e+03	3.00000000000000e-02	0.00000000000000e+00	0.00000000000000e+00	2.37495527436178e+02	-2.50074563245356e+00
13	61	29	45	1.76320000000000e+02	1.00530964914873e+03	3.00000000000000e-02	0.00000000000000e+00	0.00000000000000e+00	2.07797055551624e+02	-5.47537943245793e+00
14	62	30	46	1.72240000000000e+02	1.00530964914873e+03	3.00000000000000e-02	0.00000000000000e+00	0.00000000000000e+00	1.81427914428927e+02	-1.73231853589263e+00
15	63	31	47	1.57450000000000e+02	1.00530964914873e+03	3.00000000000000e-02	0.00000000000000e+00	0.00000000000000e+00	1.54341974530367e+02	6.64573107292643e-01
16	64	32	48	1.44730000000000e+02	1.00530964914873e+03	3.00000000000000e-02	0.00000000000000e+00	0.00000000000000e+00	1.43554575602678e+02	2.71821898787235e-01
17	65	33	49	1.12260000000000e+02	1.00530964914873e+03	3.00000000000000e-02	0.00000000000000e+00	0.00000000000000e+00	1.33271748473520e+02	-5.71908852582711e+00
18	66	34	50	1.01460000000000e+02	1.00530964914873e+03	3.00000000000000e-02	0.00000000000000e+00	0.00000000000000e+00	1.18022725307182e+02	-5.04041870445186e+00
19	67	35	51	9.39200000000000e+01	1.00530964914873e+03	3.00000000000000e-02	0.00000000000000e+00	0.00000000000000e+00	1.13711392895004e+02	-6.37400803400515e+00
20	68	36	52	9.39200000000000e+01	1.00530964914873e+03	3.00000000000000e-02	0.00000000000000e+00	0.00000000000000e+00	1.02477441037797e+02	-2.90664436132522e+00
21	69	37	53	6.27500000000000e+01	1.00530964914873e+03	3.00000000000000e-02	0.00000000000000e+00	0.00000000000000e+00	8.44720732962085e+01	-9.90874693967389e+00
22	70	38	54	6.92400000000000e+01	1.00530964914873e+03	3.00000000000000e-02	0.00000000000000e+00	0.00000000000000e+00	7.63809284681682e+01	-3.27181024407892e+00
23	71	39	55	7.61200000000000e+01	1.00530964914873e+03	3.00000000000000e-02	0.00000000000000e+00	0.00000000000000e+00	8.42887322066215e+01	-3.39790502055868e+00
24	72	40	56	1.06720000000000e+02	1.00530964914873e+03	3.00000000000000e-02	0.00000000000000e+00	0.00000000000000e+00	1.09286622310076e+02	-7.92180376301458e-01
25	73	41	57	1.23520000000000e+02	1.00530964914873e+03	3.00000000000000e-02	0.00000000000000e+00	0.00000000000000e+00	1.33407884563803e+02	-2.56693833782107e+00
26	74	42	58	1.53250000000000e+02	1.00530964914873e+03	3.00000000000000e-02	0.00000000000000e+00	0.00000000000000e+00	1.49627283508896e+02	7.97438316937793e-01
27	75	43	59	1.55280000000000e+02	1.00530964914873e+03	3.00000000000000e-02	0.00000000000000e+00	0.00000000000000e+00	1.51783434497257e+02	7.59173567102334e-01
28	76	44	60	1.75950000000000e+02	1.00530964914873e+03	3.00000000000000e-02	0.00000000000000e+00	0.00000000000000e+00	1.52741753027366e+02	4.71504190580931e+00
29	77	45	61	1.84970000000000e+02	1.00530964914873e+03	3.00000000000000e-02	0.00000000000000e+00	0.00000000000000e+00	1.65216763494216e+02	3.76451066305930e+00
30	78	46	62	1.84390000000000e+02	1.00530964914873e+03	3.00000000000000e-02	0.00000000000000e+00	0.00000000000000e+00	1.91156943884954e+02	-1.20139022183941e+00
31	79	47	63	2.51590000000000e+02	1.00530964914873e+03	3.00000000000000e-02	0.00000000000000e+00	0.00000000000000e+00	2.22502585972682e+02	4.09540181735117e+00
32	80	48	64	2.87020000000000e+02	1.00530964914873e+03	3.00000000000000e-02	0.00000000000000e+00	0.00000000000000e+00	2.43080948859575e+02	5.53857963321451e+00
33	81	49	65	3.43380000000000e+02	1.00530964914873e+03	3.00000000000000e-02	0.00000000000000e+00	0.00000000000000e+00	2.67587656105221e+02	8.31301688719333e+00
34	82	50	66	4.20530000000000e+02	1.00530964914873e+03	3.00000000000000e-02	0.00000000000000e+00	0.00000000000000e+00	3.02070939597031e+02	1.10284643796144e+01
35	83	51	67	4.42340000000000e+02	1.00530964914873e+03	3.00000000000000e-02	0.00000000000000e+00	0.00000000000000e+00	3.16821544353248e+02	1.11246717782354e+01
36	84	52	68	4.29700000000000e+02	1.00530964914873e+03	3.00000000000000e-02	0.00000000000000e+00	0.00000000000000e+00	3.27046691690815e+02	9.09947806772111e+00
37	85	53	69	4.32010000000000e+02	1.00530964914873e+03	3.00000000000000e-02	0.00000000000000e+00	0.00000000000000e+00	3.41887846484690e+02	7.79886623664092e+00
38	86	54	70	4.07080000000000e+02	1.00530964914873e+03	3.00000000000000e-02	0.00000000000000e+00	0.00000000000000e+00	3.41738185928730e+02	5.83216068850767e+00
39	87	55	71	3.53270000000000e+02	1.00530964914873e+03	3.00000000000000e-02	0.00000000000000e+00	0.00000000000000e+00	3.31786498205058e+02	2.09136509103007e+00
40	88	56	72	3.26560000000000e+02	1.00530964914873e+03	3.00000000000000e-02	0.00000000000000e+00	0.00000000000000e+00	3.07894619692216e+02	1.96187061629883e+00
41	89	57	73	2.88560000000000e+02	1.00530964914873e+03	3.00000000000000e-02	0.00000000000000e+00	0.00000000000000e+00	2.81077940056038e+02	8.75701299103859e-01
42	90	58	74	2.18300000000000e+02	1.00530964914873e+03	3.00000000000000e-02	0.00000000000000e+00	0.00000000000000e+00	2.56510200371152e+02	-5.37660559310256e+00
43	91	59	75	2.59720000000000e+02	1.00530964914873e+03	3.00000000000000e-02	0.00000000000000e+00	0.00000000000000e+00	2.53769325258238e+02	7.72614717701921e-01
44	92	60	76	2.60220000000000e+02	1.00530964914873e+03	3.00000000000000e-02	0.00000000000000e+00	0.00000000000000e+00	2.54950202011306e+02	6.81972907263795e-01
45	93	61	77	2.52850000000000e+02	1.00530964914873e+03	3.00000000000000e-02	0.00000000000000e+00	0.00000000000000e+00	2.43754226080156e+02	1.22119933445299e+00
46	94	62	78	2.48430000000000e+02	1.00530964914873e+03	3.00000000000000e-02	0.00000000000000e+00	0.00000000000000e+00	2.17425827005254e+02	4.44344495368390e+00
47	95	63	79	2.39060000000000e+02	1.00530964914873e+03	3.00000000000000e-02	0.00000000000000e+00	0.00000000000000e+00	1.99160225144807e+02	6.08683047348242e+00
48	96	64	80	2.16150000000000e+02	1.00530964914873e+03	3.00000000000000e-02	0.00000000000000e+00	0.00000000000000e+00	1.86135245325514e+02	4.98330254073510e+00
49	97	65	81	1.94160000000000e+02	1.00530964914873e+03	3.00000000000000e-02	0.00000000000000e+00	0.00000000000000e+00	1.80245976713852e+02	2.47867020304288e+00
50	98	66	82	1.88320000000000e+02	1.00530964914873e+03	3.00000000000000e-02	0.00000000000000e+00	0.00000000000000e+00	1.77184657968757e+02	2.03167298003439e+00
51	99	67	83	2.03530000000000e+02	1.00530964914873e+03	3.00000000000000e-02	0.00000000000000e+00	0.00000000000000e+00	1.92846540882474e+02	1.79728888335656e+00
52	100	68	84	2.84350000000000e+02	1.00530964914873e+03	3.00000000000000e-02	0.00000000000000e+00	0.00000000000000e+00	2.21880345144709e+02	8.26892076734171e+00
53	101	69	85	2.35150000000000e+02	1.00530964914873e+03	3.00000000000000e-02	0.00000000000000e+00	0.00000000000000e+00	2.40257179107419e+02	-7.16210694452505e-01
54	102	70	86	9.53210000000000e+02	1.00530964914873e+03	3.00000000000000e-02	0.00000000000000e+00	0.00000000000000e+00	2.68582709076355e+02	4.22225442793547e+01
55	103	71	87	6.34550000000000e+02	1.00530964914873e+03	3.00000000000000e-02	0.00000000000000e+00	0.00000000000000e+00	2.96357721892118e+02	2.53782947232889e+01
56	104	72	88	4.99900000000000e+02	1.00530964914873e+03	3.00000000000000e-02	0.00000000000000e+00	0.00000000000000e+00	3.27438430469513e+02	1.41036013194845e+01
57	105	73	89	3.65250000000000e+02	1.00530964914873e+03	3.00000000000000e-02	0.00000000000000e+00	0.00000000000000e+00	3.34984179054389e+02	2.88329155414247e+00
58	106	74	90	3.64450000000000e+02	1.00530964914873e+03	3.00000000000000e-02	0.00000000000000e+00	0.00000000000000e+00	3.50169497911268e+02	1.33240169412912e+00
59	107	75	91	3.35790000000000e+02	1.00530964914873e+03	3.00000000000000e-02	0.00000000000000e+00	0.00000000000000e+00	3.32951567581757e+02	2.82964262136106e-01
60	108	76	92	3.24070000000000e+02	1.00530964914873e+03	3.00000000000000e-02	0.00000000000000e+00	0.00000000000000e+00	3.04294094496699e+02	2.09882973237792e+00
61	109	77	93	2.93190000000000e+02	1.00530964914873e+03	3.00000000000000e-02	0.00000000000000e+00	0.00000000000000e+00	2.80651281024331e+02	1.45693190501017e+00
62	110	78	94	2.80170000000000e+02	1.00530964914873e+03	3.00000000000000e-02	0.00000000000000e+00	0.00000000000000e+00	2.85144710041128e+02	-5.86674804849145e-01
63	111	79	95	2.93050000000000e+02	1.00530964914873e+03	3.00000000000000e-02	0.00000000000000e+00	0.00000000000000e+00	2.91039452957864e+02	2.29480258863646e-01
64	112	80	96	2.99500000000000e+02	1.00530964914873e+03	3.00000000000000e-02	0.00000000000000e+00	0.00000000000000e+00	2.92197355058377e+02	8.22832336641740e-01
65	113	81	97	3.16020000000000e+02	1.00530964914873e+03	3.00000000000000e-02	0.00000000000000e+00	0.00000000000000e+00	2.89580540137188e+02	2.91240133761344e+00
66	114	82	98	3.21640000000000e+02	1.00530964914873e+03	3.00000000000000e-02	0.00000000000000e+00	0.00000000000000e+00	2.90496288957720e+02	3.39473687139339e+00
67	115	83	99	3.08620000000000e+02	1.00530964914873e+03	3.00000000000000e-02	0.00000000000000e+00	0.00000000000000e+00	2.85220771861943e+02	2.62824093798582e+00
68	116	84	100	2.72040000000000e+02	1.00530964914873e+03	3.00000000000000e-02	0.00000000000000e+00	0.00000000000000e+00	2.67741841193606e+02	5.30862572547175e-01
69	117	85	101	2.60730000000000e+02	1.00530964914873e+03	3.00000000000000e-02	0.00000000000000e+00	0.00000000000000e+00	2.53706420996265e+02	9.10253780888907e-01
70	118	86	102	2.33150000000000e+02	1.00530964914873e+03	3.00000000000000e-02	0.00000000000000e+00	0.00000000000000e+00	2.25671570249078e+02	1.08671033099318e+00
71	119	87	103	2.05150000000000e+02	1.00530964914873e+03	3.00000000000000e-02	0.00000000000000e+00	0.00000000000000e+00	2.07975578380069e+02	-4.55974742851802e-01
72	120	88	104	1.88990000000000e+02	1.00530964914873e+03	3.00000000000000e-02	0.00000000000000e+00	0.00000000000000e+00	1.96500453837766e+02	-1.29902124355521e+00
73	121	89	105	1.94460000000000e+02	1.00530964914873e+03	3.00000000000000e-02	0.00000000000000e+00	0.00000000000000e+00	1.93306103294610e+02	1.98384215220907e-01
74	122	90	106	2.04590000000000e+02	1.00530964914873e+03	3.00000000000000e-02	0.00000000000000e+00	0.00000000000000e+00	1.90189502228869e+02	2.43290070694722e+00
75	123	91	107	1.91880000000000e+02	1.00530964914873e+03	3.00000000000000e-02	0.00000000000000e+00	0.00000000000000e+00	2.02230785121973e+02	-1.75131230713437e+00
76	124	92	108	2.22060000000000e+02	1.00530964914873e+03	3.00000000000000e-02	0.00000000000000e+00	0.00000000000000e+00	2.13713906557826e+02	1.27697934254677e+00
77	125	93	109	2.31580000000000e+02	1.00530964914873e+03	3.00000000000000e-02	0.00000000000000e+00	0.00000000000000e+00	2.26143708473292e+02	7.91823693210425e-01
78	126	94	110	2.40750000000000e+02	1.00530964914873e+03	3.00000000000000e-02	0.00000000000000e+00	0.00000000000000e+00	2.23774340561723e+02	2.43736382688295e+00
79	127	95	111	2.33440000000000e+02	1.00530964914873e+03	3.00000000000000e-02	0.00000000000000e+00	0.00000000000000e+00	2.13904659032371e+02	2.91315625219397e+00
80	128	96	112	2.26050000000000e+02	1.00530964914873e+03	3.00000000000000e-02	0.00000000000000e+00	0.00000000000000e+00	2.12656958625357e+02	2.03586230676507e+00
81	129	97	113	2.29720000000000e+02	1.00530964914873e+03	3.00000000000000e-02	0.00000000000000e+00	0.00000000000000e+00	2.17564717018807e+02	1.81216067382254e+00
82	130	98	114	2.33850000000000e+02	1.00530964914873e+03	3.00000000000000e-02	0.00000000000000e+00	0.00000000000000e+00	2.26265358418991e+02	1.09904737936321e+00
83	131	99	115	2.42280000000000e+02	1.00530964914873e+03	3.00000000000000e-02	0.00000000000000e+00	0.00000000000000e+00	2.42381068675099e+02	-1.39023169105634e-02
84	132	100	116	2.61090000000000e+02	1.00530964914873e+03	3.00000000000000e-02	0.00000000000000e+00	0.00000000000000e+00	2.69529793687406e+02	-1.06045868283070e+00
85	133	101	117	2.68310000000000e+02	1.00530964914873e+03	3.00000000000000e-02	0.00000000000000e+00	0.00000000000000e+00	2.82718386646499e+02	-1.74360911885053e+00
86	134	102	118	2.98850000000000e+02	1.00530964914873e+03	3.00000000000000e-02	0.00000000000000e+00	0.00000000000000e+00	3.16024366015387e+02	-1.86258476625453e+00
87	135	103	119	3.23150000000000e+02	1.00530964914873e+03	3.00000000000000e-02	0.00000000000000e+00	0.00000000000000e+00	3.49846086624053e+02	-2.64588978507874e+00
88	136	104	120	3.87050000000000e+02	1.00530964914873e+03	3.00000000000000e-02	0.00000000000000e+00	0.00000000000000e+00	3.77894298622668e+02	7.97978680305800e-01
89	137	105	121	3.72170000000000e+02	1.00530964914873e+03	3.00000000000000e-02	0.00000000000000e+00	0.00000000000000e+00	3.91884334350799e+02	-1.72053305619277e+00
90	138	106	122	4.95820000000000e+02	1.00530964914873e+03	3.00000000000000e-02	0.00000000000000e+00	0.00000000000000e+00	4.17291044957035e+02	5.74763432504198e+00
91	139	107	123	4.19130000000000e+02	1.00530964914873e+03	3.00000000000000e-02	0.00000000000000e+00	0.00000000000000e+00	4.14762503799743e+02	3.49168597170942e-01
92	140	108	124	4.33830000000000e+02	1.00530964914873e+03	3.00000000000000e-02	0.00000000000000e+00	0.00000000000000e+00	4.07341937616364e+02	2.09999260033493e+00
93	141	109	125	4.16140000000000e+02	1.00530964914873e+03	3.00000000000000e-02	0.00000000000000e+00	0.00000000000000e+00	3.91038351569399e+02	2.07387003586446e+00
94	142	110	126	3.97540000000000e+02	1.00530964914873e+03	3.00000000000000e-02	0.00000000000000e+00	0.00000000000000e+00	3.90047851964669e+02	6.34204300672003e-01
95	143	111	127	4.10100000000000e+02	1.00530964914873e+03	3.00000000000000e-02	0.00000000000000e+00	0.00000000000000e+00	3.98405272041304e+02	9.64375791324172e-01
96	144	112	128	3.94260000000000e+02	1.00530964914873e+03	3.00000000000000e-02	0.00000000000000e+00	0.00000000000000e+00	3.94953049725116e+02	-5.85435414434935e-02
97	145	113	129	3.84790000000000e+02	1.00530964914873e+03	3.00000000000000e-02	0.00000000000000e+00	0.00000000000000e+00	3.80064333166100e+02	4.11906491039341e-01
98	146	114	130	3.82190000000000e+02	1.00530964914873e+03	3.00000000000000e-02	0.00000000000000e+00	0.00000000000000e+00	3.68352909654471e+02	1.22921316324680e+00
99	147	115	131	3.85680000000000e+02	1.00530964914873e+03	3.00000000000000e-02	0.00000000000000e+00	0.00000000000000e+00	3.63163566684729e+02	2.00515601310662e+00
100	148	116	132	3.70390000000000e+02	1.00530964914873e+03	3.00000000000000e-02	0.00000000000000e+00	0.00000000000000e+00	3.58316922694456e+02	1.10462169514065e+00
101	149	117	133	3.61640000000000e+02	1.00530964914873e+03	3.00000000000000e-02	0.00000000000000e+00	0.00000000000000e+00	3.56555540695338e+02	4.71973992422411e-01
102	150	118	134	3.32860000000000e+02	1.00530964914873e+03	3.00000000000000e-02	0.00000000000000e+00	0.00000000000000e+00	3.42261671164964e+02	-9.28452790468241e-01
103	151	119	135	3.19830000000000e+02	1.00530964914873e+03	3.00000000000000e-02	0.00000000000000e+00	0.00000000000000e+00	3.32743008814792e+02	-1.31936140334391e+00
104	152	120	136	3.24980000000000e+02	1.00530964914873e+03	3.00000000000000e-02	0.00000000000000e+00	0.00000000000000e+00	3.17618842351622e+02	7.63719568595000e-01
105	153	121	137	2.42550000000000e+02	1.00530964914873e+03	3.00000000000000e-02	0.00000000000000e+00	0.00000000000000e+00	3.06405182866511e+02	-7.79001594642749e+00
106	154	122	138	2.69040000000000e+02	1.00530964914873e+03	3.00000000000000e-02	0.00000000000000e+00	0.00000000000000e+00	2.91147161585801e+02	-2.63229272760510e+00
107	155	123	139	2.56800000000000e+02	1.00530964914873e+03	3.00000000000000e-02	0.00000000000000e+00	0.00000000000000e+00	2.94641694802338e+02	-4.58208174722197e+00
108	156	124	140	2.84250000000000e+02	1.00530964914873e+03	3.00000000000000e-02	0.00000000000000e+00	0.00000000000000e+00	3.00324013801090e+02	-1.83359350663741e+00
109	157	125	141	2.93440000000000e+02	1.00530964914873e+03	3.00000000000000e-02	0.00000000000000e+00	0.00000000000000e+00	3.08671602024813e+02	-1.68682486877986e+00
110	158	126	142	3.12870000000000e+02	1.00530964914873e+03	3.00000000000000e-02	0.00000000000000e+00	0.00000000000000e+00	3.09842668680808e+02	3.24104017953086e-01
111	159	127	143	3.23060000000000e+02	1.00530964914873e+03	3.00000000000000e-02	0.00000000000000e+00	0.00000000000000e+00	3.04081568929566e+02	2.01806934077326e+00
112	160	128	144	3.24240000000000e+02	1.00530964914873e+03	3.00000000000000e-02	0.00000000000000e+00	0.00000000000000e+00	3.10059328540451e+02	1.49067735878612e+00
113	161	129	145	3.62580000000000e+02	1.00530964914873e+03	3.00000000000000e-02	0.00000000000000e+00	0.00000000000000e+00	3.32263450631222e+02	2.91056531208917e+00
114	162	130	146	3.72830000000000e+02	1.00530964914873e+03	3.00000000000000e-02	0.00000000000000e+00	0.00000000000000e+00	3.42094513068528e+02	2.86784995971058e+00
115	163	131	147	3.89540000000000e+02	1.00530964914873e+03	3.00000000000000e-02	0.00000000000000e+00	0.00000000000000e+00	3.47125570025195e+02	3.84266560145932e+00
116	164	132	148	3.87040000000000e+02	1.00530964914873e+03	3.00000000000000e-02	0.00000000000000e+00	0.00000000000000e+00	3.48102289995536e+02	3.53438911698030e+00
117	165	133	149	3.87830000000000e+02	1.00530964914873e+03	3.00000000000000e-02	0.00000000000000e+00	0.00000000000000e+00	3.48795981063312e+02	3.53599764975107e+00
118	166	134	150	3.13910000000000e+02	1.00530964914873e+03	3.00000000000000e-02	0.00000000000000e+00	0.00000000000000e+00	3.41758022014361e+02	-2.83322093499721e+00
119	167	135	151	3.08370000000000e+02	1.00530964914873e+03	3.00000000000000e-02	0.00000000000000e+00	0.00000000000000e+00	3.42992674358500e+02	-3.54695762298437e+00
120	168	136	152	3.08370000000000e+02	1.00530964914873e+03	3.00000000000000e-02	0.00000000000000e+00	0.00000000000000e+00	3.53071898494797e+02	-4.51237846520772e+00
121	169	137	153	2.35810000000000e+02	1.00530964914873e+03	3.00000000000000e-02	0.00000000000000e+00	0.00000000000000e+00	3.44612446013278e+02	-1.26464681564149e+01
122	170	138	154	3.18360000000000e+02	1.00530964914873e+03	3.00000000000000e-02	0.00000000000000e+00	0.00000000000000e+00	3.47511400826554e+02	-2.92048848876642e+00
123	171	139	155	2.97280000000000e+02	1.00530964914873e+03	3.00000000000000e-02	0.00000000000000e+00	0.00000000000000e+00	3.30944858377285e+02	-3.57591049561948e+00
124	172	140	156	2.92800000000000e+02	1.00530964914873e+03	3.00000000000000e-02	0.00000000000000e+00	0.00000000000000e+00	3.22421193593239e+02	-3.21229877788243e+00
125	173	141	157	2.97860000000000e+02	1.00530964914873e+03	3.00000000000000e-02	0.00000000000000e+00	0.00000000000000e+00	3.14202145072496e+02	-1.78043251443662e+00
126	174	142	158	2.81450000000000e+02	1.00530964914873e+03	3.00000000000000e-02	0.00000000000000e+00	0.00000000000000e+00	3.06663764276859e+02	-2.85990350351879e+00
127	175	143	159	2.76750000000000e+02	1.00530964914873e+03	3.00000000000000e-02	0.00000000000000e+00	0.00000000000000e+00	3.12498946177854e+02	-4.04955084503854e+00
128	176	144	160	3.44620000000000e+02	1.00530964914873e+03	3.00000000000000e-02	0.00000000000000e+00	0.00000000000000e+00	2.65251886752585e+02	8.72541567118548e+00
1	52	18	35	4.12480000000000e+02	1.06814150222053e+03	3.00000000000000e-02	0.00000000000000e+00	0.00000000000000e+00	2.84083797877962e+02	1.24306154053852e+01
3	53	19	36	3.02480000000000e+02	1.06814150222053e+03	3.00000000000000e-02	0.00000000000000e+00	0.00000000000000e+00	2.83519573534296e+02	2.15779987830581e+00
4	54	20	37	3.02480000000000e+02	1.06814150222053e+03	3.00000000000000e-02	0.00000000000000e+00	0.00000000000000e+00	2.87946036917751e+02	1.64140229387953e+00
2	55	21	38	3.18470000000000e+02	1.06814150222053e+03	3.00000000000000e-02	0.00000000000000e+00	0.00000000000000e+00	2.90553364384523e+02	3.05803404113343e+00
5	56	22	39	3.08280000000000e+02	1.06814150222053e+03	3.00000000000000e-02	0.00000000000000e+00	0.00000000000000e+00	2.83830935110795e+02	2.75432329716612e+00
6	57	23	40	2.74710000000000e+02	1.06814150222053e+03	3.00000000000000e-02	0.00000000000000e+00	0.00000000000000e+00	2.65555575774084e+02	1.12972840205661e+00
7	58	24	41	2.66330000000000e+02	1.06814150222053e+03	3.00000000000000e-02	0.00000000000000e+00	0.00000000000000e+00	2.63762085565214e+02	3.22954519553538e-01
8	59	25	42	2.52740000000000e+02	1.06814150222053e+03	3.00000000000000e-02	0.00000000000000e+00	0.00000000000000e+00	2.49007865324873e+02	4.95893623820513e-01
9	60	26	43	2.26950000000000e+02	1.06814150222053e+03	3.00000000000000e-02	0.00000000000000e+00	0.00000000000000e+00	2.49206890978907e+02	-3.11845700106076e+00
10	61	27	44	2.28280000000000e+02	1.06814150222053e+03	3.00000000000000e-02	0.00000000000000e+00	0.00000000000000e+00	2.35453948652891e+02	-1.03141338482177e+00
11	62	28	45	2.00850000000000e+02	1.06814150222053e+03	3.00000000000000e-02	0.00000000000000e+00	0.00000000000000e+00	2.20818535283440e+02	-3.15942987014844e+00
12	63	29	46	1.93540000000000e+02	1.06814150222053e+03	3.00000000000000e-02	0.00000000000000e+00	0.00000000000000e+00	1.98075400474722e+02	-7.72118641007502e-01
13	64	30	47	1.67060000000000e+02	1.06814150222053e+03	3.00000000000000e-02	0.00000000000000e+00	0.00000000000000e+00	1.75403453553615e+02	-1.62452466679337e+00
14	65	31	48	1.46920000000000e+02	1.06814150222053e+03	3.00000000000000e-02	0.00000000000000e+00	0.00000000000000e+00	1.51520003081417e+02	-1.02764762743348e+00
15	66	32	49	1.37860000000000e+02	1.06814150222053e+03	3.00000000000000e-02	0.00000000000000e+00	0.00000000000000e+00	1.42313715113486e+02	-1.05984015589501e+00
16	67	33	50	1.32320000000000e+02	1.06814150222053e+03	3.00000000000000e-02	0.00000000000000e+00	0.00000000000000e+00	1.35228527761358e+02	-7.24763807576364e-01
17	68	34	51	1.24320000000000e+02	1.06814150222053e+03	3.00000000000000e-02	0.00000000000000e+00	0.00000000000000e+00	1.24570407401953e+02	-6.70730246448888e-02
18	69	35	52	9.03100000000000e+01	1.06814150222053e+03	3.00000000000000e-02	0.00000000000000e+00	0.00000000000000e+00	1.15360302313601e+02	-8.16040326269221e+00
19	70	36	53	9.61100000000000e+01	1.06814150222053e+03	3.00000000000000e-02	0.00000000000000e+00	0.00000000000000e+00	1.03741339815592e+02	-2.54691050449051e+00
20	71	37	54	9.61100000000000e+01	1.06814150222053e+03	3.00000000000000e-02	0.00000000000000e+00	0.00000000000000e+00	9.06761135709745e+01	1.93998009458628e+00
21	72	38	55	7.55600000000000e+01	1.06814150222053e+03	3.00000000000000e-02	0.00000000000000e+00	0.00000000000000e+00	9.05448665509429e+01	-6.03061494055144e+00
22	73	39	56	1.05110000000000e+02	1.06814150222053e+03	3.00000000000000e-02	0.00000000000000e+00	0.00000000000000e+00	1.07057952775744e+02	-6.12096057763593e-01
23	74	40	57	1.20370000000000e+02	1.06814150222053e+03	3.00000000000000e-02	0.00000000000000e+00	0.00000000000000e+00	1.25338895338294e+02	-1.34836330148784e+00
24	75	41	58	1.01510000000000e+02	1.06814150222053e+03	3.00000000000000e-02	0.00000000000000e+00	0.00000000000000e+00	1.38009338504342e+02	-1.02388012464218e+01
25	76	42	59	1.38000000000000e+02	1.06814150222053e+03	3.00000000000000e-02	0.00000000000000e+00	0.00000000000000e+00	1.40700599270009e+02	-6.46017938603638e-01
26	77	43	60	1.40500000000000e+02	1.06814150222053e+03	3.00000000000000e-02	0.00000000000000e+00	0.00000000000000e+00	1.39950459782176e+02	1.30632916200035e-01
27	78	44	61	1.64350000000000e+02	1.06814150222053e+03	3.00000000000000e-02	0.00000000000000e+00	0.00000000000000e+00	1.58220714249271e+02	1.26691054159564e+00
28	79	45	62	1.78750000000000e+02	1.06814150222053e+03	3.00000000000000e-02	0.00000000000000e+00	0.00000000000000e+00	1.81813399893557e+02	-5.66423474609816e-01
29	80	46	63	1.99360000000000e+02	1.06814150222053e+03	3.00000000000000e-02	0.00000000000000e+00	0.00000000000000e+00	2.03067539130891e+02	-6.14213106230643e-01
30	81	47	64	2.54320000000000e+02	1.06814150222053e+03	3.00000000000000e-02	0.00000000000000e+00	0.00000000000000e+00	2.25172649804301e+02	4.05752920612029e+00
31	82	48	65	3.11720000000000e+02	1.06814150222053e+03	3.00000000000000e-02	0.00000000000000e+00	0.00000000000000e+00	2.54365870098272e+02	6.77772283093931e+00
32	83	49	66	3.37210000000000e+02	1.06814150222053e+03	3.00000000000000e-02	0.00000000000000e+00	0.00000000000000e+00	2.70836113061046e+02	7.30639975284507e+00
33	84	50	67	3.69600000000000e+02	1.06814150222053e+03	3.00000000000000e-02	0.00000000000000e+00	0.00000000000000e+00	2.75584649347887e+02	9.78421670690865e+00
34	85	51	68	3.78850000000000e+02	1.06814150222053e+03	3.00000000000000e-02	0.00000000000000e+00	0.00000000000000e+00	2.86229124729929e+02	9.34492409586293e+00
35	86	52	69	4.06190000000000e+02	1.06814150222053e+03	3.00000000000000e-02	0.00000000000000e+00	0.00000000000000e+00	2.89462583155618e+02	1.12931662736223e+01
36	87	53	70	4.09710000000000e+02	1.06814150222053e+03	3.00000000000000e-02	0.00000000000000e+00	0.00000000000000e+00	3.09705468708301e+02	9.32759491507339e+00
37	88	54	71	3.86300000000000e+02	1.06814150222053e+03	3.00000000000000e-02	0.00000000000000e+00	0.00000000000000e+00	3.25796704586334e+02	5.67802294639153e+00
38	89	55	72	3.65300000000000e+02	1.06814150222053e+03	3.00000000000000e-02	0.00000000000000e+00	0.00000000000000e+00	3.33624746832237e+02	3.02340283053804e+00
39	90	56	73	3.34060000000000e+02	1.06814150222053e+03	3.00000000000000e-02	0.00000000000000e+00	0.00000000000000e+00	3.23020278719059e+02	1.12018379659770e+00
40	91	57	74	2.93240000000000e+02	1.06814150222053e+03	3.00000000000000e-02	0.00000000000000e+00	0.00000000000000e+00	3.01101520374603e+02	-8.81869950680899e-01
41	92	58	75	2.74560000000000e+02	1.06814150222053e+03	3.00000000000000e-02	0.00000000000000e+00	0.00000000000000e+00	2.80470432213531e+02	-7.09949736785642e-01
42	93	59	76	2.80570000000000e+02	1.06814150222053e+03	3.00000000000000e-02	0.00000000000000e+00	0.00000000000000e+00	2.72120954926847e+02	1.01921978378178e+00
43	94	60	77	2.67470000000000e+02	1.06814150222053e+03	3.00000000000000e-02	0.00000000000000e+00	0.00000000000000e+00	2.66469103627222e+02	1.24970249521657e-01
44	95	61	78	3.15340000000000e+02	1.06814150222053e+03	3.00000000000000e-02	0.00000000000000e+00	0.00000000000000e+00	2.42947441655749e+02	8.69354304484154e+00
45	96	62	79	2.48590000000000e+02	1.06814150222053e+03	3.00000000000000e-02	0.00000000000000e+00	0.00000000000000e+00	2.17647150216269e+02	4.43099261724968e+00
46	97	63	80	2.46180000000000e+02	1.06814150222053e+03	3.00000000000000e-02	0.00000000000000e+00	0.00000000000000e+00	2.02769847629411e+02	6.46637984491617e+00
47	98	64	81	2.23360000000000e+02	1.06814150222053e+03	3.00000000000000e-02	0.00000000000000e+00	0.00000000000000e+00	1.93333478890845e+02	4.81227506060857e+00
48	99	65	82	2.07820000000000e+02	1.06814150222053e+03	3.00000000000000e-02	0.00000000000000e+00	0.00000000000000e+00	1.86907365550101e+02	3.53530658988962e+00
49	100	66	83	2.05080000000000e+02	1.06814150222053e+03	3.00000000000000e-02	0.00000000000000e+00	0.00000000000000e+00	1.93836417238698e+02	1.87951845545301e+00
50	101	67	84	2.15140000000000e+02	1.06814150222053e+03	3.00000000000000e-02	0.00000000000000e+00	0.00000000000000e+00	2.22595906472452e+02	-1.13563566856225e+00
51	102	68	85	2.74950000000000e+02	1.06814150222053e+03	3.00000000000000e-02	0.00000000000000e+00	0.00000000000000e+00	2.46481577565803e+02	3.64340027684404e+00
52	103	69	86	2.85150000000000e+02	1.06814150222053e+03	3.00000000000000e-02	0.00000000000000e+00	0.00000000000000e+00	2.76103954556130e+02	1.07459719521836e+00
53	104	70	87	2.76890000000000e+02	1.06814150222053e+03	3.00000000000000e-02	0.00000000000000e+00	0.00000000000000e+00	2.91959238150297e+02	-1.76646272480273e+00
54	105	71	88	2.76890000000000e+02	1.06814150222053e+03	3.00000000000000e-02	0.00000000000000e+00	0.00000000000000e+00	3.05179237562262e+02	-3.24263175782873e+00
55	106	72	89	3.18750000000000e+02	1.06814150222053e+03	3.00000000000000e-02	0.00000000000000e+00	0.00000000000000e+00	3.14728658660115e+02	4.23207664836885e-01
56	107	73	90	3.62490000000000e+02	1.06814150222053e+03	3.00000000000000e-02	0.00000000000000e+00	0.00000000000000e+00	3.28297310146572e+02	3.30257521707124e+00
57	108	74	91	3.35460000000000e+02	1.06814150222053e+03	3.00000000000000e-02	0.00000000000000e+00	0.00000000000000e+00	3.17285933457359e+02	1.85664528857095e+00
58	109	75	92	2.90790000000000e+02	1.06814150222053e+03	3.00000000000000e-02	0.00000000000000e+00	0.00000000000000e+00	2.89186765172583e+02	1.84287717182633e-01
59	110	76	93	2.79950000000000e+02	1.06814150222053e+03	3.00000000000000e-02	0.00000000000000e+00	0.00000000000000e+00	2.68062982674788e+02	1.44630176380041e+00
60	111	77	94	2.74770000000000e+02	1.06814150222053e+03	3.00000000000000e-02	0.00000000000000e+00	0.00000000000000e+00	2.64560898070119e+02	1.26209736117007e+00
61	112	78	95	2.65570000000000e+02	1.06814150222053e+03	3.00000000000000e-02	0.00000000000000e+00	0.00000000000000e+00	2.64005877759767e+02	1.96903075849993e-01
62	113	79	96	2.74140000000000e+02	1.06814150222053e+03	3.00000000000000e-02	0.00000000000000e+00	0.00000000000000e+00	2.72098052387828e+02	2.49214558233627e-01
63	114	80	97	2.74600000000000e+02	1.06814150222053e+03	3.00000000000000e-02	0.00000000000000e+00	0.00000000000000e+00	2.69978069991929e+02	5.65825329543834e-01
64	115	81	98	2.89990000000000e+02	1.06814150222053e+03	3.00000000000000e-02	0.00000000000000e+00	0.00000000000000e+00	2.66608578752335e+02	2.80216180115369e+00
65	116	82	99	2.95440000000000e+02	1.06814150222053e+03	3.00000000000000e-02	0.00000000000000e+00	0.00000000000000e+00	2.70971104585513e+02	2.88178601650596e+00
66	117	83	100	2.85610000000000e+02	1.06814150222053e+03	3.00000000000000e-02	0.00000000000000e+00	0.00000000000000e+00	2.70957382387234e+02	1.75552319696018e+00
67	118	84	101	2.56450000000000e+02	1.06814150222053e+03	3.00000000000000e-02	0.00000000000000e+00	0.00000000000000e+00	2.47238445888681e+02	1.21934916349735e+00
68	119	85	102	2.27010000000000e+02	1.06814150222053e+03	3.00000000000000e-02	0.00000000000000e+00	0.00000000000000e+00	2.28317498375032e+02	-1.91437587746653e-01
69	120	86	103	2.07520000000000e+02	1.06814150222053e+03	3.00000000000000e-02	0.00000000000000e+00	0.00000000000000e+00	2.05827889083585e+02	2.72913029342003e-01
70	121	87	104	1.94440000000000e+02	1.06814150222053e+03	3.00000000000000e-02	0.00000000000000e+00	0.00000000000000e+00	1.91726378784318e+02	4.68479569452936e-01
71	122	88	105	1.80920000000000e+02	1.06814150222053e+03	3.00000000000000e-02	0.00000000000000e+00	0.00000000000000e+00	1.86593089894608e+02	-1.02917704901930e+00
72	123	89	106	1.87240000000000e+02	1.06814150222053e+03	3.00000000000000e-02	0.00000000000000e+00	0.00000000000000e+00	1.87377481729522e+02	-2.44661541259757e-02
73	124	90	107	1.82190000000000e+02	1.06814150222053e+03	3.00000000000000e-02	0.00000000000000e+00	0.00000000000000e+00	1.91297516094145e+02	-1.62599311452946e+00
74	125	91	108	1.96410000000000e+02	1.06814150222053e+03	3.00000000000000e-02	0.00000000000000e+00	0.00000000000000e+00	2.04215849167319e+02	-1.29910691667116e+00
75	126	92	109	2.12570000000000e+02	1.06814150222053e+03	3.00000000000000e-02	0.00000000000000e+00	0.00000000000000e+00	2.21360278516264e+02	-1.35067492659561e+00
76	127	93	110	2.23210000000000e+02	1.06814150222053e+03	3.00000000000000e-02	0.00000000000000e+00	0.00000000000000e+00	2.25319713152233e+02	-3.13576952880161e-01
77	128	94	111	2.24910000000000e+02	1.06814150222053e+03	3.00000000000000e-02	0.00000000000000e+00	0.00000000000000e+00	2.20452808611922e+02	6.67222336742886e-01
78	129	95	112	2.34870000000000e+02	1.06814150222053e+03	3.00000000000000e-02	0.00000000000000e+00	0.00000000000000e+00	2.22326695468877e+02	1.82947560828080e+00
79	130	96	113	2.35700000000000e+02	1.06814150222053e+03	3.00000000000000e-02	0.00000000000000e+00	0.00000000000000e+00	2.21729714938104e+02	2.03668900347337e+00
80	131	97	114	2.42080000000000e+02	1.06814150222053e+03	3.00000000000000e-02	0.00000000000000e+00	0.00000000000000e+00	2.24598092136868e+02	2.49852340882670e+00
81	132	98	115	2.37580000000000e+02	1.06814150222053e+03	3.00000000000000e-02	0.00000000000000e+00	0.00000000000000e+00	2.30720773569813e+02	9.76540063976591e-01
82	133	99	116	2.39140000000000e+02	1.06814150222053e+03	3.00000000000000e-02	0.00000000000000e+00	0.00000000000000e+00	2.32034899265745e+02	1.00537887562231e+00
83	134	100	117	2.43710000000000e+02	1.06814150222053e+03	3.00000000000000e-02	0.00000000000000e+00	0.00000000000000e+00	2.43597434837320e+02	1.53996097240613e-02
84	135	101	118	2.52940000000000e+02	1.06814150222053e+03	3.00000000000000e-02	0.00000000000000e+00	0.00000000000000e+00	2.77938591674152e+02	-3.14159631932836e+00
85	136	102	119	2.91770000000000e+02	1.06814150222053e+03	3.00000000000000e-02	0.00000000000000e+00	0.00000000000000e+00	3.06741296767367e+02	-1.66796300441892e+00
86	137	103	120	3.21370000000000e+02	1.06814150222053e+03	3.00000000000000e-02	0.00000000000000e+00	0.00000000000000e+00	3.41089103825850e+02	-1.98502124586177e+00
87	138	104	121	3.62780000000000e+02	1.06814150222053e+03	3.00000000000000e-02	0.00000000000000e+00	0.00000000000000e+00	3.70111801981031e+02	-6.66951252711279e-01
88	139	105	122	3.77250000000000e+02	1.06814150222053e+03	3.00000000000000e-02	0.00000000000000e+00	0.00000000000000e+00	3.82645934811692e+02	-4.73400392481249e-01
89	140	106	123	4.50500000000000e+02	1.06814150222053e+03	3.00000000000000e-02	0.00000000000000e+00	0.00000000000000e+00	3.93982860000597e+02	4.46835570777594e+00
90	141	107	124	5.25010000000000e+02	1.06814150222053e+03	3.00000000000000e-02	0.00000000000000e+00	0.00000000000000e+00	4.13827990191328e+02	7.93223017234726e+00
91	142	108	125	4.42280000000000e+02	1.06814150222053e+03	3.00000000000000e-02	0.00000000000000e+00	0.00000000000000e+00	4.11475693687841e+02	2.40644049629667e+00
92	143	109	126	4.35230000000000e+02	1.06814150222053e+03	3.00000000000000e-02	0.00000000000000e+00	0.00000000000000e+00	3.92859260166331e+02	3.41410652947862e+00
93	144	110	127	3.97550000000000e+02	1.06814150222053e+03	3.00000000000000e-02	0.00000000000000e+00	0.00000000000000e+00	3.91295837921599e+02	5.28560657615322e-01
94	145	111	128	4.16280000000000e+02	1.06814150222053e+03	3.00000000000000e-02	0.00000000000000e+00	0.00000000000000e+00	3.96508526952211e+02	1.62201881239570e+00
95	146	112	129	3.81030000000000e+02	1.06814150222053e+03	3.00000000000000e-02	0.00000000000000e+00	0.00000000000000e+00	3.82879959381513e+02	-1.61446862966367e-01
96	147	113	130	3.93410000000000e+02	1.06814150222053e+03	3.00000000000000e-02	0.00000000000000e+00	0.00000000000000e+00	3.74913281326697e+02	1.60525252065824e+00
97	148	114	131	3.79680000000000e+02	1.06814150222053e+03	3.00000000000000e-02	0.00000000000000e+00	0.00000000000000e+00	3.64956133232187e+02	1.31838764176747e+00
98	149	115	132	3.53090000000000e+02	1.06814150222053e+03	3.00000000000000e-02	0.00000000000000e+00	0.00000000000000e+00	3.50143905976231e+02	2.79291734392414e-01
99	150	116	133	3.74680000000000e+02	1.06814150222053e+03	3.00000000000000e-02	0.00000000000000e+00	0.00000000000000e+00	3.55975569535460e+02	1.70700749146964e+00
100	151	117	134	3.62000000000000e+02	1.06814150222053e+03	3.00000000000000e-02	0.00000000000000e+00	0.00000000000000e+00	3.58687901341869e+02	3.06385234663390e-01
101	152	118	135	3.44410000000000e+02	1.06814150222053e+03	3.00000000000000e-02	0.00000000000000e+00	0.00000000000000e+00	3.36183549337267e+02	8.05850651313022e-01
102	153	119	136	3.24010000000000e+02	1.06814150222053e+03	3.00000000000000e-02	0.00000000000000e+00	0.00000000000000e+00	3.28016062152611e+02	-4.09606588301870e-01
103	154	120	137	3.07650000000000e+02	1.06814150222053e+03	3.00000000000000e-02	0.00000000000000e+00	0.00000000000000e+00	3.12117712875077e+02	-4.80587610832147e-01
104	155	121	138	2.80000000000000e+02	1.06814150222053e+03	3.00000000000000e-02	0.00000000000000e+00	0.00000000000000e+00	2.96479198895690e+02	-1.90624857707924e+00
105	156	122	139	2.56770000000000e+02	1.06814150222053e+03	3.00000000000000e-02	0.00000000000000e+00	0.00000000000000e+00	3.01778580819982e+02	-5.38376099384769e+00
106	157	123	140	2.92870000000000e+02	1.06814150222053e+03	3.00000000000000e-02	0.00000000000000e+00	0.00000000000000e+00	3.07414742638014e+02	-1.61563215122449e+00
107	158	124	141	3.03570000000000e+02	1.06814150222053e+03	3.00000000000000e-02	0.00000000000000e+00	0.00000000000000e+00	3.10601096391465e+02	-7.63240473771572e-01
108	159	125	142	3.14040000000000e+02	1.06814150222053e+03	3.00000000000000e-02	0.00000000000000e+00	0.00000000000000e+00	3.09874401108262e+02	4.45110288823643e-01
109	160	126	143	3.45250000000000e+02	1.06814150222053e+03	3.00000000000000e-02	0.00000000000000e+00	0.00000000000000e+00	3.18388134342290e+02	2.69992018421652e+00
110	161	127	144	3.44460000000000e+02	1.06814150222053e+03	3.00000000000000e-02	0.00000000000000e+00	0.00000000000000e+00	3.19662515006533e+02	2.49040582477130e+00
111	162	128	145	3.51700000000000e+02	1.06814150222053e+03	3.00000000000000e-02	0.00000000000000e+00	0.00000000000000e+00	3.29036753203025e+02	2.22030276968577e+00
112	163	129	146	3.49590000000000e+02	1.06814150222053e+03	3.00000000000000e-02	0.00000000000000e+00	0.00000000000000e+00	3.38497663348788e+02	1.07479499608563e+00
113	164	130	147	3.81990000000000e+02	1.06814150222053e+03	3.00000000000000e-02	0.00000000000000e+00	0.00000000000000e+00	3.42246632812450e+02	3.66209348397068e+00
114	165	131	148	3.86770000000000e+02	1.06814150222053e+03	3.00000000000000e-02	0.00000000000000e+00	0.00000000000000e+00	3.42949506882221e+02	4.00823250118213e+00
115	166	132	149	3.51770000000000e+02	1.06814150222053e+03	3.00000000000000e-02	0.00000000000000e+00	0.00000000000000e+00	3.46847154498967e+02	4.69778232742080e-01
116	167	133	150	3.75460000000000e+02	1.06814150222053e+03	3.00000000000000e-02	0.00000000000000e+00	0.00000000000000e+00	3.33285512354955e+02	3.97174746030385e+00
117	168	134	151	3.34150000000000e+02	1.06814150222053e+03	3.00000000000000e-02	0.00000000000000e+00	0.00000000000000e+00	3.25559129845275e+02	8.68196343184557e-01
118	169	135	152	9.52600000000000e+02	1.06814150222053e+03	3.00000000000000e-02	0.00000000000000e+00	0.00000000000000e+00	3.36984623569674e+02	3.46385928815017e+01
119	170	136	153	6.32290000000000e+02	1.06814150222053e+03	3.00000000000000e-02	0.00000000000000e+00	0.00000000000000e+00	3.35350217048774e+02	2.11390913295277e+01
120	171	137	154	4.64590000000000e+02	1.06814150222053e+03	3.00000000000000e-02	0.00000000000000e+00	0.00000000000000e+00	3.26627909991660e+02	1.17444554379312e+01
121	172	138	155	3.67340000000000e+02	1.06814150222053e+03	3.00000000000000e-02	0.00000000000000e+00	0.00000000000000e+00	3.26530192680561e+02	3.92551438352354e+00
122	173	139	156	2.70090000000000e+02	1.06814150222053e+03	3.00000000000000e-02	0.00000000000000e+00	0.00000000000000e+00	3.12361402412256e+02	-4.84685405755065e+00
123	174	140	157	2.53860000000000e+02	1.06814150222053e+03	3.00000000000000e-02	0.00000000000000e+00	0.00000000000000e+00	2.98827432481363e+02	-5.43611079747871e+00
124	175	141	158	2.73270000000000e+02	1.06814150222053e+03	3.00000000000000e-02	0.00000000000000e+00	0.00000000000000e+00	3.00914089169813e+02	-3.21214961813589e+00
125	176	142	159	3.85340000000000e+02	1.06814150222053e+03	3.00000000000000e-02	0.00000000000000e+00	0.00000000000000e+00	2.58470023252225e+02	1.33115446145509e+01
1	55	19	37	3.30240000000000e+02	1.13097335529233e+03	3.00000000000000e-02	0.00000000000000e+00	0.00000000000000e+00	3.05584887514776e+02	2.58640195443718e+00
3	56	20	38	2.75140000000000e+02	1.13097335529233e+03	3.00000000000000e-02	0.00000000000000e+00	0.00000000000000e+00	2.86321592601079e+02	-1.32785232403754e+00
4	57	21	39	2.63320000000000e+02	1.13097335529233e+03	3.00000000000000e-02	0.00000000000000e+00	0.00000000000000e+00	2.57039708414389e+02	8.04648073017263e-01
2	58	22	40	2.47020000000000e+02	1.13097335529233e+03	3.00000000000000e-02	0.00000000000000e+00	0.00000000000000e+00	2.32710604053891e+02	1.98912220352101e+00
5	59	23	41	2.51030000000000e+02	1.13097335529233e+03	3.00000000000000e-02	0.00000000000000e+00	0.00000000000000e+00	2.30095814944570e+02	2.90255483371326e+00
6	60	24	42	2.39930000000000e+02	1.13097335529233e+03	3.00000000000000e-02	0.00000000000000e+00	0.00000000000000e+00	2.28785350366259e+02	1.58543282653569e+00
7	61	25	43	2.37810000000000e+02	1.13097335529233e+03	3.00000000000000e-02	0.00000000000000e+00	0.00000000000000e+00	2.35396001310692e+02	3.40094254025984e-01
8	62	26	44	2.19010000000000e+02	1.13097335529233e+03	3.00000000000000e-02	0.00000000000000e+00	0.00000000000000e+00	2.18890081319828e+02	1.82566279821235e-02
9	63	27	45	2.08340000000000e+02	1.13097335529233e+03	3.00000000000000e-02	0.00000000000000e+00	0.00000000000000e+00	2.20030634912241e+02	-1.81984752342765e+00
10	64	28	46	2.03180000000000e+02	1.13097335529233e+03	3.00000000000000e-02	0.00000000000000e+00	0.00000000000000e+00	2.09574964163597e+02	-1.03297379549687e+00
11	65	29	47	1.89410000000000e+02	1.13097335529233e+03	3.00000000000000e-02	0.00000000000000e+00	0.00000000000000e+00	1.89111580976360e+02	5.25587091929699e-02
12	66	30	48	1.75720000000000e+02	1.13097335529233e+03	3.00000000000000e-02	0.00000000000000e+00	0.00000000000000e+00	1.72722606144235e+02	5.73498139202577e-01
13	67	31	49	1.56620000000000e+02	1.13097335529233e+03	3.00000000000000e-02	0.00000000000000e+00	0.00000000000000e+00	1.54180118458388e+02	5.23365665989465e-01
14	68	32	50	1.32980000000000e+02	1.13097335529233e+03	3.00000000000000e-02	0.00000000000000e+00	0.00000000000000e+00	1.48111347746088e+02	-3.59218665174745e+00
15	69	33	51	1.32440000000000e+02	1.13097335529233e+03	3.00000000000000e-02	0.00000000000000e+00	0.00000000000000e+00	1.42238968073498e+02	-2.37929347446236e+00
16	70	34	52	1.06080000000000e+02	1.13097335529233e+03	3.00000000000000e-02	0.00000000000000e+00	0.00000000000000e+00	1.29484784995145e+02	-6.64566191381735e+00
17	71	35	53	9.45300000000000e+01	1.13097335529233e+03	3.00000000000000e-02	0.00000000000000e+00	0.00000000000000e+00	1.15779235168859e+02	-6.75893294304695e+00
18	72	36	54	1.12960000000000e+02	1.13097335529233e+03	3.00000000000000e-02	0.00000000000000e+00	0.00000000000000e+00	1.02848087203440e+02	3.12602519145517e+00
19	73	37	55	9.99700000000000e+01	1.13097335529233e+03	3.00000000000000e-02	0.00000000000000e+00	0.00000000000000e+00	9.78299659291786e+01	7.21307025846318e-01
20	74	38	56	9.99700000000000e+01	1.13097335529233e+03	3.00000000000000e-02	0.00000000000000e+00	0.00000000000000e+00	1.06990827170193e+02	-2.26243208088803e+00
21	75	39	57	1.12410000000000e+02	1.13097335529233e+03	3.00000000000000e-02	0.00000000000000e+00	0.00000000000000e+00	1.20309303877019e+02	-2.26376858258366e+00
22	76	40	58	1.26800000000000e+02	1.13097335529233e+03	3.00000000000000e-02	0.00000000000000e+00	0.00000000000000e+00	1.31635673620998e+02	-1.24756721003306e+00
23	77	41	59	1.11460000000000e+02	1.13097335529233e+03	3.00000000000000e-02	0.00000000000000e+00	0.00000000000000e+00	1.33388076765196e+02	-5.98656559247660e+00
24	78	42	60	1.19340000000000e+02	1.13097335529233e+03	3.00000000000000e-02	0.00000000000000e+00	0.00000000000000e+00	1.41981362056338e+02	-5.79064112561660e+00
25	79	43	61	1.48230000000000e+02	1.13097335529233e+03	3.00000000000000e-02	0.00000000000000e+00	0.00000000000000e+00	1.62564571602584e+02	-3.07700550080598e+00
26	80	44	62	1.86240000000000e+02	1.13097335529233e+03	3.00000000000000e-02	0.00000000000000e+00	0.00000000000000e+00	1.84695749263174e+02	2.77543062632516e-01
27	81	45	63	2.02690000000000e+02	1.13097335529233e+03	3.00000000000000e-02	0.00000000000000e+00	0.00000000000000e+00	1.97815171019684e+02	8.11486773913502e-01
28	82	46	64	2.21710000000000e+02	1.13097335529233e+03	3.00000000000000e-02	0.00000000000000e+00	0.00000000000000e+00	2.11704574942288e+02	1.53928110664857e+00
29	83	47	65	2.61430000000000e+02	1.13097335529233e+03	3.00000000000000e-02	0.00000000000000e+00	0.00000000000000e+00	2.30382208438599e+02	4.21422852415283e+00
30	84	48	66	2.83250000000000e+02	1.13097335529233e+03	3.00000000000000e-02	0.00000000000000e+00	0.00000000000000e+00	2.45395371003041e+02	4.78197436258358e+00
31	85	49	67	3.13600000000000e+02	1.13097335529233e+03	3.00000000000000e-02	0.00000000000000e+00	0.00000000000000e+00	2.58286796305011e+02	6.46825691180724e+00
32	86	50	68	3.29860000000000e+02	1.13097335529233e+03	3.00000000000000e-02	0.00000000000000e+00	0.00000000000000e+00	2.58894043650014e+02	8.07498139667429e+00
33	87	51	69	3.42860000000000e+02	1.13097335529233e+03	3.00000000000000e-02	0.00000000000000e+00	0.00000000000000e+00	2.60974837265307e+02	9.09660689498217e+00
34	88	52	70	3.56990000000000e+02	1.13097335529233e+03	3.00000000000000e-02	0.00000000000000e+00	0.00000000000000e+00	2.66332931652189e+02	9.76535404251126e+00
35	89	53	71	3.66740000000000e+02	1.13097335529233e+03	3.00000000000000e-02	0.00000000000000e+00	0.00000000000000e+00	2.83074071286640e+02	8.63148502431589e+00
36	90	54	72	3.56110000000000e+02	1.13097335529233e+03	3.00000000000000e-02	0.00000000000000e+00	0.00000000000000e+00	3.09930501570367e+02	4.62971960087891e+00
37	91	55	73	3.59030000000000e+02	1.13097335529233e+03	3.00000000000000e-02	0.00000000000000e+00	0.00000000000000e+00	3.34890311594209e+02	2.32009667748961e+00
38	92	56	74	3.49690000000000e+02	1.13097335529233e+03	3.00000000000000e-02	0.00000000000000e+00	0.00000000000000e+00	3.39928709057198e+02	9.43704378005913e-01
39	93	57	75	3.29980000000000e+02	1.13097335529233e+03	3.00000000000000e-02	0.00000000000000e+00	0.00000000000000e+00	3.23847139689386e+02	6.25347772718025e-01
40	94	58	76	2.99930000000000e+02	1.13097335529233e+03	3.00000000000000e-02	0.00000000000000e+00	0.00000000000000e+00	2.96954443909717e+02	3.32345818938240e-01
41	95	59	77	3.07710000000000e+02	1.13097335529233e+03	3.00000000000000e-02	0.00000000000000e+00	0.00000000000000e+00	2.85703272913558e+02	2.47346720153588e+00
42	96	60	78	2.82890000000000e+02	1.13097335529233e+03	3.00000000000000e-02	0.00000000000000e+00	0.00000000000000e+00	2.69855881070715e+02	1.57233622749796e+00
43	97	61	79	2.71430000000000e+02	1.13097335529233e+03	3.00000000000000e-02	0.00000000000000e+00	0.00000000000000e+00	2.45323698436602e+02	3.37085742101939e+00
44	98	62	80	2.35890000000000e+02	1.13097335529233e+03	3.00000000000000e-02	0.00000000000000e+00	0.00000000000000e+00	2.19982785890893e+02	2.32720991103449e+00
45	99	63	81	2.24580000000000e+02	1.13097335529233e+03	3.00000000000000e-02	0.00000000000000e+00	0.00000000000000e+00	2.06709602299257e+02	2.76390234300405e+00
46	100	64	82	2.45790000000000e+02	1.13097335529233e+03	3.00000000000000e-02	0.00000000000000e+00	0.00000000000000e+00	1.99299104487333e+02	6.98902596343425e+00
47	101	65	83	2.17300000000000e+02	1.13097335529233e+03	3.00000000000000e-02	0.00000000000000e+00	0.00000000000000e+00	2.04105894460296e+02	2.08799792024612e+00
48	102	66	84	2.40640000000000e+02	1.13097335529233e+03	3.00000000000000e-02	0.00000000000000e+00	0.00000000000000e+00	2.27080027593550e+02	1.93331803147645e+00
49	103	67	85	2.49750000000000e+02	1.13097335529233e+03	3.00000000000000e-02	0.00000000000000e+00	0.00000000000000e+00	2.50894979185456e+02	-1.52467480856503e-01
50	104	68	86	2.18960000000000e+02	1.13097335529233e+03	3.00000000000000e-02	0.00000000000000e+00	0.00000000000000e+00	2.74672447028517e+02	-7.55634070980777e+00
51	105	69	87	2.07870000000000e+02	1.13097335529233e+03	3.00000000000000e-02	0.00000000000000e+00	0.00000000000000e+00	2.87250220890793e+02	-1.07813600468551e+01
52	106	70	88	2.98950000000000e+02	1.13097335529233e+03	3.00000000000000e-02	0.00000000000000e+00	0.00000000000000e+00	3.06009583643916e+02	-7.78002841093291e-01
53	107	71	89	2.98950000000000e+02	1.13097335529233e+03	3.00000000000000e-02	0.00000000000000e+00	0.00000000000000e+00	3.03458248304698e+02	-4.98923278143308e-01
54	108	72	90	3.04990000000000e+02	1.13097335529233e+03	3.00000000000000e-02	0.00000000000000e+00	0.00000000000000e+00	3.01585466939004e+02	3.74184691787871e-01
55	109	73	91	2.91400000000000e+02	1.13097335529233e+03	3.00000000000000e-02	0.00000000000000e+00	0.00000000000000e+00	2.81875241515509e+02	1.10774422289198e+00
56	110	74	92	2.64430000000000e+02	1.13097335529233e+03	3.00000000000000e-02	0.00000000000000e+00	0.00000000000000e+00	2.67363391833538e+02	-3.67739505634290e-01
57	111	75	93	2.63470000000000e+02	1.13097335529233e+03	3.00000000000000e-02	0.00000000000000e+00	0.00000000000000e+00	2.64661440446582e+02	-1.50397215106413e-01
58	112	76	94	2.62600000000000e+02	1.13097335529233e+03	3.00000000000000e-02	0.00000000000000e+00	0.00000000000000e+00	2.59656276203337e+02	3.75774002931924e-01
59	113	77	95	2.62140000000000e+02	1.13097335529233e+03	3.00000000000000e-02	0.00000000000000e+00	0.00000000000000e+00	2.43961441563893e+02	2.39561752543898e+00
60	114	78	96	2.22350000000000e+02	1.13097335529233e+03	3.00000000000000e-02	0.00000000000000e+00	0.00000000000000e+00	2.42336158800811e+02	-2.86910437554549e+00
61	115	79	97	2.45930000000000e+02	1.13097335529233e+03	3.00000000000000e-02	0.00000000000000e+00	0.00000000000000e+00	2.41963533615032e+02	5.41997177766795e-01
62	116	80	98	2.46840000000000e+02	1.13097335529233e+03	3.00000000000000e-02	0.00000000000000e+00	0.00000000000000e+00	2.45384159559442e+02	1.97179091066335e-01
63	117	81	99	2.70960000000000e+02	1.13097335529233e+03	3.00000000000000e-02	0.00000000000000e+00	0.00000000000000e+00	2.51863062226814e+02	2.43618908524432e+00
64	118	82	100	2.75220000000000e+02	1.13097335529233e+03	3.00000000000000e-02	0.00000000000000e+00	0.00000000000000e+00	2.49363968887065e+02	3.28857420702476e+00
65	119	83	101	2.58250000000000e+02	1.13097335529233e+03	3.00000000000000e-02	0.00000000000000e+00	0.00000000000000e+00	2.45738871049500e+02	1.65528785520295e+00
66	120	84	102	2.24750000000000e+02	1.13097335529233e+03	3.00000000000000e-02	0.00000000000000e+00	0.00000000000000e+00	2.29331519580837e+02	-6.72665569258039e-01
67	121	85	103	2.05820000000000e+02	1.13097335529233e+03	3.00000000000000e-02	0.00000000000000e+00	0.00000000000000e+00	2.08326950850018e+02	-4.03557475704819e-01
68	122	86	104	1.82290000000000e+02	1.13097335529233e+03	3.00000000000000e-02	0.00000000000000e+00	0.00000000000000e+00	1.98242860591767e+02	-2.79646740580723e+00
69	123	87	105	1.65920000000000e+02	1.13097335529233e+03	3.00000000000000e-02	0.00000000000000e+00	0.00000000000000e+00	1.96918737880345e+02	-5.70951336955744e+00
70	124	88	106	1.83500000000000e+02	1.13097335529233e+03	3.00000000000000e-02	0.00000000000000e+00	0.00000000000000e+00	1.84437397901465e+02	-1.69847721375375e-01
71	125	89	107	1.75010000000000e+02	1.13097335529233e+03	3.00000000000000e-02	0.00000000000000e+00	0.00000000000000e+00	1.85365612527069e+02	-1.91623478601309e+00
72	126	90	108	2.04480000000000e+02	1.13097335529233e+03	3.00000000000000e-02	0.00000000000000e+00	0.00000000000000e+00	1.91105138218834e+02	2.25488109041316e+00
73	127	91	109	2.33950000000000e+02	1.13097335529233e+03	3.00000000000000e-02	0.00000000000000e+00	0.00000000000000e+00	2.02397064382258e+02	4.82919946814420e+00
74	128	92	110	2.03850000000000e+02	1.13097335529233e+03	3.00000000000000e-02	0.00000000000000e+00	0.00000000000000e+00	2.13071948209437e+02	-1.47484881428263e+00
75	129	93	111	2.14550000000000e+02	1.13097335529233e+03	3.00000000000000e-02	0.00000000000000e+00	0.00000000000000e+00	2.19493078526152e+02	-7.59262922335087e-01
76	130	94	112	2.23850000000000e+02	1.13097335529233e+03	3.00000000000000e-02	0.00000000000000e+00	0.00000000000000e+00	2.26676602714032e+02	-4.18271978580146e-01
77	131	95	113	2.37900000000000e+02	1.13097335529233e+03	3.00000000000000e-02	0.00000000000000e+00	0.00000000000000e+00	2.33057364189185e+02	6.85526526939295e-01
78	132	96	114	2.46880000000000e+02	1.13097335529233e+03	3.00000000000000e-02	0.00000000000000e+00	0.00000000000000e+00	2.32130946378780e+02	2.05335840431390e+00
79	133	97	115	2.53900000000000e+02	1.13097335529233e+03	3.00000000000000e-02	0.00000000000000e+00	0.00000000000000e+00	2.30447257025540e+02	3.23061574343324e+00
80	134	98	116	2.42190000000000e+02	1.13097335529233e+03	3.00000000000000e-02	0.00000000000000e+00	0.00000000000000e+00	2.31314347078857e+02	1.53149822502252e+00
81	135	99	117	2.32020000000000e+02	1.13097335529233e+03	3.00000000000000e-02	0.00000000000000e+00	0.00000000000000e+00	2.32923081277996e+02	-1.29490031511844e-01
82	136	100	118	2.42400000000000e+02	1.13097335529233e+03	3.00000000000000e-02	0.00000000000000e+00	0.00000000000000e+00	2.43413943724371e+02	-1.39140399971183e-01
83	137	101	119	2.34280000000000e+02	1.13097335529233e+03	3.00000000000000e-02	0.00000000000000e+00	0.00000000000000e+00	2.63044358444079e+02	-3.86019000065341e+00
84	138	102	120	2.81020000000000e+02	1.13097335529233e+03	3.00000000000000e-02	0.00000000000000e+00	0.00000000000000e+00	3.01667482388919e+02	-2.36331726338772e+00
85	139	103	121	3.14850000000000e+02	1.13097335529233e+03	3.00000000000000e-02	0.00000000000000e+00	0.00000000000000e+00	3.37112392838967e+02	-2.27733499078188e+00
86	140	104	122	3.45210000000000e+02	1.13097335529233e+03	3.00000000000000e-02	0.00000000000000e+00	0.00000000000000e+00	3.59197599424386e+02	-1.32399085950903e+00
87	141	105	123	4.08830000000000e+02	1.13097335529233e+03	3.00000000000000e-02	0.00000000000000e+00	0.00000000000000e+00	3.67691921857805e+02	3.53513343442605e+00
88	142	106	124	4.50290000000000e+02	1.13097335529233e+03	3.00000000000000e-02	0.00000000000000e+00	0.00000000000000e+00	3.96505263673628e+02	4.24008344378504e+00
89	143	107	125	5.13110000000000e+02	1.13097335529233e+03	3.00000000000000e-02	0.00000000000000e+00	0.00000000000000e+00	4.03191717430155e+02	8.03593575593447e+00
90	144	108	126	4.31740000000000e+02	1.13097335529233e+03	3.00000000000000e-02	0.00000000000000e+00	0.00000000000000e+00	4.09432145998737e+02	1.76841217600308e+00
91	145	109	127	4.29460000000000e+02	1.13097335529233e+03	3.00000000000000e-02	0.00000000000000e+00	0.00000000000000e+00	3.95151817646206e+02	2.77528553364697e+00
92	146	110	128	4.17820000000000e+02	1.13097335529233e+03	3.00000000000000e-02	0.00000000000000e+00	0.00000000000000e+00	3.80137442877065e+02	3.15059462211419e+00
93	147	111	129	3.99770000000000e+02	1.13097335529233e+03	3.00000000000000e-02	0.00000000000000e+00	0.00000000000000e+00	3.80685518113570e+02	1.63052530735526e+00
94	148	112	130	3.89630000000000e+02	1.13097335529233e+03	3.00000000000000e-02	0.00000000000000e+00	0.00000000000000e+00	3.78520003330486e+02	9.64288347284133e-01
95	149	113	131	3.72590000000000e+02	1.13097335529233e+03	3.00000000000000e-02	0.00000000000000e+00	0.00000000000000e+00	3.66488862565122e+02	5.50349571504801e-01
96	150	114	132	3.82870000000000e+02	1.13097335529233e+03	3.00000000000000e-02	0.00000000000000e+00	0.00000000000000e+00	3.61441700575361e+02	1.91982494220685e+00
97	151	115	133	3.64370000000000e+02	1.13097335529233e+03	3.00000000000000e-02	0.00000000000000e+00	0.00000000000000e+00	3.58196893265922e+02	5.69567282582550e-01
98	152	116	134	3.60770000000000e+02	1.13097335529233e+03	3.00000000000000e-02	0.00000000000000e+00	0.00000000000000e+00	3.43306668178199e+02	1.65388373778728e+00
99	153	117	135	3.66990000000000e+02	1.13097335529233e+03	3.00000000000000e-02	0.00000000000000e+00	0.00000000000000e+00	3.44001935263534e+02	2.15624388677581e+00
100	154	118	136	3.45520000000000e+02	1.13097335529233e+03	3.00000000000000e-02	0.00000000000000e+00	0.00000000000000e+00	3.34367019976203e+02	1.09370922595637e+00
101	155	119	137	3.25790000000000e+02	1.13097335529233e+03	3.00000000000000e-02	0.00000000000000e+00	0.00000000000000e+00	3.31302732491520e+02	-5.59318501270341e-01
102	156	120	138	2.99440000000000e+02	1.13097335529233e+03	3.00000000000000e-02	0.00000000000000e+00	0.00000000000000e+00	3.21782505231772e+02	-2.39872680462057e+00
103	157	121	139	3.08800000000000e+02	1.13097335529233e+03	3.00000000000000e-02	0.00000000000000e+00	0.00000000000000e+00	3.09080723683833e+02	-3.02888774902440e-02
104	158	122	140	3.02000000000000e+02	1.13097335529233e+03	3.00000000000000e-02	0.00000000000000e+00	0.00000000000000e+00	3.12053733940597e+02	-1.09161265914377e+00
105	159	123	141	2.98690000000000e+02	1.13097335529233e+03	3.00000000000000e-02	0.00000000000000e+00	0.00000000000000e+00	3.18398441398744e+02	-2.12991041995260e+00
106	160	124	142	3.09130000000000e+02	1.13097335529233e+03	3.00000000000000e-02	0.00000000000000e+00	0.00000000000000e+00	3.13098378227615e+02	-4.25184939833360e-01
107	161	125	143	3.13110000000000e+02	1.13097335529233e+03	3.00000000000000e-02	0.00000000000000e+00	0.00000000000000e+00	3.19355584109924e+02	-6.58353307210735e-01
108	162	126	144	3.16950000000000e+02	1.13097335529233e+03	3.00000000000000e-02	0.00000000000000e+00	0.00000000000000e+00	3.22412251820295e+02	-5.69565970141165e-01
109	163	127	145	3.49650000000000e+02	1.13097335529233e+03	3.00000000000000e-02	0.00000000000000e+00	0.00000000000000e+00	3.33362250585944e+02	1.59009719469111e+00
110	164	128	146	3.53850000000000e+02	1.13097335529233e+03	3.00000000000000e-02	0.00000000000000e+00	0.00000000000000e+00	3.37855377107282e+02	1.54183896618907e+00
111	165	129	147	3.92850000000000e+02	1.13097335529233e+03	3.00000000000000e-02	0.00000000000000e+00	0.00000000000000e+00	3.39280338853604e+02	4.88670452375866e+00
112	166	130	148	3.10010000000000e+02	1.13097335529233e+03	3.00000000000000e-02	0.00000000000000e+00	0.00000000000000e+00	3.36642083299242e+02	-2.74719145248141e+00
113	167	131	149	3.60570000000000e+02	1.13097335529233e+03	3.00000000000000e-02	0.00000000000000e+00	0.00000000000000e+00	3.40667471540237e+02	1.89264226324951e+00
114	168	132	150	3.53500000000000e+02	1.13097335529233e+03	3.00000000000000e-02	0.00000000000000e+00	0.00000000000000e+00	3.32091869903309e+02	2.08239460409591e+00
115	169	133	151	3.11970000000000e+02	1.13097335529233e+03	3.00000000000000e-02	0.00000000000000e+00	0.00000000000000e+00	3.18923517006894e+02	-7.34809536627582e-01
116	170	134	152	3.23060000000000e+02	1.13097335529233e+03	3.00000000000000e-02	0.00000000000000e+00	0.00000000000000e+00	3.29138433122180e+02	-6.21345571649368e-01
117	171	135	153	2.95270000000000e+02	1.13097335529233e+03	3.00000000000000e-02	0.00000000000000e+00	0.00000000000000e+00	3.17270128994732e+02	-2.39544536541144e+00
118	172	136	154	2.95270000000000e+02	1.13097335529233e+03	3.00000000000000e-02	0.00000000000000e+00	0.00000000000000e+00	3.17325316679646e+02	-2.40124304175566e+00
119	173	137	155	2.77560000000000e+02	1.13097335529233e+03	3.00000000000000e-02	0.00000000000000e+00	0.00000000000000e+00	3.09079493634508e+02	-3.58537929111916e+00
120	174	138	156	2.76400000000000e+02	1.13097335529233e+03	3.00000000000000e-02	0.00000000000000e+00	0.00000000000000e+00	2.98454634724358e+02	-2.55896173055191e+00
121	175	139	157	2.78650000000000e+02	1.13097335529233e+03	3.00000000000000e-02	0.00000000000000e+00	0.00000000000000e+00	2.99608350965868e+02	-2.41732036523018e+00
122	176	140	158	2.67670000000000e+02	1.13097335529233e+03	3.00000000000000e-02	0.00000000000000e+00	0.00000000000000e+00	2.43264625231470e+02	3.18683449870101e+00
1	58	20	39	2.67670000000000e+02	1.19380520836412e+03	3.00000000000000e-02	0.00000000000000e+00	0.00000000000000e+00	2.55104026978830e+02	1.60278225315874e+00
3	59	21	40	2.29880000000000e+02	1.19380520836412e+03	3.00000000000000e-02	0.00000000000000e+00	0.00000000000000e+00	2.28989463975880e+02	1.29381332756395e-01
4	60	22	41	2.04180000000000e+02	1.19380520836412e+03	3.00000000000000e-02	0.00000000000000e+00	0.00000000000000e+00	2.15175071159931e+02	-1.74833411672853e+00
2	61	23	42	2.12680000000000e+02	1.19380520836412e+03	3.00000000000000e-02	0.00000000000000e+00	0.00000000000000e+00	2.07314805976810e+02	8.51674959946595e-01
5	62	24	43	2.08690000000000e+02	1.19380520836412e+03	3.00000000000000e-02	0.00000000000000e+00	0.00000000000000e+00	2.04378518295579e+02	6.95871362049398e-01
6	63	25	44	2.12530000000000e+02	1.19380520836412e+03	3.00000000000000e-02	0.00000000000000e+00	0.00000000000000e+00	1.98440111305584e+02	2.28652688449813e+00
7	64	26	45	2.26420000000000e+02	1.19380520836412e+03	3.00000000000000e-02	0.00000000000000e+00	0.00000000000000e+00	2.09182176031059e+02	2.63953845684431e+00
8	65	27	46	2.09210000000000e+02	1.19380520836412e+03	3.00000000000000e-02	0.00000000000000e+00	0.00000000000000e+00	2.01961187760928e+02	1.17543310176513e+00
9	66	28	47	1.93150000000000e+02	1.19380520836412e+03	3.00000000000000e-02	0.00000000000000e+00	0.00000000000000e+00	1.99333334487292e+02	-1.05037939864410e+00
10	67	29	48	1.68970000000000e+02	1.19380520836412e+03	3.00000000000000e-02	0.00000000000000e+00	0.00000000000000e+00	1.84395911714028e+02	-2.91213185853133e+00
11	68	30	49	1.77550000000000e+02	1.19380520836412e+03	3.00000000000000e-02	0.00000000000000e+00	0.00000000000000e+00	1.75604576353958e+02	3.67250576214939e-01
12	69	31	50	1.43590000000000e+02	1.19380520836412e+03	3.00000000000000e-02	0.00000000000000e+00	0.00000000000000e+00	1.61320938563500e+02	-3.88112572350474e+00
13	70	32	51	1.40370000000000e+02	1.19380520836412e+03	3.00000000000000e-02	0.00000000000000e+00	0.00000000000000e+00	1.55903851664692e+02	-3.49858960692565e+00
14	71	33	52	1.32440000000000e+02	1.19380520836412e+03	3.00000000000000e-02	0.00000000000000e+00	0.00000000000000e+00	1.44664784816460e+02	-2.94298414958289e+00
15	72	34	53	1.07520000000000e+02	1.19380520836412e+03	3.00000000000000e-02	0.00000000000000e+00	0.00000000000000e+00	1.24888397050352e+02	-4.99145460419660e+00
16	73	35	54	1.08510000000000e+02	1.19380520836412e+03	3.00000000000000e-02	0.00000000000000e+00	0.00000000000000e+00	1.12474756137197e+02	-1.19621573138673e+00
17	74	36	55	8.45500000000000e+01	1.19380520836412e+03	3.00000000000000e-02	0.00000000000000e+00	0.00000000000000e+00	1.06480632717374e+02	-7.68733469495704e+00
18	75	37	56	1.14030000000000e+02	1.19380520836412e+03	3.00000000000000e-02	0.00000000000000e+00	0.00000000000000e+00	1.08778729261657e+02	1.57152531568077e+00
19	76	38	57	1.25240000000000e+02	1.19380520836412e+03	3.00000000000000e-02	0.00000000000000e+00	0.00000000000000e+00	1.18209138577976e+02	1.92588266467781e+00
20	77	39	58	1.25240000000000e+02	1.19380520836412e+03	3.00000000000000e-02	0.00000000000000e+00	0.00000000000000e+00	1.27403231621855e+02	-5.70840410225711e-01
21	78	40	59	1.23110000000000e+02	1.19380520836412e+03	3.00000000000000e-02	0.00000000000000e+00	0.00000000000000e+00	1.38061630553594e+02	-3.82073063389437e+00
22	79	41	60	1.23800000000000e+02	1.19380520836412e+03	3.00000000000000e-02	0.00000000000000e+00	0.00000000000000e+00	1.48968605893322e+02	-6.16894082641120e+00
23	80	42	61	1.52310000000000e+02	1.19380520836412e+03	3.00000000000000e-02	0.00000000000000e+00	0.00000000000000e+00	1.69147996920923e+02	-3.49520451669812e+00
24	81	43	62	1.79000000000000e+02	1.19380520836412e+03	3.00000000000000e-02	0.00000000000000e+00	0.00000000000000e+00	1.89067796495343e+02	-1.82399521709430e+00
25	82	44	63	2.08620000000000e+02	1.19380520836412e+03	3.00000000000000e-02	0.00000000000000e+00	0.00000000000000e+00	2.02020057524097e+02	1.07158093674202e+00
26	83	45	64	2.12660000000000e+02	1.19380520836412e+03	3.00000000000000e-02	0.00000000000000e+00	0.00000000000000e+00	2.09321910475333e+02	5.27377923490816e-01
27	84	46	65	2.30120000000000e+02	1.19380520836412e+03	3.00000000000000e-02	0.00000000000000e+00	0.00000000000000e+00	2.13819764370748e+02	2.44891581361770e+00
28	85	47	66	2.47350000000000e+02	1.19380520836412e+03	3.00000000000000e-02	0.00000000000000e+00	0.00000000000000e+00	2.25391591517337e+02	3.09883471594814e+00
29	86	48	67	2.57830000000000e+02	1.19380520836412e+03	3.00000000000000e-02	0.00000000000000e+00	0.00000000000000e+00	2.30923196451838e+02	3.67384268895306e+00
30	87	49	68	2.90710000000000e+02	1.19380520836412e+03	3.00000000000000e-02	0.00000000000000e+00	0.00000000000000e+00	2.35808352863036e+02	6.97689319049140e+00
31	88	50	69	3.11470000000000e+02	1.19380520836412e+03	3.00000000000000e-02	0.00000000000000e+00	0.00000000000000e+00	2.41710298203054e+02	8.45210437414918e+00
32	89	51	70	2.97360000000000e+02	1.19380520836412e+03	3.00000000000000e-02	0.00000000000000e+00	0.00000000000000e+00	2.42836723649294e+02	6.75180758753298e+00
33	90	52	71	3.25430000000000e+02	1.19380520836412e+03	3.00000000000000e-02	0.00000000000000e+00	0.00000000000000e+00	2.53701243001777e+02	8.29966728899949e+00
34	91	53	72	3.66650000000000e+02	1.19380520836412e+03	3.00000000000000e-02	0.00000000000000e+00	0.00000000000000e+00	2.81746218365652e+02	8.78003278865898e+00
35	92	54	73	3.52860000000000e+02	1.19380520836412e+03	3.00000000000000e-02	0.00000000000000e+00	0.00000000000000e+00	3.08832617310263e+02	4.44239797075312e+00
36	93	55	74	5.03040000000000e+02	1.19380520836412e+03	3.00000000000000e-02	0.00000000000000e+00	0.00000000000000e+00	3.33668307618694e+02	1.36840760409208e+01
37	94	56	75	3.57980000000000e+02	1.19380520836412e+03	3.00000000000000e-02	0.00000000000000e+00	0.00000000000000e+00	3.43310860220551e+02	1.39469280577987e+00
38	95	57	76	3.44880000000000e+02	1.19380520836412e+03	3.00000000000000e-02	0.00000000000000e+00	0.00000000000000e+00	3.33936414071083e+02	1.07486442062911e+00
39	96	58	77	3.20040000000000e+02	1.19380520836412e+03	3.00000000000000e-02	0.00000000000000e+00	0.00000000000000e+00	3.10683784994785e+02	9.89012052265152e-01
40	97	59	78	3.03470000000000e+02	1.19380520836412e+03	3.00000000000000e-02	0.00000000000000e+00	0.00000000000000e+00	2.90153644254553e+02	1.49573894567177e+00
41	98	60	79	2.84590000000000e+02	1.19380520836412e+03	3.00000000000000e-02	0.00000000000000e+00	0.00000000000000e+00	2.73450988384130e+02	1.33090479070071e+00
42	99	61	80	2.59450000000000e+02	1.19380520836412e+03	3.00000000000000e-02	0.00000000000000e+00	0.00000000000000e+00	2.45657687279461e+02	1.82083180205908e+00
43	100	62	81	2.37860000000000e+02	1.19380520836412e+03	3.00000000000000e-02	0.00000000000000e+00	0.00000000000000e+00	2.21916977344796e+02	2.31263097658661e+00
44	101	63	82	2.14720000000000e+02	1.19380520836412e+03	3.00000000000000e-02	0.00000000000000e+00	0.00000000000000e+00	2.11090760984813e+02	5.68222198214337e-01
45	102	64	83	2.58660000000000e+02	1.19380520836412e+03	3.00000000000000e-02	0.00000000000000e+00	0.00000000000000e+00	2.19132139585420e+02	5.52798443423323e+00
46	103	65	84	3.02380000000000e+02	1.19380520836412e+03	3.00000000000000e-02	0.00000000000000e+00	0.00000000000000e+00	2.43248864516927e+02	7.25331504880830e+00
47	104	66	85	2.53400000000000e+02	1.19380520836412e+03	3.00000000000000e-02	0.00000000000000e+00	0.00000000000000e+00	2.52556012582732e+02	1.11207058729542e-01
48	105	67	86	1.99950000000000e+02	1.19380520836412e+03	3.00000000000000e-02	0.00000000000000e+00	0.00000000000000e+00	2.67058486868057e+02	-9.64667836864459e+00
49	106	68	87	2.33480000000000e+02	1.19380520836412e+03	3.00000000000000e-02	0.00000000000000e+00	0.00000000000000e+00	2.80685004804949e+02	-6.13788802963538e+00
50	107	69	88	2.67010000000000e+02	1.19380520836412e+03	3.00000000000000e-02	0.00000000000000e+00	0.00000000000000e+00	2.94402228459798e+02	-3.25536151467508e+00
51	108	70	89	2.97330000000000e+02	1.19380520836412e+03	3.00000000000000e-02	0.00000000000000e+00	0.00000000000000e+00	2.95271558783982e+02	2.31572064387287e-01
52	109	71	90	2.97330000000000e+02	1.19380520836412e+03	3.00000000000000e-02	0.00000000000000e+00	0.00000000000000e+00	2.89719633111330e+02	8.64298670547825e-01
53	110	72	91	2.72820000000000e+02	1.19380520836412e+03	3.00000000000000e-02	0.00000000000000e+00	0.00000000000000e+00	2.70420425470702e+02	2.94478592188311e-01
54	111	73	92	2.73310000000000e+02	1.19380520836412e+03	3.00000000000000e-02	0.00000000000000e+00	0.00000000000000e+00	2.56615009437225e+02	2.10099127006096e+00
55	112	74	93	2.33770000000000e+02	1.19380520836412e+03	3.00000000000000e-02	0.00000000000000e+00	0.00000000000000e+00	2.45352939866959e+02	-1.61200062658417e+00
56	113	75	94	2.35280000000000e+02	1.19380520836412e+03	3.00000000000000e-02	0.00000000000000e+00	0.00000000000000e+00	2.44999936748013e+02	-1.34938860425257e+00
57	114	76	95	2.31380000000000e+02	1.19380520836412e+03	3.00000000000000e-02	0.00000000000000e+00	0.00000000000000e+00	2.34582804310105e+02	-4.58241834044001e-01
58	115	77	96	2.20430000000000e+02	1.19380520836412e+03	3.00000000000000e-02	0.00000000000000e+00	0.00000000000000e+00	2.21865098533473e+02	-2.16311624588084e-01
59	116	78	97	1.97770000000000e+02	1.19380520836412e+03	3.00000000000000e-02	0.00000000000000e+00	0.00000000000000e+00	2.14800029599857e+02	-2.75342537009031e+00
60	117	79	98	2.18320000000000e+02	1.19380520836412e+03	3.00000000000000e-02	0.00000000000000e+00	0.00000000000000e+00	2.15912986669943e+02	3.69546312284896e-01
61	118	80	99	2.27480000000000e+02	1.19380520836412e+03	3.00000000000000e-02	0.00000000000000e+00	0.00000000000000e+00	2.22563930576030e+02	7.28264455720525e-01
62	119	81	100	2.43220000000000e+02	1.19380520836412e+03	3.00000000000000e-02	0.00000000000000e+00	0.00000000000000e+00	2.31868565342129e+02	1.59319003740936e+00
63	120	82	101	2.43930000000000e+02	1.19380520836412e+03	3.00000000000000e-02	0.00000000000000e+00	0.00000000000000e+00	2.33621925668446e+02	1.43923974854336e+00
64	121	83	102	2.26240000000000e+02	1.19380520836412e+03	3.00000000000000e-02	0.00000000000000e+00	0.00000000000000e+00	2.21831370400243e+02	6.55962742146787e-01
65	122	84	103	2.00230000000000e+02	1.19380520836412e+03	3.00000000000000e-02	0.00000000000000e+00	0.00000000000000e+00	2.08255021836454e+02	-1.30988964708031e+00
66	123	85	104	1.85950000000000e+02	1.19380520836412e+03	3.00000000000000e-02	0.00000000000000e+00	0.00000000000000e+00	2.09044933675125e+02	-3.90238007155978e+00
67	124	86	105	1.82930000000000e+02	1.19380520836412e+03	3.00000000000000e-02	0.00000000000000e+00	0.00000000000000e+00	2.04567618053625e+02	-3.72650018185835e+00
68	125	87	106	1.84620000000000e+02	1.19380520836412e+03	3.00000000000000e-02	0.00000000000000e+00	0.00000000000000e+00	1.97216930889102e+02	-2.20015454522284e+00
69	126	88	107	1.81180000000000e+02	1.19380520836412e+03	3.00000000000000e-02	0.00000000000000e+00	0.00000000000000e+00	1.88288767150995e+02	-1.28285892127723e+00
70	127	89	108	1.62180000000000e+02	1.19380520836412e+03	3.00000000000000e-02	0.00000000000000e+00	0.00000000000000e+00	1.83808921546609e+02	-4.17299728845914e+00
71	128	90	109	1.41350000000000e+02	1.19380520836412e+03	3.00000000000000e-02	0.00000000000000e+00	0.00000000000000e+00	1.87580684936358e+02	-9.43233294568300e+00
72	129	91	110	1.70550000000000e+02	1.19380520836412e+03	3.00000000000000e-02	0.00000000000000e+00	0.00000000000000e+00	1.97873722838937e+02	-4.95335183108523e+00
73	130	92	111	1.84080000000000e+02	1.19380520836412e+03	3.00000000000000e-02	0.00000000000000e+00	0.00000000000000e+00	2.07588707958159e+02	-4.00627702733759e+00
74	131	93	112	2.07190000000000e+02	1.19380520836412e+03	3.00000000000000e-02	0.00000000000000e+00	0.00000000000000e+00	2.19985915556848e+02	-1.99757591448154e+00
75	132	94	113	2.18410000000000e+02	1.19380520836412e+03	3.00000000000000e-02	0.00000000000000e+00	0.00000000000000e+00	2.26819012403637e+02	-1.25927889706752e+00
76	133	95	114	2.28410000000000e+02	1.19380520836412e+03	3.00000000000000e-02	0.00000000000000e+00	0.00000000000000e+00	2.31649572605435e+02	-4.69450239968427e-01
77	134	96	115	2.34800000000000e+02	1.19380520836412e+03	3.00000000000000e-02	0.00000000000000e+00	0.00000000000000e+00	2.36834903138501e+02	-2.87639973496449e-01
78	135	97	116	2.42180000000000e+02	1.19380520836412e+03	3.00000000000000e-02	0.00000000000000e+00	0.00000000000000e+00	2.41256461241875e+02	1.27357637200879e-01
79	136	98	117	2.47940000000000e+02	1.19380520836412e+03	3.00000000000000e-02	0.00000000000000e+00	0.00000000000000e+00	2.41243441728273e+02	9.12674203547681e-01
80	137	99	118	2.35750000000000e+02	1.19380520836412e+03	3.00000000000000e-02	0.00000000000000e+00	0.00000000000000e+00	2.44828974518671e+02	-1.25959940275025e+00
81	138	100	119	2.51270000000000e+02	1.19380520836412e+03	3.00000000000000e-02	0.00000000000000e+00	0.00000000000000e+00	2.53400234396794e+02	-2.81404489947571e-01
82	139	101	120	2.48900000000000e+02	1.19380520836412e+03	3.00000000000000e-02	0.00000000000000e+00	0.00000000000000e+00	2.64461245640543e+02	-2.02145039574623e+00
83	140	102	121	2.82310000000000e+02	1.19380520836412e+03	3.00000000000000e-02	0.00000000000000e+00	0.00000000000000e+00	2.91982060799202e+02	-1.12288689404254e+00
84	141	103	122	3.09540000000000e+02	1.19380520836412e+03	3.00000000000000e-02	0.00000000000000e+00	0.00000000000000e+00	3.26513781914723e+02	-1.77949448040454e+00
85	142	104	123	3.45780000000000e+02	1.19380520836412e+03	3.00000000000000e-02	0.00000000000000e+00	0.00000000000000e+00	3.48802292072193e+02	-2.90084288149917e-01
86	143	105	124	3.87170000000000e+02	1.19380520836412e+03	3.00000000000000e-02	0.00000000000000e+00	0.00000000000000e+00	3.71243446061468e+02	1.40019456024344e+00
87	144	106	125	4.03580000000000e+02	1.19380520836412e+03	3.00000000000000e-02	0.00000000000000e+00	0.00000000000000e+00	3.87470682100135e+02	1.35781821343516e+00
88	145	107	126	4.70890000000000e+02	1.19380520836412e+03	3.00000000000000e-02	0.00000000000000e+00	0.00000000000000e+00	3.92426883876375e+02	6.07580947802448e+00
89	146	108	127	4.10160000000000e+02	1.19380520836412e+03	3.00000000000000e-02	0.00000000000000e+00	0.00000000000000e+00	3.91650538363775e+02	1.53924563529462e+00
90	147	109	128	4.53040000000000e+02	1.19380520836412e+03	3.00000000000000e-02	0.00000000000000e+00	0.00000000000000e+00	3.86253440351217e+02	5.31622288583649e+00
91	148	110	129	3.98000000000000e+02	1.19380520836412e+03	3.00000000000000e-02	0.00000000000000e+00	0.00000000000000e+00	3.75868864024588e+02	1.90705628731882e+00
92	149	111	130	3.97980000000000e+02	1.19380520836412e+03	3.00000000000000e-02	0.00000000000000e+00	0.00000000000000e+00	3.68113527744365e+02	2.60034542891254e+00
93	150	112	131	3.73510000000000e+02	1.19380520836412e+03	3.00000000000000e-02	0.00000000000000e+00	0.00000000000000e+00	3.63444320134928e+02	9.10622326858472e-01
94	151	113	132	3.79720000000000e+02	1.19380520836412e+03	3.00000000000000e-02	0.00000000000000e+00	0.00000000000000e+00	3.65685295178751e+02	1.25536749110055e+00
95	152	114	133	3.75080000000000e+02	1.19380520836412e+03	3.00000000000000e-02	0.00000000000000e+00	0.00000000000000e+00	3.57751894415855e+02	1.57665409222023e+00
96	153	115	134	3.78810000000000e+02	1.19380520836412e+03	3.00000000000000e-02	0.00000000000000e+00	0.00000000000000e+00	3.53214741009682e+02	2.33195188905994e+00
97	154	116	135	3.78150000000000e+02	1.19380520836412e+03	3.00000000000000e-02	0.00000000000000e+00	0.00000000000000e+00	3.42334270480561e+02	3.31677611723068e+00
98	155	117	136	3.41870000000000e+02	1.19380520836412e+03	3.00000000000000e-02	0.00000000000000e+00	0.00000000000000e+00	3.44368854396973e+02	-2.42759541198190e-01
99	156	118	137	3.46460000000000e+02	1.19380520836412e+03	3.00000000000000e-02	0.00000000000000e+00	0.00000000000000e+00	3.44383551950649e+02	2.00378633381041e-01
100	157	119	138	3.27770000000000e+02	1.19380520836412e+03	3.00000000000000e-02	0.00000000000000e+00	0.00000000000000e+00	3.38668192544938e+02	-1.09029007012301e+00
101	158	120	139	3.28260000000000e+02	1.19380520836412e+03	3.00000000000000e-02	0.00000000000000e+00	0.00000000000000e+00	3.35046773498653e+02	-6.82138905300593e-01
102	159	121	140	3.24480000000000e+02	1.19380520836412e+03	3.00000000000000e-02	0.00000000000000e+00	0.00000000000000e+00	3.22393732908780e+02	2.15010979592497e-01
103	160	122	141	3.19490000000000e+02	1.19380520836412e+03	3.00000000000000e-02	0.00000000000000e+00	0.00000000000000e+00	3.19804631738604e+02	-3.28103035633613e-02
104	161	123	142	3.19880000000000e+02	1.19380520836412e+03	3.00000000000000e-02	0.00000000000000e+00	0.00000000000000e+00	3.21172489978387e+02	-1.34413510068428e-01
105	162	124	143	3.10980000000000e+02	1.19380520836412e+03	3.00000000000000e-02	0.00000000000000e+00	0.00000000000000e+00	3.20366986029813e+02	-9.91285619951713e-01
106	163	125	144	3.15380000000000e+02	1.19380520836412e+03	3.00000000000000e-02	0.00000000000000e+00	0.00000000000000e+00	3.21636783902105e+02	-6.54821586392718e-01
107	164	126	145	3.74690000000000e+02	1.19380520836412e+03	3.00000000000000e-02	0.00000000000000e+00	0.00000000000000e+00	3.35424626710508e+02	3.69005819452122e+00
108	165	127	146	3.35500000000000e+02	1.19380520836412e+03	3.00000000000000e-02	0.00000000000000e+00	0.00000000000000e+00	3.38013960341819e+02	-2.48841366826458e-01
109	166	128	147	3.21430000000000e+02	1.19380520836412e+03	3.00000000000000e-02	0.00000000000000e+00	0.00000000000000e+00	3.34711351183947e+02	-1.34962438556189e+00
110	167	129	148	3.65600000000000e+02	1.19380520836412e+03	3.00000000000000e-02	0.00000000000000e+00	0.00000000000000e+00	3.30972175121561e+02	3.31685102710958e+00
111	168	130	149	3.52990000000000e+02	1.19380520836412e+03	3.00000000000000e-02	0.00000000000000e+00	0.00000000000000e+00	3.33315076262048e+02	1.91171701066540e+00
112	169	131	150	2.85040000000000e+02	1.19380520836412e+03	3.00000000000000e-02	0.00000000000000e+00	0.00000000000000e+00	3.25384556957950e+02	-4.41260712397786e+00
113	170	132	151	3.23310000000000e+02	1.19380520836412e+03	3.00000000000000e-02	0.00000000000000e+00	0.00000000000000e+00	3.25327150095230e+02	-2.07322547756454e-01
114	171	133	152	3.32150000000000e+02	1.19380520836412e+03	3.00000000000000e-02	0.00000000000000e+00	0.00000000000000e+00	3.21651214236748e+02	1.07063004121667e+00
115	172	134	153	3.10800000000000e+02	1.19380520836412e+03	3.00000000000000e-02	0.00000000000000e+00	0.00000000000000e+00	3.14340784290262e+02	-3.77602639654384e-01
116	173	135	154	8.94550000000000e+02	1.19380520836412e+03	3.00000000000000e-02	0.00000000000000e+00	0.00000000000000e+00	3.10804183782919e+02	3.52385906265980e+01
117	174	136	155	6.00310000000000e+02	1.19380520836412e+03	3.00000000000000e-02	0.00000000000000e+00	0.00000000000000e+00	2.93753761824528e+02	2.38234772289673e+01
118	175	137	156	4.33870000000000e+02	1.19380520836412e+03	3.00000000000000e-02	0.00000000000000e+00	0.00000000000000e+00	2.88097566492916e+02	1.36481918249583e+01
119	176	138	157	3.09060000000000e+02	1.19380520836412e+03	3.00000000000000e-02	0.00000000000000e+00	0.00000000000000e+00	2.36004946432795e+02	8.98942228461961e+00
1	61	21	41	2.49840000000000e+02	1.25663706143592e+03	3.00000000000000e-02	0.00000000000000e+00	0.00000000000000e+00	2.18295259104162e+02	4.49907223323717e+00
3	62	22	42	1.90630000000000e+02	1.25663706143592e+03	3.00000000000000e-02	0.00000000000000e+00	0.00000000000000e+00	1.94884823396707e+02	-7.35811942940708e-01
4	63	23	43	1.93800000000000e+02	1.25663706143592e+03	3.00000000000000e-02	0.00000000000000e+00	0.00000000000000e+00	1.85830826762033e+02	1.39966577191754e+00
2	64	24	44	1.83750000000000e+02	1.25663706143592e+03	3.00000000000000e-02	0.00000000000000e+00	0.00000000000000e+00	1.84518050324287e+02	-1.39038477940012e-01
5	65	25	45	2.03680000000000e+02	1.25663706143592e+03	3.00000000000000e-02	0.00000000000000e+00	0.00000000000000e+00	1.86725350226415e+02	2.89704376469733e+00
6	66	26	46	2.30410000000000e+02	1.25663706143592e+03	3.00000000000000e-02	0.00000000000000e+00	0.00000000000000e+00	1.82601586866629e+02	7.75178907122607e+00
7	67	27	47	1.95760000000000e+02	1.25663706143592e+03	3.00000000000000e-02	0.00000000000000e+00	0.00000000000000e+00	1.95656828289743e+02	1.75723517214325e-02
8	68	28	48	2.07240000000000e+02	1.25663706143592e+03	3.00000000000000e-02	0.00000000000000e+00	0.00000000000000e+00	1.90576687072873e+02	2.79409571903688e+00
9	69	29	49	1.72250000000000e+02	1.25663706143592e+03	3.00000000000000e-02	0.00000000000000e+00	0.00000000000000e+00	1.87168121377563e+02	-2.76867826206357e+00
10	70	30	50	1.55780000000000e+02	1.25663706143592e+03	3.00000000000000e-02	0.00000000000000e+00	0.00000000000000e+00	1.78191066062980e+02	-4.48038746538100e+00
11	71	31	51	1.52970000000000e+02	1.25663706143592e+03	3.00000000000000e-02	0.00000000000000e+00	0.00000000000000e+00	1.63512550837344e+02	-2.22159757290402e+00
12	72	32	52	1.29570000000000e+02	1.25663706143592e+03	3.00000000000000e-02	0.00000000000000e+00	0.00000000000000e+00	1.53665833175375e+02	-5.68530182172292e+00
13	73	33	53	1.47550000000000e+02	1.25663706143592e+03	3.00000000000000e-02	0.00000000000000e+00	0.00000000000000e+00	1.35725631277044e+02	2.78438901534622e+00
14	74	34	54	1.16780000000000e+02	1.25663706143592e+03	3.00000000000000e-02	0.00000000000000e+00	0.00000000000000e+00	1.18435331938497e+02	-4.69175557377503e-01
15	75	35	55	1.11910000000000e+02	1.25663706143592e+03	3.00000000000000e-02	0.00000000000000e+00	0.00000000000000e+00	1.13708768822935e+02	-5.31518113534268e-01
16	76	36	56	1.19710000000000e+02	1.25663706143592e+03	3.00000000000000e-02	0.00000000000000e+00	0.00000000000000e+00	1.18049087688175e+02	4.65720531436957e-01
17	77	37	57	1.18740000000000e+02	1.25663706143592e+03	3.00000000000000e-02	0.00000000000000e+00	0.00000000000000e+00	1.21337186030768e+02	-7.21236754094079e-01
18	78	38	58	1.30580000000000e+02	1.25663706143592e+03	3.00000000000000e-02	0.00000000000000e+00	0.00000000000000e+00	1.32426417013698e+02	-4.68036070491351e-01
19	79	39	59	1.39010000000000e+02	1.25663706143592e+03	3.00000000000000e-02	0.00000000000000e+00	0.00000000000000e+00	1.44077862280715e+02	-1.19359969128707e+00
20	80	40	60	1.39010000000000e+02	1.25663706143592e+03	3.00000000000000e-02	0.00000000000000e+00	0.00000000000000e+00	1.55117528412275e+02	-3.65457348089091e+00
21	81	41	61	1.51390000000000e+02	1.25663706143592e+03	3.00000000000000e-02	0.00000000000000e+00	0.00000000000000e+00	1.75339777053987e+02	-4.89554620096605e+00
22	82	42	62	1.83320000000000e+02	1.25663706143592e+03	3.00000000000000e-02	0.00000000000000e+00	0.00000000000000e+00	1.95814455032993e+02	-2.19780977436645e+00
23	83	43	63	1.91500000000000e+02	1.25663706143592e+03	3.00000000000000e-02	0.00000000000000e+00	0.00000000000000e+00	2.04133512641116e+02	-2.12954816266479e+00
24	84	44	64	2.05630000000000e+02	1.25663706143592e+03	3.00000000000000e-02	0.00000000000000e+00	0.00000000000000e+00	2.05918244467620e+02	-4.66927055133700e-02
25	85	45	65	2.02520000000000e+02	1.25663706143592e+03	3.00000000000000e-02	0.00000000000000e+00	0.00000000000000e+00	2.11068904649057e+02	-1.37819984607651e+00
26	86	46	66	2.19190000000000e+02	1.25663706143592e+03	3.00000000000000e-02	0.00000000000000e+00	0.00000000000000e+00	2.16371910974248e+02	4.31339882025661e-01
27	87	47	67	2.22680000000000e+02	1.25663706143592e+03	3.00000000000000e-02	0.00000000000000e+00	0.00000000000000e+00	2.15559748174123e+02	1.08325461636613e+00
28	88	48	68	2.62930000000000e+02	1.25663706143592e+03	3.00000000000000e-02	0.00000000000000e+00	0.00000000000000e+00	2.12330053963514e+02	7.12486382374102e+00
29	89	49	69	2.58010000000000e+02	1.25663706143592e+03	3.00000000000000e-02	0.00000000000000e+00	0.00000000000000e+00	2.15082171504875e+02	6.06593985679898e+00
30	90	50	70	2.70780000000000e+02	1.25663706143592e+03	3.00000000000000e-02	0.00000000000000e+00	0.00000000000000e+00	2.21327113897492e+02	6.72216408380590e+00
31	91	51	71	2.97350000000000e+02	1.25663706143592e+03	3.00000000000000e-02	0.00000000000000e+00	0.00000000000000e+00	2.41587087608796e+02	6.92266256160089e+00
32	92	52	72	3.19640000000000e+02	1.25663706143592e+03	3.00000000000000e-02	0.00000000000000e+00	0.00000000000000e+00	2.60845243896507e+02	6.77560221005414e+00
33	93	53	73	3.72020000000000e+02	1.25663706143592e+03	3.00000000000000e-02	0.00000000000000e+00	0.00000000000000e+00	2.87789735882543e+02	8.55724955049843e+00
34	94	54	74	3.59580000000000e+02	1.25663706143592e+03	3.00000000000000e-02	0.00000000000000e+00	0.00000000000000e+00	3.14370561136518e+02	4.47880875297001e+00
35	95	55	75	3.69230000000000e+02	1.25663706143592e+03	3.00000000000000e-02	0.00000000000000e+00	0.00000000000000e+00	3.32319016813639e+02	3.51081181761999e+00
36	96	56	76	3.48360000000000e+02	1.25663706143592e+03	3.00000000000000e-02	0.00000000000000e+00	0.00000000000000e+00	3.38290936733696e+02	9.77671433848215e-01
37	97	57	77	3.45060000000000e+02	1.25663706143592e+03	3.00000000000000e-02	0.00000000000000e+00	0.00000000000000e+00	3.33860853685985e+02	1.09980048372925e+00
38	98	58	78	3.29190000000000e+02	1.25663706143592e+03	3.00000000000000e-02	0.00000000000000e+00	0.00000000000000e+00	3.08665557685976e+02	2.14589128364047e+00
39	99	59	79	2.98200000000000e+02	1.25663706143592e+03	3.00000000000000e-02	0.00000000000000e+00	0.00000000000000e+00	2.87366246817664e+02	1.23356262686227e+00
40	100	60	80	2.76470000000000e+02	1.25663706143592e+03	3.00000000000000e-02	0.00000000000000e+00	0.00000000000000e+00	2.70764807226861e+02	6.95058064306438e-01
41	101	61	81	2.52360000000000e+02	1.25663706143592e+03	3.00000000000000e-02	0.00000000000000e+00	0.00000000000000e+00	2.48301271637032e+02	5.40460854271233e-01
42	102	62	82	2.39860000000000e+02	1.25663706143592e+03	3.00000000000000e-02	0.00000000000000e+00	0.00000000000000e+00	2.30067018902083e+02	1.38949222647981e+00
43	103	63	83	2.64410000000000e+02	1.25663706143592e+03	3.00000000000000e-02	0.00000000000000e+00	0.00000000000000e+00	2.34821226209952e+02	3.95588145473441e+00
44	104	64	84	2.02480000000000e+02	1.25663706143592e+03	3.00000000000000e-02	0.00000000000000e+00	0.00000000000000e+00	2.53318328131814e+02	-7.46685985208471e+00
45	105	65	85	2.29740000000000e+02	1.25663706143592e+03	3.00000000000000e-02	0.00000000000000e+00	0.00000000000000e+00	2.57929049169009e+02	-3.85787697210486e+00
46	106	66	86	2.57010000000000e+02	1.25663706143592e+03	3.00000000000000e-02	0.00000000000000e+00	0.00000000000000e+00	2.67116735654284e+02	-1.28569267983728e+00
47	107	67	87	2.73730000000000e+02	1.25663706143592e+03	3.00000000000000e-02	0.00000000000000e+00	0.00000000000000e+00	2.71402305125152e+02	2.84665942530626e-01
48	108	68	88	2.85250000000000e+02	1.25663706143592e+03	3.00000000000000e-02	0.00000000000000e+00	0.00000000000000e+00	2.78683050690436e+02	7.76362390341431e-01
49	109	69	89	2.58500000000000e+02	1.25663706143592e+03	3.00000000000000e-02	0.00000000000000e+00	0.00000000000000e+00	2.75099913069743e+02	-2.07462193289597e+00
50	110	70	90	2.80780000000000e+02	1.25663706143592e+03	3.00000000000000e-02	0.00000000000000e+00	0.00000000000000e+00	2.78425829228395e+02	2.80658099541794e-01
51	111	71	91	2.80780000000000e+02	1.25663706143592e+03	3.00000000000000e-02	0.00000000000000e+00	0.00000000000000e+00	2.76802069462686e+02	4.75624814856701e-01
52	112	72	92	2.61940000000000e+02	1.25663706143592e+03	3.00000000000000e-02	0.00000000000000e+00	0.00000000000000e+00	2.59875100308286e+02	2.63811257882788e-01
53	113	73	93	2.51000000000000e+02	1.25663706143592e+03	3.00000000000000e-02	0.00000000000000e+00	0.00000000000000e+00	2.42954509260273e+02	1.08595726688190e+00
54	114	74	94	2.28140000000000e+02	1.25663706143592e+03	3.00000000000000e-02	0.00000000000000e+00	0.00000000000000e+00	2.31456608902547e+02	-4.81098193741876e-01
55	115	75	95	1.91020000000000e+02	1.25663706143592e+03	3.00000000000000e-02	0.00000000000000e+00	0.00000000000000e+00	2.14313207764030e+02	-3.83534660323637e+00
56	116	76	96	1.92540000000000e+02	1.25663706143592e+03	3.00000000000000e-02	0.00000000000000e+00	0.00000000000000e+00	2.04303583204826e+02	-1.97677054189791e+00
57	117	77	97	1.91930000000000e+02	1.25663706143592e+03	3.00000000000000e-02	0.00000000000000e+00	0.00000000000000e+00	1.93355541800127e+02	-2.46665247910845e-01
58	118	78	98	1.77430000000000e+02	1.25663706143592e+03	3.00000000000000e-02	0.00000000000000e+00	0.00000000000000e+00	1.90634281159248e+02	-2.39268897631595e+00
59	119	79	99	1.93170000000000e+02	1.25663706143592e+03	3.00000000000000e-02	0.00000000000000e+00	0.00000000000000e+00	1.98033445959848e+02	-8.28843506675299e-01
60	120	80	100	1.96330000000000e+02	1.25663706143592e+03	3.00000000000000e-02	0.00000000000000e+00	0.00000000000000e+00	2.03680268587287e+02	-1.22515121901419e+00
61	121	81	101	2.21020000000000e+02	1.25663706143592e+03	3.00000000000000e-02	0.00000000000000e+00	0.00000000000000e+00	2.08573216914546e+02	1.93210184341683e+00
62	122	82	102	2.24590000000000e+02	1.25663706143592e+03	3.00000000000000e-02	0.00000000000000e+00	0.00000000000000e+00	2.14498711178017e+02	1.53242626199015e+00
63	123	83	103	2.12930000000000e+02	1.25663706143592e+03	3.00000000000000e-02	0.00000000000000e+00	0.00000000000000e+00	2.12506578754318e+02	6.63508823066946e-02
64	124	84	104	1.82560000000000e+02	1.25663706143592e+03	3.00000000000000e-02	0.00000000000000e+00	0.00000000000000e+00	2.05190090480464e+02	-3.89526446704049e+00
65	125	85	105	1.37340000000000e+02	1.25663706143592e+03	3.00000000000000e-02	0.00000000000000e+00	0.00000000000000e+00	2.07845616431078e+02	-1.38111990741317e+01
66	126	86	106	1.79180000000000e+02	1.25663706143592e+03	3.00000000000000e-02	0.00000000000000e+00	0.00000000000000e+00	2.04572115928122e+02	-4.41765570913457e+00
67	127	87	107	1.93810000000000e+02	1.25663706143592e+03	3.00000000000000e-02	0.00000000000000e+00	0.00000000000000e+00	1.97977795710079e+02	-7.09219460500184e-01
68	128	88	108	1.84180000000000e+02	1.25663706143592e+03	3.00000000000000e-02	0.00000000000000e+00	0.00000000000000e+00	1.89966551580371e+02	-1.03114906852690e+00
69	129	89	109	1.74550000000000e+02	1.25663706143592e+03	3.00000000000000e-02	0.00000000000000e+00	0.00000000000000e+00	1.90587058633149e+02	-2.92992857738792e+00
70	130	90	110	1.67670000000000e+02	1.25663706143592e+03	3.00000000000000e-02	0.00000000000000e+00	0.00000000000000e+00	1.90628496888042e+02	-4.27762431914713e+00
71	131	91	111	1.69020000000000e+02	1.25663706143592e+03	3.00000000000000e-02	0.00000000000000e+00	0.00000000000000e+00	1.93676197590597e+02	-4.53902096296283e+00
72	132	92	112	1.90530000000000e+02	1.25663706143592e+03	3.00000000000000e-02	0.00000000000000e+00	0.00000000000000e+00	2.04998823586470e+02	-2.43981926787879e+00
73	133	93	113	1.97070000000000e+02	1.25663706143592e+03	3.00000000000000e-02	0.00000000000000e+00	0.00000000000000e+00	2.11595605306888e+02	-2.37059784416459e+00
74	134	94	114	2.03790000000000e+02	1.25663706143592e+03	3.00000000000000e-02	0.00000000000000e+00	0.00000000000000e+00	2.17779523515595e+02	-2.21310463759773e+00
75	135	95	115	2.16190000000000e+02	1.25663706143592e+03	3.00000000000000e-02	0.00000000000000e+00	0.00000000000000e+00	2.31329000183320e+02	-2.25610966002889e+00
76	136	96	116	2.30220000000000e+02	1.25663706143592e+03	3.00000000000000e-02	0.00000000000000e+00	0.00000000000000e+00	2.41809892301406e+02	-1.63721583154324e+00
77	137	97	117	2.57910000000000e+02	1.25663706143592e+03	3.00000000000000e-02	0.00000000000000e+00	0.00000000000000e+00	2.51297477047186e+02	8.65776065353992e-01
78	138	98	118	2.67970000000000e+02	1.25663706143592e+03	3.00000000000000e-02	0.00000000000000e+00	0.00000000000000e+00	2.61274929895145e+02	8.43393659476721e-01
79	139	99	119	2.61420000000000e+02	1.25663706143592e+03	3.00000000000000e-02	0.00000000000000e+00	0.00000000000000e+00	2.63758045087387e+02	-2.96795922288921e-01
80	140	100	120	2.67250000000000e+02	1.25663706143592e+03	3.00000000000000e-02	0.00000000000000e+00	0.00000000000000e+00	2.66796032731521e+02	5.66701932042335e-02
81	141	101	121	2.79820000000000e+02	1.25663706143592e+03	3.00000000000000e-02	0.00000000000000e+00	0.00000000000000e+00	2.77774867953222e+02	2.44519373611111e-01
82	142	102	122	2.91170000000000e+02	1.25663706143592e+03	3.00000000000000e-02	0.00000000000000e+00	0.00000000000000e+00	2.89945702150959e+02	1.40453918317895e-01
83	143	103	123	3.10120000000000e+02	1.25663706143592e+03	3.00000000000000e-02	0.00000000000000e+00	0.00000000000000e+00	3.12772728553747e+02	-2.83916686303195e-01
84	144	104	124	3.29210000000000e+02	1.25663706143592e+03	3.00000000000000e-02	0.00000000000000e+00	0.00000000000000e+00	3.48151115415641e+02	-1.86469267358502e+00
85	145	105	125	3.77800000000000e+02	1.25663706143592e+03	3.00000000000000e-02	0.00000000000000e+00	0.00000000000000e+00	3.56919171886665e+02	1.89518694010905e+00
86	146	106	126	3.80490000000000e+02	1.25663706143592e+03	3.00000000000000e-02	0.00000000000000e+00	0.00000000000000e+00	3.71189282486013e+02	8.24925595511150e-01
87	147	107	127	4.19930000000000e+02	1.25663706143592e+03	3.00000000000000e-02	0.00000000000000e+00	0.00000000000000e+00	3.78872049237933e+02	3.42964945310804e+00
88	148	108	128	4.04770000000000e+02	1.25663706143592e+03	3.00000000000000e-02	0.00000000000000e+00	0.00000000000000e+00	3.82184000662812e+02	1.91389449299401e+00
89	149	109	129	3.99980000000000e+02	1.25663706143592e+03	3.00000000000000e-02	0.00000000000000e+00	0.00000000000000e+00	3.65521900288091e+02	3.00294499180982e+00
90	150	110	130	4.13060000000000e+02	1.25663706143592e+03	3.00000000000000e-02	0.00000000000000e+00	0.00000000000000e+00	3.63212039198482e+02	4.28686890362734e+00
91	151	111	131	3.93690000000000e+02	1.25663706143592e+03	3.00000000000000e-02	0.00000000000000e+00	0.00000000000000e+00	3.65096166731450e+02	2.51343360663154e+00
92	152	112	132	3.79170000000000e+02	1.25663706143592e+03	3.00000000000000e-02	0.00000000000000e+00	0.00000000000000e+00	3.49713696801721e+02	2.69566142445550e+00
93	153	113	133	3.77780000000000e+02	1.25663706143592e+03	3.00000000000000e-02	0.00000000000000e+00	0.00000000000000e+00	3.55499215654874e+02	2.02629908927389e+00
94	154	114	134	3.99560000000000e+02	1.25663706143592e+03	3.00000000000000e-02	0.00000000000000e+00	0.00000000000000e+00	3.58710667164422e+02	3.59492730556455e+00
95	155	115	135	3.67040000000000e+02	1.25663706143592e+03	3.00000000000000e-02	0.00000000000000e+00	0.00000000000000e+00	3.56541122663843e+02	9.67374988278546e-01
96	156	116	136	3.50500000000000e+02	1.25663706143592e+03	3.00000000000000e-02	0.00000000000000e+00	0.00000000000000e+00	3.61709223934158e+02	-1.04933112577606e+00
97	157	117	137	3.52950000000000e+02	1.25663706143592e+03	3.00000000000000e-02	0.00000000000000e+00	0.00000000000000e+00	3.60940238535183e+02	-7.46199885452429e-01
98	158	118	138	3.40460000000000e+02	1.25663706143592e+03	3.00000000000000e-02	0.00000000000000e+00	0.00000000000000e+00	3.47984336734833e+02	-7.28660833081089e-01
99	159	119	139	3.51580000000000e+02	1.25663706143592e+03	3.00000000000000e-02	0.00000000000000e+00	0.00000000000000e+00	3.44125923687484e+02	7.14321124996313e-01
100	160	120	140	3.42920000000000e+02	1.25663706143592e+03	3.00000000000000e-02	0.00000000000000e+00	0.00000000000000e+00	3.41265758090591e+02	1.61188694089690e-01
101	161	121	141	3.41120000000000e+02	1.25663706143592e+03	3.00000000000000e-02	0.00000000000000e+00	0.00000000000000e+00	3.33542707880297e+02	7.48780158986465e-01
102	162	122	142	3.29460000000000e+02	1.25663706143592e+03	3.00000000000000e-02	0.00000000000000e+00	0.00000000000000e+00	3.23059129082420e+02	6.53986062511288e-01
103	163	123	143	3.23250000000000e+02	1.25663706143592e+03	3.00000000000000e-02	0.00000000000000e+00	0.00000000000000e+00	3.23000540871914e+02	2.57339968220490e-02
104	164	124	144	3.12230000000000e+02	1.25663706143592e+03	3.00000000000000e-02	0.00000000000000e+00	0.00000000000000e+00	3.22467325088795e+02	-1.07539059451357e+00
105	165	125	145	3.00900000000000e+02	1.25663706143592e+03	3.00000000000000e-02	0.00000000000000e+00	0.00000000000000e+00	3.37324265615306e+02	-3.80888988649914e+00
106	166	126	146	3.14770000000000e+02	1.25663706143592e+03	3.00000000000000e-02	0.00000000000000e+00	0.00000000000000e+00	3.36996507522963e+02	-2.27434511551848e+00
107	167	127	147	3.55650000000000e+02	1.25663706143592e+03	3.00000000000000e-02	0.00000000000000e+00	0.00000000000000e+00	3.29456190621292e+02	2.55012377399397e+00
108	168	128	148	3.07140000000000e+02	1.25663706143592e+03	3.00000000000000e-02	0.00000000000000e+00	0.00000000000000e+00	3.22302389867647e+02	-1.60621780457149e+00
109	169	129	149	3.00060000000000e+02	1.25663706143592e+03	3.00000000000000e-02	0.00000000000000e+00	0.00000000000000e+00	3.25204970556566e+02	-2.68244025040885e+00
110	170	130	150	3.33180000000000e+02	1.25663706143592e+03	3.00000000000000e-02	0.00000000000000e+00	0.00000000000000e+00	3.25170468598253e+02	8.11110696662058e-01
111	171	131	151	3.35640000000000e+02	1.25663706143592e+03	3.00000000000000e-02	0.00000000000000e+00	0.00000000000000e+00	3.17177064503361e+02	1.88596586536021e+00
112	172	132	152	3.15350000000000e+02	1.25663706143592e+03	3.00000000000000e-02	0.00000000000000e+00	0.00000000000000e+00	3.28508919576612e+02	-1.36269522955343e+00
113	173	133	153	3.06990000000000e+02	1.25663706143592e+03	3.00000000000000e-02	0.00000000000000e+00	0.00000000000000e+00	3.16491660122306e+02	-1.01605723819379e+00
114	174	134	154	2.70940000000000e+02	1.25663706143592e+03	3.00000000000000e-02	0.00000000000000e+00	0.00000000000000e+00	3.03693149448415e+02	-3.80401402251242e+00
115	175	135	155	2.75950000000000e+02	1.25663706143592e+03	3.00000000000000e-02	0.00000000000000e+00	0.00000000000000e+00	2.97591363322397e+02	-2.51671971860701e+00
116	176	136	156	2.20980000000000e+02	1.25663706143592e+03	3.00000000000000e-02	0.00000000000000e+00	0.00000000000000e+00	2.28947555076515e+02	-1.18069201692205e+00
1	64	22	43	1.66010000000000e+02	1.31946891450771e+03	3.00000000000000e-02	0.00000000000000e+00	0.00000000000000e+00	1.86354408642636e+02	-3.85340853339073e+00
3	65	23	44	1.29490000000000e+02	1.31946891450771e+03	3.00000000000000e-02	0.00000000000000e+00	0.00000000000000e+00	1.77508054498573e+02	-1.05137442420649e+01
4	66	24	45	1.86940000000000e+02	1.31946891450771e+03	3.00000000000000e-02	0.00000000000000e+00	0.00000000000000e+00	1.72676933335984e+02	2.64550994852992e+00
2	67	25	46	1.70350000000000e+02	1.31946891450771e+03	3.00000000000000e-02	0.00000000000000e+00	0.00000000000000e+00	1.74067097649290e+02	-7.19523314995385e-01
5	68	26	47	2.03900000000000e+02	1.31946891450771e+03	3.00000000000000e-02	0.00000000000000e+00	0.00000000000000e+00	1.77406614629071e+02	4.63951072925578e+00
6	69	27	48	1.84400000000000e+02	1.31946891450771e+03	3.00000000000000e-02	0.00000000000000e+00	0.00000000000000e+00	1.79342312170214e+02	9.27032433950803e-01
7	70	28	49	1.84970000000000e+02	1.31946891450771e+03	3.00000000000000e-02	0.00000000000000e+00	0.00000000000000e+00	1.93108408832513e+02	-1.43526950791012e+00
8	71	29	50	1.57870000000000e+02	1.31946891450771e+03	3.00000000000000e-02	0.00000000000000e+00	0.00000000000000e+00	1.80062680860505e+02	-4.38443692441437e+00
9	72	30	51	1.47090000000000e+02	1.31946891450771e+03	3.00000000000000e-02	0.00000000000000e+00	0.00000000000000e+00	1.73840064825401e+02	-5.56970215065089e+00
10	73	31	52	1.35610000000000e+02	1.31946891450771e+03	3.00000000000000e-02	0.00000000000000e+00	0.00000000000000e+00	1.52385935761422e+02	-3.88777449547095e+00
11	74	32	53	1.27320000000000e+02	1.31946891450771e+03	3.00000000000000e-02	0.00000000000000e+00	0.00000000000000e+00	1.39367418263335e+02	-3.01367134034205e+00
12	75	33	54	1.23520000000000e+02	1.31946891450771e+03	3.00000000000000e-02	0.00000000000000e+00	0.00000000000000e+00	1.28754342721592e+02	-1.38343941916611e+00
13	76	34	55	1.19320000000000e+02	1.31946891450771e+03	3.00000000000000e-02	0.00000000000000e+00	0.00000000000000e+00	1.20226386190218e+02	-2.52251913905669e-01
14	77	35	56	1.20030000000000e+02	1.31946891450771e+03	3.00000000000000e-02	0.00000000000000e+00	0.00000000000000e+00	1.25435678195978e+02	-1.46837971047521e+00
15	78	36	57	1.29260000000000e+02	1.31946891450771e+03	3.00000000000000e-02	0.00000000000000e+00	0.00000000000000e+00	1.37440048610870e+02	-2.04539773630229e+00
16	79	37	58	1.37930000000000e+02	1.31946891450771e+03	3.00000000000000e-02	0.00000000000000e+00	0.00000000000000e+00	1.47534605397721e+02	-2.24388170136850e+00
17	80	38	59	1.45240000000000e+02	1.31946891450771e+03	3.00000000000000e-02	0.00000000000000e+00	0.00000000000000e+00	1.52715741263458e+02	-1.67302488567123e+00
18	81	39	60	1.79970000000000e+02	1.31946891450771e+03	3.00000000000000e-02	0.00000000000000e+00	0.00000000000000e+00	1.58479347100377e+02	4.23886292372234e+00
19	82	40	61	2.02400000000000e+02	1.31946891450771e+03	3.00000000000000e-02	0.00000000000000e+00	0.00000000000000e+00	1.78832466263387e+02	4.12655041676716e+00
20	83	41	62	2.02400000000000e+02	1.31946891450771e+03	3.00000000000000e-02	0.00000000000000e+00	0.00000000000000e+00	1.97301433940603e+02	8.50441886419577e-01
21	84	42	63	1.90320000000000e+02	1.31946891450771e+03	3.00000000000000e-02	0.00000000000000e+00	0.00000000000000e+00	2.02572380185627e+02	-2.07967965677899e+00
22	85	43	64	1.91280000000000e+02	1.31946891450771e+03	3.00000000000000e-02	0.00000000000000e+00	0.00000000000000e+00	2.06340772822256e+02	-2.52635719659319e+00
23	86	44	65	2.04080000000000e+02	1.31946891450771e+03	3.00000000000000e-02	0.00000000000000e+00	0.00000000000000e+00	2.09438183871032e+02	-8.63885231121309e-01
24	87	45	66	2.02200000000000e+02	1.31946891450771e+03	3.00000000000000e-02	0.00000000000000e+00	0.00000000000000e+00	2.12816379823957e+02	-1.70574735919340e+00
25	88	46	67	2.21580000000000e+02	1.31946891450771e+03	3.00000000000000e-02	0.00000000000000e+00	0.00000000000000e+00	2.06413844477425e+02	2.36335302593644e+00
26	89	47	68	2.40950000000000e+02	1.31946891450771e+03	3.00000000000000e-02	0.00000000000000e+00	0.00000000000000e+00	2.04030029087504e+02	5.54407528886192e+00
27	90	48	69	2.08420000000000e+02	1.31946891450771e+03	3.00000000000000e-02	0.00000000000000e+00	0.00000000000000e+00	2.01546211981103e+02	1.11788598717724e+00
28	91	49	70	2.35920000000000e+02	1.31946891450771e+03	3.00000000000000e-02	0.00000000000000e+00	0.00000000000000e+00	2.05764931756529e+02	4.55861184182919e+00
29	92	50	71	2.57210000000000e+02	1.31946891450771e+03	3.00000000000000e-02	0.00000000000000e+00	0.00000000000000e+00	2.20714755234258e+02	5.10072347690853e+00
30	93	51	72	2.85320000000000e+02	1.31946891450771e+03	3.00000000000000e-02	0.00000000000000e+00	0.00000000000000e+00	2.41642224530320e+02	5.53843787375978e+00
31	94	52	73	3.33560000000000e+02	1.31946891450771e+03	3.00000000000000e-02	0.00000000000000e+00	0.00000000000000e+00	2.71011375945703e+02	6.92206538535662e+00
32	95	53	74	3.58230000000000e+02	1.31946891450771e+03	3.00000000000000e-02	0.00000000000000e+00	0.00000000000000e+00	2.96570786633527e+02	6.29631025052581e+00
33	96	54	75	3.68100000000000e+02	1.31946891450771e+03	3.00000000000000e-02	0.00000000000000e+00	0.00000000000000e+00	3.20048477710970e+02	4.66273877394352e+00
34	97	55	76	3.77140000000000e+02	1.31946891450771e+03	3.00000000000000e-02	0.00000000000000e+00	0.00000000000000e+00	3.37357209238052e+02	3.71580447501583e+00
35	98	56	77	3.55960000000000e+02	1.31946891450771e+03	3.00000000000000e-02	0.00000000000000e+00	0.00000000000000e+00	3.32929823323203e+02	2.22955459961124e+00
36	99	57	78	3.29250000000000e+02	1.31946891450771e+03	3.00000000000000e-02	0.00000000000000e+00	0.00000000000000e+00	3.12466863840157e+02	1.74396375935384e+00
37	100	58	79	3.07710000000000e+02	1.31946891450771e+03	3.00000000000000e-02	0.00000000000000e+00	0.00000000000000e+00	2.89921795852531e+02	1.98488546160972e+00
38	101	59	80	2.79210000000000e+02	1.31946891450771e+03	3.00000000000000e-02	0.00000000000000e+00	0.00000000000000e+00	2.78400854265823e+02	9.67396642204280e-02
39	102	60	81	2.73400000000000e+02	1.31946891450771e+03	3.00000000000000e-02	0.00000000000000e+00	0.00000000000000e+00	2.73779565367845e+02	-4.62450784286972e-02
40	103	61	82	2.61370000000000e+02	1.31946891450771e+03	3.00000000000000e-02	0.00000000000000e+00	0.00000000000000e+00	2.59463103010323e+02	2.44084013245753e-01
41	104	62	83	2.78800000000000e+02	1.31946891450771e+03	3.00000000000000e-02	0.00000000000000e+00	0.00000000000000e+00	2.51404904760034e+02	3.44766243783994e+00
42	105	63	84	1.87980000000000e+02	1.31946891450771e+03	3.00000000000000e-02	0.00000000000000e+00	0.00000000000000e+00	2.60598638223582e+02	-1.08881954980758e+01
43	106	64	85	2.59560000000000e+02	1.31946891450771e+03	3.00000000000000e-02	0.00000000000000e+00	0.00000000000000e+00	2.65445109858995e+02	-7.47339567583912e-01
44	107	65	86	2.84380000000000e+02	1.31946891450771e+03	3.00000000000000e-02	0.00000000000000e+00	0.00000000000000e+00	2.68089095567690e+02	1.96640001857498e+00
45	108	66	87	3.09200000000000e+02	1.31946891450771e+03	3.00000000000000e-02	0.00000000000000e+00	0.00000000000000e+00	2.63303637591508e+02	5.35601449730046e+00
46	109	67	88	2.73410000000000e+02	1.31946891450771e+03	3.00000000000000e-02	0.00000000000000e+00	0.00000000000000e+00	2.64641883569869e+02	1.08649902586218e+00
47	110	68	89	2.12210000000000e+02	1.31946891450771e+03	3.00000000000000e-02	0.00000000000000e+00	0.00000000000000e+00	2.62102251982812e+02	-7.03861173147728e+00
48	111	69	90	2.72580000000000e+02	1.31946891450771e+03	3.00000000000000e-02	0.00000000000000e+00	0.00000000000000e+00	2.72579540376703e+02	5.62065796572142e-05
49	112	70	91	2.74890000000000e+02	1.31946891450771e+03	3.00000000000000e-02	0.00000000000000e+00	0.00000000000000e+00	2.69530716378972e+02	6.56288611956886e-01
50	113	71	92	2.74890000000000e+02	1.31946891450771e+03	3.00000000000000e-02	0.00000000000000e+00	0.00000000000000e+00	2.60475210588522e+02	1.79544406228294e+00
51	114	72	93	2.50250000000000e+02	1.31946891450771e+03	3.00000000000000e-02	0.00000000000000e+00	0.00000000000000e+00	2.48680511097418e+02	2.09714451831970e-01
52	115	73	94	2.37840000000000e+02	1.31946891450771e+03	3.00000000000000e-02	0.00000000000000e+00	0.00000000000000e+00	2.33007698601040e+02	6.84222815460286e-01
53	116	74	95	1.98940000000000e+02	1.31946891450771e+03	3.00000000000000e-02	0.00000000000000e+00	0.00000000000000e+00	2.08775970209044e+02	-1.60861641518923e+00
54	117	75	96	1.85280000000000e+02	1.31946891450771e+03	3.00000000000000e-02	0.00000000000000e+00	0.00000000000000e+00	1.91318141120721e+02	-1.06898361020858e+00
55	118	76	97	1.71500000000000e+02	1.31946891450771e+03	3.00000000000000e-02	0.00000000000000e+00	0.00000000000000e+00	1.72538706950129e+02	-2.01277760361969e-01
56	119	77	98	1.68490000000000e+02	1.31946891450771e+03	3.00000000000000e-02	0.00000000000000e+00	0.00000000000000e+00	1.65865515129335e+02	5.23303022191761e-01
57	120	78	99	1.60750000000000e+02	1.31946891450771e+03	3.00000000000000e-02	0.00000000000000e+00	0.00000000000000e+00	1.73594757648651e+02	-2.56244135920412e+00
58	121	79	100	1.72650000000000e+02	1.31946891450771e+03	3.00000000000000e-02	0.00000000000000e+00	0.00000000000000e+00	1.80856344019610e+02	-1.54788709499562e+00
59	122	80	101	1.90720000000000e+02	1.31946891450771e+03	3.00000000000000e-02	0.00000000000000e+00	0.00000000000000e+00	1.89011083925506e+02	3.00024180946679e-01
60	123	81	102	2.00330000000000e+02	1.31946891450771e+03	3.00000000000000e-02	0.00000000000000e+00	0.00000000000000e+00	1.94276490984507e+02	1.02278837065037e+00
61	124	82	103	2.08930000000000e+02	1.31946891450771e+03	3.00000000000000e-02	0.00000000000000e+00	0.00000000000000e+00	1.99910140277009e+02	1.47104335553143e+00
62	125	83	104	2.00410000000000e+02	1.31946891450771e+03	3.00000000000000e-02	0.00000000000000e+00	0.00000000000000e+00	2.07367651056937e+02	-1.13760139253675e+00
63	126	84	105	1.99280000000000e+02	1.31946891450771e+03	3.00000000000000e-02	0.00000000000000e+00	0.00000000000000e+00	2.06095746790913e+02	-1.12099933670917e+00
64	127	85	106	1.85090000000000e+02	1.31946891450771e+03	3.00000000000000e-02	0.00000000000000e+00	0.00000000000000e+00	2.00325733801230e+02	-2.63675058141623e+00
65	128	86	107	1.70670000000000e+02	1.31946891450771e+03	3.00000000000000e-02	0.00000000000000e+00	0.00000000000000e+00	1.99305933777538e+02	-5.17030441461304e+00
66	129	87	108	2.03480000000000e+02	1.31946891450771e+03	3.00000000000000e-02	0.00000000000000e+00	0.00000000000000e+00	2.03264458456263e+02	3.53279246845695e-02
67	130	88	109	2.47330000000000e+02	1.31946891450771e+03	3.00000000000000e-02	0.00000000000000e+00	0.00000000000000e+00	2.00748932028301e+02	6.95561481385412e+00
68	131	89	110	2.91180000000000e+02	1.31946891450771e+03	3.00000000000000e-02	0.00000000000000e+00	0.00000000000000e+00	1.98481679263088e+02	1.27748277560435e+01
69	132	90	111	2.12430000000000e+02	1.31946891450771e+03	3.00000000000000e-02	0.00000000000000e+00	0.00000000000000e+00	1.91639435664265e+02	3.43322850304230e+00
70	133	91	112	1.73230000000000e+02	1.31946891450771e+03	3.00000000000000e-02	0.00000000000000e+00	0.00000000000000e+00	1.91278364262989e+02	-3.30365267636035e+00
71	134	92	113	1.72950000000000e+02	1.31946891450771e+03	3.00000000000000e-02	0.00000000000000e+00	0.00000000000000e+00	1.95853431351093e+02	-4.14546816256367e+00
72	135	93	114	1.91140000000000e+02	1.31946891450771e+03	3.00000000000000e-02	0.00000000000000e+00	0.00000000000000e+00	2.05114600958025e+02	-2.35209027217923e+00
73	136	94	115	1.93440000000000e+02	1.31946891450771e+03	3.00000000000000e-02	0.00000000000000e+00	0.00000000000000e+00	2.14937594937422e+02	-3.51267810079028e+00
74	137	95	116	2.23190000000000e+02	1.31946891450771e+03	3.00000000000000e-02	0.00000000000000e+00	0.00000000000000e+00	2.29419152909930e+02	-9.17575529962012e-01
75	138	96	117	2.31790000000000e+02	1.31946891450771e+03	3.00000000000000e-02	0.00000000000000e+00	0.00000000000000e+00	2.44692172000943e+02	-1.80563968040414e+00
76	139	97	118	2.52700000000000e+02	1.31946891450771e+03	3.00000000000000e-02	0.00000000000000e+00	0.00000000000000e+00	2.64952954208424e+02	-1.57830881808545e+00
77	140	98	119	2.74200000000000e+02	1.31946891450771e+03	3.00000000000000e-02	0.00000000000000e+00	0.00000000000000e+00	2.79643360227273e+02	-6.55243690151449e-01
78	141	99	120	2.87090000000000e+02	1.31946891450771e+03	3.00000000000000e-02	0.00000000000000e+00	0.00000000000000e+00	2.83115934475030e+02	4.64642641355647e-01
79	142	100	121	2.93540000000000e+02	1.31946891450771e+03	3.00000000000000e-02	0.00000000000000e+00	0.00000000000000e+00	2.90064425995961e+02	3.97028642311377e-01
80	143	101	122	3.02070000000000e+02	1.31946891450771e+03	3.00000000000000e-02	0.00000000000000e+00	0.00000000000000e+00	2.90353721683717e+02	1.31862896458334e+00
81	144	102	123	2.95610000000000e+02	1.31946891450771e+03	3.00000000000000e-02	0.00000000000000e+00	0.00000000000000e+00	2.97154379847738e+02	-1.73692774025221e-01
82	145	103	124	3.08400000000000e+02	1.31946891450771e+03	3.00000000000000e-02	0.00000000000000e+00	0.00000000000000e+00	3.10708588028443e+02	-2.48593841014729e-01
83	146	104	125	3.26710000000000e+02	1.31946891450771e+03	3.00000000000000e-02	0.00000000000000e+00	0.00000000000000e+00	3.24447059653675e+02	2.31684959669239e-01
84	147	105	126	3.45540000000000e+02	1.31946891450771e+03	3.00000000000000e-02	0.00000000000000e+00	0.00000000000000e+00	3.42013305174260e+02	3.41959014082308e-01
85	148	106	127	3.74870000000000e+02	1.31946891450771e+03	3.00000000000000e-02	0.00000000000000e+00	0.00000000000000e+00	3.59876344679854e+02	1.36062712521285e+00
86	149	107	128	3.61130000000000e+02	1.31946891450771e+03	3.00000000000000e-02	0.00000000000000e+00	0.00000000000000e+00	3.63602317838827e+02	-2.27424422179290e-01
87	150	108	129	3.64440000000000e+02	1.31946891450771e+03	3.00000000000000e-02	0.00000000000000e+00	0.00000000000000e+00	3.60761565094250e+02	3.38155774407293e-01
88	151	109	130	3.94250000000000e+02	1.31946891450771e+03	3.00000000000000e-02	0.00000000000000e+00	0.00000000000000e+00	3.54452480315560e+02	3.54703119735952e+00
89	152	110	131	3.90660000000000e+02	1.31946891450771e+03	3.00000000000000e-02	0.00000000000000e+00	0.00000000000000e+00	3.41235144079403e+02	4.50886015861771e+00
90	153	111	132	4.17700000000000e+02	1.31946891450771e+03	3.00000000000000e-02	0.00000000000000e+00	0.00000000000000e+00	3.50851852144407e+02	5.81331369326937e+00
91	154	112	133	3.86230000000000e+02	1.31946891450771e+03	3.00000000000000e-02	0.00000000000000e+00	0.00000000000000e+00	3.53337059471054e+02	2.96702009602869e+00
92	155	113	134	3.90070000000000e+02	1.31946891450771e+03	3.00000000000000e-02	0.00000000000000e+00	0.00000000000000e+00	3.57931165718327e+02	2.86618389378376e+00
93	156	114	135	3.66100000000000e+02	1.31946891450771e+03	3.00000000000000e-02	0.00000000000000e+00	0.00000000000000e+00	3.67367754068548e+02	-1.15229362980577e-01
94	157	115	136	3.66580000000000e+02	1.31946891450771e+03	3.00000000000000e-02	0.00000000000000e+00	0.00000000000000e+00	3.76657512173892e+02	-9.03984674536999e-01
95	158	116	137	3.53980000000000e+02	1.31946891450771e+03	3.00000000000000e-02	0.00000000000000e+00	0.00000000000000e+00	3.76101131639981e+02	-2.02058866632407e+00
96	159	117	138	3.68000000000000e+02	1.31946891450771e+03	3.00000000000000e-02	0.00000000000000e+00	0.00000000000000e+00	3.67603552029132e+02	3.59294992670437e-02
97	160	118	139	3.70330000000000e+02	1.31946891450771e+03	3.00000000000000e-02	0.00000000000000e+00	0.00000000000000e+00	3.54552947218575e+02	1.45122692514207e+00
98	161	119	140	3.58980000000000e+02	1.31946891450771e+03	3.00000000000000e-02	0.00000000000000e+00	0.00000000000000e+00	3.49674424608351e+02	8.75472349003026e-01
99	162	120	141	3.40190000000000e+02	1.31946891450771e+03	3.00000000000000e-02	0.00000000000000e+00	0.00000000000000e+00	3.42859354592272e+02	-2.60534436604913e-01
100	163	121	142	3.47710000000000e+02	1.31946891450771e+03	3.00000000000000e-02	0.00000000000000e+00	0.00000000000000e+00	3.28803816991823e+02	1.86358423517812e+00
101	164	122	143	3.26780000000000e+02	1.31946891450771e+03	3.00000000000000e-02	0.00000000000000e+00	0.00000000000000e+00	3.27771003427236e+02	-1.00934755708870e-01
102	165	123	144	3.17110000000000e+02	1.31946891450771e+03	3.00000000000000e-02	0.00000000000000e+00	0.00000000000000e+00	3.29859129039117e+02	-1.31389882602552e+00
103	166	124	145	3.04730000000000e+02	1.31946891450771e+03	3.00000000000000e-02	0.00000000000000e+00	0.00000000000000e+00	3.31762946014840e+02	-2.83315190707993e+00
104	167	125	146	3.01490000000000e+02	1.31946891450771e+03	3.00000000000000e-02	0.00000000000000e+00	0.00000000000000e+00	3.33241839050971e+02	-3.33772072227655e+00
105	168	126	147	4.11720000000000e+02	1.31946891450771e+03	3.00000000000000e-02	0.00000000000000e+00	0.00000000000000e+00	3.30297047265215e+02	7.34503712852904e+00
106	169	127	148	2.86470000000000e+02	1.31946891450771e+03	3.00000000000000e-02	0.00000000000000e+00	0.00000000000000e+00	3.16246381421985e+02	-3.29625930673754e+00
107	170	128	149	3.24780000000000e+02	1.31946891450771e+03	3.00000000000000e-02	0.00000000000000e+00	0.00000000000000e+00	3.21168862547166e+02	3.72699789157712e-01
108	171	129	150	2.94000000000000e+02	1.31946891450771e+03	3.00000000000000e-02	0.00000000000000e+00	0.00000000000000e+00	3.12992701443298e+02	-2.08667016190232e+00
109	172	130	151	3.34690000000000e+02	1.31946891450771e+03	3.00000000000000e-02	0.00000000000000e+00	0.00000000000000e+00	3.17076833413920e+02	1.80202030199474e+00
110	173	131	152	3.17170000000000e+02	1.31946891450771e+03	3.00000000000000e-02	0.00000000000000e+00	0.00000000000000e+00	3.28050157173755e+02	-1.12428690572178e+00
111	174	132	153	2.81800000000000e+02	1.31946891450771e+03	3.00000000000000e-02	0.00000000000000e+00	0.00000000000000e+00	3.16940614840793e+02	-3.91722739920800e+00
112	175	133	154	3.31520000000000e+02	1.31946891450771e+03	3.00000000000000e-02	0.00000000000000e+00	0.00000000000000e+00	3.12808430725561e+02	1.93657262918911e+00
113	176	134	155	2.57700000000000e+02	1.31946891450771e+03	3.00000000000000e-02	0.00000000000000e+00	0.00000000000000e+00	2.40412790502483e+02	2.31462371091338e+00
1	67	23	45	1.83890000000000e+02	1.38230076757951e+03	3.00000000000000e-02	0.00000000000000e+00	0.00000000000000e+00	1.76367740958194e+02	1.39221667634282e+00
3	68	24	46	2.07660000000000e+02	1.38230076757951e+03	3.00000000000000e-02	0.00000000000000e+00	0.00000000000000e+00	1.73907562100056e+02	5.91260737079361e+00
4	69	25	47	1.66730000000000e+02	1.38230076757951e+03	3.00000000000000e-02	0.00000000000000e+00	0.00000000000000e+00	1.69488534585476e+02	-5.46984813223676e-01
2	70	26	48	1.63480000000000e+02	1.38230076757951e+03	3.00000000000000e-02	0.00000000000000e+00	0.00000000000000e+00	1.70473467699492e+02	-1.39630037508462e+00
5	71	27	49	1.79900000000000e+02	1.38230076757951e+03	3.00000000000000e-02	0.00000000000000e+00	0.00000000000000e+00	1.75614214724253e+02	8.03717119231943e-01
6	72	28	50	1.67070000000000e+02	1.38230076757951e+03	3.00000000000000e-02	0.00000000000000e+00	0.00000000000000e+00	1.71375423480763e+02	-8.48124089546687e-01
7	73	29	51	1.64250000000000e+02	1.38230076757951e+03	3.00000000000000e-02	0.00000000000000e+00	0.00000000000000e+00	1.70085551414639e+02	-1.16372989054874e+00
8	74	30	52	1.40010000000000e+02	1.38230076757951e+03	3.00000000000000e-02	0.00000000000000e+00	0.00000000000000e+00	1.53326435317790e+02	-3.02851213717856e+00
9	75	31	53	1.31270000000000e+02	1.38230076757951e+03	3.00000000000000e-02	0.00000000000000e+00	0.00000000000000e+00	1.37426547970425e+02	-1.52777689929187e+00
10	76	32	54	1.28260000000000e+02	1.38230076757951e+03	3.00000000000000e-02	0.00000000000000e+00	0.00000000000000e+00	1.30068749753979e+02	-4.66790040246738e-01
11	77	33	55	1.28710000000000e+02	1.38230076757951e+03	3.00000000000000e-02	0.00000000000000e+00	0.00000000000000e+00	1.29143090333411e+02	-1.11973511767112e-01
12	78	34	56	1.27250000000000e+02	1.38230076757951e+03	3.00000000000000e-02	0.00000000000000e+00	0.00000000000000e+00	1.38218289021601e+02	-2.75601948319659e+00
13	79	35	57	1.42870000000000e+02	1.38230076757951e+03	3.00000000000000e-02	0.00000000000000e+00	0.00000000000000e+00	1.53850399378652e+02	-2.46818572613187e+00
14	80	36	58	1.62520000000000e+02	1.38230076757951e+03	3.00000000000000e-02	0.00000000000000e+00	0.00000000000000e+00	1.66153545840545e+02	-7.37042155144963e-01
15	81	37	59	1.69800000000000e+02	1.38230076757951e+03	3.00000000000000e-02	0.00000000000000e+00	0.00000000000000e+00	1.66775486064441e+02	5.99092026456264e-01
16	82	38	60	1.77810000000000e+02	1.38230076757951e+03	3.00000000000000e-02	0.00000000000000e+00	0.00000000000000e+00	1.67807534429178e+02	1.92992900653974e+00
17	83	39	61	1.85590000000000e+02	1.38230076757951e+03	3.00000000000000e-02	0.00000000000000e+00	0.00000000000000e+00	1.80294587799337e+02	9.64927586111960e-01
18	84	40	62	2.62580000000000e+02	1.38230076757951e+03	3.00000000000000e-02	0.00000000000000e+00	0.00000000000000e+00	1.91255792253089e+02	1.05648012989092e+01
19	85	41	63	3.39570000000000e+02	1.38230076757951e+03	3.00000000000000e-02	0.00000000000000e+00	0.00000000000000e+00	1.99335975171309e+02	1.77562797583323e+01
20	86	42	64	2.67150000000000e+02	1.38230076757951e+03	3.00000000000000e-02	0.00000000000000e+00	0.00000000000000e+00	2.03674375412697e+02	9.04292595999126e+00
21	87	43	65	1.94720000000000e+02	1.38230076757951e+03	3.00000000000000e-02	0.00000000000000e+00	0.00000000000000e+00	2.08050433580233e+02	-2.20726300689824e+00
22	88	44	66	1.61970000000000e+02	1.38230076757951e+03	3.00000000000000e-02	0.00000000000000e+00	0.00000000000000e+00	2.08999067160833e+02	-8.49728852370832e+00
23	89	45	67	1.29220000000000e+02	1.38230076757951e+03	3.00000000000000e-02	0.00000000000000e+00	0.00000000000000e+00	2.03986622650113e+02	-1.52179346106501e+01
24	90	46	68	1.81200000000000e+02	1.38230076757951e+03	3.00000000000000e-02	0.00000000000000e+00	0.00000000000000e+00	1.99912578626651e+02	-3.27595901711192e+00
25	91	47	69	1.92870000000000e+02	1.38230076757951e+03	3.00000000000000e-02	0.00000000000000e+00	0.00000000000000e+00	2.00832988268389e+02	-1.34857572359405e+00
26	92	48	70	2.04710000000000e+02	1.38230076757951e+03	3.00000000000000e-02	0.00000000000000e+00	0.00000000000000e+00	2.03978356260360e+02	1.19348399997084e-01
27	93	49	71	2.33010000000000e+02	1.38230076757951e+03	3.00000000000000e-02	0.00000000000000e+00	0.00000000000000e+00	2.11272106727040e+02	3.26448210363098e+00
28	94	50	72	2.61760000000000e+02	1.38230076757951e+03	3.00000000000000e-02	0.00000000000000e+00	0.00000000000000e+00	2.25020183452108e+02	5.04126503338519e+00
29	95	51	73	2.77690000000000e+02	1.38230076757951e+03	3.00000000000000e-02	0.00000000000000e+00	0.00000000000000e+00	2.48422648299284e+02	3.71246203167927e+00
30	96	52	74	3.15870000000000e+02	1.38230076757951e+03	3.00000000000000e-02	0.00000000000000e+00	0.00000000000000e+00	2.73843863805173e+02	4.75908775654685e+00
31	97	53	75	3.72950000000000e+02	1.38230076757951e+03	3.00000000000000e-02	0.00000000000000e+00	0.00000000000000e+00	3.09059183379706e+02	6.26371906233910e+00
32	98	54	76	3.62760000000000e+02	1.38230076757951e+03	3.00000000000000e-02	0.00000000000000e+00	0.00000000000000e+00	3.26871220853632e+02	3.47250617563525e+00
33	99	55	77	3.74620000000000e+02	1.38230076757951e+03	3.00000000000000e-02	0.00000000000000e+00	0.00000000000000e+00	3.31391637230791e+02	4.08704362874624e+00
34	100	56	78	3.50020000000000e+02	1.38230076757951e+03	3.00000000000000e-02	0.00000000000000e+00	0.00000000000000e+00	3.15672606683711e+02	3.44282246650819e+00
35	101	57	79	3.19310000000000e+02	1.38230076757951e+03	3.00000000000000e-02	0.00000000000000e+00	0.00000000000000e+00	2.89188684949539e+02	3.30276845225811e+00
36	102	58	80	2.80850000000000e+02	1.38230076757951e+03	3.00000000000000e-02	0.00000000000000e+00	0.00000000000000e+00	2.71376258561120e+02	1.14381510237577e+00
37	103	59	81	2.78400000000000e+02	1.38230076757951e+03	3.00000000000000e-02	0.00000000000000e+00	0.00000000000000e+00	2.72749423897055e+02	6.83513865025424e-01
38	104	60	82	2.85440000000000e+02	1.38230076757951e+03	3.00000000000000e-02	0.00000000000000e+00	0.00000000000000e+00	2.76100411217709e+02	1.10890803590138e+00
39	105	61	83	2.35950000000000e+02	1.38230076757951e+03	3.00000000000000e-02	0.00000000000000e+00	0.00000000000000e+00	2.70795610546199e+02	-4.59148045084460e+00
40	106	62	84	2.69830000000000e+02	1.38230076757951e+03	3.00000000000000e-02	0.00000000000000e+00	0.00000000000000e+00	2.73922157334149e+02	-5.01727921179581e-01
41	107	63	85	2.91070000000000e+02	1.38230076757951e+03	3.00000000000000e-02	0.00000000000000e+00	0.00000000000000e+00	2.70647944531463e+02	2.42483031404263e+00
42	108	64	86	2.95370000000000e+02	1.38230076757951e+03	3.00000000000000e-02	0.00000000000000e+00	0.00000000000000e+00	2.68770926373392e+02	3.14564552478383e+00
43	109	65	87	2.29620000000000e+02	1.38230076757951e+03	3.00000000000000e-02	0.00000000000000e+00	0.00000000000000e+00	2.58938849513853e+02	-4.00553876314091e+00
44	110	66	88	2.50000000000000e+02	1.38230076757951e+03	3.00000000000000e-02	0.00000000000000e+00	0.00000000000000e+00	2.56124005260275e+02	-8.06693496120481e-01
45	111	67	89	2.70370000000000e+02	1.38230076757951e+03	3.00000000000000e-02	0.00000000000000e+00	0.00000000000000e+00	2.61126667748411e+02	1.15952615433388e+00
46	112	68	90	3.21780000000000e+02	1.38230076757951e+03	3.00000000000000e-02	0.00000000000000e+00	0.00000000000000e+00	2.65415914141981e+02	6.41899997554954e+00
47	113	69	91	2.65900000000000e+02	1.38230076757951e+03	3.00000000000000e-02	0.00000000000000e+00	0.00000000000000e+00	2.62336023701636e+02	4.49802767290386e-01
48	114	70	92	2.62790000000000e+02	1.38230076757951e+03	3.00000000000000e-02	0.00000000000000e+00	0.00000000000000e+00	2.55248406532250e+02	9.70600662785722e-01
49	115	71	93	2.62790000000000e+02	1.38230076757951e+03	3.00000000000000e-02	0.00000000000000e+00	0.00000000000000e+00	2.45475141512070e+02	2.27198495327613e+00
50	116	72	94	2.27990000000000e+02	1.38230076757951e+03	3.00000000000000e-02	0.00000000000000e+00	0.00000000000000e+00	2.33636940548183e+02	-8.15553533892288e-01
51	117	73	95	2.18380000000000e+02	1.38230076757951e+03	3.00000000000000e-02	0.00000000000000e+00	0.00000000000000e+00	2.14396853768352e+02	6.13597002828570e-01
52	118	74	96	2.02830000000000e+02	1.38230076757951e+03	3.00000000000000e-02	0.00000000000000e+00	0.00000000000000e+00	1.90483944137738e+02	2.09334271658213e+00
53	119	75	97	1.79740000000000e+02	1.38230076757951e+03	3.00000000000000e-02	0.00000000000000e+00	0.00000000000000e+00	1.68754131721222e+02	2.10228495011388e+00
54	120	76	98	1.61230000000000e+02	1.38230076757951e+03	3.00000000000000e-02	0.00000000000000e+00	0.00000000000000e+00	1.54063029136979e+02	1.51567060613402e+00
55	121	77	99	1.54470000000000e+02	1.38230076757951e+03	3.00000000000000e-02	0.00000000000000e+00	0.00000000000000e+00	1.46370075862022e+02	1.79539073136737e+00
56	122	78	100	1.50910000000000e+02	1.38230076757951e+03	3.00000000000000e-02	0.00000000000000e+00	0.00000000000000e+00	1.55703838630292e+02	-1.04240333071971e+00
57	123	79	101	1.59520000000000e+02	1.38230076757951e+03	3.00000000000000e-02	0.00000000000000e+00	0.00000000000000e+00	1.70712639225514e+02	-2.26041214487198e+00
58	124	80	102	1.72550000000000e+02	1.38230076757951e+03	3.00000000000000e-02	0.00000000000000e+00	0.00000000000000e+00	1.79302782368263e+02	-1.27962829652371e+00
59	125	81	103	1.97380000000000e+02	1.38230076757951e+03	3.00000000000000e-02	0.00000000000000e+00	0.00000000000000e+00	1.83059051217026e+02	2.51073399025863e+00
60	126	82	104	1.95730000000000e+02	1.38230076757951e+03	3.00000000000000e-02	0.00000000000000e+00	0.00000000000000e+00	1.89674574131502e+02	1.04754408488417e+00
61	127	83	105	2.16080000000000e+02	1.38230076757951e+03	3.00000000000000e-02	0.00000000000000e+00	0.00000000000000e+00	1.98143624274536e+02	2.88855222077616e+00
62	128	84	106	1.92190000000000e+02	1.38230076757951e+03	3.00000000000000e-02	0.00000000000000e+00	0.00000000000000e+00	1.97973521963697e+02	-9.88294274994465e-01
63	129	85	107	2.02910000000000e+02	1.38230076757951e+03	3.00000000000000e-02	0.00000000000000e+00	0.00000000000000e+00	2.01091397229124e+02	3.00100456272882e-01
64	130	86	108	1.88420000000000e+02	1.38230076757951e+03	3.00000000000000e-02	0.00000000000000e+00	0.00000000000000e+00	2.03575696828421e+02	-2.57881322278569e+00
65	131	87	109	2.04970000000000e+02	1.38230076757951e+03	3.00000000000000e-02	0.00000000000000e+00	0.00000000000000e+00	2.09199131078615e+02	-6.80765055739959e-01
66	132	88	110	2.45280000000000e+02	1.38230076757951e+03	3.00000000000000e-02	0.00000000000000e+00	0.00000000000000e+00	2.06774770191139e+02	5.69234269806416e+00
67	133	89	111	2.98490000000000e+02	1.38230076757951e+03	3.00000000000000e-02	0.00000000000000e+00	0.00000000000000e+00	1.96800020541208e+02	1.38849447479923e+01
68	134	90	112	2.45000000000000e+02	1.38230076757951e+03	3.00000000000000e-02	0.00000000000000e+00	0.00000000000000e+00	1.92398536742650e+02	8.05630925432409e+00
69	135	91	113	1.91520000000000e+02	1.38230076757951e+03	3.00000000000000e-02	0.00000000000000e+00	0.00000000000000e+00	1.92581331495693e+02	-1.84210798865703e-01
70	136	92	114	1.91280000000000e+02	1.38230076757951e+03	3.00000000000000e-02	0.00000000000000e+00	0.00000000000000e+00	1.95280160103157e+02	-6.89897426629541e-01
71	137	93	115	1.92870000000000e+02	1.38230076757951e+03	3.00000000000000e-02	0.00000000000000e+00	0.00000000000000e+00	2.02415915993379e+02	-1.61027279436180e+00
72	138	94	116	1.99420000000000e+02	1.38230076757951e+03	3.00000000000000e-02	0.00000000000000e+00	0.00000000000000e+00	2.14137071225537e+02	-2.37343921071623e+00
73	139	95	117	2.17010000000000e+02	1.38230076757951e+03	3.00000000000000e-02	0.00000000000000e+00	0.00000000000000e+00	2.29787485498732e+02	-1.90704900912371e+00
74	140	96	118	2.34430000000000e+02	1.38230076757951e+03	3.00000000000000e-02	0.00000000000000e+00	0.00000000000000e+00	2.50721155742286e+02	-2.23947841429618e+00
75	141	97	119	2.64730000000000e+02	1.38230076757951e+03	3.00000000000000e-02	0.00000000000000e+00	0.00000000000000e+00	2.73579736679322e+02	-1.09608941660522e+00
76	142	98	120	2.82750000000000e+02	1.38230076757951e+03	3.00000000000000e-02	0.00000000000000e+00	0.00000000000000e+00	2.93557337301025e+02	-1.25032874218511e+00
77	143	99	121	3.07760000000000e+02	1.38230076757951e+03	3.00000000000000e-02	0.00000000000000e+00	0.00000000000000e+00	3.07550500783847e+02	2.26984830132615e-02
78	144	100	122	3.10820000000000e+02	1.38230076757951e+03	3.00000000000000e-02	0.00000000000000e+00	0.00000000000000e+00	3.05657234978108e+02	5.58321316637903e-01
79	145	101	123	3.08390000000000e+02	1.38230076757951e+03	3.00000000000000e-02	0.00000000000000e+00	0.00000000000000e+00	2.99443308091504e+02	9.81336820430823e-01
80	146	102	124	3.08340000000000e+02	1.38230076757951e+03	3.00000000000000e-02	0.00000000000000e+00	0.00000000000000e+00	3.05038134576205e+02	3.58875668105381e-01
81	147	103	125	3.06530000000000e+02	1.38230076757951e+03	3.00000000000000e-02	0.00000000000000e+00	0.00000000000000e+00	3.11854609524923e+02	-5.74048473965642e-01
82	148	104	126	3.22830000000000e+02	1.38230076757951e+03	3.00000000000000e-02	0.00000000000000e+00	0.00000000000000e+00	3.15559130736279e+02	7.59326177583090e-01
83	149	105	127	3.12210000000000e+02	1.38230076757951e+03	3.00000000000000e-02	0.00000000000000e+00	0.00000000000000e+00	3.22220377324435e+02	-1.05198915864072e+00
84	150	106	128	3.44760000000000e+02	1.38230076757951e+03	3.00000000000000e-02	0.00000000000000e+00	0.00000000000000e+00	3.42637383868972e+02	2.05860823967866e-01
85	151	107	129	3.56230000000000e+02	1.38230076757951e+03	3.00000000000000e-02	0.00000000000000e+00	0.00000000000000e+00	3.46219233101924e+02	9.50146452331069e-01
86	152	108	130	3.51940000000000e+02	1.38230076757951e+03	3.00000000000000e-02	0.00000000000000e+00	0.00000000000000e+00	3.39034596194764e+02	1.24528502261393e+00
87	153	109	131	3.53440000000000e+02	1.38230076757951e+03	3.00000000000000e-02	0.00000000000000e+00	0.00000000000000e+00	3.31489864624461e+02	2.13721682661587e+00
88	154	110	132	3.88530000000000e+02	1.38230076757951e+03	3.00000000000000e-02	0.00000000000000e+00	0.00000000000000e+00	3.31847506943051e+02	5.25649466472726e+00
89	155	111	133	3.93130000000000e+02	1.38230076757951e+03	3.00000000000000e-02	0.00000000000000e+00	0.00000000000000e+00	3.48875073239653e+02	3.98088147291284e+00
90	156	112	134	4.00820000000000e+02	1.38230076757951e+03	3.00000000000000e-02	0.00000000000000e+00	0.00000000000000e+00	3.65307418651759e+02	3.09244022495889e+00
91	157	113	135	3.93510000000000e+02	1.38230076757951e+03	3.00000000000000e-02	0.00000000000000e+00	0.00000000000000e+00	3.74861584883720e+02	1.61832098794159e+00
92	158	114	136	3.85430000000000e+02	1.38230076757951e+03	3.00000000000000e-02	0.00000000000000e+00	0.00000000000000e+00	3.83061570109242e+02	2.05462014293604e-01
93	159	115	137	3.96700000000000e+02	1.38230076757951e+03	3.00000000000000e-02	0.00000000000000e+00	0.00000000000000e+00	3.83683521948333e+02	1.11207587777746e+00
94	160	116	138	3.79350000000000e+02	1.38230076757951e+03	3.00000000000000e-02	0.00000000000000e+00	0.00000000000000e+00	3.78921456196417e+02	3.76772588679704e-02
95	161	117	139	3.75080000000000e+02	1.38230076757951e+03	3.00000000000000e-02	0.00000000000000e+00	0.00000000000000e+00	3.74475618426380e+02	5.37546682987629e-02
96	162	118	140	3.72230000000000e+02	1.38230076757951e+03	3.00000000000000e-02	0.00000000000000e+00	0.00000000000000e+00	3.60330371273373e+02	1.08302113941923e+00
97	163	119	141	3.50790000000000e+02	1.38230076757951e+03	3.00000000000000e-02	0.00000000000000e+00	0.00000000000000e+00	3.50144446615015e+02	6.13993287224742e-02
98	164	120	142	3.47730000000000e+02	1.38230076757951e+03	3.00000000000000e-02	0.00000000000000e+00	0.00000000000000e+00	3.37225993155287e+02	1.02243360451097e+00
99	165	121	143	3.30810000000000e+02	1.38230076757951e+03	3.00000000000000e-02	0.00000000000000e+00	0.00000000000000e+00	3.29510734598085e+02	1.31175352680450e-01
100	166	122	144	3.15250000000000e+02	1.38230076757951e+03	3.00000000000000e-02	0.00000000000000e+00	0.00000000000000e+00	3.25904171728003e+02	-1.10791371849338e+00
101	167	123	145	3.08040000000000e+02	1.38230076757951e+03	3.00000000000000e-02	0.00000000000000e+00	0.00000000000000e+00	3.36040021955373e+02	-2.90002070537296e+00
102	168	124	146	3.07850000000000e+02	1.38230076757951e+03	3.00000000000000e-02	0.00000000000000e+00	0.00000000000000e+00	3.31882899119032e+02	-2.50565139481136e+00
103	169	125	147	3.01690000000000e+02	1.38230076757951e+03	3.00000000000000e-02	0.00000000000000e+00	0.00000000000000e+00	3.23162937638140e+02	-2.29188822717482e+00
104	170	126	148	2.95220000000000e+02	1.38230076757951e+03	3.00000000000000e-02	0.00000000000000e+00	0.00000000000000e+00	3.21290660072461e+02	-2.82084518034769e+00
105	171	127	149	3.83810000000000e+02	1.38230076757951e+03	3.00000000000000e-02	0.00000000000000e+00	0.00000000000000e+00	3.16266399325201e+02	6.45209147334128e+00
106	172	128	150	3.20590000000000e+02	1.38230076757951e+03	3.00000000000000e-02	0.00000000000000e+00	0.00000000000000e+00	3.10631933346062e+02	1.05181103133676e+00
107	173	129	151	3.55340000000000e+02	1.38230076757951e+03	3.00000000000000e-02	0.00000000000000e+00	0.00000000000000e+00	3.10989976208714e+02	4.44381322626990e+00
108	174	130	152	2.39140000000000e+02	1.38230076757951e+03	3.00000000000000e-02	0.00000000000000e+00	0.00000000000000e+00	3.18617827623989e+02	-9.56477325173584e+00
109	175	131	153	3.55270000000000e+02	1.38230076757951e+03	3.00000000000000e-02	0.00000000000000e+00	0.00000000000000e+00	3.22552791698469e+02	3.22037485818853e+00
110	176	132	154	2.50340000000000e+02	1.38230076757951e+03	3.00000000000000e-02	0.00000000000000e+00	0.00000000000000e+00	2.58139519873735e+02	-1.02267398533972e+00
1	70	24	47	1.99030000000000e+02	1.44513262065130e+03	3.00000000000000e-02	0.00000000000000e+00	0.00000000000000e+00	1.75848440337279e+02	4.12776925098403e+00
3	71	25	48	1.47720000000000e+02	1.44513262065130e+03	3.00000000000000e-02	0.00000000000000e+00	0.00000000000000e+00	1.68592952924181e+02	-4.40562190357084e+00
4	72	26	49	1.45300000000000e+02	1.44513262065130e+03	3.00000000000000e-02	0.00000000000000e+00	0.00000000000000e+00	1.60864885071054e+02	-3.39214063007235e+00
2	73	27	50	1.46080000000000e+02	1.44513262065130e+03	3.00000000000000e-02	0.00000000000000e+00	0.00000000000000e+00	1.56892355870286e+02	-2.38018406498336e+00
5	74	28	51	1.49410000000000e+02	1.44513262065130e+03	3.00000000000000e-02	0.00000000000000e+00	0.00000000000000e+00	1.54850937641632e+02	-1.19229188995244e+00
6	75	29	52	1.51320000000000e+02	1.44513262065130e+03	3.00000000000000e-02	0.00000000000000e+00	0.00000000000000e+00	1.41705038466450e+02	2.18830321404087e+00
7	76	30	53	1.40280000000000e+02	1.44513262065130e+03	3.00000000000000e-02	0.00000000000000e+00	0.00000000000000e+00	1.39742569953222e+02	1.27949378446868e-01
8	77	31	54	1.27990000000000e+02	1.44513262065130e+03	3.00000000000000e-02	0.00000000000000e+00	0.00000000000000e+00	1.25095541828328e+02	7.62478529790863e-01
9	78	32	55	1.26300000000000e+02	1.44513262065130e+03	3.00000000000000e-02	0.00000000000000e+00	0.00000000000000e+00	1.35094517916622e+02	-2.24382122730435e+00
10	79	33	56	1.53810000000000e+02	1.44513262065130e+03	3.00000000000000e-02	0.00000000000000e+00	0.00000000000000e+00	1.50669669769686e+02	6.87608379951736e-01
11	80	34	57	1.54760000000000e+02	1.44513262065130e+03	3.00000000000000e-02	0.00000000000000e+00	0.00000000000000e+00	1.66490959024698e+02	-2.43551593206381e+00
12	81	35	58	1.82990000000000e+02	1.44513262065130e+03	3.00000000000000e-02	0.00000000000000e+00	0.00000000000000e+00	1.82485426271879e+02	9.20397583404231e-02
13	82	36	59	2.01960000000000e+02	1.44513262065130e+03	3.00000000000000e-02	0.00000000000000e+00	0.00000000000000e+00	1.84843617774301e+02	2.95198332386303e+00
14	83	37	60	1.86010000000000e+02	1.44513262065130e+03	3.00000000000000e-02	0.00000000000000e+00	0.00000000000000e+00	1.78968111374451e+02	1.28642648281874e+00
15	84	38	61	1.82270000000000e+02	1.44513262065130e+03	3.00000000000000e-02	0.00000000000000e+00	0.00000000000000e+00	1.82284303599157e+02	-2.61572355123955e-03
16	85	39	62	1.85500000000000e+02	1.44513262065130e+03	3.00000000000000e-02	0.00000000000000e+00	0.00000000000000e+00	1.91675105662874e+02	-1.09156328859689e+00
17	86	40	63	1.88120000000000e+02	1.44513262065130e+03	3.00000000000000e-02	0.00000000000000e+00	0.00000000000000e+00	1.94879715996900e+02	-1.17674900402177e+00
18	87	41	64	2.64450000000000e+02	1.44513262065130e+03	3.00000000000000e-02	0.00000000000000e+00	0.00000000000000e+00	1.97018011335528e+02	9.81190149513885e+00
19	88	42	65	2.27580000000000e+02	1.44513262065130e+03	3.00000000000000e-02	0.00000000000000e+00	0.00000000000000e+00	2.00182152636057e+02	4.27580365645580e+00
20	89	43	66	2.27580000000000e+02	1.44513262065130e+03	3.00000000000000e-02	0.00000000000000e+00	0.00000000000000e+00	2.05321377823498e+02	3.43084588813835e+00
21	90	44	67	1.95040000000000e+02	1.44513262065130e+03	3.00000000000000e-02	0.00000000000000e+00	0.00000000000000e+00	2.03834986678956e+02	-1.47020373185045e+00
22	91	45	68	1.93500000000000e+02	1.44513262065130e+03	3.00000000000000e-02	0.00000000000000e+00	0.00000000000000e+00	2.03244133954297e+02	-1.63767914360398e+00
23	92	46	69	1.59770000000000e+02	1.44513262065130e+03	3.00000000000000e-02	0.00000000000000e+00	0.00000000000000e+00	2.02709228871145e+02	-7.93457670289127e+00
24	93	47	70	1.97610000000000e+02	1.44513262065130e+03	3.00000000000000e-02	0.00000000000000e+00	0.00000000000000e+00	2.04738896671230e+02	-1.18133670766995e+00
25	94	48	71	2.03660000000000e+02	1.44513262065130e+03	3.00000000000000e-02	0.00000000000000e+00	0.00000000000000e+00	2.10932676544293e+02	-1.16956924363002e+00
26	95	49	72	2.41520000000000e+02	1.44513262065130e+03	3.00000000000000e-02	0.00000000000000e+00	0.00000000000000e+00	2.23684743538144e+02	2.55715399243310e+00
27	96	50	73	2.60130000000000e+02	1.44513262065130e+03	3.00000000000000e-02	0.00000000000000e+00	0.00000000000000e+00	2.39085107146885e+02	2.81206402214037e+00
28	97	51	74	2.87510000000000e+02	1.44513262065130e+03	3.00000000000000e-02	0.00000000000000e+00	0.00000000000000e+00	2.58540515211179e+02	3.54017428719153e+00
29	98	52	75	3.22260000000000e+02	1.44513262065130e+03	3.00000000000000e-02	0.00000000000000e+00	0.00000000000000e+00	2.82445188899453e+02	4.39580543261367e+00
30	99	53	76	3.48180000000000e+02	1.44513262065130e+03	3.00000000000000e-02	0.00000000000000e+00	0.00000000000000e+00	3.02566783059306e+02	4.68058546272996e+00
31	100	54	77	3.63410000000000e+02	1.44513262065130e+03	3.00000000000000e-02	0.00000000000000e+00	0.00000000000000e+00	3.22295258320209e+02	4.00211989212380e+00
32	101	55	78	3.68010000000000e+02	1.44513262065130e+03	3.00000000000000e-02	0.00000000000000e+00	0.00000000000000e+00	3.15560741705696e+02	5.12529743486502e+00
33	102	56	79	3.42110000000000e+02	1.44513262065130e+03	3.00000000000000e-02	0.00000000000000e+00	0.00000000000000e+00	2.98638598650380e+02	4.52993935392477e+00
34	103	57	80	3.06770000000000e+02	1.44513262065130e+03	3.00000000000000e-02	0.00000000000000e+00	0.00000000000000e+00	2.80223334487312e+02	3.01704575779021e+00
35	104	58	81	2.71740000000000e+02	1.44513262065130e+03	3.00000000000000e-02	0.00000000000000e+00	0.00000000000000e+00	2.59677860128606e+02	1.51346211601642e+00
36	105	59	82	1.97340000000000e+02	1.44513262065130e+03	3.00000000000000e-02	0.00000000000000e+00	0.00000000000000e+00	2.56377413132663e+02	-8.72408331436114e+00
37	106	60	83	2.95630000000000e+02	1.44513262065130e+03	3.00000000000000e-02	0.00000000000000e+00	0.00000000000000e+00	2.73482839867108e+02	2.59565984150063e+00
38	107	61	84	2.76010000000000e+02	1.44513262065130e+03	3.00000000000000e-02	0.00000000000000e+00	0.00000000000000e+00	2.84530189373839e+02	-1.01340882613060e+00
39	108	62	85	2.94000000000000e+02	1.44513262065130e+03	3.00000000000000e-02	0.00000000000000e+00	0.00000000000000e+00	2.75139785402809e+02	2.21001627541633e+00
40	109	63	86	2.49560000000000e+02	1.44513262065130e+03	3.00000000000000e-02	0.00000000000000e+00	0.00000000000000e+00	2.68057708884778e+02	-2.38343072491185e+00
41	110	64	87	3.00780000000000e+02	1.44513262065130e+03	3.00000000000000e-02	0.00000000000000e+00	0.00000000000000e+00	2.61074310069461e+02	4.71913402646633e+00
42	111	65	88	2.46640000000000e+02	1.44513262065130e+03	3.00000000000000e-02	0.00000000000000e+00	0.00000000000000e+00	2.63854937920034e+02	-2.24898969915550e+00
43	112	66	89	2.80710000000000e+02	1.44513262065130e+03	3.00000000000000e-02	0.00000000000000e+00	0.00000000000000e+00	2.56921808610009e+02	2.95167720022593e+00
44	113	67	90	2.78740000000000e+02	1.44513262065130e+03	3.00000000000000e-02	0.00000000000000e+00	0.00000000000000e+00	2.60117733494559e+02	2.30483660118216e+00
45	114	68	91	2.01810000000000e+02	1.44513262065130e+03	3.00000000000000e-02	0.00000000000000e+00	0.00000000000000e+00	2.56586661977027e+02	-8.00466034334632e+00
46	115	69	92	2.51980000000000e+02	1.44513262065130e+03	3.00000000000000e-02	0.00000000000000e+00	0.00000000000000e+00	2.48376314319322e+02	4.80157558378054e-01
47	116	70	93	2.36040000000000e+02	1.44513262065130e+03	3.00000000000000e-02	0.00000000000000e+00	0.00000000000000e+00	2.39930377955155e+02	-5.44916907157352e-01
48	117	71	94	2.36040000000000e+02	1.44513262065130e+03	3.00000000000000e-02	0.00000000000000e+00	0.00000000000000e+00	2.32863975310012e+02	4.51559868393285e-01
49	118	72	95	2.12370000000000e+02	1.44513262065130e+03	3.00000000000000e-02	0.00000000000000e+00	0.00000000000000e+00	2.12680089183720e+02	-4.86357171579262e-02
50	119	73	96	1.99080000000000e+02	1.44513262065130e+03	3.00000000000000e-02	0.00000000000000e+00	0.00000000000000e+00	1.94312439295176e+02	8.07979285988658e-01
51	120	74	97	1.79080000000000e+02	1.44513262065130e+03	3.00000000000000e-02	0.00000000000000e+00	0.00000000000000e+00	1.74050214998119e+02	9.49626128322360e-01
52	121	75	98	1.86900000000000e+02	1.44513262065130e+03	3.00000000000000e-02	0.00000000000000e+00	0.00000000000000e+00	1.54088058909472e+02	6.43498214563640e+00
53	122	76	99	1.67080000000000e+02	1.44513262065130e+03	3.00000000000000e-02	0.00000000000000e+00	0.00000000000000e+00	1.44632578776315e+02	4.80920508467989e+00
54	123	77	100	1.56840000000000e+02	1.44513262065130e+03	3.00000000000000e-02	0.00000000000000e+00	0.00000000000000e+00	1.41804033427592e+02	3.35933730827751e+00
55	124	78	101	1.39730000000000e+02	1.44513262065130e+03	3.00000000000000e-02	0.00000000000000e+00	0.00000000000000e+00	1.46031380142470e+02	-1.47031806679907e+00
56	125	79	102	1.42830000000000e+02	1.44513262065130e+03	3.00000000000000e-02	0.00000000000000e+00	0.00000000000000e+00	1.54949722278797e+02	-2.71485266765813e+00
57	126	80	103	1.51830000000000e+02	1.44513262065130e+03	3.00000000000000e-02	0.00000000000000e+00	0.00000000000000e+00	1.64029811442565e+02	-2.57622381664868e+00
58	127	81	104	1.78770000000000e+02	1.44513262065130e+03	3.00000000000000e-02	0.00000000000000e+00	0.00000000000000e+00	1.73706293014977e+02	9.57805387309800e-01
59	128	82	105	1.94920000000000e+02	1.44513262065130e+03	3.00000000000000e-02	0.00000000000000e+00	0.00000000000000e+00	1.84319724825835e+02	1.86391111280949e+00
60	129	83	106	2.15170000000000e+02	1.44513262065130e+03	3.00000000000000e-02	0.00000000000000e+00	0.00000000000000e+00	1.88463471572831e+02	4.41747366718346e+00
61	130	84	107	2.03330000000000e+02	1.44513262065130e+03	3.00000000000000e-02	0.00000000000000e+00	0.00000000000000e+00	1.95422185929023e+02	1.32226668895603e+00
62	131	85	108	1.91770000000000e+02	1.44513262065130e+03	3.00000000000000e-02	0.00000000000000e+00	0.00000000000000e+00	2.05508928800083e+02	-2.30642482852668e+00
63	132	86	109	1.96520000000000e+02	1.44513262065130e+03	3.00000000000000e-02	0.00000000000000e+00	0.00000000000000e+00	2.09995219798714e+02	-2.21068534315583e+00
64	133	87	110	2.03620000000000e+02	1.44513262065130e+03	3.00000000000000e-02	0.00000000000000e+00	0.00000000000000e+00	2.07709990029303e+02	-6.62910546866543e-01
65	134	88	111	2.19580000000000e+02	1.44513262065130e+03	3.00000000000000e-02	0.00000000000000e+00	0.00000000000000e+00	1.99373258945052e+02	3.21792966232023e+00
66	135	89	112	2.12840000000000e+02	1.44513262065130e+03	3.00000000000000e-02	0.00000000000000e+00	0.00000000000000e+00	2.00283192466256e+02	2.02694607927354e+00
67	136	90	113	2.06100000000000e+02	1.44513262065130e+03	3.00000000000000e-02	0.00000000000000e+00	0.00000000000000e+00	1.95855981207356e+02	1.69939628381982e+00
68	137	91	114	2.03540000000000e+02	1.44513262065130e+03	3.00000000000000e-02	0.00000000000000e+00	0.00000000000000e+00	1.96394009285246e+02	1.19132176431931e+00
69	138	92	115	2.01890000000000e+02	1.44513262065130e+03	3.00000000000000e-02	0.00000000000000e+00	0.00000000000000e+00	2.01452560970776e+02	7.23023459560620e-02
70	139	93	116	2.02930000000000e+02	1.44513262065130e+03	3.00000000000000e-02	0.00000000000000e+00	0.00000000000000e+00	2.07368467788238e+02	-7.21205217046202e-01
71	140	94	117	2.03130000000000e+02	1.44513262065130e+03	3.00000000000000e-02	0.00000000000000e+00	0.00000000000000e+00	2.14670185225412e+02	-1.84188866459539e+00
72	141	95	118	2.21910000000000e+02	1.44513262065130e+03	3.00000000000000e-02	0.00000000000000e+00	0.00000000000000e+00	2.34926404577611e+02	-1.90001329391715e+00
73	142	96	119	2.38460000000000e+02	1.44513262065130e+03	3.00000000000000e-02	0.00000000000000e+00	0.00000000000000e+00	2.57475376057757e+02	-2.55741690643626e+00
74	143	97	120	2.66090000000000e+02	1.44513262065130e+03	3.00000000000000e-02	0.00000000000000e+00	0.00000000000000e+00	2.81249260898296e+02	-1.84689093925667e+00
75	144	98	121	3.01140000000000e+02	1.44513262065130e+03	3.00000000000000e-02	0.00000000000000e+00	0.00000000000000e+00	3.05566507510669e+02	-4.86406084978460e-01
76	145	99	122	3.13230000000000e+02	1.44513262065130e+03	3.00000000000000e-02	0.00000000000000e+00	0.00000000000000e+00	3.10485043975247e+02	2.93400410274280e-01
77	146	100	123	3.10060000000000e+02	1.44513262065130e+03	3.00000000000000e-02	0.00000000000000e+00	0.00000000000000e+00	3.11728047931125e+02	-1.78844644158390e-01
78	147	101	124	3.34920000000000e+02	1.44513262065130e+03	3.00000000000000e-02	0.00000000000000e+00	0.00000000000000e+00	3.13800405515853e+02	2.17115215877565e+00
79	148	102	125	3.16590000000000e+02	1.44513262065130e+03	3.00000000000000e-02	0.00000000000000e+00	0.00000000000000e+00	3.15054886335557e+02	1.62023178960258e-01
80	149	103	126	3.05000000000000e+02	1.44513262065130e+03	3.00000000000000e-02	0.00000000000000e+00	0.00000000000000e+00	3.13131438075915e+02	-8.77041858061182e-01
81	150	104	127	3.16720000000000e+02	1.44513262065130e+03	3.00000000000000e-02	0.00000000000000e+00	0.00000000000000e+00	3.16470474936920e+02	2.62717234780219e-02
82	151	105	128	3.46350000000000e+02	1.44513262065130e+03	3.00000000000000e-02	0.00000000000000e+00	0.00000000000000e+00	3.13025482507616e+02	3.37217411600103e+00
83	152	106	129	3.26190000000000e+02	1.44513262065130e+03	3.00000000000000e-02	0.00000000000000e+00	0.00000000000000e+00	3.12540907699773e+02	1.42482228097679e+00
84	153	107	130	3.18830000000000e+02	1.44513262065130e+03	3.00000000000000e-02	0.00000000000000e+00	0.00000000000000e+00	3.22734587606598e+02	-4.05740995433460e-01
85	154	108	131	3.50650000000000e+02	1.44513262065130e+03	3.00000000000000e-02	0.00000000000000e+00	0.00000000000000e+00	3.22129456203758e+02	2.82783574447407e+00
86	155	109	132	3.18300000000000e+02	1.44513262065130e+03	3.00000000000000e-02	0.00000000000000e+00	0.00000000000000e+00	3.24068172680869e+02	-5.98652296005338e-01
87	156	110	133	3.35200000000000e+02	1.44513262065130e+03	3.00000000000000e-02	0.00000000000000e+00	0.00000000000000e+00	3.38125843620041e+02	-2.89692532809364e-01
88	157	111	134	3.85840000000000e+02	1.44513262065130e+03	3.00000000000000e-02	0.00000000000000e+00	0.00000000000000e+00	3.60300816332132e+02	2.28278307693544e+00
89	158	112	135	4.02810000000000e+02	1.44513262065130e+03	3.00000000000000e-02	0.00000000000000e+00	0.00000000000000e+00	3.72173888383201e+02	2.63679332687268e+00
90	159	113	136	4.48930000000000e+02	1.44513262065130e+03	3.00000000000000e-02	0.00000000000000e+00	0.00000000000000e+00	3.87735289492048e+02	4.88480367905989e+00
91	160	114	137	4.26000000000000e+02	1.44513262065130e+03	3.00000000000000e-02	0.00000000000000e+00	0.00000000000000e+00	3.92840416611893e+02	2.70119604891489e+00
92	161	115	138	4.13770000000000e+02	1.44513262065130e+03	3.00000000000000e-02	0.00000000000000e+00	0.00000000000000e+00	3.85058940331162e+02	2.39712831839676e+00
93	162	116	139	3.75150000000000e+02	1.44513262065130e+03	3.00000000000000e-02	0.00000000000000e+00	0.00000000000000e+00	3.77134770373560e+02	-1.75888622403490e-01
94	163	117	140	3.65350000000000e+02	1.44513262065130e+03	3.00000000000000e-02	0.00000000000000e+00	0.00000000000000e+00	3.74799831944796e+02	-8.51210124686297e-01
95	164	118	141	3.77110000000000e+02	1.44513262065130e+03	3.00000000000000e-02	0.00000000000000e+00	0.00000000000000e+00	3.61062464011429e+02	1.44953160700837e+00
96	165	119	142	3.59060000000000e+02	1.44513262065130e+03	3.00000000000000e-02	0.00000000000000e+00	0.00000000000000e+00	3.48493915480074e+02	9.95624485405629e-01
97	166	120	143	2.87150000000000e+02	1.44513262065130e+03	3.00000000000000e-02	0.00000000000000e+00	0.00000000000000e+00	3.34850518303127e+02	-5.12264969703814e+00
98	167	121	144	3.11630000000000e+02	1.44513262065130e+03	3.00000000000000e-02	0.00000000000000e+00	0.00000000000000e+00	3.22019235688897e+02	-1.09315650945456e+00
99	168	122	145	3.11020000000000e+02	1.44513262065130e+03	3.00000000000000e-02	0.00000000000000e+00	0.00000000000000e+00	3.28163163500480e+02	-1.78845718668181e+00
100	169	123	146	3.07170000000000e+02	1.44513262065130e+03	3.00000000000000e-02	0.00000000000000e+00	0.00000000000000e+00	3.30000351222526e+02	-2.38974595052692e+00
101	170	124	147	3.06230000000000e+02	1.44513262065130e+03	3.00000000000000e-02	0.00000000000000e+00	0.00000000000000e+00	3.28825760592291e+02	-2.37305179364133e+00
102	171	125	148	2.96980000000000e+02	1.44513262065130e+03	3.00000000000000e-02	0.00000000000000e+00	0.00000000000000e+00	3.18158442834878e+02	-2.29615700454697e+00
103	172	126	149	2.88540000000000e+02	1.44513262065130e+03	3.00000000000000e-02	0.00000000000000e+00	0.00000000000000e+00	3.20134634510639e+02	-3.46359718795490e+00
104	173	127	150	2.82210000000000e+02	1.44513262065130e+03	3.00000000000000e-02	0.00000000000000e+00	0.00000000000000e+00	3.11518284275484e+02	-3.29355197888323e+00
105	174	128	151	3.18780000000000e+02	1.44513262065130e+03	3.00000000000000e-02	0.00000000000000e+00	0.00000000000000e+00	3.05519978451113e+02	1.41620124351620e+00
106	175	129	152	3.94130000000000e+02	1.44513262065130e+03	3.00000000000000e-02	0.00000000000000e+00	0.00000000000000e+00	3.19497876382363e+02	6.99767256701011e+00
107	176	130	153	2.61210000000000e+02	1.44513262065130e+03	3.00000000000000e-02	0.00000000000000e+00	0.00000000000000e+00	2.56261008025912e+02	6.37606460959628e-01
1	73	25	49	1.96360000000000e+02	1.50796447372310e+03	3.00000000000000e-02	0.00000000000000e+00	0.00000000000000e+00	1.60077491676790e+02	6.80972294075352e+00
3	74	26	50	1.31510000000000e+02	1.50796447372310e+03	3.00000000000000e-02	0.00000000000000e+00	0.00000000000000e+00	1.48190481098615e+02	-3.98051954471536e+00
4	75	27	51	1.33020000000000e+02	1.50796447372310e+03	3.00000000000000e-02	0.00000000000000e+00	0.00000000000000e+00	1.39831819906811e+02	-1.66469737500838e+00
2	76	28	52	1.23140000000000e+02	1.50796447372310e+03	3.00000000000000e-02	0.00000000000000e+00	0.00000000000000e+00	1.34621111899317e+02	-2.97141115352355e+00
5	77	29	53	1.17130000000000e+02	1.50796447372310e+03	3.00000000000000e-02	0.00000000000000e+00	0.00000000000000e+00	1.27606704753095e+02	-2.85561618451376e+00
6	78	30	54	1.37330000000000e+02	1.50796447372310e+03	3.00000000000000e-02	0.00000000000000e+00	0.00000000000000e+00	1.25476152891306e+02	3.00903549427242e+00
7	79	31	55	1.28640000000000e+02	1.50796447372310e+03	3.00000000000000e-02	0.00000000000000e+00	0.00000000000000e+00	1.36100065194297e+02	-1.87908610814193e+00
8	80	32	56	1.46400000000000e+02	1.50796447372310e+03	3.00000000000000e-02	0.00000000000000e+00	0.00000000000000e+00	1.53140165443676e+02	-1.50036714999503e+00
9	81	33	57	2.03030000000000e+02	1.50796447372310e+03	3.00000000000000e-02	0.00000000000000e+00	0.00000000000000e+00	1.77491913239008e+02	4.48095675711301e+00
10	82	34	58	1.97290000000000e+02	1.50796447372310e+03	3.00000000000000e-02	0.00000000000000e+00	0.00000000000000e+00	1.90975014361705e+02	1.08440409591474e+00
11	83	35	59	2.00280000000000e+02	1.50796447372310e+03	3.00000000000000e-02	0.00000000000000e+00	0.00000000000000e+00	1.96049762388991e+02	7.11595690534139e-01
12	84	36	60	2.04540000000000e+02	1.50796447372310e+03	3.00000000000000e-02	0.00000000000000e+00	0.00000000000000e+00	1.90826364071546e+02	2.31332098111870e+00
13	85	37	61	1.88580000000000e+02	1.50796447372310e+03	3.00000000000000e-02	0.00000000000000e+00	0.00000000000000e+00	1.90998043770131e+02	-4.24695530514955e-01
14	86	38	62	1.83270000000000e+02	1.50796447372310e+03	3.00000000000000e-02	0.00000000000000e+00	0.00000000000000e+00	1.93496707223045e+02	-1.81000066866988e+00
15	87	39	63	1.91260000000000e+02	1.50796447372310e+03	3.00000000000000e-02	0.00000000000000e+00	0.00000000000000e+00	1.93341332997022e+02	-3.60781088857850e-01
16	88	40	64	2.00990000000000e+02	1.50796447372310e+03	3.00000000000000e-02	0.00000000000000e+00	0.00000000000000e+00	1.91518210878988e+02	1.60907518348221e+00
17	89	41	65	1.79930000000000e+02	1.50796447372310e+03	3.00000000000000e-02	0.00000000000000e+00	0.00000000000000e+00	1.94340072129040e+02	-2.56805623985018e+00
18	90	42	66	2.09350000000000e+02	1.50796447372310e+03	3.00000000000000e-02	0.00000000000000e+00	0.00000000000000e+00	1.98745496234608e+02	1.73274665474219e+00
19	91	43	67	2.88800000000000e+02	1.50796447372310e+03	3.00000000000000e-02	0.00000000000000e+00	0.00000000000000e+00	2.02427956495470e+02	1.18450118055373e+01
20	92	44	68	2.31780000000000e+02	1.50796447372310e+03	3.00000000000000e-02	0.00000000000000e+00	0.00000000000000e+00	2.05750254588071e+02	3.97085229945843e+00
21	93	45	69	1.74750000000000e+02	1.50796447372310e+03	3.00000000000000e-02	0.00000000000000e+00	0.00000000000000e+00	2.06196502777438e+02	-5.51577433276368e+00
22	94	46	70	1.73220000000000e+02	1.50796447372310e+03	3.00000000000000e-02	0.00000000000000e+00	0.00000000000000e+00	2.06511839303213e+02	-5.85984270140596e+00
23	95	47	71	2.02000000000000e+02	1.50796447372310e+03	3.00000000000000e-02	0.00000000000000e+00	0.00000000000000e+00	2.14129183407464e+02	-1.94372654244367e+00
24	96	48	72	2.22420000000000e+02	1.50796447372310e+03	3.00000000000000e-02	0.00000000000000e+00	0.00000000000000e+00	2.25871417493158e+02	-5.13280060776348e-01
25	97	49	73	2.48460000000000e+02	1.50796447372310e+03	3.00000000000000e-02	0.00000000000000e+00	0.00000000000000e+00	2.41820413049476e+02	9.02883698479861e-01
26	98	50	74	2.80600000000000e+02	1.50796447372310e+03	3.00000000000000e-02	0.00000000000000e+00	0.00000000000000e+00	2.56879830150394e+02	2.94405930298201e+00
27	99	51	75	2.89840000000000e+02	1.50796447372310e+03	3.00000000000000e-02	0.00000000000000e+00	0.00000000000000e+00	2.68589125244088e+02	2.53820833742099e+00
28	100	52	76	3.12150000000000e+02	1.50796447372310e+03	3.00000000000000e-02	0.00000000000000e+00	0.00000000000000e+00	2.79377353443676e+02	3.69734840719775e+00
29	101	53	77	3.28230000000000e+02	1.50796447372310e+03	3.00000000000000e-02	0.00000000000000e+00	0.00000000000000e+00	2.93917900233901e+02	3.68047015736739e+00
30	102	54	78	3.41970000000000e+02	1.50796447372310e+03	3.00000000000000e-02	0.00000000000000e+00	0.00000000000000e+00	3.00855858426181e+02	4.26972465086720e+00
31	103	55	79	3.60700000000000e+02	1.50796447372310e+03	3.00000000000000e-02	0.00000000000000e+00	0.00000000000000e+00	3.06721659384104e+02	5.40352995108530e+00
32	104	56	80	3.20390000000000e+02	1.50796447372310e+03	3.00000000000000e-02	0.00000000000000e+00	0.00000000000000e+00	2.87408553699036e+02	3.62114227233539e+00
33	105	57	81	2.99610000000000e+02	1.50796447372310e+03	3.00000000000000e-02	0.00000000000000e+00	0.00000000000000e+00	2.63311294786202e+02	4.30482221059221e+00
34	106	58	82	2.69470000000000e+02	1.50796447372310e+03	3.00000000000000e-02	0.00000000000000e+00	0.00000000000000e+00	2.47689217228280e+02	2.80940876427520e+00
35	107	59	83	2.30350000000000e+02	1.50796447372310e+03	3.00000000000000e-02	0.00000000000000e+00	0.00000000000000e+00	2.48941798737298e+02	-2.58730792501591e+00
36	108	60	84	2.90030000000000e+02	1.50796447372310e+03	3.00000000000000e-02	0.00000000000000e+00	0.00000000000000e+00	2.68740631294094e+02	2.54125491242612e+00
37	109	61	85	2.79340000000000e+02	1.50796447372310e+03	3.00000000000000e-02	0.00000000000000e+00	0.00000000000000e+00	2.69886840538608e+02	1.14756386154295e+00
38	110	62	86	2.68410000000000e+02	1.50796447372310e+03	3.00000000000000e-02	0.00000000000000e+00	0.00000000000000e+00	2.67825627837189e+02	7.26511958309750e-02
39	111	63	87	2.52570000000000e+02	1.50796447372310e+03	3.00000000000000e-02	0.00000000000000e+00	0.00000000000000e+00	2.68827389535344e+02	-2.07936870110356e+00
40	112	64	88	2.33800000000000e+02	1.50796447372310e+03	3.00000000000000e-02	0.00000000000000e+00	0.00000000000000e+00	2.68703552133094e+02	-4.63808953983316e+00
41	113	65	89	2.93910000000000e+02	1.50796447372310e+03	3.00000000000000e-02	0.00000000000000e+00	0.00000000000000e+00	2.62647329418338e+02	3.74871395035393e+00
42	114	66	90	1.97720000000000e+02	1.50796447372310e+03	3.00000000000000e-02	0.00000000000000e+00	0.00000000000000e+00	2.57396586591589e+02	-8.79220485101329e+00
43	115	67	91	1.19860000000000e+02	1.50796447372310e+03	3.00000000000000e-02	0.00000000000000e+00	0.00000000000000e+00	2.49823561188093e+02	-2.44810172807369e+01
44	116	68	92	1.72120000000000e+02	1.50796447372310e+03	3.00000000000000e-02	0.00000000000000e+00	0.00000000000000e+00	2.40198329625628e+02	-1.11091015851057e+01
45	117	69	93	2.24380000000000e+02	1.50796447372310e+03	3.00000000000000e-02	0.00000000000000e+00	0.00000000000000e+00	2.35560218714851e+02	-1.62085144826808e+00
46	118	70	94	2.38210000000000e+02	1.50796447372310e+03	3.00000000000000e-02	0.00000000000000e+00	0.00000000000000e+00	2.27692385022324e+02	1.50523693621816e+00
47	119	71	95	2.38210000000000e+02	1.50796447372310e+03	3.00000000000000e-02	0.00000000000000e+00	0.00000000000000e+00	2.13728513670141e+02	3.61486852150872e+00
48	120	72	96	1.96730000000000e+02	1.50796447372310e+03	3.00000000000000e-02	0.00000000000000e+00	0.00000000000000e+00	1.97526937889822e+02	-1.34757971032654e-01
49	121	73	97	1.83890000000000e+02	1.50796447372310e+03	3.00000000000000e-02	0.00000000000000e+00	0.00000000000000e+00	1.75775378616372e+02	1.50436102289326e+00
50	122	74	98	1.77350000000000e+02	1.50796447372310e+03	3.00000000000000e-02	0.00000000000000e+00	0.00000000000000e+00	1.60793339527944e+02	3.26684153929166e+00
51	123	75	99	1.80450000000000e+02	1.50796447372310e+03	3.00000000000000e-02	0.00000000000000e+00	0.00000000000000e+00	1.53383630376321e+02	5.41705199561813e+00
52	124	76	100	1.73820000000000e+02	1.50796447372310e+03	3.00000000000000e-02	0.00000000000000e+00	0.00000000000000e+00	1.45029323666152e+02	6.03614422848512e+00
53	125	77	101	1.55430000000000e+02	1.50796447372310e+03	3.00000000000000e-02	0.00000000000000e+00	0.00000000000000e+00	1.38044258964861e+02	3.95403728732241e+00
54	126	78	102	1.26090000000000e+02	1.50796447372310e+03	3.00000000000000e-02	0.00000000000000e+00	0.00000000000000e+00	1.36893270004795e+02	-2.74018778217083e+00
55	127	79	103	1.26650000000000e+02	1.50796447372310e+03	3.00000000000000e-02	0.00000000000000e+00	0.00000000000000e+00	1.37408178544618e+02	-2.71761750611663e+00
56	128	80	104	1.78970000000000e+02	1.50796447372310e+03	3.00000000000000e-02	0.00000000000000e+00	0.00000000000000e+00	1.49303808550188e+02	6.04116601437251e+00
57	129	81	105	2.31290000000000e+02	1.50796447372310e+03	3.00000000000000e-02	0.00000000000000e+00	0.00000000000000e+00	1.66971382395661e+02	1.08616633191729e+01
58	130	82	106	1.93860000000000e+02	1.50796447372310e+03	3.00000000000000e-02	0.00000000000000e+00	0.00000000000000e+00	1.81401684193655e+02	2.21408090024191e+00
59	131	83	107	2.05870000000000e+02	1.50796447372310e+03	3.00000000000000e-02	0.00000000000000e+00	0.00000000000000e+00	1.90519565572730e+02	2.58300019699576e+00
60	132	84	108	1.97730000000000e+02	1.50796447372310e+03	3.00000000000000e-02	0.00000000000000e+00	0.00000000000000e+00	1.93067607388871e+02	7.95401293866149e-01
61	133	85	109	2.01010000000000e+02	1.50796447372310e+03	3.00000000000000e-02	0.00000000000000e+00	0.00000000000000e+00	2.02169699615187e+02	-1.91759458557428e-01
62	134	86	110	1.97570000000000e+02	1.50796447372310e+03	3.00000000000000e-02	0.00000000000000e+00	0.00000000000000e+00	2.07215089831267e+02	-1.58881277264031e+00
63	135	87	111	1.93360000000000e+02	1.50796447372310e+03	3.00000000000000e-02	0.00000000000000e+00	0.00000000000000e+00	2.05260207942603e+02	-1.99082482970407e+00
64	136	88	112	2.27760000000000e+02	1.50796447372310e+03	3.00000000000000e-02	0.00000000000000e+00	0.00000000000000e+00	2.00305801739835e+02	4.28157451553985e+00
65	137	89	113	1.97890000000000e+02	1.50796447372310e+03	3.00000000000000e-02	0.00000000000000e+00	0.00000000000000e+00	1.99030284019039e+02	-1.91522446184056e-01
66	138	90	114	1.90300000000000e+02	1.50796447372310e+03	3.00000000000000e-02	0.00000000000000e+00	0.00000000000000e+00	2.01087415268138e+02	-1.83793136820378e+00
67	139	91	115	1.82710000000000e+02	1.50796447372310e+03	3.00000000000000e-02	0.00000000000000e+00	0.00000000000000e+00	2.04571410478435e+02	-3.76723045327649e+00
68	140	92	116	2.38350000000000e+02	1.50796447372310e+03	3.00000000000000e-02	0.00000000000000e+00	0.00000000000000e+00	2.10341544981007e+02	4.16691891418927e+00
69	141	93	117	2.05090000000000e+02	1.50796447372310e+03	3.00000000000000e-02	0.00000000000000e+00	0.00000000000000e+00	2.15108104296546e+02	-1.58972684188991e+00
70	142	94	118	2.16480000000000e+02	1.50796447372310e+03	3.00000000000000e-02	0.00000000000000e+00	0.00000000000000e+00	2.26252199193290e+02	-1.47173794338844e+00
71	143	95	119	2.28550000000000e+02	1.50796447372310e+03	3.00000000000000e-02	0.00000000000000e+00	0.00000000000000e+00	2.42986936177507e+02	-2.04175588437501e+00
72	144	96	120	2.44200000000000e+02	1.50796447372310e+03	3.00000000000000e-02	0.00000000000000e+00	0.00000000000000e+00	2.62559692494801e+02	-2.41636314946036e+00
73	145	97	121	2.71470000000000e+02	1.50796447372310e+03	3.00000000000000e-02	0.00000000000000e+00	0.00000000000000e+00	2.84814585003546e+02	-1.59955845280892e+00
74	146	98	122	2.95370000000000e+02	1.50796447372310e+03	3.00000000000000e-02	0.00000000000000e+00	0.00000000000000e+00	2.98580811333177e+02	-3.60393773271876e-01
75	147	99	123	3.16730000000000e+02	1.50796447372310e+03	3.00000000000000e-02	0.00000000000000e+00	0.00000000000000e+00	3.07877250872074e+02	9.44950284060979e-01
76	148	100	124	3.16150000000000e+02	1.50796447372310e+03	3.00000000000000e-02	0.00000000000000e+00	0.00000000000000e+00	3.19444363615173e+02	-3.45544611993809e-01
77	149	101	125	3.14930000000000e+02	1.50796447372310e+03	3.00000000000000e-02	0.00000000000000e+00	0.00000000000000e+00	3.20669911331420e+02	-6.02062951172104e-01
78	150	102	126	3.17450000000000e+02	1.50796447372310e+03	3.00000000000000e-02	0.00000000000000e+00	0.00000000000000e+00	3.20845977898328e+02	-3.54695424396804e-01
79	151	103	127	3.17830000000000e+02	1.50796447372310e+03	3.00000000000000e-02	0.00000000000000e+00	0.00000000000000e+00	3.24392815843926e+02	-6.81284245838161e-01
80	152	104	128	3.20980000000000e+02	1.50796447372310e+03	3.00000000000000e-02	0.00000000000000e+00	0.00000000000000e+00	3.12461153651038e+02	8.96622092005088e-01
81	153	105	129	3.16410000000000e+02	1.50796447372310e+03	3.00000000000000e-02	0.00000000000000e+00	0.00000000000000e+00	3.03408620298990e+02	1.39861207073967e+00
82	154	106	130	3.35170000000000e+02	1.50796447372310e+03	3.00000000000000e-02	0.00000000000000e+00	0.00000000000000e+00	2.99274971706115e+02	3.77583590666613e+00
83	155	107	131	2.98040000000000e+02	1.50796447372310e+03	3.00000000000000e-02	0.00000000000000e+00	0.00000000000000e+00	3.04998320050017e+02	-7.69285429132793e-01
84	156	108	132	3.26110000000000e+02	1.50796447372310e+03	3.00000000000000e-02	0.00000000000000e+00	0.00000000000000e+00	3.20847563078680e+02	5.42287293394317e-01
85	157	109	133	3.25380000000000e+02	1.50796447372310e+03	3.00000000000000e-02	0.00000000000000e+00	0.00000000000000e+00	3.31925701830650e+02	-6.63914137470141e-01
86	158	110	134	3.15810000000000e+02	1.50796447372310e+03	3.00000000000000e-02	0.00000000000000e+00	0.00000000000000e+00	3.46948373317688e+02	-3.13450739607886e+00
87	159	111	135	3.71940000000000e+02	1.50796447372310e+03	3.00000000000000e-02	0.00000000000000e+00	0.00000000000000e+00	3.63664443615493e+02	7.50032222564171e-01
88	160	112	136	4.21390000000000e+02	1.50796447372310e+03	3.00000000000000e-02	0.00000000000000e+00	0.00000000000000e+00	3.80415276462744e+02	3.40984272853519e+00
89	161	113	137	4.38070000000000e+02	1.50796447372310e+03	3.00000000000000e-02	0.00000000000000e+00	0.00000000000000e+00	3.90488721096614e+02	3.83265431104342e+00
90	162	114	138	4.52490000000000e+02	1.50796447372310e+03	3.00000000000000e-02	0.00000000000000e+00	0.00000000000000e+00	3.89285637561169e+02	5.01507674989451e+00
91	163	115	139	3.99670000000000e+02	1.50796447372310e+03	3.00000000000000e-02	0.00000000000000e+00	0.00000000000000e+00	3.83772249084699e+02	1.35299771055246e+00
92	164	116	140	4.36370000000000e+02	1.50796447372310e+03	3.00000000000000e-02	0.00000000000000e+00	0.00000000000000e+00	3.76005632255606e+02	4.96287948812322e+00
93	165	117	141	3.91270000000000e+02	1.50796447372310e+03	3.00000000000000e-02	0.00000000000000e+00	0.00000000000000e+00	3.71094968140783e+02	1.76466166973868e+00
94	166	118	142	3.35120000000000e+02	1.50796447372310e+03	3.00000000000000e-02	0.00000000000000e+00	0.00000000000000e+00	3.52960234815189e+02	-1.72889082334526e+00
95	167	119	143	3.35090000000000e+02	1.50796447372310e+03	3.00000000000000e-02	0.00000000000000e+00	0.00000000000000e+00	3.41330008125318e+02	-6.15020753460064e-01
96	168	120	144	3.26810000000000e+02	1.50796447372310e+03	3.00000000000000e-02	0.00000000000000e+00	0.00000000000000e+00	3.30535549625089e+02	-3.77841813216614e-01
97	169	121	145	3.04100000000000e+02	1.50796447372310e+03	3.00000000000000e-02	0.00000000000000e+00	0.00000000000000e+00	3.23639592011536e+02	-2.07579772103923e+00
98	170	122	146	3.11180000000000e+02	1.50796447372310e+03	3.00000000000000e-02	0.00000000000000e+00	0.00000000000000e+00	3.26212814725525e+02	-1.57261504671065e+00
99	171	123	147	3.06710000000000e+02	1.50796447372310e+03	3.00000000000000e-02	0.00000000000000e+00	0.00000000000000e+00	3.23478489699054e+02	-1.77433145201474e+00
100	172	124	148	2.97430000000000e+02	1.50796447372310e+03	3.00000000000000e-02	0.00000000000000e+00	0.00000000000000e+00	3.20758425463217e+02	-2.51697893252093e+00
101	173	125	149	3.01170000000000e+02	1.50796447372310e+03	3.00000000000000e-02	0.00000000000000e+00	0.00000000000000e+00	3.24840650095995e+02	-2.52199551070929e+00
102	174	126	150	2.29340000000000e+02	1.50796447372310e+03	3.00000000000000e-02	0.00000000000000e+00	0.00000000000000e+00	3.14326883122907e+02	-1.05075951618989e+01
103	175	127	151	2.80550000000000e+02	1.50796447372310e+03	3.00000000000000e-02	0.00000000000000e+00	0.00000000000000e+00	3.10888286158072e+02	-3.42272256521614e+00
104	176	128	152	1.94970000000000e+02	1.50796447372310e+03	3.00000000000000e-02	0.00000000000000e+00	0.00000000000000e+00	2.56106902984998e+02	-9.09164155079984e+00
1	76	26	51	1.52420000000000e+02	1.57079632679490e+03	3.00000000000000e-02	0.00000000000000e+00	0.00000000000000e+00	1.39258295833774e+02	3.01031386990704e+00
3	77	27	52	1.09860000000000e+02	1.57079632679490e+03	3.00000000000000e-02	0.00000000000000e+00	0.00000000000000e+00	1.30587898816798e+02	-5.76132420880642e+00
4	78	28	53	1.04380000000000e+02	1.57079632679490e+03	3.00000000000000e-02	0.00000000000000e+00	0.00000000000000e+00	1.25699919220110e+02	-6.19531289134632e+00
2	79	29	54	1.05770000000000e+02	1.57079632679490e+03	3.00000000000000e-02	0.00000000000000e+00	0.00000000000000e+00	1.24861954697274e+02	-5.53139464276722e+00
5	80	30	55	1.23470000000000e+02	1.57079632679490e+03	3.00000000000000e-02	0.00000000000000e+00	0.00000000000000e+00	1.34726618793396e+02	-2.90831559020045e+00
6	81	31	56	1.49400000000000e+02	1.57079632679490e+03	3.00000000000000e-02	0.00000000000000e+00	0.00000000000000e+00	1.47251532344772e+02	4.82834793501929e-01
7	82	32	57	1.81640000000000e+02	1.57079632679490e+03	3.00000000000000e-02	0.00000000000000e+00	0.00000000000000e+00	1.78885059760663e+02	5.09441029372315e-01
8	83	33	58	2.15680000000000e+02	1.57079632679490e+03	3.00000000000000e-02	0.00000000000000e+00	0.00000000000000e+00	1.93730517561287e+02	3.57759063562734e+00
9	84	34	59	1.97000000000000e+02	1.57079632679490e+03	3.00000000000000e-02	0.00000000000000e+00	0.00000000000000e+00	1.97319568481197e+02	-5.40286908901363e-02
10	85	35	60	1.97530000000000e+02	1.57079632679490e+03	3.00000000000000e-02	0.00000000000000e+00	0.00000000000000e+00	1.96428304674555e+02	1.86432283863998e-01
11	86	36	61	2.02480000000000e+02	1.57079632679490e+03	3.00000000000000e-02	0.00000000000000e+00	0.00000000000000e+00	2.00405129573088e+02	3.43338356055097e-01
12	87	37	62	1.92610000000000e+02	1.57079632679490e+03	3.00000000000000e-02	0.00000000000000e+00	0.00000000000000e+00	2.00778759105602e+02	-1.38453939265328e+00
13	88	38	63	1.87450000000000e+02	1.57079632679490e+03	3.00000000000000e-02	0.00000000000000e+00	0.00000000000000e+00	1.92482076432376e+02	-8.83029892292135e-01
14	89	39	64	2.08600000000000e+02	1.57079632679490e+03	3.00000000000000e-02	0.00000000000000e+00	0.00000000000000e+00	1.89414846376956e+02	3.21596595082605e+00
15	90	40	65	2.06650000000000e+02	1.57079632679490e+03	3.00000000000000e-02	0.00000000000000e+00	0.00000000000000e+00	1.91492053551711e+02	2.53934096705126e+00
16	91	41	66	2.05860000000000e+02	1.57079632679490e+03	3.00000000000000e-02	0.00000000000000e+00	0.00000000000000e+00	1.98840491610506e+02	1.15644574941965e+00
17	92	42	67	2.05440000000000e+02	1.57079632679490e+03	3.00000000000000e-02	0.00000000000000e+00	0.00000000000000e+00	2.01615683942200e+02	6.26356333269840e-01
18	93	43	68	1.96460000000000e+02	1.57079632679490e+03	3.00000000000000e-02	0.00000000000000e+00	0.00000000000000e+00	2.02621186318727e+02	-1.02931034187286e+00
19	94	44	69	2.04890000000000e+02	1.57079632679490e+03	3.00000000000000e-02	0.00000000000000e+00	0.00000000000000e+00	2.05081536418443e+02	-3.11462976270604e-02
20	95	45	70	2.04890000000000e+02	1.57079632679490e+03	3.00000000000000e-02	0.00000000000000e+00	0.00000000000000e+00	2.09047722862864e+02	-6.69643839902445e-01
21	96	46	71	1.71400000000000e+02	1.57079632679490e+03	3.00000000000000e-02	0.00000000000000e+00	0.00000000000000e+00	2.17021752574666e+02	-7.86658615441421e+00
22	97	47	72	2.22920000000000e+02	1.57079632679490e+03	3.00000000000000e-02	0.00000000000000e+00	0.00000000000000e+00	2.31427982569683e+02	-1.24852573381862e+00
23	98	48	73	2.38690000000000e+02	1.57079632679490e+03	3.00000000000000e-02	0.00000000000000e+00	0.00000000000000e+00	2.45900749416979e+02	-9.92078599664185e-01
24	99	49	74	2.67380000000000e+02	1.57079632679490e+03	3.00000000000000e-02	0.00000000000000e+00	0.00000000000000e+00	2.56440618607683e+02	1.39245787162311e+00
25	100	50	75	2.85550000000000e+02	1.57079632679490e+03	3.00000000000000e-02	0.00000000000000e+00	0.00000000000000e+00	2.66568625156168e+02	2.29284764591125e+00
26	101	51	76	2.84250000000000e+02	1.57079632679490e+03	3.00000000000000e-02	0.00000000000000e+00	0.00000000000000e+00	2.73470774538101e+02	1.28864579143224e+00
27	102	52	77	3.07630000000000e+02	1.57079632679490e+03	3.00000000000000e-02	0.00000000000000e+00	0.00000000000000e+00	2.80620421356061e+02	3.06316065505297e+00
28	103	53	78	3.34430000000000e+02	1.57079632679490e+03	3.00000000000000e-02	0.00000000000000e+00	0.00000000000000e+00	2.83925124537318e+02	5.45723442333704e+00
29	104	54	79	3.07710000000000e+02	1.57079632679490e+03	3.00000000000000e-02	0.00000000000000e+00	0.00000000000000e+00	2.84676274196487e+02	2.59350421105786e+00
30	105	55	80	3.14280000000000e+02	1.57079632679490e+03	3.00000000000000e-02	0.00000000000000e+00	0.00000000000000e+00	2.78367782750979e+02	4.04470364736656e+00
31	106	56	81	2.97160000000000e+02	1.57079632679490e+03	3.00000000000000e-02	0.00000000000000e+00	0.00000000000000e+00	2.72133543596259e+02	2.93259331232033e+00
32	107	57	82	2.89260000000000e+02	1.57079632679490e+03	3.00000000000000e-02	0.00000000000000e+00	0.00000000000000e+00	2.50195877217228e+02	4.83606058990886e+00
33	108	58	83	2.69300000000000e+02	1.57079632679490e+03	3.00000000000000e-02	0.00000000000000e+00	0.00000000000000e+00	2.37521099073864e+02	4.18565140276650e+00
34	109	59	84	2.38160000000000e+02	1.57079632679490e+03	3.00000000000000e-02	0.00000000000000e+00	0.00000000000000e+00	2.45195852552276e+02	-9.70485755374136e-01
35	110	60	85	2.80850000000000e+02	1.57079632679490e+03	3.00000000000000e-02	0.00000000000000e+00	0.00000000000000e+00	2.51100096821204e+02	3.73230224089169e+00
36	111	61	86	2.63970000000000e+02	1.57079632679490e+03	3.00000000000000e-02	0.00000000000000e+00	0.00000000000000e+00	2.60532607725351e+02	4.36914445197563e-01
37	112	62	87	2.70550000000000e+02	1.57079632679490e+03	3.00000000000000e-02	0.00000000000000e+00	0.00000000000000e+00	2.61760829071523e+02	1.10085677943041e+00
38	113	63	88	2.64620000000000e+02	1.57079632679490e+03	3.00000000000000e-02	0.00000000000000e+00	0.00000000000000e+00	2.69111590219025e+02	-5.61043083196970e-01
39	114	64	89	2.03210000000000e+02	1.57079632679490e+03	3.00000000000000e-02	0.00000000000000e+00	0.00000000000000e+00	2.66533180037066e+02	-9.04196039058472e+00
40	115	65	90	2.03520000000000e+02	1.57079632679490e+03	3.00000000000000e-02	0.00000000000000e+00	0.00000000000000e+00	2.60370852051618e+02	-8.21142295439300e+00
41	116	66	91	2.56170000000000e+02	1.57079632679490e+03	3.00000000000000e-02	0.00000000000000e+00	0.00000000000000e+00	2.46121929691447e+02	1.33380747655017e+00
42	117	67	92	2.46260000000000e+02	1.57079632679490e+03	3.00000000000000e-02	0.00000000000000e+00	0.00000000000000e+00	2.36856866194904e+02	1.29772899269236e+00
43	118	68	93	2.99240000000000e+02	1.57079632679490e+03	3.00000000000000e-02	0.00000000000000e+00	0.00000000000000e+00	2.26589215244553e+02	9.27023911148463e+00
44	119	69	94	2.15850000000000e+02	1.57079632679490e+03	3.00000000000000e-02	0.00000000000000e+00	0.00000000000000e+00	2.22055202851525e+02	-9.44743015100169e-01
45	120	70	95	2.19690000000000e+02	1.57079632679490e+03	3.00000000000000e-02	0.00000000000000e+00	0.00000000000000e+00	2.13330261754718e+02	9.79199072796474e-01
46	121	71	96	2.19690000000000e+02	1.57079632679490e+03	3.00000000000000e-02	0.00000000000000e+00	0.00000000000000e+00	1.99395906340500e+02	3.23083781037508e+00
47	122	72	97	1.93610000000000e+02	1.57079632679490e+03	3.00000000000000e-02	0.00000000000000e+00	0.00000000000000e+00	1.83700612064539e+02	1.75128341051446e+00
48	123	73	98	1.80550000000000e+02	1.57079632679490e+03	3.00000000000000e-02	0.00000000000000e+00	0.00000000000000e+00	1.70673554505440e+02	1.87516845787128e+00
49	124	74	99	1.76120000000000e+02	1.57079632679490e+03	3.00000000000000e-02	0.00000000000000e+00	0.00000000000000e+00	1.59750262461426e+02	3.25179482267452e+00
50	125	75	100	1.77090000000000e+02	1.57079632679490e+03	3.00000000000000e-02	0.00000000000000e+00	0.00000000000000e+00	1.50716261443940e+02	5.37530240150218e+00
51	126	76	101	1.52210000000000e+02	1.57079632679490e+03	3.00000000000000e-02	0.00000000000000e+00	0.00000000000000e+00	1.42856527181037e+02	2.11401087022605e+00
52	127	77	102	1.41560000000000e+02	1.57079632679490e+03	3.00000000000000e-02	0.00000000000000e+00	0.00000000000000e+00	1.31233771828977e+02	2.52478016192595e+00
53	128	78	103	1.28300000000000e+02	1.57079632679490e+03	3.00000000000000e-02	0.00000000000000e+00	0.00000000000000e+00	1.27469341596212e+02	2.16513133557180e-01
54	129	79	104	1.36930000000000e+02	1.57079632679490e+03	3.00000000000000e-02	0.00000000000000e+00	0.00000000000000e+00	1.32735573334706e+02	1.03702891908259e+00
55	130	80	105	1.67990000000000e+02	1.57079632679490e+03	3.00000000000000e-02	0.00000000000000e+00	0.00000000000000e+00	1.45088617711778e+02	4.88532471495840e+00
56	131	81	106	1.69080000000000e+02	1.57079632679490e+03	3.00000000000000e-02	0.00000000000000e+00	0.00000000000000e+00	1.59145836731733e+02	2.01836605703747e+00
57	132	82	107	1.94860000000000e+02	1.57079632679490e+03	3.00000000000000e-02	0.00000000000000e+00	0.00000000000000e+00	1.76556505351915e+02	3.28801277406567e+00
58	133	83	108	1.93960000000000e+02	1.57079632679490e+03	3.00000000000000e-02	0.00000000000000e+00	0.00000000000000e+00	1.88384467162447e+02	9.72234651764955e-01
59	134	84	109	1.91190000000000e+02	1.57079632679490e+03	3.00000000000000e-02	0.00000000000000e+00	0.00000000000000e+00	1.92937366132914e+02	-3.03263681043002e-01
60	135	85	110	1.90100000000000e+02	1.57079632679490e+03	3.00000000000000e-02	0.00000000000000e+00	0.00000000000000e+00	1.96805525669281e+02	-1.15552707724709e+00
61	136	86	111	1.83080000000000e+02	1.57079632679490e+03	3.00000000000000e-02	0.00000000000000e+00	0.00000000000000e+00	1.99926038898357e+02	-2.93414256198196e+00
62	137	87	112	1.88900000000000e+02	1.57079632679490e+03	3.00000000000000e-02	0.00000000000000e+00	0.00000000000000e+00	2.05564490518892e+02	-2.81806775577366e+00
63	138	88	113	2.04500000000000e+02	1.57079632679490e+03	3.00000000000000e-02	0.00000000000000e+00	0.00000000000000e+00	2.02498468351821e+02	3.27855088652592e-01
64	139	89	114	1.97940000000000e+02	1.57079632679490e+03	3.00000000000000e-02	0.00000000000000e+00	0.00000000000000e+00	2.01919860768536e+02	-6.63564511543591e-01
65	140	90	115	2.52250000000000e+02	1.57079632679490e+03	3.00000000000000e-02	0.00000000000000e+00	0.00000000000000e+00	2.04282913858903e+02	7.03049311706773e+00
66	141	91	116	2.16020000000000e+02	1.57079632679490e+03	3.00000000000000e-02	0.00000000000000e+00	0.00000000000000e+00	2.13156633314503e+02	4.44791095250174e-01
67	142	92	117	2.10780000000000e+02	1.57079632679490e+03	3.00000000000000e-02	0.00000000000000e+00	0.00000000000000e+00	2.20348499033968e+02	-1.47984813409954e+00
68	143	93	118	2.66810000000000e+02	1.57079632679490e+03	3.00000000000000e-02	0.00000000000000e+00	0.00000000000000e+00	2.31453595175796e+02	4.73857979899434e+00
69	144	94	119	2.35030000000000e+02	1.57079632679490e+03	3.00000000000000e-02	0.00000000000000e+00	0.00000000000000e+00	2.39858798660060e+02	-6.77908190516104e-01
70	145	95	120	2.37980000000000e+02	1.57079632679490e+03	3.00000000000000e-02	0.00000000000000e+00	0.00000000000000e+00	2.49391866804877e+02	-1.56129283800572e+00
71	146	96	121	2.44390000000000e+02	1.57079632679490e+03	3.00000000000000e-02	0.00000000000000e+00	0.00000000000000e+00	2.64417726101737e+02	-2.62549461816839e+00
72	147	97	122	2.72170000000000e+02	1.57079632679490e+03	3.00000000000000e-02	0.00000000000000e+00	0.00000000000000e+00	2.78624571030769e+02	-7.81279368217872e-01
73	148	98	123	2.86990000000000e+02	1.57079632679490e+03	3.00000000000000e-02	0.00000000000000e+00	0.00000000000000e+00	2.93397295010806e+02	-7.36009142021151e-01
74	149	99	124	3.01120000000000e+02	1.57079632679490e+03	3.00000000000000e-02	0.00000000000000e+00	0.00000000000000e+00	3.05516811249973e+02	-4.83198311403280e-01
75	150	100	125	3.13200000000000e+02	1.57079632679490e+03	3.00000000000000e-02	0.00000000000000e+00	0.00000000000000e+00	3.15714683241118e+02	-2.66564682460254e-01
76	151	101	126	3.15580000000000e+02	1.57079632679490e+03	3.00000000000000e-02	0.00000000000000e+00	0.00000000000000e+00	3.21642185632161e+02	-6.34249577468626e-01
77	152	102	127	3.17380000000000e+02	1.57079632679490e+03	3.00000000000000e-02	0.00000000000000e+00	0.00000000000000e+00	3.24918132878877e+02	-7.82448587632493e-01
78	153	103	128	3.23610000000000e+02	1.57079632679490e+03	3.00000000000000e-02	0.00000000000000e+00	0.00000000000000e+00	3.25113739395612e+02	-1.54533380703577e-01
79	154	104	129	3.25740000000000e+02	1.57079632679490e+03	3.00000000000000e-02	0.00000000000000e+00	0.00000000000000e+00	3.15771360530545e+02	1.03603693555521e+00
80	155	105	130	2.87890000000000e+02	1.57079632679490e+03	3.00000000000000e-02	0.00000000000000e+00	0.00000000000000e+00	3.06119030846517e+02	-2.04651844259534e+00
81	156	106	131	2.91340000000000e+02	1.57079632679490e+03	3.00000000000000e-02	0.00000000000000e+00	0.00000000000000e+00	3.07984367968686e+02	-1.85193527721183e+00
82	157	107	132	2.80720000000000e+02	1.57079632679490e+03	3.00000000000000e-02	0.00000000000000e+00	0.00000000000000e+00	3.08599711733033e+02	-3.15624248472179e+00
83	158	108	133	3.40370000000000e+02	1.57079632679490e+03	3.00000000000000e-02	0.00000000000000e+00	0.00000000000000e+00	3.22971740544940e+02	1.74894774611124e+00
84	159	109	134	3.26500000000000e+02	1.57079632679490e+03	3.00000000000000e-02	0.00000000000000e+00	0.00000000000000e+00	3.37266414997751e+02	-1.08144060904648e+00
85	160	110	135	3.52500000000000e+02	1.57079632679490e+03	3.00000000000000e-02	0.00000000000000e+00	0.00000000000000e+00	3.49030969475796e+02	3.29665541128706e-01
86	161	111	136	3.52920000000000e+02	1.57079632679490e+03	3.00000000000000e-02	0.00000000000000e+00	0.00000000000000e+00	3.71112080459895e+02	-1.67542394316307e+00
87	162	112	137	4.05200000000000e+02	1.57079632679490e+03	3.00000000000000e-02	0.00000000000000e+00	0.00000000000000e+00	3.77489221095986e+02	2.36129191604073e+00
88	163	113	138	4.10980000000000e+02	1.57079632679490e+03	3.00000000000000e-02	0.00000000000000e+00	0.00000000000000e+00	3.80870795461949e+02	2.53614511404982e+00
89	164	114	139	4.61770000000000e+02	1.57079632679490e+03	3.00000000000000e-02	0.00000000000000e+00	0.00000000000000e+00	3.81335814735118e+02	6.37955137332312e+00
90	165	115	140	4.73350000000000e+02	1.57079632679490e+03	3.00000000000000e-02	0.00000000000000e+00	0.00000000000000e+00	3.81314617584537e+02	7.20700900895152e+00
91	166	116	141	3.23640000000000e+02	1.57079632679490e+03	3.00000000000000e-02	0.00000000000000e+00	0.00000000000000e+00	3.70484091871354e+02	-4.50595733184211e+00
92	167	117	142	4.00370000000000e+02	1.57079632679490e+03	3.00000000000000e-02	0.00000000000000e+00	0.00000000000000e+00	3.56729629000212e+02	3.84703221479030e+00
93	168	118	143	3.50750000000000e+02	1.57079632679490e+03	3.00000000000000e-02	0.00000000000000e+00	0.00000000000000e+00	3.42565937558114e+02	7.86985379724392e-01
94	169	119	144	2.99590000000000e+02	1.57079632679490e+03	3.00000000000000e-02	0.00000000000000e+00	0.00000000000000e+00	3.33614305291643e+02	-3.58568926286607e+00
95	170	120	145	3.12040000000000e+02	1.57079632679490e+03	3.00000000000000e-02	0.00000000000000e+00	0.00000000000000e+00	3.36100857505564e+02	-2.47599671160857e+00
96	171	121	146	3.12450000000000e+02	1.57079632679490e+03	3.00000000000000e-02	0.00000000000000e+00	0.00000000000000e+00	3.24543777935631e+02	-1.26586598540710e+00
97	172	122	147	3.04310000000000e+02	1.57079632679490e+03	3.00000000000000e-02	0.00000000000000e+00	0.00000000000000e+00	3.21895000288238e+02	-1.87261625451696e+00
98	173	123	148	2.94340000000000e+02	1.57079632679490e+03	3.00000000000000e-02	0.00000000000000e+00	0.00000000000000e+00	3.20695833825729e+02	-2.85858513339017e+00
99	174	124	149	2.95650000000000e+02	1.57079632679490e+03	3.00000000000000e-02	0.00000000000000e+00	0.00000000000000e+00	3.19914973445243e+02	-2.62929767455657e+00
100	175	125	150	2.83750000000000e+02	1.57079632679490e+03	3.00000000000000e-02	0.00000000000000e+00	0.00000000000000e+00	3.21393248086554e+02	-4.15239588222759e+00
101	176	126	151	1.94330000000000e+02	1.57079632679490e+03	3.00000000000000e-02	0.00000000000000e+00	0.00000000000000e+00	2.60680678272061e+02	-9.79128195059407e+00
1	79	27	53	1.52990000000000e+02	1.63362817986669e+03	3.00000000000000e-02	0.00000000000000e+00	0.00000000000000e+00	1.33875707335543e+02	4.44869158243977e+00
3	80	28	54	1.11640000000000e+02	1.63362817986669e+03	3.00000000000000e-02	0.00000000000000e+00	0.00000000000000e+00	1.31646870430079e+02	-5.49479016990221e+00
4	81	29	55	1.10840000000000e+02	1.63362817986669e+03	3.00000000000000e-02	0.00000000000000e+00	0.00000000000000e+00	1.32569874123585e+02	-5.96740461021585e+00
2	82	30	56	1.40110000000000e+02	1.63362817986669e+03	3.00000000000000e-02	0.00000000000000e+00	0.00000000000000e+00	1.48913226791694e+02	-2.03119791310655e+00
5	83	31	57	1.79780000000000e+02	1.63362817986669e+03	3.00000000000000e-02	0.00000000000000e+00	0.00000000000000e+00	1.67058003684477e+02	2.44642671935858e+00
6	84	32	58	1.98660000000000e+02	1.63362817986669e+03	3.00000000000000e-02	0.00000000000000e+00	0.00000000000000e+00	1.81942336528007e+02	2.93016720586860e+00
7	85	33	59	2.06180000000000e+02	1.63362817986669e+03	3.00000000000000e-02	0.00000000000000e+00	0.00000000000000e+00	1.97568468526220e+02	1.42214577744004e+00
8	86	34	60	2.00230000000000e+02	1.63362817986669e+03	3.00000000000000e-02	0.00000000000000e+00	0.00000000000000e+00	1.92977618517780e+02	1.22974966177978e+00
9	87	35	61	2.05050000000000e+02	1.63362817986669e+03	3.00000000000000e-02	0.00000000000000e+00	0.00000000000000e+00	2.03516468315993e+02	2.50230828132854e-01
10	88	36	62	1.98930000000000e+02	1.63362817986669e+03	3.00000000000000e-02	0.00000000000000e+00	0.00000000000000e+00	2.03814798187282e+02	-8.08624180832318e-01
11	89	37	63	1.96960000000000e+02	1.63362817986669e+03	3.00000000000000e-02	0.00000000000000e+00	0.00000000000000e+00	1.97039733027780e+02	-1.34912153798498e-02
12	90	38	64	2.13590000000000e+02	1.63362817986669e+03	3.00000000000000e-02	0.00000000000000e+00	0.00000000000000e+00	1.91947655371236e+02	3.56118609758633e+00
13	91	39	65	1.80850000000000e+02	1.63362817986669e+03	3.00000000000000e-02	0.00000000000000e+00	0.00000000000000e+00	1.93351560263178e+02	-2.22807097512557e+00
14	92	40	66	2.05180000000000e+02	1.63362817986669e+03	3.00000000000000e-02	0.00000000000000e+00	0.00000000000000e+00	1.99804781359816e+02	8.84894866721246e-01
15	93	41	67	2.66290000000000e+02	1.63362817986669e+03	3.00000000000000e-02	0.00000000000000e+00	0.00000000000000e+00	2.01466950770642e+02	9.29868628577548e+00
16	94	42	68	2.00420000000000e+02	1.63362817986669e+03	3.00000000000000e-02	0.00000000000000e+00	0.00000000000000e+00	2.02372198122127e+02	-3.23113409718327e-01
17	95	43	69	2.29390000000000e+02	1.63362817986669e+03	3.00000000000000e-02	0.00000000000000e+00	0.00000000000000e+00	2.04259415892313e+02	3.86775930828405e+00
18	96	44	70	3.87350000000000e+02	1.63362817986669e+03	3.00000000000000e-02	0.00000000000000e+00	0.00000000000000e+00	2.07102793825460e+02	2.08704472847676e+01
19	97	45	71	3.11340000000000e+02	1.63362817986669e+03	3.00000000000000e-02	0.00000000000000e+00	0.00000000000000e+00	2.18150006349376e+02	1.18567544644178e+01
20	98	46	72	2.35330000000000e+02	1.63362817986669e+03	3.00000000000000e-02	0.00000000000000e+00	0.00000000000000e+00	2.32678115089007e+02	3.77758876051063e-01
21	99	47	73	2.24210000000000e+02	1.63362817986669e+03	3.00000000000000e-02	0.00000000000000e+00	0.00000000000000e+00	2.47287881988557e+02	-3.26566864636716e+00
22	100	48	74	2.53310000000000e+02	1.63362817986669e+03	3.00000000000000e-02	0.00000000000000e+00	0.00000000000000e+00	2.58790872455327e+02	-7.13541939262422e-01
23	101	49	75	2.70830000000000e+02	1.63362817986669e+03	3.00000000000000e-02	0.00000000000000e+00	0.00000000000000e+00	2.67905082997425e+02	3.61952263640190e-01
24	102	50	76	2.87170000000000e+02	1.63362817986669e+03	3.00000000000000e-02	0.00000000000000e+00	0.00000000000000e+00	2.75586474639215e+02	1.37243043378081e+00
25	103	51	77	2.92160000000000e+02	1.63362817986669e+03	3.00000000000000e-02	0.00000000000000e+00	0.00000000000000e+00	2.81786685158988e+02	1.20504161055625e+00
26	104	52	78	2.39420000000000e+02	1.63362817986669e+03	3.00000000000000e-02	0.00000000000000e+00	0.00000000000000e+00	2.75731380681778e+02	-4.70692671903631e+00
27	105	53	79	1.86680000000000e+02	1.63362817986669e+03	3.00000000000000e-02	0.00000000000000e+00	0.00000000000000e+00	2.66381192543309e+02	-1.18510805510424e+01
28	106	54	80	2.62280000000000e+02	1.63362817986669e+03	3.00000000000000e-02	0.00000000000000e+00	0.00000000000000e+00	2.61779402240840e+02	6.36820825118771e-02
29	107	55	81	3.04220000000000e+02	1.63362817986669e+03	3.00000000000000e-02	0.00000000000000e+00	0.00000000000000e+00	2.57375159550578e+02	5.57387795403367e+00
30	108	56	82	2.89880000000000e+02	1.63362817986669e+03	3.00000000000000e-02	0.00000000000000e+00	0.00000000000000e+00	2.45500417211214e+02	5.53894658577561e+00
31	109	57	83	2.81470000000000e+02	1.63362817986669e+03	3.00000000000000e-02	0.00000000000000e+00	0.00000000000000e+00	2.38796076995524e+02	5.48053055243107e+00
32	110	58	84	2.61220000000000e+02	1.63362817986669e+03	3.00000000000000e-02	0.00000000000000e+00	0.00000000000000e+00	2.34001167870683e+02	3.66789526345904e+00
33	111	59	85	2.49330000000000e+02	1.63362817986669e+03	3.00000000000000e-02	0.00000000000000e+00	0.00000000000000e+00	2.38651798124590e+02	1.45905807472634e+00
34	112	60	86	2.71580000000000e+02	1.63362817986669e+03	3.00000000000000e-02	0.00000000000000e+00	0.00000000000000e+00	2.49391487846208e+02	2.84109510452035e+00
35	113	61	87	2.54830000000000e+02	1.63362817986669e+03	3.00000000000000e-02	0.00000000000000e+00	0.00000000000000e+00	2.49001837649315e+02	7.71212653850591e-01
36	114	62	88	2.66850000000000e+02	1.63362817986669e+03	3.00000000000000e-02	0.00000000000000e+00	0.00000000000000e+00	2.52763055738919e+02	1.80780638200154e+00
37	115	63	89	2.47390000000000e+02	1.63362817986669e+03	3.00000000000000e-02	0.00000000000000e+00	0.00000000000000e+00	2.55891586968636e+02	-1.12626092032218e+00
38	116	64	90	1.79150000000000e+02	1.63362817986669e+03	3.00000000000000e-02	0.00000000000000e+00	0.00000000000000e+00	2.57672881639239e+02	-1.21155812027165e+01
39	117	65	91	1.53930000000000e+02	1.63362817986669e+03	3.00000000000000e-02	0.00000000000000e+00	0.00000000000000e+00	2.49311808877804e+02	-1.60735467975903e+01
40	118	66	92	2.16420000000000e+02	1.63362817986669e+03	3.00000000000000e-02	0.00000000000000e+00	0.00000000000000e+00	2.31673849400627e+02	-2.27031989598565e+00
41	119	67	93	2.55060000000000e+02	1.63362817986669e+03	3.00000000000000e-02	0.00000000000000e+00	0.00000000000000e+00	2.23666149993626e+02	4.37814244371483e+00
42	120	68	94	2.45030000000000e+02	1.63362817986669e+03	3.00000000000000e-02	0.00000000000000e+00	0.00000000000000e+00	2.17794592252829e+02	3.92760902653283e+00
43	121	69	95	2.84520000000000e+02	1.63362817986669e+03	3.00000000000000e-02	0.00000000000000e+00	0.00000000000000e+00	2.07243472858409e+02	1.05636416798182e+01
44	122	70	96	2.12330000000000e+02	1.63362817986669e+03	3.00000000000000e-02	0.00000000000000e+00	0.00000000000000e+00	2.01354543234754e+02	1.76914724277131e+00
45	123	71	97	1.82460000000000e+02	1.63362817986669e+03	3.00000000000000e-02	0.00000000000000e+00	0.00000000000000e+00	1.93894559999031e+02	-2.02611784112987e+00
46	124	72	98	2.16440000000000e+02	1.63362817986669e+03	3.00000000000000e-02	0.00000000000000e+00	0.00000000000000e+00	1.81297396632887e+02	5.90582048534551e+00
47	125	73	99	1.91410000000000e+02	1.63362817986669e+03	3.00000000000000e-02	0.00000000000000e+00	0.00000000000000e+00	1.69228394286598e+02	4.10561587442103e+00
48	126	74	100	1.66770000000000e+02	1.63362817986669e+03	3.00000000000000e-02	0.00000000000000e+00	0.00000000000000e+00	1.57984626776055e+02	1.80392960753653e+00
49	127	75	101	1.44500000000000e+02	1.63362817986669e+03	3.00000000000000e-02	0.00000000000000e+00	0.00000000000000e+00	1.45529058867784e+02	-2.36542547419176e-01
50	128	76	102	1.44850000000000e+02	1.63362817986669e+03	3.00000000000000e-02	0.00000000000000e+00	0.00000000000000e+00	1.34725004162891e+02	2.41543431655413e+00
51	129	77	103	1.12740000000000e+02	1.63362817986669e+03	3.00000000000000e-02	0.00000000000000e+00	0.00000000000000e+00	1.27006099918121e+02	-3.97169445010223e+00
52	130	78	104	1.35400000000000e+02	1.63362817986669e+03	3.00000000000000e-02	0.00000000000000e+00	0.00000000000000e+00	1.30501902479604e+02	1.22818518113057e+00
53	131	79	105	1.62770000000000e+02	1.63362817986669e+03	3.00000000000000e-02	0.00000000000000e+00	0.00000000000000e+00	1.37465422966208e+02	5.63219150857215e+00
54	132	80	106	1.43960000000000e+02	1.63362817986669e+03	3.00000000000000e-02	0.00000000000000e+00	0.00000000000000e+00	1.42907633169117e+02	2.44566118087638e-01
55	133	81	107	1.74450000000000e+02	1.63362817986669e+03	3.00000000000000e-02	0.00000000000000e+00	0.00000000000000e+00	1.51396091152555e+02	4.72462149925187e+00
56	134	82	108	1.60250000000000e+02	1.63362817986669e+03	3.00000000000000e-02	0.00000000000000e+00	0.00000000000000e+00	1.67378049573286e+02	-1.45066426830901e+00
57	135	83	109	1.89180000000000e+02	1.63362817986669e+03	3.00000000000000e-02	0.00000000000000e+00	0.00000000000000e+00	1.84465237848364e+02	8.41263660078203e-01
58	136	84	110	1.91560000000000e+02	1.63362817986669e+03	3.00000000000000e-02	0.00000000000000e+00	0.00000000000000e+00	1.92025561808142e+02	-8.09140703059263e-02
59	137	85	111	2.11900000000000e+02	1.63362817986669e+03	3.00000000000000e-02	0.00000000000000e+00	0.00000000000000e+00	1.93902237743682e+02	2.95867874607249e+00
60	138	86	112	1.93380000000000e+02	1.63362817986669e+03	3.00000000000000e-02	0.00000000000000e+00	0.00000000000000e+00	1.96637063776575e+02	-5.56751622551577e-01
61	139	87	113	1.93540000000000e+02	1.63362817986669e+03	3.00000000000000e-02	0.00000000000000e+00	0.00000000000000e+00	2.02812847032532e+02	-1.55998028481535e+00
62	140	88	114	1.95850000000000e+02	1.63362817986669e+03	3.00000000000000e-02	0.00000000000000e+00	0.00000000000000e+00	2.04565154722640e+02	-1.45124898759690e+00
63	141	89	115	2.48020000000000e+02	1.63362817986669e+03	3.00000000000000e-02	0.00000000000000e+00	0.00000000000000e+00	2.06867847113820e+02	6.04764061419729e+00
64	142	90	116	2.80310000000000e+02	1.63362817986669e+03	3.00000000000000e-02	0.00000000000000e+00	0.00000000000000e+00	2.10763360618487e+02	9.50533810477235e+00
65	143	91	117	2.51250000000000e+02	1.63362817986669e+03	3.00000000000000e-02	0.00000000000000e+00	0.00000000000000e+00	2.18938834053850e+02	4.58853550416976e+00
66	144	92	118	2.88510000000000e+02	1.63362817986669e+03	3.00000000000000e-02	0.00000000000000e+00	0.00000000000000e+00	2.34685518392233e+02	6.88277830237875e+00
67	145	93	119	2.40150000000000e+02	1.63362817986669e+03	3.00000000000000e-02	0.00000000000000e+00	0.00000000000000e+00	2.42541437779488e+02	-3.30294837000148e-01
68	146	94	120	3.06250000000000e+02	1.63362817986669e+03	3.00000000000000e-02	0.00000000000000e+00	0.00000000000000e+00	2.48489489011838e+02	6.96670716519705e+00
69	147	95	121	2.91820000000000e+02	1.63362817986669e+03	3.00000000000000e-02	0.00000000000000e+00	0.00000000000000e+00	2.59581174802893e+02	3.90225692676524e+00
70	148	96	122	2.76440000000000e+02	1.63362817986669e+03	3.00000000000000e-02	0.00000000000000e+00	0.00000000000000e+00	2.65062966742497e+02	1.40087970375976e+00
71	149	97	123	2.50560000000000e+02	1.63362817986669e+03	3.00000000000000e-02	0.00000000000000e+00	0.00000000000000e+00	2.72149458655067e+02	-2.75509943113406e+00
72	150	98	124	2.88960000000000e+02	1.63362817986669e+03	3.00000000000000e-02	0.00000000000000e+00	0.00000000000000e+00	2.89573575547293e+02	-7.07047154252294e-02
73	151	99	125	2.93620000000000e+02	1.63362817986669e+03	3.00000000000000e-02	0.00000000000000e+00	0.00000000000000e+00	3.00772642492292e+02	-8.02274148899388e-01
74	152	100	126	3.01090000000000e+02	1.63362817986669e+03	3.00000000000000e-02	0.00000000000000e+00	0.00000000000000e+00	3.03551731069632e+02	-2.71427364373444e-01
75	153	101	127	3.27480000000000e+02	1.63362817986669e+03	3.00000000000000e-02	0.00000000000000e+00	0.00000000000000e+00	3.15271528334138e+02	1.26642407583824e+00
76	154	102	128	3.28340000000000e+02	1.63362817986669e+03	3.00000000000000e-02	0.00000000000000e+00	0.00000000000000e+00	3.23264114851230e+02	5.19332491155774e-01
77	155	103	129	3.25060000000000e+02	1.63362817986669e+03	3.00000000000000e-02	0.00000000000000e+00	0.00000000000000e+00	3.32077045815788e+02	-7.11907567619363e-01
78	156	104	130	2.56880000000000e+02	1.63362817986669e+03	3.00000000000000e-02	0.00000000000000e+00	0.00000000000000e+00	3.30286533758951e+02	-8.37838373522368e+00
79	157	105	131	1.88700000000000e+02	1.63362817986669e+03	3.00000000000000e-02	0.00000000000000e+00	0.00000000000000e+00	3.22747368490709e+02	-1.78903807973580e+01
80	158	106	132	2.63070000000000e+02	1.63362817986669e+03	3.00000000000000e-02	0.00000000000000e+00	0.00000000000000e+00	3.21899849243729e+02	-6.72734378375524e+00
81	159	107	133	2.91250000000000e+02	1.63362817986669e+03	3.00000000000000e-02	0.00000000000000e+00	0.00000000000000e+00	3.25782597630357e+02	-3.73494251966588e+00
82	160	108	134	3.53040000000000e+02	1.63362817986669e+03	3.00000000000000e-02	0.00000000000000e+00	0.00000000000000e+00	3.29110792651099e+02	2.33956383690010e+00
83	161	109	135	3.09410000000000e+02	1.63362817986669e+03	3.00000000000000e-02	0.00000000000000e+00	0.00000000000000e+00	3.36504703239364e+02	-2.79816225623574e+00
84	162	110	136	2.97370000000000e+02	1.63362817986669e+03	3.00000000000000e-02	0.00000000000000e+00	0.00000000000000e+00	3.51766914788000e+02	-5.59972092239800e+00
85	163	111	137	3.62790000000000e+02	1.63362817986669e+03	3.00000000000000e-02	0.00000000000000e+00	0.00000000000000e+00	3.65024215281508e+02	-2.04651338452984e-01
86	164	112	138	3.82410000000000e+02	1.63362817986669e+03	3.00000000000000e-02	0.00000000000000e+00	0.00000000000000e+00	3.67243031099929e+02	1.34898308303881e+00
87	165	113	139	4.06540000000000e+02	1.63362817986669e+03	3.00000000000000e-02	0.00000000000000e+00	0.00000000000000e+00	3.70484967737095e+02	3.09564847090336e+00
88	166	114	140	3.62740000000000e+02	1.63362817986669e+03	3.00000000000000e-02	0.00000000000000e+00	0.00000000000000e+00	3.70708043498678e+02	-7.24282795569960e-01
89	167	115	141	5.03210000000000e+02	1.63362817986669e+03	3.00000000000000e-02	0.00000000000000e+00	0.00000000000000e+00	3.64998813262152e+02	1.07037825254041e+01
90	168	116	142	3.84600000000000e+02	1.63362817986669e+03	3.00000000000000e-02	0.00000000000000e+00	0.00000000000000e+00	3.55643068906635e+02	2.60920735628361e+00
91	169	117	143	2.65990000000000e+02	1.63362817986669e+03	3.00000000000000e-02	0.00000000000000e+00	0.00000000000000e+00	3.46876479209726e+02	-8.85033449299802e+00
92	170	118	144	3.55990000000000e+02	1.63362817986669e+03	3.00000000000000e-02	0.00000000000000e+00	0.00000000000000e+00	3.37771572684182e+02	1.75109313391445e+00
93	171	119	145	3.28650000000000e+02	1.63362817986669e+03	3.00000000000000e-02	0.00000000000000e+00	0.00000000000000e+00	3.35842757800903e+02	-7.21657099337136e-01
94	172	120	146	3.42520000000000e+02	1.63362817986669e+03	3.00000000000000e-02	0.00000000000000e+00	0.00000000000000e+00	3.35873281642240e+02	6.53203309957344e-01
95	173	121	147	3.07690000000000e+02	1.63362817986669e+03	3.00000000000000e-02	0.00000000000000e+00	0.00000000000000e+00	3.26101249669972e+02	-1.93717107811754e+00
96	174	122	148	2.82680000000000e+02	1.63362817986669e+03	3.00000000000000e-02	0.00000000000000e+00	0.00000000000000e+00	3.17980077876982e+02	-3.92244056031504e+00
97	175	123	149	2.89510000000000e+02	1.63362817986669e+03	3.00000000000000e-02	0.00000000000000e+00	0.00000000000000e+00	3.26664678389947e+02	-4.02481192285948e+00
98	176	124	150	2.01970000000000e+02	1.63362817986669e+03	3.00000000000000e-02	0.00000000000000e+00	0.00000000000000e+00	2.62257579376533e+02	-8.70693255596408e+00
1	82	28	55	1.69370000000000e+02	1.69646003293849e+03	3.00000000000000e-02	0.00000000000000e+00	0.00000000000000e+00	1.44054342776561e+02	5.39650207081050e+00
3	83	29	56	1.36760000000000e+02	1.69646003293849e+03	3.00000000000000e-02	0.00000000000000e+00	0.00000000000000e+00	1.51510105049673e+02	-3.41415859839387e+00
4	84	30	57	1.53960000000000e+02	1.69646003293849e+03	3.00000000000000e-02	0.00000000000000e+00	0.00000000000000e+00	1.61394090463777e+02	-1.57187708410251e+00
2	85	31	58	1.73630000000000e+02	1.69646003293849e+03	3.00000000000000e-02	0.00000000000000e+00	0.00000000000000e+00	1.71957026864607e+02	3.22733218972715e-01
5	86	32	59	1.84000000000000e+02	1.69646003293849e+03	3.00000000000000e-02	0.00000000000000e+00	0.00000000000000e+00	1.82732879889816e+02	2.30344795362392e-01
6	87	33	60	1.73600000000000e+02	1.69646003293849e+03	3.00000000000000e-02	0.00000000000000e+00	0.00000000000000e+00	1.84941594911871e+02	-2.10954232760860e+00
7	88	34	61	1.96350000000000e+02	1.69646003293849e+03	3.00000000000000e-02	0.00000000000000e+00	0.00000000000000e+00	1.97011647128001e+02	-1.12135614782183e-01
8	89	35	62	1.95380000000000e+02	1.69646003293849e+03	3.00000000000000e-02	0.00000000000000e+00	0.00000000000000e+00	2.01007906094206e+02	-9.46595362091459e-01
9	90	36	63	2.03550000000000e+02	1.69646003293849e+03	3.00000000000000e-02	0.00000000000000e+00	0.00000000000000e+00	2.02105302846653e+02	2.37427071900272e-01
10	91	37	64	1.92360000000000e+02	1.69646003293849e+03	3.00000000000000e-02	0.00000000000000e+00	0.00000000000000e+00	1.97210213437297e+02	-8.30053889876048e-01
11	92	38	65	2.02500000000000e+02	1.69646003293849e+03	3.00000000000000e-02	0.00000000000000e+00	0.00000000000000e+00	1.97581189754584e+02	8.19676643789909e-01
12	93	39	66	2.04880000000000e+02	1.69646003293849e+03	3.00000000000000e-02	0.00000000000000e+00	0.00000000000000e+00	2.02206407431282e+02	4.37848240832099e-01
13	94	40	67	2.22060000000000e+02	1.69646003293849e+03	3.00000000000000e-02	0.00000000000000e+00	0.00000000000000e+00	2.01203721217500e+02	3.28765608182560e+00
14	95	41	68	2.18260000000000e+02	1.69646003293849e+03	3.00000000000000e-02	0.00000000000000e+00	0.00000000000000e+00	2.02840123512906e+02	2.44229709468057e+00
15	96	42	69	2.28780000000000e+02	1.69646003293849e+03	3.00000000000000e-02	0.00000000000000e+00	0.00000000000000e+00	2.04703571520451e+02	3.70659676661541e+00
16	97	43	70	2.49820000000000e+02	1.69646003293849e+03	3.00000000000000e-02	0.00000000000000e+00	0.00000000000000e+00	2.09119649704492e+02	5.92780279188473e+00
17	98	44	71	3.30100000000000e+02	1.69646003293849e+03	3.00000000000000e-02	0.00000000000000e+00	0.00000000000000e+00	2.17876075253918e+02	1.38489733281303e+01
18	99	45	72	4.10390000000000e+02	1.69646003293849e+03	3.00000000000000e-02	0.00000000000000e+00	0.00000000000000e+00	2.27934325894242e+02	1.96016794649917e+01
19	100	46	73	3.27980000000000e+02	1.69646003293849e+03	3.00000000000000e-02	0.00000000000000e+00	0.00000000000000e+00	2.43240175259485e+02	9.96344333809427e+00
20	101	47	74	2.45570000000000e+02	1.69646003293849e+03	3.00000000000000e-02	0.00000000000000e+00	0.00000000000000e+00	2.58272769514294e+02	-1.68114112116540e+00
21	102	48	75	2.60090000000000e+02	1.69646003293849e+03	3.00000000000000e-02	0.00000000000000e+00	0.00000000000000e+00	2.72734069548918e+02	-1.58231637521468e+00
22	103	49	76	2.83220000000000e+02	1.69646003293849e+03	3.00000000000000e-02	0.00000000000000e+00	0.00000000000000e+00	2.82091708384545e+02	1.33058522925141e-01
23	104	50	77	2.90220000000000e+02	1.69646003293849e+03	3.00000000000000e-02	0.00000000000000e+00	0.00000000000000e+00	2.82274145092363e+02	9.25350387828564e-01
24	105	51	78	2.03780000000000e+02	1.69646003293849e+03	3.00000000000000e-02	0.00000000000000e+00	0.00000000000000e+00	2.69394602395042e+02	-9.30454158587531e+00
25	106	52	79	2.15790000000000e+02	1.69646003293849e+03	3.00000000000000e-02	0.00000000000000e+00	0.00000000000000e+00	2.60103193722560e+02	-6.22575795525095e+00
26	107	53	80	2.29260000000000e+02	1.69646003293849e+03	3.00000000000000e-02	0.00000000000000e+00	0.00000000000000e+00	2.51262103742036e+02	-3.05466338745815e+00
27	108	54	81	2.60520000000000e+02	1.69646003293849e+03	3.00000000000000e-02	0.00000000000000e+00	0.00000000000000e+00	2.42892418249362e+02	2.33536705407271e+00
28	109	55	82	2.71160000000000e+02	1.69646003293849e+03	3.00000000000000e-02	0.00000000000000e+00	0.00000000000000e+00	2.33532236082158e+02	4.97963096520989e+00
29	110	56	83	2.65780000000000e+02	1.69646003293849e+03	3.00000000000000e-02	0.00000000000000e+00	0.00000000000000e+00	2.29787567970225e+02	4.85045447661353e+00
30	111	57	84	2.72150000000000e+02	1.69646003293849e+03	3.00000000000000e-02	0.00000000000000e+00	0.00000000000000e+00	2.33656616466795e+02	5.08335994266090e+00
31	112	58	85	2.65680000000000e+02	1.69646003293849e+03	3.00000000000000e-02	0.00000000000000e+00	0.00000000000000e+00	2.32572662426742e+02	4.43632914335679e+00
32	113	59	86	2.14650000000000e+02	1.69646003293849e+03	3.00000000000000e-02	0.00000000000000e+00	0.00000000000000e+00	2.35771574437579e+02	-3.12848789023592e+00
33	114	60	87	2.68270000000000e+02	1.69646003293849e+03	3.00000000000000e-02	0.00000000000000e+00	0.00000000000000e+00	2.40745044366444e+02	3.60851565762651e+00
34	115	61	88	2.54960000000000e+02	1.69646003293849e+03	3.00000000000000e-02	0.00000000000000e+00	0.00000000000000e+00	2.42735775857596e+02	1.63777201678984e+00
35	116	62	89	2.61560000000000e+02	1.69646003293849e+03	3.00000000000000e-02	0.00000000000000e+00	0.00000000000000e+00	2.35521332817195e+02	3.49540693760589e+00
36	117	63	90	2.44160000000000e+02	1.69646003293849e+03	3.00000000000000e-02	0.00000000000000e+00	0.00000000000000e+00	2.39177285818592e+02	6.87289649362525e-01
37	118	64	91	2.19070000000000e+02	1.69646003293849e+03	3.00000000000000e-02	0.00000000000000e+00	0.00000000000000e+00	2.36353725641201e+02	-2.53127356350585e+00
38	119	65	92	1.99100000000000e+02	1.69646003293849e+03	3.00000000000000e-02	0.00000000000000e+00	0.00000000000000e+00	2.30383946874944e+02	-4.86466801007420e+00
39	120	66	93	1.82080000000000e+02	1.69646003293849e+03	3.00000000000000e-02	0.00000000000000e+00	0.00000000000000e+00	2.20251546940635e+02	-6.34413791402245e+00
40	121	67	94	4.18950000000000e+02	1.69646003293849e+03	3.00000000000000e-02	0.00000000000000e+00	0.00000000000000e+00	2.13044249542706e+02	2.25417230864594e+01
41	122	68	95	3.42310000000000e+02	1.69646003293849e+03	3.00000000000000e-02	0.00000000000000e+00	0.00000000000000e+00	2.06983170597296e+02	1.67693090250390e+01
42	123	69	96	2.65670000000000e+02	1.69646003293849e+03	3.00000000000000e-02	0.00000000000000e+00	0.00000000000000e+00	2.04282113301014e+02	8.75843300831291e+00
43	124	70	97	2.33760000000000e+02	1.69646003293849e+03	3.00000000000000e-02	0.00000000000000e+00	0.00000000000000e+00	1.97473448005678e+02	5.62302710589080e+00
44	125	71	98	1.85350000000000e+02	1.69646003293849e+03	3.00000000000000e-02	0.00000000000000e+00	0.00000000000000e+00	1.89288826823396e+02	-7.00936774279152e-01
45	126	72	99	1.88360000000000e+02	1.69646003293849e+03	3.00000000000000e-02	0.00000000000000e+00	0.00000000000000e+00	1.80810660039619e+02	1.36348729197498e+00
46	127	73	100	1.88230000000000e+02	1.69646003293849e+03	3.00000000000000e-02	0.00000000000000e+00	0.00000000000000e+00	1.66945676848536e+02	3.99987160563932e+00
47	128	74	101	1.50680000000000e+02	1.69646003293849e+03	3.00000000000000e-02	0.00000000000000e+00	0.00000000000000e+00	1.53511782619143e+02	-6.20631366378740e-01
48	129	75	102	1.13120000000000e+02	1.69646003293849e+03	3.00000000000000e-02	0.00000000000000e+00	0.00000000000000e+00	1.41753769131861e+02	-7.52141100338604e+00
49	130	76	103	1.25880000000000e+02	1.69646003293849e+03	3.00000000000000e-02	0.00000000000000e+00	0.00000000000000e+00	1.32906799134149e+02	-1.81063506632556e+00
50	131	77	104	1.24670000000000e+02	1.69646003293849e+03	3.00000000000000e-02	0.00000000000000e+00	0.00000000000000e+00	1.29440683979701e+02	-1.25174970280405e+00
51	132	78	105	1.40970000000000e+02	1.69646003293849e+03	3.00000000000000e-02	0.00000000000000e+00	0.00000000000000e+00	1.35635494551601e+02	1.28586670998034e+00
52	133	79	106	1.33170000000000e+02	1.69646003293849e+03	3.00000000000000e-02	0.00000000000000e+00	0.00000000000000e+00	1.38357341341580e+02	-1.27377536189976e+00
53	134	80	107	1.35790000000000e+02	1.69646003293849e+03	3.00000000000000e-02	0.00000000000000e+00	0.00000000000000e+00	1.43508720204816e+02	-1.84287422068294e+00
54	135	81	108	1.52270000000000e+02	1.69646003293849e+03	3.00000000000000e-02	0.00000000000000e+00	0.00000000000000e+00	1.51526606854082e+02	1.63134284129107e-01
55	136	82	109	1.57790000000000e+02	1.69646003293849e+03	3.00000000000000e-02	0.00000000000000e+00	0.00000000000000e+00	1.63702979483553e+02	-1.22628833469352e+00
56	137	83	110	1.99490000000000e+02	1.69646003293849e+03	3.00000000000000e-02	0.00000000000000e+00	0.00000000000000e+00	1.76866504815576e+02	4.01229572758304e+00
57	138	84	111	1.99220000000000e+02	1.69646003293849e+03	3.00000000000000e-02	0.00000000000000e+00	0.00000000000000e+00	1.84814458834964e+02	2.50191150403740e+00
58	139	85	112	2.01920000000000e+02	1.69646003293849e+03	3.00000000000000e-02	0.00000000000000e+00	0.00000000000000e+00	1.94838777864853e+02	1.18997143135253e+00
59	140	86	113	1.93470000000000e+02	1.69646003293849e+03	3.00000000000000e-02	0.00000000000000e+00	0.00000000000000e+00	1.97692651798093e+02	-7.19703311624720e-01
60	141	87	114	1.97840000000000e+02	1.69646003293849e+03	3.00000000000000e-02	0.00000000000000e+00	0.00000000000000e+00	1.99904971975525e+02	-3.46116343255520e-01
61	142	88	115	2.06080000000000e+02	1.69646003293849e+03	3.00000000000000e-02	0.00000000000000e+00	0.00000000000000e+00	2.05074160671920e+02	1.63092327383533e-01
62	143	89	116	2.36290000000000e+02	1.69646003293849e+03	3.00000000000000e-02	0.00000000000000e+00	0.00000000000000e+00	2.13145929582066e+02	3.43609392259051e+00
63	144	90	117	2.67730000000000e+02	1.69646003293849e+03	3.00000000000000e-02	0.00000000000000e+00	0.00000000000000e+00	2.16993619303799e+02	7.00370203381523e+00
64	145	91	118	2.64240000000000e+02	1.69646003293849e+03	3.00000000000000e-02	0.00000000000000e+00	0.00000000000000e+00	2.27015907372930e+02	5.06125631745486e+00
65	146	92	119	3.20190000000000e+02	1.69646003293849e+03	3.00000000000000e-02	0.00000000000000e+00	0.00000000000000e+00	2.39026931156222e+02	9.74461137828895e+00
66	147	93	120	2.74790000000000e+02	1.69646003293849e+03	3.00000000000000e-02	0.00000000000000e+00	0.00000000000000e+00	2.51492297008778e+02	2.95316029030458e+00
67	148	94	121	2.61250000000000e+02	1.69646003293849e+03	3.00000000000000e-02	0.00000000000000e+00	0.00000000000000e+00	2.60469004636449e+02	9.97977761963161e-02
68	149	95	122	3.74800000000000e+02	1.69646003293849e+03	3.00000000000000e-02	0.00000000000000e+00	0.00000000000000e+00	2.62568474139608e+02	1.18626882827957e+01
69	150	96	123	3.05290000000000e+02	1.69646003293849e+03	3.00000000000000e-02	0.00000000000000e+00	0.00000000000000e+00	2.65843174501581e+02	4.61185263875130e+00
70	151	97	124	2.77190000000000e+02	1.69646003293849e+03	3.00000000000000e-02	0.00000000000000e+00	0.00000000000000e+00	2.76248997597359e+02	1.13352247014002e-01
71	152	98	125	2.61100000000000e+02	1.69646003293849e+03	3.00000000000000e-02	0.00000000000000e+00	0.00000000000000e+00	2.79904748519092e+02	-2.31819619093751e+00
72	153	99	126	2.85600000000000e+02	1.69646003293849e+03	3.00000000000000e-02	0.00000000000000e+00	0.00000000000000e+00	2.87653289255956e+02	-2.38788923424327e-01
73	154	100	127	2.96250000000000e+02	1.69646003293849e+03	3.00000000000000e-02	0.00000000000000e+00	0.00000000000000e+00	2.98582550999316e+02	-2.61425163705849e-01
74	155	101	128	3.09710000000000e+02	1.69646003293849e+03	3.00000000000000e-02	0.00000000000000e+00	0.00000000000000e+00	3.10466108277241e+02	-8.12789186574866e-02
75	156	102	129	3.20260000000000e+02	1.69646003293849e+03	3.00000000000000e-02	0.00000000000000e+00	0.00000000000000e+00	3.26692762633592e+02	-6.62899984150952e-01
76	157	103	130	3.34030000000000e+02	1.69646003293849e+03	3.00000000000000e-02	0.00000000000000e+00	0.00000000000000e+00	3.39980715904881e+02	-5.88602959082992e-01
77	158	104	131	3.26050000000000e+02	1.69646003293849e+03	3.00000000000000e-02	0.00000000000000e+00	0.00000000000000e+00	3.46177532098952e+02	-1.99669993934484e+00
78	159	105	132	3.10450000000000e+02	1.69646003293849e+03	3.00000000000000e-02	0.00000000000000e+00	0.00000000000000e+00	3.39197792279117e+02	-2.95201791581909e+00
79	160	106	133	3.15190000000000e+02	1.69646003293849e+03	3.00000000000000e-02	0.00000000000000e+00	0.00000000000000e+00	3.43382443617684e+02	-2.85563967991367e+00
80	161	107	134	2.92760000000000e+02	1.69646003293849e+03	3.00000000000000e-02	0.00000000000000e+00	0.00000000000000e+00	3.42905453669204e+02	-5.27005343854941e+00
81	162	108	135	3.47290000000000e+02	1.69646003293849e+03	3.00000000000000e-02	0.00000000000000e+00	0.00000000000000e+00	3.39558341432486e+02	7.50479612940561e-01
82	163	109	136	3.05050000000000e+02	1.69646003293849e+03	3.00000000000000e-02	0.00000000000000e+00	0.00000000000000e+00	3.38658112322713e+02	-3.48384608879388e+00
83	164	110	137	3.75310000000000e+02	1.69646003293849e+03	3.00000000000000e-02	0.00000000000000e+00	0.00000000000000e+00	3.43751125140801e+02	2.92781430080267e+00
84	165	111	138	3.52570000000000e+02	1.69646003293849e+03	3.00000000000000e-02	0.00000000000000e+00	0.00000000000000e+00	3.53232036572994e+02	-6.25328097538791e-02
85	166	112	139	3.35590000000000e+02	1.69646003293849e+03	3.00000000000000e-02	0.00000000000000e+00	0.00000000000000e+00	3.51961131478859e+02	-1.58768569316058e+00
86	167	113	140	3.61040000000000e+02	1.69646003293849e+03	3.00000000000000e-02	0.00000000000000e+00	0.00000000000000e+00	3.54351731163932e+02	6.23291493702697e-01
87	168	114	141	3.80740000000000e+02	1.69646003293849e+03	3.00000000000000e-02	0.00000000000000e+00	0.00000000000000e+00	3.52223832088810e+02	2.59499557846121e+00
88	169	115	142	3.08490000000000e+02	1.69646003293849e+03	3.00000000000000e-02	0.00000000000000e+00	0.00000000000000e+00	3.45566874383343e+02	-3.78322516138644e+00
89	170	116	143	4.46300000000000e+02	1.69646003293849e+03	3.00000000000000e-02	0.00000000000000e+00	0.00000000000000e+00	3.44438227993209e+02	8.63588688075738e+00
90	171	117	144	4.54810000000000e+02	1.69646003293849e+03	3.00000000000000e-02	0.00000000000000e+00	0.00000000000000e+00	3.41054713308090e+02	9.59456117749499e+00
91	172	118	145	3.67280000000000e+02	1.69646003293849e+03	3.00000000000000e-02	0.00000000000000e+00	0.00000000000000e+00	3.42262940600709e+02	2.35150753708654e+00
92	173	119	146	3.40140000000000e+02	1.69646003293849e+03	3.00000000000000e-02	0.00000000000000e+00	0.00000000000000e+00	3.39921306350125e+02	2.14386218194917e-02
93	174	120	147	2.33030000000000e+02	1.69646003293849e+03	3.00000000000000e-02	0.00000000000000e+00	0.00000000000000e+00	3.30795665466453e+02	-1.16777886412199e+01
94	175	121	148	3.04090000000000e+02	1.69646003293849e+03	3.00000000000000e-02	0.00000000000000e+00	0.00000000000000e+00	3.26295143575432e+02	-2.34928699846906e+00
95	176	122	149	2.18500000000000e+02	1.69646003293849e+03	3.00000000000000e-02	0.00000000000000e+00	0.00000000000000e+00	2.70484108289772e+02	-7.11424442114061e+00
1	85	29	57	1.87470000000000e+02	1.75929188601028e+03	3.00000000000000e-02	0.00000000000000e+00	0.00000000000000e+00	1.67240381228304e+02	3.80622155316947e+00
3	86	30	58	1.56440000000000e+02	1.75929188601028e+03	3.00000000000000e-02	0.00000000000000e+00	0.00000000000000e+00	1.73148282729259e+02	-3.38252676969108e+00
4	87	31	59	1.66320000000000e+02	1.75929188601028e+03	3.00000000000000e-02	0.00000000000000e+00	0.00000000000000e+00	1.70354765186318e+02	-7.98982436081186e-01
2	88	32	60	1.59420000000000e+02	1.75929188601028e+03	3.00000000000000e-02	0.00000000000000e+00	0.00000000000000e+00	1.72102499330189e+02	-2.55159988861318e+00
5	89	33	61	1.69250000000000e+02	1.75929188601028e+03	3.00000000000000e-02	0.00000000000000e+00	0.00000000000000e+00	1.84744271806895e+02	-2.91985474834992e+00
6	90	34	62	1.88540000000000e+02	1.75929188601028e+03	3.00000000000000e-02	0.00000000000000e+00	0.00000000000000e+00	1.90133772121617e+02	-2.80590075127485e-01
7	91	35	63	1.99000000000000e+02	1.75929188601028e+03	3.00000000000000e-02	0.00000000000000e+00	0.00000000000000e+00	2.02761901879046e+02	-6.24252292918559e-01
8	92	36	64	2.05280000000000e+02	1.75929188601028e+03	3.00000000000000e-02	0.00000000000000e+00	0.00000000000000e+00	2.01106114963174e+02	6.84739899226935e-01
9	93	37	65	1.81710000000000e+02	1.75929188601028e+03	3.00000000000000e-02	0.00000000000000e+00	0.00000000000000e+00	2.02398444548534e+02	-3.59420808953092e+00
10	94	38	66	1.92040000000000e+02	1.75929188601028e+03	3.00000000000000e-02	0.00000000000000e+00	0.00000000000000e+00	2.02142593832474e+02	-1.70898915876334e+00
11	95	39	67	2.09020000000000e+02	1.75929188601028e+03	3.00000000000000e-02	0.00000000000000e+00	0.00000000000000e+00	2.02306841835930e+02	1.08814591059125e+00
12	96	40	68	2.74390000000000e+02	1.75929188601028e+03	3.00000000000000e-02	0.00000000000000e+00	0.00000000000000e+00	2.04188216886265e+02	9.85027505874795e+00
13	97	41	69	3.39760000000000e+02	1.75929188601028e+03	3.00000000000000e-02	0.00000000000000e+00	0.00000000000000e+00	2.06148145636549e+02	1.66548140702325e+01
14	98	42	70	2.33650000000000e+02	1.75929188601028e+03	3.00000000000000e-02	0.00000000000000e+00	0.00000000000000e+00	2.09537262862354e+02	3.63075599696812e+00
15	99	43	71	2.75650000000000e+02	1.75929188601028e+03	3.00000000000000e-02	0.00000000000000e+00	0.00000000000000e+00	2.15879550042913e+02	8.14704438600087e+00
16	100	44	72	2.47970000000000e+02	1.75929188601028e+03	3.00000000000000e-02	0.00000000000000e+00	0.00000000000000e+00	2.27076177517352e+02	2.93407420477395e+00
17	101	45	73	2.80600000000000e+02	1.75929188601028e+03	3.00000000000000e-02	0.00000000000000e+00	0.00000000000000e+00	2.40022026733466e+02	5.20664901605370e+00
18	102	46	74	4.04630000000000e+02	1.75929188601028e+03	3.00000000000000e-02	0.00000000000000e+00	0.00000000000000e+00	2.54305674020379e+02	1.54812028267302e+01
19	103	47	75	3.92190000000000e+02	1.75929188601028e+03	3.00000000000000e-02	0.00000000000000e+00	0.00000000000000e+00	2.73123397117195e+02	1.20607573029236e+01
20	104	48	76	2.80600000000000e+02	1.75929188601028e+03	3.00000000000000e-02	0.00000000000000e+00	0.00000000000000e+00	2.81600157440216e+02	-1.18600523568239e-01
21	105	49	77	2.51600000000000e+02	1.75929188601028e+03	3.00000000000000e-02	0.00000000000000e+00	0.00000000000000e+00	2.79561535260110e+02	-3.51273018230668e+00
22	106	50	78	2.84440000000000e+02	1.75929188601028e+03	3.00000000000000e-02	0.00000000000000e+00	0.00000000000000e+00	2.69735094626185e+02	1.76939962183858e+00
23	107	51	79	2.15800000000000e+02	1.75929188601028e+03	3.00000000000000e-02	0.00000000000000e+00	0.00000000000000e+00	2.54934872737360e+02	-5.55520195613447e+00
24	108	52	80	2.48130000000000e+02	1.75929188601028e+03	3.00000000000000e-02	0.00000000000000e+00	0.00000000000000e+00	2.41944268655399e+02	8.41513251652041e-01
25	109	53	81	2.13720000000000e+02	1.75929188601028e+03	3.00000000000000e-02	0.00000000000000e+00	0.00000000000000e+00	2.33407182603464e+02	-2.93725820277153e+00
26	110	54	82	2.12880000000000e+02	1.75929188601028e+03	3.00000000000000e-02	0.00000000000000e+00	0.00000000000000e+00	2.28469009580212e+02	-2.35573163324429e+00
27	111	55	83	2.68310000000000e+02	1.75929188601028e+03	3.00000000000000e-02	0.00000000000000e+00	0.00000000000000e+00	2.29683068824852e+02	5.18142104726123e+00
28	112	56	84	2.68970000000000e+02	1.75929188601028e+03	3.00000000000000e-02	0.00000000000000e+00	0.00000000000000e+00	2.30420779089205e+02	5.15642458149127e+00
29	113	57	85	2.71670000000000e+02	1.75929188601028e+03	3.00000000000000e-02	0.00000000000000e+00	0.00000000000000e+00	2.26280164816965e+02	6.09380651950809e+00
30	114	58	86	2.51490000000000e+02	1.75929188601028e+03	3.00000000000000e-02	0.00000000000000e+00	0.00000000000000e+00	2.23581653498722e+02	3.92088466485507e+00
31	115	59	87	2.07310000000000e+02	1.75929188601028e+03	3.00000000000000e-02	0.00000000000000e+00	0.00000000000000e+00	2.28773154250257e+02	-3.28385540847617e+00
32	116	60	88	2.81590000000000e+02	1.75929188601028e+03	3.00000000000000e-02	0.00000000000000e+00	0.00000000000000e+00	2.33414319364566e+02	6.25456810475944e+00
33	117	61	89	2.52720000000000e+02	1.75929188601028e+03	3.00000000000000e-02	0.00000000000000e+00	0.00000000000000e+00	2.28801055539316e+02	3.31430945425639e+00
34	118	62	90	2.49420000000000e+02	1.75929188601028e+03	3.00000000000000e-02	0.00000000000000e+00	0.00000000000000e+00	2.21701522323020e+02	3.92687464346118e+00
35	119	63	91	2.26000000000000e+02	1.75929188601028e+03	3.00000000000000e-02	0.00000000000000e+00	0.00000000000000e+00	2.15299996525275e+02	1.61675370136534e+00
36	120	64	92	1.98760000000000e+02	1.75929188601028e+03	3.00000000000000e-02	0.00000000000000e+00	0.00000000000000e+00	2.12145671777914e+02	-2.17250343331168e+00
37	121	65	93	2.42530000000000e+02	1.75929188601028e+03	3.00000000000000e-02	0.00000000000000e+00	0.00000000000000e+00	2.09264822411740e+02	4.91749571022965e+00
38	122	66	94	2.32860000000000e+02	1.75929188601028e+03	3.00000000000000e-02	0.00000000000000e+00	0.00000000000000e+00	2.08513483498579e+02	3.68112354676778e+00
39	123	67	95	2.20030000000000e+02	1.75929188601028e+03	3.00000000000000e-02	0.00000000000000e+00	0.00000000000000e+00	2.08330370931108e+02	1.82129197518452e+00
40	124	68	96	2.72970000000000e+02	1.75929188601028e+03	3.00000000000000e-02	0.00000000000000e+00	0.00000000000000e+00	2.04582288652868e+02	9.61305383300732e+00
41	125	69	97	2.37590000000000e+02	1.75929188601028e+03	3.00000000000000e-02	0.00000000000000e+00	0.00000000000000e+00	1.99834505224195e+02	5.76856496457247e+00
42	126	70	98	2.02200000000000e+02	1.75929188601028e+03	3.00000000000000e-02	0.00000000000000e+00	0.00000000000000e+00	1.94903438858399e+02	1.22510186696395e+00
43	127	71	99	1.86820000000000e+02	1.75929188601028e+03	3.00000000000000e-02	0.00000000000000e+00	0.00000000000000e+00	1.87478770055246e+02	-1.17334206104995e-01
44	128	72	100	1.78030000000000e+02	1.75929188601028e+03	3.00000000000000e-02	0.00000000000000e+00	0.00000000000000e+00	1.77499859208977e+02	9.94086563491573e-02
45	129	73	101	1.76090000000000e+02	1.75929188601028e+03	3.00000000000000e-02	0.00000000000000e+00	0.00000000000000e+00	1.66662304102443e+02	1.83418646488421e+00
46	130	74	102	1.95360000000000e+02	1.75929188601028e+03	3.00000000000000e-02	0.00000000000000e+00	0.00000000000000e+00	1.54172275316539e+02	7.89244541027235e+00
47	131	75	103	1.44940000000000e+02	1.75929188601028e+03	3.00000000000000e-02	0.00000000000000e+00	0.00000000000000e+00	1.41372444871174e+02	8.30733427387435e-01
48	132	76	104	1.55920000000000e+02	1.75929188601028e+03	3.00000000000000e-02	0.00000000000000e+00	0.00000000000000e+00	1.35039514515279e+02	4.79252064920056e+00
49	133	77	105	1.76380000000000e+02	1.75929188601028e+03	3.00000000000000e-02	0.00000000000000e+00	0.00000000000000e+00	1.32074441638375e+02	9.64250143429493e+00
50	134	78	106	1.33150000000000e+02	1.75929188601028e+03	3.00000000000000e-02	0.00000000000000e+00	0.00000000000000e+00	1.34831678674538e+02	-4.18362120430131e-01
51	135	79	107	1.19660000000000e+02	1.75929188601028e+03	3.00000000000000e-02	0.00000000000000e+00	0.00000000000000e+00	1.42679013502483e+02	-5.86476861496192e+00
52	136	80	108	1.62850000000000e+02	1.75929188601028e+03	3.00000000000000e-02	0.00000000000000e+00	0.00000000000000e+00	1.50242020693147e+02	2.68606888615735e+00
53	137	81	109	1.57290000000000e+02	1.75929188601028e+03	3.00000000000000e-02	0.00000000000000e+00	0.00000000000000e+00	1.57314733513046e+02	-5.24118265712303e-03
54	138	82	110	1.66370000000000e+02	1.75929188601028e+03	3.00000000000000e-02	0.00000000000000e+00	0.00000000000000e+00	1.64637136352448e+02	3.49011504203241e-01
55	139	83	111	1.84430000000000e+02	1.75929188601028e+03	3.00000000000000e-02	0.00000000000000e+00	0.00000000000000e+00	1.69951241776983e+02	2.72528016199199e+00
56	140	84	112	1.90610000000000e+02	1.75929188601028e+03	3.00000000000000e-02	0.00000000000000e+00	0.00000000000000e+00	1.79108595248992e+02	2.07457188286240e+00
57	141	85	113	1.93070000000000e+02	1.75929188601028e+03	3.00000000000000e-02	0.00000000000000e+00	0.00000000000000e+00	1.90058038673871e+02	5.24110840937079e-01
58	142	86	114	2.01090000000000e+02	1.75929188601028e+03	3.00000000000000e-02	0.00000000000000e+00	0.00000000000000e+00	1.98971329352951e+02	3.53060943211473e-01
59	143	87	115	2.03450000000000e+02	1.75929188601028e+03	3.00000000000000e-02	0.00000000000000e+00	0.00000000000000e+00	2.04319571773796e+02	-1.42167399130007e-01
60	144	88	116	1.97610000000000e+02	1.75929188601028e+03	3.00000000000000e-02	0.00000000000000e+00	0.00000000000000e+00	2.05501410263839e+02	-1.30525017299300e+00
61	145	89	117	2.38730000000000e+02	1.75929188601028e+03	3.00000000000000e-02	0.00000000000000e+00	0.00000000000000e+00	2.11673993583642e+02	4.00952937457282e+00
62	146	90	118	2.65830000000000e+02	1.75929188601028e+03	3.00000000000000e-02	0.00000000000000e+00	0.00000000000000e+00	2.22892042599441e+02	5.87231554640075e+00
63	147	91	119	2.64430000000000e+02	1.75929188601028e+03	3.00000000000000e-02	0.00000000000000e+00	0.00000000000000e+00	2.33790848387985e+02	4.10498868751337e+00
64	148	92	120	2.92080000000000e+02	1.75929188601028e+03	3.00000000000000e-02	0.00000000000000e+00	0.00000000000000e+00	2.45441633713991e+02	5.79895209747937e+00
65	149	93	121	3.05500000000000e+02	1.75929188601028e+03	3.00000000000000e-02	0.00000000000000e+00	0.00000000000000e+00	2.56371815118022e+02	5.84403283480371e+00
66	150	94	122	3.09690000000000e+02	1.75929188601028e+03	3.00000000000000e-02	0.00000000000000e+00	0.00000000000000e+00	2.62592218196463e+02	5.49898231309450e+00
67	151	95	123	3.59670000000000e+02	1.75929188601028e+03	3.00000000000000e-02	0.00000000000000e+00	0.00000000000000e+00	2.66562119897871e+02	9.98598775475609e+00
68	152	96	124	4.09660000000000e+02	1.75929188601028e+03	3.00000000000000e-02	0.00000000000000e+00	0.00000000000000e+00	2.69048640188862e+02	1.40145121856807e+01
69	153	97	125	2.98230000000000e+02	1.75929188601028e+03	3.00000000000000e-02	0.00000000000000e+00	0.00000000000000e+00	2.74045789579432e+02	2.81899310709640e+00
70	154	98	126	2.81950000000000e+02	1.75929188601028e+03	3.00000000000000e-02	0.00000000000000e+00	0.00000000000000e+00	2.77161407840500e+02	5.70990466141759e-01
71	155	99	127	2.68180000000000e+02	1.75929188601028e+03	3.00000000000000e-02	0.00000000000000e+00	0.00000000000000e+00	2.86821437037427e+02	-2.24004848927934e+00
72	156	100	128	2.90560000000000e+02	1.75929188601028e+03	3.00000000000000e-02	0.00000000000000e+00	0.00000000000000e+00	2.99396869345587e+02	-9.98664003012125e-01
73	157	101	129	2.99290000000000e+02	1.75929188601028e+03	3.00000000000000e-02	0.00000000000000e+00	0.00000000000000e+00	3.11935098217274e+02	-1.37940482095938e+00
74	158	102	130	3.19330000000000e+02	1.75929188601028e+03	3.00000000000000e-02	0.00000000000000e+00	0.00000000000000e+00	3.27346138535913e+02	-8.26436261658999e-01
75	159	103	131	3.43260000000000e+02	1.75929188601028e+03	3.00000000000000e-02	0.00000000000000e+00	0.00000000000000e+00	3.43948572518427e+02	-6.67990065315927e-02
76	160	104	132	3.49890000000000e+02	1.75929188601028e+03	3.00000000000000e-02	0.00000000000000e+00	0.00000000000000e+00	3.53368274831543e+02	-3.29732173673551e-01
77	161	105	133	2.74020000000000e+02	1.75929188601028e+03	3.00000000000000e-02	0.00000000000000e+00	0.00000000000000e+00	3.61441177981041e+02	-9.22994051408157e+00
78	162	106	134	3.48960000000000e+02	1.75929188601028e+03	3.00000000000000e-02	0.00000000000000e+00	0.00000000000000e+00	3.61107673447670e+02	-1.14062919351857e+00
79	163	107	135	3.65040000000000e+02	1.75929188601028e+03	3.00000000000000e-02	0.00000000000000e+00	0.00000000000000e+00	3.55821186707008e+02	8.52620549504183e-01
80	164	108	136	3.81110000000000e+02	1.75929188601028e+03	3.00000000000000e-02	0.00000000000000e+00	0.00000000000000e+00	3.51153096124868e+02	2.72885825669613e+00
81	165	109	137	3.73760000000000e+02	1.75929188601028e+03	3.00000000000000e-02	0.00000000000000e+00	0.00000000000000e+00	3.43241098571417e+02	2.83935895577902e+00
82	166	110	138	2.68630000000000e+02	1.75929188601028e+03	3.00000000000000e-02	0.00000000000000e+00	0.00000000000000e+00	3.29900254796768e+02	-6.84851274939113e+00
83	167	111	139	3.51870000000000e+02	1.75929188601028e+03	3.00000000000000e-02	0.00000000000000e+00	0.00000000000000e+00	3.31419674711639e+02	1.99587724997485e+00
84	168	112	140	2.89560000000000e+02	1.75929188601028e+03	3.00000000000000e-02	0.00000000000000e+00	0.00000000000000e+00	3.35135873897183e+02	-4.87245046307200e+00
85	169	113	141	2.27240000000000e+02	1.75929188601028e+03	3.00000000000000e-02	0.00000000000000e+00	0.00000000000000e+00	3.34237720388472e+02	-1.28615249937552e+01
86	170	114	142	2.93340000000000e+02	1.75929188601028e+03	3.00000000000000e-02	0.00000000000000e+00	0.00000000000000e+00	3.35791630832137e+02	-4.50528251471323e+00
87	171	115	143	3.28390000000000e+02	1.75929188601028e+03	3.00000000000000e-02	0.00000000000000e+00	0.00000000000000e+00	3.31974006627439e+02	-3.61824870527835e-01
88	172	116	144	4.41610000000000e+02	1.75929188601028e+03	3.00000000000000e-02	0.00000000000000e+00	0.00000000000000e+00	3.35981856223796e+02	9.11233268209279e+00
89	173	117	145	4.14560000000000e+02	1.75929188601028e+03	3.00000000000000e-02	0.00000000000000e+00	0.00000000000000e+00	3.45244322745246e+02	6.09884561848718e+00
90	174	118	146	3.26340000000000e+02	1.75929188601028e+03	3.00000000000000e-02	0.00000000000000e+00	0.00000000000000e+00	3.41621500451980e+02	-1.52545392346741e+00
91	175	119	147	3.69610000000000e+02	1.75929188601028e+03	3.00000000000000e-02	0.00000000000000e+00	0.00000000000000e+00	3.41727866854245e+02	2.61445621048206e+00
92	176	120	148	2.57000000000000e+02	1.75929188601028e+03	3.00000000000000e-02	0.00000000000000e+00	0.00000000000000e+00	2.78748319319465e+02	-2.70777361712404e+00
1	88	30	59	1.89700000000000e+02	1.82212373908208e+03	3.00000000000000e-02	0.00000000000000e+00	0.00000000000000e+00	1.74626480495656e+02	2.75981937523850e+00
3	89	31	60	1.75980000000000e+02	1.82212373908208e+03	3.00000000000000e-02	0.00000000000000e+00	0.00000000000000e+00	1.67112235383199e+02	1.72348991248210e+00
4	90	32	61	1.62270000000000e+02	1.82212373908208e+03	3.00000000000000e-02	0.00000000000000e+00	0.00000000000000e+00	1.72685043075257e+02	-2.07359201512481e+00
2	91	33	62	1.52730000000000e+02	1.82212373908208e+03	3.00000000000000e-02	0.00000000000000e+00	0.00000000000000e+00	1.84265136050553e+02	-6.25680068803692e+00
5	92	34	63	1.87040000000000e+02	1.82212373908208e+03	3.00000000000000e-02	0.00000000000000e+00	0.00000000000000e+00	1.92288156112824e+02	-9.22418743241682e-01
6	93	35	64	2.08490000000000e+02	1.82212373908208e+03	3.00000000000000e-02	0.00000000000000e+00	0.00000000000000e+00	1.95422690975006e+02	2.15754066078905e+00
7	94	36	65	2.06990000000000e+02	1.82212373908208e+03	3.00000000000000e-02	0.00000000000000e+00	0.00000000000000e+00	2.04794773666807e+02	3.55403642833707e-01
8	95	37	66	1.96540000000000e+02	1.82212373908208e+03	3.00000000000000e-02	0.00000000000000e+00	0.00000000000000e+00	2.03175952547739e+02	-1.10687973352481e+00
9	96	38	67	2.05670000000000e+02	1.82212373908208e+03	3.00000000000000e-02	0.00000000000000e+00	0.00000000000000e+00	2.03012785701537e+02	4.33466058385257e-01
10	97	39	68	1.74900000000000e+02	1.82212373908208e+03	3.00000000000000e-02	0.00000000000000e+00	0.00000000000000e+00	2.03299814639164e+02	-5.01558089497305e+00
11	98	40	69	2.11510000000000e+02	1.82212373908208e+03	3.00000000000000e-02	0.00000000000000e+00	0.00000000000000e+00	2.05554241331288e+02	9.52077716674567e-01
12	99	41	70	2.35520000000000e+02	1.82212373908208e+03	3.00000000000000e-02	0.00000000000000e+00	0.00000000000000e+00	2.08134760431012e+02	4.12033596465366e+00
13	100	42	71	3.10210000000000e+02	1.82212373908208e+03	3.00000000000000e-02	0.00000000000000e+00	0.00000000000000e+00	2.14098314381608e+02	1.23604721655643e+01
14	101	43	72	2.39220000000000e+02	1.82212373908208e+03	3.00000000000000e-02	0.00000000000000e+00	0.00000000000000e+00	2.24827579699943e+02	2.06832782096891e+00
15	102	44	73	2.65050000000000e+02	1.82212373908208e+03	3.00000000000000e-02	0.00000000000000e+00	0.00000000000000e+00	2.40563940831133e+02	3.23108556608167e+00
16	103	45	74	3.28620000000000e+02	1.82212373908208e+03	3.00000000000000e-02	0.00000000000000e+00	0.00000000000000e+00	2.56368978072491e+02	8.27614468846646e+00
17	104	46	75	2.88390000000000e+02	1.82212373908208e+03	3.00000000000000e-02	0.00000000000000e+00	0.00000000000000e+00	2.67695098981501e+02	2.48216960878231e+00
18	105	47	76	2.47160000000000e+02	1.82212373908208e+03	3.00000000000000e-02	0.00000000000000e+00	0.00000000000000e+00	2.70810440761190e+02	-3.04610651167412e+00
19	106	48	77	3.59370000000000e+02	1.82212373908208e+03	3.00000000000000e-02	0.00000000000000e+00	0.00000000000000e+00	2.74630657353697e+02	8.96417892107323e+00
20	107	49	78	3.59370000000000e+02	1.82212373908208e+03	3.00000000000000e-02	0.00000000000000e+00	0.00000000000000e+00	2.64315600953312e+02	1.02402883699892e+01
21	108	50	79	2.65560000000000e+02	1.82212373908208e+03	3.00000000000000e-02	0.00000000000000e+00	0.00000000000000e+00	2.50565150889252e+02	1.93739445838785e+00
22	109	51	80	2.17180000000000e+02	1.82212373908208e+03	3.00000000000000e-02	0.00000000000000e+00	0.00000000000000e+00	2.36108969791069e+02	-2.78556440240803e+00
23	110	52	81	1.97520000000000e+02	1.82212373908208e+03	3.00000000000000e-02	0.00000000000000e+00	0.00000000000000e+00	2.27540038281017e+02	-4.71621234377526e+00
24	111	53	82	2.11110000000000e+02	1.82212373908208e+03	3.00000000000000e-02	0.00000000000000e+00	0.00000000000000e+00	2.26813310817653e+02	-2.39159783856836e+00
25	112	54	83	2.24070000000000e+02	1.82212373908208e+03	3.00000000000000e-02	0.00000000000000e+00	0.00000000000000e+00	2.29682427865154e+02	-8.24636778742930e-01
26	113	55	84	2.64760000000000e+02	1.82212373908208e+03	3.00000000000000e-02	0.00000000000000e+00	0.00000000000000e+00	2.35695575459870e+02	3.87609057996103e+00
27	114	56	85	2.60650000000000e+02	1.82212373908208e+03	3.00000000000000e-02	0.00000000000000e+00	0.00000000000000e+00	2.28136414197762e+02	4.44115844298526e+00
28	115	57	86	2.61530000000000e+02	1.82212373908208e+03	3.00000000000000e-02	0.00000000000000e+00	0.00000000000000e+00	2.19522775419029e+02	5.83643373648437e+00
29	116	58	87	2.49790000000000e+02	1.82212373908208e+03	3.00000000000000e-02	0.00000000000000e+00	0.00000000000000e+00	2.12218958592885e+02	5.43339998788269e+00
30	117	59	88	1.99440000000000e+02	1.82212373908208e+03	3.00000000000000e-02	0.00000000000000e+00	0.00000000000000e+00	2.16633856310247e+02	-2.75650637083267e+00
31	118	60	89	2.47840000000000e+02	1.82212373908208e+03	3.00000000000000e-02	0.00000000000000e+00	0.00000000000000e+00	2.20561067619939e+02	3.88695898226965e+00
32	119	61	90	2.38900000000000e+02	1.82212373908208e+03	3.00000000000000e-02	0.00000000000000e+00	0.00000000000000e+00	2.14524335203110e+02	3.58739571894663e+00
33	120	62	91	2.33110000000000e+02	1.82212373908208e+03	3.00000000000000e-02	0.00000000000000e+00	0.00000000000000e+00	2.02933846669396e+02	4.62101325694846e+00
34	121	63	92	2.25860000000000e+02	1.82212373908208e+03	3.00000000000000e-02	0.00000000000000e+00	0.00000000000000e+00	1.94724812300295e+02	4.94426651373150e+00
35	122	64	93	2.35260000000000e+02	1.82212373908208e+03	3.00000000000000e-02	0.00000000000000e+00	0.00000000000000e+00	1.91995074659597e+02	6.77405222160502e+00
36	123	65	94	2.62750000000000e+02	1.82212373908208e+03	3.00000000000000e-02	0.00000000000000e+00	0.00000000000000e+00	1.96526999670093e+02	9.68010616618071e+00
37	124	66	95	2.33050000000000e+02	1.82212373908208e+03	3.00000000000000e-02	0.00000000000000e+00	0.00000000000000e+00	1.96836797365399e+02	5.62926923987250e+00
38	125	67	96	1.51510000000000e+02	1.82212373908208e+03	3.00000000000000e-02	0.00000000000000e+00	0.00000000000000e+00	2.00705900988502e+02	-9.37296760112349e+00
39	126	68	97	1.60130000000000e+02	1.82212373908208e+03	3.00000000000000e-02	0.00000000000000e+00	0.00000000000000e+00	1.99518799913465e+02	-7.33074939036304e+00
40	127	69	98	1.68740000000000e+02	1.82212373908208e+03	3.00000000000000e-02	0.00000000000000e+00	0.00000000000000e+00	1.95336609954178e+02	-4.87884021800582e+00
41	128	70	99	2.34100000000000e+02	1.82212373908208e+03	3.00000000000000e-02	0.00000000000000e+00	0.00000000000000e+00	1.93532926139565e+02	6.34335718582578e+00
42	129	71	100	2.03320000000000e+02	1.82212373908208e+03	3.00000000000000e-02	0.00000000000000e+00	0.00000000000000e+00	1.89042002554143e+02	2.42706221578528e+00
43	130	72	101	1.91430000000000e+02	1.82212373908208e+03	3.00000000000000e-02	0.00000000000000e+00	0.00000000000000e+00	1.80786385867308e+02	1.90686869439709e+00
44	131	73	102	1.68140000000000e+02	1.82212373908208e+03	3.00000000000000e-02	0.00000000000000e+00	0.00000000000000e+00	1.67252721309558e+02	1.76366530733970e-01
45	132	74	103	1.81660000000000e+02	1.82212373908208e+03	3.00000000000000e-02	0.00000000000000e+00	0.00000000000000e+00	1.53654153016011e+02	5.58108302655732e+00
46	133	75	104	1.75980000000000e+02	1.82212373908208e+03	3.00000000000000e-02	0.00000000000000e+00	0.00000000000000e+00	1.42970446857664e+02	6.92441362155834e+00
47	134	76	105	1.51950000000000e+02	1.82212373908208e+03	3.00000000000000e-02	0.00000000000000e+00	0.00000000000000e+00	1.37803566721506e+02	3.25740925993806e+00
48	135	77	106	1.48620000000000e+02	1.82212373908208e+03	3.00000000000000e-02	0.00000000000000e+00	0.00000000000000e+00	1.34130861391482e+02	3.41922705905538e+00
49	136	78	107	1.37300000000000e+02	1.82212373908208e+03	3.00000000000000e-02	0.00000000000000e+00	0.00000000000000e+00	1.39745809847335e+02	-5.88560520281807e-01
50	137	79	108	1.29810000000000e+02	1.82212373908208e+03	3.00000000000000e-02	0.00000000000000e+00	0.00000000000000e+00	1.48069841320459e+02	-4.38707401209841e+00
51	138	80	109	1.54590000000000e+02	1.82212373908208e+03	3.00000000000000e-02	0.00000000000000e+00	0.00000000000000e+00	1.58806948981191e+02	-8.97095205826067e-01
52	139	81	110	1.61550000000000e+02	1.82212373908208e+03	3.00000000000000e-02	0.00000000000000e+00	0.00000000000000e+00	1.65248828796759e+02	-7.54589965776316e-01
53	140	82	111	1.65620000000000e+02	1.82212373908208e+03	3.00000000000000e-02	0.00000000000000e+00	0.00000000000000e+00	1.67219149317711e+02	-3.20307196640150e-01
54	141	83	112	1.70720000000000e+02	1.82212373908208e+03	3.00000000000000e-02	0.00000000000000e+00	0.00000000000000e+00	1.70991348482016e+02	-5.29391332297754e-02
55	142	84	113	1.81190000000000e+02	1.82212373908208e+03	3.00000000000000e-02	0.00000000000000e+00	0.00000000000000e+00	1.74786418814539e+02	1.19938132713452e+00
56	143	85	114	1.80430000000000e+02	1.82212373908208e+03	3.00000000000000e-02	0.00000000000000e+00	0.00000000000000e+00	1.85310903271588e+02	-8.89736060835814e-01
57	144	86	115	1.98590000000000e+02	1.82212373908208e+03	3.00000000000000e-02	0.00000000000000e+00	0.00000000000000e+00	1.96414621578198e+02	3.67151892421861e-01
58	145	87	116	2.03350000000000e+02	1.82212373908208e+03	3.00000000000000e-02	0.00000000000000e+00	0.00000000000000e+00	2.05182379901050e+02	-2.99020310930468e-01
59	146	88	117	2.36180000000000e+02	1.82212373908208e+03	3.00000000000000e-02	0.00000000000000e+00	0.00000000000000e+00	2.06222768452971e+02	4.52124138061582e+00
60	147	89	118	2.24240000000000e+02	1.82212373908208e+03	3.00000000000000e-02	0.00000000000000e+00	0.00000000000000e+00	2.13616738879984e+02	1.61778124326378e+00
61	148	90	119	2.71310000000000e+02	1.82212373908208e+03	3.00000000000000e-02	0.00000000000000e+00	0.00000000000000e+00	2.25327874461139e+02	6.19018390778055e+00
62	149	91	120	2.31730000000000e+02	1.82212373908208e+03	3.00000000000000e-02	0.00000000000000e+00	0.00000000000000e+00	2.37871486252211e+02	-8.71921775772074e-01
63	150	92	121	2.96990000000000e+02	1.82212373908208e+03	3.00000000000000e-02	0.00000000000000e+00	0.00000000000000e+00	2.51567436052397e+02	5.53291264023506e+00
64	151	93	122	2.87300000000000e+02	1.82212373908208e+03	3.00000000000000e-02	0.00000000000000e+00	0.00000000000000e+00	2.57312225223243e+02	3.67455781091568e+00
65	152	94	123	3.11990000000000e+02	1.82212373908208e+03	3.00000000000000e-02	0.00000000000000e+00	0.00000000000000e+00	2.57130405311206e+02	6.44625887156864e+00
66	153	95	124	3.07790000000000e+02	1.82212373908208e+03	3.00000000000000e-02	0.00000000000000e+00	0.00000000000000e+00	2.68876844655248e+02	4.50547613470622e+00
67	154	96	125	2.76000000000000e+02	1.82212373908208e+03	3.00000000000000e-02	0.00000000000000e+00	0.00000000000000e+00	2.72264186733140e+02	4.54266534969427e-01
68	155	97	126	3.08430000000000e+02	1.82212373908208e+03	3.00000000000000e-02	0.00000000000000e+00	0.00000000000000e+00	2.79012510913759e+02	3.34127634739817e+00
69	156	98	127	2.87900000000000e+02	1.82212373908208e+03	3.00000000000000e-02	0.00000000000000e+00	0.00000000000000e+00	2.89501814550241e+02	-1.84945575058570e-01
70	157	99	128	2.86760000000000e+02	1.82212373908208e+03	3.00000000000000e-02	0.00000000000000e+00	0.00000000000000e+00	2.94370425089325e+02	-8.73109818913716e-01
71	158	100	129	3.19810000000000e+02	1.82212373908208e+03	3.00000000000000e-02	0.00000000000000e+00	0.00000000000000e+00	3.01385509109828e+02	1.97789543394311e+00
72	159	101	130	2.96190000000000e+02	1.82212373908208e+03	3.00000000000000e-02	0.00000000000000e+00	0.00000000000000e+00	3.10629494467042e+02	-1.58665751879796e+00
73	160	102	131	3.29640000000000e+02	1.82212373908208e+03	3.00000000000000e-02	0.00000000000000e+00	0.00000000000000e+00	3.26676046543346e+02	3.01071780090290e-01
74	161	103	132	3.52240000000000e+02	1.82212373908208e+03	3.00000000000000e-02	0.00000000000000e+00	0.00000000000000e+00	3.45356152920034e+02	6.57884986503040e-01
75	162	104	133	3.72540000000000e+02	1.82212373908208e+03	3.00000000000000e-02	0.00000000000000e+00	0.00000000000000e+00	3.62530532838372e+02	9.07857177916771e-01
76	163	105	134	3.87640000000000e+02	1.82212373908208e+03	3.00000000000000e-02	0.00000000000000e+00	0.00000000000000e+00	3.69041110278707e+02	1.63896753540185e+00
77	164	106	135	4.02750000000000e+02	1.82212373908208e+03	3.00000000000000e-02	0.00000000000000e+00	0.00000000000000e+00	3.74585639644523e+02	2.41651893180101e+00
78	165	107	136	4.17320000000000e+02	1.82212373908208e+03	3.00000000000000e-02	0.00000000000000e+00	0.00000000000000e+00	3.69999120580331e+02	4.01175615914135e+00
79	166	108	137	3.73390000000000e+02	1.82212373908208e+03	3.00000000000000e-02	0.00000000000000e+00	0.00000000000000e+00	3.55308230829440e+02	1.65459270667044e+00
80	167	109	138	3.55560000000000e+02	1.82212373908208e+03	3.00000000000000e-02	0.00000000000000e+00	0.00000000000000e+00	3.33902500489840e+02	2.09483252377467e+00
81	168	110	139	3.45740000000000e+02	1.82212373908208e+03	3.00000000000000e-02	0.00000000000000e+00	0.00000000000000e+00	3.21055105142950e+02	2.46914239952482e+00
82	169	111	140	2.39570000000000e+02	1.82212373908208e+03	3.00000000000000e-02	0.00000000000000e+00	0.00000000000000e+00	3.15355991495131e+02	-9.16188275723909e+00
83	170	112	141	3.14370000000000e+02	1.82212373908208e+03	3.00000000000000e-02	0.00000000000000e+00	0.00000000000000e+00	3.17111557566898e+02	-2.89433080967102e-01
84	171	113	142	2.94770000000000e+02	1.82212373908208e+03	3.00000000000000e-02	0.00000000000000e+00	0.00000000000000e+00	3.17354828370798e+02	-2.46083630208975e+00
85	172	114	143	3.26540000000000e+02	1.82212373908208e+03	3.00000000000000e-02	0.00000000000000e+00	0.00000000000000e+00	3.22287165158544e+02	4.36982910793068e-01
86	173	115	144	2.43990000000000e+02	1.82212373908208e+03	3.00000000000000e-02	0.00000000000000e+00	0.00000000000000e+00	3.27108114422137e+02	-9.77211668500537e+00
87	174	116	145	3.62950000000000e+02	1.82212373908208e+03	3.00000000000000e-02	0.00000000000000e+00	0.00000000000000e+00	3.33831839397493e+02	2.78758974659929e+00
88	175	117	146	4.81900000000000e+02	1.82212373908208e+03	3.00000000000000e-02	0.00000000000000e+00	0.00000000000000e+00	3.46255072485398e+02	1.10186972158241e+01
89	176	118	147	3.21440000000000e+02	1.82212373908208e+03	3.00000000000000e-02	0.00000000000000e+00	0.00000000000000e+00	2.88824148787729e+02	3.56642932858919e+00
1	91	31	61	2.39370000000000e+02	1.88495559215388e+03	3.00000000000000e-02	0.00000000000000e+00	0.00000000000000e+00	1.76002401041548e+02	1.02504278253893e+01
3	92	32	62	2.04030000000000e+02	1.88495559215388e+03	3.00000000000000e-02	0.00000000000000e+00	0.00000000000000e+00	1.83209868461248e+02	3.58782413066191e+00
4	93	33	63	1.68690000000000e+02	1.88495559215388e+03	3.00000000000000e-02	0.00000000000000e+00	0.00000000000000e+00	1.85173781686530e+02	-3.10773445502980e+00
2	94	34	64	1.68990000000000e+02	1.88495559215388e+03	3.00000000000000e-02	0.00000000000000e+00	0.00000000000000e+00	1.86968639087044e+02	-3.37004519329508e+00
5	95	35	65	1.79740000000000e+02	1.88495559215388e+03	3.00000000000000e-02	0.00000000000000e+00	0.00000000000000e+00	1.96642498369861e+02	-2.99586629350343e+00
6	96	36	66	2.05450000000000e+02	1.88495559215388e+03	3.00000000000000e-02	0.00000000000000e+00	0.00000000000000e+00	2.00196307430741e+02	8.63475767342988e-01
7	97	37	67	2.04720000000000e+02	1.88495559215388e+03	3.00000000000000e-02	0.00000000000000e+00	0.00000000000000e+00	2.04887175641037e+02	-2.72091018357123e-02
8	98	38	68	1.86180000000000e+02	1.88495559215388e+03	3.00000000000000e-02	0.00000000000000e+00	0.00000000000000e+00	2.00110633707561e+02	-2.40521448187267e+00
9	99	39	69	1.98020000000000e+02	1.88495559215388e+03	3.00000000000000e-02	0.00000000000000e+00	0.00000000000000e+00	2.01131112749462e+02	-5.19632064806845e-01
10	100	40	70	2.14920000000000e+02	1.88495559215388e+03	3.00000000000000e-02	0.00000000000000e+00	0.00000000000000e+00	2.02514609128135e+02	1.98179460245426e+00
11	101	41	71	2.30050000000000e+02	1.88495559215388e+03	3.00000000000000e-02	0.00000000000000e+00	0.00000000000000e+00	2.10541900191450e+02	2.95373308320951e+00
12	102	42	72	2.44800000000000e+02	1.88495559215388e+03	3.00000000000000e-02	0.00000000000000e+00	0.00000000000000e+00	2.25290840650051e+02	2.76831193476692e+00
13	103	43	73	3.17800000000000e+02	1.88495559215388e+03	3.00000000000000e-02	0.00000000000000e+00	0.00000000000000e+00	2.41316797472126e+02	9.17705571648121e+00
14	104	44	74	2.68160000000000e+02	1.88495559215388e+03	3.00000000000000e-02	0.00000000000000e+00	0.00000000000000e+00	2.53719381484793e+02	1.84516527725194e+00
15	105	45	75	2.41500000000000e+02	1.88495559215388e+03	3.00000000000000e-02	0.00000000000000e+00	0.00000000000000e+00	2.60697672751255e+02	-2.54973069614308e+00
16	106	46	76	2.50210000000000e+02	1.88495559215388e+03	3.00000000000000e-02	0.00000000000000e+00	0.00000000000000e+00	2.65863439991446e+02	-2.02274094015931e+00
17	107	47	77	2.77970000000000e+02	1.88495559215388e+03	3.00000000000000e-02	0.00000000000000e+00	0.00000000000000e+00	2.64598136616253e+02	1.64336616030110e+00
18	108	48	78	3.05730000000000e+02	1.88495559215388e+03	3.00000000000000e-02	0.00000000000000e+00	0.00000000000000e+00	2.52327113819533e+02	6.39920143500919e+00
19	109	49	79	2.86000000000000e+02	1.88495559215388e+03	3.00000000000000e-02	0.00000000000000e+00	0.00000000000000e+00	2.40469580912661e+02	5.77994039884289e+00
20	110	50	80	2.86000000000000e+02	1.88495559215388e+03	3.00000000000000e-02	0.00000000000000e+00	0.00000000000000e+00	2.31590991204723e+02	7.03396546524469e+00
21	111	51	81	2.20050000000000e+02	1.88495559215388e+03	3.00000000000000e-02	0.00000000000000e+00	0.00000000000000e+00	2.28029706228616e+02	-1.18737058955528e+00
22	112	52	82	2.29360000000000e+02	1.88495559215388e+03	3.00000000000000e-02	0.00000000000000e+00	0.00000000000000e+00	2.24643079679033e+02	6.92666381141264e-01
23	113	53	83	2.38380000000000e+02	1.88495559215388e+03	3.00000000000000e-02	0.00000000000000e+00	0.00000000000000e+00	2.28493502949448e+02	1.41194208687239e+00
24	114	54	84	2.32910000000000e+02	1.88495559215388e+03	3.00000000000000e-02	0.00000000000000e+00	0.00000000000000e+00	2.36712637042574e+02	-5.39826355951748e-01
25	115	55	85	2.72290000000000e+02	1.88495559215388e+03	3.00000000000000e-02	0.00000000000000e+00	0.00000000000000e+00	2.34997346229501e+02	4.90978177880471e+00
26	116	56	86	2.53800000000000e+02	1.88495559215388e+03	3.00000000000000e-02	0.00000000000000e+00	0.00000000000000e+00	2.26516284875059e+02	3.79099050128661e+00
27	117	57	87	2.60100000000000e+02	1.88495559215388e+03	3.00000000000000e-02	0.00000000000000e+00	0.00000000000000e+00	2.13342702479175e+02	6.60554559540761e+00
28	118	58	88	2.41320000000000e+02	1.88495559215388e+03	3.00000000000000e-02	0.00000000000000e+00	0.00000000000000e+00	2.02465457461175e+02	5.85181873383685e+00
29	119	59	89	2.12750000000000e+02	1.88495559215388e+03	3.00000000000000e-02	0.00000000000000e+00	0.00000000000000e+00	2.00362241914667e+02	1.99969431981038e+00
30	120	60	90	2.44920000000000e+02	1.88495559215388e+03	3.00000000000000e-02	0.00000000000000e+00	0.00000000000000e+00	2.02415638032486e+02	6.35361430582408e+00
31	121	61	91	2.27190000000000e+02	1.88495559215388e+03	3.00000000000000e-02	0.00000000000000e+00	0.00000000000000e+00	1.96762008868121e+02	4.79305833934838e+00
32	122	62	92	2.13040000000000e+02	1.88495559215388e+03	3.00000000000000e-02	0.00000000000000e+00	0.00000000000000e+00	1.86209464117797e+02	4.48692500846966e+00
33	123	63	93	2.36030000000000e+02	1.88495559215388e+03	3.00000000000000e-02	0.00000000000000e+00	0.00000000000000e+00	1.83876849939949e+02	8.32308919545038e+00
34	124	64	94	2.20770000000000e+02	1.88495559215388e+03	3.00000000000000e-02	0.00000000000000e+00	0.00000000000000e+00	1.84499267164864e+02	5.98253147133606e+00
35	125	65	95	2.33720000000000e+02	1.88495559215388e+03	3.00000000000000e-02	0.00000000000000e+00	0.00000000000000e+00	1.81878636442456e+02	8.35947285916780e+00
36	126	66	96	1.82340000000000e+02	1.88495559215388e+03	3.00000000000000e-02	0.00000000000000e+00	0.00000000000000e+00	1.82629772220516e+02	-5.29308276028040e-02
37	127	67	97	1.48360000000000e+02	1.88495559215388e+03	3.00000000000000e-02	0.00000000000000e+00	0.00000000000000e+00	1.86399244757271e+02	-7.60830326301720e+00
38	128	68	98	1.14380000000000e+02	1.88495559215388e+03	3.00000000000000e-02	0.00000000000000e+00	0.00000000000000e+00	1.90988674770117e+02	-1.70895964468062e+01
39	129	69	99	1.47740000000000e+02	1.88495559215388e+03	3.00000000000000e-02	0.00000000000000e+00	0.00000000000000e+00	1.95943106826508e+02	-9.41234578999118e+00
40	130	70	100	1.90080000000000e+02	1.88495559215388e+03	3.00000000000000e-02	0.00000000000000e+00	0.00000000000000e+00	1.97683105698240e+02	-1.30734120394651e+00
41	131	71	101	1.85100000000000e+02	1.88495559215388e+03	3.00000000000000e-02	0.00000000000000e+00	0.00000000000000e+00	1.93493732159941e+02	-1.47829668091551e+00
42	132	72	102	1.90940000000000e+02	1.88495559215388e+03	3.00000000000000e-02	0.00000000000000e+00	0.00000000000000e+00	1.82048476981596e+02	1.58954113060306e+00
43	133	73	103	1.76790000000000e+02	1.88495559215388e+03	3.00000000000000e-02	0.00000000000000e+00	0.00000000000000e+00	1.65784294366816e+02	2.14250252266073e+00
44	134	74	104	1.59480000000000e+02	1.88495559215388e+03	3.00000000000000e-02	0.00000000000000e+00	0.00000000000000e+00	1.54191285946227e+02	1.12415247847061e+00
45	135	75	105	1.56450000000000e+02	1.88495559215388e+03	3.00000000000000e-02	0.00000000000000e+00	0.00000000000000e+00	1.48249798843994e+02	1.79459297027232e+00
46	136	76	106	2.01400000000000e+02	1.88495559215388e+03	3.00000000000000e-02	0.00000000000000e+00	0.00000000000000e+00	1.42041523604734e+02	1.16391181892624e+01
47	137	77	107	1.75360000000000e+02	1.88495559215388e+03	3.00000000000000e-02	0.00000000000000e+00	0.00000000000000e+00	1.39772424743322e+02	7.56084804392373e+00
48	138	78	108	1.49310000000000e+02	1.88495559215388e+03	3.00000000000000e-02	0.00000000000000e+00	0.00000000000000e+00	1.47007895079302e+02	5.17946272653299e-01
49	139	79	109	1.62950000000000e+02	1.88495559215388e+03	3.00000000000000e-02	0.00000000000000e+00	0.00000000000000e+00	1.57142020413540e+02	1.20978067359019e+00
50	140	80	110	1.61670000000000e+02	1.88495559215388e+03	3.00000000000000e-02	0.00000000000000e+00	0.00000000000000e+00	1.64919406752360e+02	-6.63323001146191e-01
51	141	81	111	1.66470000000000e+02	1.88495559215388e+03	3.00000000000000e-02	0.00000000000000e+00	0.00000000000000e+00	1.69374745180655e+02	-5.76619138615175e-01
52	142	82	112	1.76130000000000e+02	1.88495559215388e+03	3.00000000000000e-02	0.00000000000000e+00	0.00000000000000e+00	1.75282133645436e+02	1.60849691596591e-01
53	143	83	113	1.66320000000000e+02	1.88495559215388e+03	3.00000000000000e-02	0.00000000000000e+00	0.00000000000000e+00	1.76222426046942e+02	-1.92777793142493e+00
54	144	84	114	1.70650000000000e+02	1.88495559215388e+03	3.00000000000000e-02	0.00000000000000e+00	0.00000000000000e+00	1.75672320825257e+02	-9.66859028786586e-01
55	145	85	115	1.74960000000000e+02	1.88495559215388e+03	3.00000000000000e-02	0.00000000000000e+00	0.00000000000000e+00	1.80074185256341e+02	-9.60384330940360e-01
56	146	86	116	1.82670000000000e+02	1.88495559215388e+03	3.00000000000000e-02	0.00000000000000e+00	0.00000000000000e+00	1.89808737959757e+02	-1.27785588500571e+00
57	147	87	117	2.00440000000000e+02	1.88495559215388e+03	3.00000000000000e-02	0.00000000000000e+00	0.00000000000000e+00	2.00610233076132e+02	-2.82978826284364e-02
58	148	88	118	2.14030000000000e+02	1.88495559215388e+03	3.00000000000000e-02	0.00000000000000e+00	0.00000000000000e+00	2.11345432044014e+02	4.20742618747235e-01
59	149	89	119	2.36780000000000e+02	1.88495559215388e+03	3.00000000000000e-02	0.00000000000000e+00	0.00000000000000e+00	2.17805185644716e+02	2.78434735212241e+00
60	150	90	120	2.21710000000000e+02	1.88495559215388e+03	3.00000000000000e-02	0.00000000000000e+00	0.00000000000000e+00	2.24921198340696e+02	-4.79329655289481e-01
61	151	91	121	2.29380000000000e+02	1.88495559215388e+03	3.00000000000000e-02	0.00000000000000e+00	0.00000000000000e+00	2.40714924258131e+02	-1.60777764985524e+00
62	152	92	122	2.53680000000000e+02	1.88495559215388e+03	3.00000000000000e-02	0.00000000000000e+00	0.00000000000000e+00	2.47747628894563e+02	7.88767587418349e-01
63	153	93	123	2.66850000000000e+02	1.88495559215388e+03	3.00000000000000e-02	0.00000000000000e+00	0.00000000000000e+00	2.53425224513389e+02	1.72059651984610e+00
64	154	94	124	2.83280000000000e+02	1.88495559215388e+03	3.00000000000000e-02	0.00000000000000e+00	0.00000000000000e+00	2.60031791711203e+02	2.85439694836261e+00
65	155	95	125	2.93830000000000e+02	1.88495559215388e+03	3.00000000000000e-02	0.00000000000000e+00	0.00000000000000e+00	2.70131078046601e+02	2.80313511218102e+00
66	156	96	126	2.85060000000000e+02	1.88495559215388e+03	3.00000000000000e-02	0.00000000000000e+00	0.00000000000000e+00	2.81932328503960e+02	3.67753737675140e-01
67	157	97	127	2.87660000000000e+02	1.88495559215388e+03	3.00000000000000e-02	0.00000000000000e+00	0.00000000000000e+00	2.93484526407355e+02	-6.68189659122239e-01
68	158	98	128	3.25510000000000e+02	1.88495559215388e+03	3.00000000000000e-02	0.00000000000000e+00	0.00000000000000e+00	3.01065115747279e+02	2.60222034679988e+00
69	159	99	129	3.03120000000000e+02	1.88495559215388e+03	3.00000000000000e-02	0.00000000000000e+00	0.00000000000000e+00	3.02128788736911e+02	1.09179582312950e-01
70	160	100	130	3.14110000000000e+02	1.88495559215388e+03	3.00000000000000e-02	0.00000000000000e+00	0.00000000000000e+00	3.04197190122474e+02	1.06890333970376e+00
71	161	101	131	3.09590000000000e+02	1.88495559215388e+03	3.00000000000000e-02	0.00000000000000e+00	0.00000000000000e+00	3.12195094435129e+02	-2.79315120453235e-01
72	162	102	132	3.29340000000000e+02	1.88495559215388e+03	3.00000000000000e-02	0.00000000000000e+00	0.00000000000000e+00	3.25017674104935e+02	4.40369635913918e-01
73	163	103	133	3.79190000000000e+02	1.88495559215388e+03	3.00000000000000e-02	0.00000000000000e+00	0.00000000000000e+00	3.48606240673601e+02	2.80314545650070e+00
74	164	104	134	3.91820000000000e+02	1.88495559215388e+03	3.00000000000000e-02	0.00000000000000e+00	0.00000000000000e+00	3.64103206369281e+02	2.44550630765893e+00
75	165	105	135	3.07030000000000e+02	1.88495559215388e+03	3.00000000000000e-02	0.00000000000000e+00	0.00000000000000e+00	3.72008041369960e+02	-6.39900026475990e+00
76	166	106	136	3.60070000000000e+02	1.88495559215388e+03	3.00000000000000e-02	0.00000000000000e+00	0.00000000000000e+00	3.76604922219745e+02	-1.49660764327472e+00
77	167	107	137	4.13110000000000e+02	1.88495559215388e+03	3.00000000000000e-02	0.00000000000000e+00	0.00000000000000e+00	3.70612874070186e+02	3.61852832079744e+00
78	168	108	138	3.84410000000000e+02	1.88495559215388e+03	3.00000000000000e-02	0.00000000000000e+00	0.00000000000000e+00	3.49343275203479e+02	3.18848853220223e+00
79	169	109	139	2.81000000000000e+02	1.88495559215388e+03	3.00000000000000e-02	0.00000000000000e+00	0.00000000000000e+00	3.27594514446784e+02	-5.11406459456794e+00
80	170	110	140	3.23980000000000e+02	1.88495559215388e+03	3.00000000000000e-02	0.00000000000000e+00	0.00000000000000e+00	3.16988933317558e+02	7.27164096475589e-01
81	171	111	141	3.17940000000000e+02	1.88495559215388e+03	3.00000000000000e-02	0.00000000000000e+00	0.00000000000000e+00	3.09243174390148e+02	9.24491539959445e-01
82	172	112	142	3.43010000000000e+02	1.88495559215388e+03	3.00000000000000e-02	0.00000000000000e+00	0.00000000000000e+00	3.02899542755219e+02	4.14527975949139e+00
83	173	113	143	2.68050000000000e+02	1.88495559215388e+03	3.00000000000000e-02	0.00000000000000e+00	0.00000000000000e+00	3.06682932675030e+02	-4.48802970088031e+00
84	174	114	144	3.16540000000000e+02	1.88495559215388e+03	3.00000000000000e-02	0.00000000000000e+00	0.00000000000000e+00	3.13160759356545e+02	3.57764968287899e-01
85	175	115	145	3.65040000000000e+02	1.88495559215388e+03	3.00000000000000e-02	0.00000000000000e+00	0.00000000000000e+00	3.28983956199359e+02	3.46659841314455e+00
86	176	116	146	2.51520000000000e+02	1.88495559215388e+03	3.00000000000000e-02	0.00000000000000e+00	0.00000000000000e+00	2.84985650688452e+02	-4.16387737662370e+00
1	94	32	63	2.04900000000000e+02	1.94778744522567e+03	3.00000000000000e-02	0.00000000000000e+00	0.00000000000000e+00	1.88402233926431e+02	2.79809452713054e+00
3	95	33	64	1.58280000000000e+02	1.94778744522567e+03	3.00000000000000e-02	0.00000000000000e+00	0.00000000000000e+00	1.88307338727902e+02	-5.79032639937471e+00
4	96	34	65	1.59020000000000e+02	1.94778744522567e+03	3.00000000000000e-02	0.00000000000000e+00	0.00000000000000e+00	1.87984462343651e+02	-5.57764439443031e+00
2	97	35	66	1.76580000000000e+02	1.94778744522567e+03	3.00000000000000e-02	0.00000000000000e+00	0.00000000000000e+00	1.95699211472624e+02	-3.42682712181259e+00
5	98	36	67	2.07150000000000e+02	1.94778744522567e+03	3.00000000000000e-02	0.00000000000000e+00	0.00000000000000e+00	1.99121282423006e+02	1.31763566772642e+00
6	99	37	68	2.26290000000000e+02	1.94778744522567e+03	3.00000000000000e-02	0.00000000000000e+00	0.00000000000000e+00	1.93097043315606e+02	5.28748282970506e+00
7	100	38	69	2.03240000000000e+02	1.94778744522567e+03	3.00000000000000e-02	0.00000000000000e+00	0.00000000000000e+00	1.95919635116266e+02	1.22276654984089e+00
8	101	39	70	2.07000000000000e+02	1.94778744522567e+03	3.00000000000000e-02	0.00000000000000e+00	0.00000000000000e+00	1.94308683123846e+02	2.10902495390917e+00
9	102	40	71	2.35730000000000e+02	1.94778744522567e+03	3.00000000000000e-02	0.00000000000000e+00	0.00000000000000e+00	2.06280160752564e+02	4.44839446027935e+00
10	103	41	72	2.88610000000000e+02	1.94778744522567e+03	3.00000000000000e-02	0.00000000000000e+00	0.00000000000000e+00	2.21280028134264e+02	8.85491002381356e+00
11	104	42	73	2.52260000000000e+02	1.94778744522567e+03	3.00000000000000e-02	0.00000000000000e+00	0.00000000000000e+00	2.36695405112998e+02	2.12287325363016e+00
12	105	43	74	2.02510000000000e+02	1.94778744522567e+03	3.00000000000000e-02	0.00000000000000e+00	0.00000000000000e+00	2.47197257263555e+02	-6.64657874221571e+00
13	106	44	75	1.73600000000000e+02	1.94778744522567e+03	3.00000000000000e-02	0.00000000000000e+00	0.00000000000000e+00	2.56434840550501e+02	-1.30040265723742e+01
14	107	45	76	2.29260000000000e+02	1.94778744522567e+03	3.00000000000000e-02	0.00000000000000e+00	0.00000000000000e+00	2.57425085637388e+02	-3.86240058417231e+00
15	108	46	77	2.84920000000000e+02	1.94778744522567e+03	3.00000000000000e-02	0.00000000000000e+00	0.00000000000000e+00	2.53884421989253e+02	3.84431023960863e+00
16	109	47	78	2.56560000000000e+02	1.94778744522567e+03	3.00000000000000e-02	0.00000000000000e+00	0.00000000000000e+00	2.42514682957430e+02	1.87667661874243e+00
17	110	48	79	2.51770000000000e+02	1.94778744522567e+03	3.00000000000000e-02	0.00000000000000e+00	0.00000000000000e+00	2.32442525112018e+02	2.66243272292301e+00
18	111	49	80	2.67790000000000e+02	1.94778744522567e+03	3.00000000000000e-02	0.00000000000000e+00	0.00000000000000e+00	2.25966667795953e+02	5.66051968313337e+00
19	112	50	81	2.80220000000000e+02	1.94778744522567e+03	3.00000000000000e-02	0.00000000000000e+00	0.00000000000000e+00	2.23270757062293e+02	7.57299389152530e+00
20	113	51	82	2.80220000000000e+02	1.94778744522567e+03	3.00000000000000e-02	0.00000000000000e+00	0.00000000000000e+00	2.22117291965755e+02	7.74564748021035e+00
21	114	52	83	2.10850000000000e+02	1.94778744522567e+03	3.00000000000000e-02	0.00000000000000e+00	0.00000000000000e+00	2.26167610152475e+02	-2.33764606816935e+00
22	115	53	84	2.19120000000000e+02	1.94778744522567e+03	3.00000000000000e-02	0.00000000000000e+00	0.00000000000000e+00	2.35541176907054e+02	-2.40887406931979e+00
23	116	54	85	2.21480000000000e+02	1.94778744522567e+03	3.00000000000000e-02	0.00000000000000e+00	0.00000000000000e+00	2.36781834236833e+02	-2.22689648618545e+00
24	117	55	86	2.61730000000000e+02	1.94778744522567e+03	3.00000000000000e-02	0.00000000000000e+00	0.00000000000000e+00	2.35113647966203e+02	3.57481441447316e+00
25	118	56	87	2.43620000000000e+02	1.94778744522567e+03	3.00000000000000e-02	0.00000000000000e+00	0.00000000000000e+00	2.21363562642355e+02	3.19344015286770e+00
26	119	57	88	2.48320000000000e+02	1.94778744522567e+03	3.00000000000000e-02	0.00000000000000e+00	0.00000000000000e+00	2.08260131094517e+02	5.86434361393486e+00
27	120	58	89	2.27560000000000e+02	1.94778744522567e+03	3.00000000000000e-02	0.00000000000000e+00	0.00000000000000e+00	1.92422168544446e+02	5.59073957211013e+00
28	121	59	90	2.09510000000000e+02	1.94778744522567e+03	3.00000000000000e-02	0.00000000000000e+00	0.00000000000000e+00	1.84969654241659e+02	4.15265634741135e+00
29	122	60	91	2.12800000000000e+02	1.94778744522567e+03	3.00000000000000e-02	0.00000000000000e+00	0.00000000000000e+00	1.84795484015948e+02	4.70343452338788e+00
30	123	61	92	1.63690000000000e+02	1.94778744522567e+03	3.00000000000000e-02	0.00000000000000e+00	0.00000000000000e+00	1.81498033361067e+02	-3.44234743379073e+00
31	124	62	93	2.12630000000000e+02	1.94778744522567e+03	3.00000000000000e-02	0.00000000000000e+00	0.00000000000000e+00	1.78601727109523e+02	5.81317424522944e+00
32	125	63	94	2.16480000000000e+02	1.94778744522567e+03	3.00000000000000e-02	0.00000000000000e+00	0.00000000000000e+00	1.76105542067667e+02	6.88048927586721e+00
33	126	64	95	1.98260000000000e+02	1.94778744522567e+03	3.00000000000000e-02	0.00000000000000e+00	0.00000000000000e+00	1.73003755477102e+02	4.54219994608203e+00
34	127	65	96	1.51360000000000e+02	1.94778744522567e+03	3.00000000000000e-02	0.00000000000000e+00	0.00000000000000e+00	1.70508371496006e+02	-3.97077632993247e+00
35	128	66	97	1.65590000000000e+02	1.94778744522567e+03	3.00000000000000e-02	0.00000000000000e+00	0.00000000000000e+00	1.67064888988461e+02	-2.95581337028169e-01
36	129	67	98	1.19670000000000e+02	1.94778744522567e+03	3.00000000000000e-02	0.00000000000000e+00	0.00000000000000e+00	1.74047686022279e+02	-1.24863788227162e+01
37	130	68	99	1.41000000000000e+02	1.94778744522567e+03	3.00000000000000e-02	0.00000000000000e+00	0.00000000000000e+00	1.86493520264298e+02	-9.32122014036508e+00
38	131	69	100	1.62330000000000e+02	1.94778744522567e+03	3.00000000000000e-02	0.00000000000000e+00	0.00000000000000e+00	1.96470144992902e+02	-6.36263951883607e+00
39	132	70	101	2.04240000000000e+02	1.94778744522567e+03	3.00000000000000e-02	0.00000000000000e+00	0.00000000000000e+00	2.00177957035176e+02	6.69633894449273e-01
40	133	71	102	2.11570000000000e+02	1.94778744522567e+03	3.00000000000000e-02	0.00000000000000e+00	0.00000000000000e+00	1.93085091620726e+02	3.04749773422929e+00
41	134	72	103	2.07520000000000e+02	1.94778744522567e+03	3.00000000000000e-02	0.00000000000000e+00	0.00000000000000e+00	1.80829622663631e+02	4.58908146215391e+00
42	135	73	104	1.75880000000000e+02	1.94778744522567e+03	3.00000000000000e-02	0.00000000000000e+00	0.00000000000000e+00	1.69491704765799e+02	1.23326527081643e+00
43	136	74	105	1.59040000000000e+02	1.94778744522567e+03	3.00000000000000e-02	0.00000000000000e+00	0.00000000000000e+00	1.60994797470290e+02	-4.07210256832199e-01
44	137	75	106	1.39010000000000e+02	1.94778744522567e+03	3.00000000000000e-02	0.00000000000000e+00	0.00000000000000e+00	1.52029286991850e+02	-2.98424356250996e+00
45	138	76	107	1.18970000000000e+02	1.94778744522567e+03	3.00000000000000e-02	0.00000000000000e+00	0.00000000000000e+00	1.49314409554899e+02	-7.57276178326588e+00
46	139	77	108	1.45510000000000e+02	1.94778744522567e+03	3.00000000000000e-02	0.00000000000000e+00	0.00000000000000e+00	1.49089762244568e+02	-8.10124765201999e-01
47	140	78	109	1.57920000000000e+02	1.94778744522567e+03	3.00000000000000e-02	0.00000000000000e+00	0.00000000000000e+00	1.56476456069856e+02	3.06100582348930e-01
48	141	79	110	1.54650000000000e+02	1.94778744522567e+03	3.00000000000000e-02	0.00000000000000e+00	0.00000000000000e+00	1.63949172007057e+02	-1.94639846232170e+00
49	142	80	111	1.67980000000000e+02	1.94778744522567e+03	3.00000000000000e-02	0.00000000000000e+00	0.00000000000000e+00	1.69555994204258e+02	-3.11276561912403e-01
50	143	81	112	1.77500000000000e+02	1.94778744522567e+03	3.00000000000000e-02	0.00000000000000e+00	0.00000000000000e+00	1.75969966940262e+02	2.88575694108702e-01
51	144	82	113	1.83610000000000e+02	1.94778744522567e+03	3.00000000000000e-02	0.00000000000000e+00	0.00000000000000e+00	1.80878927653046e+02	4.99534782708662e-01
52	145	83	114	1.63630000000000e+02	1.94778744522567e+03	3.00000000000000e-02	0.00000000000000e+00	0.00000000000000e+00	1.81121100208274e+02	-3.38526960090132e+00
53	146	84	115	1.55110000000000e+02	1.94778744522567e+03	3.00000000000000e-02	0.00000000000000e+00	0.00000000000000e+00	1.78371184637648e+02	-4.65773811246312e+00
54	147	85	116	1.66210000000000e+02	1.94778744522567e+03	3.00000000000000e-02	0.00000000000000e+00	0.00000000000000e+00	1.80414072190159e+02	-2.73341869973075e+00
55	148	86	117	1.79370000000000e+02	1.94778744522567e+03	3.00000000000000e-02	0.00000000000000e+00	0.00000000000000e+00	1.85296587426466e+02	-1.08356683606461e+00
56	149	87	118	1.93680000000000e+02	1.94778744522567e+03	3.00000000000000e-02	0.00000000000000e+00	0.00000000000000e+00	1.97913681384005e+02	-7.20789013457749e-01
57	150	88	119	2.18090000000000e+02	1.94778744522567e+03	3.00000000000000e-02	0.00000000000000e+00	0.00000000000000e+00	2.09634761826685e+02	1.31803448412725e+00
58	151	89	120	2.17490000000000e+02	1.94778744522567e+03	3.00000000000000e-02	0.00000000000000e+00	0.00000000000000e+00	2.21516541323606e+02	-6.11479763282929e-01
59	152	90	121	2.60570000000000e+02	1.94778744522567e+03	3.00000000000000e-02	0.00000000000000e+00	0.00000000000000e+00	2.27214648236934e+02	4.56587938217522e+00
60	153	91	122	2.27300000000000e+02	1.94778744522567e+03	3.00000000000000e-02	0.00000000000000e+00	0.00000000000000e+00	2.32858892183970e+02	-8.05397543509123e-01
61	154	92	123	2.72980000000000e+02	1.94778744522567e+03	3.00000000000000e-02	0.00000000000000e+00	0.00000000000000e+00	2.42701954931621e+02	3.91881215991603e+00
62	155	93	124	2.51120000000000e+02	1.94778744522567e+03	3.00000000000000e-02	0.00000000000000e+00	0.00000000000000e+00	2.58293702638245e+02	-9.38880241362572e-01
63	156	94	125	2.59090000000000e+02	1.94778744522567e+03	3.00000000000000e-02	0.00000000000000e+00	0.00000000000000e+00	2.67894399839782e+02	-1.11391269085486e+00
64	157	95	126	2.78630000000000e+02	1.94778744522567e+03	3.00000000000000e-02	0.00000000000000e+00	0.00000000000000e+00	2.77709285876775e+02	1.10330151302721e-01
65	158	96	127	2.97900000000000e+02	1.94778744522567e+03	3.00000000000000e-02	0.00000000000000e+00	0.00000000000000e+00	2.91149414024396e+02	7.64042468752191e-01
66	159	97	128	3.11310000000000e+02	1.94778744522567e+03	3.00000000000000e-02	0.00000000000000e+00	0.00000000000000e+00	3.02955316232669e+02	9.06795894339455e-01
67	160	98	129	3.22390000000000e+02	1.94778744522567e+03	3.00000000000000e-02	0.00000000000000e+00	0.00000000000000e+00	3.08521963836104e+02	1.46563187971989e+00
68	161	99	130	3.48090000000000e+02	1.94778744522567e+03	3.00000000000000e-02	0.00000000000000e+00	0.00000000000000e+00	3.10241408767536e+02	3.83701115492195e+00
69	162	100	131	3.24770000000000e+02	1.94778744522567e+03	3.00000000000000e-02	0.00000000000000e+00	0.00000000000000e+00	3.10268524913264e+02	1.52263691852248e+00
70	163	101	132	3.15660000000000e+02	1.94778744522567e+03	3.00000000000000e-02	0.00000000000000e+00	0.00000000000000e+00	3.13910782549584e+02	1.85229048111957e-01
71	164	102	133	3.50040000000000e+02	1.94778744522567e+03	3.00000000000000e-02	0.00000000000000e+00	0.00000000000000e+00	3.30224760706348e+02	1.94246393320580e+00
72	165	103	134	3.72170000000000e+02	1.94778744522567e+03	3.00000000000000e-02	0.00000000000000e+00	0.00000000000000e+00	3.48504819983328e+02	2.18995594575218e+00
73	166	104	135	3.21810000000000e+02	1.94778744522567e+03	3.00000000000000e-02	0.00000000000000e+00	0.00000000000000e+00	3.58741716223205e+02	-3.62137889542552e+00
74	167	105	136	4.21770000000000e+02	1.94778744522567e+03	3.00000000000000e-02	0.00000000000000e+00	0.00000000000000e+00	3.64519546142768e+02	4.86266557382047e+00
75	168	106	137	3.14630000000000e+02	1.94778744522567e+03	3.00000000000000e-02	0.00000000000000e+00	0.00000000000000e+00	3.68116188086495e+02	-5.23337571896807e+00
76	169	107	138	3.45470000000000e+02	1.94778744522567e+03	3.00000000000000e-02	0.00000000000000e+00	0.00000000000000e+00	3.56641449948004e+02	-1.06083754834965e+00
77	170	108	139	3.76320000000000e+02	1.94778744522567e+03	3.00000000000000e-02	0.00000000000000e+00	0.00000000000000e+00	3.47374379813424e+02	2.66789141869722e+00
78	171	109	140	3.55460000000000e+02	1.94778744522567e+03	3.00000000000000e-02	0.00000000000000e+00	0.00000000000000e+00	3.26431767792980e+02	2.83972597269386e+00
79	172	110	141	3.29800000000000e+02	1.94778744522567e+03	3.00000000000000e-02	0.00000000000000e+00	0.00000000000000e+00	3.14885428068685e+02	1.54258526263507e+00
80	173	111	142	2.99100000000000e+02	1.94778744522567e+03	3.00000000000000e-02	0.00000000000000e+00	0.00000000000000e+00	3.07158828632566e+02	-8.86233509252765e-01
81	174	112	143	2.43590000000000e+02	1.94778744522567e+03	3.00000000000000e-02	0.00000000000000e+00	0.00000000000000e+00	2.99945664604917e+02	-6.93716187262462e+00
82	175	113	144	3.57640000000000e+02	1.94778744522567e+03	3.00000000000000e-02	0.00000000000000e+00	0.00000000000000e+00	3.03733002750714e+02	5.44592862668025e+00
83	176	114	145	2.64280000000000e+02	1.94778744522567e+03	3.00000000000000e-02	0.00000000000000e+00	0.00000000000000e+00	2.66967727764234e+02	-3.37287804544821e-01
1	97	33	65	2.18230000000000e+02	2.01061929829747e+03	3.00000000000000e-02	0.00000000000000e+00	0.00000000000000e+00	1.95501904891248e+02	3.66598098079039e+00
3	98	34	66	1.72180000000000e+02	2.01061929829747e+03	3.00000000000000e-02	0.00000000000000e+00	0.00000000000000e+00	1.94899570333138e+02	-4.13146535769770e+00
4	99	35	67	1.72640000000000e+02	2.01061929829747e+03	3.00000000000000e-02	0.00000000000000e+00	0.00000000000000e+00	1.90154395764158e+02	-3.22092833158451e+00
2	100	36	68	1.71950000000000e+02	2.01061929829747e+03	3.00000000000000e-02	0.00000000000000e+00	0.00000000000000e+00	1.87489467568772e+02	-2.88396446626272e+00
5	101	37	69	1.84650000000000e+02	2.01061929829747e+03	3.00000000000000e-02	0.00000000000000e+00	0.00000000000000e+00	1.86334793922421e+02	-3.02762724652113e-01
6	102	38	70	2.00940000000000e+02	2.01061929829747e+03	3.00000000000000e-02	0.00000000000000e+00	0.00000000000000e+00	1.85664888660724e+02	2.63543270514894e+00
7	103	39	71	2.16500000000000e+02	2.01061929829747e+03	3.00000000000000e-02	0.00000000000000e+00	0.00000000000000e+00	2.00624797093017e+02	2.53846883110486e+00
8	104	40	72	1.82310000000000e+02	2.01061929829747e+03	3.00000000000000e-02	0.00000000000000e+00	0.00000000000000e+00	2.10432053726057e+02	-4.78180936837832e+00
9	105	41	73	1.48130000000000e+02	2.01061929829747e+03	3.00000000000000e-02	0.00000000000000e+00	0.00000000000000e+00	2.25185131700068e+02	-1.39610868281917e+01
10	106	42	74	1.31090000000000e+02	2.01061929829747e+03	3.00000000000000e-02	0.00000000000000e+00	0.00000000000000e+00	2.37662081029450e+02	-1.98321908981362e+01
11	107	43	75	2.04240000000000e+02	2.01061929829747e+03	3.00000000000000e-02	0.00000000000000e+00	0.00000000000000e+00	2.46068028263534e+02	-6.21040874754290e+00
12	108	44	76	2.77390000000000e+02	2.01061929829747e+03	3.00000000000000e-02	0.00000000000000e+00	0.00000000000000e+00	2.48629739741288e+02	3.64865524652368e+00
13	109	45	77	2.99060000000000e+02	2.01061929829747e+03	3.00000000000000e-02	0.00000000000000e+00	0.00000000000000e+00	2.43034287761030e+02	6.91472289572816e+00
14	110	46	78	2.45370000000000e+02	2.01061929829747e+03	3.00000000000000e-02	0.00000000000000e+00	0.00000000000000e+00	2.33721801252602e+02	1.62119169586165e+00
15	111	47	79	2.48110000000000e+02	2.01061929829747e+03	3.00000000000000e-02	0.00000000000000e+00	0.00000000000000e+00	2.29019311538052e+02	2.66886221181345e+00
16	112	48	80	2.49210000000000e+02	2.01061929829747e+03	3.00000000000000e-02	0.00000000000000e+00	0.00000000000000e+00	2.22872269388126e+02	3.72323633915714e+00
17	113	49	81	2.47810000000000e+02	2.01061929829747e+03	3.00000000000000e-02	0.00000000000000e+00	0.00000000000000e+00	2.18668746202189e+02	4.17014377347173e+00
18	114	50	82	2.68710000000000e+02	2.01061929829747e+03	3.00000000000000e-02	0.00000000000000e+00	0.00000000000000e+00	2.15397596541662e+02	7.37157082039597e+00
19	115	51	83	2.96590000000000e+02	2.01061929829747e+03	3.00000000000000e-02	0.00000000000000e+00	0.00000000000000e+00	2.20094339883231e+02	9.94314805354604e+00
20	116	52	84	2.96590000000000e+02	2.01061929829747e+03	3.00000000000000e-02	0.00000000000000e+00	0.00000000000000e+00	2.29838592477141e+02	8.49911409887412e+00
21	117	53	85	2.18380000000000e+02	2.01061929829747e+03	3.00000000000000e-02	0.00000000000000e+00	0.00000000000000e+00	2.35884824810516e+02	-2.57023302833831e+00
22	118	54	86	2.33870000000000e+02	2.01061929829747e+03	3.00000000000000e-02	0.00000000000000e+00	0.00000000000000e+00	2.36855785733562e+02	-4.22868382866189e-01
23	119	55	87	2.51720000000000e+02	2.01061929829747e+03	3.00000000000000e-02	0.00000000000000e+00	0.00000000000000e+00	2.30932593121788e+02	2.87304984625960e+00
24	120	56	88	2.44910000000000e+02	2.01061929829747e+03	3.00000000000000e-02	0.00000000000000e+00	0.00000000000000e+00	2.18635986568989e+02	3.78275370033384e+00
25	121	57	89	2.23290000000000e+02	2.01061929829747e+03	3.00000000000000e-02	0.00000000000000e+00	0.00000000000000e+00	1.98854195942129e+02	3.86331675224071e+00
26	122	58	90	2.07250000000000e+02	2.01061929829747e+03	3.00000000000000e-02	0.00000000000000e+00	0.00000000000000e+00	1.85070338899096e+02	3.77299436444343e+00
27	123	59	91	2.03830000000000e+02	2.01061929829747e+03	3.00000000000000e-02	0.00000000000000e+00	0.00000000000000e+00	1.78422108331299e+02	4.43780583346672e+00
28	124	60	92	2.03040000000000e+02	2.01061929829747e+03	3.00000000000000e-02	0.00000000000000e+00	0.00000000000000e+00	1.74226934152267e+02	5.10147784136098e+00
29	125	61	93	1.94010000000000e+02	2.01061929829747e+03	3.00000000000000e-02	0.00000000000000e+00	0.00000000000000e+00	1.70360094971850e+02	4.33317671981180e+00
30	126	62	94	1.88680000000000e+02	2.01061929829747e+03	3.00000000000000e-02	0.00000000000000e+00	0.00000000000000e+00	1.66882972386637e+02	4.09198852670490e+00
31	127	63	95	1.88430000000000e+02	2.01061929829747e+03	3.00000000000000e-02	0.00000000000000e+00	0.00000000000000e+00	1.65648391850397e+02	4.29530548509174e+00
32	128	64	96	1.67930000000000e+02	2.01061929829747e+03	3.00000000000000e-02	0.00000000000000e+00	0.00000000000000e+00	1.62579924474203e+02	1.07925007113456e+00
33	129	65	97	1.25600000000000e+02	2.01061929829747e+03	3.00000000000000e-02	0.00000000000000e+00	0.00000000000000e+00	1.60596859337753e+02	-8.19316638275242e+00
34	130	66	98	1.39000000000000e+02	2.01061929829747e+03	3.00000000000000e-02	0.00000000000000e+00	0.00000000000000e+00	1.61995478384722e+02	-5.10314968355822e+00
35	131	67	99	1.92600000000000e+02	2.01061929829747e+03	3.00000000000000e-02	0.00000000000000e+00	0.00000000000000e+00	1.68619120201580e+02	4.43243515076303e+00
36	132	68	100	1.66490000000000e+02	2.01061929829747e+03	3.00000000000000e-02	0.00000000000000e+00	0.00000000000000e+00	1.79191428826763e+02	-2.45064738774585e+00
37	133	69	101	1.72730000000000e+02	2.01061929829747e+03	3.00000000000000e-02	0.00000000000000e+00	0.00000000000000e+00	1.89655684260127e+02	-3.11601861171254e+00
38	134	70	102	1.98420000000000e+02	2.01061929829747e+03	3.00000000000000e-02	0.00000000000000e+00	0.00000000000000e+00	1.95333395436853e+02	5.22605912559874e-01
39	135	71	103	1.97340000000000e+02	2.01061929829747e+03	3.00000000000000e-02	0.00000000000000e+00	0.00000000000000e+00	1.92761026241868e+02	7.82563791174725e-01
40	136	72	104	1.88210000000000e+02	2.01061929829747e+03	3.00000000000000e-02	0.00000000000000e+00	0.00000000000000e+00	1.85495990561925e+02	4.84169770333409e-01
41	137	73	105	1.90810000000000e+02	2.01061929829747e+03	3.00000000000000e-02	0.00000000000000e+00	0.00000000000000e+00	1.76863704637969e+02	2.52995876293305e+00
42	138	74	106	1.65580000000000e+02	2.01061929829747e+03	3.00000000000000e-02	0.00000000000000e+00	0.00000000000000e+00	1.66977235818299e+02	-2.80100964980997e-01
43	139	75	107	2.07420000000000e+02	2.01061929829747e+03	3.00000000000000e-02	0.00000000000000e+00	0.00000000000000e+00	1.60729178086945e+02	8.50082994064305e+00
44	140	76	108	1.58040000000000e+02	2.01061929829747e+03	3.00000000000000e-02	0.00000000000000e+00	0.00000000000000e+00	1.57867564982905e+02	3.63893436633234e-02
45	141	77	109	1.69960000000000e+02	2.01061929829747e+03	3.00000000000000e-02	0.00000000000000e+00	0.00000000000000e+00	1.59035056345241e+02	2.21461523899367e+00
46	142	78	110	1.69160000000000e+02	2.01061929829747e+03	3.00000000000000e-02	0.00000000000000e+00	0.00000000000000e+00	1.65416682320305e+02	7.45912487981126e-01
47	143	79	111	1.57300000000000e+02	2.01061929829747e+03	3.00000000000000e-02	0.00000000000000e+00	0.00000000000000e+00	1.69439084330428e+02	-2.47795558936475e+00
48	144	80	112	1.79160000000000e+02	2.01061929829747e+03	3.00000000000000e-02	0.00000000000000e+00	0.00000000000000e+00	1.75751901800667e+02	6.40196988348111e-01
49	145	81	113	1.81360000000000e+02	2.01061929829747e+03	3.00000000000000e-02	0.00000000000000e+00	0.00000000000000e+00	1.79376424224472e+02	3.66582659651253e-01
50	146	82	114	1.82770000000000e+02	2.01061929829747e+03	3.00000000000000e-02	0.00000000000000e+00	0.00000000000000e+00	1.82980097366692e+02	-3.82952533826438e-02
51	147	83	115	1.73810000000000e+02	2.01061929829747e+03	3.00000000000000e-02	0.00000000000000e+00	0.00000000000000e+00	1.85640825072070e+02	-2.19503367537544e+00
52	148	84	116	1.52810000000000e+02	2.01061929829747e+03	3.00000000000000e-02	0.00000000000000e+00	0.00000000000000e+00	1.85007349007569e+02	-6.37334096791357e+00
53	149	85	117	1.74100000000000e+02	2.01061929829747e+03	3.00000000000000e-02	0.00000000000000e+00	0.00000000000000e+00	1.83474374751946e+02	-1.74817212801838e+00
54	150	86	118	1.89680000000000e+02	2.01061929829747e+03	3.00000000000000e-02	0.00000000000000e+00	0.00000000000000e+00	1.88436100695718e+02	2.19316023008413e-01
55	151	87	119	1.93750000000000e+02	2.01061929829747e+03	3.00000000000000e-02	0.00000000000000e+00	0.00000000000000e+00	1.96651096047428e+02	-4.95413474122852e-01
56	152	88	120	2.01980000000000e+02	2.01061929829747e+03	3.00000000000000e-02	0.00000000000000e+00	0.00000000000000e+00	2.03919736208582e+02	-3.18592795537675e-01
57	153	89	121	2.17310000000000e+02	2.01061929829747e+03	3.00000000000000e-02	0.00000000000000e+00	0.00000000000000e+00	2.18200902776450e+02	-1.36376841312676e-01
58	154	90	122	2.28910000000000e+02	2.01061929829747e+03	3.00000000000000e-02	0.00000000000000e+00	0.00000000000000e+00	2.25702510997314e+02	4.70370135550890e-01
59	155	91	123	2.37540000000000e+02	2.01061929829747e+03	3.00000000000000e-02	0.00000000000000e+00	0.00000000000000e+00	2.33974914139914e+02	5.04070842182980e-01
60	156	92	124	1.99970000000000e+02	2.01061929829747e+03	3.00000000000000e-02	0.00000000000000e+00	0.00000000000000e+00	2.47930159210865e+02	-7.16599117071978e+00
61	157	93	125	2.38760000000000e+02	2.01061929829747e+03	3.00000000000000e-02	0.00000000000000e+00	0.00000000000000e+00	2.62319187685785e+02	-3.13677241924625e+00
62	158	94	126	2.59270000000000e+02	2.01061929829747e+03	3.00000000000000e-02	0.00000000000000e+00	0.00000000000000e+00	2.74635349604015e+02	-1.91914088541241e+00
63	159	95	127	2.83860000000000e+02	2.01061929829747e+03	3.00000000000000e-02	0.00000000000000e+00	0.00000000000000e+00	2.87245169221456e+02	-3.95164679486430e-01
64	160	96	128	3.01980000000000e+02	2.01061929829747e+03	3.00000000000000e-02	0.00000000000000e+00	0.00000000000000e+00	2.96290503850962e+02	6.34012835092553e-01
65	161	97	129	3.06370000000000e+02	2.01061929829747e+03	3.00000000000000e-02	0.00000000000000e+00	0.00000000000000e+00	3.06453372669025e+02	-9.06978783309735e-03
66	162	98	130	3.21420000000000e+02	2.01061929829747e+03	3.00000000000000e-02	0.00000000000000e+00	0.00000000000000e+00	3.13524743933226e+02	8.29013138197669e-01
67	163	99	131	3.22970000000000e+02	2.01061929829747e+03	3.00000000000000e-02	0.00000000000000e+00	0.00000000000000e+00	3.15229486279807e+02	8.08617940057310e-01
68	164	100	132	3.53440000000000e+02	2.01061929829747e+03	3.00000000000000e-02	0.00000000000000e+00	0.00000000000000e+00	3.16931067202414e+02	3.63431476870459e+00
69	165	101	133	3.49200000000000e+02	2.01061929829747e+03	3.00000000000000e-02	0.00000000000000e+00	0.00000000000000e+00	3.25044471702053e+02	2.38942716635281e+00
70	166	102	134	3.27230000000000e+02	2.01061929829747e+03	3.00000000000000e-02	0.00000000000000e+00	0.00000000000000e+00	3.31177111321380e+02	-3.99667474222998e-01
71	167	103	135	3.50510000000000e+02	2.01061929829747e+03	3.00000000000000e-02	0.00000000000000e+00	0.00000000000000e+00	3.41318416208833e+02	8.85780775831583e-01
72	168	104	136	2.69960000000000e+02	2.01061929829747e+03	3.00000000000000e-02	0.00000000000000e+00	0.00000000000000e+00	3.50088464684087e+02	-8.66373596370084e+00
73	169	105	137	3.11150000000000e+02	2.01061929829747e+03	3.00000000000000e-02	0.00000000000000e+00	0.00000000000000e+00	3.51127613815694e+02	-4.02915394995977e+00
74	170	106	138	3.52340000000000e+02	2.01061929829747e+03	3.00000000000000e-02	0.00000000000000e+00	0.00000000000000e+00	3.52639510880904e+02	-2.83233667836669e-02
75	171	107	139	4.21050000000000e+02	2.01061929829747e+03	3.00000000000000e-02	0.00000000000000e+00	0.00000000000000e+00	3.46553694079372e+02	6.49046078610909e+00
76	172	108	140	3.85830000000000e+02	2.01061929829747e+03	3.00000000000000e-02	0.00000000000000e+00	0.00000000000000e+00	3.40461460469891e+02	4.16983079576362e+00
77	173	109	141	3.24210000000000e+02	2.01061929829747e+03	3.00000000000000e-02	0.00000000000000e+00	0.00000000000000e+00	3.29210221006874e+02	-5.10168745125720e-01
78	174	110	142	2.50180000000000e+02	2.01061929829747e+03	3.00000000000000e-02	0.00000000000000e+00	0.00000000000000e+00	3.12298086196284e+02	-7.39258257965967e+00
79	175	111	143	3.47580000000000e+02	2.01061929829747e+03	3.00000000000000e-02	0.00000000000000e+00	0.00000000000000e+00	3.11546282244088e+02	3.64823161710287e+00
80	176	112	144	2.57180000000000e+02	2.01061929829747e+03	3.00000000000000e-02	0.00000000000000e+00	0.00000000000000e+00	2.61677983251996e+02	-5.77948247787763e-01
1	100	34	67	2.26650000000000e+02	2.07345115136926e+03	3.00000000000000e-02	0.00000000000000e+00	0.00000000000000e+00	1.92494339697364e+02	5.44467427536229e+00
3	101	35	68	1.96120000000000e+02	2.07345115136926e+03	3.00000000000000e-02	0.00000000000000e+00	0.00000000000000e+00	1.86248482676428e+02	1.72150020867636e+00
4	102	36	69	1.62800000000000e+02	2.07345115136926e+03	3.00000000000000e-02	0.00000000000000e+00	0.00000000000000e+00	1.81195605761070e+02	-3.56848963265535e+00
2	103	37	70	1.69460000000000e+02	2.07345115136926e+03	3.00000000000000e-02	0.00000000000000e+00	0.00000000000000e+00	1.80731908008469e+02	-2.14659504177043e+00
5	104	38	71	1.97690000000000e+02	2.07345115136926e+03	3.00000000000000e-02	0.00000000000000e+00	0.00000000000000e+00	1.87050550349400e+02	1.84404147199325e+00
6	105	39	72	2.13080000000000e+02	2.07345115136926e+03	3.00000000000000e-02	0.00000000000000e+00	0.00000000000000e+00	1.93219670031323e+02	3.26133178988381e+00
7	106	40	73	1.84590000000000e+02	2.07345115136926e+03	3.00000000000000e-02	0.00000000000000e+00	0.00000000000000e+00	2.12875776398375e+02	-4.75238789196212e+00
8	107	41	74	2.31410000000000e+02	2.07345115136926e+03	3.00000000000000e-02	0.00000000000000e+00	0.00000000000000e+00	2.20494751842012e+02	1.61057118679816e+00
9	108	42	75	2.78230000000000e+02	2.07345115136926e+03	3.00000000000000e-02	0.00000000000000e+00	0.00000000000000e+00	2.31217579240618e+02	6.16963136930373e+00
10	109	43	76	2.34030000000000e+02	2.07345115136926e+03	3.00000000000000e-02	0.00000000000000e+00	0.00000000000000e+00	2.32141158106061e+02	2.70122850477605e-01
11	110	44	77	2.45850000000000e+02	2.07345115136926e+03	3.00000000000000e-02	0.00000000000000e+00	0.00000000000000e+00	2.33256150446887e+02	1.75281286675795e+00
12	111	45	78	2.71320000000000e+02	2.07345115136926e+03	3.00000000000000e-02	0.00000000000000e+00	0.00000000000000e+00	2.30697306016097e+02	5.40641494666098e+00
13	112	46	79	2.96790000000000e+02	2.07345115136926e+03	3.00000000000000e-02	0.00000000000000e+00	0.00000000000000e+00	2.23251631935950e+02	9.49084294566266e+00
14	113	47	80	2.10630000000000e+02	2.07345115136926e+03	3.00000000000000e-02	0.00000000000000e+00	0.00000000000000e+00	2.18510207166565e+02	-1.22432294894672e+00
15	114	48	81	2.19430000000000e+02	2.07345115136926e+03	3.00000000000000e-02	0.00000000000000e+00	0.00000000000000e+00	2.15305115241703e+02	6.32570409648340e-01
16	115	49	82	2.27500000000000e+02	2.07345115136926e+03	3.00000000000000e-02	0.00000000000000e+00	0.00000000000000e+00	2.12593204478812e+02	2.25899122918080e+00
17	116	50	83	2.43130000000000e+02	2.07345115136926e+03	3.00000000000000e-02	0.00000000000000e+00	0.00000000000000e+00	2.14410189401511e+02	4.19017754843220e+00
18	117	51	84	2.67820000000000e+02	2.07345115136926e+03	3.00000000000000e-02	0.00000000000000e+00	0.00000000000000e+00	2.21385550572123e+02	6.34697862748489e+00
19	118	52	85	3.66300000000000e+02	2.07345115136926e+03	3.00000000000000e-02	0.00000000000000e+00	0.00000000000000e+00	2.26190118190428e+02	1.60692264405937e+01
20	119	53	86	2.92190000000000e+02	2.07345115136926e+03	3.00000000000000e-02	0.00000000000000e+00	0.00000000000000e+00	2.32949844084744e+02	7.55270355471236e+00
21	120	54	87	2.18070000000000e+02	2.07345115136926e+03	3.00000000000000e-02	0.00000000000000e+00	0.00000000000000e+00	2.33723084293544e+02	-2.31069673222916e+00
22	121	55	88	2.46920000000000e+02	2.07345115136926e+03	3.00000000000000e-02	0.00000000000000e+00	0.00000000000000e+00	2.27940328421753e+02	2.66601734245645e+00
23	122	56	89	2.23440000000000e+02	2.07345115136926e+03	3.00000000000000e-02	0.00000000000000e+00	0.00000000000000e+00	2.13380989241000e+02	1.53545572771003e+00
24	123	57	90	2.22290000000000e+02	2.07345115136926e+03	3.00000000000000e-02	0.00000000000000e+00	0.00000000000000e+00	1.98512870636154e+02	3.77096327335709e+00
25	124	58	91	2.03500000000000e+02	2.07345115136926e+03	3.00000000000000e-02	0.00000000000000e+00	0.00000000000000e+00	1.81381358601931e+02	3.83547455096297e+00
26	125	59	92	1.96950000000000e+02	2.07345115136926e+03	3.00000000000000e-02	0.00000000000000e+00	0.00000000000000e+00	1.72405615908475e+02	4.43666522809091e+00
27	126	60	93	2.02490000000000e+02	2.07345115136926e+03	3.00000000000000e-02	0.00000000000000e+00	0.00000000000000e+00	1.67816183090368e+02	6.26070901655809e+00
28	127	61	94	1.78430000000000e+02	2.07345115136926e+03	3.00000000000000e-02	0.00000000000000e+00	0.00000000000000e+00	1.60520764760648e+02	3.52576859285986e+00
29	128	62	95	1.80370000000000e+02	2.07345115136926e+03	3.00000000000000e-02	0.00000000000000e+00	0.00000000000000e+00	1.54517276524413e+02	5.15681281438175e+00
30	129	63	96	1.37330000000000e+02	2.07345115136926e+03	3.00000000000000e-02	0.00000000000000e+00	0.00000000000000e+00	1.54355758589031e+02	-3.89577567843074e+00
31	130	64	97	1.38770000000000e+02	2.07345115136926e+03	3.00000000000000e-02	0.00000000000000e+00	0.00000000000000e+00	1.57698908709626e+02	-4.26232291739037e+00
32	131	65	98	1.71280000000000e+02	2.07345115136926e+03	3.00000000000000e-02	0.00000000000000e+00	0.00000000000000e+00	1.56864584778907e+02	2.93055761490063e+00
33	132	66	99	2.03790000000000e+02	2.07345115136926e+03	3.00000000000000e-02	0.00000000000000e+00	0.00000000000000e+00	1.58530018997935e+02	8.37153607260290e+00
34	133	67	100	1.58190000000000e+02	2.07345115136926e+03	3.00000000000000e-02	0.00000000000000e+00	0.00000000000000e+00	1.64571802106642e+02	-1.31833732442258e+00
35	134	68	101	1.84850000000000e+02	2.07345115136926e+03	3.00000000000000e-02	0.00000000000000e+00	0.00000000000000e+00	1.70649236365397e+02	2.66448282994795e+00
36	135	69	102	2.11520000000000e+02	2.07345115136926e+03	3.00000000000000e-02	0.00000000000000e+00	0.00000000000000e+00	1.79646191380244e+02	5.44434145166054e+00
37	136	70	103	2.05350000000000e+02	2.07345115136926e+03	3.00000000000000e-02	0.00000000000000e+00	0.00000000000000e+00	1.88424977989446e+02	2.86719691621267e+00
38	137	71	104	2.05350000000000e+02	2.07345115136926e+03	3.00000000000000e-02	0.00000000000000e+00	0.00000000000000e+00	1.93556856910086e+02	1.97148456442934e+00
39	138	72	105	2.01440000000000e+02	2.07345115136926e+03	3.00000000000000e-02	0.00000000000000e+00	0.00000000000000e+00	1.92909984315549e+02	1.44226309002470e+00
40	139	73	106	1.95710000000000e+02	2.07345115136926e+03	3.00000000000000e-02	0.00000000000000e+00	0.00000000000000e+00	1.83777956259083e+02	2.09685674299719e+00
41	140	74	107	1.84440000000000e+02	2.07345115136926e+03	3.00000000000000e-02	0.00000000000000e+00	0.00000000000000e+00	1.75892641354582e+02	1.58167969082867e+00
42	141	75	108	1.93450000000000e+02	2.07345115136926e+03	3.00000000000000e-02	0.00000000000000e+00	0.00000000000000e+00	1.70279651101292e+02	4.25256630530789e+00
43	142	76	109	1.86270000000000e+02	2.07345115136926e+03	3.00000000000000e-02	0.00000000000000e+00	0.00000000000000e+00	1.69147928024595e+02	3.21411960768397e+00
44	143	77	110	1.73150000000000e+02	2.07345115136926e+03	3.00000000000000e-02	0.00000000000000e+00	0.00000000000000e+00	1.67518526254720e+02	1.10214403979156e+00
45	144	78	111	1.87370000000000e+02	2.07345115136926e+03	3.00000000000000e-02	0.00000000000000e+00	0.00000000000000e+00	1.70358257335347e+02	3.17272186380713e+00
46	145	79	112	1.62460000000000e+02	2.07345115136926e+03	3.00000000000000e-02	0.00000000000000e+00	0.00000000000000e+00	1.75298423987096e+02	-2.53526612960047e+00
47	146	80	113	1.78110000000000e+02	2.07345115136926e+03	3.00000000000000e-02	0.00000000000000e+00	0.00000000000000e+00	1.78817528290321e+02	-1.32151797581148e-01
48	147	81	114	1.78870000000000e+02	2.07345115136926e+03	3.00000000000000e-02	0.00000000000000e+00	0.00000000000000e+00	1.82597351525923e+02	-6.87472627044479e-01
49	148	82	115	1.88600000000000e+02	2.07345115136926e+03	3.00000000000000e-02	0.00000000000000e+00	0.00000000000000e+00	1.87618302363025e+02	1.73959260515370e-01
50	149	83	116	1.91340000000000e+02	2.07345115136926e+03	3.00000000000000e-02	0.00000000000000e+00	0.00000000000000e+00	1.89410183703638e+02	3.37900090295988e-01
51	150	84	117	1.74970000000000e+02	2.07345115136926e+03	3.00000000000000e-02	0.00000000000000e+00	0.00000000000000e+00	1.89049210718848e+02	-2.57976082284805e+00
52	151	85	118	1.89630000000000e+02	2.07345115136926e+03	3.00000000000000e-02	0.00000000000000e+00	0.00000000000000e+00	1.93220583979822e+02	-6.25255109649666e-01
53	152	86	119	1.94490000000000e+02	2.07345115136926e+03	3.00000000000000e-02	0.00000000000000e+00	0.00000000000000e+00	1.92419634148199e+02	3.56738874756513e-01
54	153	87	120	2.02040000000000e+02	2.07345115136926e+03	3.00000000000000e-02	0.00000000000000e+00	0.00000000000000e+00	1.96496185647284e+02	9.27422598104855e-01
55	154	88	121	2.03090000000000e+02	2.07345115136926e+03	3.00000000000000e-02	0.00000000000000e+00	0.00000000000000e+00	2.02949605794309e+02	2.30509880123482e-02
56	155	89	122	1.59360000000000e+02	2.07345115136926e+03	3.00000000000000e-02	0.00000000000000e+00	0.00000000000000e+00	2.13345511856867e+02	-9.72490596829975e+00
57	156	90	123	1.54340000000000e+02	2.07345115136926e+03	3.00000000000000e-02	0.00000000000000e+00	0.00000000000000e+00	2.25801339442623e+02	-1.26832540885109e+01
58	157	91	124	1.88300000000000e+02	2.07345115136926e+03	3.00000000000000e-02	0.00000000000000e+00	0.00000000000000e+00	2.43051909964955e+02	-8.50795353728768e+00
59	158	92	125	2.15800000000000e+02	2.07345115136926e+03	3.00000000000000e-02	0.00000000000000e+00	0.00000000000000e+00	2.55342571369798e+02	-5.60846692978082e+00
60	159	93	126	2.54260000000000e+02	2.07345115136926e+03	3.00000000000000e-02	0.00000000000000e+00	0.00000000000000e+00	2.63856068407138e+02	-1.23487978412549e+00
61	160	94	127	2.71540000000000e+02	2.07345115136926e+03	3.00000000000000e-02	0.00000000000000e+00	0.00000000000000e+00	2.78382348883286e+02	-8.29535542614875e-01
62	161	95	128	2.85840000000000e+02	2.07345115136926e+03	3.00000000000000e-02	0.00000000000000e+00	0.00000000000000e+00	2.92743035576508e+02	-7.95433293929756e-01
63	162	96	129	2.97470000000000e+02	2.07345115136926e+03	3.00000000000000e-02	0.00000000000000e+00	0.00000000000000e+00	2.99220768955111e+02	-1.95609302777170e-01
64	163	97	130	3.10020000000000e+02	2.07345115136926e+03	3.00000000000000e-02	0.00000000000000e+00	0.00000000000000e+00	3.06450603148167e+02	3.86007780642779e-01
65	164	98	131	3.20950000000000e+02	2.07345115136926e+03	3.00000000000000e-02	0.00000000000000e+00	0.00000000000000e+00	3.14370549776842e+02	6.90432092780213e-01
66	165	99	132	3.53570000000000e+02	2.07345115136926e+03	3.00000000000000e-02	0.00000000000000e+00	0.00000000000000e+00	3.20242054052551e+02	3.30014522559609e+00
67	166	100	133	3.28240000000000e+02	2.07345115136926e+03	3.00000000000000e-02	0.00000000000000e+00	0.00000000000000e+00	3.24646922549650e+02	3.66894950360930e-01
68	167	101	134	4.21080000000000e+02	2.07345115136926e+03	3.00000000000000e-02	0.00000000000000e+00	0.00000000000000e+00	3.27463274328791e+02	8.38156433499962e+00
69	168	102	135	3.56730000000000e+02	2.07345115136926e+03	3.00000000000000e-02	0.00000000000000e+00	0.00000000000000e+00	3.30818887449900e+02	2.51360451055180e+00
70	169	103	136	3.29920000000000e+02	2.07345115136926e+03	3.00000000000000e-02	0.00000000000000e+00	0.00000000000000e+00	3.36213922705539e+02	-6.29914375403680e-01
71	170	104	137	3.49590000000000e+02	2.07345115136926e+03	3.00000000000000e-02	0.00000000000000e+00	0.00000000000000e+00	3.41708376470602e+02	7.60112210826650e-01
72	171	105	138	2.71250000000000e+02	2.07345115136926e+03	3.00000000000000e-02	0.00000000000000e+00	0.00000000000000e+00	3.35311950364425e+02	-7.06734629316251e+00
73	172	106	139	3.67350000000000e+02	2.07345115136926e+03	3.00000000000000e-02	0.00000000000000e+00	0.00000000000000e+00	3.39516566500190e+02	2.62641098325194e+00
74	173	107	140	3.43040000000000e+02	2.07345115136926e+03	3.00000000000000e-02	0.00000000000000e+00	0.00000000000000e+00	3.38980171733199e+02	3.96848107836897e-01
75	174	108	141	3.27250000000000e+02	2.07345115136926e+03	3.00000000000000e-02	0.00000000000000e+00	0.00000000000000e+00	3.32768002830953e+02	-5.57371806503356e-01
76	175	109	142	4.03700000000000e+02	2.07345115136926e+03	3.00000000000000e-02	0.00000000000000e+00	0.00000000000000e+00	3.25004735588984e+02	7.22774248640962e+00
77	176	110	143	2.73750000000000e+02	2.07345115136926e+03	3.00000000000000e-02	0.00000000000000e+00	0.00000000000000e+00	2.76846198259563e+02	-3.74894330436337e-01
1	103	35	69	2.17900000000000e+02	2.13628300444106e+03	3.00000000000000e-02	0.00000000000000e+00	0.00000000000000e+00	1.87567030393370e+02	4.99666549983567e+00
3	104	36	70	1.62040000000000e+02	2.13628300444106e+03	3.00000000000000e-02	0.00000000000000e+00	0.00000000000000e+00	1.80575363831382e+02	-3.61016668165067e+00
4	105	37	71	1.50510000000000e+02	2.13628300444106e+03	3.00000000000000e-02	0.00000000000000e+00	0.00000000000000e+00	1.74851865660926e+02	-4.99698687845130e+00
2	106	38	72	2.06710000000000e+02	2.13628300444106e+03	3.00000000000000e-02	0.00000000000000e+00	0.00000000000000e+00	1.80456618595995e+02	4.52754787043104e+00
5	107	39	73	2.43480000000000e+02	2.13628300444106e+03	3.00000000000000e-02	0.00000000000000e+00	0.00000000000000e+00	1.91548702217903e+02	7.99642358876857e+00
6	108	40	74	2.00930000000000e+02	2.13628300444106e+03	3.00000000000000e-02	0.00000000000000e+00	0.00000000000000e+00	1.98278837569900e+02	4.42742604328809e-01
7	109	41	75	2.19570000000000e+02	2.13628300444106e+03	3.00000000000000e-02	0.00000000000000e+00	0.00000000000000e+00	2.11448592343527e+02	1.25630605149549e+00
8	110	42	76	2.38210000000000e+02	2.13628300444106e+03	3.00000000000000e-02	0.00000000000000e+00	0.00000000000000e+00	2.14102608247014e+02	3.55657532230792e+00
9	111	43	77	2.75180000000000e+02	2.13628300444106e+03	3.00000000000000e-02	0.00000000000000e+00	0.00000000000000e+00	2.23288398704144e+02	6.96537417861200e+00
10	112	44	78	2.42350000000000e+02	2.13628300444106e+03	3.00000000000000e-02	0.00000000000000e+00	0.00000000000000e+00	2.20248512586233e+02	3.18754835984549e+00
11	113	45	79	1.88700000000000e+02	2.13628300444106e+03	3.00000000000000e-02	0.00000000000000e+00	0.00000000000000e+00	2.16898403958266e+02	-4.64235356697472e+00
12	114	46	80	2.07820000000000e+02	2.13628300444106e+03	3.00000000000000e-02	0.00000000000000e+00	0.00000000000000e+00	2.13973148067327e+02	-9.72607013454526e-01
13	115	47	81	2.26940000000000e+02	2.13628300444106e+03	3.00000000000000e-02	0.00000000000000e+00	0.00000000000000e+00	2.10865172972632e+02	2.44889089264489e+00
14	116	48	82	2.00060000000000e+02	2.13628300444106e+03	3.00000000000000e-02	0.00000000000000e+00	0.00000000000000e+00	2.08575234422394e+02	-1.38941637180701e+00
15	117	49	83	2.38410000000000e+02	2.13628300444106e+03	3.00000000000000e-02	0.00000000000000e+00	0.00000000000000e+00	2.11032204388913e+02	4.06603771183015e+00
16	118	50	84	2.59420000000000e+02	2.13628300444106e+03	3.00000000000000e-02	0.00000000000000e+00	0.00000000000000e+00	2.16414424903462e+02	6.04177222143368e+00
17	119	51	85	2.56680000000000e+02	2.13628300444106e+03	3.00000000000000e-02	0.00000000000000e+00	0.00000000000000e+00	2.18854430610447e+02	5.31411214953312e+00
18	120	52	86	3.08120000000000e+02	2.13628300444106e+03	3.00000000000000e-02	0.00000000000000e+00	0.00000000000000e+00	2.21735456661692e+02	1.09668094278346e+01
19	121	53	87	3.42890000000000e+02	2.13628300444106e+03	3.00000000000000e-02	0.00000000000000e+00	0.00000000000000e+00	2.25661210088796e+02	1.39458297294606e+01
20	122	54	88	3.42890000000000e+02	2.13628300444106e+03	3.00000000000000e-02	0.00000000000000e+00	0.00000000000000e+00	2.30822245405692e+02	1.31920594042071e+01
21	123	55	89	2.41640000000000e+02	2.13628300444106e+03	3.00000000000000e-02	0.00000000000000e+00	0.00000000000000e+00	2.28290888219068e+02	1.89427913225607e+00
22	124	56	90	2.31950000000000e+02	2.13628300444106e+03	3.00000000000000e-02	0.00000000000000e+00	0.00000000000000e+00	2.14943016004004e+02	2.53829600139091e+00
23	125	57	91	2.06630000000000e+02	2.13628300444106e+03	3.00000000000000e-02	0.00000000000000e+00	0.00000000000000e+00	1.95449198204696e+02	1.85430881162988e+00
24	126	58	92	2.09580000000000e+02	2.13628300444106e+03	3.00000000000000e-02	0.00000000000000e+00	0.00000000000000e+00	1.77054991685173e+02	5.62150520798251e+00
25	127	59	93	1.60000000000000e+02	2.13628300444106e+03	3.00000000000000e-02	0.00000000000000e+00	0.00000000000000e+00	1.66740123000667e+02	-1.37542118092648e+00
26	128	60	94	1.97240000000000e+02	2.13628300444106e+03	3.00000000000000e-02	0.00000000000000e+00	0.00000000000000e+00	1.63040552328798e+02	6.34741013994497e+00
27	129	61	95	1.60790000000000e+02	2.13628300444106e+03	3.00000000000000e-02	0.00000000000000e+00	0.00000000000000e+00	1.55081226586383e+02	1.20500478688660e+00
28	130	62	96	1.73280000000000e+02	2.13628300444106e+03	3.00000000000000e-02	0.00000000000000e+00	0.00000000000000e+00	1.49266222005192e+02	4.97257822447577e+00
29	131	63	97	1.34710000000000e+02	2.13628300444106e+03	3.00000000000000e-02	0.00000000000000e+00	0.00000000000000e+00	1.48198334022940e+02	-3.18090505592205e+00
30	132	64	98	1.22930000000000e+02	2.13628300444106e+03	3.00000000000000e-02	0.00000000000000e+00	0.00000000000000e+00	1.49579277410661e+02	-6.54038160947123e+00
31	133	65	99	1.27730000000000e+02	2.13628300444106e+03	3.00000000000000e-02	0.00000000000000e+00	0.00000000000000e+00	1.54297389486342e+02	-6.29877265806342e+00
32	134	66	100	1.61690000000000e+02	2.13628300444106e+03	3.00000000000000e-02	0.00000000000000e+00	0.00000000000000e+00	1.55091774776464e+02	1.38879615732431e+00
33	135	67	101	1.95660000000000e+02	2.13628300444106e+03	3.00000000000000e-02	0.00000000000000e+00	0.00000000000000e+00	1.60565363088393e+02	6.58924509016557e+00
34	136	68	102	1.46280000000000e+02	2.13628300444106e+03	3.00000000000000e-02	0.00000000000000e+00	0.00000000000000e+00	1.66571058777153e+02	-4.32998015124122e+00
35	137	69	103	1.70390000000000e+02	2.13628300444106e+03	3.00000000000000e-02	0.00000000000000e+00	0.00000000000000e+00	1.71486760088340e+02	-2.13871191588222e-01
36	138	70	104	1.94500000000000e+02	2.13628300444106e+03	3.00000000000000e-02	0.00000000000000e+00	0.00000000000000e+00	1.82933413419474e+02	2.04366458421209e+00
37	139	71	105	1.94500000000000e+02	2.13628300444106e+03	3.00000000000000e-02	0.00000000000000e+00	0.00000000000000e+00	1.94410634688712e+02	1.53189113196876e-02
38	140	72	106	1.98250000000000e+02	2.13628300444106e+03	3.00000000000000e-02	0.00000000000000e+00	0.00000000000000e+00	1.95948843970701e+02	3.89174516679791e-01
39	141	73	107	1.89120000000000e+02	2.13628300444106e+03	3.00000000000000e-02	0.00000000000000e+00	0.00000000000000e+00	1.91852110513748e+02	-4.78102775608047e-01
40	142	74	108	1.81100000000000e+02	2.13628300444106e+03	3.00000000000000e-02	0.00000000000000e+00	0.00000000000000e+00	1.86295348920376e+02	-9.42798228969869e-01
41	143	75	109	2.24280000000000e+02	2.13628300444106e+03	3.00000000000000e-02	0.00000000000000e+00	0.00000000000000e+00	1.82010065380094e+02	6.96110938072234e+00
42	144	76	110	1.92460000000000e+02	2.13628300444106e+03	3.00000000000000e-02	0.00000000000000e+00	0.00000000000000e+00	1.77577987627486e+02	2.68261535302505e+00
43	145	77	111	1.83720000000000e+02	2.13628300444106e+03	3.00000000000000e-02	0.00000000000000e+00	0.00000000000000e+00	1.71390988719283e+02	2.31551430808716e+00
44	146	78	112	1.78800000000000e+02	2.13628300444106e+03	3.00000000000000e-02	0.00000000000000e+00	0.00000000000000e+00	1.74578619404472e+02	7.96422718673876e-01
45	147	79	113	1.61340000000000e+02	2.13628300444106e+03	3.00000000000000e-02	0.00000000000000e+00	0.00000000000000e+00	1.79253866826418e+02	-3.50963706638675e+00
46	148	80	114	1.78420000000000e+02	2.13628300444106e+03	3.00000000000000e-02	0.00000000000000e+00	0.00000000000000e+00	1.83993745767406e+02	-1.02538150503773e+00
47	149	81	115	1.87270000000000e+02	2.13628300444106e+03	3.00000000000000e-02	0.00000000000000e+00	0.00000000000000e+00	1.86888617586386e+02	6.79538084957502e-02
48	150	82	116	1.91130000000000e+02	2.13628300444106e+03	3.00000000000000e-02	0.00000000000000e+00	0.00000000000000e+00	1.91685420299359e+02	-9.67255862117729e-02
49	151	83	117	1.97080000000000e+02	2.13628300444106e+03	3.00000000000000e-02	0.00000000000000e+00	0.00000000000000e+00	1.94106098522782e+02	5.06827616851583e-01
50	152	84	118	1.99710000000000e+02	2.13628300444106e+03	3.00000000000000e-02	0.00000000000000e+00	0.00000000000000e+00	1.94184839910936e+02	9.35194192699829e-01
51	153	85	119	2.02380000000000e+02	2.13628300444106e+03	3.00000000000000e-02	0.00000000000000e+00	0.00000000000000e+00	1.98145729621048e+02	7.04811671372152e-01
52	154	86	120	1.98610000000000e+02	2.13628300444106e+03	3.00000000000000e-02	0.00000000000000e+00	0.00000000000000e+00	2.00234189670742e+02	-2.71484235524166e-01
53	155	87	121	2.10730000000000e+02	2.13628300444106e+03	3.00000000000000e-02	0.00000000000000e+00	0.00000000000000e+00	2.05332989088813e+02	8.64823162021248e-01
54	156	88	122	1.62790000000000e+02	2.13628300444106e+03	3.00000000000000e-02	0.00000000000000e+00	0.00000000000000e+00	2.07556062100288e+02	-8.09801517850618e+00
55	157	89	123	1.14820000000000e+02	2.13628300444106e+03	3.00000000000000e-02	0.00000000000000e+00	0.00000000000000e+00	2.14063761503714e+02	-2.07636078951908e+01
56	158	90	124	1.63780000000000e+02	2.13628300444106e+03	3.00000000000000e-02	0.00000000000000e+00	0.00000000000000e+00	2.29348325619130e+02	-1.12239285541893e+01
57	159	91	125	2.12750000000000e+02	2.13628300444106e+03	3.00000000000000e-02	0.00000000000000e+00	0.00000000000000e+00	2.44345316140272e+02	-4.61548958095162e+00
58	160	92	126	2.31410000000000e+02	2.13628300444106e+03	3.00000000000000e-02	0.00000000000000e+00	0.00000000000000e+00	2.58846862676159e+02	-3.73485313326573e+00
59	161	93	127	2.74680000000000e+02	2.13628300444106e+03	3.00000000000000e-02	0.00000000000000e+00	0.00000000000000e+00	2.71956161365055e+02	3.32196729933217e-01
60	162	94	128	2.65760000000000e+02	2.13628300444106e+03	3.00000000000000e-02	0.00000000000000e+00	0.00000000000000e+00	2.77883481689063e+02	-1.48694164503276e+00
61	163	95	129	3.02670000000000e+02	2.13628300444106e+03	3.00000000000000e-02	0.00000000000000e+00	0.00000000000000e+00	2.89272019265807e+02	1.50918715110790e+00
62	164	96	130	2.95810000000000e+02	2.13628300444106e+03	3.00000000000000e-02	0.00000000000000e+00	0.00000000000000e+00	2.99495340060498e+02	-4.12716734654891e-01
63	165	97	131	3.09700000000000e+02	2.13628300444106e+03	3.00000000000000e-02	0.00000000000000e+00	0.00000000000000e+00	3.08059791610553e+02	1.77006474680338e-01
64	166	98	132	3.04340000000000e+02	2.13628300444106e+03	3.00000000000000e-02	0.00000000000000e+00	0.00000000000000e+00	3.12408253501314e+02	-8.72177992768878e-01
65	167	99	133	3.33490000000000e+02	2.13628300444106e+03	3.00000000000000e-02	0.00000000000000e+00	0.00000000000000e+00	3.20639243096603e+02	1.30987473489584e+00
66	168	100	134	3.47570000000000e+02	2.13628300444106e+03	3.00000000000000e-02	0.00000000000000e+00	0.00000000000000e+00	3.26053261791327e+02	2.13017786059986e+00
67	169	101	135	2.79370000000000e+02	2.13628300444106e+03	3.00000000000000e-02	0.00000000000000e+00	0.00000000000000e+00	3.26383001529733e+02	-5.18448249904013e+00
68	170	102	136	4.11890000000000e+02	2.13628300444106e+03	3.00000000000000e-02	0.00000000000000e+00	0.00000000000000e+00	3.33777262389552e+02	7.00941439897559e+00
69	171	103	137	3.52400000000000e+02	2.13628300444106e+03	3.00000000000000e-02	0.00000000000000e+00	0.00000000000000e+00	3.34630694105949e+02	1.72464586623023e+00
70	172	104	138	2.43170000000000e+02	2.13628300444106e+03	3.00000000000000e-02	0.00000000000000e+00	0.00000000000000e+00	3.30969483061757e+02	-1.02755129239574e+01
71	173	105	139	2.36000000000000e+02	2.13628300444106e+03	3.00000000000000e-02	0.00000000000000e+00	0.00000000000000e+00	3.28004336480764e+02	-1.09731674749692e+01
72	174	106	140	3.18820000000000e+02	2.13628300444106e+03	3.00000000000000e-02	0.00000000000000e+00	0.00000000000000e+00	3.28245663728183e+02	-9.71187420601627e-01
73	175	107	141	4.01650000000000e+02	2.13628300444106e+03	3.00000000000000e-02	0.00000000000000e+00	0.00000000000000e+00	3.31784992059106e+02	6.36979725919475e+00
74	176	108	142	3.02800000000000e+02	2.13628300444106e+03	3.00000000000000e-02	0.00000000000000e+00	0.00000000000000e+00	2.85673794167099e+02	1.94073138449884e+00
1	106	36	71	2.03940000000000e+02	2.19911485751285e+03	3.00000000000000e-02	0.00000000000000e+00	0.00000000000000e+00	1.78270540634863e+02	4.48411817675067e+00
3	107	37	72	2.24390000000000e+02	2.19911485751285e+03	3.00000000000000e-02	0.00000000000000e+00	0.00000000000000e+00	1.73984724096488e+02	8.48060355213637e+00
4	108	38	73	2.28730000000000e+02	2.19911485751285e+03	3.00000000000000e-02	0.00000000000000e+00	0.00000000000000e+00	1.73178575146333e+02	9.27396600804430e+00
2	109	39	74	2.68030000000000e+02	2.19911485751285e+03	3.00000000000000e-02	0.00000000000000e+00	0.00000000000000e+00	1.76770266067070e+02	1.38749318946072e+01
5	110	40	75	1.91230000000000e+02	2.19911485751285e+03	3.00000000000000e-02	0.00000000000000e+00	0.00000000000000e+00	1.87386900741677e+02	6.76714156824421e-01
6	111	41	76	1.98690000000000e+02	2.19911485751285e+03	3.00000000000000e-02	0.00000000000000e+00	0.00000000000000e+00	1.95265378182565e+02	5.79542468277102e-01
7	112	42	77	2.06160000000000e+02	2.19911485751285e+03	3.00000000000000e-02	0.00000000000000e+00	0.00000000000000e+00	2.07980446202255e+02	-2.93050009837141e-01
8	113	43	78	2.04990000000000e+02	2.19911485751285e+03	3.00000000000000e-02	0.00000000000000e+00	0.00000000000000e+00	2.04967862929084e+02	3.59989370283624e-03
9	114	44	79	2.28500000000000e+02	2.19911485751285e+03	3.00000000000000e-02	0.00000000000000e+00	0.00000000000000e+00	2.06928380642012e+02	3.30544880576473e+00
10	115	45	80	1.56040000000000e+02	2.19911485751285e+03	3.00000000000000e-02	0.00000000000000e+00	0.00000000000000e+00	2.03943655041126e+02	-8.92437900921680e+00
11	116	46	81	1.76580000000000e+02	2.19911485751285e+03	3.00000000000000e-02	0.00000000000000e+00	0.00000000000000e+00	2.03371390947549e+02	-4.70865960354855e+00
12	117	47	82	1.97120000000000e+02	2.19911485751285e+03	3.00000000000000e-02	0.00000000000000e+00	0.00000000000000e+00	2.05220481884699e+02	-1.34240807410890e+00
13	118	48	83	2.69240000000000e+02	2.19911485751285e+03	3.00000000000000e-02	0.00000000000000e+00	0.00000000000000e+00	2.06256883296388e+02	8.88269256421207e+00
14	119	49	84	2.41290000000000e+02	2.19911485751285e+03	3.00000000000000e-02	0.00000000000000e+00	0.00000000000000e+00	2.11740355633773e+02	4.35462476975366e+00
15	120	50	85	2.53030000000000e+02	2.19911485751285e+03	3.00000000000000e-02	0.00000000000000e+00	0.00000000000000e+00	2.13765287417679e+02	5.62098111435911e+00
16	121	51	86	2.61050000000000e+02	2.19911485751285e+03	3.00000000000000e-02	0.00000000000000e+00	0.00000000000000e+00	2.15260404901119e+02	6.42878263452804e+00
17	122	52	87	2.79720000000000e+02	2.19911485751285e+03	3.00000000000000e-02	0.00000000000000e+00	0.00000000000000e+00	2.18560798678214e+02	8.22416240618382e+00
18	123	53	88	2.87750000000000e+02	2.19911485751285e+03	3.00000000000000e-02	0.00000000000000e+00	0.00000000000000e+00	2.25362340252256e+02	8.14608465272887e+00
19	124	54	89	2.73570000000000e+02	2.19911485751285e+03	3.00000000000000e-02	0.00000000000000e+00	0.00000000000000e+00	2.28980200732753e+02	5.93073301598667e+00
20	125	55	90	2.73570000000000e+02	2.19911485751285e+03	3.00000000000000e-02	0.00000000000000e+00	0.00000000000000e+00	2.26976310953718e+02	6.22372918699782e+00
21	126	56	91	2.31090000000000e+02	2.19911485751285e+03	3.00000000000000e-02	0.00000000000000e+00	0.00000000000000e+00	2.12440707592595e+02	2.80481062321236e+00
22	127	57	92	2.29820000000000e+02	2.19911485751285e+03	3.00000000000000e-02	0.00000000000000e+00	0.00000000000000e+00	1.91059534435833e+02	6.15704385779511e+00
23	128	58	93	1.95380000000000e+02	2.19911485751285e+03	3.00000000000000e-02	0.00000000000000e+00	0.00000000000000e+00	1.72943366628008e+02	4.06607332843061e+00
24	129	59	94	1.34810000000000e+02	2.19911485751285e+03	3.00000000000000e-02	0.00000000000000e+00	0.00000000000000e+00	1.65979976104990e+02	-6.93335918347096e+00
25	130	60	95	1.95980000000000e+02	2.19911485751285e+03	3.00000000000000e-02	0.00000000000000e+00	0.00000000000000e+00	1.62110278768081e+02	6.32452588108980e+00
26	131	61	96	1.67320000000000e+02	2.19911485751285e+03	3.00000000000000e-02	0.00000000000000e+00	0.00000000000000e+00	1.54938556199273e+02	2.56265066214005e+00
27	132	62	97	1.70380000000000e+02	2.19911485751285e+03	3.00000000000000e-02	0.00000000000000e+00	0.00000000000000e+00	1.46245764654841e+02	5.09142368490290e+00
28	133	63	98	1.29220000000000e+02	2.19911485751285e+03	3.00000000000000e-02	0.00000000000000e+00	0.00000000000000e+00	1.42273921578248e+02	-3.20792821634435e+00
29	134	64	99	1.12220000000000e+02	2.19911485751285e+03	3.00000000000000e-02	0.00000000000000e+00	0.00000000000000e+00	1.44880538464852e+02	-8.51494332906517e+00
30	135	65	100	1.82390000000000e+02	2.19911485751285e+03	3.00000000000000e-02	0.00000000000000e+00	0.00000000000000e+00	1.48911830465828e+02	6.75976208729419e+00
31	136	66	101	1.74010000000000e+02	2.19911485751285e+03	3.00000000000000e-02	0.00000000000000e+00	0.00000000000000e+00	1.54520674092433e+02	3.95949561819421e+00
32	137	67	102	2.17740000000000e+02	2.19911485751285e+03	3.00000000000000e-02	0.00000000000000e+00	0.00000000000000e+00	1.57618703114360e+02	1.07707615162341e+01
33	138	68	103	1.79640000000000e+02	2.19911485751285e+03	3.00000000000000e-02	0.00000000000000e+00	0.00000000000000e+00	1.62147206680595e+02	3.41500807920880e+00
34	139	69	104	1.99380000000000e+02	2.19911485751285e+03	3.00000000000000e-02	0.00000000000000e+00	0.00000000000000e+00	1.71664229265646e+02	4.98907127174262e+00
35	140	70	105	2.19110000000000e+02	2.19911485751285e+03	3.00000000000000e-02	0.00000000000000e+00	0.00000000000000e+00	1.81831709530805e+02	6.21641001413910e+00
36	141	71	106	2.19110000000000e+02	2.19911485751285e+03	3.00000000000000e-02	0.00000000000000e+00	0.00000000000000e+00	1.90260225649345e+02	4.70603810122684e+00
37	142	72	107	1.99350000000000e+02	2.19911485751285e+03	3.00000000000000e-02	0.00000000000000e+00	0.00000000000000e+00	1.97896571442066e+02	2.43918202264333e-01
38	143	73	108	1.96330000000000e+02	2.19911485751285e+03	3.00000000000000e-02	0.00000000000000e+00	0.00000000000000e+00	1.99014051646731e+02	-4.52617220369333e-01
39	144	74	109	1.93240000000000e+02	2.19911485751285e+03	3.00000000000000e-02	0.00000000000000e+00	0.00000000000000e+00	1.96388717045176e+02	-5.38766857680884e-01
40	145	75	110	1.96620000000000e+02	2.19911485751285e+03	3.00000000000000e-02	0.00000000000000e+00	0.00000000000000e+00	1.89019634194199e+02	1.31406792164593e+00
41	146	76	111	2.21290000000000e+02	2.19911485751285e+03	3.00000000000000e-02	0.00000000000000e+00	0.00000000000000e+00	1.80770302713265e+02	6.74156263151741e+00
42	147	77	112	1.94950000000000e+02	2.19911485751285e+03	3.00000000000000e-02	0.00000000000000e+00	0.00000000000000e+00	1.76819328669834e+02	3.25382153816625e+00
43	148	78	113	2.12610000000000e+02	2.19911485751285e+03	3.00000000000000e-02	0.00000000000000e+00	0.00000000000000e+00	1.79555121645941e+02	5.63257521080658e+00
44	149	79	114	1.77360000000000e+02	2.19911485751285e+03	3.00000000000000e-02	0.00000000000000e+00	0.00000000000000e+00	1.82786776013706e+02	-1.00462499378479e+00
45	150	80	115	1.82840000000000e+02	2.19911485751285e+03	3.00000000000000e-02	0.00000000000000e+00	0.00000000000000e+00	1.88438276982487e+02	-1.00530189132021e+00
46	151	81	116	1.81910000000000e+02	2.19911485751285e+03	3.00000000000000e-02	0.00000000000000e+00	0.00000000000000e+00	1.93403219692079e+02	-2.04217238151940e+00
47	152	82	117	2.02430000000000e+02	2.19911485751285e+03	3.00000000000000e-02	0.00000000000000e+00	0.00000000000000e+00	1.94579665485856e+02	1.31841591292116e+00
48	153	83	118	2.08770000000000e+02	2.19911485751285e+03	3.00000000000000e-02	0.00000000000000e+00	0.00000000000000e+00	1.99494683973676e+02	1.51485260994907e+00
49	154	84	119	2.08120000000000e+02	2.19911485751285e+03	3.00000000000000e-02	0.00000000000000e+00	0.00000000000000e+00	2.00949519076210e+02	1.16870362602555e+00
50	155	85	120	2.11890000000000e+02	2.19911485751285e+03	3.00000000000000e-02	0.00000000000000e+00	0.00000000000000e+00	2.05941662293910e+02	9.49144538466840e-01
51	156	86	121	2.16420000000000e+02	2.19911485751285e+03	3.00000000000000e-02	0.00000000000000e+00	0.00000000000000e+00	2.13441050959207e+02	4.62009250634635e-01
52	157	87	122	2.17350000000000e+02	2.19911485751285e+03	3.00000000000000e-02	0.00000000000000e+00	0.00000000000000e+00	2.15872858008602e+02	2.27311446204581e-01
53	158	88	123	1.82430000000000e+02	2.19911485751285e+03	3.00000000000000e-02	0.00000000000000e+00	0.00000000000000e+00	2.15654891548824e+02	-5.57709559501346e+00
54	159	89	124	1.49140000000000e+02	2.19911485751285e+03	3.00000000000000e-02	0.00000000000000e+00	0.00000000000000e+00	2.22115701600351e+02	-1.32770987456770e+01
55	160	90	125	1.79860000000000e+02	2.19911485751285e+03	3.00000000000000e-02	0.00000000000000e+00	0.00000000000000e+00	2.29789721404083e+02	-8.16619551620589e+00
56	161	91	126	2.10580000000000e+02	2.19911485751285e+03	3.00000000000000e-02	0.00000000000000e+00	0.00000000000000e+00	2.43437832430170e+02	-4.83319910674436e+00
57	162	92	127	2.45600000000000e+02	2.19911485751285e+03	3.00000000000000e-02	0.00000000000000e+00	0.00000000000000e+00	2.59853420278517e+02	-1.88045025353232e+00
58	163	93	128	2.65570000000000e+02	2.19911485751285e+03	3.00000000000000e-02	0.00000000000000e+00	0.00000000000000e+00	2.72669650071046e+02	-8.79417668003916e-01
59	164	94	129	2.88050000000000e+02	2.19911485751285e+03	3.00000000000000e-02	0.00000000000000e+00	0.00000000000000e+00	2.78808258108585e+02	1.08699258473607e+00
60	165	95	130	2.90160000000000e+02	2.19911485751285e+03	3.00000000000000e-02	0.00000000000000e+00	0.00000000000000e+00	2.84892729964312e+02	6.10659054905138e-01
61	166	96	131	2.78870000000000e+02	2.19911485751285e+03	3.00000000000000e-02	0.00000000000000e+00	0.00000000000000e+00	2.92953123407001e+02	-1.64222948111089e+00
62	167	97	132	2.99080000000000e+02	2.19911485751285e+03	3.00000000000000e-02	0.00000000000000e+00	0.00000000000000e+00	3.03461079350229e+02	-4.84742225708305e-01
63	168	98	133	3.13880000000000e+02	2.19911485751285e+03	3.00000000000000e-02	0.00000000000000e+00	0.00000000000000e+00	3.13924172859136e+02	-4.69072587903814e-03
64	169	99	134	3.07010000000000e+02	2.19911485751285e+03	3.00000000000000e-02	0.00000000000000e+00	0.00000000000000e+00	3.17429122765971e+02	-1.11247458942160e+00
65	170	100	135	3.48460000000000e+02	2.19911485751285e+03	3.00000000000000e-02	0.00000000000000e+00	0.00000000000000e+00	3.23972207931513e+02	2.42885706235769e+00
66	171	101	136	4.07790000000000e+02	2.19911485751285e+03	3.00000000000000e-02	0.00000000000000e+00	0.00000000000000e+00	3.28463559981261e+02	7.21088109211256e+00
67	172	102	137	3.54010000000000e+02	2.19911485751285e+03	3.00000000000000e-02	0.00000000000000e+00	0.00000000000000e+00	3.33142240069023e+02	2.02518717296520e+00
68	173	103	138	3.58130000000000e+02	2.19911485751285e+03	3.00000000000000e-02	0.00000000000000e+00	0.00000000000000e+00	3.32815497963967e+02	2.44359242376682e+00
69	174	104	139	3.29510000000000e+02	2.19911485751285e+03	3.00000000000000e-02	0.00000000000000e+00	0.00000000000000e+00	3.27264060271734e+02	2.27977790118998e-01
70	175	105	140	4.42110000000000e+02	2.19911485751285e+03	3.00000000000000e-02	0.00000000000000e+00	0.00000000000000e+00	3.24827176580445e+02	1.02755147789407e+01
71	176	106	141	3.00640000000000e+02	2.19911485751285e+03	3.00000000000000e-02	0.00000000000000e+00	0.00000000000000e+00	2.84758244018873e+02	1.80909939928844e+00
1	109	37	73	2.35660000000000e+02	2.26194671058465e+03	3.00000000000000e-02	0.00000000000000e+00	0.00000000000000e+00	1.68868431243498e+02	1.11090063304366e+01
3	110	38	74	1.70670000000000e+02	2.26194671058465e+03	3.00000000000000e-02	0.00000000000000e+00	0.00000000000000e+00	1.66421984344240e+02	8.40174343897893e-01
4	111	39	75	1.74560000000000e+02	2.26194671058465e+03	3.00000000000000e-02	0.00000000000000e+00	0.00000000000000e+00	1.70466119022548e+02	7.91065350599555e-01
2	112	40	76	1.78310000000000e+02	2.26194671058465e+03	3.00000000000000e-02	0.00000000000000e+00	0.00000000000000e+00	1.76191668464107e+02	3.98372690050349e-01
5	113	41	77	1.65490000000000e+02	2.26194671058465e+03	3.00000000000000e-02	0.00000000000000e+00	0.00000000000000e+00	1.85353612811693e+02	-3.77848837371113e+00
6	114	42	78	1.73230000000000e+02	2.26194671058465e+03	3.00000000000000e-02	0.00000000000000e+00	0.00000000000000e+00	1.84920499792019e+02	-2.17686035242532e+00
7	115	43	79	1.89220000000000e+02	2.26194671058465e+03	3.00000000000000e-02	0.00000000000000e+00	0.00000000000000e+00	1.92000229325531e+02	-4.86206905152612e-01
8	116	44	80	2.05210000000000e+02	2.26194671058465e+03	3.00000000000000e-02	0.00000000000000e+00	0.00000000000000e+00	1.89147958597957e+02	2.71680955118020e+00
9	117	45	81	1.99100000000000e+02	2.26194671058465e+03	3.00000000000000e-02	0.00000000000000e+00	0.00000000000000e+00	1.93690771156130e+02	9.18142894343739e-01
10	118	46	82	2.24990000000000e+02	2.26194671058465e+03	3.00000000000000e-02	0.00000000000000e+00	0.00000000000000e+00	1.93622866788825e+02	5.00478917753444e+00
11	119	47	83	2.29570000000000e+02	2.26194671058465e+03	3.00000000000000e-02	0.00000000000000e+00	0.00000000000000e+00	1.99474985946146e+02	4.68397163824505e+00
12	120	48	84	2.27340000000000e+02	2.26194671058465e+03	3.00000000000000e-02	0.00000000000000e+00	0.00000000000000e+00	2.07747217538693e+02	3.00415513094183e+00
13	121	49	85	2.65050000000000e+02	2.26194671058465e+03	3.00000000000000e-02	0.00000000000000e+00	0.00000000000000e+00	2.08094410048319e+02	8.06422054161192e+00
14	122	50	86	2.45720000000000e+02	2.26194671058465e+03	3.00000000000000e-02	0.00000000000000e+00	0.00000000000000e+00	2.11687605488792e+02	4.96936824648877e+00
15	123	51	87	2.65740000000000e+02	2.26194671058465e+03	3.00000000000000e-02	0.00000000000000e+00	0.00000000000000e+00	2.15859988517550e+02	6.92961303199769e+00
16	124	52	88	2.70580000000000e+02	2.26194671058465e+03	3.00000000000000e-02	0.00000000000000e+00	0.00000000000000e+00	2.21016958791663e+02	6.74427893292349e+00
17	125	53	89	2.44860000000000e+02	2.26194671058465e+03	3.00000000000000e-02	0.00000000000000e+00	0.00000000000000e+00	2.24719386720221e+02	2.86113883125353e+00
18	126	54	90	2.49870000000000e+02	2.26194671058465e+03	3.00000000000000e-02	0.00000000000000e+00	0.00000000000000e+00	2.25537599739218e+02	3.41512993840203e+00
19	127	55	91	2.36900000000000e+02	2.26194671058465e+03	3.00000000000000e-02	0.00000000000000e+00	0.00000000000000e+00	2.20575774093229e+02	2.37989428765083e+00
20	128	56	92	2.36900000000000e+02	2.26194671058465e+03	3.00000000000000e-02	0.00000000000000e+00	0.00000000000000e+00	2.06621405970981e+02	4.55833163815574e+00
21	129	57	93	2.26030000000000e+02	2.26194671058465e+03	3.00000000000000e-02	0.00000000000000e+00	0.00000000000000e+00	1.89923325700668e+02	5.80157640188842e+00
22	130	58	94	2.00610000000000e+02	2.26194671058465e+03	3.00000000000000e-02	0.00000000000000e+00	0.00000000000000e+00	1.75662594883253e+02	4.42658813873657e+00
23	131	59	95	1.49660000000000e+02	2.26194671058465e+03	3.00000000000000e-02	0.00000000000000e+00	0.00000000000000e+00	1.66957476620724e+02	-3.64576981089776e+00
24	132	60	96	1.94370000000000e+02	2.26194671058465e+03	3.00000000000000e-02	0.00000000000000e+00	0.00000000000000e+00	1.62416593798034e+02	5.98663193543165e+00
25	133	61	97	1.55210000000000e+02	2.26194671058465e+03	3.00000000000000e-02	0.00000000000000e+00	0.00000000000000e+00	1.52549746952498e+02	5.76276209526879e-01
26	134	62	98	1.64260000000000e+02	2.26194671058465e+03	3.00000000000000e-02	0.00000000000000e+00	0.00000000000000e+00	1.44366595185988e+02	4.30315579641828e+00
27	135	63	99	1.68180000000000e+02	2.26194671058465e+03	3.00000000000000e-02	0.00000000000000e+00	0.00000000000000e+00	1.42679205539417e+02	5.48120140193748e+00
28	136	64	100	8.59200000000000e+01	2.26194671058465e+03	3.00000000000000e-02	0.00000000000000e+00	0.00000000000000e+00	1.43655615883354e+02	-1.71334082703732e+01
29	137	65	101	9.94100000000000e+01	2.26194671058465e+03	3.00000000000000e-02	0.00000000000000e+00	0.00000000000000e+00	1.46701157071218e+02	-1.29714953407715e+01
30	138	66	102	1.12910000000000e+02	2.26194671058465e+03	3.00000000000000e-02	0.00000000000000e+00	0.00000000000000e+00	1.49262896625561e+02	-9.30393722995631e+00
31	139	67	103	9.57700000000000e+01	2.26194671058465e+03	3.00000000000000e-02	0.00000000000000e+00	0.00000000000000e+00	1.56614614415732e+02	-1.63946206295171e+01
32	140	68	104	1.47840000000000e+02	2.26194671058465e+03	3.00000000000000e-02	0.00000000000000e+00	0.00000000000000e+00	1.63116583259672e+02	-3.27781906589489e+00
33	141	69	105	1.99900000000000e+02	2.26194671058465e+03	3.00000000000000e-02	0.00000000000000e+00	0.00000000000000e+00	1.73162438204594e+02	4.78623794620310e+00
34	142	70	106	1.98630000000000e+02	2.26194671058465e+03	3.00000000000000e-02	0.00000000000000e+00	0.00000000000000e+00	1.83007822875793e+02	2.73049659073192e+00
35	143	71	107	1.98630000000000e+02	2.26194671058465e+03	3.00000000000000e-02	0.00000000000000e+00	0.00000000000000e+00	1.90298368886460e+02	1.42835315380028e+00
36	144	72	108	1.99470000000000e+02	2.26194671058465e+03	3.00000000000000e-02	0.00000000000000e+00	0.00000000000000e+00	1.97331589894400e+02	3.59277930006622e-01
37	145	73	109	2.00760000000000e+02	2.26194671058465e+03	3.00000000000000e-02	0.00000000000000e+00	0.00000000000000e+00	2.01479252607589e+02	-1.19208219072231e-01
38	146	74	110	2.03030000000000e+02	2.26194671058465e+03	3.00000000000000e-02	0.00000000000000e+00	0.00000000000000e+00	1.99460734559665e+02	5.91211788849400e-01
39	147	75	111	2.01610000000000e+02	2.26194671058465e+03	3.00000000000000e-02	0.00000000000000e+00	0.00000000000000e+00	1.91942166998056e+02	1.63803416798481e+00
40	148	76	112	1.97540000000000e+02	2.26194671058465e+03	3.00000000000000e-02	0.00000000000000e+00	0.00000000000000e+00	1.86734822715478e+02	1.87505151231795e+00
41	149	77	113	2.03120000000000e+02	2.26194671058465e+03	3.00000000000000e-02	0.00000000000000e+00	0.00000000000000e+00	1.81033809896179e+02	3.83710428560325e+00
42	150	78	114	2.00770000000000e+02	2.26194671058465e+03	3.00000000000000e-02	0.00000000000000e+00	0.00000000000000e+00	1.83652130362691e+02	2.97055339811786e+00
43	151	79	115	1.67960000000000e+02	2.26194671058465e+03	3.00000000000000e-02	0.00000000000000e+00	0.00000000000000e+00	1.88697875768531e+02	-3.88071131022176e+00
44	152	80	116	1.95510000000000e+02	2.26194671058465e+03	3.00000000000000e-02	0.00000000000000e+00	0.00000000000000e+00	1.91927100599851e+02	6.16530448625271e-01
45	153	81	117	1.97110000000000e+02	2.26194671058465e+03	3.00000000000000e-02	0.00000000000000e+00	0.00000000000000e+00	1.96535229197091e+02	9.73416617708149e-02
46	154	82	118	2.28130000000000e+02	2.26194671058465e+03	3.00000000000000e-02	0.00000000000000e+00	0.00000000000000e+00	2.03400267112295e+02	3.82466150182437e+00
47	155	83	119	2.18870000000000e+02	2.26194671058465e+03	3.00000000000000e-02	0.00000000000000e+00	0.00000000000000e+00	2.08337940907506e+02	1.64388230254125e+00
48	156	84	120	2.28100000000000e+02	2.26194671058465e+03	3.00000000000000e-02	0.00000000000000e+00	0.00000000000000e+00	2.12086498394974e+02	2.42633088450865e+00
49	157	85	121	2.23310000000000e+02	2.26194671058465e+03	3.00000000000000e-02	0.00000000000000e+00	0.00000000000000e+00	2.19469858428922e+02	5.78201226371385e-01
50	158	86	122	2.15650000000000e+02	2.26194671058465e+03	3.00000000000000e-02	0.00000000000000e+00	0.00000000000000e+00	2.22033609055408e+02	-9.72401315375748e-01
51	159	87	123	2.28390000000000e+02	2.26194671058465e+03	3.00000000000000e-02	0.00000000000000e+00	0.00000000000000e+00	2.24011665031560e+02	6.45218915111704e-01
52	160	88	124	2.37320000000000e+02	2.26194671058465e+03	3.00000000000000e-02	0.00000000000000e+00	0.00000000000000e+00	2.27751153550909e+02	1.37186134252252e+00
53	161	89	125	1.87840000000000e+02	2.26194671058465e+03	3.00000000000000e-02	0.00000000000000e+00	0.00000000000000e+00	2.30546408598299e+02	-6.82872147840943e+00
54	162	90	126	1.71010000000000e+02	2.26194671058465e+03	3.00000000000000e-02	0.00000000000000e+00	0.00000000000000e+00	2.32696015568199e+02	-1.02670304408247e+01
55	163	91	127	2.02390000000000e+02	2.26194671058465e+03	3.00000000000000e-02	0.00000000000000e+00	0.00000000000000e+00	2.43047610516524e+02	-6.10202743741925e+00
56	164	92	128	2.43950000000000e+02	2.26194671058465e+03	3.00000000000000e-02	0.00000000000000e+00	0.00000000000000e+00	2.55991853514868e+02	-1.60607785012772e+00
57	165	93	129	2.99250000000000e+02	2.26194671058465e+03	3.00000000000000e-02	0.00000000000000e+00	0.00000000000000e+00	2.67703397063319e+02	3.71332347259588e+00
58	166	94	130	2.57670000000000e+02	2.26194671058465e+03	3.00000000000000e-02	0.00000000000000e+00	0.00000000000000e+00	2.74025138374549e+02	-2.05133838753146e+00
59	167	95	131	2.86450000000000e+02	2.26194671058465e+03	3.00000000000000e-02	0.00000000000000e+00	0.00000000000000e+00	2.80051598496973e+02	7.53004477218096e-01
60	168	96	132	2.76050000000000e+02	2.26194671058465e+03	3.00000000000000e-02	0.00000000000000e+00	0.00000000000000e+00	2.84528551180201e+02	-1.00838651477417e+00
61	169	97	133	3.03120000000000e+02	2.26194671058465e+03	3.00000000000000e-02	0.00000000000000e+00	0.00000000000000e+00	2.98866785410030e+02	4.71027544834227e-01
62	170	98	134	3.11180000000000e+02	2.26194671058465e+03	3.00000000000000e-02	0.00000000000000e+00	0.00000000000000e+00	3.13458189690329e+02	-2.43148735768273e-01
63	171	99	135	3.27180000000000e+02	2.26194671058465e+03	3.00000000000000e-02	0.00000000000000e+00	0.00000000000000e+00	3.16654029088227e+02	1.09002303927799e+00
64	172	100	136	3.49720000000000e+02	2.26194671058465e+03	3.00000000000000e-02	0.00000000000000e+00	0.00000000000000e+00	3.23062771412957e+02	2.64287304105186e+00
65	173	101	137	3.49440000000000e+02	2.26194671058465e+03	3.00000000000000e-02	0.00000000000000e+00	0.00000000000000e+00	3.27818234158894e+02	2.12908608292528e+00
66	174	102	138	3.42040000000000e+02	2.26194671058465e+03	3.00000000000000e-02	0.00000000000000e+00	0.00000000000000e+00	3.28063544759319e+02	1.39067885484362e+00
67	175	103	139	3.35000000000000e+02	2.26194671058465e+03	3.00000000000000e-02	0.00000000000000e+00	0.00000000000000e+00	3.33191425724739e+02	1.80445166083754e-01
68	176	104	140	2.35970000000000e+02	2.26194671058465e+03	3.00000000000000e-02	0.00000000000000e+00	0.00000000000000e+00	2.92289756202526e+02	-7.13469825697519e+00
1	112	38	75	1.95620000000000e+02	2.32477856365645e+03	3.00000000000000e-02	0.00000000000000e+00	0.00000000000000e+00	1.66903150434590e+02	5.29200983972740e+00
3	113	39	76	1.55270000000000e+02	2.32477856365645e+03	3.00000000000000e-02	0.00000000000000e+00	0.00000000000000e+00	1.65990618621821e+02	-2.22552451466962e+00
4	114	40	77	1.08240000000000e+02	2.32477856365645e+03	3.00000000000000e-02	0.00000000000000e+00	0.00000000000000e+00	1.65754536588161e+02	-1.42052338297736e+01
2	115	41	78	1.27030000000000e+02	2.32477856365645e+03	3.00000000000000e-02	0.00000000000000e+00	0.00000000000000e+00	1.65373047402453e+02	-8.79268454132713e+00
5	116	42	79	1.45830000000000e+02	2.32477856365645e+03	3.00000000000000e-02	0.00000000000000e+00	0.00000000000000e+00	1.69167701127930e+02	-4.94829925152042e+00
6	117	43	80	1.71420000000000e+02	2.32477856365645e+03	3.00000000000000e-02	0.00000000000000e+00	0.00000000000000e+00	1.69452392370073e+02	3.84822302496316e-01
7	118	44	81	1.97010000000000e+02	2.32477856365645e+03	3.00000000000000e-02	0.00000000000000e+00	0.00000000000000e+00	1.78941467915775e+02	3.20652437962199e+00
8	119	45	82	1.95470000000000e+02	2.32477856365645e+03	3.00000000000000e-02	0.00000000000000e+00	0.00000000000000e+00	1.78832181455100e+02	2.96530275514109e+00
9	120	46	83	2.60560000000000e+02	2.32477856365645e+03	3.00000000000000e-02	0.00000000000000e+00	0.00000000000000e+00	1.88040573820229e+02	1.08725134410240e+01
10	121	47	84	2.59150000000000e+02	2.32477856365645e+03	3.00000000000000e-02	0.00000000000000e+00	0.00000000000000e+00	1.95900269087763e+02	9.32671153628668e+00
11	122	48	85	2.54270000000000e+02	2.32477856365645e+03	3.00000000000000e-02	0.00000000000000e+00	0.00000000000000e+00	2.02898068499484e+02	7.52309890840831e+00
12	123	49	86	2.39250000000000e+02	2.32477856365645e+03	3.00000000000000e-02	0.00000000000000e+00	0.00000000000000e+00	2.10648435266742e+02	4.24394900181948e+00
13	124	50	87	2.57990000000000e+02	2.32477856365645e+03	3.00000000000000e-02	0.00000000000000e+00	0.00000000000000e+00	2.12954668115089e+02	6.39471690574886e+00
14	125	51	88	2.49230000000000e+02	2.32477856365645e+03	3.00000000000000e-02	0.00000000000000e+00	0.00000000000000e+00	2.17140914237314e+02	4.59432159155527e+00
15	126	52	89	2.52720000000000e+02	2.32477856365645e+03	3.00000000000000e-02	0.00000000000000e+00	0.00000000000000e+00	2.19804188939819e+02	4.65150189149831e+00
16	127	53	90	2.48060000000000e+02	2.32477856365645e+03	3.00000000000000e-02	0.00000000000000e+00	0.00000000000000e+00	2.22384824562189e+02	3.64204424070351e+00
17	128	54	91	2.44270000000000e+02	2.32477856365645e+03	3.00000000000000e-02	0.00000000000000e+00	0.00000000000000e+00	2.21450405143998e+02	3.26918370046177e+00
18	129	55	92	2.35650000000000e+02	2.32477856365645e+03	3.00000000000000e-02	0.00000000000000e+00	0.00000000000000e+00	2.15256159298153e+02	3.01729652819086e+00
19	130	56	93	2.32800000000000e+02	2.32477856365645e+03	3.00000000000000e-02	0.00000000000000e+00	0.00000000000000e+00	2.05573611724688e+02	4.14585127187017e+00
20	131	57	94	2.32800000000000e+02	2.32477856365645e+03	3.00000000000000e-02	0.00000000000000e+00	0.00000000000000e+00	1.91748898706554e+02	6.46643396693793e+00
21	132	58	95	1.96060000000000e+02	2.32477856365645e+03	3.00000000000000e-02	0.00000000000000e+00	0.00000000000000e+00	1.76114754972481e+02	3.57616451256648e+00
22	133	59	96	1.48940000000000e+02	2.32477856365645e+03	3.00000000000000e-02	0.00000000000000e+00	0.00000000000000e+00	1.67111358561912e+02	-3.83722892153644e+00
23	134	60	97	1.81630000000000e+02	2.32477856365645e+03	3.00000000000000e-02	0.00000000000000e+00	0.00000000000000e+00	1.61099681929322e+02	3.99827783161089e+00
24	135	61	98	1.68620000000000e+02	2.32477856365645e+03	3.00000000000000e-02	0.00000000000000e+00	0.00000000000000e+00	1.53186216140205e+02	3.19977940703374e+00
25	136	62	99	1.28540000000000e+02	2.32477856365645e+03	3.00000000000000e-02	0.00000000000000e+00	0.00000000000000e+00	1.47326560156288e+02	-4.54704935399371e+00
26	137	63	100	1.34050000000000e+02	2.32477856365645e+03	3.00000000000000e-02	0.00000000000000e+00	0.00000000000000e+00	1.45605888267069e+02	-2.75635705525303e+00
27	138	64	101	8.74500000000000e+01	2.32477856365645e+03	3.00000000000000e-02	0.00000000000000e+00	0.00000000000000e+00	1.45696929550698e+02	-1.70153812579180e+01
28	139	65	102	6.52200000000000e+01	2.32477856365645e+03	3.00000000000000e-02	0.00000000000000e+00	0.00000000000000e+00	1.45436699236617e+02	-2.67324921597566e+01
29	140	66	103	1.23380000000000e+02	2.32477856365645e+03	3.00000000000000e-02	0.00000000000000e+00	0.00000000000000e+00	1.46613937930104e+02	-5.75112785696940e+00
30	141	67	104	1.81550000000000e+02	2.32477856365645e+03	3.00000000000000e-02	0.00000000000000e+00	0.00000000000000e+00	1.54325448171250e+02	5.41558085034704e+00
31	142	68	105	2.08200000000000e+02	2.32477856365645e+03	3.00000000000000e-02	0.00000000000000e+00	0.00000000000000e+00	1.67919342023184e+02	7.16717996902464e+00
32	143	69	106	1.98080000000000e+02	2.32477856365645e+03	3.00000000000000e-02	0.00000000000000e+00	0.00000000000000e+00	1.75351702622532e+02	4.06257677017597e+00
33	144	70	107	1.97700000000000e+02	2.32477856365645e+03	3.00000000000000e-02	0.00000000000000e+00	0.00000000000000e+00	1.84603836516202e+02	2.28462084874825e+00
34	145	71	108	1.97700000000000e+02	2.32477856365645e+03	3.00000000000000e-02	0.00000000000000e+00	0.00000000000000e+00	1.92550312023925e+02	8.79774981145420e-01
35	146	72	109	2.01910000000000e+02	2.32477856365645e+03	3.00000000000000e-02	0.00000000000000e+00	0.00000000000000e+00	1.96765807863067e+02	8.60260819065347e-01
36	147	73	110	2.00170000000000e+02	2.32477856365645e+03	3.00000000000000e-02	0.00000000000000e+00	0.00000000000000e+00	1.98650976554977e+02	2.53920243216310e-01
37	148	74	111	2.07650000000000e+02	2.32477856365645e+03	3.00000000000000e-02	0.00000000000000e+00	0.00000000000000e+00	1.97394627656331e+02	1.68830196559456e+00
38	149	75	112	1.92690000000000e+02	2.32477856365645e+03	3.00000000000000e-02	0.00000000000000e+00	0.00000000000000e+00	1.94307632022410e+02	-2.78665175141502e-01
39	150	76	113	1.98490000000000e+02	2.32477856365645e+03	3.00000000000000e-02	0.00000000000000e+00	0.00000000000000e+00	1.90090990553545e+02	1.44119552828812e+00
40	151	77	114	1.91270000000000e+02	2.32477856365645e+03	3.00000000000000e-02	0.00000000000000e+00	0.00000000000000e+00	1.86040235930825e+02	9.24102329159411e-01
41	152	78	115	2.28080000000000e+02	2.32477856365645e+03	3.00000000000000e-02	0.00000000000000e+00	0.00000000000000e+00	1.87583985869810e+02	6.51565916144191e+00
42	153	79	116	1.79290000000000e+02	2.32477856365645e+03	3.00000000000000e-02	0.00000000000000e+00	0.00000000000000e+00	1.92829021052632e+02	-2.42664294578002e+00
43	154	80	117	2.00500000000000e+02	2.32477856365645e+03	3.00000000000000e-02	0.00000000000000e+00	0.00000000000000e+00	1.97512267078011e+02	5.00451751563524e-01
44	155	81	118	2.10950000000000e+02	2.32477856365645e+03	3.00000000000000e-02	0.00000000000000e+00	0.00000000000000e+00	2.05835524556245e+02	8.18123772520144e-01
45	156	82	119	2.27590000000000e+02	2.32477856365645e+03	3.00000000000000e-02	0.00000000000000e+00	0.00000000000000e+00	2.15080631201103e+02	1.88442592971860e+00
46	157	83	120	2.32640000000000e+02	2.32477856365645e+03	3.00000000000000e-02	0.00000000000000e+00	0.00000000000000e+00	2.21564335473394e+02	1.62597311429868e+00
47	158	84	121	2.42770000000000e+02	2.32477856365645e+03	3.00000000000000e-02	0.00000000000000e+00	0.00000000000000e+00	2.25926446948920e+02	2.39683342484162e+00
48	159	85	122	2.37750000000000e+02	2.32477856365645e+03	3.00000000000000e-02	0.00000000000000e+00	0.00000000000000e+00	2.27579974811223e+02	1.45726623925402e+00
49	160	86	123	2.35450000000000e+02	2.32477856365645e+03	3.00000000000000e-02	0.00000000000000e+00	0.00000000000000e+00	2.29071309927243e+02	9.15507484904292e-01
50	161	87	124	2.27990000000000e+02	2.32477856365645e+03	3.00000000000000e-02	0.00000000000000e+00	0.00000000000000e+00	2.35012926797792e+02	-1.01129173126724e+00
51	162	88	125	2.13200000000000e+02	2.32477856365645e+03	3.00000000000000e-02	0.00000000000000e+00	0.00000000000000e+00	2.35354099834916e+02	-3.29534985216124e+00
52	163	89	126	2.16790000000000e+02	2.32477856365645e+03	3.00000000000000e-02	0.00000000000000e+00	0.00000000000000e+00	2.36774551810753e+02	-2.93930957263443e+00
53	164	90	127	2.51430000000000e+02	2.32477856365645e+03	3.00000000000000e-02	0.00000000000000e+00	0.00000000000000e+00	2.40048772196466e+02	1.54408335325119e+00
54	165	91	128	2.49270000000000e+02	2.32477856365645e+03	3.00000000000000e-02	0.00000000000000e+00	0.00000000000000e+00	2.44052741383988e+02	7.05076373215678e-01
55	166	92	129	2.15000000000000e+02	2.32477856365645e+03	3.00000000000000e-02	0.00000000000000e+00	0.00000000000000e+00	2.48001614337760e+02	-4.75990758141952e+00
56	167	93	130	2.58870000000000e+02	2.32477856365645e+03	3.00000000000000e-02	0.00000000000000e+00	0.00000000000000e+00	2.55910757356178e+02	3.83240852090635e-01
57	168	94	131	2.86850000000000e+02	2.32477856365645e+03	3.00000000000000e-02	0.00000000000000e+00	0.00000000000000e+00	2.64232470914277e+02	2.73767145774449e+00
58	169	95	132	2.48650000000000e+02	2.32477856365645e+03	3.00000000000000e-02	0.00000000000000e+00	0.00000000000000e+00	2.73412392477416e+02	-3.16449884594761e+00
59	170	96	133	2.93280000000000e+02	2.32477856365645e+03	3.00000000000000e-02	0.00000000000000e+00	0.00000000000000e+00	2.86655394689719e+02	7.61566837828435e-01
60	171	97	134	2.99120000000000e+02	2.32477856365645e+03	3.00000000000000e-02	0.00000000000000e+00	0.00000000000000e+00	2.94468217819626e+02	5.22458417310734e-01
61	172	98	135	3.19340000000000e+02	2.32477856365645e+03	3.00000000000000e-02	0.00000000000000e+00	0.00000000000000e+00	3.08047330580637e+02	1.20009746759203e+00
62	173	99	136	3.01240000000000e+02	2.32477856365645e+03	3.00000000000000e-02	0.00000000000000e+00	0.00000000000000e+00	3.19209914829358e+02	-1.93138791185288e+00
63	174	100	137	3.48640000000000e+02	2.32477856365645e+03	3.00000000000000e-02	0.00000000000000e+00	0.00000000000000e+00	3.21201219053907e+02	2.73240312732872e+00
64	175	101	138	3.69600000000000e+02	2.32477856365645e+03	3.00000000000000e-02	0.00000000000000e+00	0.00000000000000e+00	3.23064574053820e+02	4.48563722849586e+00
65	176	102	139	2.46750000000000e+02	2.32477856365645e+03	3.00000000000000e-02	0.00000000000000e+00	0.00000000000000e+00	2.89935622925851e+02	-5.37610767042208e+00
1	115	39	77	1.93570000000000e+02	2.38761041672824e+03	3.00000000000000e-02	0.00000000000000e+00	0.00000000000000e+00	1.60340080339977e+02	6.27807141608902e+00
3	116	40	78	1.29370000000000e+02	2.38761041672824e+03	3.00000000000000e-02	0.00000000000000e+00	0.00000000000000e+00	1.53876152401253e+02	-5.78238525835611e+00
4	117	41	79	1.31780000000000e+02	2.38761041672824e+03	3.00000000000000e-02	0.00000000000000e+00	0.00000000000000e+00	1.49673640226495e+02	-4.24411088146514e+00
2	118	42	80	1.34180000000000e+02	2.38761041672824e+03	3.00000000000000e-02	0.00000000000000e+00	0.00000000000000e+00	1.49650226671976e+02	-3.63728556145280e+00
5	119	43	81	1.78720000000000e+02	2.38761041672824e+03	3.00000000000000e-02	0.00000000000000e+00	0.00000000000000e+00	1.56234278223326e+02	4.48212237125200e+00
6	120	44	82	1.78540000000000e+02	2.38761041672824e+03	3.00000000000000e-02	0.00000000000000e+00	0.00000000000000e+00	1.59078490574466e+02	3.84716446416731e+00
7	121	45	83	2.09890000000000e+02	2.38761041672824e+03	3.00000000000000e-02	0.00000000000000e+00	0.00000000000000e+00	1.72803673569748e+02	6.48091562431171e+00
8	122	46	84	2.68120000000000e+02	2.38761041672824e+03	3.00000000000000e-02	0.00000000000000e+00	0.00000000000000e+00	1.80779471644467e+02	1.31385580589164e+01
9	123	47	85	2.86070000000000e+02	2.38761041672824e+03	3.00000000000000e-02	0.00000000000000e+00	0.00000000000000e+00	1.94374229425527e+02	1.28817072520523e+01
10	124	48	86	2.49670000000000e+02	2.38761041672824e+03	3.00000000000000e-02	0.00000000000000e+00	0.00000000000000e+00	2.01962699357641e+02	7.06856740633682e+00
11	125	49	87	2.37400000000000e+02	2.38761041672824e+03	3.00000000000000e-02	0.00000000000000e+00	0.00000000000000e+00	2.08225248849825e+02	4.37086870847553e+00
12	126	50	88	2.40560000000000e+02	2.38761041672824e+03	3.00000000000000e-02	0.00000000000000e+00	0.00000000000000e+00	2.14954918212056e+02	3.75137384245772e+00
13	127	51	89	2.42530000000000e+02	2.38761041672824e+03	3.00000000000000e-02	0.00000000000000e+00	0.00000000000000e+00	2.15013987198891e+02	4.01407771051788e+00
14	128	52	90	2.44500000000000e+02	2.38761041672824e+03	3.00000000000000e-02	0.00000000000000e+00	0.00000000000000e+00	2.17339437929304e+02	3.92516491396989e+00
15	129	53	91	2.35090000000000e+02	2.38761041672824e+03	3.00000000000000e-02	0.00000000000000e+00	0.00000000000000e+00	2.20146769338813e+02	2.18913207579545e+00
16	130	54	92	2.34990000000000e+02	2.38761041672824e+03	3.00000000000000e-02	0.00000000000000e+00	0.00000000000000e+00	2.20987667299488e+02	2.04786880537752e+00
17	131	55	93	2.32080000000000e+02	2.38761041672824e+03	3.00000000000000e-02	0.00000000000000e+00	0.00000000000000e+00	2.16770231296490e+02	2.27480630645032e+00
18	132	56	94	2.28340000000000e+02	2.38761041672824e+03	3.00000000000000e-02	0.00000000000000e+00	0.00000000000000e+00	2.04614439788085e+02	3.65694398405540e+00
19	133	57	95	2.04320000000000e+02	2.38761041672824e+03	3.00000000000000e-02	0.00000000000000e+00	0.00000000000000e+00	1.89052782357719e+02	2.58870481599051e+00
20	134	58	96	2.04320000000000e+02	2.38761041672824e+03	3.00000000000000e-02	0.00000000000000e+00	0.00000000000000e+00	1.74721977131796e+02	5.21637945967116e+00
21	135	59	97	1.71550000000000e+02	2.38761041672824e+03	3.00000000000000e-02	0.00000000000000e+00	0.00000000000000e+00	1.67365762729768e+02	8.23105196131557e-01
22	136	60	98	1.78520000000000e+02	2.38761041672824e+03	3.00000000000000e-02	0.00000000000000e+00	0.00000000000000e+00	1.63620607488580e+02	2.90500869603063e+00
23	137	61	99	1.45180000000000e+02	2.38761041672824e+03	3.00000000000000e-02	0.00000000000000e+00	0.00000000000000e+00	1.57389250514332e+02	-2.69158959101660e+00
24	138	62	100	1.65240000000000e+02	2.38761041672824e+03	3.00000000000000e-02	0.00000000000000e+00	0.00000000000000e+00	1.51954275300882e+02	2.79397691089169e+00
25	139	63	101	1.18560000000000e+02	2.38761041672824e+03	3.00000000000000e-02	0.00000000000000e+00	0.00000000000000e+00	1.50082735037023e+02	-7.85891824682817e+00
26	140	64	102	1.37570000000000e+02	2.38761041672824e+03	3.00000000000000e-02	0.00000000000000e+00	0.00000000000000e+00	1.48141818091892e+02	-2.46790556107346e+00
27	141	65	103	1.56580000000000e+02	2.38761041672824e+03	3.00000000000000e-02	0.00000000000000e+00	0.00000000000000e+00	1.45983611183754e+02	2.33575660794155e+00
28	142	66	104	1.76950000000000e+02	2.38761041672824e+03	3.00000000000000e-02	0.00000000000000e+00	0.00000000000000e+00	1.48326423098010e+02	5.88172667448692e+00
29	143	67	105	1.50110000000000e+02	2.38761041672824e+03	3.00000000000000e-02	0.00000000000000e+00	0.00000000000000e+00	1.57665141063145e+02	-1.63683549908840e+00
30	144	68	106	1.78090000000000e+02	2.38761041672824e+03	3.00000000000000e-02	0.00000000000000e+00	0.00000000000000e+00	1.66091832254482e+02	2.32493995804320e+00
31	145	69	107	3.77890000000000e+02	2.38761041672824e+03	3.00000000000000e-02	0.00000000000000e+00	0.00000000000000e+00	1.78419857685531e+02	2.50154541376810e+01
32	146	70	108	2.91970000000000e+02	2.38761041672824e+03	3.00000000000000e-02	0.00000000000000e+00	0.00000000000000e+00	1.86803596871555e+02	1.48864425484586e+01
33	147	71	109	2.06060000000000e+02	2.38761041672824e+03	3.00000000000000e-02	0.00000000000000e+00	0.00000000000000e+00	1.94266917281052e+02	1.96447709371178e+00
34	148	72	110	2.06510000000000e+02	2.38761041672824e+03	3.00000000000000e-02	0.00000000000000e+00	0.00000000000000e+00	1.98030372500261e+02	1.39761406607448e+00
35	149	73	111	2.07030000000000e+02	2.38761041672824e+03	3.00000000000000e-02	0.00000000000000e+00	0.00000000000000e+00	1.93832090887641e+02	2.19571456321841e+00
36	150	74	112	2.15330000000000e+02	2.38761041672824e+03	3.00000000000000e-02	0.00000000000000e+00	0.00000000000000e+00	1.93972064126158e+02	3.48191952579304e+00
37	151	75	113	2.02120000000000e+02	2.38761041672824e+03	3.00000000000000e-02	0.00000000000000e+00	0.00000000000000e+00	1.93663050567490e+02	1.42472613942595e+00
38	152	76	114	1.99680000000000e+02	2.38761041672824e+03	3.00000000000000e-02	0.00000000000000e+00	0.00000000000000e+00	1.90681751179611e+02	1.53700903401290e+00
39	153	77	115	1.98150000000000e+02	2.38761041672824e+03	3.00000000000000e-02	0.00000000000000e+00	0.00000000000000e+00	1.89177712311582e+02	1.54458231930814e+00
40	154	78	116	1.97010000000000e+02	2.38761041672824e+03	3.00000000000000e-02	0.00000000000000e+00	0.00000000000000e+00	1.93445816907247e+02	6.08567719872285e-01
41	155	79	117	1.82710000000000e+02	2.38761041672824e+03	3.00000000000000e-02	0.00000000000000e+00	0.00000000000000e+00	1.99665641117143e+02	-2.95813255674808e+00
42	156	80	118	2.11510000000000e+02	2.38761041672824e+03	3.00000000000000e-02	0.00000000000000e+00	0.00000000000000e+00	2.09713628247451e+02	2.84311787936353e-01
43	157	81	119	2.33070000000000e+02	2.38761041672824e+03	3.00000000000000e-02	0.00000000000000e+00	0.00000000000000e+00	2.18598280538108e+02	2.13677092366140e+00
44	158	82	120	2.33580000000000e+02	2.38761041672824e+03	3.00000000000000e-02	0.00000000000000e+00	0.00000000000000e+00	2.27254357233251e+02	9.15157474432219e-01
45	159	83	121	2.50850000000000e+02	2.38761041672824e+03	3.00000000000000e-02	0.00000000000000e+00	0.00000000000000e+00	2.34844882938011e+02	2.19766424447142e+00
46	160	84	122	2.53190000000000e+02	2.38761041672824e+03	3.00000000000000e-02	0.00000000000000e+00	0.00000000000000e+00	2.34762410372471e+02	2.51887373306389e+00
47	161	85	123	2.53530000000000e+02	2.38761041672824e+03	3.00000000000000e-02	0.00000000000000e+00	0.00000000000000e+00	2.35635578487035e+02	2.43985688647677e+00
48	162	86	124	2.48850000000000e+02	2.38761041672824e+03	3.00000000000000e-02	0.00000000000000e+00	0.00000000000000e+00	2.38777444775751e+02	1.37727935366240e+00
49	163	87	125	2.24970000000000e+02	2.38761041672824e+03	3.00000000000000e-02	0.00000000000000e+00	0.00000000000000e+00	2.40977481364070e+02	-2.29121436067509e+00
50	164	88	126	2.42190000000000e+02	2.38761041672824e+03	3.00000000000000e-02	0.00000000000000e+00	0.00000000000000e+00	2.40461631685364e+02	2.38733362272322e-01
51	165	89	127	2.04780000000000e+02	2.38761041672824e+03	3.00000000000000e-02	0.00000000000000e+00	0.00000000000000e+00	2.44099084401074e+02	-5.85459981092852e+00
52	166	90	128	1.67370000000000e+02	2.38761041672824e+03	3.00000000000000e-02	0.00000000000000e+00	0.00000000000000e+00	2.42592652848014e+02	-1.23725593493506e+01
53	167	91	129	2.47110000000000e+02	2.38761041672824e+03	3.00000000000000e-02	0.00000000000000e+00	0.00000000000000e+00	2.41570317586162e+02	7.55766026046700e-01
54	168	92	130	2.47930000000000e+02	2.38761041672824e+03	3.00000000000000e-02	0.00000000000000e+00	0.00000000000000e+00	2.41890714770322e+02	8.22013865265377e-01
55	169	93	131	2.37000000000000e+02	2.38761041672824e+03	3.00000000000000e-02	0.00000000000000e+00	0.00000000000000e+00	2.45240900513694e+02	-1.13936179072273e+00
56	170	94	132	2.46650000000000e+02	2.38761041672824e+03	3.00000000000000e-02	0.00000000000000e+00	0.00000000000000e+00	2.55560259649683e+02	-1.18293013522356e+00
57	171	95	133	2.98870000000000e+02	2.38761041672824e+03	3.00000000000000e-02	0.00000000000000e+00	0.00000000000000e+00	2.70354925749582e+02	3.34243535586702e+00
58	172	96	134	2.93840000000000e+02	2.38761041672824e+03	3.00000000000000e-02	0.00000000000000e+00	0.00000000000000e+00	2.85214433636562e+02	9.93136847600192e-01
59	173	97	135	3.02960000000000e+02	2.38761041672824e+03	3.00000000000000e-02	0.00000000000000e+00	0.00000000000000e+00	2.96558767915278e+02	7.11845978268144e-01
60	174	98	136	2.52440000000000e+02	2.38761041672824e+03	3.00000000000000e-02	0.00000000000000e+00	0.00000000000000e+00	3.04254832707444e+02	-6.22306730089693e+00
61	175	99	137	3.20350000000000e+02	2.38761041672824e+03	3.00000000000000e-02	0.00000000000000e+00	0.00000000000000e+00	3.15793971510514e+02	4.77471200869495e-01
62	176	100	138	2.18490000000000e+02	2.38761041672824e+03	3.00000000000000e-02	0.00000000000000e+00	0.00000000000000e+00	2.83176361961176e+02	-8.64432145955994e+00
1	118	40	79	1.40700000000000e+02	2.45044226980004e+03	3.00000000000000e-02	0.00000000000000e+00	0.00000000000000e+00	1.43330358623922e+02	-6.17406729906763e-01
3	119	41	80	1.30750000000000e+02	2.45044226980004e+03	3.00000000000000e-02	0.00000000000000e+00	0.00000000000000e+00	1.38434156602583e+02	-1.90359020169287e+00
4	120	42	81	1.20810000000000e+02	2.45044226980004e+03	3.00000000000000e-02	0.00000000000000e+00	0.00000000000000e+00	1.36406487157955e+02	-4.04734135186704e+00
2	121	43	82	1.52350000000000e+02	2.45044226980004e+03	3.00000000000000e-02	0.00000000000000e+00	0.00000000000000e+00	1.39204926871066e+02	3.00777879896875e+00
5	122	44	83	1.82080000000000e+02	2.45044226980004e+03	3.00000000000000e-02	0.00000000000000e+00	0.00000000000000e+00	1.51456772746052e+02	6.13819650371121e+00
6	123	45	84	1.93070000000000e+02	2.45044226980004e+03	3.00000000000000e-02	0.00000000000000e+00	0.00000000000000e+00	1.62567530207131e+02	5.73197771660056e+00
7	124	46	85	2.22040000000000e+02	2.45044226980004e+03	3.00000000000000e-02	0.00000000000000e+00	0.00000000000000e+00	1.80045555187463e+02	6.98825475258008e+00
8	125	47	86	2.43690000000000e+02	2.45044226980004e+03	3.00000000000000e-02	0.00000000000000e+00	0.00000000000000e+00	1.87563166285641e+02	8.72604167324636e+00
9	126	48	87	2.41170000000000e+02	2.45044226980004e+03	3.00000000000000e-02	0.00000000000000e+00	0.00000000000000e+00	1.99324685913561e+02	6.35223321236707e+00
10	127	49	88	2.25410000000000e+02	2.45044226980004e+03	3.00000000000000e-02	0.00000000000000e+00	0.00000000000000e+00	2.05139462909131e+02	3.14103038284908e+00
11	128	50	89	2.39360000000000e+02	2.45044226980004e+03	3.00000000000000e-02	0.00000000000000e+00	0.00000000000000e+00	2.10016956684406e+02	4.35934737374056e+00
12	129	51	90	2.47590000000000e+02	2.45044226980004e+03	3.00000000000000e-02	0.00000000000000e+00	0.00000000000000e+00	2.15641563102763e+02	4.60521843491752e+00
13	130	52	91	2.75850000000000e+02	2.45044226980004e+03	3.00000000000000e-02	0.00000000000000e+00	0.00000000000000e+00	2.17785939583719e+02	7.87815292840088e+00
14	131	53	92	2.31150000000000e+02	2.45044226980004e+03	3.00000000000000e-02	0.00000000000000e+00	0.00000000000000e+00	2.20024060326514e+02	1.64433149804279e+00
15	132	54	93	2.48960000000000e+02	2.45044226980004e+03	3.00000000000000e-02	0.00000000000000e+00	0.00000000000000e+00	2.20974723066355e+02	3.97479737596615e+00
16	133	55	94	2.31160000000000e+02	2.45044226980004e+03	3.00000000000000e-02	0.00000000000000e+00	0.00000000000000e+00	2.16936608493799e+02	2.11683091143794e+00
17	134	56	95	2.15040000000000e+02	2.45044226980004e+03	3.00000000000000e-02	0.00000000000000e+00	0.00000000000000e+00	2.03553599871967e+02	1.82982323663223e+00
18	135	57	96	1.91610000000000e+02	2.45044226980004e+03	3.00000000000000e-02	0.00000000000000e+00	0.00000000000000e+00	1.87263379048729e+02	7.64866206774784e-01
19	136	58	97	1.81360000000000e+02	2.45044226980004e+03	3.00000000000000e-02	0.00000000000000e+00	0.00000000000000e+00	1.74033136883912e+02	1.37460944183102e+00
20	137	59	98	1.81360000000000e+02	2.45044226980004e+03	3.00000000000000e-02	0.00000000000000e+00	0.00000000000000e+00	1.68681215985103e+02	2.41577895063069e+00
21	138	60	99	1.85210000000000e+02	2.45044226980004e+03	3.00000000000000e-02	0.00000000000000e+00	0.00000000000000e+00	1.68610522908273e+02	3.12996197870069e+00
22	139	61	100	1.49040000000000e+02	2.45044226980004e+03	3.00000000000000e-02	0.00000000000000e+00	0.00000000000000e+00	1.63725662361653e+02	-3.13258367923022e+00
23	140	62	101	1.65880000000000e+02	2.45044226980004e+03	3.00000000000000e-02	0.00000000000000e+00	0.00000000000000e+00	1.57314677966540e+02	1.76721725791822e+00
24	141	63	102	1.61900000000000e+02	2.45044226980004e+03	3.00000000000000e-02	0.00000000000000e+00	0.00000000000000e+00	1.53330552158876e+02	1.81275993757811e+00
25	142	64	103	1.22970000000000e+02	2.45044226980004e+03	3.00000000000000e-02	0.00000000000000e+00	0.00000000000000e+00	1.50936343563796e+02	-6.83059196480157e+00
26	143	65	104	1.58680000000000e+02	2.45044226980004e+03	3.00000000000000e-02	0.00000000000000e+00	0.00000000000000e+00	1.51416791448827e+02	1.56177843134578e+00
27	144	66	105	1.53570000000000e+02	2.45044226980004e+03	3.00000000000000e-02	0.00000000000000e+00	0.00000000000000e+00	1.54164801271251e+02	-1.28855973713608e-01
28	145	67	106	1.80140000000000e+02	2.45044226980004e+03	3.00000000000000e-02	0.00000000000000e+00	0.00000000000000e+00	1.58184481936951e+02	4.33241224186274e+00
29	146	68	107	2.56890000000000e+02	2.45044226980004e+03	3.00000000000000e-02	0.00000000000000e+00	0.00000000000000e+00	1.66899352998796e+02	1.43752341208648e+01
30	147	69	108	2.32180000000000e+02	2.45044226980004e+03	3.00000000000000e-02	0.00000000000000e+00	0.00000000000000e+00	1.77582282451691e+02	8.93596227661613e+00
31	148	70	109	2.07470000000000e+02	2.45044226980004e+03	3.00000000000000e-02	0.00000000000000e+00	0.00000000000000e+00	1.91497688106210e+02	2.67036716365503e+00
32	149	71	110	2.07470000000000e+02	2.45044226980004e+03	3.00000000000000e-02	0.00000000000000e+00	0.00000000000000e+00	1.95283034201560e+02	2.01789290811979e+00
33	150	72	111	2.06640000000000e+02	2.45044226980004e+03	3.00000000000000e-02	0.00000000000000e+00	0.00000000000000e+00	1.94666122561206e+02	1.98974165645570e+00
34	151	73	112	2.07910000000000e+02	2.45044226980004e+03	3.00000000000000e-02	0.00000000000000e+00	0.00000000000000e+00	1.94428138679450e+02	2.23475553034085e+00
35	152	74	113	2.02760000000000e+02	2.45044226980004e+03	3.00000000000000e-02	0.00000000000000e+00	0.00000000000000e+00	1.89710476055340e+02	2.21746379527700e+00
36	153	75	114	2.06660000000000e+02	2.45044226980004e+03	3.00000000000000e-02	0.00000000000000e+00	0.00000000000000e+00	1.89217527954610e+02	2.93925453310842e+00
37	154	76	115	2.05780000000000e+02	2.45044226980004e+03	3.00000000000000e-02	0.00000000000000e+00	0.00000000000000e+00	1.91074600037765e+02	2.47145696806923e+00
38	155	77	116	2.11810000000000e+02	2.45044226980004e+03	3.00000000000000e-02	0.00000000000000e+00	0.00000000000000e+00	1.93739941122362e+02	2.97242987693274e+00
39	156	78	117	1.85070000000000e+02	2.45044226980004e+03	3.00000000000000e-02	0.00000000000000e+00	0.00000000000000e+00	2.01444888388092e+02	-2.82605684428120e+00
40	157	79	118	2.13910000000000e+02	2.45044226980004e+03	3.00000000000000e-02	0.00000000000000e+00	0.00000000000000e+00	2.12287833827817e+02	2.53743508570133e-01
41	158	80	119	2.39060000000000e+02	2.45044226980004e+03	3.00000000000000e-02	0.00000000000000e+00	0.00000000000000e+00	2.22289687950043e+02	2.42443781815499e+00
42	159	81	120	2.44750000000000e+02	2.45044226980004e+03	3.00000000000000e-02	0.00000000000000e+00	0.00000000000000e+00	2.30696479568478e+02	1.97114587095125e+00
43	160	82	121	2.62770000000000e+02	2.45044226980004e+03	3.00000000000000e-02	0.00000000000000e+00	0.00000000000000e+00	2.40470740052378e+02	2.95602352275693e+00
44	161	83	122	2.54440000000000e+02	2.45044226980004e+03	3.00000000000000e-02	0.00000000000000e+00	0.00000000000000e+00	2.43341928598089e+02	1.48658279847581e+00
45	162	84	123	2.61690000000000e+02	2.45044226980004e+03	3.00000000000000e-02	0.00000000000000e+00	0.00000000000000e+00	2.41583988127153e+02	2.66478025189863e+00
46	163	85	124	2.64540000000000e+02	2.45044226980004e+03	3.00000000000000e-02	0.00000000000000e+00	0.00000000000000e+00	2.45473143686669e+02	2.49349738996590e+00
47	164	86	125	2.66100000000000e+02	2.45044226980004e+03	3.00000000000000e-02	0.00000000000000e+00	0.00000000000000e+00	2.45564798786452e+02	2.67704397999123e+00
48	165	87	126	2.67790000000000e+02	2.45044226980004e+03	3.00000000000000e-02	0.00000000000000e+00	0.00000000000000e+00	2.45564555585822e+02	2.88810743498346e+00
49	166	88	127	1.90830000000000e+02	2.45044226980004e+03	3.00000000000000e-02	0.00000000000000e+00	0.00000000000000e+00	2.44462874807097e+02	-8.25601589157602e+00
50	167	89	128	2.35330000000000e+02	2.45044226980004e+03	3.00000000000000e-02	0.00000000000000e+00	0.00000000000000e+00	2.43344062487328e+02	-1.11625174990303e+00
51	168	90	129	2.60430000000000e+02	2.45044226980004e+03	3.00000000000000e-02	0.00000000000000e+00	0.00000000000000e+00	2.40923252720791e+02	2.59518939129787e+00
52	169	91	130	2.06990000000000e+02	2.45044226980004e+03	3.00000000000000e-02	0.00000000000000e+00	0.00000000000000e+00	2.39180869271459e+02	-4.81831859987472e+00
53	170	92	131	2.41190000000000e+02	2.45044226980004e+03	3.00000000000000e-02	0.00000000000000e+00	0.00000000000000e+00	2.41210892854292e+02	-2.88734323318588e-03
54	171	93	132	2.48810000000000e+02	2.45044226980004e+03	3.00000000000000e-02	0.00000000000000e+00	0.00000000000000e+00	2.42092788570205e+02	9.12282549032846e-01
55	172	94	133	2.62550000000000e+02	2.45044226980004e+03	3.00000000000000e-02	0.00000000000000e+00	0.00000000000000e+00	2.52724339626408e+02	1.27140706865640e+00
56	173	95	134	2.62200000000000e+02	2.45044226980004e+03	3.00000000000000e-02	0.00000000000000e+00	0.00000000000000e+00	2.67395290693381e+02	-6.54016057162554e-01
57	174	96	135	2.43220000000000e+02	2.45044226980004e+03	3.00000000000000e-02	0.00000000000000e+00	0.00000000000000e+00	2.80133920990767e+02	-4.71004648417634e+00
58	175	97	136	3.08380000000000e+02	2.45044226980004e+03	3.00000000000000e-02	0.00000000000000e+00	0.00000000000000e+00	2.98369806138025e+02	1.09997037992550e+00
59	176	98	137	3.11460000000000e+02	2.45044226980004e+03	3.00000000000000e-02	0.00000000000000e+00	0.00000000000000e+00	2.72291335683035e+02	4.47994463019015e+00
1	121	41	81	2.12480000000000e+02	2.51327412287183e+03	3.00000000000000e-02	0.00000000000000e+00	0.00000000000000e+00	1.30285961947972e+02	1.63038708118135e+01
3	122	42	82	1.94930000000000e+02	2.51327412287183e+03	3.00000000000000e-02	0.00000000000000e+00	0.00000000000000e+00	1.29430008857366e+02	1.36500085623357e+01
4	123	43	83	1.77380000000000e+02	2.51327412287183e+03	3.00000000000000e-02	0.00000000000000e+00	0.00000000000000e+00	1.33474190509520e+02	9.47953981050880e+00
2	124	44	84	2.21310000000000e+02	2.51327412287183e+03	3.00000000000000e-02	0.00000000000000e+00	0.00000000000000e+00	1.44574406189558e+02	1.41923378937164e+01
5	125	45	85	1.60180000000000e+02	2.51327412287183e+03	3.00000000000000e-02	0.00000000000000e+00	0.00000000000000e+00	1.58119467324470e+02	4.31577109275209e-01
6	126	46	86	1.70160000000000e+02	2.51327412287183e+03	3.00000000000000e-02	0.00000000000000e+00	0.00000000000000e+00	1.67198575231323e+02	5.85233054048414e-01
7	127	47	87	1.80150000000000e+02	2.51327412287183e+03	3.00000000000000e-02	0.00000000000000e+00	0.00000000000000e+00	1.84393944433008e+02	-7.76154469625941e-01
8	128	48	88	2.12560000000000e+02	2.51327412287183e+03	3.00000000000000e-02	0.00000000000000e+00	0.00000000000000e+00	1.90997863760381e+02	3.56540193226988e+00
9	129	49	89	2.26060000000000e+02	2.51327412287183e+03	3.00000000000000e-02	0.00000000000000e+00	0.00000000000000e+00	2.02172406997448e+02	3.72265391326711e+00
10	130	50	90	2.41520000000000e+02	2.51327412287183e+03	3.00000000000000e-02	0.00000000000000e+00	0.00000000000000e+00	2.08924699196122e+02	4.83261297605967e+00
11	131	51	91	2.29180000000000e+02	2.51327412287183e+03	3.00000000000000e-02	0.00000000000000e+00	0.00000000000000e+00	2.13646382713556e+02	2.33951633166676e+00
12	132	52	92	2.38750000000000e+02	2.51327412287183e+03	3.00000000000000e-02	0.00000000000000e+00	0.00000000000000e+00	2.17678904802125e+02	3.07986387090861e+00
13	133	53	93	2.60500000000000e+02	2.51327412287183e+03	3.00000000000000e-02	0.00000000000000e+00	0.00000000000000e+00	2.19366648613433e+02	5.72861122321768e+00
14	134	54	94	2.33420000000000e+02	2.51327412287183e+03	3.00000000000000e-02	0.00000000000000e+00	0.00000000000000e+00	2.20700655352349e+02	1.86773744332619e+00
15	135	55	95	2.31130000000000e+02	2.51327412287183e+03	3.00000000000000e-02	0.00000000000000e+00	0.00000000000000e+00	2.16480149598175e+02	2.18271557726268e+00
16	136	56	96	2.17620000000000e+02	2.51327412287183e+03	3.00000000000000e-02	0.00000000000000e+00	0.00000000000000e+00	2.04645161707673e+02	2.04909538846474e+00
17	137	57	97	2.12480000000000e+02	2.51327412287183e+03	3.00000000000000e-02	0.00000000000000e+00	0.00000000000000e+00	1.88307951319990e+02	4.02564015481769e+00
18	138	58	98	1.82650000000000e+02	2.51327412287183e+03	3.00000000000000e-02	0.00000000000000e+00	0.00000000000000e+00	1.74403493170404e+02	1.54000707733960e+00
19	139	59	99	2.39490000000000e+02	2.51327412287183e+03	3.00000000000000e-02	0.00000000000000e+00	0.00000000000000e+00	1.72645879366652e+02	1.09089701916767e+01
20	140	60	100	2.39490000000000e+02	2.51327412287183e+03	3.00000000000000e-02	0.00000000000000e+00	0.00000000000000e+00	1.73546896670572e+02	1.07354600549894e+01
21	141	61	101	1.78420000000000e+02	2.51327412287183e+03	3.00000000000000e-02	0.00000000000000e+00	0.00000000000000e+00	1.69073479085413e+02	1.79356378558685e+00
22	142	62	102	1.72540000000000e+02	2.51327412287183e+03	3.00000000000000e-02	0.00000000000000e+00	0.00000000000000e+00	1.62084055056657e+02	2.08380115340295e+00
23	143	63	103	1.66710000000000e+02	2.51327412287183e+03	3.00000000000000e-02	0.00000000000000e+00	0.00000000000000e+00	1.57156961406373e+02	1.96702386174286e+00
24	144	64	104	1.34340000000000e+02	2.51327412287183e+03	3.00000000000000e-02	0.00000000000000e+00	0.00000000000000e+00	1.56450080139333e+02	-5.07876941707043e+00
25	145	65	105	1.68730000000000e+02	2.51327412287183e+03	3.00000000000000e-02	0.00000000000000e+00	0.00000000000000e+00	1.57775337074497e+02	2.23759001056516e+00
26	146	66	106	1.54070000000000e+02	2.51327412287183e+03	3.00000000000000e-02	0.00000000000000e+00	0.00000000000000e+00	1.57667402323457e+02	-7.69357370618688e-01
27	147	67	107	6.97110000000000e+02	2.51327412287183e+03	3.00000000000000e-02	0.00000000000000e+00	0.00000000000000e+00	1.62546662992522e+02	4.85326033369475e+01
28	148	68	108	4.37170000000000e+02	2.51327412287183e+03	3.00000000000000e-02	0.00000000000000e+00	0.00000000000000e+00	1.70014891190195e+02	3.14812035672106e+01
29	149	69	109	3.20910000000000e+02	2.51327412287183e+03	3.00000000000000e-02	0.00000000000000e+00	0.00000000000000e+00	1.79916393467070e+02	1.92889482579677e+01
30	150	70	110	2.62780000000000e+02	2.51327412287183e+03	3.00000000000000e-02	0.00000000000000e+00	0.00000000000000e+00	1.88842655984155e+02	1.10134339967209e+01
31	151	71	111	2.04650000000000e+02	2.51327412287183e+03	3.00000000000000e-02	0.00000000000000e+00	0.00000000000000e+00	1.95104867514095e+02	1.59213356013614e+00
32	152	72	112	2.08120000000000e+02	2.51327412287183e+03	3.00000000000000e-02	0.00000000000000e+00	0.00000000000000e+00	1.93852090498062e+02	2.36731294206279e+00
33	153	73	113	2.09170000000000e+02	2.51327412287183e+03	3.00000000000000e-02	0.00000000000000e+00	0.00000000000000e+00	1.91440172023576e+02	2.95239920963795e+00
34	154	74	114	2.07990000000000e+02	2.51327412287183e+03	3.00000000000000e-02	0.00000000000000e+00	0.00000000000000e+00	1.89736243448437e+02	3.06183620901184e+00
35	155	75	115	1.98470000000000e+02	2.51327412287183e+03	3.00000000000000e-02	0.00000000000000e+00	0.00000000000000e+00	1.89046824174026e+02	1.62144079587391e+00
36	156	76	116	2.11380000000000e+02	2.51327412287183e+03	3.00000000000000e-02	0.00000000000000e+00	0.00000000000000e+00	1.92917200635759e+02	3.04654589927840e+00
37	157	77	117	2.13430000000000e+02	2.51327412287183e+03	3.00000000000000e-02	0.00000000000000e+00	0.00000000000000e+00	1.98117968507438e+02	2.48154187456677e+00
38	158	78	118	2.21580000000000e+02	2.51327412287183e+03	3.00000000000000e-02	0.00000000000000e+00	0.00000000000000e+00	2.11403647707742e+02	1.56714566005824e+00
39	159	79	119	2.29720000000000e+02	2.51327412287183e+03	3.00000000000000e-02	0.00000000000000e+00	0.00000000000000e+00	2.23279350599955e+02	9.47916507606994e-01
40	160	80	120	2.41140000000000e+02	2.51327412287183e+03	3.00000000000000e-02	0.00000000000000e+00	0.00000000000000e+00	2.33780220594453e+02	1.03320773038347e+00
41	161	81	121	2.79940000000000e+02	2.51327412287183e+03	3.00000000000000e-02	0.00000000000000e+00	0.00000000000000e+00	2.44302831765799e+02	4.53889083167013e+00
42	162	82	122	2.59240000000000e+02	2.51327412287183e+03	3.00000000000000e-02	0.00000000000000e+00	0.00000000000000e+00	2.48278456614997e+02	1.44011161138658e+00
43	163	83	123	2.72660000000000e+02	2.51327412287183e+03	3.00000000000000e-02	0.00000000000000e+00	0.00000000000000e+00	2.49674949391705e+02	2.93552427751636e+00
44	164	84	124	2.73860000000000e+02	2.51327412287183e+03	3.00000000000000e-02	0.00000000000000e+00	0.00000000000000e+00	2.50851901156717e+02	2.92514323812657e+00
45	165	85	125	2.73270000000000e+02	2.51327412287183e+03	3.00000000000000e-02	0.00000000000000e+00	0.00000000000000e+00	2.51628687740253e+02	2.75019259577653e+00
46	166	86	126	2.69480000000000e+02	2.51327412287183e+03	3.00000000000000e-02	0.00000000000000e+00	0.00000000000000e+00	2.48677100429670e+02	2.67796355348680e+00
47	167	87	127	2.67640000000000e+02	2.51327412287183e+03	3.00000000000000e-02	0.00000000000000e+00	0.00000000000000e+00	2.48206056575057e+02	2.51278398157483e+00
48	168	88	128	1.97960000000000e+02	2.51327412287183e+03	3.00000000000000e-02	0.00000000000000e+00	0.00000000000000e+00	2.43912722393953e+02	-6.95818253715368e+00
49	169	89	129	1.87940000000000e+02	2.51327412287183e+03	3.00000000000000e-02	0.00000000000000e+00	0.00000000000000e+00	2.40516313930461e+02	-8.22217192270027e+00
50	170	90	130	1.77920000000000e+02	2.51327412287183e+03	3.00000000000000e-02	0.00000000000000e+00	0.00000000000000e+00	2.39680215596894e+02	-9.93238629286607e+00
51	171	91	131	2.44830000000000e+02	2.51327412287183e+03	3.00000000000000e-02	0.00000000000000e+00	0.00000000000000e+00	2.39348342125610e+02	7.54803430138266e-01
52	172	92	132	2.77320000000000e+02	2.51327412287183e+03	3.00000000000000e-02	0.00000000000000e+00	0.00000000000000e+00	2.42689185679045e+02	4.44635069077535e+00
53	173	93	133	2.59410000000000e+02	2.51327412287183e+03	3.00000000000000e-02	0.00000000000000e+00	0.00000000000000e+00	2.49354722975311e+02	1.31777828931557e+00
54	174	94	134	2.29300000000000e+02	2.51327412287183e+03	3.00000000000000e-02	0.00000000000000e+00	0.00000000000000e+00	2.53178408046268e+02	-3.30210734971240e+00
55	175	95	135	2.73320000000000e+02	2.51327412287183e+03	3.00000000000000e-02	0.00000000000000e+00	0.00000000000000e+00	2.65102062208333e+02	1.01761258883609e+00
56	176	96	136	2.19550000000000e+02	2.51327412287183e+03	3.00000000000000e-02	0.00000000000000e+00	0.00000000000000e+00	2.46774519820178e+02	-3.89650158246540e+00
1	124	42	83	1.65780000000000e+02	2.57610597594363e+03	3.00000000000000e-02	0.00000000000000e+00	0.00000000000000e+00	1.29626664417710e+02	8.20010338145944e+00
3	125	43	84	1.39290000000000e+02	2.57610597594363e+03	3.00000000000000e-02	0.00000000000000e+00	0.00000000000000e+00	1.34616080948160e+02	1.13770694998448e+00
4	126	44	85	1.09430000000000e+02	2.57610597594363e+03	3.00000000000000e-02	0.00000000000000e+00	0.00000000000000e+00	1.39104477398039e+02	-7.99800704402047e+00
2	127	45	86	1.44290000000000e+02	2.57610597594363e+03	3.00000000000000e-02	0.00000000000000e+00	0.00000000000000e+00	1.47645117688969e+02	-7.66212584917418e-01
5	128	46	87	1.79160000000000e+02	2.57610597594363e+03	3.00000000000000e-02	0.00000000000000e+00	0.00000000000000e+00	1.61016340230982e+02	3.55911364622372e+00
6	129	47	88	1.41250000000000e+02	2.57610597594363e+03	3.00000000000000e-02	0.00000000000000e+00	0.00000000000000e+00	1.71740430452490e+02	-6.51509472113932e+00
7	130	48	89	2.08600000000000e+02	2.57610597594363e+03	3.00000000000000e-02	0.00000000000000e+00	0.00000000000000e+00	1.90643113624472e+02	3.00051258090053e+00
8	131	49	90	2.32280000000000e+02	2.57610597594363e+03	3.00000000000000e-02	0.00000000000000e+00	0.00000000000000e+00	1.96218152499922e+02	5.62388257551237e+00
9	132	50	91	2.37320000000000e+02	2.57610597594363e+03	3.00000000000000e-02	0.00000000000000e+00	0.00000000000000e+00	2.05984354544332e+02	4.72030747663471e+00
10	133	51	92	2.18980000000000e+02	2.57610597594363e+03	3.00000000000000e-02	0.00000000000000e+00	0.00000000000000e+00	2.08704790639265e+02	1.60198776524411e+00
11	134	52	93	2.39500000000000e+02	2.57610597594363e+03	3.00000000000000e-02	0.00000000000000e+00	0.00000000000000e+00	2.13828980004272e+02	3.77922933951099e+00
12	135	53	94	2.55010000000000e+02	2.57610597594363e+03	3.00000000000000e-02	0.00000000000000e+00	0.00000000000000e+00	2.21040104788975e+02	4.76528684627612e+00
13	136	54	95	2.98230000000000e+02	2.57610597594363e+03	3.00000000000000e-02	0.00000000000000e+00	0.00000000000000e+00	2.21549582664436e+02	9.90728623188989e+00
14	137	55	96	2.13450000000000e+02	2.57610597594363e+03	3.00000000000000e-02	0.00000000000000e+00	0.00000000000000e+00	2.17480043880256e+02	-6.23482694686217e-01
15	138	56	97	2.15240000000000e+02	2.57610597594363e+03	3.00000000000000e-02	0.00000000000000e+00	0.00000000000000e+00	2.05609886304279e+02	1.52576890195727e+00
16	139	57	98	2.12810000000000e+02	2.57610597594363e+03	3.00000000000000e-02	0.00000000000000e+00	0.00000000000000e+00	1.91163130178939e+02	3.57575335380878e+00
17	140	58	99	1.90290000000000e+02	2.57610597594363e+03	3.00000000000000e-02	0.00000000000000e+00	0.00000000000000e+00	1.79648133191433e+02	1.91830340575046e+00
18	141	59	100	1.73500000000000e+02	2.57610597594363e+03	3.00000000000000e-02	0.00000000000000e+00	0.00000000000000e+00	1.75909814505359e+02	-4.59794891243111e-01
19	142	60	101	1.56720000000000e+02	2.57610597594363e+03	3.00000000000000e-02	0.00000000000000e+00	0.00000000000000e+00	1.77881031132832e+02	-4.22180629261441e+00
20	143	61	102	1.56720000000000e+02	2.57610597594363e+03	3.00000000000000e-02	0.00000000000000e+00	0.00000000000000e+00	1.72743183441892e+02	-3.24484097137215e+00
21	144	62	103	1.68850000000000e+02	2.57610597594363e+03	3.00000000000000e-02	0.00000000000000e+00	0.00000000000000e+00	1.65201142914085e+02	7.28232246749894e-01
22	145	63	104	1.70860000000000e+02	2.57610597594363e+03	3.00000000000000e-02	0.00000000000000e+00	0.00000000000000e+00	1.62571323791726e+02	1.65758955358604e+00
23	146	64	105	1.68610000000000e+02	2.57610597594363e+03	3.00000000000000e-02	0.00000000000000e+00	0.00000000000000e+00	1.63075572909816e+02	1.11248749820806e+00
24	147	65	106	1.69180000000000e+02	2.57610597594363e+03	3.00000000000000e-02	0.00000000000000e+00	0.00000000000000e+00	1.62313519362422e+02	1.38111557422211e+00
25	148	66	107	1.56820000000000e+02	2.57610597594363e+03	3.00000000000000e-02	0.00000000000000e+00	0.00000000000000e+00	1.64049601746572e+02	-1.50233936556526e+00
26	149	67	108	1.56820000000000e+02	2.57610597594363e+03	3.00000000000000e-02	0.00000000000000e+00	0.00000000000000e+00	1.68648806716207e+02	-2.42399450585321e+00
27	150	68	109	1.90410000000000e+02	2.57610597594363e+03	3.00000000000000e-02	0.00000000000000e+00	0.00000000000000e+00	1.75459081769422e+02	2.72579261919267e+00
28	151	69	110	1.81810000000000e+02	2.57610597594363e+03	3.00000000000000e-02	0.00000000000000e+00	0.00000000000000e+00	1.81627993243026e+02	3.33861209840395e-02
29	152	70	111	1.98230000000000e+02	2.57610597594363e+03	3.00000000000000e-02	0.00000000000000e+00	0.00000000000000e+00	1.85380700408000e+02	2.23388073443556e+00
30	153	71	112	1.98230000000000e+02	2.57610597594363e+03	3.00000000000000e-02	0.00000000000000e+00	0.00000000000000e+00	1.90684229498980e+02	1.29363871585536e+00
31	154	72	113	2.12610000000000e+02	2.57610597594363e+03	3.00000000000000e-02	0.00000000000000e+00	0.00000000000000e+00	1.94456464867238e+02	2.97503981674823e+00
32	155	73	114	2.23270000000000e+02	2.57610597594363e+03	3.00000000000000e-02	0.00000000000000e+00	0.00000000000000e+00	1.92706533126556e+02	4.90711078229819e+00
33	156	74	115	2.13520000000000e+02	2.57610597594363e+03	3.00000000000000e-02	0.00000000000000e+00	0.00000000000000e+00	1.92390754507931e+02	3.47340071707831e+00
34	157	75	116	2.09520000000000e+02	2.57610597594363e+03	3.00000000000000e-02	0.00000000000000e+00	0.00000000000000e+00	1.93913358079761e+02	2.58025829104656e+00
35	158	76	117	1.97070000000000e+02	2.57610597594363e+03	3.00000000000000e-02	0.00000000000000e+00	0.00000000000000e+00	1.95711329944309e+02	2.30607613133641e-01
36	159	77	118	2.09210000000000e+02	2.57610597594363e+03	3.00000000000000e-02	0.00000000000000e+00	0.00000000000000e+00	2.03398565498108e+02	9.39036707365807e-01
37	160	78	119	1.88930000000000e+02	2.57610597594363e+03	3.00000000000000e-02	0.00000000000000e+00	0.00000000000000e+00	2.17779828811374e+02	-4.73693389233931e+00
38	161	79	120	2.57130000000000e+02	2.57610597594363e+03	3.00000000000000e-02	0.00000000000000e+00	0.00000000000000e+00	2.32513495686917e+02	3.35445080902854e+00
39	162	80	121	2.29900000000000e+02	2.57610597594363e+03	3.00000000000000e-02	0.00000000000000e+00	0.00000000000000e+00	2.45142083162314e+02	-2.13978473183956e+00
40	163	81	122	2.50570000000000e+02	2.57610597594363e+03	3.00000000000000e-02	0.00000000000000e+00	0.00000000000000e+00	2.51085348584243e+02	-6.84864309047721e-02
41	164	82	123	3.18990000000000e+02	2.57610597594363e+03	3.00000000000000e-02	0.00000000000000e+00	0.00000000000000e+00	2.54905795737267e+02	7.47552353031651e+00
42	165	83	124	2.86240000000000e+02	2.57610597594363e+03	3.00000000000000e-02	0.00000000000000e+00	0.00000000000000e+00	2.58719568396843e+02	3.36952973859823e+00
43	166	84	125	2.72250000000000e+02	2.57610597594363e+03	3.00000000000000e-02	0.00000000000000e+00	0.00000000000000e+00	2.54889454029686e+02	2.19636080859698e+00
44	167	85	126	2.73210000000000e+02	2.57610597594363e+03	3.00000000000000e-02	0.00000000000000e+00	0.00000000000000e+00	2.52342939087826e+02	2.64838994945995e+00
45	168	86	127	2.65190000000000e+02	2.57610597594363e+03	3.00000000000000e-02	0.00000000000000e+00	0.00000000000000e+00	2.51321841278183e+02	1.79040654243415e+00
46	169	87	128	2.64730000000000e+02	2.57610597594363e+03	3.00000000000000e-02	0.00000000000000e+00	0.00000000000000e+00	2.48029204799856e+02	2.17213127138451e+00
47	170	88	129	2.61540000000000e+02	2.57610597594363e+03	3.00000000000000e-02	0.00000000000000e+00	0.00000000000000e+00	2.43933841590515e+02	2.32300626576694e+00
48	171	89	130	2.34640000000000e+02	2.57610597594363e+03	3.00000000000000e-02	0.00000000000000e+00	0.00000000000000e+00	2.39607296756048e+02	-6.98296500503363e-01
49	172	90	131	2.32160000000000e+02	2.57610597594363e+03	3.00000000000000e-02	0.00000000000000e+00	0.00000000000000e+00	2.39653203287291e+02	-1.05887009678858e+00
50	173	91	132	2.16260000000000e+02	2.57610597594363e+03	3.00000000000000e-02	0.00000000000000e+00	0.00000000000000e+00	2.42312335178594e+02	-3.79153825705648e+00
51	174	92	133	2.12010000000000e+02	2.57610597594363e+03	3.00000000000000e-02	0.00000000000000e+00	0.00000000000000e+00	2.48691300126482e+02	-5.31929751430947e+00
52	175	93	134	2.88730000000000e+02	2.57610597594363e+03	3.00000000000000e-02	0.00000000000000e+00	0.00000000000000e+00	2.56547355174328e+02	3.93929090782145e+00
53	176	94	135	2.14850000000000e+02	2.57610597594363e+03	3.00000000000000e-02	0.00000000000000e+00	0.00000000000000e+00	2.29937322469764e+02	-2.26222168544311e+00
1	127	43	85	1.59940000000000e+02	2.63893782901543e+03	3.00000000000000e-02	0.00000000000000e+00	0.00000000000000e+00	1.34134656598830e+02	5.86515165118522e+00
3	128	44	86	8.32900000000000e+01	2.63893782901543e+03	3.00000000000000e-02	0.00000000000000e+00	0.00000000000000e+00	1.37697573900207e+02	-1.67577097632422e+01
4	129	45	87	8.24600000000000e+01	2.63893782901543e+03	3.00000000000000e-02	0.00000000000000e+00	0.00000000000000e+00	1.42260091589270e+02	-1.81781228614150e+01
2	130	46	88	1.24320000000000e+02	2.63893782901543e+03	3.00000000000000e-02	0.00000000000000e+00	0.00000000000000e+00	1.53749474760983e+02	-7.08218679575747e+00
5	131	47	89	1.66180000000000e+02	2.63893782901543e+03	3.00000000000000e-02	0.00000000000000e+00	0.00000000000000e+00	1.68655270536709e+02	-4.92842470398121e-01
6	132	48	90	1.98840000000000e+02	2.63893782901543e+03	3.00000000000000e-02	0.00000000000000e+00	0.00000000000000e+00	1.77529915188525e+02	3.77871167460876e+00
7	133	49	91	2.13460000000000e+02	2.63893782901543e+03	3.00000000000000e-02	0.00000000000000e+00	0.00000000000000e+00	1.92988725408079e+02	3.36058972873422e+00
8	134	50	92	2.21110000000000e+02	2.63893782901543e+03	3.00000000000000e-02	0.00000000000000e+00	0.00000000000000e+00	1.95571927176081e+02	4.09106965127443e+00
9	135	51	93	2.62860000000000e+02	2.63893782901543e+03	3.00000000000000e-02	0.00000000000000e+00	0.00000000000000e+00	2.05816212111719e+02	8.15459915678423e+00
10	136	52	94	2.19290000000000e+02	2.63893782901543e+03	3.00000000000000e-02	0.00000000000000e+00	0.00000000000000e+00	2.12407596540258e+02	1.06293335884233e+00
11	137	53	95	1.75710000000000e+02	2.63893782901543e+03	3.00000000000000e-02	0.00000000000000e+00	0.00000000000000e+00	2.18914499779261e+02	-7.32821109497547e+00
12	138	54	96	2.45050000000000e+02	2.63893782901543e+03	3.00000000000000e-02	0.00000000000000e+00	0.00000000000000e+00	2.23785666571967e+02	3.02578410768044e+00
13	139	55	97	2.38000000000000e+02	2.63893782901543e+03	3.00000000000000e-02	0.00000000000000e+00	0.00000000000000e+00	2.19610272129413e+02	2.68053961948308e+00
14	140	56	98	2.18040000000000e+02	2.63893782901543e+03	3.00000000000000e-02	0.00000000000000e+00	0.00000000000000e+00	2.08118115353691e+02	1.55242504633912e+00
15	141	57	99	2.03250000000000e+02	2.63893782901543e+03	3.00000000000000e-02	0.00000000000000e+00	0.00000000000000e+00	1.95590222616272e+02	1.28049929003182e+00
16	142	58	100	1.96010000000000e+02	2.63893782901543e+03	3.00000000000000e-02	0.00000000000000e+00	0.00000000000000e+00	1.85174087201888e+02	1.89564279436342e+00
17	143	59	101	2.17300000000000e+02	2.63893782901543e+03	3.00000000000000e-02	0.00000000000000e+00	0.00000000000000e+00	1.81662345928111e+02	5.97097218106821e+00
18	144	60	102	2.46060000000000e+02	2.63893782901543e+03	3.00000000000000e-02	0.00000000000000e+00	0.00000000000000e+00	1.79285813863197e+02	1.05531383569784e+01
19	145	61	103	2.74830000000000e+02	2.63893782901543e+03	3.00000000000000e-02	0.00000000000000e+00	0.00000000000000e+00	1.73456393336251e+02	1.53408830712018e+01
20	146	62	104	2.26410000000000e+02	2.63893782901543e+03	3.00000000000000e-02	0.00000000000000e+00	0.00000000000000e+00	1.68883291307071e+02	9.77132075288670e+00
21	147	63	105	1.77990000000000e+02	2.63893782901543e+03	3.00000000000000e-02	0.00000000000000e+00	0.00000000000000e+00	1.69413193208492e+02	1.64622359223262e+00
22	148	64	106	1.68440000000000e+02	2.63893782901543e+03	3.00000000000000e-02	0.00000000000000e+00	0.00000000000000e+00	1.68892977856550e+02	-8.95214636675708e-02
23	149	65	107	1.50090000000000e+02	2.63893782901543e+03	3.00000000000000e-02	0.00000000000000e+00	0.00000000000000e+00	1.68933921115474e+02	-3.94241749926542e+00
24	150	66	108	1.50090000000000e+02	2.63893782901543e+03	3.00000000000000e-02	0.00000000000000e+00	0.00000000000000e+00	1.70708937164076e+02	-4.29082900772097e+00
25	151	67	109	1.21040000000000e+02	2.63893782901543e+03	3.00000000000000e-02	0.00000000000000e+00	0.00000000000000e+00	1.76458735530852e+02	-1.25655328844356e+01
26	152	68	110	1.52260000000000e+02	2.63893782901543e+03	3.00000000000000e-02	0.00000000000000e+00	0.00000000000000e+00	1.79286940092228e+02	-5.44659845923115e+00
27	153	69	111	1.83480000000000e+02	2.63893782901543e+03	3.00000000000000e-02	0.00000000000000e+00	0.00000000000000e+00	1.81440180489967e+02	3.72655147538303e-01
28	154	70	112	1.98050000000000e+02	2.63893782901543e+03	3.00000000000000e-02	0.00000000000000e+00	0.00000000000000e+00	1.85848548322268e+02	2.11958127911220e+00
29	155	71	113	1.98050000000000e+02	2.63893782901543e+03	3.00000000000000e-02	0.00000000000000e+00	0.00000000000000e+00	1.90531620023442e+02	1.29004529666767e+00
30	156	72	114	2.24360000000000e+02	2.63893782901543e+03	3.00000000000000e-02	0.00000000000000e+00	0.00000000000000e+00	1.93879844252800e+02	4.86710989936000e+00
31	157	73	115	2.38740000000000e+02	2.63893782901543e+03	3.00000000000000e-02	0.00000000000000e+00	0.00000000000000e+00	1.97521193369893e+02	6.31764022936124e+00
32	158	74	116	2.18670000000000e+02	2.63893782901543e+03	3.00000000000000e-02	0.00000000000000e+00	0.00000000000000e+00	1.97290118272513e+02	3.42961390233135e+00
33	159	75	117	2.20870000000000e+02	2.63893782901543e+03	3.00000000000000e-02	0.00000000000000e+00	0.00000000000000e+00	1.97206060372573e+02	3.77750397788758e+00
34	160	76	118	1.92800000000000e+02	2.63893782901543e+03	3.00000000000000e-02	0.00000000000000e+00	0.00000000000000e+00	2.02994632614322e+02	-1.71753853974185e+00
35	161	77	119	2.09010000000000e+02	2.63893782901543e+03	3.00000000000000e-02	0.00000000000000e+00	0.00000000000000e+00	2.09079244355667e+02	-1.10413996109967e-02
36	162	78	120	2.03020000000000e+02	2.63893782901543e+03	3.00000000000000e-02	0.00000000000000e+00	0.00000000000000e+00	2.21781495652885e+02	-2.94627156681010e+00
37	163	79	121	2.40420000000000e+02	2.63893782901543e+03	3.00000000000000e-02	0.00000000000000e+00	0.00000000000000e+00	2.38684251246493e+02	2.41527996353330e-01
38	164	80	122	2.50190000000000e+02	2.63893782901543e+03	3.00000000000000e-02	0.00000000000000e+00	0.00000000000000e+00	2.49503916080387e+02	9.15339475705324e-02
39	165	81	123	2.74780000000000e+02	2.63893782901543e+03	3.00000000000000e-02	0.00000000000000e+00	0.00000000000000e+00	2.55961114962876e+02	2.36484130765560e+00
40	166	82	124	2.41730000000000e+02	2.63893782901543e+03	3.00000000000000e-02	0.00000000000000e+00	0.00000000000000e+00	2.61353043907360e+02	-2.60169170450017e+00
41	167	83	125	3.08030000000000e+02	2.63893782901543e+03	3.00000000000000e-02	0.00000000000000e+00	0.00000000000000e+00	2.61237915842347e+02	5.49218779224476e+00
42	168	84	126	2.75840000000000e+02	2.63893782901543e+03	3.00000000000000e-02	0.00000000000000e+00	0.00000000000000e+00	2.56122183624088e+02	2.47221256919804e+00
43	169	85	127	2.82220000000000e+02	2.63893782901543e+03	3.00000000000000e-02	0.00000000000000e+00	0.00000000000000e+00	2.54632980580783e+02	3.42878973622304e+00
44	170	86	128	2.71820000000000e+02	2.63893782901543e+03	3.00000000000000e-02	0.00000000000000e+00	0.00000000000000e+00	2.52674685153716e+02	2.43457502065419e+00
45	171	87	129	2.69090000000000e+02	2.63893782901543e+03	3.00000000000000e-02	0.00000000000000e+00	0.00000000000000e+00	2.48262053351505e+02	2.68536803700229e+00
46	172	88	130	3.16100000000000e+02	2.63893782901543e+03	3.00000000000000e-02	0.00000000000000e+00	0.00000000000000e+00	2.44289759782929e+02	8.59011861341295e+00
47	173	89	131	1.87060000000000e+02	2.63893782901543e+03	3.00000000000000e-02	0.00000000000000e+00	0.00000000000000e+00	2.42706368090079e+02	-8.68076433023933e+00
48	174	90	132	2.27890000000000e+02	2.63893782901543e+03	3.00000000000000e-02	0.00000000000000e+00	0.00000000000000e+00	2.41124085143164e+02	-1.88162069018206e+00
49	175	91	133	2.68730000000000e+02	2.63893782901543e+03	3.00000000000000e-02	0.00000000000000e+00	0.00000000000000e+00	2.50064924009548e+02	2.39955259609201e+00
50	176	92	134	1.72180000000000e+02	2.63893782901543e+03	3.00000000000000e-02	0.00000000000000e+00	0.00000000000000e+00	2.28372684382493e+02	-9.41461446255657e+00
1	130	44	87	9.66700000000000e+01	2.70176968208722e+03	3.00000000000000e-02	0.00000000000000e+00	0.00000000000000e+00	1.40085429755168e+02	-1.23649777521912e+01
3	131	45	88	1.05440000000000e+02	2.70176968208722e+03	3.00000000000000e-02	0.00000000000000e+00	0.00000000000000e+00	1.44703506411477e+02	-1.05514931624507e+01
4	132	46	89	1.14200000000000e+02	2.70176968208722e+03	3.00000000000000e-02	0.00000000000000e+00	0.00000000000000e+00	1.49000888918077e+02	-8.86669915329620e+00
2	133	47	90	1.47880000000000e+02	2.70176968208722e+03	3.00000000000000e-02	0.00000000000000e+00	0.00000000000000e+00	1.58282494878284e+02	-2.26600815866744e+00
5	134	48	91	1.81550000000000e+02	2.70176968208722e+03	3.00000000000000e-02	0.00000000000000e+00	0.00000000000000e+00	1.70971948396138e+02	2.00105330938258e+00
6	135	49	92	1.89750000000000e+02	2.70176968208722e+03	3.00000000000000e-02	0.00000000000000e+00	0.00000000000000e+00	1.77277204234842e+02	2.26642610590429e+00
7	136	50	93	2.14910000000000e+02	2.70176968208722e+03	3.00000000000000e-02	0.00000000000000e+00	0.00000000000000e+00	1.94218558896329e+02	3.37450728844978e+00
8	137	51	94	2.56510000000000e+02	2.70176968208722e+03	3.00000000000000e-02	0.00000000000000e+00	0.00000000000000e+00	1.99092475727312e+02	8.44660770914884e+00
9	138	52	95	2.98120000000000e+02	2.70176968208722e+03	3.00000000000000e-02	0.00000000000000e+00	0.00000000000000e+00	2.10561195943546e+02	1.15906587356533e+01
10	139	53	96	2.27260000000000e+02	2.70176968208722e+03	3.00000000000000e-02	0.00000000000000e+00	0.00000000000000e+00	2.17905313226124e+02	1.40113703514825e+00
11	140	54	97	2.40510000000000e+02	2.70176968208722e+03	3.00000000000000e-02	0.00000000000000e+00	0.00000000000000e+00	2.22645685366109e+02	2.57266718972765e+00
12	141	55	98	2.37670000000000e+02	2.70176968208722e+03	3.00000000000000e-02	0.00000000000000e+00	0.00000000000000e+00	2.22534807248315e+02	2.19332101503020e+00
13	142	56	99	2.35010000000000e+02	2.70176968208722e+03	3.00000000000000e-02	0.00000000000000e+00	0.00000000000000e+00	2.13534046294942e+02	3.19439263505223e+00
14	143	57	100	2.08230000000000e+02	2.70176968208722e+03	3.00000000000000e-02	0.00000000000000e+00	0.00000000000000e+00	2.00948698724417e+02	1.18645309213621e+00
15	144	58	101	1.94110000000000e+02	2.70176968208722e+03	3.00000000000000e-02	0.00000000000000e+00	0.00000000000000e+00	1.89526847623952e+02	7.96477269326375e-01
16	145	59	102	2.27250000000000e+02	2.70176968208722e+03	3.00000000000000e-02	0.00000000000000e+00	0.00000000000000e+00	1.83812638437137e+02	7.07112545334810e+00
17	146	60	103	1.83800000000000e+02	2.70176968208722e+03	3.00000000000000e-02	0.00000000000000e+00	0.00000000000000e+00	1.80714048335106e+02	5.64409045893921e-01
18	147	61	104	1.06780000000000e+02	2.70176968208722e+03	3.00000000000000e-02	0.00000000000000e+00	0.00000000000000e+00	1.75884673233983e+02	-1.66352623823232e+01
19	148	62	105	6.82700000000000e+01	2.70176968208722e+03	3.00000000000000e-02	0.00000000000000e+00	0.00000000000000e+00	1.74725620937019e+02	-3.13248810574254e+01
20	149	63	106	1.18360000000000e+02	2.70176968208722e+03	3.00000000000000e-02	0.00000000000000e+00	0.00000000000000e+00	1.73531056762781e+02	-1.27541919116878e+01
21	150	64	107	1.68460000000000e+02	2.70176968208722e+03	3.00000000000000e-02	0.00000000000000e+00	0.00000000000000e+00	1.75303140739233e+02	-1.32727917490107e+00
22	151	65	108	1.68460000000000e+02	2.70176968208722e+03	3.00000000000000e-02	0.00000000000000e+00	0.00000000000000e+00	1.77143898370340e+02	-1.67546848454521e+00
23	152	66	109	1.79880000000000e+02	2.70176968208722e+03	3.00000000000000e-02	0.00000000000000e+00	0.00000000000000e+00	1.77830537205552e+02	3.81963441921881e-01
24	153	67	110	1.51420000000000e+02	2.70176968208722e+03	3.00000000000000e-02	0.00000000000000e+00	0.00000000000000e+00	1.80940444148881e+02	-5.93701688647833e+00
25	154	68	111	1.22960000000000e+02	2.70176968208722e+03	3.00000000000000e-02	0.00000000000000e+00	0.00000000000000e+00	1.82258380067730e+02	-1.31188750589524e+01
26	155	69	112	1.53160000000000e+02	2.70176968208722e+03	3.00000000000000e-02	0.00000000000000e+00	0.00000000000000e+00	1.86536309849713e+02	-6.57142614693817e+00
27	156	70	113	1.95670000000000e+02	2.70176968208722e+03	3.00000000000000e-02	0.00000000000000e+00	0.00000000000000e+00	1.90352369004620e+02	9.18421283984383e-01
28	157	71	114	1.95670000000000e+02	2.70176968208722e+03	3.00000000000000e-02	0.00000000000000e+00	0.00000000000000e+00	1.93369857765818e+02	3.94161676077272e-01
29	158	72	115	2.37480000000000e+02	2.70176968208722e+03	3.00000000000000e-02	0.00000000000000e+00	0.00000000000000e+00	1.96828489549027e+02	6.25835570976596e+00
30	159	73	116	2.62080000000000e+02	2.70176968208722e+03	3.00000000000000e-02	0.00000000000000e+00	0.00000000000000e+00	1.98715694444315e+02	9.22582228659925e+00
31	160	74	117	2.21080000000000e+02	2.70176968208722e+03	3.00000000000000e-02	0.00000000000000e+00	0.00000000000000e+00	2.01798877854462e+02	3.04176932475227e+00
32	161	75	118	1.83230000000000e+02	2.70176968208722e+03	3.00000000000000e-02	0.00000000000000e+00	0.00000000000000e+00	2.04897183560244e+02	-3.72553718075637e+00
33	162	76	119	2.19250000000000e+02	2.70176968208722e+03	3.00000000000000e-02	0.00000000000000e+00	0.00000000000000e+00	2.08614025318526e+02	1.65756184927647e+00
34	163	77	120	2.23300000000000e+02	2.70176968208722e+03	3.00000000000000e-02	0.00000000000000e+00	0.00000000000000e+00	2.15042471860292e+02	1.25602022304534e+00
35	164	78	121	2.07460000000000e+02	2.70176968208722e+03	3.00000000000000e-02	0.00000000000000e+00	0.00000000000000e+00	2.27183223237501e+02	-3.02727642442226e+00
36	165	79	122	2.55400000000000e+02	2.70176968208722e+03	3.00000000000000e-02	0.00000000000000e+00	0.00000000000000e+00	2.38088538903807e+02	2.33961089684920e+00
37	166	80	123	2.15370000000000e+02	2.70176968208722e+03	3.00000000000000e-02	0.00000000000000e+00	0.00000000000000e+00	2.47738541091010e+02	-4.66721469936191e+00
38	167	81	124	2.70520000000000e+02	2.70176968208722e+03	3.00000000000000e-02	0.00000000000000e+00	0.00000000000000e+00	2.58189175854318e+02	1.55511589095439e+00
39	168	82	125	2.73730000000000e+02	2.70176968208722e+03	3.00000000000000e-02	0.00000000000000e+00	0.00000000000000e+00	2.62786797459167e+02	1.35997239104485e+00
40	169	83	126	2.99680000000000e+02	2.70176968208722e+03	3.00000000000000e-02	0.00000000000000e+00	0.00000000000000e+00	2.61737485695471e+02	4.51244000765131e+00
41	170	84	127	2.71580000000000e+02	2.70176968208722e+03	3.00000000000000e-02	0.00000000000000e+00	0.00000000000000e+00	2.60504882974883e+02	1.38783832092123e+00
42	171	85	128	2.83280000000000e+02	2.70176968208722e+03	3.00000000000000e-02	0.00000000000000e+00	0.00000000000000e+00	2.56563228289990e+02	3.30202231718045e+00
43	172	86	129	2.70320000000000e+02	2.70176968208722e+03	3.00000000000000e-02	0.00000000000000e+00	0.00000000000000e+00	2.53514621571477e+02	2.13949807517357e+00
44	173	87	130	2.59500000000000e+02	2.70176968208722e+03	3.00000000000000e-02	0.00000000000000e+00	0.00000000000000e+00	2.50538002597928e+02	1.17153622032019e+00
45	174	88	131	3.44510000000000e+02	2.70176968208722e+03	3.00000000000000e-02	0.00000000000000e+00	0.00000000000000e+00	2.45885118292233e+02	1.12419563188741e+01
46	175	89	132	4.29530000000000e+02	2.70176968208722e+03	3.00000000000000e-02	0.00000000000000e+00	0.00000000000000e+00	2.47214689052091e+02	1.84144814032115e+01
47	176	90	133	3.16870000000000e+02	2.70176968208722e+03	3.00000000000000e-02	0.00000000000000e+00	0.00000000000000e+00	2.25114220215369e+02	1.13961225443511e+01
1	133	45	89	1.70770000000000e+02	2.76460153515902e+03	3.00000000000000e-02	0.00000000000000e+00	0.00000000000000e+00	1.45381293424538e+02	5.36525736762986e+00
3	134	46	90	1.22290000000000e+02	2.76460153515902e+03	3.00000000000000e-02	0.00000000000000e+00	0.00000000000000e+00	1.48191249479526e+02	-6.40361308567113e+00
4	135	47	91	1.45380000000000e+02	2.76460153515902e+03	3.00000000000000e-02	0.00000000000000e+00	0.00000000000000e+00	1.51860525572637e+02	-1.45371668749995e+00
2	136	48	92	1.68460000000000e+02	2.76460153515902e+03	3.00000000000000e-02	0.00000000000000e+00	0.00000000000000e+00	1.59854084458559e+02	1.74789686289939e+00
5	137	49	93	1.80870000000000e+02	2.76460153515902e+03	3.00000000000000e-02	0.00000000000000e+00	0.00000000000000e+00	1.72824399388960e+02	1.51674981998940e+00
6	138	50	94	2.08920000000000e+02	2.76460153515902e+03	3.00000000000000e-02	0.00000000000000e+00	0.00000000000000e+00	1.81378830873997e+02	4.71211904322238e+00
7	139	51	95	1.86020000000000e+02	2.76460153515902e+03	3.00000000000000e-02	0.00000000000000e+00	0.00000000000000e+00	1.98744883039857e+02	-2.20559375590937e+00
8	140	52	96	2.35370000000000e+02	2.76460153515902e+03	3.00000000000000e-02	0.00000000000000e+00	0.00000000000000e+00	2.03945574921937e+02	4.77685251342234e+00
9	141	53	97	2.97600000000000e+02	2.76460153515902e+03	3.00000000000000e-02	0.00000000000000e+00	0.00000000000000e+00	2.16202479088931e+02	1.06511643724422e+01
10	142	54	98	2.62440000000000e+02	2.76460153515902e+03	3.00000000000000e-02	0.00000000000000e+00	0.00000000000000e+00	2.22191041730619e+02	5.54949747759030e+00
11	143	55	99	2.40120000000000e+02	2.76460153515902e+03	3.00000000000000e-02	0.00000000000000e+00	0.00000000000000e+00	2.24921982322079e+02	2.17950671814856e+00
12	144	56	100	2.28920000000000e+02	2.76460153515902e+03	3.00000000000000e-02	0.00000000000000e+00	0.00000000000000e+00	2.18675310643143e+02	1.52615225553327e+00
13	145	57	101	1.94070000000000e+02	2.76460153515902e+03	3.00000000000000e-02	0.00000000000000e+00	0.00000000000000e+00	2.04803034999369e+02	-1.79432645547998e+00
14	146	58	102	1.95060000000000e+02	2.76460153515902e+03	3.00000000000000e-02	0.00000000000000e+00	0.00000000000000e+00	1.90882954460486e+02	7.21558907002636e-01
15	147	59	103	2.50080000000000e+02	2.76460153515902e+03	3.00000000000000e-02	0.00000000000000e+00	0.00000000000000e+00	1.84774680658505e+02	1.00881242091968e+01
16	148	60	104	1.71430000000000e+02	2.76460153515902e+03	3.00000000000000e-02	0.00000000000000e+00	0.00000000000000e+00	1.85076905772684e+02	-2.55321418520478e+00
17	149	61	105	1.41480000000000e+02	2.76460153515902e+03	3.00000000000000e-02	0.00000000000000e+00	0.00000000000000e+00	1.82316074468159e+02	-8.45278297895951e+00
18	150	62	106	1.74030000000000e+02	2.76460153515902e+03	3.00000000000000e-02	0.00000000000000e+00	0.00000000000000e+00	1.77291708324251e+02	-6.18958249327228e-01
19	151	63	107	2.14950000000000e+02	2.76460153515902e+03	3.00000000000000e-02	0.00000000000000e+00	0.00000000000000e+00	1.79275392764852e+02	6.04941041082778e+00
20	152	64	108	2.14950000000000e+02	2.76460153515902e+03	3.00000000000000e-02	0.00000000000000e+00	0.00000000000000e+00	1.80995933995233e+02	5.73102920145073e+00
21	153	65	109	1.45860000000000e+02	2.76460153515902e+03	3.00000000000000e-02	0.00000000000000e+00	0.00000000000000e+00	1.84128040469427e+02	-7.76613767208717e+00
22	154	66	110	1.46850000000000e+02	2.76460153515902e+03	3.00000000000000e-02	0.00000000000000e+00	0.00000000000000e+00	1.84548690827576e+02	-7.61672259810586e+00
23	155	67	111	1.27460000000000e+02	2.76460153515902e+03	3.00000000000000e-02	0.00000000000000e+00	0.00000000000000e+00	1.85622909695143e+02	-1.25304886235275e+01
24	156	68	112	1.08080000000000e+02	2.76460153515902e+03	3.00000000000000e-02	0.00000000000000e+00	0.00000000000000e+00	1.89463759086060e+02	-1.87108689217483e+01
25	157	69	113	1.59570000000000e+02	2.76460153515902e+03	3.00000000000000e-02	0.00000000000000e+00	0.00000000000000e+00	1.93056354043362e+02	-6.34998129079281e+00
26	158	70	114	2.11060000000000e+02	2.76460153515902e+03	3.00000000000000e-02	0.00000000000000e+00	0.00000000000000e+00	1.96626535782595e+02	2.36120937253842e+00
27	159	71	115	2.11060000000000e+02	2.76460153515902e+03	3.00000000000000e-02	0.00000000000000e+00	0.00000000000000e+00	1.98666088056313e+02	2.01723291060555e+00
28	160	72	116	2.53560000000000e+02	2.76460153515902e+03	3.00000000000000e-02	0.00000000000000e+00	0.00000000000000e+00	2.00303115393401e+02	7.85895617428671e+00
29	161	73	117	2.61640000000000e+02	2.76460153515902e+03	3.00000000000000e-02	0.00000000000000e+00	0.00000000000000e+00	2.01861039432472e+02	8.64633253404821e+00
30	162	74	118	1.77480000000000e+02	2.76460153515902e+03	3.00000000000000e-02	0.00000000000000e+00	0.00000000000000e+00	2.05676371227475e+02	-4.91486644947932e+00
31	163	75	119	1.96130000000000e+02	2.76460153515902e+03	3.00000000000000e-02	0.00000000000000e+00	0.00000000000000e+00	2.11271488404713e+02	-2.47887588832351e+00
32	164	76	120	2.24110000000000e+02	2.76460153515902e+03	3.00000000000000e-02	0.00000000000000e+00	0.00000000000000e+00	2.14859266767919e+02	1.40512540396186e+00
33	165	77	121	1.72730000000000e+02	2.76460153515902e+03	3.00000000000000e-02	0.00000000000000e+00	0.00000000000000e+00	2.20946242055204e+02	-8.20632472012761e+00
34	166	78	122	2.08810000000000e+02	2.76460153515902e+03	3.00000000000000e-02	0.00000000000000e+00	0.00000000000000e+00	2.27407536956945e+02	-2.84396590783681e+00
35	167	79	123	2.44880000000000e+02	2.76460153515902e+03	3.00000000000000e-02	0.00000000000000e+00	0.00000000000000e+00	2.34142781179436e+02	1.49457297935435e+00
36	168	80	124	2.61700000000000e+02	2.76460153515902e+03	3.00000000000000e-02	0.00000000000000e+00	0.00000000000000e+00	2.45428273684075e+02	2.13980230698197e+00
37	169	81	125	2.25020000000000e+02	2.76460153515902e+03	3.00000000000000e-02	0.00000000000000e+00	0.00000000000000e+00	2.54518933121177e+02	-4.10619798280155e+00
38	170	82	126	2.85340000000000e+02	2.76460153515902e+03	3.00000000000000e-02	0.00000000000000e+00	0.00000000000000e+00	2.62593691590701e+02	2.76911709967920e+00
39	171	83	127	2.99330000000000e+02	2.76460153515902e+03	3.00000000000000e-02	0.00000000000000e+00	0.00000000000000e+00	2.65109689642639e+02	4.04676600637327e+00
40	172	84	128	2.97570000000000e+02	2.76460153515902e+03	3.00000000000000e-02	0.00000000000000e+00	0.00000000000000e+00	2.62514526240516e+02	4.17810242887731e+00
41	173	85	129	2.72710000000000e+02	2.76460153515902e+03	3.00000000000000e-02	0.00000000000000e+00	0.00000000000000e+00	2.59921458426518e+02	1.60098190361862e+00
42	174	86	130	2.89410000000000e+02	2.76460153515902e+03	3.00000000000000e-02	0.00000000000000e+00	0.00000000000000e+00	2.54788102935506e+02	4.24707123395128e+00
43	175	87	131	2.85100000000000e+02	2.76460153515902e+03	3.00000000000000e-02	0.00000000000000e+00	0.00000000000000e+00	2.54445383207410e+02	3.79179290839768e+00
44	176	88	132	2.72130000000000e+02	2.76460153515902e+03	3.00000000000000e-02	0.00000000000000e+00	0.00000000000000e+00	2.27872296736476e+02	5.91648410964210e+00
1	136	46	91	1.67340000000000e+02	2.82743338823081e+03	3.00000000000000e-02	0.00000000000000e+00	0.00000000000000e+00	1.49080203526633e+02	3.85144103465918e+00
3	137	47	92	1.65500000000000e+02	2.82743338823081e+03	3.00000000000000e-02	0.00000000000000e+00	0.00000000000000e+00	1.50871150093400e+02	3.08483443062310e+00
4	138	48	93	1.63660000000000e+02	2.82743338823081e+03	3.00000000000000e-02	0.00000000000000e+00	0.00000000000000e+00	1.54816219508094e+02	1.85174574160959e+00
2	139	49	94	1.52200000000000e+02	2.82743338823081e+03	3.00000000000000e-02	0.00000000000000e+00	0.00000000000000e+00	1.64464948796686e+02	-2.58340082832899e+00
5	140	50	95	2.01210000000000e+02	2.82743338823081e+03	3.00000000000000e-02	0.00000000000000e+00	0.00000000000000e+00	1.77655339647689e+02	4.15012532142063e+00
6	141	51	96	2.08280000000000e+02	2.82743338823081e+03	3.00000000000000e-02	0.00000000000000e+00	0.00000000000000e+00	1.85248932335310e+02	3.90609425024187e+00
7	142	52	97	2.27030000000000e+02	2.82743338823081e+03	3.00000000000000e-02	0.00000000000000e+00	0.00000000000000e+00	2.03680377910865e+02	3.61767257058216e+00
8	143	53	98	2.61380000000000e+02	2.82743338823081e+03	3.00000000000000e-02	0.00000000000000e+00	0.00000000000000e+00	2.10146912265223e+02	7.27228062765481e+00
9	144	54	99	2.93870000000000e+02	2.82743338823081e+03	3.00000000000000e-02	0.00000000000000e+00	0.00000000000000e+00	2.23308067527923e+02	9.15284019445769e+00
10	145	55	100	2.44060000000000e+02	2.82743338823081e+03	3.00000000000000e-02	0.00000000000000e+00	0.00000000000000e+00	2.25372591830226e+02	2.65530334684859e+00
11	146	56	101	2.28670000000000e+02	2.82743338823081e+03	3.00000000000000e-02	0.00000000000000e+00	0.00000000000000e+00	2.19086690593011e+02	1.42708057549227e+00
12	147	57	102	2.08170000000000e+02	2.82743338823081e+03	3.00000000000000e-02	0.00000000000000e+00	0.00000000000000e+00	2.06795844279046e+02	2.20766883655236e-01
13	148	58	103	2.06780000000000e+02	2.82743338823081e+03	3.00000000000000e-02	0.00000000000000e+00	0.00000000000000e+00	1.92624800524523e+02	2.36370560275342e+00
14	149	59	104	1.58010000000000e+02	2.82743338823081e+03	3.00000000000000e-02	0.00000000000000e+00	0.00000000000000e+00	1.88369322474662e+02	-5.85820649482797e+00
15	150	60	105	1.71360000000000e+02	2.82743338823081e+03	3.00000000000000e-02	0.00000000000000e+00	0.00000000000000e+00	1.90620087201314e+02	-3.55052560904845e+00
16	151	61	106	1.84700000000000e+02	2.82743338823081e+03	3.00000000000000e-02	0.00000000000000e+00	0.00000000000000e+00	1.86977286444244e+02	-4.08475313572509e-01
17	152	62	107	1.59460000000000e+02	2.82743338823081e+03	3.00000000000000e-02	0.00000000000000e+00	0.00000000000000e+00	1.82814618775276e+02	-4.55598400555054e+00
18	153	63	108	3.48020000000000e+02	2.82743338823081e+03	3.00000000000000e-02	0.00000000000000e+00	0.00000000000000e+00	1.83525086690057e+02	2.13302859676557e+01
19	154	64	109	2.53740000000000e+02	2.82743338823081e+03	3.00000000000000e-02	0.00000000000000e+00	0.00000000000000e+00	1.87974468771296e+02	1.00001323837585e+01
20	155	65	110	1.35400000000000e+02	2.82743338823081e+03	3.00000000000000e-02	0.00000000000000e+00	0.00000000000000e+00	1.90587980916093e+02	-1.13960189850528e+01
21	156	66	111	1.66110000000000e+02	2.82743338823081e+03	3.00000000000000e-02	0.00000000000000e+00	0.00000000000000e+00	1.90464997355401e+02	-4.56060724216035e+00
22	157	67	112	1.96830000000000e+02	2.82743338823081e+03	3.00000000000000e-02	0.00000000000000e+00	0.00000000000000e+00	1.93999423733066e+02	4.82840780469829e-01
23	158	68	113	1.97700000000000e+02	2.82743338823081e+03	3.00000000000000e-02	0.00000000000000e+00	0.00000000000000e+00	1.96651676972706e+02	1.77223454418781e-01
24	159	69	114	1.64790000000000e+02	2.82743338823081e+03	3.00000000000000e-02	0.00000000000000e+00	0.00000000000000e+00	1.99484907381767e+02	-6.36888817412619e+00
25	160	70	115	2.20000000000000e+02	2.82743338823081e+03	3.00000000000000e-02	0.00000000000000e+00	0.00000000000000e+00	2.03195455548773e+02	2.64863984411508e+00
26	161	71	116	2.20000000000000e+02	2.82743338823081e+03	3.00000000000000e-02	0.00000000000000e+00	0.00000000000000e+00	2.05687399910099e+02	2.24233354201372e+00
27	162	72	117	2.40370000000000e+02	2.82743338823081e+03	3.00000000000000e-02	0.00000000000000e+00	0.00000000000000e+00	2.05130104235556e+02	5.28449900742555e+00
28	163	73	118	2.31750000000000e+02	2.82743338823081e+03	3.00000000000000e-02	0.00000000000000e+00	0.00000000000000e+00	2.07397546972035e+02	3.70072454140038e+00
29	164	74	119	2.00520000000000e+02	2.82743338823081e+03	3.00000000000000e-02	0.00000000000000e+00	0.00000000000000e+00	2.10662849750041e+02	-1.64483315480615e+00
30	165	75	120	2.19920000000000e+02	2.82743338823081e+03	3.00000000000000e-02	0.00000000000000e+00	0.00000000000000e+00	2.14212255570641e+02	8.76549064362594e-01
31	166	76	121	1.64080000000000e+02	2.82743338823081e+03	3.00000000000000e-02	0.00000000000000e+00	0.00000000000000e+00	2.20071777800996e+02	-9.78665473693088e+00
32	167	77	122	2.22620000000000e+02	2.82743338823081e+03	3.00000000000000e-02	0.00000000000000e+00	0.00000000000000e+00	2.20342556844728e+02	3.42762337752944e-01
33	168	78	123	2.55320000000000e+02	2.82743338823081e+03	3.00000000000000e-02	0.00000000000000e+00	0.00000000000000e+00	2.24820711071329e+02	4.24048051706375e+00
34	169	79	124	2.16960000000000e+02	2.82743338823081e+03	3.00000000000000e-02	0.00000000000000e+00	0.00000000000000e+00	2.34142446382931e+02	-2.54055568738855e+00
35	170	80	125	2.29380000000000e+02	2.82743338823081e+03	3.00000000000000e-02	0.00000000000000e+00	0.00000000000000e+00	2.42683798346102e+02	-1.87931125601333e+00
36	171	81	126	2.81720000000000e+02	2.82743338823081e+03	3.00000000000000e-02	0.00000000000000e+00	0.00000000000000e+00	2.49947357226494e+02	3.98877817607310e+00
37	172	82	127	2.92690000000000e+02	2.82743338823081e+03	3.00000000000000e-02	0.00000000000000e+00	0.00000000000000e+00	2.61580778447422e+02	3.74569628133144e+00
38	173	83	128	2.99370000000000e+02	2.82743338823081e+03	3.00000000000000e-02	0.00000000000000e+00	0.00000000000000e+00	2.66831832362172e+02	3.83538826458813e+00
39	174	84	129	3.91600000000000e+02	2.82743338823081e+03	3.00000000000000e-02	0.00000000000000e+00	0.00000000000000e+00	2.63506399203034e+02	1.32054419189771e+01
40	175	85	130	2.77690000000000e+02	2.82743338823081e+03	3.00000000000000e-02	0.00000000000000e+00	0.00000000000000e+00	2.62945148083864e+02	1.81866451915743e+00
41	176	86	131	2.04610000000000e+02	2.82743338823081e+03	3.00000000000000e-02	0.00000000000000e+00	0.00000000000000e+00	2.38080624747648e+02	-5.05012158569610e+00
1	139	47	93	1.60730000000000e+02	2.89026524130261e+03	3.00000000000000e-02	0.00000000000000e+00	0.00000000000000e+00	1.53178847306439e+02	1.60399210732365e+00
3	140	48	94	1.16840000000000e+02	2.89026524130261e+03	3.00000000000000e-02	0.00000000000000e+00	0.00000000000000e+00	1.56428441519922e+02	-9.72643950697180e+00
4	141	49	95	1.58750000000000e+02	2.89026524130261e+03	3.00000000000000e-02	0.00000000000000e+00	0.00000000000000e+00	1.59420886606151e+02	-1.40571755340139e-01
2	142	50	96	1.70640000000000e+02	2.89026524130261e+03	3.00000000000000e-02	0.00000000000000e+00	0.00000000000000e+00	1.68633103822379e+02	3.94356751336626e-01
5	143	51	97	2.32010000000000e+02	2.89026524130261e+03	3.00000000000000e-02	0.00000000000000e+00	0.00000000000000e+00	1.81762589474782e+02	8.13596973613733e+00
6	144	52	98	2.03770000000000e+02	2.89026524130261e+03	3.00000000000000e-02	0.00000000000000e+00	0.00000000000000e+00	1.90131676009010e+02	2.30916810205051e+00
7	145	53	99	2.42870000000000e+02	2.89026524130261e+03	3.00000000000000e-02	0.00000000000000e+00	0.00000000000000e+00	2.11324195146386e+02	4.63776321873871e+00
8	146	54	100	2.63400000000000e+02	2.89026524130261e+03	3.00000000000000e-02	0.00000000000000e+00	0.00000000000000e+00	2.17355007834759e+02	6.40472639074125e+00
9	147	55	101	2.38170000000000e+02	2.89026524130261e+03	3.00000000000000e-02	0.00000000000000e+00	0.00000000000000e+00	2.25231281209651e+02	1.86189712192567e+00
10	148	56	102	2.33420000000000e+02	2.89026524130261e+03	3.00000000000000e-02	0.00000000000000e+00	0.00000000000000e+00	2.17940562516209e+02	2.28723431262778e+00
11	149	57	103	2.12040000000000e+02	2.89026524130261e+03	3.00000000000000e-02	0.00000000000000e+00	0.00000000000000e+00	2.05453453058297e+02	1.05184778795572e+00
12	150	58	104	1.91200000000000e+02	2.89026524130261e+03	3.00000000000000e-02	0.00000000000000e+00	0.00000000000000e+00	1.96412419904556e+02	-8.96554370229315e-01
13	151	59	105	1.56900000000000e+02	2.89026524130261e+03	3.00000000000000e-02	0.00000000000000e+00	0.00000000000000e+00	1.94887520736171e+02	-7.22713052214665e+00
14	152	60	106	1.79830000000000e+02	2.89026524130261e+03	3.00000000000000e-02	0.00000000000000e+00	0.00000000000000e+00	1.93792559470923e+02	-2.49254485732138e+00
15	153	61	107	1.79660000000000e+02	2.89026524130261e+03	3.00000000000000e-02	0.00000000000000e+00	0.00000000000000e+00	1.91723653442164e+02	-2.16629514812017e+00
16	154	62	108	1.79660000000000e+02	2.89026524130261e+03	3.00000000000000e-02	0.00000000000000e+00	0.00000000000000e+00	1.89680186884212e+02	-1.80910837387023e+00
17	155	63	109	2.62620000000000e+02	2.89026524130261e+03	3.00000000000000e-02	0.00000000000000e+00	0.00000000000000e+00	1.92353649574473e+02	1.03790839266495e+01
18	156	64	110	3.45580000000000e+02	2.89026524130261e+03	3.00000000000000e-02	0.00000000000000e+00	0.00000000000000e+00	1.94375712175187e+02	1.91810406011466e+01
19	157	65	111	4.29910000000000e+02	2.89026524130261e+03	3.00000000000000e-02	0.00000000000000e+00	0.00000000000000e+00	1.95570276561366e+02	2.62552032907292e+01
20	158	66	112	3.20570000000000e+02	2.89026524130261e+03	3.00000000000000e-02	0.00000000000000e+00	0.00000000000000e+00	1.97574294438518e+02	1.61328657757260e+01
21	159	67	113	2.10830000000000e+02	2.89026524130261e+03	3.00000000000000e-02	0.00000000000000e+00	0.00000000000000e+00	2.00536525626322e+02	1.66852395589500e+00
22	160	68	114	1.91540000000000e+02	2.89026524130261e+03	3.00000000000000e-02	0.00000000000000e+00	0.00000000000000e+00	2.03594376190304e+02	-2.03443327821050e+00
23	161	69	115	1.72250000000000e+02	2.89026524130261e+03	3.00000000000000e-02	0.00000000000000e+00	0.00000000000000e+00	2.07070771485839e+02	-6.13712387253491e+00
24	162	70	116	2.49590000000000e+02	2.89026524130261e+03	3.00000000000000e-02	0.00000000000000e+00	0.00000000000000e+00	2.10025993171171e+02	5.75294238422733e+00
25	163	71	117	2.49590000000000e+02	2.89026524130261e+03	3.00000000000000e-02	0.00000000000000e+00	0.00000000000000e+00	2.11439063087711e+02	5.52942441354309e+00
26	164	72	118	2.21640000000000e+02	2.89026524130261e+03	3.00000000000000e-02	0.00000000000000e+00	0.00000000000000e+00	2.13702998105730e+02	1.21557507550216e+00
27	165	73	119	2.42620000000000e+02	2.89026524130261e+03	3.00000000000000e-02	0.00000000000000e+00	0.00000000000000e+00	2.13880340396334e+02	4.20265772446632e+00
28	166	74	120	1.68740000000000e+02	2.89026524130261e+03	3.00000000000000e-02	0.00000000000000e+00	0.00000000000000e+00	2.13782692552632e+02	-7.88669916662489e+00
29	167	75	121	1.91610000000000e+02	2.89026524130261e+03	3.00000000000000e-02	0.00000000000000e+00	0.00000000000000e+00	2.16848491839729e+02	-4.12456197202496e+00
30	168	76	122	2.03620000000000e+02	2.89026524130261e+03	3.00000000000000e-02	0.00000000000000e+00	0.00000000000000e+00	2.17076669597757e+02	-2.13316985262209e+00
31	169	77	123	1.68240000000000e+02	2.89026524130261e+03	3.00000000000000e-02	0.00000000000000e+00	0.00000000000000e+00	2.18829650968657e+02	-8.76340154273369e+00
32	170	78	124	1.72330000000000e+02	2.89026524130261e+03	3.00000000000000e-02	0.00000000000000e+00	0.00000000000000e+00	2.26914784390003e+02	-9.17211015150095e+00
33	171	79	125	2.47800000000000e+02	2.89026524130261e+03	3.00000000000000e-02	0.00000000000000e+00	0.00000000000000e+00	2.32817624420942e+02	2.07888499759369e+00
34	172	80	126	2.62040000000000e+02	2.89026524130261e+03	3.00000000000000e-02	0.00000000000000e+00	0.00000000000000e+00	2.41273193247659e+02	2.75224301504640e+00
35	173	81	127	2.78570000000000e+02	2.89026524130261e+03	3.00000000000000e-02	0.00000000000000e+00	0.00000000000000e+00	2.50091976954784e+02	3.59468720881025e+00
36	174	82	128	2.67780000000000e+02	2.89026524130261e+03	3.00000000000000e-02	0.00000000000000e+00	0.00000000000000e+00	2.57426757417266e+02	1.31435018132935e+00
37	175	83	129	2.85660000000000e+02	2.89026524130261e+03	3.00000000000000e-02	0.00000000000000e+00	0.00000000000000e+00	2.65166364305535e+02	2.48149578645505e+00
38	176	84	130	2.27420000000000e+02	2.89026524130261e+03	3.00000000000000e-02	0.00000000000000e+00	0.00000000000000e+00	2.44476708735453e+02	-2.41071717950190e+00
1	142	48	95	1.69190000000000e+02	2.95309709437441e+03	3.00000000000000e-02	0.00000000000000e+00	0.00000000000000e+00	1.58744250740453e+02	2.12426408206268e+00
3	143	49	96	1.40140000000000e+02	2.95309709437441e+03	3.00000000000000e-02	0.00000000000000e+00	0.00000000000000e+00	1.60679840602454e+02	-4.55906315098726e+00
4	144	50	97	1.63130000000000e+02	2.95309709437441e+03	3.00000000000000e-02	0.00000000000000e+00	0.00000000000000e+00	1.63274528743555e+02	-2.95193520662984e-02
2	145	51	98	1.80480000000000e+02	2.95309709437441e+03	3.00000000000000e-02	0.00000000000000e+00	0.00000000000000e+00	1.71561207019152e+02	1.68932910448770e+00
5	146	52	99	2.57910000000000e+02	2.95309709437441e+03	3.00000000000000e-02	0.00000000000000e+00	0.00000000000000e+00	1.87423207098573e+02	1.06413829159475e+01
6	147	53	100	2.26900000000000e+02	2.95309709437441e+03	3.00000000000000e-02	0.00000000000000e+00	0.00000000000000e+00	1.98350330161066e+02	4.48248600963579e+00
7	148	54	101	2.41160000000000e+02	2.95309709437441e+03	3.00000000000000e-02	0.00000000000000e+00	0.00000000000000e+00	2.18405733395468e+02	3.30353727614255e+00
8	149	55	102	2.32800000000000e+02	2.95309709437441e+03	3.00000000000000e-02	0.00000000000000e+00	0.00000000000000e+00	2.17678526627091e+02	2.23867966439929e+00
9	150	56	103	2.49520000000000e+02	2.95309709437441e+03	3.00000000000000e-02	0.00000000000000e+00	0.00000000000000e+00	2.15673949955000e+02	4.85904319979034e+00
10	151	57	104	2.00080000000000e+02	2.95309709437441e+03	3.00000000000000e-02	0.00000000000000e+00	0.00000000000000e+00	2.06644087157429e+02	-1.07602137143227e+00
11	152	58	105	1.71810000000000e+02	2.95309709437441e+03	3.00000000000000e-02	0.00000000000000e+00	0.00000000000000e+00	1.99342234055840e+02	-4.95446338886003e+00
12	153	59	106	8.71400000000000e+01	2.95309709437441e+03	3.00000000000000e-02	0.00000000000000e+00	0.00000000000000e+00	1.98326941685145e+02	-2.74133622957114e+01
13	154	60	107	6.73760000000000e+02	2.95309709437441e+03	3.00000000000000e-02	0.00000000000000e+00	0.00000000000000e+00	2.00076746392065e+02	4.04724313170511e+01
14	155	61	108	4.39470000000000e+02	2.95309709437441e+03	3.00000000000000e-02	0.00000000000000e+00	0.00000000000000e+00	1.99074033012986e+02	2.63964224892876e+01
15	156	62	109	3.21260000000000e+02	2.95309709437441e+03	3.00000000000000e-02	0.00000000000000e+00	0.00000000000000e+00	1.99017523436142e+02	1.59619295271302e+01
16	157	63	110	2.32670000000000e+02	2.95309709437441e+03	3.00000000000000e-02	0.00000000000000e+00	0.00000000000000e+00	2.00453932904672e+02	4.96788937885511e+00
17	158	64	111	2.90960000000000e+02	2.95309709437441e+03	3.00000000000000e-02	0.00000000000000e+00	0.00000000000000e+00	2.00258526326777e+02	1.24525545741943e+01
18	159	65	112	4.93590000000000e+02	2.95309709437441e+03	3.00000000000000e-02	0.00000000000000e+00	0.00000000000000e+00	2.00864161424771e+02	2.99692115759931e+01
19	160	66	113	4.21410000000000e+02	2.95309709437441e+03	3.00000000000000e-02	0.00000000000000e+00	0.00000000000000e+00	2.02561816235709e+02	2.44187042062266e+01
20	161	67	114	2.90320000000000e+02	2.95309709437441e+03	3.00000000000000e-02	0.00000000000000e+00	0.00000000000000e+00	2.06521403944279e+02	1.13526568271082e+01
21	162	68	115	2.39550000000000e+02	2.95309709437441e+03	3.00000000000000e-02	0.00000000000000e+00	0.00000000000000e+00	2.10224791913361e+02	4.35282558129628e+00
22	163	69	116	1.88770000000000e+02	2.95309709437441e+03	3.00000000000000e-02	0.00000000000000e+00	0.00000000000000e+00	2.14204641815237e+02	-4.21341618236107e+00
23	164	70	117	2.28430000000000e+02	2.95309709437441e+03	3.00000000000000e-02	0.00000000000000e+00	0.00000000000000e+00	2.16652511897484e+02	1.76450250947342e+00
24	165	71	118	2.28430000000000e+02	2.95309709437441e+03	3.00000000000000e-02	0.00000000000000e+00	0.00000000000000e+00	2.19855321140738e+02	1.27533729427052e+00
25	166	72	119	2.04200000000000e+02	2.95309709437441e+03	3.00000000000000e-02	0.00000000000000e+00	0.00000000000000e+00	2.19748792767491e+02	-2.44617123854457e+00
26	167	73	120	2.46770000000000e+02	2.95309709437441e+03	3.00000000000000e-02	0.00000000000000e+00	0.00000000000000e+00	2.18525757572579e+02	4.05176125039034e+00
27	168	74	121	1.68200000000000e+02	2.95309709437441e+03	3.00000000000000e-02	0.00000000000000e+00	0.00000000000000e+00	2.18168388329056e+02	-8.67044802041663e+00
28	169	75	122	1.67940000000000e+02	2.95309709437441e+03	3.00000000000000e-02	0.00000000000000e+00	0.00000000000000e+00	2.15281931018919e+02	-8.27805678082495e+00
29	170	76	123	1.67690000000000e+02	2.95309709437441e+03	3.00000000000000e-02	0.00000000000000e+00	0.00000000000000e+00	2.15976783498367e+02	-8.43512937814974e+00
30	171	77	124	1.99630000000000e+02	2.95309709437441e+03	3.00000000000000e-02	0.00000000000000e+00	0.00000000000000e+00	2.18853546140558e+02	-3.06457046140031e+00
31	172	78	125	2.31810000000000e+02	2.95309709437441e+03	3.00000000000000e-02	0.00000000000000e+00	0.00000000000000e+00	2.27378893574420e+02	6.43343663343021e-01
32	173	79	126	2.59200000000000e+02	2.95309709437441e+03	3.00000000000000e-02	0.00000000000000e+00	0.00000000000000e+00	2.33920605573440e+02	3.42060663714374e+00
33	174	80	127	2.50290000000000e+02	2.95309709437441e+03	3.00000000000000e-02	0.00000000000000e+00	0.00000000000000e+00	2.41458396545385e+02	1.19743527878094e+00
34	175	81	128	2.77330000000000e+02	2.95309709437441e+03	3.00000000000000e-02	0.00000000000000e+00	0.00000000000000e+00	2.50581514188369e+02	3.38079531055389e+00
35	176	82	129	2.14660000000000e+02	2.95309709437441e+03	3.00000000000000e-02	0.00000000000000e+00	0.00000000000000e+00	2.35980847837438e+02	-3.15650891493121e+00
1	145	49	97	1.51990000000000e+02	3.01592894744620e+03	3.00000000000000e-02	0.00000000000000e+00	0.00000000000000e+00	1.61544348791232e+02	-2.03216604252046e+00
3	146	50	98	1.41200000000000e+02	3.01592894744620e+03	3.00000000000000e-02	0.00000000000000e+00	0.00000000000000e+00	1.62945543759796e+02	-4.77462441882640e+00
4	147	51	99	1.89850000000000e+02	3.01592894744620e+03	3.00000000000000e-02	0.00000000000000e+00	0.00000000000000e+00	1.67709800089931e+02	4.13330604444958e+00
2	148	52	100	2.02140000000000e+02	3.01592894744620e+03	3.00000000000000e-02	0.00000000000000e+00	0.00000000000000e+00	1.79074207920640e+02	4.03867457756186e+00
5	149	53	101	2.33150000000000e+02	3.01592894744620e+03	3.00000000000000e-02	0.00000000000000e+00	0.00000000000000e+00	1.95422131608322e+02	5.88400089888950e+00
6	150	54	102	2.17910000000000e+02	3.01592894744620e+03	3.00000000000000e-02	0.00000000000000e+00	0.00000000000000e+00	2.03145215127437e+02	2.33870215830976e+00
7	151	55	103	2.28410000000000e+02	3.01592894744620e+03	3.00000000000000e-02	0.00000000000000e+00	0.00000000000000e+00	2.16701974524344e+02	1.75397464574247e+00
8	152	56	104	1.68810000000000e+02	3.01592894744620e+03	3.00000000000000e-02	0.00000000000000e+00	0.00000000000000e+00	2.10099182604798e+02	-7.29352984082018e+00
9	153	57	105	1.71780000000000e+02	3.01592894744620e+03	3.00000000000000e-02	0.00000000000000e+00	0.00000000000000e+00	2.08723748442894e+02	-6.49323371742527e+00
10	154	58	106	1.74740000000000e+02	3.01592894744620e+03	3.00000000000000e-02	0.00000000000000e+00	0.00000000000000e+00	2.01021760322866e+02	-4.67046692140570e+00
11	155	59	107	2.07690000000000e+02	3.01592894744620e+03	3.00000000000000e-02	0.00000000000000e+00	0.00000000000000e+00	2.03000722080137e+02	7.61234909252432e-01
12	156	60	108	2.07690000000000e+02	3.01592894744620e+03	3.00000000000000e-02	0.00000000000000e+00	0.00000000000000e+00	2.08866004068948e+02	-1.88211137968845e-01
13	157	61	109	2.11970000000000e+02	3.01592894744620e+03	3.00000000000000e-02	0.00000000000000e+00	0.00000000000000e+00	2.09099629254608e+02	4.54464061489190e-01
14	158	62	110	2.15190000000000e+02	3.01592894744620e+03	3.00000000000000e-02	0.00000000000000e+00	0.00000000000000e+00	2.06736639376766e+02	1.33585497034616e+00
15	159	63	111	2.18790000000000e+02	3.01592894744620e+03	3.00000000000000e-02	0.00000000000000e+00	0.00000000000000e+00	2.05155287750603e+02	2.14483906875455e+00
16	160	64	112	1.96010000000000e+02	3.01592894744620e+03	3.00000000000000e-02	0.00000000000000e+00	0.00000000000000e+00	2.06600725876634e+02	-1.75407972606152e+00
17	161	65	113	3.09910000000000e+02	3.01592894744620e+03	3.00000000000000e-02	0.00000000000000e+00	0.00000000000000e+00	2.07041762525832e+02	1.34453802832654e+01
18	162	66	114	2.64210000000000e+02	3.01592894744620e+03	3.00000000000000e-02	0.00000000000000e+00	0.00000000000000e+00	2.06497939308379e+02	8.21512694234530e+00
19	163	67	115	2.18520000000000e+02	3.01592894744620e+03	3.00000000000000e-02	0.00000000000000e+00	0.00000000000000e+00	2.11404737528869e+02	1.10343533609782e+00
20	164	68	116	2.18520000000000e+02	3.01592894744620e+03	3.00000000000000e-02	0.00000000000000e+00	0.00000000000000e+00	2.16247885690489e+02	3.48405830571164e-01
21	165	69	117	1.97840000000000e+02	3.01592894744620e+03	3.00000000000000e-02	0.00000000000000e+00	0.00000000000000e+00	2.19951768261973e+02	-3.53165546436018e+00
22	166	70	118	1.78940000000000e+02	3.01592894744620e+03	3.00000000000000e-02	0.00000000000000e+00	0.00000000000000e+00	2.24255745100435e+02	-7.52455218894198e+00
23	167	71	119	1.78940000000000e+02	3.01592894744620e+03	3.00000000000000e-02	0.00000000000000e+00	0.00000000000000e+00	2.25606435845825e+02	-7.72471642609807e+00
24	168	72	120	2.36390000000000e+02	3.01592894744620e+03	3.00000000000000e-02	0.00000000000000e+00	0.00000000000000e+00	2.24669606152971e+02	1.69506925090840e+00
25	169	73	121	1.89010000000000e+02	3.01592894744620e+03	3.00000000000000e-02	0.00000000000000e+00	0.00000000000000e+00	2.23482492622499e+02	-5.58443848291151e+00
26	170	74	122	1.66270000000000e+02	3.01592894744620e+03	3.00000000000000e-02	0.00000000000000e+00	0.00000000000000e+00	2.20455161853832e+02	-9.40271178516715e+00
27	171	75	123	1.81070000000000e+02	3.01592894744620e+03	3.00000000000000e-02	0.00000000000000e+00	0.00000000000000e+00	2.15991647513299e+02	-5.87853470613468e+00
28	172	76	124	2.01910000000000e+02	3.01592894744620e+03	3.00000000000000e-02	0.00000000000000e+00	0.00000000000000e+00	2.17857344180291e+02	-2.53394701765807e+00
29	173	77	125	1.69140000000000e+02	3.01592894744620e+03	3.00000000000000e-02	0.00000000000000e+00	0.00000000000000e+00	2.20247913176251e+02	-8.80090052072153e+00
30	174	78	126	2.09660000000000e+02	3.01592894744620e+03	3.00000000000000e-02	0.00000000000000e+00	0.00000000000000e+00	2.25354602013884e+02	-2.40626665105920e+00
31	175	79	127	2.50180000000000e+02	3.01592894744620e+03	3.00000000000000e-02	0.00000000000000e+00	0.00000000000000e+00	2.37285690401349e+02	1.76385996283948e+00
32	176	80	128	1.98740000000000e+02	3.01592894744620e+03	3.00000000000000e-02	0.00000000000000e+00	0.00000000000000e+00	2.24580850575952e+02	-4.07461135804645e+00
1	148	50	99	1.47310000000000e+02	3.07876080051800e+03	3.00000000000000e-02	0.00000000000000e+00	0.00000000000000e+00	1.66482951155080e+02	-4.07845662952970e+00
3	149	51	100	1.78010000000000e+02	3.07876080051800e+03	3.00000000000000e-02	0.00000000000000e+00	0.00000000000000e+00	1.69417731545331e+02	1.64907597028356e+00
4	150	52	101	2.08710000000000e+02	3.07876080051800e+03	3.00000000000000e-02	0.00000000000000e+00	0.00000000000000e+00	1.74676117796434e+02	5.93374082976744e+00
2	151	53	102	1.84920000000000e+02	3.07876080051800e+03	3.00000000000000e-02	0.00000000000000e+00	0.00000000000000e+00	1.84997797168349e+02	-1.40206229765146e-02
5	152	54	103	2.40020000000000e+02	3.07876080051800e+03	3.00000000000000e-02	0.00000000000000e+00	0.00000000000000e+00	1.97562024115589e+02	6.48898906698028e+00
6	153	55	104	2.17700000000000e+02	3.07876080051800e+03	3.00000000000000e-02	0.00000000000000e+00	0.00000000000000e+00	2.03129777559253e+02	2.30909650471303e+00
7	154	56	105	2.15950000000000e+02	3.07876080051800e+03	3.00000000000000e-02	0.00000000000000e+00	0.00000000000000e+00	2.13711354145456e+02	3.47353575183777e-01
8	155	57	106	2.14110000000000e+02	3.07876080051800e+03	3.00000000000000e-02	0.00000000000000e+00	0.00000000000000e+00	2.05915005470292e+02	1.30088042688567e+00
9	156	58	107	1.81390000000000e+02	3.07876080051800e+03	3.00000000000000e-02	0.00000000000000e+00	0.00000000000000e+00	2.06165226020104e+02	-4.26761686645885e+00
10	157	59	108	1.81390000000000e+02	3.07876080051800e+03	3.00000000000000e-02	0.00000000000000e+00	0.00000000000000e+00	2.09289714402682e+02	-4.76900253433996e+00
11	158	60	109	2.45390000000000e+02	3.07876080051800e+03	3.00000000000000e-02	0.00000000000000e+00	0.00000000000000e+00	2.16479956913470e+02	4.17836054200634e+00
12	159	61	110	2.18190000000000e+02	3.07876080051800e+03	3.00000000000000e-02	0.00000000000000e+00	0.00000000000000e+00	2.16663914242949e+02	2.33962406258511e-01
13	160	62	111	2.21240000000000e+02	3.07876080051800e+03	3.00000000000000e-02	0.00000000000000e+00	0.00000000000000e+00	2.11534092997815e+02	1.49539678078974e+00
14	161	63	112	1.97490000000000e+02	3.07876080051800e+03	3.00000000000000e-02	0.00000000000000e+00	0.00000000000000e+00	2.11408463014142e+02	-2.27013852221389e+00
15	162	64	113	2.02360000000000e+02	3.07876080051800e+03	3.00000000000000e-02	0.00000000000000e+00	0.00000000000000e+00	2.11346876673338e+02	-1.44841531656936e+00
16	163	65	114	1.74840000000000e+02	3.07876080051800e+03	3.00000000000000e-02	0.00000000000000e+00	0.00000000000000e+00	2.11811015557437e+02	-6.39410570205573e+00
17	164	66	115	2.57460000000000e+02	3.07876080051800e+03	3.00000000000000e-02	0.00000000000000e+00	0.00000000000000e+00	2.12438552822673e+02	6.40705282900574e+00
18	165	67	116	4.80810000000000e+02	3.07876080051800e+03	3.00000000000000e-02	0.00000000000000e+00	0.00000000000000e+00	2.15430569458723e+02	2.67611169176082e+01
19	166	68	117	3.38570000000000e+02	3.07876080051800e+03	3.00000000000000e-02	0.00000000000000e+00	0.00000000000000e+00	2.19250786859232e+02	1.44838215180726e+01
20	167	69	118	2.78000000000000e+02	3.07876080051800e+03	3.00000000000000e-02	0.00000000000000e+00	0.00000000000000e+00	2.25404626296901e+02	6.99079958215396e+00
21	168	70	119	2.17420000000000e+02	3.07876080051800e+03	3.00000000000000e-02	0.00000000000000e+00	0.00000000000000e+00	2.29548724566634e+02	-1.80947825568634e+00
22	169	71	120	2.17420000000000e+02	3.07876080051800e+03	3.00000000000000e-02	0.00000000000000e+00	0.00000000000000e+00	2.30786259665675e+02	-1.98870108583199e+00
23	170	72	121	2.08680000000000e+02	3.07876080051800e+03	3.00000000000000e-02	0.00000000000000e+00	0.00000000000000e+00	2.31569848537146e+02	-3.46931904686842e+00
24	171	73	122	2.22460000000000e+02	3.07876080051800e+03	3.00000000000000e-02	0.00000000000000e+00	0.00000000000000e+00	2.26155990139380e+02	-5.49255762350468e-01
25	172	74	123	1.97410000000000e+02	3.07876080051800e+03	3.00000000000000e-02	0.00000000000000e+00	0.00000000000000e+00	2.22296289080423e+02	-3.95761144192652e+00
26	173	75	124	1.42620000000000e+02	3.07876080051800e+03	3.00000000000000e-02	0.00000000000000e+00	0.00000000000000e+00	2.21652333506877e+02	-1.46975446141917e+01
27	174	76	125	1.90350000000000e+02	3.07876080051800e+03	3.00000000000000e-02	0.00000000000000e+00	0.00000000000000e+00	2.19765571518133e+02	-4.78989704590308e+00
28	175	77	126	2.38070000000000e+02	3.07876080051800e+03	3.00000000000000e-02	0.00000000000000e+00	0.00000000000000e+00	2.21636245090133e+02	2.38424152332864e+00
29	176	78	127	2.17760000000000e+02	3.07876080051800e+03	3.00000000000000e-02	0.00000000000000e+00	0.00000000000000e+00	2.10963103551369e+02	1.05700951343858e+00
1	151	51	101	1.75840000000000e+02	3.14159265358979e+03	3.00000000000000e-02	0.00000000000000e+00	0.00000000000000e+00	1.72799845523866e+02	5.81350941495540e-01
3	152	52	102	1.33700000000000e+02	3.14159265358979e+03	3.00000000000000e-02	0.00000000000000e+00	0.00000000000000e+00	1.74050888964311e+02	-8.79164125530402e+00
4	153	53	103	1.90300000000000e+02	3.14159265358979e+03	3.00000000000000e-02	0.00000000000000e+00	0.00000000000000e+00	1.77981320623635e+02	2.23077232777650e+00
2	154	54	104	1.81950000000000e+02	3.14159265358979e+03	3.00000000000000e-02	0.00000000000000e+00	0.00000000000000e+00	1.88767249331913e+02	-1.22609490281178e+00
5	155	55	105	1.93000000000000e+02	3.14159265358979e+03	3.00000000000000e-02	0.00000000000000e+00	0.00000000000000e+00	2.03637720398154e+02	-1.78841152643795e+00
6	156	56	106	2.33770000000000e+02	3.14159265358979e+03	3.00000000000000e-02	0.00000000000000e+00	0.00000000000000e+00	2.04212296316568e+02	4.50592016876813e+00
7	157	57	107	2.81300000000000e+02	3.14159265358979e+03	3.00000000000000e-02	0.00000000000000e+00	0.00000000000000e+00	2.11787841349156e+02	9.46122300866013e+00
8	158	58	108	2.81300000000000e+02	3.14159265358979e+03	3.00000000000000e-02	0.00000000000000e+00	0.00000000000000e+00	2.07744165455240e+02	1.01038122201981e+01
9	159	59	109	2.29640000000000e+02	3.14159265358979e+03	3.00000000000000e-02	0.00000000000000e+00	0.00000000000000e+00	2.15950305005206e+02	2.04881845018801e+00
10	160	60	110	2.26980000000000e+02	3.14159265358979e+03	3.00000000000000e-02	0.00000000000000e+00	0.00000000000000e+00	2.21021858642982e+02	8.86676778650190e-01
11	161	61	111	2.29640000000000e+02	3.14159265358979e+03	3.00000000000000e-02	0.00000000000000e+00	0.00000000000000e+00	2.19417386841502e+02	1.51790244572213e+00
12	162	62	112	2.18560000000000e+02	3.14159265358979e+03	3.00000000000000e-02	0.00000000000000e+00	0.00000000000000e+00	2.17373448266178e+02	1.81458074814304e-01
13	163	63	113	2.44150000000000e+02	3.14159265358979e+03	3.00000000000000e-02	0.00000000000000e+00	0.00000000000000e+00	2.16083222500516e+02	4.07063892247163e+00
14	164	64	114	2.20830000000000e+02	3.14159265358979e+03	3.00000000000000e-02	0.00000000000000e+00	0.00000000000000e+00	2.15915725093342e+02	7.50166826410018e-01
15	165	65	115	1.45370000000000e+02	3.14159265358979e+03	3.00000000000000e-02	0.00000000000000e+00	0.00000000000000e+00	2.16385376831733e+02	-1.32592917845363e+01
16	166	66	116	1.81770000000000e+02	3.14159265358979e+03	3.00000000000000e-02	0.00000000000000e+00	0.00000000000000e+00	2.16358767592321e+02	-5.80652797547960e+00
17	167	67	117	4.72130000000000e+02	3.14159265358979e+03	3.00000000000000e-02	0.00000000000000e+00	0.00000000000000e+00	2.18606810695077e+02	2.56659880054986e+01
18	168	68	118	4.17070000000000e+02	3.14159265358979e+03	3.00000000000000e-02	0.00000000000000e+00	0.00000000000000e+00	2.23092562522664e+02	2.08555769834186e+01
19	169	69	119	3.62010000000000e+02	3.14159265358979e+03	3.00000000000000e-02	0.00000000000000e+00	0.00000000000000e+00	2.28900434279738e+02	1.52794903850112e+01
20	170	70	120	3.62010000000000e+02	3.14159265358979e+03	3.00000000000000e-02	0.00000000000000e+00	0.00000000000000e+00	2.34692811994329e+02	1.44464786573763e+01
21	171	71	121	2.94640000000000e+02	3.14159265358979e+03	3.00000000000000e-02	0.00000000000000e+00	0.00000000000000e+00	2.37270080412779e+02	7.21850666763674e+00
22	172	72	122	2.27270000000000e+02	3.14159265358979e+03	3.00000000000000e-02	0.00000000000000e+00	0.00000000000000e+00	2.35051053821695e+02	-1.12213342892978e+00
23	173	73	123	1.54660000000000e+02	3.14159265358979e+03	3.00000000000000e-02	0.00000000000000e+00	0.00000000000000e+00	2.30188852413028e+02	-1.32556970091386e+01
24	174	74	124	1.92100000000000e+02	3.14159265358979e+03	3.00000000000000e-02	0.00000000000000e+00	0.00000000000000e+00	2.27152020307487e+02	-5.58678055157114e+00
25	175	75	125	2.29530000000000e+02	3.14159265358979e+03	3.00000000000000e-02	0.00000000000000e+00	0.00000000000000e+00	2.25769400867077e+02	5.50653723228104e-01
26	176	76	126	2.28000000000000e+02	3.14159265358979e+03	3.00000000000000e-02	0.00000000000000e+00	0.00000000000000e+00	2.07530357974667e+02	3.13559988308768e+00
0
