              GEOPEN                   
                  10                   
                   1                   
                4975                   
                   1                   
                   0                   
                  15                  10              702.69                   
                  25                  10              588.79                   
                  35                  10              439.78                   
                  45                  10              343.68                   
                  55                  10              254.10                   
                  65                  10              253.44                   
                  75                  10              252.78                   
                  85                  10              340.92                   
                  95                  10              429.05                   
                 105                  10              420.81                   
                 115                  10              380.88                   
                 125                  10              428.32                   
                 135                  10              391.53                   
                 145                  10              386.49                   
                 155                  10              544.23                   
                 165                  10              463.91                   
                 175                  10              386.49                   
                 185                  10              433.92                   
                 195                  10              386.49                   
                 205                  10              226.29                   
                 215                  10              139.62                   
                 225                  10               96.80                   
                 235                  10               86.73                   
                 245                  10               76.66                   
                 255                  10              122.68                   
                 265                  10              168.69                   
                 275                  10              249.34                   
                 285                  10              386.44                   
                 295                  10              523.54                   
                 305                  10              380.60                   
                 315                  10              562.95                   
                 325                  10              525.63                   
                 335                  10              474.86                   
                 345                  10              618.03                   
                 355                  10              761.20                   
                 365                  10              766.78                   
                 375                  10              671.51                   
                 385                  10              778.25                   
                 395                  10              656.98                   
                 405                  10              535.71                   
                 415                  10              671.99                   
                 425                  10              508.30                   
                 435                  10              497.00                   
                 445                  10              441.33                   
                 455                  10              341.45                   
                 465                  10              295.78                   
                 475                  10              250.11                   
                 485                  10              241.59                   
                 495                  10              233.08                   
                 505                  10              197.17                   
                 515                  10              161.27                   
                 525                  10              145.04                   
                 535                  10              158.80                   
                 545                  10              194.86                   
                 555                  10              229.27                   
                 565                  10              263.68                   
                 575                  10              265.27                   
                 585                  10              270.47                   
                 595                  10              278.79                   
                 605                  10              415.54                   
                 615                  10              502.86                   
                 625                  10              565.66                   
                 635                  10              548.09                   
                 645                  10              615.39                   
                 655                  10              611.51                   
                 665                  10              641.48                   
                 675                  10              616.24                   
                 685                  10              560.28                   
                 695                  10              375.72                   
                 705                  10              272.94                   
                 715                  10              242.94                   
                 725                  10              212.93                   
                 735                  10              212.56                   
                 745                  10              282.09                   
                 755                  10              374.06                   
                 765                  10              319.16                   
                 775                  10              264.26                   
                 785                  10              329.82                   
                 795                  10              361.96                   
                 805                  10              245.01                   
                 815                  10              245.34                   
                 825                  10              201.33                   
                 835                  10              297.33                   
                 845                  10              442.44                   
                 855                  10              431.48                   
                 865                  10              502.75                   
                 875                  10              439.31                   
                 885                  10              434.77                   
                 895                  10              446.10                   
                 905                  10              578.20                   
                 915                  10              680.93                   
                 925                  10              530.18                   
                 935                  10              379.43                   
                 945                  10              563.98                   
                 955                  10              496.95                   
                 965                  10              568.83                   
                 975                  10              526.74                   
                 985                  10              535.74                   
                 995                  10              605.27                   
                1005                  10              520.71                   
                1015                  10              459.18                   
                1025                  10              644.16                   
                1035                  10              499.53                   
                1045                  10              557.10                   
                1055                  10              614.66                   
                1065                  10              603.98                   
                1075                  10              615.75                   
                1085                  10              664.13                   
                1095                  10              674.21                   
                1105                  10              839.34                   
                1115                  10              767.59                   
                1125                  10              902.86                   
                1135                  10              856.25                   
                1145                  10              852.68                   
                1155                  10              588.83                   
                1165                  10              756.15                   
                1175                  10              558.03                   
                1185                  10              504.72                   
                1195                  10              590.06                   
                1205                  10              506.94                   
                1215                  10              632.82                   
                1225                  10              912.63                   
                1235                  10              824.96                   
                1245                  10              900.84                   
                1255                  10              982.51                   
                1265                  10              704.70                   
                1275                  10              579.07                   
                1285                  10              454.07                   
                1295                  10              409.67                   
                1305                  10              393.48                   
                1315                  10              418.78                   
                1325                  10              415.54                   
                1335                  10              413.43                   
                1345                  10              332.24                   
                1355                  10              355.89                   
                1365                  10              379.53                   
                1375                  10              501.44                   
                1385                  10              451.31                   
                1395                  10              394.77                   
                1405                  10              287.16                   
                1415                  10              333.22                   
                1425                  10              267.32                   
                1435                  10              353.26                   
                1445                  10              301.57                   
                1455                  10              341.40                   
                1465                  10              230.72                   
                1475                  10              211.62                   
                1485                  10              192.53                   
                1495                  10              183.19                   
                1505                  10              274.06                   
                1515                  10              343.98                   
                1525                  10              493.35                   
                1535                  10              642.71                   
                1545                  10              485.84                   
                1555                  10              727.74                   
                1565                  10              562.70                   
                1575                  10              636.49                   
                1585                  10              439.98                   
                1595                  10              491.16                   
                1605                  10              542.35                   
                1615                  10              403.69                   
                1625                  10              540.35                   
                1635                  10              582.21                   
                1645                  10              606.29                   
                1655                  10              581.12                   
                1665                  10              663.56                   
                1675                  10              733.37                   
                1685                  10              742.36                   
                1695                  10              947.02                   
                1705                  10              787.45                   
                1715                  10              665.06                   
                1725                  10              792.02                   
                1735                  10              595.31                   
                  30                  20              445.73                   
                  40                  20              453.89                   
                  50                  20              330.53                   
                  60                  20              272.01                   
                  70                  20              213.49                   
                  80                  20              263.82                   
                  90                  20              362.01                   
                 100                  20              329.57                   
                 110                  20              267.01                   
                 120                  20              320.22                   
                 130                  20              373.43                   
                 140                  20              418.74                   
                 150                  20              439.30                   
                 160                  20              310.59                   
                 170                  20              444.26                   
                 180                  20              410.68                   
                 190                  20              377.11                   
                 200                  20              240.04                   
                 210                  20              171.50                   
                 220                  20              142.42                   
                 230                  20              113.34                   
                 240                  20              135.10                   
                 250                  20              124.62                   
                 260                  20              154.73                   
                 270                  20              184.78                   
                 280                  20              264.27                   
                 290                  20              323.70                   
                 300                  20              269.75                   
                 310                  20              208.14                   
                 320                  20              307.07                   
                 330                  20              368.31                   
                 340                  20              446.14                   
                 350                  20              523.97                   
                 360                  20              506.27                   
                 370                  20              488.57                   
                 380                  20              445.43                   
                 390                  20              510.40                   
                 400                  20              542.26                   
                 410                  20              440.15                   
                 420                  20              503.84                   
                 430                  20              451.42                   
                 440                  20              311.62                   
                 450                  20              289.68                   
                 460                  20              231.11                   
                 470                  20              293.64                   
                 480                  20              219.27                   
                 490                  20              235.80                   
                 500                  20              179.13                   
                 510                  20              122.46                   
                 520                  20               88.80                   
                 530                  20              130.36                   
                 540                  20              152.34                   
                 550                  20              136.67                   
                 560                  20              176.90                   
                 570                  20              212.12                   
                 580                  20              203.65                   
                 590                  20              223.30                   
                 600                  20              302.72                   
                 610                  20              302.22                   
                 620                  20              281.38                   
                 630                  20              368.78                   
                 640                  20              532.85                   
                 650                  20              428.08                   
                 660                  20              323.30                   
                 670                  20              362.43                   
                 680                  20              401.56                   
                 690                  20              356.88                   
                 700                  20              271.00                   
                 710                  20              185.11                   
                 720                  20              209.12                   
                 730                  20              242.79                   
                 740                  20              240.34                   
                 750                  20              284.32                   
                 760                  20              183.18                   
                 770                  20              142.28                   
                 780                  20              101.38                   
                 790                  20              213.75                   
                 800                  20              245.06                   
                 810                  20              276.37                   
                 820                  20              250.53                   
                 830                  20              264.65                   
                 840                  20              288.11                   
                 850                  20              219.96                   
                 860                  20              237.72                   
                 870                  20              372.78                   
                 880                  20              507.84                   
                 890                  20              531.75                   
                 900                  20              355.18                   
                 910                  20              448.91                   
                 920                  20              542.64                   
                 930                  20              562.58                   
                 940                  20              437.96                   
                 950                  20              443.50                   
                 960                  20              473.35                   
                 970                  20              440.87                   
                 980                  20              506.66                   
                 990                  20              593.68                   
                1000                  20              533.97                   
                1010                  20              474.26                   
                1020                  20              425.45                   
                1030                  20              502.55                   
                1040                  20              737.06                   
                1050                  20              595.37                   
                1060                  20              689.20                   
                1070                  20              704.66                   
                1080                  20              627.84                   
                1090                  20              651.35                   
                1100                  20              790.30                   
                1110                  20              787.26                   
                1120                  20              721.72                   
                1130                  20              761.28                   
                1140                  20              827.22                   
                1150                  20              763.77                   
                1160                  20              751.94                   
                1170                  20              693.77                   
                1180                  20              557.08                   
                1190                  20              622.17                   
                1200                  20              762.84                   
                1210                  20              890.83                   
                1220                  20             1105.97                   
                1230                  20              823.38                   
                1240                  20              631.77                   
                1250                  20              880.09                   
                1260                  20             1191.19                   
                1270                  20              893.89                   
                1280                  20              596.58                   
                1290                  20              468.52                   
                1300                  20              404.31                   
                1310                  20              504.92                   
                1320                  20              593.41                   
                1330                  20              514.56                   
                1340                  20              486.70                   
                1350                  20              453.32                   
                1360                  20              423.00                   
                1370                  20              392.69                   
                1380                  20              493.87                   
                1390                  20              473.86                   
                1400                  20              402.51                   
                1410                  20              364.64                   
                1420                  20              352.26                   
                1430                  20              363.48                   
                1440                  20              369.36                   
                1450                  20              338.68                   
                1460                  20              268.81                   
                1470                  20              300.77                   
                1480                  20              273.14                   
                1490                  20              235.58                   
                1500                  20              276.68                   
                1510                  20              345.68                   
                1520                  20              480.54                   
                1530                  20              424.48                   
                1540                  20              368.41                   
                1550                  20              380.81                   
                1560                  20              447.32                   
                1570                  20              624.74                   
                1580                  20              636.16                   
                1590                  20              505.27                   
                1600                  20              374.37                   
                1610                  20              411.18                   
                1620                  20              498.50                   
                1630                  20              574.87                   
                1640                  20              655.52                   
                1650                  20              614.12                   
                1660                  20              687.78                   
                1670                  20              647.05                   
                1680                  20              686.76                   
                1690                  20              858.68                   
                1700                  20              803.99                   
                1710                  20              678.85                   
                1720                  20              618.32                   
                  45                  30              579.35                   
                  55                  30              411.04                   
                  65                  30              302.07                   
                  75                  30              268.08                   
                  85                  30              344.20                   
                  95                  30              332.45                   
                 105                  30              272.19                   
                 115                  30              205.68                   
                 125                  30              233.63                   
                 135                  30              304.77                   
                 145                  30              304.77                   
                 155                  30              295.25                   
                 165                  30              526.64                   
                 175                  30              408.11                   
                 185                  30              289.59                   
                 195                  30              334.10                   
                 205                  30              236.04                   
                 215                  30              169.26                   
                 225                  30              135.87                   
                 235                  30              102.48                   
                 245                  30              136.44                   
                 255                  30              149.44                   
                 265                  30              180.69                   
                 275                  30              209.30                   
                 285                  30              234.62                   
                 295                  30              188.71                   
                 305                  30              172.92                   
                 315                  30              159.16                   
                 325                  30              230.88                   
                 335                  30              382.40                   
                 345                  30              533.91                   
                 355                  30              582.15                   
                 365                  30              498.00                   
                 375                  30              382.55                   
                 385                  30              267.11                   
                 395                  30              247.07                   
                 405                  30              353.55                   
                 415                  30              354.52                   
                 425                  30              440.97                   
                 435                  30              374.52                   
                 445                  30              306.51                   
                 455                  30              291.67                   
                 465                  30              260.80                   
                 475                  30              346.72                   
                 485                  30              348.61                   
                 495                  30              262.23                   
                 505                  30              175.85                   
                 515                  30              133.05                   
                 525                  30               91.71                   
                 535                  30              116.44                   
                 545                  30              169.46                   
                 555                  30              198.56                   
                 565                  30              198.08                   
                 575                  30              205.23                   
                 585                  30              197.42                   
                 595                  30              195.57                   
                 605                  30              186.20                   
                 615                  30              237.92                   
                 625                  30              319.45                   
                 635                  30              451.55                   
                 645                  30              388.30                   
                 655                  30              275.36                   
                 665                  30              193.54                   
                 675                  30              228.44                   
                 685                  30              319.16                   
                 695                  30              389.11                   
                 705                  30              300.09                   
                 715                  30              212.17                   
                 725                  30              220.31                   
                 735                  30              360.50                   
                 745                  30              334.35                   
                 755                  30              218.72                   
                 765                  30              137.87                   
                 775                  30               78.60                   
                 785                  30               85.85                   
                 795                  30              262.10                   
                 805                  30              332.91                   
                 815                  30              403.73                   
                 825                  30              286.38                   
                 835                  30              225.66                   
                 845                  30              176.90                   
                 855                  30              195.61                   
                 865                  30              293.37                   
                 875                  30              391.13                   
                 885                  30              419.96                   
                 895                  30              406.26                   
                 905                  30              331.87                   
                 915                  30              392.41                   
                 925                  30              389.23                   
                 935                  30              465.37                   
                 945                  30              405.99                   
                 955                  30              385.88                   
                 965                  30              403.59                   
                 975                  30              532.81                   
                 985                  30              712.03                   
                 995                  30              624.75                   
                1005                  30              469.83                   
                1015                  30              314.91                   
                1025                  30              354.20                   
                1035                  30              502.02                   
                1045                  30              649.83                   
                1055                  30              746.04                   
                1065                  30              792.88                   
                1075                  30              750.65                   
                1085                  30              686.63                   
                1095                  30              665.00                   
                1105                  30              586.97                   
                1115                  30              626.07                   
                1125                  30              584.05                   
                1135                  30              676.46                   
                1145                  30              692.53                   
                1155                  30              766.92                   
                1165                  30              724.32                   
                1175                  30              721.15                   
                1185                  30              719.04                   
                1195                  30              790.91                   
                1205                  30              921.62                   
                1215                  30              842.40                   
                1225                  30              598.62                   
                1235                  30              521.20                   
                1245                  30              602.43                   
                1255                  30              735.34                   
                1265                  30              913.85                   
                1275                  30              728.79                   
                1285                  30              543.73                   
                1295                  30              433.61                   
                1305                  30              502.78                   
                1315                  30              547.32                   
                1325                  30              651.70                   
                1335                  30              587.31                   
                1345                  30              471.31                   
                1355                  30              384.69                   
                1365                  30              384.69                   
                1375                  30              398.94                   
                1385                  30              486.36                   
                1395                  30              480.49                   
                1405                  30              405.54                   
                1415                  30              349.38                   
                1425                  30              388.34                   
                1435                  30              370.91                   
                1445                  30              384.94                   
                1455                  30              324.16                   
                1465                  30              296.60                   
                1475                  30              301.18                   
                1485                  30              308.97                   
                1495                  30              347.11                   
                1505                  30              419.33                   
                1515                  30              592.75                   
                1525                  30              533.56                   
                1535                  30              370.93                   
                1545                  30              333.44                   
                1555                  30              295.95                   
                1565                  30              450.40                   
                1575                  30              604.84                   
                1585                  30              555.39                   
                1595                  30              456.71                   
                1605                  30              358.04                   
                1615                  30              474.29                   
                1625                  30              579.53                   
                1635                  30              703.07                   
                1645                  30              735.65                   
                1655                  30              671.79                   
                1665                  30              540.81                   
                1675                  30              642.37                   
                1685                  30              699.79                   
                1695                  30              623.44                   
                1705                  30              672.26                   
                  60                  40              510.04                   
                  70                  40              388.26                   
                  80                  40              311.08                   
                  90                  40              313.17                   
                 100                  40              247.07                   
                 110                  40              226.72                   
                 120                  40              229.11                   
                 130                  40              229.11                   
                 140                  40              246.92                   
                 150                  40              241.00                   
                 160                  40              615.86                   
                 170                  40              453.39                   
                 180                  40              381.82                   
                 190                  40              310.26                   
                 200                  40              323.34                   
                 210                  40              239.73                   
                 220                  40              177.69                   
                 230                  40              139.68                   
                 240                  40              101.68                   
                 250                  40              137.49                   
                 260                  40              173.31                   
                 270                  40              184.91                   
                 280                  40              199.65                   
                 290                  40              181.63                   
                 300                  40              157.82                   
                 310                  40              171.95                   
                 320                  40              199.42                   
                 330                  40              331.15                   
                 340                  40              520.47                   
                 350                  40              709.78                   
                 360                  40              643.24                   
                 370                  40              492.59                   
                 380                  40              350.42                   
                 390                  40              278.89                   
                 400                  40              207.35                   
                 410                  40              193.70                   
                 420                  40              299.89                   
                 430                  40              406.07                   
                 440                  40              332.06                   
                 450                  40              351.94                   
                 460                  40              360.79                   
                 470                  40              353.75                   
                 480                  40              435.27                   
                 490                  40              416.48                   
                 500                  40              308.13                   
                 510                  40              232.95                   
                 520                  40              157.78                   
                 530                  40              128.26                   
                 540                  40              150.65                   
                 550                  40              209.97                   
                 560                  40              241.97                   
                 570                  40              229.34                   
                 580                  40              190.59                   
                 590                  40              153.00                   
                 600                  40              162.20                   
                 610                  40              217.94                   
                 620                  40              299.05                   
                 630                  40              321.02                   
                 640                  40              291.59                   
                 650                  40              247.30                   
                 660                  40              205.87                   
                 670                  40              163.45                   
                 680                  40              167.98                   
                 690                  40              240.24                   
                 700                  40              302.40                   
                 710                  40              299.78                   
                 720                  40              294.00                   
                 730                  40              427.46                   
                 740                  40              346.14                   
                 750                  40              225.30                   
                 760                  40              147.39                   
                 770                  40               95.50                   
                 780                  40               61.10                   
                 790                  40               76.07                   
                 800                  40              191.65                   
                 810                  40              387.96                   
                 820                  40              351.25                   
                 830                  40              278.41                   
                 840                  40              205.58                   
                 850                  40              208.64                   
                 860                  40              231.15                   
                 870                  40              316.52                   
                 880                  40              382.60                   
                 890                  40              330.50                   
                 900                  40              362.44                   
                 910                  40              384.91                   
                 920                  40              324.77                   
                 930                  40              360.94                   
                 940                  40              332.87                   
                 950                  40              359.91                   
                 960                  40              439.31                   
                 970                  40              535.22                   
                 980                  40              625.95                   
                 990                  40              643.46                   
                1000                  40              440.13                   
                1010                  40              341.87                   
                1020                  40              326.84                   
                1030                  40              320.53                   
                1040                  40              426.40                   
                1050                  40              632.45                   
                1060                  40              785.95                   
                1070                  40              897.01                   
                1080                  40              709.53                   
                1090                  40              635.55                   
                1100                  40              571.09                   
                1110                  40              446.91                   
                1120                  40              497.62                   
                1130                  40              513.54                   
                1140                  40              561.38                   
                1150                  40              684.43                   
                1160                  40              727.49                   
                1170                  40              753.27                   
                1180                  40              832.29                   
                1190                  40              784.80                   
                1200                  40              757.36                   
                1210                  40              679.01                   
                1220                  40              511.31                   
                1230                  40              474.13                   
                1240                  40              520.96                   
                1250                  40              544.88                   
                1260                  40              587.90                   
                1270                  40              630.18                   
                1280                  40              606.01                   
                1290                  40              521.78                   
                1300                  40              484.24                   
                1310                  40              558.88                   
                1320                  40              617.61                   
                1330                  40              614.97                   
                1340                  40              505.62                   
                1350                  40              420.63                   
                1360                  40              357.11                   
                1370                  40              357.11                   
                1380                  40              384.19                   
                1390                  40              393.52                   
                1400                  40              428.99                   
                1410                  40              415.00                   
                1420                  40              385.63                   
                1430                  40              372.64                   
                1440                  40              370.79                   
                1450                  40              358.16                   
                1460                  40              370.03                   
                1470                  40              324.14                   
                1480                  40              313.80                   
                1490                  40              433.72                   
                1500                  40              470.46                   
                1510                  40              581.56                   
                1520                  40              443.80                   
                1530                  40              306.05                   
                1540                  40              297.53                   
                1550                  40              229.24                   
                1560                  40              274.42                   
                1570                  40              319.60                   
                1580                  40              385.89                   
                1590                  40              523.16                   
                1600                  40              558.78                   
                1610                  40              450.53                   
                1620                  40              601.97                   
                1630                  40              697.01                   
                1640                  40              771.32                   
                1650                  40              657.78                   
                1660                  40              686.84                   
                1670                  40              565.65                   
                1680                  40              516.69                   
                1690                  40              432.88                   
                  75                  50              395.02                   
                  85                  50              292.21                   
                  95                  50              276.59                   
                 105                  50              207.04                   
                 115                  50              207.04                   
                 125                  50              172.78                   
                 135                  50              178.44                   
                 145                  50              189.97                   
                 155                  50             1037.78                   
                 165                  50              674.06                   
                 175                  50              495.18                   
                 185                  50              418.08                   
                 195                  50              340.99                   
                 205                  50              315.78                   
                 215                  50              234.23                   
                 225                  50              176.43                   
                 235                  50              118.64                   
                 245                  50              136.59                   
                 255                  50              138.66                   
                 265                  50              138.66                   
                 275                  50              189.46                   
                 285                  50              178.91                   
                 295                  50              170.08                   
                 305                  50              193.41                   
                 315                  50              236.79                   
                 325                  50              392.87                   
                 335                  50              548.95                   
                 345                  50              689.86                   
                 355                  50              733.59                   
                 365                  50              628.63                   
                 375                  50              473.14                   
                 385                  50              317.92                   
                 395                  50              231.44                   
                 405                  50              174.61                   
                 415                  50              187.63                   
                 425                  50              200.65                   
                 435                  50              249.24                   
                 445                  50              321.72                   
                 455                  50              451.39                   
                 465                  50              501.77                   
                 475                  50              490.23                   
                 485                  50              498.72                   
                 495                  50              449.02                   
                 505                  50              388.81                   
                 515                  50              503.56                   
                 525                  50              344.23                   
                 535                  50              283.93                   
                 545                  50              223.62                   
                 555                  50              247.41                   
                 565                  50              230.45                   
                 575                  50              227.21                   
                 585                  50              194.75                   
                 595                  50              186.58                   
                 605                  50              215.06                   
                 615                  50              237.02                   
                 625                  50              233.69                   
                 635                  50              213.44                   
                 645                  50              203.71                   
                 655                  50              191.79                   
                 665                  50              150.26                   
                 675                  50              135.04                   
                 685                  50              154.51                   
                 695                  50              194.02                   
                 705                  50              266.52                   
                 715                  50              362.76                   
                 725                  50              526.43                   
                 735                  50              377.57                   
                 745                  50              257.73                   
                 755                  50              183.74                   
                 765                  50              134.57                   
                 775                  50               98.52                   
                 785                  50               70.27                   
                 795                  50               74.81                   
                 805                  50              143.06                   
                 815                  50              288.30                   
                 825                  50              360.59                   
                 835                  50              320.05                   
                 845                  50              279.52                   
                 855                  50              210.85                   
                 865                  50              295.18                   
                 875                  50              347.94                   
                 885                  50              350.38                   
                 895                  50              343.09                   
                 905                  50              352.78                   
                 915                  50              311.27                   
                 925                  50              314.92                   
                 935                  50              315.15                   
                 945                  50              345.21                   
                 955                  50              392.43                   
                 965                  50              500.85                   
                 975                  50              587.57                   
                 985                  50              522.44                   
                 995                  50              414.94                   
                1005                  50              371.31                   
                1015                  50              360.81                   
                1025                  50              368.96                   
                1035                  50              401.24                   
                1045                  50              490.19                   
                1055                  50              669.00                   
                1065                  50              740.11                   
                1075                  50              776.15                   
                1085                  50              693.53                   
                1095                  50              509.15                   
                1105                  50              444.11                   
                1115                  50              440.40                   
                1125                  50              432.33                   
                1135                  50              429.71                   
                1145                  50              535.12                   
                1155                  50              655.79                   
                1165                  50              748.23                   
                1175                  50              782.59                   
                1185                  50              765.10                   
                1195                  50              641.24                   
                1205                  50              607.83                   
                1215                  50              565.89                   
                1225                  50              461.64                   
                1235                  50              441.64                   
                1245                  50              428.78                   
                1255                  50              418.26                   
                1265                  50              446.88                   
                1275                  50              513.84                   
                1285                  50              467.76                   
                1295                  50              507.91                   
                1305                  50              559.51                   
                1315                  50              581.37                   
                1325                  50              581.44                   
                1335                  50              569.23                   
                1345                  50              464.36                   
                1355                  50              413.13                   
                1365                  50              367.09                   
                1375                  50              367.09                   
                1385                  50              321.64                   
                1395                  50              352.63                   
                1405                  50              368.87                   
                1415                  50              386.55                   
                1425                  50              401.05                   
                1435                  50              392.85                   
                1445                  50              362.93                   
                1455                  50              391.75                   
                1465                  50              372.06                   
                1475                  50              359.81                   
                1485                  50              455.94                   
                1495                  50              522.08                   
                1505                  50              569.39                   
                1515                  50              421.26                   
                1525                  50              396.30                   
                1535                  50              288.44                   
                1545                  50              241.09                   
                1555                  50              190.40                   
                1565                  50              204.03                   
                1575                  50              272.24                   
                1585                  50              340.44                   
                1595                  50              434.80                   
                1605                  50              571.94                   
                1615                  50              614.91                   
                1625                  50              731.44                   
                1635                  50              745.36                   
                1645                  50              730.10                   
                1655                  50              636.67                   
                1665                  50              612.99                   
                1675                  50              451.52                   
                  90                  60              370.79                   
                 100                  60              269.24                   
                 110                  60              203.32                   
                 120                  60              137.39                   
                 130                  60              155.30                   
                 140                  60              163.58                   
                 150                  60             1026.36                   
                 160                  60              654.39                   
                 170                  60              477.73                   
                 180                  60              382.07                   
                 190                  60              286.42                   
                 200                  60              308.80                   
                 210                  60              325.56                   
                 220                  60              234.95                   
                 230                  60              182.04                   
                 240                  60              129.13                   
                 250                  60              143.43                   
                 260                  60              143.72                   
                 270                  60              153.42                   
                 280                  60              153.42                   
                 290                  60              195.98                   
                 300                  60              227.05                   
                 310                  60              256.18                   
                 320                  60              408.38                   
                 330                  60              560.58                   
                 340                  60              790.18                   
                 350                  60              747.55                   
                 360                  60              557.05                   
                 370                  60              559.22                   
                 380                  60              401.09                   
                 390                  60              258.16                   
                 400                  60              171.85                   
                 410                  60              113.21                   
                 420                  60               94.11                   
                 430                  60              118.86                   
                 440                  60              210.82                   
                 450                  60              388.01                   
                 460                  60              565.21                   
                 470                  60              594.35                   
                 480                  60              530.23                   
                 490                  60              549.77                   
                 500                  60              538.10                   
                 510                  60              453.89                   
                 520                  60              356.16                   
                 530                  60              304.27                   
                 540                  60              335.73                   
                 550                  60              261.32                   
                 560                  60              239.14                   
                 570                  60              236.39                   
                 580                  60              246.82                   
                 590                  60              253.25                   
                 600                  60              211.73                   
                 610                  60              203.76                   
                 620                  60              210.21                   
                 630                  60              176.14                   
                 640                  60              146.89                   
                 650                  60              127.02                   
                 660                  60              133.74                   
                 670                  60              149.49                   
                 680                  60              119.23                   
                 690                  60              178.27                   
                 700                  60              282.24                   
                 710                  60              386.20                   
                 720                  60              439.15                   
                 730                  60              330.06                   
                 740                  60              245.13                   
                 750                  60              210.15                   
                 760                  60              174.04                   
                 770                  60              137.93                   
                 780                  60               99.04                   
                 790                  60               68.52                   
                 800                  60               83.69                   
                 810                  60              143.95                   
                 820                  60              251.25                   
                 830                  60              358.55                   
                 840                  60              437.96                   
                 850                  60              349.78                   
                 860                  60              299.75                   
                 870                  60              341.49                   
                 880                  60              346.71                   
                 890                  60              332.49                   
                 900                  60              341.90                   
                 910                  60              314.92                   
                 920                  60              311.34                   
                 930                  60              293.68                   
                 940                  60              347.66                   
                 950                  60              395.98                   
                 960                  60              457.34                   
                 970                  60              462.00                   
                 980                  60              431.77                   
                 990                  60              400.86                   
                1000                  60              377.47                   
                1010                  60              390.43                   
                1020                  60              378.59                   
                1030                  60              405.70                   
                1040                  60              499.20                   
                1050                  60              563.95                   
                1060                  60              628.22                   
                1070                  60              604.44                   
                1080                  60              664.24                   
                1090                  60              613.00                   
                1100                  60              496.61                   
                1110                  60              393.09                   
                1120                  60              375.73                   
                1130                  60              466.39                   
                1140                  60              459.77                   
                1150                  60              558.74                   
                1160                  60              594.22                   
                1170                  60              680.82                   
                1180                  60              678.07                   
                1190                  60              637.06                   
                1200                  60              608.70                   
                1210                  60              555.33                   
                1220                  60              505.27                   
                1230                  60              402.59                   
                1240                  60              354.56                   
                1250                  60              322.29                   
                1260                  60              351.86                   
                1270                  60              387.09                   
                1280                  60              433.71                   
                1290                  60              473.49                   
                1300                  60              491.88                   
                1310                  60              537.52                   
                1320                  60              576.88                   
                1330                  60              552.82                   
                1340                  60              528.62                   
                1350                  60              455.75                   
                1360                  60              387.53                   
                1370                  60              331.29                   
                1380                  60              331.29                   
                1390                  60              303.94                   
                1400                  60              290.19                   
                1410                  60              355.20                   
                1420                  60              360.90                   
                1430                  60              377.37                   
                1440                  60              388.82                   
                1450                  60              406.50                   
                1460                  60              424.98                   
                1470                  60              425.99                   
                1480                  60              494.45                   
                1490                  60              529.21                   
                1500                  60              505.55                   
                1510                  60              454.71                   
                1520                  60              349.11                   
                1530                  60              313.00                   
                1540                  60              242.18                   
                1550                  60              225.51                   
                1560                  60              200.23                   
                1570                  60              188.17                   
                1580                  60              248.38                   
                1590                  60              337.82                   
                1600                  60              427.26                   
                1610                  60              622.45                   
                1620                  60              710.64                   
                1630                  60              791.16                   
                1640                  60              660.56                   
                1650                  60              695.74                   
                1660                  60              431.79                   
                 105                  70              292.72                   
                 115                  70              222.50                   
                 125                  70              152.28                   
                 135                  70              133.00                   
                 145                  70              102.16                   
                 155                  70              177.73                   
                 165                  70              253.30                   
                 175                  70              242.05                   
                 185                  70              265.01                   
                 195                  70              239.90                   
                 205                  70              284.12                   
                 215                  70              269.99                   
                 225                  70              215.99                   
                 235                  70              161.98                   
                 245                  70              137.40                   
                 255                  70              148.19                   
                 265                  70              163.20                   
                 275                  70              167.95                   
                 285                  70              173.54                   
                 295                  70              241.55                   
                 305                  70              309.56                   
                 315                  70              477.59                   
                 325                  70              645.62                   
                 335                  70              776.24                   
                 345                  70              702.34                   
                 355                  70              704.01                   
                 365                  70              591.56                   
                 375                  70              429.02                   
                 385                  70              281.29                   
                 395                  70              168.65                   
                 405                  70              111.91                   
                 415                  70               88.79                   
                 425                  70               65.67                   
                 435                  70               96.59                   
                 445                  70              127.51                   
                 455                  70              295.46                   
                 465                  70              460.64                   
                 475                  70              625.82                   
                 485                  70              581.94                   
                 495                  70              633.61                   
                 505                  70              594.15                   
                 515                  70              538.24                   
                 525                  70              440.20                   
                 535                  70              379.03                   
                 545                  70              301.51                   
                 555                  70              286.65                   
                 565                  70              272.07                   
                 575                  70              290.34                   
                 585                  70              273.16                   
                 595                  70              233.74                   
                 605                  70              220.79                   
                 615                  70              198.93                   
                 625                  70              164.81                   
                 635                  70              130.76                   
                 645                  70               98.72                   
                 655                  70               89.48                   
                 665                  70              111.53                   
                 675                  70              133.58                   
                 685                  70              173.03                   
                 695                  70              243.95                   
                 705                  70              356.96                   
                 715                  70              341.76                   
                 725                  70              257.08                   
                 735                  70              229.10                   
                 745                  70              265.83                   
                 755                  70              236.19                   
                 765                  70              177.98                   
                 775                  70              160.46                   
                 785                  70              114.50                   
                 795                  70              101.36                   
                 805                  70              107.89                   
                 815                  70              160.13                   
                 825                  70              243.03                   
                 835                  70              325.93                   
                 845                  70              420.76                   
                 855                  70              442.46                   
                 865                  70              381.94                   
                 875                  70              324.11                   
                 885                  70              327.48                   
                 895                  70              348.86                   
                 905                  70              340.47                   
                 915                  70              365.71                   
                 925                  70              314.82                   
                 935                  70              283.28                   
                 945                  70              373.17                   
                 955                  70              400.28                   
                 965                  70              364.11                   
                 975                  70              340.29                   
                 985                  70              306.10                   
                 995                  70              371.23                   
                1005                  70              409.74                   
                1015                  70              390.31                   
                1025                  70              402.42                   
                1035                  70              451.58                   
                1045                  70              521.28                   
                1055                  70              593.24                   
                1065                  70              543.32                   
                1075                  70              536.34                   
                1085                  70              564.33                   
                1095                  70              539.59                   
                1105                  70              464.19                   
                1115                  70              414.78                   
                1125                  70              372.41                   
                1135                  70              451.22                   
                1145                  70              500.81                   
                1155                  70              488.42                   
                1165                  70              551.60                   
                1175                  70              524.61                   
                1185                  70              594.80                   
                1195                  70              620.49                   
                1205                  70              551.67                   
                1215                  70              466.81                   
                1225                  70              428.31                   
                1235                  70              345.41                   
                1245                  70              297.10                   
                1255                  70              307.58                   
                1265                  70              312.83                   
                1275                  70              352.65                   
                1285                  70              415.35                   
                1295                  70              454.94                   
                1305                  70              490.60                   
                1315                  70              513.40                   
                1325                  70              519.23                   
                1335                  70              513.70                   
                1345                  70              484.62                   
                1355                  70              422.98                   
                1365                  70              374.62                   
                1375                  70              304.83                   
                1385                  70              304.83                   
                1395                  70              297.74                   
                1405                  70              292.04                   
                1415                  70              313.34                   
                1425                  70              337.22                   
                1435                  70              346.20                   
                1445                  70              417.72                   
                1455                  70              472.03                   
                1465                  70              491.11                   
                1475                  70              528.31                   
                1485                  70              500.36                   
                1495                  70              530.74                   
                1505                  70              464.21                   
                1515                  70              349.78                   
                1525                  70              283.70                   
                1535                  70              274.16                   
                1545                  70              227.36                   
                1555                  70              218.95                   
                1565                  70              217.83                   
                1575                  70              203.38                   
                1585                  70              249.55                   
                1595                  70              328.35                   
                1605                  70              469.05                   
                1615                  70              645.15                   
                1625                  70              665.09                   
                1635                  70              759.62                   
                1645                  70              474.30                   
                 120                  80              311.24                   
                 130                  80              220.85                   
                 140                  80             1052.10                   
                 150                  80              629.79                   
                 160                  80              421.32                   
                 170                  80              321.44                   
                 180                  80              221.56                   
                 190                  80              220.86                   
                 200                  80              223.82                   
                 210                  80              265.47                   
                 220                  80              287.56                   
                 230                  80              229.50                   
                 240                  80              171.43                   
                 250                  80              148.77                   
                 260                  80              181.06                   
                 270                  80              178.66                   
                 280                  80              202.60                   
                 290                  80              251.57                   
                 300                  80              320.61                   
                 310                  80              498.42                   
                 320                  80              676.23                   
                 330                  80              759.70                   
                 340                  80              777.68                   
                 350                  80              738.72                   
                 360                  80              556.67                   
                 370                  80              400.19                   
                 380                  80              265.53                   
                 390                  80              170.59                   
                 400                  80              118.21                   
                 410                  80               91.89                   
                 420                  80               65.57                   
                 430                  80               77.27                   
                 440                  80               86.22                   
                 450                  80              113.17                   
                 460                  80              179.64                   
                 470                  80              337.86                   
                 480                  80              496.09                   
                 490                  80              605.90                   
                 500                  80              708.01                   
                 510                  80              715.09                   
                 520                  80              628.39                   
                 530                  80              521.99                   
                 540                  80              437.47                   
                 550                  80              302.89                   
                 560                  80              329.10                   
                 570                  80              316.88                   
                 580                  80              270.48                   
                 590                  80              265.77                   
                 600                  80              242.54                   
                 610                  80              212.41                   
                 620                  80              177.77                   
                 630                  80              122.47                   
                 640                  80              101.41                   
                 650                  80               78.30                   
                 660                  80               76.21                   
                 670                  80              123.68                   
                 680                  80              190.42                   
                 690                  80              257.16                   
                 700                  80              302.57                   
                 710                  80              261.69                   
                 720                  80              264.31                   
                 730                  80              272.31                   
                 740                  80              247.35                   
                 750                  80              235.85                   
                 760                  80              208.27                   
                 770                  80              184.54                   
                 780                  80              157.84                   
                 790                  80              165.83                   
                 800                  80              163.47                   
                 810                  80              153.64                   
                 820                  80              175.83                   
                 830                  80              244.24                   
                 840                  80              324.80                   
                 850                  80              449.48                   
                 860                  80              472.09                   
                 870                  80              377.84                   
                 880                  80              342.68                   
                 890                  80              382.54                   
                 900                  80              372.32                   
                 910                  80              385.76                   
                 920                  80              282.35                   
                 930                  80              318.81                   
                 940                  80              326.55                   
                 950                  80              326.48                   
                 960                  80              317.89                   
                 970                  80              288.93                   
                 980                  80              294.61                   
                 990                  80              303.28                   
                1000                  80              344.37                   
                1010                  80              386.01                   
                1020                  80              406.30                   
                1030                  80              408.82                   
                1040                  80              451.94                   
                1050                  80              502.34                   
                1060                  80              490.27                   
                1070                  80              531.25                   
                1080                  80              493.15                   
                1090                  80              492.21                   
                1100                  80              509.55                   
                1110                  80              468.81                   
                1120                  80              442.91                   
                1130                  80              415.26                   
                1140                  80              423.40                   
                1150                  80              425.22                   
                1160                  80              521.68                   
                1170                  80              500.82                   
                1180                  80              528.35                   
                1190                  80              530.83                   
                1200                  80              516.25                   
                1210                  80              449.33                   
                1220                  80              407.20                   
                1230                  80              392.83                   
                1240                  80              321.04                   
                1250                  80              297.38                   
                1260                  80              306.90                   
                1270                  80              300.38                   
                1280                  80              332.40                   
                1290                  80              418.65                   
                1300                  80              456.81                   
                1310                  80              465.72                   
                1320                  80              463.20                   
                1330                  80              441.29                   
                1340                  80              443.93                   
                1350                  80              462.30                   
                1360                  80              375.18                   
                1370                  80              332.20                   
                1380                  80              296.02                   
                1390                  80              296.02                   
                1400                  80              322.69                   
                1410                  80              304.73                   
                1420                  80              315.33                   
                1430                  80              303.91                   
                1440                  80              379.71                   
                1450                  80              446.63                   
                1460                  80              493.11                   
                1470                  80              535.56                   
                1480                  80              547.17                   
                1490                  80              503.45                   
                1500                  80              439.94                   
                1510                  80              365.24                   
                1520                  80              319.86                   
                1530                  80              274.41                   
                1540                  80              248.35                   
                1550                  80              234.74                   
                1560                  80              228.15                   
                1570                  80              239.51                   
                1580                  80              224.78                   
                1590                  80              320.92                   
                1600                  80              417.07                   
                1610                  80              492.69                   
                1620                  80              590.91                   
                1630                  80              362.60                   
                 135                  90             1005.56                   
                 145                  90              575.89                   
                 155                  90              360.44                   
                 165                  90              269.91                   
                 175                  90              224.04                   
                 185                  90              178.16                   
                 195                  90              213.44                   
                 205                  90              204.28                   
                 215                  90              279.18                   
                 225                  90              289.28                   
                 235                  90              240.54                   
                 245                  90              191.80                   
                 255                  90              184.12                   
                 265                  90              169.50                   
                 275                  90              208.35                   
                 285                  90              257.93                   
                 295                  90              347.98                   
                 305                  90              447.51                   
                 315                  90              397.75                   
                 325                  90              619.96                   
                 335                  90              842.18                   
                 345                  90              669.50                   
                 355                  90              453.15                   
                 365                  90              322.84                   
                 375                  90              229.57                   
                 385                  90              172.84                   
                 395                  90              116.12                   
                 405                  90               78.10                   
                 415                  90               74.22                   
                 425                  90               71.55                   
                 435                  90               59.17                   
                 445                  90               72.99                   
                 455                  90               86.80                   
                 465                  90              127.99                   
                 475                  90              207.20                   
                 485                  90              351.63                   
                 495                  90              496.07                   
                 505                  90              741.80                   
                 515                  90              824.88                   
                 525                  90              744.32                   
                 535                  90              577.07                   
                 545                  90              476.82                   
                 555                  90              381.11                   
                 565                  90              346.10                   
                 575                  90              320.51                   
                 585                  90              262.99                   
                 595                  90              262.83                   
                 605                  90              232.69                   
                 615                  90              189.18                   
                 625                  90              153.06                   
                 635                  90              121.59                   
                 645                  90               99.65                   
                 655                  90              100.86                   
                 665                  90              143.94                   
                 675                  90              172.31                   
                 685                  90              225.71                   
                 695                  90              231.89                   
                 705                  90              242.99                   
                 715                  90              318.77                   
                 725                  90              270.66                   
                 735                  90              262.67                   
                 745                  90              243.33                   
                 755                  90              207.08                   
                 765                  90              191.29                   
                 775                  90              202.76                   
                 785                  90              204.91                   
                 795                  90              189.02                   
                 805                  90              221.92                   
                 815                  90              185.75                   
                 825                  90              230.89                   
                 835                  90              279.01                   
                 845                  90              372.76                   
                 855                  90              427.04                   
                 865                  90              438.30                   
                 875                  90              405.12                   
                 885                  90              416.45                   
                 895                  90              427.63                   
                 905                  90              390.31                   
                 915                  90              356.33                   
                 925                  90              321.79                   
                 935                  90              321.49                   
                 945                  90              282.66                   
                 955                  90              270.14                   
                 965                  90              276.97                   
                 975                  90              257.44                   
                 985                  90              279.84                   
                 995                  90              309.72                   
                1005                  90              325.32                   
                1015                  90              341.76                   
                1025                  90              396.19                   
                1035                  90              424.14                   
                1045                  90              429.33                   
                1055                  90              423.04                   
                1065                  90              456.15                   
                1075                  90              468.39                   
                1085                  90              503.84                   
                1095                  90              480.60                   
                1105                  90              492.46                   
                1115                  90              461.48                   
                1125                  90              430.71                   
                1135                  90              425.60                   
                1145                  90              415.55                   
                1155                  90              433.74                   
                1165                  90              457.52                   
                1175                  90              571.29                   
                1185                  90              464.75                   
                1195                  90              470.50                   
                1205                  90              415.98                   
                1215                  90              398.80                   
                1225                  90              371.34                   
                1235                  90              355.46                   
                1245                  90              310.96                   
                1255                  90              290.97                   
                1265                  90              291.67                   
                1275                  90              319.86                   
                1285                  90              363.13                   
                1295                  90              432.62                   
                1305                  90              422.86                   
                1315                  90              394.60                   
                1325                  90              416.88                   
                1335                  90              403.71                   
                1345                  90              391.29                   
                1355                  90              399.57                   
                1365                  90              360.15                   
                1375                  90              308.28                   
                1385                  90              286.72                   
                1395                  90              286.72                   
                1405                  90              297.89                   
                1415                  90              322.12                   
                1425                  90              332.64                   
                1435                  90              372.47                   
                1445                  90              399.38                   
                1455                  90              442.34                   
                1465                  90              506.72                   
                1475                  90              526.74                   
                1485                  90              515.03                   
                1495                  90              424.48                   
                1505                  90              378.24                   
                1515                  90              337.46                   
                1525                  90              284.60                   
                1535                  90              288.43                   
                1545                  90              265.10                   
                1555                  90              236.82                   
                1565                  90              236.35                   
                1575                  90              229.31                   
                1585                  90              253.87                   
                1595                  90              317.26                   
                1605                  90              440.15                   
                1615                  90              293.09                   
                 150                 100              213.85                   
                 160                 100              177.26                   
                 170                 100              140.66                   
                 180                 100              142.22                   
                 190                 100              177.31                   
                 200                 100              176.48                   
                 210                 100              202.18                   
                 220                 100              241.93                   
                 230                 100              352.85                   
                 240                 100              286.43                   
                 250                 100              220.01                   
                 260                 100              208.00                   
                 270                 100              240.96                   
                 280                 100              287.18                   
                 290                 100              356.47                   
                 300                 100              536.99                   
                 310                 100              717.52                   
                 320                 100              868.99                   
                 330                 100              612.73                   
                 340                 100              499.78                   
                 350                 100              386.83                   
                 360                 100              260.97                   
                 370                 100              192.77                   
                 380                 100              164.00                   
                 390                 100              115.09                   
                 400                 100              112.67                   
                 410                 100               82.26                   
                 420                 100               72.42                   
                 430                 100               66.17                   
                 440                 100               58.45                   
                 450                 100               64.95                   
                 460                 100               55.12                   
                 470                 100               95.95                   
                 480                 100              136.78                   
                 490                 100              233.78                   
                 500                 100              453.48                   
                 510                 100              673.17                   
                 520                 100              860.75                   
                 530                 100              822.95                   
                 540                 100              630.92                   
                 550                 100              507.57                   
                 560                 100              397.77                   
                 570                 100              355.03                   
                 580                 100              323.49                   
                 590                 100              277.34                   
                 600                 100              248.53                   
                 610                 100              206.02                   
                 620                 100              166.01                   
                 630                 100              150.73                   
                 640                 100              144.84                   
                 650                 100              162.71                   
                 660                 100              177.40                   
                 670                 100              200.51                   
                 680                 100              208.11                   
                 690                 100              187.94                   
                 700                 100              215.10                   
                 710                 100              242.90                   
                 720                 100              220.41                   
                 730                 100              273.54                   
                 740                 100              239.32                   
                 750                 100              214.97                   
                 760                 100              205.13                   
                 770                 100              208.17                   
                 780                 100              215.81                   
                 790                 100              239.98                   
                 800                 100              237.03                   
                 810                 100              230.64                   
                 820                 100              260.69                   
                 830                 100              252.57                   
                 840                 100              318.13                   
                 850                 100              374.50                   
                 860                 100              414.01                   
                 870                 100              438.16                   
                 880                 100              473.12                   
                 890                 100              433.50                   
                 900                 100              433.82                   
                 910                 100              379.46                   
                 920                 100              355.90                   
                 930                 100              302.33                   
                 940                 100              273.47                   
                 950                 100              276.38                   
                 960                 100              261.93                   
                 970                 100              246.47                   
                 980                 100              233.39                   
                 990                 100              286.45                   
                1000                 100              268.46                   
                1010                 100              303.25                   
                1020                 100              330.99                   
                1030                 100              357.38                   
                1040                 100              392.79                   
                1050                 100              387.43                   
                1060                 100              393.21                   
                1070                 100              404.85                   
                1080                 100              467.56                   
                1090                 100              500.32                   
                1100                 100              478.89                   
                1110                 100              441.89                   
                1120                 100              438.42                   
                1130                 100              411.52                   
                1140                 100              419.99                   
                1150                 100              466.45                   
                1160                 100              458.84                   
                1170                 100              410.25                   
                1180                 100              427.37                   
                1190                 100              527.20                   
                1200                 100              423.17                   
                1210                 100              371.91                   
                1220                 100              355.16                   
                1230                 100              340.69                   
                1240                 100              345.51                   
                1250                 100              294.27                   
                1260                 100              292.75                   
                1270                 100              314.31                   
                1280                 100              344.60                   
                1290                 100              371.52                   
                1300                 100              411.70                   
                1310                 100              367.65                   
                1320                 100              355.67                   
                1330                 100              356.47                   
                1340                 100              364.80                   
                1350                 100              365.23                   
                1360                 100              356.30                   
                1370                 100              320.05                   
                1380                 100              309.37                   
                1390                 100              836.15                   
                1400                 100              582.03                   
                1410                 100              464.66                   
                1420                 100              347.29                   
                1430                 100              410.84                   
                1440                 100              413.72                   
                1450                 100              416.49                   
                1460                 100              431.32                   
                1470                 100              460.40                   
                1480                 100              461.00                   
                1490                 100              443.36                   
                1500                 100              385.72                   
                1510                 100              324.14                   
                1520                 100              335.67                   
                1530                 100              298.16                   
                1540                 100              270.58                   
                1550                 100              261.84                   
                1560                 100              240.94                   
                1570                 100              239.09                   
                1580                 100              243.19                   
                1590                 100              319.48                   
                1600                 100              224.19                   
                 165                 110              175.25                   
                 175                 110              126.30                   
                 185                 110              137.51                   
                 195                 110              137.77                   
                 205                 110              183.96                   
                 215                 110              188.89                   
                 225                 110              234.53                   
                 235                 110              159.39                   
                 245                 110              204.61                   
                 255                 110              249.84                   
                 265                 110              256.46                   
                 275                 110              299.61                   
                 285                 110              364.89                   
                 295                 110              552.87                   
                 305                 110              740.85                   
                 315                 110              803.16                   
                 325                 110              627.06                   
                 335                 110              457.10                   
                 345                 110              372.11                   
                 355                 110              287.13                   
                 365                 110              218.03                   
                 375                 110              158.91                   
                 385                 110              139.32                   
                 395                 110              119.36                   
                 405                 110              104.36                   
                 415                 110               81.53                   
                 425                 110               63.49                   
                 435                 110               55.31                   
                 445                 110               38.85                   
                 455                 110               49.18                   
                 465                 110               59.51                   
                 475                 110               89.47                   
                 485                 110              150.68                   
                 495                 110              211.88                   
                 505                 110              350.34                   
                 515                 110              559.00                   
                 525                 110              767.66                   
                 535                 110              819.38                   
                 545                 110              665.23                   
                 555                 110              521.13                   
                 565                 110              407.18                   
                 575                 110              353.74                   
                 585                 110              324.15                   
                 595                 110              273.74                   
                 605                 110              233.04                   
                 615                 110              170.63                   
                 625                 110              183.09                   
                 635                 110              196.94                   
                 645                 110              202.17                   
                 655                 110              213.24                   
                 665                 110              209.83                   
                 675                 110              199.56                   
                 685                 110              210.90                   
                 695                 110              204.74                   
                 705                 110              178.41                   
                 715                 110              222.88                   
                 725                 110              163.71                   
                 735                 110              244.73                   
                 745                 110              239.06                   
                 755                 110              221.58                   
                 765                 110              213.62                   
                 775                 110              223.04                   
                 785                 110              240.37                   
                 795                 110              270.10                   
                 805                 110              273.96                   
                 815                 110              277.71                   
                 825                 110              258.64                   
                 835                 110              269.32                   
                 845                 110              354.74                   
                 855                 110              387.94                   
                 865                 110              424.21                   
                 875                 110              459.18                   
                 885                 110              451.19                   
                 895                 110              409.90                   
                 905                 110              374.23                   
                 915                 110              340.62                   
                 925                 110              314.72                   
                 935                 110              309.64                   
                 945                 110              283.20                   
                 955                 110              264.85                   
                 965                 110              226.90                   
                 975                 110              229.64                   
                 985                 110              251.91                   
                 995                 110              229.55                   
                1005                 110              239.84                   
                1015                 110              278.94                   
                1025                 110              312.71                   
                1035                 110              332.18                   
                1045                 110              316.66                   
                1055                 110              370.65                   
                1065                 110              386.54                   
                1075                 110              395.64                   
                1085                 110              434.37                   
                1095                 110              442.74                   
                1105                 110              457.89                   
                1115                 110              420.01                   
                1125                 110              436.49                   
                1135                 110              412.24                   
                1145                 110              444.43                   
                1155                 110              430.79                   
                1165                 110              431.45                   
                1175                 110              424.79                   
                1185                 110              396.37                   
                1195                 110              338.02                   
                1205                 110              483.31                   
                1215                 110              366.56                   
                1225                 110              324.11                   
                1235                 110              322.91                   
                1245                 110              340.80                   
                1255                 110              303.83                   
                1265                 110              308.90                   
                1275                 110              335.40                   
                1285                 110              342.83                   
                1295                 110              340.45                   
                1305                 110              362.72                   
                1315                 110              346.99                   
                1325                 110              318.96                   
                1335                 110              339.76                   
                1345                 110              327.40                   
                1355                 110              339.30                   
                1365                 110              335.12                   
                1375                 110              297.59                   
                1385                 110              306.71                   
                1395                 110              335.88                   
                1405                 110              335.88                   
                1415                 110              356.77                   
                1425                 110              401.39                   
                1435                 110              412.04                   
                1445                 110              409.79                   
                1455                 110              415.35                   
                1465                 110              408.79                   
                1475                 110              404.45                   
                1485                 110              393.79                   
                1495                 110              361.78                   
                1505                 110              368.11                   
                1515                 110              358.96                   
                1525                 110              318.34                   
                1535                 110              273.91                   
                1545                 110              245.82                   
                1555                 110              270.76                   
                1565                 110              241.95                   
                1575                 110              250.87                   
                1585                 110              210.39                   
                 180                 120              169.91                   
                 190                 120              132.70                   
                 200                 120              152.04                   
                 210                 120              158.30                   
                 220                 120              173.03                   
                 230                 120              188.15                   
                 240                 120              217.41                   
                 250                 120              217.41                   
                 260                 120              286.67                   
                 270                 120              314.21                   
                 280                 120              403.07                   
                 290                 120              516.60                   
                 300                 120              695.63                   
                 310                 120              661.55                   
                 320                 120              529.40                   
                 330                 120              377.29                   
                 340                 120              304.72                   
                 350                 120              250.10                   
                 360                 120              196.27                   
                 370                 120              196.27                   
                 380                 120              148.45                   
                 390                 120              135.40                   
                 400                 120              113.06                   
                 410                 120               97.89                   
                 420                 120               71.27                   
                 430                 120               55.72                   
                 440                 120               57.48                   
                 450                 120               31.92                   
                 460                 120               44.93                   
                 470                 120               76.30                   
                 480                 120              107.66                   
                 490                 120              153.81                   
                 500                 120              227.14                   
                 510                 120              309.20                   
                 520                 120              416.09                   
                 530                 120              520.46                   
                 540                 120              699.48                   
                 550                 120              668.03                   
                 560                 120              538.19                   
                 570                 120              409.33                   
                 580                 120              361.94                   
                 590                 120              318.28                   
                 600                 120              267.54                   
                 610                 120              259.09                   
                 620                 120              234.91                   
                 630                 120              223.03                   
                 640                 120              236.44                   
                 650                 120              224.89                   
                 660                 120              211.38                   
                 670                 120              207.54                   
                 680                 120              218.23                   
                 690                 120              203.14                   
                 700                 120              183.40                   
                 710                 120              179.31                   
                 720                 120              195.91                   
                 730                 120              151.75                   
                 740                 120              217.81                   
                 750                 120              230.87                   
                 760                 120              238.90                   
                 770                 120              229.51                   
                 780                 120              256.98                   
                 790                 120              273.59                   
                 800                 120              277.94                   
                 810                 120              289.57                   
                 820                 120              281.76                   
                 830                 120              310.04                   
                 840                 120              343.68                   
                 850                 120              382.43                   
                 860                 120              391.78                   
                 870                 120              440.65                   
                 880                 120              423.85                   
                 890                 120              383.89                   
                 900                 120              334.26                   
                 910                 120              321.94                   
                 920                 120              337.71                   
                 930                 120              319.36                   
                 940                 120              305.06                   
                 950                 120              263.83                   
                 960                 120              228.74                   
                 970                 120              218.72                   
                 980                 120              248.93                   
                 990                 120              205.47                   
                1000                 120              210.92                   
                1010                 120              211.48                   
                1020                 120              256.71                   
                1030                 120              287.61                   
                1040                 120              292.27                   
                1050                 120              314.16                   
                1060                 120              334.97                   
                1070                 120              367.00                   
                1080                 120              400.34                   
                1090                 120              424.47                   
                1100                 120              364.76                   
                1110                 120              465.39                   
                1120                 120              446.18                   
                1130                 120              451.82                   
                1140                 120              403.85                   
                1150                 120              397.39                   
                1160                 120              426.79                   
                1170                 120              420.15                   
                1180                 120              374.49                   
                1190                 120              389.58                   
                1200                 120              333.07                   
                1210                 120              361.95                   
                1220                 120              426.77                   
                1230                 120              326.09                   
                1240                 120              325.57                   
                1250                 120              320.15                   
                1260                 120              304.53                   
                1270                 120              316.56                   
                1280                 120              333.09                   
                1290                 120              338.83                   
                1300                 120              301.54                   
                1310                 120              336.54                   
                1320                 120              321.37                   
                1330                 120              308.48                   
                1340                 120              351.88                   
                1350                 120              309.30                   
                1360                 120              305.61                   
                1370                 120              322.07                   
                1380                 120              318.23                   
                1390                 120              336.86                   
                1400                 120              355.81                   
                1410                 120              355.81                   
                1420                 120              350.83                   
                1430                 120              403.23                   
                1440                 120              394.35                   
                1450                 120              391.13                   
                1460                 120              383.66                   
                1470                 120              364.97                   
                1480                 120              354.18                   
                1490                 120              361.24                   
                1500                 120              342.27                   
                1510                 120              325.62                   
                1520                 120              319.95                   
                1530                 120              303.31                   
                1540                 120              271.20                   
                1550                 120              271.74                   
                1560                 120              247.76                   
                1570                 120              202.34                   
                 195                 130              152.60                   
                 205                 130              163.79                   
                 215                 130              174.97                   
                 225                 130              235.69                   
                 235                 130              296.41                   
                 245                 130              206.88                   
                 255                 130              303.76                   
                 265                 130              400.64                   
                 275                 130              427.04                   
                 285                 130              524.74                   
                 295                 130              612.39                   
                 305                 130              559.31                   
                 315                 130              427.78                   
                 325                 130              365.17                   
                 335                 130              307.54                   
                 345                 130              238.34                   
                 355                 130              215.76                   
                 365                 130              190.86                   
                 375                 130              131.34                   
                 385                 130              289.19                   
                 395                 130              198.43                   
                 405                 130              140.85                   
                 415                 130              100.79                   
                 425                 130               79.41                   
                 435                 130               58.04                   
                 445                 130               48.40                   
                 455                 130               47.42                   
                 465                 130               36.49                   
                 475                 130               74.53                   
                 485                 130              142.53                   
                 495                 130              210.52                   
                 505                 130              268.91                   
                 515                 130              296.24                   
                 525                 130              325.56                   
                 535                 130              412.44                   
                 545                 130              504.42                   
                 555                 130              604.96                   
                 565                 130              545.11                   
                 575                 130              420.72                   
                 585                 130              377.98                   
                 595                 130              359.10                   
                 605                 130              302.21                   
                 615                 130              293.33                   
                 625                 130              267.04                   
                 635                 130              235.50                   
                 645                 130              241.39                   
                 655                 130              221.41                   
                 665                 130              227.30                   
                 675                 130              219.69                   
                 685                 130              204.89                   
                 695                 130              197.01                   
                 705                 130              213.19                   
                 715                 130              188.49                   
                 725                 130              186.03                   
                 735                 130              142.76                   
                 745                 130              192.38                   
                 755                 130              224.53                   
                 765                 130              259.97                   
                 775                 130              284.64                   
                 785                 130              281.75                   
                 795                 130              278.40                   
                 805                 130              291.08                   
                 815                 130              299.52                   
                 825                 130              331.59                   
                 835                 130              366.26                   
                 845                 130              361.26                   
                 855                 130              378.06                   
                 865                 130              413.38                   
                 875                 130              391.23                   
                 885                 130              357.82                   
                 895                 130              327.76                   
                 905                 130              317.04                   
                 915                 130              310.74                   
                 925                 130              317.47                   
                 935                 130              299.84                   
                 945                 130              259.28                   
                 955                 130              212.87                   
                 965                 130              228.65                   
                 975                 130              233.78                   
                 985                 130              212.42                   
                 995                 130              203.38                   
                1005                 130              204.11                   
                1015                 130              213.39                   
                1025                 130              237.31                   
                1035                 130              260.80                   
                1045                 130              287.35                   
                1055                 130              294.79                   
                1065                 130              311.62                   
                1075                 130              325.45                   
                1085                 130              378.39                   
                1095                 130              427.05                   
                1105                 130              433.07                   
                1115                 130              468.36                   
                1125                 130              443.85                   
                1135                 130              441.24                   
                1145                 130              422.12                   
                1155                 130              397.46                   
                1165                 130              349.11                   
                1175                 130              399.21                   
                1185                 130              376.71                   
                1195                 130              395.92                   
                1205                 130              383.11                   
                1215                 130              345.93                   
                1225                 130              363.73                   
                1235                 130              347.64                   
                1245                 130              321.06                   
                1255                 130              335.18                   
                1265                 130              307.47                   
                1275                 130              324.33                   
                1285                 130              320.35                   
                1295                 130              286.51                   
                1305                 130              298.96                   
                1315                 130              310.44                   
                1325                 130              308.17                   
                1335                 130              303.97                   
                1345                 130              326.89                   
                1355                 130              305.92                   
                1365                 130              311.07                   
                1375                 130              344.70                   
                1385                 130              367.99                   
                1395                 130              363.53                   
                1405                 130              373.97                   
                1415                 130              373.97                   
                1425                 130              341.26                   
                1435                 130              373.60                   
                1445                 130              383.07                   
                1455                 130              348.71                   
                1465                 130              351.17                   
                1475                 130              374.54                   
                1485                 130              352.08                   
                1495                 130              325.39                   
                1505                 130              296.13                   
                1515                 130              277.58                   
                1525                 130              289.84                   
                1535                 130              304.02                   
                1545                 130              276.95                   
                1555                 130              240.57                   
                 210                 140              189.78                   
                 220                 140              188.16                   
                 230                 140              222.69                   
                 240                 140              275.14                   
                 250                 140              327.58                   
                 260                 140              327.58                   
                 270                 140              445.99                   
                 280                 140              486.13                   
                 290                 140              546.48                   
                 300                 140              454.21                   
                 310                 140              401.72                   
                 320                 140              357.84                   
                 330                 140              285.92                   
                 340                 140              262.30                   
                 350                 140              215.25                   
                 360                 140              192.95                   
                 370                 140              164.71                   
                 380                 140              138.70                   
                 390                 140              176.44                   
                 400                 140              135.66                   
                 410                 140               94.87                   
                 420                 140               71.40                   
                 430                 140               66.01                   
                 440                 140               51.35                   
                 450                 140               47.52                   
                 460                 140               52.83                   
                 470                 140               85.36                   
                 480                 140              117.88                   
                 490                 140              176.18                   
                 500                 140              217.00                   
                 510                 140              253.75                   
                 520                 140              230.88                   
                 530                 140              279.88                   
                 540                 140              342.13                   
                 550                 140              418.03                   
                 560                 140              470.20                   
                 570                 140              508.96                   
                 580                 140              460.40                   
                 590                 140              434.75                   
                 600                 140              399.49                   
                 610                 140              321.21                   
                 620                 140              302.27                   
                 630                 140              262.77                   
                 640                 140              241.58                   
                 650                 140              242.33                   
                 660                 140              230.09                   
                 670                 140              232.71                   
                 680                 140              219.67                   
                 690                 140              219.00                   
                 700                 140              208.97                   
                 710                 140              219.30                   
                 720                 140              196.04                   
                 730                 140              169.36                   
                 740                 140              175.73                   
                 750                 140              191.57                   
                 760                 140             1041.70                   
                 770                 140              667.72                   
                 780                 140              482.61                   
                 790                 140              392.95                   
                 800                 140              303.29                   
                 810                 140              313.45                   
                 820                 140              355.47                   
                 830                 140              346.60                   
                 840                 140              353.71                   
                 850                 140              351.09                   
                 860                 140              368.63                   
                 870                 140              352.05                   
                 880                 140              356.86                   
                 890                 140              328.76                   
                 900                 140              311.28                   
                 910                 140              304.49                   
                 920                 140              297.72                   
                 930                 140              284.13                   
                 940                 140              242.18                   
                 950                 140              226.77                   
                 960                 140              226.64                   
                 970                 140              223.12                   
                 980                 140              218.60                   
                 990                 140              211.04                   
                1000                 140              207.12                   
                1010                 140              211.62                   
                1020                 140              221.55                   
                1030                 140              227.79                   
                1040                 140              251.09                   
                1050                 140              270.61                   
                1060                 140              296.29                   
                1070                 140              287.72                   
                1080                 140              327.35                   
                1090                 140              353.74                   
                1100                 140              438.88                   
                1110                 140              423.53                   
                1120                 140              467.62                   
                1130                 140              474.51                   
                1140                 140              446.10                   
                1150                 140              357.41                   
                1160                 140              398.06                   
                1170                 140              362.13                   
                1180                 140              375.57                   
                1190                 140              399.02                   
                1200                 140              395.36                   
                1210                 140              396.96                   
                1220                 140              365.70                   
                1230                 140              341.95                   
                1240                 140              315.34                   
                1250                 140              340.57                   
                1260                 140              349.25                   
                1270                 140              299.12                   
                1280                 140              298.73                   
                1290                 140              284.50                   
                1300                 140              287.29                   
                1310                 140              271.44                   
                1320                 140              307.67                   
                1330                 140              293.13                   
                1340                 140              286.75                   
                1350                 140              328.49                   
                1360                 140              323.43                   
                1370                 140              364.77                   
                1380                 140              372.21                   
                1390                 140              373.17                   
                1400                 140              367.69                   
                1410                 140              388.65                   
                1420                 140              388.65                   
                1430                 140              329.91                   
                1440                 140              337.91                   
                1450                 140              322.01                   
                1460                 140              360.89                   
                1470                 140              355.35                   
                1480                 140              335.49                   
                1490                 140              306.84                   
                1500                 140              290.42                   
                1510                 140              285.81                   
                1520                 140              264.64                   
                1530                 140              248.91                   
                1540                 140              278.14                   
                 225                 150              234.82                   
                 235                 150              229.02                   
                 245                 150              308.06                   
                 255                 150              363.74                   
                 265                 150              363.74                   
                 275                 150              440.68                   
                 285                 150              440.96                   
                 295                 150              424.56                   
                 305                 150              383.27                   
                 315                 150              316.53                   
                 325                 150              285.49                   
                 335                 150              263.43                   
                 345                 150              223.78                   
                 355                 150              207.45                   
                 365                 150              174.00                   
                 375                 150              160.47                   
                 385                 150              143.79                   
                 395                 150              150.71                   
                 405                 150              109.82                   
                 415                 150               91.46                   
                 425                 150               73.10                   
                 435                 150               58.10                   
                 445                 150               55.21                   
                 455                 150               64.86                   
                 465                 150               92.79                   
                 475                 150              120.73                   
                 485                 150              150.82                   
                 495                 150              182.63                   
                 505                 150              202.10                   
                 515                 150              175.55                   
                 525                 150              228.56                   
                 535                 150              249.90                   
                 545                 150              290.07                   
                 555                 150              350.95                   
                 565                 150              441.40                   
                 575                 150              470.28                   
                 585                 150              480.19                   
                 595                 150              458.09                   
                 605                 150              400.93                   
                 615                 150              336.24                   
                 625                 150              309.41                   
                 635                 150              277.35                   
                 645                 150              245.94                   
                 655                 150              235.40                   
                 665                 150              247.32                   
                 675                 150              241.56                   
                 685                 150              236.34                   
                 695                 150              239.00                   
                 705                 150              216.14                   
                 715                 150              194.38                   
                 725                 150              185.25                   
                 735                 150              179.06                   
                 745                 150              229.14                   
                 755                 150              216.47                   
                 765                 150              235.20                   
                 775                 150              235.20                   
                 785                 150              296.32                   
                 795                 150              330.12                   
                 805                 150              340.79                   
                 815                 150              345.78                   
                 825                 150              365.88                   
                 835                 150              346.31                   
                 845                 150              325.47                   
                 855                 150              313.29                   
                 865                 150              317.91                   
                 875                 150              343.45                   
                 885                 150              330.16                   
                 895                 150              327.06                   
                 905                 150              305.92                   
                 915                 150              286.21                   
                 925                 150              274.35                   
                 935                 150              245.03                   
                 945                 150              213.32                   
                 955                 150              215.28                   
                 965                 150              210.91                   
                 975                 150              199.86                   
                 985                 150              208.63                   
                 995                 150              226.17                   
                1005                 150              226.55                   
                1015                 150              229.76                   
                1025                 150              217.86                   
                1035                 150              223.26                   
                1045                 150              232.36                   
                1055                 150              244.41                   
                1065                 150              269.50                   
                1075                 150              286.71                   
                1085                 150              311.65                   
                1095                 150              344.46                   
                1105                 150              395.61                   
                1115                 150              541.35                   
                1125                 150              490.03                   
                1135                 150              398.66                   
                1145                 150              427.70                   
                1155                 150              381.75                   
                1165                 150              381.17                   
                1175                 150              402.53                   
                1185                 150              384.19                   
                1195                 150              398.23                   
                1205                 150              391.94                   
                1215                 150              386.21                   
                1225                 150              383.25                   
                1235                 150              356.13                   
                1245                 150              324.06                   
                1255                 150              319.35                   
                1265                 150              408.13                   
                1275                 150              301.32                   
                1285                 150              256.10                   
                1295                 150              279.69                   
                1305                 150              267.42                   
                1315                 150              279.03                   
                1325                 150              303.67                   
                1335                 150              297.78                   
                1345                 150              299.24                   
                1355                 150              349.17                   
                1365                 150              369.35                   
                1375                 150              395.48                   
                1385                 150              386.63                   
                1395                 150              351.35                   
                1405                 150              369.46                   
                1415                 150              354.93                   
                1425                 150              354.93                   
                1435                 150              298.57                   
                1445                 150              336.28                   
                1455                 150              282.41                   
                1465                 150              326.31                   
                1475                 150              313.23                   
                1485                 150              294.10                   
                1495                 150              298.61                   
                1505                 150              285.22                   
                1515                 150              256.63                   
                1525                 150              245.47                   
                 240                 160              307.58                   
                 250                 160              333.93                   
                 260                 160              410.94                   
                 270                 160              333.93                   
                 280                 160              401.13                   
                 290                 160              384.88                   
                 300                 160              342.44                   
                 310                 160              314.47                   
                 320                 160              257.08                   
                 330                 160              251.26                   
                 340                 160              241.85                   
                 350                 160              220.33                   
                 360                 160              176.32                   
                 370                 160              172.24                   
                 380                 160              157.45                   
                 390                 160              144.73                   
                 400                 160              112.26                   
                 410                 160              101.46                   
                 420                 160               93.92                   
                 430                 160               93.92                   
                 440                 160               62.75                   
                 450                 160               69.24                   
                 460                 160               76.12                   
                 470                 160              106.72                   
                 480                 160              123.52                   
                 490                 160              153.25                   
                 500                 160              155.28                   
                 510                 160              175.95                   
                 520                 160              184.97                   
                 530                 160              184.39                   
                 540                 160              251.59                   
                 550                 160              287.02                   
                 560                 160              343.38                   
                 570                 160              420.53                   
                 580                 160              442.34                   
                 590                 160              429.70                   
                 600                 160              432.01                   
                 610                 160              407.08                   
                 620                 160              353.27                   
                 630                 160              326.56                   
                 640                 160              288.56                   
                 650                 160              218.30                   
                 660                 160              259.72                   
                 670                 160              260.22                   
                 680                 160              252.85                   
                 690                 160              248.43                   
                 700                 160              239.06                   
                 710                 160              216.15                   
                 720                 160              194.16                   
                 730                 160              188.32                   
                 740                 160              203.53                   
                 750                 160              284.35                   
                 760                 160              235.15                   
                 770                 160              953.21                   
                 780                 160              634.55                   
                 790                 160              499.90                   
                 800                 160              365.25                   
                 810                 160              364.45                   
                 820                 160              335.79                   
                 830                 160              324.07                   
                 840                 160              293.19                   
                 850                 160              280.17                   
                 860                 160              293.05                   
                 870                 160              299.50                   
                 880                 160              316.02                   
                 890                 160              321.64                   
                 900                 160              308.62                   
                 910                 160              272.04                   
                 920                 160              260.73                   
                 930                 160              233.15                   
                 940                 160              205.15                   
                 950                 160              188.99                   
                 960                 160              194.46                   
                 970                 160              204.59                   
                 980                 160              191.88                   
                 990                 160              222.06                   
                1000                 160              231.58                   
                1010                 160              240.75                   
                1020                 160              233.44                   
                1030                 160              226.05                   
                1040                 160              229.72                   
                1050                 160              233.85                   
                1060                 160              242.28                   
                1070                 160              261.09                   
                1080                 160              268.31                   
                1090                 160              298.85                   
                1100                 160              323.15                   
                1110                 160              387.05                   
                1120                 160              372.17                   
                1130                 160              495.82                   
                1140                 160              419.13                   
                1150                 160              433.83                   
                1160                 160              416.14                   
                1170                 160              397.54                   
                1180                 160              410.10                   
                1190                 160              394.26                   
                1200                 160              384.79                   
                1210                 160              382.19                   
                1220                 160              385.68                   
                1230                 160              370.39                   
                1240                 160              361.64                   
                1250                 160              332.86                   
                1260                 160              319.83                   
                1270                 160              324.98                   
                1280                 160              242.55                   
                1290                 160              269.04                   
                1300                 160              256.80                   
                1310                 160              284.25                   
                1320                 160              293.44                   
                1330                 160              312.87                   
                1340                 160              323.06                   
                1350                 160              324.24                   
                1360                 160              362.58                   
                1370                 160              372.83                   
                1380                 160              389.54                   
                1390                 160              387.04                   
                1400                 160              387.83                   
                1410                 160              313.91                   
                1420                 160              308.37                   
                1430                 160              308.37                   
                1440                 160              235.81                   
                1450                 160              318.36                   
                1460                 160              297.28                   
                1470                 160              292.80                   
                1480                 160              297.86                   
                1490                 160              281.45                   
                1500                 160              276.75                   
                1510                 160              344.62                   
                 255                 170              412.48                   
                 265                 170              302.48                   
                 275                 170              302.48                   
                 285                 170              318.47                   
                 295                 170              308.28                   
                 305                 170              274.71                   
                 315                 170              266.33                   
                 325                 170              252.74                   
                 335                 170              226.95                   
                 345                 170              228.28                   
                 355                 170              200.85                   
                 365                 170              193.54                   
                 375                 170              167.06                   
                 385                 170              146.92                   
                 395                 170              137.86                   
                 405                 170              132.32                   
                 415                 170              124.32                   
                 425                 170               90.31                   
                 435                 170               96.11                   
                 445                 170               96.11                   
                 455                 170               75.56                   
                 465                 170              105.11                   
                 475                 170              120.37                   
                 485                 170              101.51                   
                 495                 170              138.00                   
                 505                 170              140.50                   
                 515                 170              164.35                   
                 525                 170              178.75                   
                 535                 170              199.36                   
                 545                 170              254.32                   
                 555                 170              311.72                   
                 565                 170              337.21                   
                 575                 170              369.60                   
                 585                 170              378.85                   
                 595                 170              406.19                   
                 605                 170              409.71                   
                 615                 170              386.30                   
                 625                 170              365.30                   
                 635                 170              334.06                   
                 645                 170              293.24                   
                 655                 170              274.56                   
                 665                 170              280.57                   
                 675                 170              267.47                   
                 685                 170              315.34                   
                 695                 170              248.59                   
                 705                 170              246.18                   
                 715                 170              223.36                   
                 725                 170              207.82                   
                 735                 170              205.08                   
                 745                 170              215.14                   
                 755                 170              274.95                   
                 765                 170              285.15                   
                 775                 170              276.89                   
                 785                 170              276.89                   
                 795                 170              318.75                   
                 805                 170              362.49                   
                 815                 170              335.46                   
                 825                 170              290.79                   
                 835                 170              279.95                   
                 845                 170              274.77                   
                 855                 170              265.57                   
                 865                 170              274.14                   
                 875                 170              274.60                   
                 885                 170              289.99                   
                 895                 170              295.44                   
                 905                 170              285.61                   
                 915                 170              256.45                   
                 925                 170              227.01                   
                 935                 170              207.52                   
                 945                 170              194.44                   
                 955                 170              180.92                   
                 965                 170              187.24                   
                 975                 170              182.19                   
                 985                 170              196.41                   
                 995                 170              212.57                   
                1005                 170              223.21                   
                1015                 170              224.91                   
                1025                 170              234.87                   
                1035                 170              235.70                   
                1045                 170              242.08                   
                1055                 170              237.58                   
                1065                 170              239.14                   
                1075                 170              243.71                   
                1085                 170              252.94                   
                1095                 170              291.77                   
                1105                 170              321.37                   
                1115                 170              362.78                   
                1125                 170              377.25                   
                1135                 170              450.50                   
                1145                 170              525.01                   
                1155                 170              442.28                   
                1165                 170              435.23                   
                1175                 170              397.55                   
                1185                 170              416.28                   
                1195                 170              381.03                   
                1205                 170              393.41                   
                1215                 170              379.68                   
                1225                 170              353.09                   
                1235                 170              374.68                   
                1245                 170              362.00                   
                1255                 170              344.41                   
                1265                 170              324.01                   
                1275                 170              307.65                   
                1285                 170              280.00                   
                1295                 170              256.77                   
                1305                 170              292.87                   
                1315                 170              303.57                   
                1325                 170              314.04                   
                1335                 170              345.25                   
                1345                 170              344.46                   
                1355                 170              351.70                   
                1365                 170              349.59                   
                1375                 170              381.99                   
                1385                 170              386.77                   
                1395                 170              351.77                   
                1405                 170              375.46                   
                1415                 170              334.15                   
                1425                 170              952.60                   
                1435                 170              632.29                   
                1445                 170              464.59                   
                1455                 170              367.34                   
                1465                 170              270.09                   
                1475                 170              253.86                   
                1485                 170              273.27                   
                1495                 170              385.34                   
                 270                 180              330.24                   
                 280                 180              275.14                   
                 290                 180              263.32                   
                 300                 180              247.02                   
                 310                 180              251.03                   
                 320                 180              239.93                   
                 330                 180              237.81                   
                 340                 180              219.01                   
                 350                 180              208.34                   
                 360                 180              203.18                   
                 370                 180              189.41                   
                 380                 180              175.72                   
                 390                 180              156.62                   
                 400                 180              132.98                   
                 410                 180              132.44                   
                 420                 180              106.08                   
                 430                 180               94.53                   
                 440                 180              112.96                   
                 450                 180               99.97                   
                 460                 180               99.97                   
                 470                 180              112.41                   
                 480                 180              126.80                   
                 490                 180              111.46                   
                 500                 180              119.34                   
                 510                 180              148.23                   
                 520                 180              186.24                   
                 530                 180              202.69                   
                 540                 180              221.71                   
                 550                 180              261.43                   
                 560                 180              283.25                   
                 570                 180              313.60                   
                 580                 180              329.86                   
                 590                 180              342.86                   
                 600                 180              356.99                   
                 610                 180              366.74                   
                 620                 180              356.11                   
                 630                 180              359.03                   
                 640                 180              349.69                   
                 650                 180              329.98                   
                 660                 180              299.93                   
                 670                 180              307.71                   
                 680                 180              282.89                   
                 690                 180              271.43                   
                 700                 180              235.89                   
                 710                 180              224.58                   
                 720                 180              245.79                   
                 730                 180              217.30                   
                 740                 180              240.64                   
                 750                 180              249.75                   
                 760                 180              218.96                   
                 770                 180              207.87                   
                 780                 180              298.95                   
                 790                 180              298.95                   
                 800                 180              304.99                   
                 810                 180              291.40                   
                 820                 180              264.43                   
                 830                 180              263.47                   
                 840                 180              262.60                   
                 850                 180              262.14                   
                 860                 180              222.35                   
                 870                 180              245.93                   
                 880                 180              246.84                   
                 890                 180              270.96                   
                 900                 180              275.22                   
                 910                 180              258.25                   
                 920                 180              224.75                   
                 930                 180              205.82                   
                 940                 180              182.29                   
                 950                 180              165.92                   
                 960                 180              183.50                   
                 970                 180              175.01                   
                 980                 180              204.48                   
                 990                 180              233.95                   
                1000                 180              203.85                   
                1010                 180              214.55                   
                1020                 180              223.85                   
                1030                 180              237.90                   
                1040                 180              246.88                   
                1050                 180              253.90                   
                1060                 180              242.19                   
                1070                 180              232.02                   
                1080                 180              242.40                   
                1090                 180              234.28                   
                1100                 180              281.02                   
                1110                 180              314.85                   
                1120                 180              345.21                   
                1130                 180              408.83                   
                1140                 180              450.29                   
                1150                 180              513.11                   
                1160                 180              431.74                   
                1170                 180              429.46                   
                1180                 180              417.82                   
                1190                 180              399.77                   
                1200                 180              389.63                   
                1210                 180              372.59                   
                1220                 180              382.87                   
                1230                 180              364.37                   
                1240                 180              360.77                   
                1250                 180              366.99                   
                1260                 180              345.52                   
                1270                 180              325.79                   
                1280                 180              299.44                   
                1290                 180              308.80                   
                1300                 180              302.00                   
                1310                 180              298.69                   
                1320                 180              309.13                   
                1330                 180              313.11                   
                1340                 180              316.95                   
                1350                 180              349.65                   
                1360                 180              353.85                   
                1370                 180              392.85                   
                1380                 180              310.01                   
                1390                 180              360.57                   
                1400                 180              353.50                   
                1410                 180              311.97                   
                1420                 180              323.06                   
                1430                 180              295.27                   
                1440                 180              295.27                   
                1450                 180              277.56                   
                1460                 180              276.40                   
                1470                 180              278.65                   
                1480                 180              267.67                   
                 285                 190              267.67                   
                 295                 190              229.88                   
                 305                 190              204.18                   
                 315                 190              212.68                   
                 325                 190              208.69                   
                 335                 190              212.53                   
                 345                 190              226.42                   
                 355                 190              209.21                   
                 365                 190              193.15                   
                 375                 190              168.97                   
                 385                 190              177.55                   
                 395                 190              143.59                   
                 405                 190              140.37                   
                 415                 190              132.44                   
                 425                 190              107.52                   
                 435                 190              108.51                   
                 445                 190               84.55                   
                 455                 190              114.03                   
                 465                 190              125.24                   
                 475                 190              125.24                   
                 485                 190              123.11                   
                 495                 190              123.80                   
                 505                 190              152.31                   
                 515                 190              179.00                   
                 525                 190              208.62                   
                 535                 190              212.66                   
                 545                 190              230.12                   
                 555                 190              247.35                   
                 565                 190              257.83                   
                 575                 190              290.71                   
                 585                 190              311.47                   
                 595                 190              297.36                   
                 605                 190              325.43                   
                 615                 190              366.65                   
                 625                 190              352.86                   
                 635                 190              503.04                   
                 645                 190              357.98                   
                 655                 190              344.88                   
                 665                 190              320.04                   
                 675                 190              303.47                   
                 685                 190              284.59                   
                 695                 190              259.45                   
                 705                 190              237.86                   
                 715                 190              214.72                   
                 725                 190              258.66                   
                 735                 190              302.38                   
                 745                 190              253.40                   
                 755                 190              199.95                   
                 765                 190              233.48                   
                 775                 190              267.01                   
                 785                 190              297.33                   
                 795                 190              297.33                   
                 805                 190              272.82                   
                 815                 190              273.31                   
                 825                 190              233.77                   
                 835                 190              235.28                   
                 845                 190              231.38                   
                 855                 190              220.43                   
                 865                 190              197.77                   
                 875                 190              218.32                   
                 885                 190              227.48                   
                 895                 190              243.22                   
                 905                 190              243.93                   
                 915                 190              226.24                   
                 925                 190              200.23                   
                 935                 190              185.95                   
                 945                 190              182.93                   
                 955                 190              184.62                   
                 965                 190              181.18                   
                 975                 190              162.18                   
                 985                 190              141.35                   
                 995                 190              170.55                   
                1005                 190              184.08                   
                1015                 190              207.19                   
                1025                 190              218.41                   
                1035                 190              228.41                   
                1045                 190              234.80                   
                1055                 190              242.18                   
                1065                 190              247.94                   
                1075                 190              235.75                   
                1085                 190              251.27                   
                1095                 190              248.90                   
                1105                 190              282.31                   
                1115                 190              309.54                   
                1125                 190              345.78                   
                1135                 190              387.17                   
                1145                 190              403.58                   
                1155                 190              470.89                   
                1165                 190              410.16                   
                1175                 190              453.04                   
                1185                 190              398.00                   
                1195                 190              397.98                   
                1205                 190              373.51                   
                1215                 190              379.72                   
                1225                 190              375.08                   
                1235                 190              378.81                   
                1245                 190              378.15                   
                1255                 190              341.87                   
                1265                 190              346.46                   
                1275                 190              327.77                   
                1285                 190              328.26                   
                1295                 190              324.48                   
                1305                 190              319.49                   
                1315                 190              319.88                   
                1325                 190              310.98                   
                1335                 190              315.38                   
                1345                 190              374.69                   
                1355                 190              335.50                   
                1365                 190              321.43                   
                1375                 190              365.60                   
                1385                 190              352.99                   
                1395                 190              285.04                   
                1405                 190              323.31                   
                1415                 190              332.15                   
                1425                 190              310.80                   
                1435                 190              894.55                   
                1445                 190              600.31                   
                1455                 190              433.87                   
                1465                 190              309.06                   
                 300                 200              249.84                   
                 310                 200              190.63                   
                 320                 200              193.80                   
                 330                 200              183.75                   
                 340                 200              203.68                   
                 350                 200              230.41                   
                 360                 200              195.76                   
                 370                 200              207.24                   
                 380                 200              172.25                   
                 390                 200              155.78                   
                 400                 200              152.97                   
                 410                 200              129.57                   
                 420                 200              147.55                   
                 430                 200              116.78                   
                 440                 200              111.91                   
                 450                 200              119.71                   
                 460                 200              118.74                   
                 470                 200              130.58                   
                 480                 200              139.01                   
                 490                 200              139.01                   
                 500                 200              151.39                   
                 510                 200              183.32                   
                 520                 200              191.50                   
                 530                 200              205.63                   
                 540                 200              202.52                   
                 550                 200              219.19                   
                 560                 200              222.68                   
                 570                 200              262.93                   
                 580                 200              258.01                   
                 590                 200              270.78                   
                 600                 200              297.35                   
                 610                 200              319.64                   
                 620                 200              372.02                   
                 630                 200              359.58                   
                 640                 200              369.23                   
                 650                 200              348.36                   
                 660                 200              345.06                   
                 670                 200              329.19                   
                 680                 200              298.20                   
                 690                 200              276.47                   
                 700                 200              252.36                   
                 710                 200              239.86                   
                 720                 200              264.41                   
                 730                 200              202.48                   
                 740                 200              229.74                   
                 750                 200              257.01                   
                 760                 200              273.73                   
                 770                 200              285.25                   
                 780                 200              258.50                   
                 790                 200              280.78                   
                 800                 200              280.78                   
                 810                 200              261.94                   
                 820                 200              251.00                   
                 830                 200              228.14                   
                 840                 200              191.02                   
                 850                 200              192.54                   
                 860                 200              191.93                   
                 870                 200              177.43                   
                 880                 200              193.17                   
                 890                 200              196.33                   
                 900                 200              221.02                   
                 910                 200              224.59                   
                 920                 200              212.93                   
                 930                 200              182.56                   
                 940                 200              137.34                   
                 950                 200              179.18                   
                 960                 200              193.81                   
                 970                 200              184.18                   
                 980                 200              174.55                   
                 990                 200              167.67                   
                1000                 200              169.02                   
                1010                 200              190.53                   
                1020                 200              197.07                   
                1030                 200              203.79                   
                1040                 200              216.19                   
                1050                 200              230.22                   
                1060                 200              257.91                   
                1070                 200              267.97                   
                1080                 200              261.42                   
                1090                 200              267.25                   
                1100                 200              279.82                   
                1110                 200              291.17                   
                1120                 200              310.12                   
                1130                 200              329.21                   
                1140                 200              377.80                   
                1150                 200              380.49                   
                1160                 200              419.93                   
                1170                 200              404.77                   
                1180                 200              399.98                   
                1190                 200              413.06                   
                1200                 200              393.69                   
                1210                 200              379.17                   
                1220                 200              377.78                   
                1230                 200              399.56                   
                1240                 200              367.04                   
                1250                 200              350.50                   
                1260                 200              352.95                   
                1270                 200              340.46                   
                1280                 200              351.58                   
                1290                 200              342.92                   
                1300                 200              341.12                   
                1310                 200              329.46                   
                1320                 200              323.25                   
                1330                 200              312.23                   
                1340                 200              300.90                   
                1350                 200              314.77                   
                1360                 200              355.65                   
                1370                 200              307.14                   
                1380                 200              300.06                   
                1390                 200              333.18                   
                1400                 200              335.64                   
                1410                 200              315.35                   
                1420                 200              306.99                   
                1430                 200              270.94                   
                1440                 200              275.95                   
                1450                 200              220.98                   
                 315                 210              166.01                   
                 325                 210              129.49                   
                 335                 210              186.94                   
                 345                 210              170.35                   
                 355                 210              203.90                   
                 365                 210              184.40                   
                 375                 210              184.97                   
                 385                 210              157.87                   
                 395                 210              147.09                   
                 405                 210              135.61                   
                 415                 210              127.32                   
                 425                 210              123.52                   
                 435                 210              119.32                   
                 445                 210              120.03                   
                 455                 210              129.26                   
                 465                 210              137.93                   
                 475                 210              145.24                   
                 485                 210              179.97                   
                 495                 210              202.40                   
                 505                 210              202.40                   
                 515                 210              190.32                   
                 525                 210              191.28                   
                 535                 210              204.08                   
                 545                 210              202.20                   
                 555                 210              221.58                   
                 565                 210              240.95                   
                 575                 210              208.42                   
                 585                 210              235.92                   
                 595                 210              257.21                   
                 605                 210              285.32                   
                 615                 210              333.56                   
                 625                 210              358.23                   
                 635                 210              368.10                   
                 645                 210              377.14                   
                 655                 210              355.96                   
                 665                 210              329.25                   
                 675                 210              307.71                   
                 685                 210              279.21                   
                 695                 210              273.40                   
                 705                 210              261.37                   
                 715                 210              278.80                   
                 725                 210              187.98                   
                 735                 210              259.56                   
                 745                 210              284.38                   
                 755                 210              309.20                   
                 765                 210              273.41                   
                 775                 210              212.21                   
                 785                 210              272.58                   
                 795                 210              274.89                   
                 805                 210              274.89                   
                 815                 210              250.25                   
                 825                 210              237.84                   
                 835                 210              198.94                   
                 845                 210              185.28                   
                 855                 210              171.50                   
                 865                 210              168.49                   
                 875                 210              160.75                   
                 885                 210              172.65                   
                 895                 210              190.72                   
                 905                 210              200.33                   
                 915                 210              208.93                   
                 925                 210              200.41                   
                 935                 210              199.28                   
                 945                 210              185.09                   
                 955                 210              170.67                   
                 965                 210              203.48                   
                 975                 210              247.33                   
                 985                 210              291.18                   
                 995                 210              212.43                   
                1005                 210              173.23                   
                1015                 210              172.95                   
                1025                 210              191.14                   
                1035                 210              193.44                   
                1045                 210              223.19                   
                1055                 210              231.79                   
                1065                 210              252.70                   
                1075                 210              274.20                   
                1085                 210              287.09                   
                1095                 210              293.54                   
                1105                 210              302.07                   
                1115                 210              295.61                   
                1125                 210              308.40                   
                1135                 210              326.71                   
                1145                 210              345.54                   
                1155                 210              374.87                   
                1165                 210              361.13                   
                1175                 210              364.44                   
                1185                 210              394.25                   
                1195                 210              390.66                   
                1205                 210              417.70                   
                1215                 210              386.23                   
                1225                 210              390.07                   
                1235                 210              366.10                   
                1245                 210              366.58                   
                1255                 210              353.98                   
                1265                 210              368.00                   
                1275                 210              370.33                   
                1285                 210              358.98                   
                1295                 210              340.19                   
                1305                 210              347.71                   
                1315                 210              326.78                   
                1325                 210              317.11                   
                1335                 210              304.73                   
                1345                 210              301.49                   
                1355                 210              411.72                   
                1365                 210              286.47                   
                1375                 210              324.78                   
                1385                 210              294.00                   
                1395                 210              334.69                   
                1405                 210              317.17                   
                1415                 210              281.80                   
                1425                 210              331.52                   
                1435                 210              257.70                   
                 330                 220              183.89                   
                 340                 220              207.66                   
                 350                 220              166.73                   
                 360                 220              163.48                   
                 370                 220              179.90                   
                 380                 220              167.07                   
                 390                 220              164.25                   
                 400                 220              140.01                   
                 410                 220              131.27                   
                 420                 220              128.26                   
                 430                 220              128.71                   
                 440                 220              127.25                   
                 450                 220              142.87                   
                 460                 220              162.52                   
                 470                 220              169.80                   
                 480                 220              177.81                   
                 490                 220              185.59                   
                 500                 220              262.58                   
                 510                 220              339.57                   
                 520                 220              267.15                   
                 530                 220              194.72                   
                 540                 220              161.97                   
                 550                 220              129.22                   
                 560                 220              181.20                   
                 570                 220              192.87                   
                 580                 220              204.71                   
                 590                 220              233.01                   
                 600                 220              261.76                   
                 610                 220              277.69                   
                 620                 220              315.87                   
                 630                 220              372.95                   
                 640                 220              362.76                   
                 650                 220              374.62                   
                 660                 220              350.02                   
                 670                 220              319.31                   
                 680                 220              280.85                   
                 690                 220              278.40                   
                 700                 220              285.44                   
                 710                 220              235.95                   
                 720                 220              269.83                   
                 730                 220              291.07                   
                 740                 220              295.37                   
                 750                 220              229.62                   
                 760                 220              250.00                   
                 770                 220              270.37                   
                 780                 220              321.78                   
                 790                 220              265.90                   
                 800                 220              262.79                   
                 810                 220              262.79                   
                 820                 220              227.99                   
                 830                 220              218.38                   
                 840                 220              202.83                   
                 850                 220              179.74                   
                 860                 220              161.23                   
                 870                 220              154.47                   
                 880                 220              150.91                   
                 890                 220              159.52                   
                 900                 220              172.55                   
                 910                 220              197.38                   
                 920                 220              195.73                   
                 930                 220              216.08                   
                 940                 220              192.19                   
                 950                 220              202.91                   
                 960                 220              188.42                   
                 970                 220              204.97                   
                 980                 220              245.28                   
                 990                 220              298.49                   
                1000                 220              245.00                   
                1010                 220              191.52                   
                1020                 220              191.28                   
                1030                 220              192.87                   
                1040                 220              199.42                   
                1050                 220              217.01                   
                1060                 220              234.43                   
                1070                 220              264.73                   
                1080                 220              282.75                   
                1090                 220              307.76                   
                1100                 220              310.82                   
                1110                 220              308.39                   
                1120                 220              308.34                   
                1130                 220              306.53                   
                1140                 220              322.83                   
                1150                 220              312.21                   
                1160                 220              344.76                   
                1170                 220              356.23                   
                1180                 220              351.94                   
                1190                 220              353.44                   
                1200                 220              388.53                   
                1210                 220              393.13                   
                1220                 220              400.82                   
                1230                 220              393.51                   
                1240                 220              385.43                   
                1250                 220              396.70                   
                1260                 220              379.35                   
                1270                 220              375.08                   
                1280                 220              372.23                   
                1290                 220              350.79                   
                1300                 220              347.73                   
                1310                 220              330.81                   
                1320                 220              315.25                   
                1330                 220              308.04                   
                1340                 220              307.85                   
                1350                 220              301.69                   
                1360                 220              295.22                   
                1370                 220              383.81                   
                1380                 220              320.59                   
                1390                 220              355.34                   
                1400                 220              239.14                   
                1410                 220              355.27                   
                1420                 220              250.34                   
                 345                 230              199.03                   
                 355                 230              147.72                   
                 365                 230              145.30                   
                 375                 230              146.08                   
                 385                 230              149.41                   
                 395                 230              151.32                   
                 405                 230              140.28                   
                 415                 230              127.99                   
                 425                 230              126.30                   
                 435                 230              153.81                   
                 445                 230              154.76                   
                 455                 230              182.99                   
                 465                 230              201.96                   
                 475                 230              186.01                   
                 485                 230              182.27                   
                 495                 230              185.50                   
                 505                 230              188.12                   
                 515                 230              264.45                   
                 525                 230              227.58                   
                 535                 230              227.58                   
                 545                 230              195.04                   
                 555                 230              193.50                   
                 565                 230              159.77                   
                 575                 230              197.61                   
                 585                 230              203.66                   
                 595                 230              241.52                   
                 605                 230              260.13                   
                 615                 230              287.51                   
                 625                 230              322.26                   
                 635                 230              348.18                   
                 645                 230              363.41                   
                 655                 230              368.01                   
                 665                 230              342.11                   
                 675                 230              306.77                   
                 685                 230              271.74                   
                 695                 230              197.34                   
                 705                 230              295.63                   
                 715                 230              276.01                   
                 725                 230              294.00                   
                 735                 230              249.56                   
                 745                 230              300.78                   
                 755                 230              246.64                   
                 765                 230              280.71                   
                 775                 230              278.74                   
                 785                 230              201.81                   
                 795                 230              251.98                   
                 805                 230              236.04                   
                 815                 230              236.04                   
                 825                 230              212.37                   
                 835                 230              199.08                   
                 845                 230              179.08                   
                 855                 230              186.90                   
                 865                 230              167.08                   
                 875                 230              156.84                   
                 885                 230              139.73                   
                 895                 230              142.83                   
                 905                 230              151.83                   
                 915                 230              178.77                   
                 925                 230              194.92                   
                 935                 230              215.17                   
                 945                 230              203.33                   
                 955                 230              191.77                   
                 965                 230              196.52                   
                 975                 230              203.62                   
                 985                 230              219.58                   
                 995                 230              212.84                   
                1005                 230              206.10                   
                1015                 230              203.54                   
                1025                 230              201.89                   
                1035                 230              202.93                   
                1045                 230              203.13                   
                1055                 230              221.91                   
                1065                 230              238.46                   
                1075                 230              266.09                   
                1085                 230              301.14                   
                1095                 230              313.23                   
                1105                 230              310.06                   
                1115                 230              334.92                   
                1125                 230              316.59                   
                1135                 230              305.00                   
                1145                 230              316.72                   
                1155                 230              346.35                   
                1165                 230              326.19                   
                1175                 230              318.83                   
                1185                 230              350.65                   
                1195                 230              318.30                   
                1205                 230              335.20                   
                1215                 230              385.84                   
                1225                 230              402.81                   
                1235                 230              448.93                   
                1245                 230              426.00                   
                1255                 230              413.77                   
                1265                 230              375.15                   
                1275                 230              365.35                   
                1285                 230              377.11                   
                1295                 230              359.06                   
                1305                 230              287.15                   
                1315                 230              311.63                   
                1325                 230              311.02                   
                1335                 230              307.17                   
                1345                 230              306.23                   
                1355                 230              296.98                   
                1365                 230              288.54                   
                1375                 230              282.21                   
                1385                 230              318.78                   
                1395                 230              394.13                   
                1405                 230              261.21                   
                 360                 240              196.36                   
                 370                 240              131.51                   
                 380                 240              133.02                   
                 390                 240              123.14                   
                 400                 240              117.13                   
                 410                 240              137.33                   
                 420                 240              128.64                   
                 430                 240              146.40                   
                 440                 240              203.03                   
                 450                 240              197.29                   
                 460                 240              200.28                   
                 470                 240              204.54                   
                 480                 240              188.58                   
                 490                 240              183.27                   
                 500                 240              191.26                   
                 510                 240              200.99                   
                 520                 240              179.93                   
                 530                 240              209.35                   
                 540                 240              288.80                   
                 550                 240              231.78                   
                 560                 240              174.75                   
                 570                 240              173.22                   
                 580                 240              202.00                   
                 590                 240              222.42                   
                 600                 240              248.46                   
                 610                 240              280.60                   
                 620                 240              289.84                   
                 630                 240              312.15                   
                 640                 240              328.23                   
                 650                 240              341.97                   
                 660                 240              360.70                   
                 670                 240              320.39                   
                 680                 240              299.61                   
                 690                 240              269.47                   
                 700                 240              230.35                   
                 710                 240              290.03                   
                 720                 240              279.34                   
                 730                 240              268.41                   
                 740                 240              252.57                   
                 750                 240              233.80                   
                 760                 240              293.91                   
                 770                 240              197.72                   
                 780                 240              119.86                   
                 790                 240              172.12                   
                 800                 240              224.38                   
                 810                 240              238.21                   
                 820                 240              238.21                   
                 830                 240              196.73                   
                 840                 240              183.89                   
                 850                 240              177.35                   
                 860                 240              180.45                   
                 870                 240              173.82                   
                 880                 240              155.43                   
                 890                 240              126.09                   
                 900                 240              126.65                   
                 910                 240              178.97                   
                 920                 240              231.29                   
                 930                 240              193.86                   
                 940                 240              205.87                   
                 950                 240              197.73                   
                 960                 240              201.01                   
                 970                 240              197.57                   
                 980                 240              193.36                   
                 990                 240              227.76                   
                1000                 240              197.89                   
                1010                 240              190.30                   
                1020                 240              182.71                   
                1030                 240              238.35                   
                1040                 240              205.09                   
                1050                 240              216.48                   
                1060                 240              228.55                   
                1070                 240              244.20                   
                1080                 240              271.47                   
                1090                 240              295.37                   
                1100                 240              316.73                   
                1110                 240              316.15                   
                1120                 240              314.93                   
                1130                 240              317.45                   
                1140                 240              317.83                   
                1150                 240              320.98                   
                1160                 240              316.41                   
                1170                 240              335.17                   
                1180                 240              298.04                   
                1190                 240              326.11                   
                1200                 240              325.38                   
                1210                 240              315.81                   
                1220                 240              371.94                   
                1230                 240              421.39                   
                1240                 240              438.07                   
                1250                 240              452.49                   
                1260                 240              399.67                   
                1270                 240              436.37                   
                1280                 240              391.27                   
                1290                 240              335.12                   
                1300                 240              335.09                   
                1310                 240              326.81                   
                1320                 240              304.10                   
                1330                 240              311.18                   
                1340                 240              306.71                   
                1350                 240              297.43                   
                1360                 240              301.17                   
                1370                 240              229.34                   
                1380                 240              280.55                   
                1390                 240              194.97                   
                 375                 250              152.42                   
                 385                 250              109.86                   
                 395                 250              104.38                   
                 405                 250              105.77                   
                 415                 250              123.47                   
                 425                 250              149.40                   
                 435                 250              181.64                   
                 445                 250              215.68                   
                 455                 250              197.00                   
                 465                 250              197.53                   
                 475                 250              202.48                   
                 485                 250              192.61                   
                 495                 250              187.45                   
                 505                 250              208.60                   
                 515                 250              206.65                   
                 525                 250              205.86                   
                 535                 250              205.44                   
                 545                 250              196.46                   
                 555                 250              204.89                   
                 565                 250              204.89                   
                 575                 250              171.40                   
                 585                 250              222.92                   
                 595                 250              238.69                   
                 605                 250              267.38                   
                 615                 250              285.55                   
                 625                 250              284.25                   
                 635                 250              307.63                   
                 645                 250              334.43                   
                 655                 250              307.71                   
                 665                 250              314.28                   
                 675                 250              297.16                   
                 685                 250              289.26                   
                 695                 250              269.30                   
                 705                 250              238.16                   
                 715                 250              280.85                   
                 725                 250              263.97                   
                 735                 250              270.55                   
                 745                 250              264.62                   
                 755                 250              203.21                   
                 765                 250              203.52                   
                 775                 250              256.17                   
                 785                 250              246.26                   
                 795                 250              299.24                   
                 805                 250              215.85                   
                 815                 250              219.69                   
                 825                 250              219.69                   
                 835                 250              193.61                   
                 845                 250              180.55                   
                 855                 250              176.12                   
                 865                 250              177.09                   
                 875                 250              152.21                   
                 885                 250              141.56                   
                 895                 250              128.30                   
                 905                 250              136.93                   
                 915                 250              167.99                   
                 925                 250              169.08                   
                 935                 250              194.86                   
                 945                 250              193.96                   
                 955                 250              191.19                   
                 965                 250              190.10                   
                 975                 250              183.08                   
                 985                 250              188.90                   
                 995                 250              204.50                   
                1005                 250              197.94                   
                1015                 250              252.25                   
                1025                 250              216.02                   
                1035                 250              210.78                   
                1045                 250              266.81                   
                1055                 250              235.03                   
                1065                 250              237.98                   
                1075                 250              244.39                   
                1085                 250              272.17                   
                1095                 250              286.99                   
                1105                 250              301.12                   
                1115                 250              313.20                   
                1125                 250              315.58                   
                1135                 250              317.38                   
                1145                 250              323.61                   
                1155                 250              325.74                   
                1165                 250              287.89                   
                1175                 250              291.34                   
                1185                 250              280.72                   
                1195                 250              340.37                   
                1205                 250              326.50                   
                1215                 250              352.50                   
                1225                 250              352.92                   
                1235                 250              405.20                   
                1245                 250              410.98                   
                1255                 250              461.77                   
                1265                 250              473.35                   
                1275                 250              323.64                   
                1285                 250              400.37                   
                1295                 250              350.75                   
                1305                 250              299.59                   
                1315                 250              312.04                   
                1325                 250              312.45                   
                1335                 250              304.31                   
                1345                 250              294.34                   
                1355                 250              295.65                   
                1365                 250              283.75                   
                1375                 250              194.33                   
                 390                 260              152.99                   
                 400                 260              111.64                   
                 410                 260              110.84                   
                 420                 260              140.11                   
                 430                 260              179.78                   
                 440                 260              198.66                   
                 450                 260              206.18                   
                 460                 260              200.23                   
                 470                 260              205.05                   
                 480                 260              198.93                   
                 490                 260              196.96                   
                 500                 260              213.59                   
                 510                 260              180.85                   
                 520                 260              205.18                   
                 530                 260              266.29                   
                 540                 260              200.42                   
                 550                 260              229.39                   
                 560                 260              387.35                   
                 570                 260              311.34                   
                 580                 260              235.33                   
                 590                 260              224.21                   
                 600                 260              253.31                   
                 610                 260              270.83                   
                 620                 260              287.17                   
                 630                 260              292.16                   
                 640                 260              239.42                   
                 650                 260              186.68                   
                 660                 260              262.28                   
                 670                 260              304.22                   
                 680                 260              289.88                   
                 690                 260              281.47                   
                 700                 260              261.22                   
                 710                 260              249.33                   
                 720                 260              271.58                   
                 730                 260              254.83                   
                 740                 260              266.85                   
                 750                 260              247.39                   
                 760                 260              179.15                   
                 770                 260              153.93                   
                 780                 260              216.42                   
                 790                 260              255.06                   
                 800                 260              245.03                   
                 810                 260              284.52                   
                 820                 260              212.33                   
                 830                 260              182.46                   
                 840                 260              216.44                   
                 850                 260              191.41                   
                 860                 260              166.77                   
                 870                 260              144.50                   
                 880                 260              144.85                   
                 890                 260              112.74                   
                 900                 260              135.40                   
                 910                 260              162.77                   
                 920                 260              143.96                   
                 930                 260              174.45                   
                 940                 260              160.25                   
                 950                 260              189.18                   
                 960                 260              191.56                   
                 970                 260              211.90                   
                 980                 260              193.38                   
                 990                 260              193.54                   
                1000                 260              195.85                   
                1010                 260              248.02                   
                1020                 260              280.31                   
                1030                 260              251.25                   
                1040                 260              288.51                   
                1050                 260              240.15                   
                1060                 260              306.25                   
                1070                 260              291.82                   
                1080                 260              276.44                   
                1090                 260              250.56                   
                1100                 260              288.96                   
                1110                 260              293.62                   
                1120                 260              301.09                   
                1130                 260              327.48                   
                1140                 260              328.34                   
                1150                 260              325.06                   
                1160                 260              256.88                   
                1170                 260              188.70                   
                1180                 260              263.07                   
                1190                 260              291.25                   
                1200                 260              353.04                   
                1210                 260              309.41                   
                1220                 260              297.37                   
                1230                 260              362.79                   
                1240                 260              382.41                   
                1250                 260              406.54                   
                1260                 260              362.74                   
                1270                 260              503.21                   
                1280                 260              384.60                   
                1290                 260              265.99                   
                1300                 260              355.99                   
                1310                 260              328.65                   
                1320                 260              342.52                   
                1330                 260              307.69                   
                1340                 260              282.68                   
                1350                 260              289.51                   
                1360                 260              201.97                   
                 405                 270              169.37                   
                 415                 270              136.76                   
                 425                 270              153.96                   
                 435                 270              173.63                   
                 445                 270              184.00                   
                 455                 270              173.60                   
                 465                 270              196.35                   
                 475                 270              195.38                   
                 485                 270              203.55                   
                 495                 270              192.36                   
                 505                 270              202.50                   
                 515                 270              204.88                   
                 525                 270              222.06                   
                 535                 270              218.26                   
                 545                 270              228.78                   
                 555                 270              249.82                   
                 565                 270              330.10                   
                 575                 270              410.39                   
                 585                 270              327.98                   
                 595                 270              245.57                   
                 605                 270              260.09                   
                 615                 270              283.22                   
                 625                 270              290.22                   
                 635                 270              203.78                   
                 645                 270              215.79                   
                 655                 270              229.26                   
                 665                 270              260.52                   
                 675                 270              271.16                   
                 685                 270              265.78                   
                 695                 270              272.15                   
                 705                 270              265.68                   
                 715                 270              214.65                   
                 725                 270              268.27                   
                 735                 270              254.96                   
                 745                 270              261.56                   
                 755                 270              244.16                   
                 765                 270              219.07                   
                 775                 270              199.10                   
                 785                 270              182.08                   
                 795                 270              418.95                   
                 805                 270              342.31                   
                 815                 270              265.67                   
                 825                 270              233.76                   
                 835                 270              185.35                   
                 845                 270              188.36                   
                 855                 270              188.23                   
                 865                 270              150.68                   
                 875                 270              113.12                   
                 885                 270              125.88                   
                 895                 270              124.67                   
                 905                 270              140.97                   
                 915                 270              133.17                   
                 925                 270              135.79                   
                 935                 270              152.27                   
                 945                 270              157.79                   
                 955                 270              199.49                   
                 965                 270              199.22                   
                 975                 270              201.92                   
                 985                 270              193.47                   
                 995                 270              197.84                   
                1005                 270              206.08                   
                1015                 270              236.29                   
                1025                 270              267.73                   
                1035                 270              264.24                   
                1045                 270              320.19                   
                1055                 270              274.79                   
                1065                 270              261.25                   
                1075                 270              374.80                   
                1085                 270              305.29                   
                1095                 270              277.19                   
                1105                 270              261.10                   
                1115                 270              285.60                   
                1125                 270              296.25                   
                1135                 270              309.71                   
                1145                 270              320.26                   
                1155                 270              334.03                   
                1165                 270              326.05                   
                1175                 270              310.45                   
                1185                 270              315.19                   
                1195                 270              292.76                   
                1205                 270              347.29                   
                1215                 270              305.05                   
                1225                 270              375.31                   
                1235                 270              352.57                   
                1245                 270              335.59                   
                1255                 270              361.04                   
                1265                 270              380.74                   
                1275                 270              308.49                   
                1285                 270              446.30                   
                1295                 270              454.81                   
                1305                 270              367.28                   
                1315                 270              340.14                   
                1325                 270              233.03                   
                1335                 270              304.09                   
                1345                 270              218.50                   
                 420                 280              187.47                   
                 430                 280              156.44                   
                 440                 280              166.32                   
                 450                 280              159.42                   
                 460                 280              169.25                   
                 470                 280              188.54                   
                 480                 280              199.00                   
                 490                 280              205.28                   
                 500                 280              181.71                   
                 510                 280              192.04                   
                 520                 280              209.02                   
                 530                 280              274.39                   
                 540                 280              339.76                   
                 550                 280              233.65                   
                 560                 280              275.65                   
                 570                 280              247.97                   
                 580                 280              280.60                   
                 590                 280              404.63                   
                 600                 280              392.19                   
                 610                 280              280.60                   
                 620                 280              251.60                   
                 630                 280              284.44                   
                 640                 280              215.80                   
                 650                 280              248.13                   
                 660                 280              213.72                   
                 670                 280              212.88                   
                 680                 280              268.31                   
                 690                 280              268.97                   
                 700                 280              271.67                   
                 710                 280              251.49                   
                 720                 280              207.31                   
                 730                 280              281.59                   
                 740                 280              252.72                   
                 750                 280              249.42                   
                 760                 280              226.00                   
                 770                 280              198.76                   
                 780                 280              242.53                   
                 790                 280              232.86                   
                 800                 280              220.03                   
                 810                 280              272.97                   
                 820                 280              237.59                   
                 830                 280              202.20                   
                 840                 280              186.82                   
                 850                 280              178.03                   
                 860                 280              176.09                   
                 870                 280              195.36                   
                 880                 280              144.94                   
                 890                 280              155.92                   
                 900                 280              176.38                   
                 910                 280              133.15                   
                 920                 280              119.66                   
                 930                 280              162.85                   
                 940                 280              157.29                   
                 950                 280              166.37                   
                 960                 280              184.43                   
                 970                 280              190.61                   
                 980                 280              193.07                   
                 990                 280              201.09                   
                1000                 280              203.45                   
                1010                 280              197.61                   
                1020                 280              238.73                   
                1030                 280              265.83                   
                1040                 280              264.43                   
                1050                 280              292.08                   
                1060                 280              305.50                   
                1070                 280              309.69                   
                1080                 280              359.67                   
                1090                 280              409.66                   
                1100                 280              298.23                   
                1110                 280              281.95                   
                1120                 280              268.18                   
                1130                 280              290.56                   
                1140                 280              299.29                   
                1150                 280              319.33                   
                1160                 280              343.26                   
                1170                 280              349.89                   
                1180                 280              274.02                   
                1190                 280              348.96                   
                1200                 280              365.04                   
                1210                 280              381.11                   
                1220                 280              373.76                   
                1230                 280              268.63                   
                1240                 280              351.87                   
                1250                 280              289.56                   
                1260                 280              227.24                   
                1270                 280              293.34                   
                1280                 280              328.39                   
                1290                 280              441.61                   
                1300                 280              414.56                   
                1310                 280              326.34                   
                1320                 280              369.61                   
                1330                 280              257.00                   
                 435                 290              189.70                   
                 445                 290              175.98                   
                 455                 290              162.27                   
                 465                 290              152.73                   
                 475                 290              187.04                   
                 485                 290              208.49                   
                 495                 290              206.99                   
                 505                 290              196.54                   
                 515                 290              205.67                   
                 525                 290              174.90                   
                 535                 290              211.51                   
                 545                 290              235.52                   
                 555                 290              310.21                   
                 565                 290              239.22                   
                 575                 290              265.05                   
                 585                 290              328.62                   
                 595                 290              288.39                   
                 605                 290              247.16                   
                 615                 290              359.37                   
                 625                 290              359.37                   
                 635                 290              265.56                   
                 645                 290              217.18                   
                 655                 290              197.52                   
                 665                 290              211.11                   
                 675                 290              224.07                   
                 685                 290              264.76                   
                 695                 290              260.65                   
                 705                 290              261.53                   
                 715                 290              249.79                   
                 725                 290              199.44                   
                 735                 290              247.84                   
                 745                 290              238.90                   
                 755                 290              233.11                   
                 765                 290              225.86                   
                 775                 290              235.26                   
                 785                 290              262.75                   
                 795                 290              233.05                   
                 805                 290              151.51                   
                 815                 290              160.13                   
                 825                 290              168.74                   
                 835                 290              234.10                   
                 845                 290              203.32                   
                 855                 290              191.43                   
                 865                 290              168.14                   
                 875                 290              181.66                   
                 885                 290              175.98                   
                 895                 290              151.95                   
                 905                 290              148.62                   
                 915                 290              137.30                   
                 925                 290              129.81                   
                 935                 290              154.59                   
                 945                 290              161.55                   
                 955                 290              165.62                   
                 965                 290              170.72                   
                 975                 290              181.19                   
                 985                 290              180.43                   
                 995                 290              198.59                   
                1005                 290              203.35                   
                1015                 290              236.18                   
                1025                 290              224.24                   
                1035                 290              271.31                   
                1045                 290              231.73                   
                1055                 290              296.99                   
                1065                 290              287.30                   
                1075                 290              311.99                   
                1085                 290              307.79                   
                1095                 290              276.00                   
                1105                 290              308.43                   
                1115                 290              287.90                   
                1125                 290              286.76                   
                1135                 290              319.81                   
                1145                 290              296.19                   
                1155                 290              329.64                   
                1165                 290              352.24                   
                1175                 290              372.54                   
                1185                 290              387.64                   
                1195                 290              402.75                   
                1205                 290              417.32                   
                1215                 290              373.39                   
                1225                 290              355.56                   
                1235                 290              345.74                   
                1245                 290              239.57                   
                1255                 290              314.37                   
                1265                 290              294.77                   
                1275                 290              326.54                   
                1285                 290              243.99                   
                1295                 290              362.95                   
                1305                 290              481.90                   
                1315                 290              321.44                   
                 450                 300              239.37                   
                 460                 300              204.03                   
                 470                 300              168.69                   
                 480                 300              168.99                   
                 490                 300              179.74                   
                 500                 300              205.45                   
                 510                 300              204.72                   
                 520                 300              186.18                   
                 530                 300              198.02                   
                 540                 300              214.92                   
                 550                 300              230.05                   
                 560                 300              244.80                   
                 570                 300              317.80                   
                 580                 300              268.16                   
                 590                 300              241.50                   
                 600                 300              250.21                   
                 610                 300              277.97                   
                 620                 300              305.73                   
                 630                 300              286.00                   
                 640                 300              286.00                   
                 650                 300              220.05                   
                 660                 300              229.36                   
                 670                 300              238.38                   
                 680                 300              232.91                   
                 690                 300              272.29                   
                 700                 300              253.80                   
                 710                 300              260.10                   
                 720                 300              241.32                   
                 730                 300              212.75                   
                 740                 300              244.92                   
                 750                 300              227.19                   
                 760                 300              213.04                   
                 770                 300              236.03                   
                 780                 300              220.77                   
                 790                 300              233.72                   
                 800                 300              182.34                   
                 810                 300              148.36                   
                 820                 300              114.38                   
                 830                 300              147.74                   
                 840                 300              190.08                   
                 850                 300              185.10                   
                 860                 300              190.94                   
                 870                 300              176.79                   
                 880                 300              159.48                   
                 890                 300              156.45                   
                 900                 300              201.40                   
                 910                 300              175.36                   
                 920                 300              149.31                   
                 930                 300              162.95                   
                 940                 300              161.67                   
                 950                 300              166.47                   
                 960                 300              176.13                   
                 970                 300              166.32                   
                 980                 300              170.65                   
                 990                 300              174.96                   
                1000                 300              182.67                   
                1010                 300              200.44                   
                1020                 300              214.03                   
                1030                 300              236.78                   
                1040                 300              221.71                   
                1050                 300              229.38                   
                1060                 300              253.68                   
                1070                 300              266.85                   
                1080                 300              283.28                   
                1090                 300              293.83                   
                1100                 300              285.06                   
                1110                 300              287.66                   
                1120                 300              325.51                   
                1130                 300              303.12                   
                1140                 300              314.11                   
                1150                 300              309.59                   
                1160                 300              329.34                   
                1170                 300              379.19                   
                1180                 300              391.82                   
                1190                 300              307.03                   
                1200                 300              360.07                   
                1210                 300              413.11                   
                1220                 300              384.41                   
                1230                 300              281.00                   
                1240                 300              323.98                   
                1250                 300              317.94                   
                1260                 300              343.01                   
                1270                 300              268.05                   
                1280                 300              316.54                   
                1290                 300              365.04                   
                1300                 300              251.52                   
                 465                 310              204.90                   
                 475                 310              158.28                   
                 485                 310              159.02                   
                 495                 310              176.58                   
                 505                 310              207.15                   
                 515                 310              226.29                   
                 525                 310              203.24                   
                 535                 310              207.00                   
                 545                 310              235.73                   
                 555                 310              288.61                   
                 565                 310              252.26                   
                 575                 310              202.51                   
                 585                 310              173.60                   
                 595                 310              229.26                   
                 605                 310              284.92                   
                 615                 310              256.56                   
                 625                 310              251.77                   
                 635                 310              267.79                   
                 645                 310              280.22                   
                 655                 310              280.22                   
                 665                 310              210.85                   
                 675                 310              219.12                   
                 685                 310              221.48                   
                 695                 310              261.73                   
                 705                 310              243.62                   
                 715                 310              248.32                   
                 725                 310              227.56                   
                 735                 310              209.51                   
                 745                 310              212.80                   
                 755                 310              163.69                   
                 765                 310              212.63                   
                 775                 310              216.48                   
                 785                 310              198.26                   
                 795                 310              151.36                   
                 805                 310              165.59                   
                 815                 310              119.67                   
                 825                 310              141.00                   
                 835                 310              162.33                   
                 845                 310              204.24                   
                 855                 310              211.57                   
                 865                 310              207.52                   
                 875                 310              175.88                   
                 885                 310              159.04                   
                 895                 310              139.01                   
                 905                 310              118.97                   
                 915                 310              145.51                   
                 925                 310              157.92                   
                 935                 310              154.65                   
                 945                 310              167.98                   
                 955                 310              177.50                   
                 965                 310              183.61                   
                 975                 310              163.63                   
                 985                 310              155.11                   
                 995                 310              166.21                   
                1005                 310              179.37                   
                1015                 310              193.68                   
                1025                 310              218.09                   
                1035                 310              217.49                   
                1045                 310              260.57                   
                1055                 310              227.30                   
                1065                 310              272.98                   
                1075                 310              251.12                   
                1085                 310              259.09                   
                1095                 310              278.63                   
                1105                 310              297.90                   
                1115                 310              311.31                   
                1125                 310              322.39                   
                1135                 310              348.09                   
                1145                 310              324.77                   
                1155                 310              315.66                   
                1165                 310              350.04                   
                1175                 310              372.17                   
                1185                 310              321.81                   
                1195                 310              421.77                   
                1205                 310              314.63                   
                1215                 310              345.47                   
                1225                 310              376.32                   
                1235                 310              355.46                   
                1245                 310              329.80                   
                1255                 310              299.10                   
                1265                 310              243.59                   
                1275                 310              357.64                   
                1285                 310              264.28                   
                 480                 320              218.23                   
                 490                 320              172.18                   
                 500                 320              172.64                   
                 510                 320              171.95                   
                 520                 320              184.65                   
                 530                 320              200.94                   
                 540                 320              216.50                   
                 550                 320              182.31                   
                 560                 320              148.13                   
                 570                 320              131.09                   
                 580                 320              204.24                   
                 590                 320              277.39                   
                 600                 320              299.06                   
                 610                 320              245.37                   
                 620                 320              248.11                   
                 630                 320              249.21                   
                 640                 320              247.81                   
                 650                 320              268.71                   
                 660                 320              296.59                   
                 670                 320              296.59                   
                 680                 320              218.38                   
                 690                 320              233.87                   
                 700                 320              251.72                   
                 710                 320              244.91                   
                 720                 320              223.29                   
                 730                 320              207.25                   
                 740                 320              203.83                   
                 750                 320              203.04                   
                 760                 320              194.01                   
                 770                 320              188.68                   
                 780                 320              188.43                   
                 790                 320              167.93                   
                 800                 320              125.60                   
                 810                 320              139.00                   
                 820                 320              192.60                   
                 830                 320              166.49                   
                 840                 320              172.73                   
                 850                 320              198.42                   
                 860                 320              197.34                   
                 870                 320              188.21                   
                 880                 320              190.81                   
                 890                 320              165.58                   
                 900                 320              207.42                   
                 910                 320              158.04                   
                 920                 320              169.96                   
                 930                 320              169.16                   
                 940                 320              157.30                   
                 950                 320              179.16                   
                 960                 320              181.36                   
                 970                 320              182.77                   
                 980                 320              173.81                   
                 990                 320              152.81                   
                1000                 320              174.10                   
                1010                 320              189.68                   
                1020                 320              193.75                   
                1030                 320              201.98                   
                1040                 320              217.31                   
                1050                 320              228.91                   
                1060                 320              237.54                   
                1070                 320              199.97                   
                1080                 320              238.76                   
                1090                 320              259.27                   
                1100                 320              283.86                   
                1110                 320              301.98                   
                1120                 320              306.37                   
                1130                 320              321.42                   
                1140                 320              322.97                   
                1150                 320              353.44                   
                1160                 320              349.20                   
                1170                 320              327.23                   
                1180                 320              350.51                   
                1190                 320              269.96                   
                1200                 320              311.15                   
                1210                 320              352.34                   
                1220                 320              421.05                   
                1230                 320              385.83                   
                1240                 320              324.21                   
                1250                 320              250.18                   
                1260                 320              347.58                   
                1270                 320              257.18                   
                 495                 330              226.65                   
                 505                 330              196.12                   
                 515                 330              162.80                   
                 525                 330              169.46                   
                 535                 330              197.69                   
                 545                 330              213.08                   
                 555                 330              184.59                   
                 565                 330              231.41                   
                 575                 330              278.23                   
                 585                 330              234.03                   
                 595                 330              245.85                   
                 605                 330              271.32                   
                 615                 330              296.79                   
                 625                 330              210.63                   
                 635                 330              219.43                   
                 645                 330              227.50                   
                 655                 330              243.13                   
                 665                 330              267.82                   
                 675                 330              366.30                   
                 685                 330              292.19                   
                 695                 330              218.07                   
                 705                 330              246.92                   
                 715                 330              223.44                   
                 725                 330              222.29                   
                 735                 330              203.50                   
                 745                 330              196.95                   
                 755                 330              202.49                   
                 765                 330              178.43                   
                 775                 330              180.37                   
                 785                 330              137.33                   
                 795                 330              138.77                   
                 805                 330              171.28                   
                 815                 330              203.79                   
                 825                 330              158.19                   
                 835                 330              184.85                   
                 845                 330              211.52                   
                 855                 330              205.35                   
                 865                 330              205.35                   
                 875                 330              201.44                   
                 885                 330              195.71                   
                 895                 330              184.44                   
                 905                 330              193.45                   
                 915                 330              186.27                   
                 925                 330              173.15                   
                 935                 330              187.37                   
                 945                 330              162.46                   
                 955                 330              178.11                   
                 965                 330              178.87                   
                 975                 330              188.60                   
                 985                 330              191.34                   
                 995                 330              174.97                   
                1005                 330              189.63                   
                1015                 330              194.49                   
                1025                 330              202.04                   
                1035                 330              203.09                   
                1045                 330              159.36                   
                1055                 330              154.34                   
                1065                 330              188.30                   
                1075                 330              215.80                   
                1085                 330              254.26                   
                1095                 330              271.54                   
                1105                 330              285.84                   
                1115                 330              297.47                   
                1125                 330              310.02                   
                1135                 330              320.95                   
                1145                 330              353.57                   
                1155                 330              328.24                   
                1165                 330              421.08                   
                1175                 330              356.73                   
                1185                 330              329.92                   
                1195                 330              349.59                   
                1205                 330              271.25                   
                1215                 330              367.35                   
                1225                 330              343.04                   
                1235                 330              327.25                   
                1245                 330              403.70                   
                1255                 330              273.75                   
                 510                 340              217.90                   
                 520                 340              162.04                   
                 530                 340              150.51                   
                 540                 340              206.71                   
                 550                 340              243.48                   
                 560                 340              200.93                   
                 570                 340              219.57                   
                 580                 340              238.21                   
                 590                 340              275.18                   
                 600                 340              242.35                   
                 610                 340              188.70                   
                 620                 340              207.82                   
                 630                 340              226.94                   
                 640                 340              200.06                   
                 650                 340              238.41                   
                 660                 340              259.42                   
                 670                 340              256.68                   
                 680                 340              308.12                   
                 690                 340              342.89                   
                 700                 340              342.89                   
                 710                 340              241.64                   
                 720                 340              231.95                   
                 730                 340              206.63                   
                 740                 340              209.58                   
                 750                 340              160.00                   
                 760                 340              197.24                   
                 770                 340              160.79                   
                 780                 340              173.28                   
                 790                 340              134.71                   
                 800                 340              122.93                   
                 810                 340              127.73                   
                 820                 340              161.69                   
                 830                 340              195.66                   
                 840                 340              146.28                   
                 850                 340              170.39                   
                 860                 340              194.50                   
                 870                 340              194.50                   
                 880                 340              198.25                   
                 890                 340              189.12                   
                 900                 340              181.10                   
                 910                 340              224.28                   
                 920                 340              192.46                   
                 930                 340              183.72                   
                 940                 340              178.80                   
                 950                 340              161.34                   
                 960                 340              178.42                   
                 970                 340              187.27                   
                 980                 340              191.13                   
                 990                 340              197.08                   
                1000                 340              199.71                   
                1010                 340              202.38                   
                1020                 340              198.61                   
                1030                 340              210.73                   
                1040                 340              162.79                   
                1050                 340              114.82                   
                1060                 340              163.78                   
                1070                 340              212.75                   
                1080                 340              231.41                   
                1090                 340              274.68                   
                1100                 340              265.76                   
                1110                 340              302.67                   
                1120                 340              295.81                   
                1130                 340              309.70                   
                1140                 340              304.34                   
                1150                 340              333.49                   
                1160                 340              347.57                   
                1170                 340              279.37                   
                1180                 340              411.89                   
                1190                 340              352.40                   
                1200                 340              243.17                   
                1210                 340              236.00                   
                1220                 340              318.82                   
                1230                 340              401.65                   
                1240                 340              302.80                   
                 525                 350              203.94                   
                 535                 350              224.39                   
                 545                 350              228.73                   
                 555                 350              268.03                   
                 565                 350              191.23                   
                 575                 350              198.69                   
                 585                 350              206.16                   
                 595                 350              204.99                   
                 605                 350              228.50                   
                 615                 350              156.04                   
                 625                 350              176.58                   
                 635                 350              197.12                   
                 645                 350              269.24                   
                 655                 350              241.29                   
                 665                 350              253.03                   
                 675                 350              261.05                   
                 685                 350              279.72                   
                 695                 350              287.75                   
                 705                 350              273.57                   
                 715                 350              273.57                   
                 725                 350              231.09                   
                 735                 350              229.82                   
                 745                 350              195.38                   
                 755                 350              134.81                   
                 765                 350              195.98                   
                 775                 350              167.32                   
                 785                 350              170.38                   
                 795                 350              129.22                   
                 805                 350              112.22                   
                 815                 350              182.39                   
                 825                 350              174.01                   
                 835                 350              217.74                   
                 845                 350              179.64                   
                 855                 350              199.38                   
                 865                 350              219.11                   
                 875                 350              219.11                   
                 885                 350              199.35                   
                 895                 350              196.33                   
                 905                 350              193.24                   
                 915                 350              196.62                   
                 925                 350              221.29                   
                 935                 350              194.95                   
                 945                 350              212.61                   
                 955                 350              177.36                   
                 965                 350              182.84                   
                 975                 350              181.91                   
                 985                 350              202.43                   
                 995                 350              208.77                   
                1005                 350              208.12                   
                1015                 350              211.89                   
                1025                 350              216.42                   
                1035                 350              217.35                   
                1045                 350              182.43                   
                1055                 350              149.14                   
                1065                 350              179.86                   
                1075                 350              210.58                   
                1085                 350              245.60                   
                1095                 350              265.57                   
                1105                 350              288.05                   
                1115                 350              290.16                   
                1125                 350              278.87                   
                1135                 350              299.08                   
                1145                 350              313.88                   
                1155                 350              307.01                   
                1165                 350              348.46                   
                1175                 350              407.79                   
                1185                 350              354.01                   
                1195                 350              358.13                   
                1205                 350              329.51                   
                1215                 350              442.11                   
                1225                 350              300.64                   
                 540                 360              235.66                   
                 550                 360              170.67                   
                 560                 360              174.56                   
                 570                 360              178.31                   
                 580                 360              165.49                   
                 590                 360              173.23                   
                 600                 360              189.22                   
                 610                 360              205.21                   
                 620                 360              199.10                   
                 630                 360              224.99                   
                 640                 360              229.57                   
                 650                 360              227.34                   
                 660                 360              265.05                   
                 670                 360              245.72                   
                 680                 360              265.74                   
                 690                 360              270.58                   
                 700                 360              244.86                   
                 710                 360              249.87                   
                 720                 360              236.90                   
                 730                 360              236.90                   
                 740                 360              226.03                   
                 750                 360              200.61                   
                 760                 360              149.66                   
                 770                 360              194.37                   
                 780                 360              155.21                   
                 790                 360              164.26                   
                 800                 360              168.18                   
                 810                 360               85.92                   
                 820                 360               99.41                   
                 830                 360              112.91                   
                 840                 360               95.77                   
                 850                 360              147.84                   
                 860                 360              199.90                   
                 870                 360              198.63                   
                 880                 360              198.63                   
                 890                 360              199.47                   
                 900                 360              200.76                   
                 910                 360              203.03                   
                 920                 360              201.61                   
                 930                 360              197.54                   
                 940                 360              203.12                   
                 950                 360              200.77                   
                 960                 360              167.96                   
                 970                 360              195.51                   
                 980                 360              197.11                   
                 990                 360              228.13                   
                1000                 360              218.87                   
                1010                 360              228.10                   
                1020                 360              223.31                   
                1030                 360              215.65                   
                1040                 360              228.39                   
                1050                 360              237.32                   
                1060                 360              187.84                   
                1070                 360              171.01                   
                1080                 360              202.39                   
                1090                 360              243.95                   
                1100                 360              299.25                   
                1110                 360              257.67                   
                1120                 360              286.45                   
                1130                 360              276.05                   
                1140                 360              303.12                   
                1150                 360              311.18                   
                1160                 360              327.18                   
                1170                 360              349.72                   
                1180                 360              349.44                   
                1190                 360              342.04                   
                1200                 360              335.00                   
                1210                 360              235.97                   
                 555                 370              195.62                   
                 565                 370              155.27                   
                 575                 370              108.24                   
                 585                 370              127.03                   
                 595                 370              145.83                   
                 605                 370              171.42                   
                 615                 370              197.01                   
                 625                 370              195.47                   
                 635                 370              260.56                   
                 645                 370              259.15                   
                 655                 370              254.27                   
                 665                 370              239.25                   
                 675                 370              257.99                   
                 685                 370              249.23                   
                 695                 370              252.72                   
                 705                 370              248.06                   
                 715                 370              244.27                   
                 725                 370              235.65                   
                 735                 370              232.80                   
                 745                 370              232.80                   
                 755                 370              196.06                   
                 765                 370              148.94                   
                 775                 370              181.63                   
                 785                 370              168.62                   
                 795                 370              128.54                   
                 805                 370              134.05                   
                 815                 370               87.45                   
                 825                 370               65.22                   
                 835                 370              123.38                   
                 845                 370              181.55                   
                 855                 370              208.20                   
                 865                 370              198.08                   
                 875                 370              197.70                   
                 885                 370              197.70                   
                 895                 370              201.91                   
                 905                 370              200.17                   
                 915                 370              207.65                   
                 925                 370              192.69                   
                 935                 370              198.49                   
                 945                 370              191.27                   
                 955                 370              228.08                   
                 965                 370              179.29                   
                 975                 370              200.50                   
                 985                 370              210.95                   
                 995                 370              227.59                   
                1005                 370              232.64                   
                1015                 370              242.77                   
                1025                 370              237.75                   
                1035                 370              235.45                   
                1045                 370              227.99                   
                1055                 370              213.20                   
                1065                 370              216.79                   
                1075                 370              251.43                   
                1085                 370              249.27                   
                1095                 370              215.00                   
                1105                 370              258.87                   
                1115                 370              286.85                   
                1125                 370              248.65                   
                1135                 370              293.28                   
                1145                 370              299.12                   
                1155                 370              319.34                   
                1165                 370              301.24                   
                1175                 370              348.64                   
                1185                 370              369.60                   
                1195                 370              246.75                   
                 570                 380              193.57                   
                 580                 380              129.37                   
                 590                 380              131.78                   
                 600                 380              134.18                   
                 610                 380              178.72                   
                 620                 380              178.54                   
                 630                 380              209.89                   
                 640                 380              268.12                   
                 650                 380              286.07                   
                 660                 380              249.67                   
                 670                 380              237.40                   
                 680                 380              240.56                   
                 690                 380              242.53                   
                 700                 380              244.50                   
                 710                 380              235.09                   
                 720                 380              234.99                   
                 730                 380              232.08                   
                 740                 380              228.34                   
                 750                 380              204.32                   
                 760                 380              204.32                   
                 770                 380              171.55                   
                 780                 380              178.52                   
                 790                 380              145.18                   
                 800                 380              165.24                   
                 810                 380              118.56                   
                 820                 380              137.57                   
                 830                 380              156.58                   
                 840                 380              176.95                   
                 850                 380              150.11                   
                 860                 380              178.09                   
                 870                 380              377.89                   
                 880                 380              291.97                   
                 890                 380              206.06                   
                 900                 380              206.51                   
                 910                 380              207.03                   
                 920                 380              215.33                   
                 930                 380              202.12                   
                 940                 380              199.68                   
                 950                 380              198.15                   
                 960                 380              197.01                   
                 970                 380              182.71                   
                 980                 380              211.51                   
                 990                 380              233.07                   
                1000                 380              233.58                   
                1010                 380              250.85                   
                1020                 380              253.19                   
                1030                 380              253.53                   
                1040                 380              248.85                   
                1050                 380              224.97                   
                1060                 380              242.19                   
                1070                 380              204.78                   
                1080                 380              167.37                   
                1090                 380              247.11                   
                1100                 380              247.93                   
                1110                 380              237.00                   
                1120                 380              246.65                   
                1130                 380              298.87                   
                1140                 380              293.84                   
                1150                 380              302.96                   
                1160                 380              252.44                   
                1170                 380              320.35                   
                1180                 380              218.49                   
                 585                 390              140.70                   
                 595                 390              130.75                   
                 605                 390              120.81                   
                 615                 390              152.35                   
                 625                 390              182.08                   
                 635                 390              193.07                   
                 645                 390              222.04                   
                 655                 390              243.69                   
                 665                 390              241.17                   
                 675                 390              225.41                   
                 685                 390              239.36                   
                 695                 390              247.59                   
                 705                 390              275.85                   
                 715                 390              231.15                   
                 725                 390              248.96                   
                 735                 390              231.16                   
                 745                 390              215.04                   
                 755                 390              191.61                   
                 765                 390              181.36                   
                 775                 390              181.36                   
                 785                 390              185.21                   
                 795                 390              149.04                   
                 805                 390              165.88                   
                 815                 390              161.90                   
                 825                 390              122.97                   
                 835                 390              158.68                   
                 845                 390              153.57                   
                 855                 390              180.14                   
                 865                 390              256.89                   
                 875                 390              232.18                   
                 885                 390              207.47                   
                 895                 390              207.47                   
                 905                 390              206.64                   
                 915                 390              207.91                   
                 925                 390              202.76                   
                 935                 390              206.66                   
                 945                 390              205.78                   
                 955                 390              211.81                   
                 965                 390              185.07                   
                 975                 390              213.91                   
                 985                 390              239.06                   
                 995                 390              244.75                   
                1005                 390              262.77                   
                1015                 390              254.44                   
                1025                 390              261.69                   
                1035                 390              264.54                   
                1045                 390              266.10                   
                1055                 390              267.79                   
                1065                 390              190.83                   
                1075                 390              235.33                   
                1085                 390              260.43                   
                1095                 390              206.99                   
                1105                 390              241.19                   
                1115                 390              248.81                   
                1125                 390              262.55                   
                1135                 390              262.20                   
                1145                 390              243.22                   
                1155                 390              308.38                   
                1165                 390              311.46                   
                 600                 400              212.48                   
                 610                 400              194.93                   
                 620                 400              177.38                   
                 630                 400              221.31                   
                 640                 400              160.18                   
                 650                 400              170.16                   
                 660                 400              180.15                   
                 670                 400              212.56                   
                 680                 400              226.06                   
                 690                 400              241.52                   
                 700                 400              229.18                   
                 710                 400              238.75                   
                 720                 400              260.50                   
                 730                 400              233.42                   
                 740                 400              231.13                   
                 750                 400              217.62                   
                 760                 400              212.48                   
                 770                 400              182.65                   
                 780                 400              239.49                   
                 790                 400              239.49                   
                 800                 400              178.42                   
                 810                 400              172.54                   
                 820                 400              166.71                   
                 830                 400              134.34                   
                 840                 400              168.73                   
                 850                 400              154.07                   
                 860                 400              697.11                   
                 870                 400              437.17                   
                 880                 400              320.91                   
                 890                 400              262.78                   
                 900                 400              204.65                   
                 910                 400              208.12                   
                 920                 400              209.17                   
                 930                 400              207.99                   
                 940                 400              198.47                   
                 950                 400              211.38                   
                 960                 400              213.43                   
                 970                 400              221.58                   
                 980                 400              229.72                   
                 990                 400              241.14                   
                1000                 400              279.94                   
                1010                 400              259.24                   
                1020                 400              272.66                   
                1030                 400              273.86                   
                1040                 400              273.27                   
                1050                 400              269.48                   
                1060                 400              267.64                   
                1070                 400              197.96                   
                1080                 400              187.94                   
                1090                 400              177.92                   
                1100                 400              244.83                   
                1110                 400              277.32                   
                1120                 400              259.41                   
                1130                 400              229.30                   
                1140                 400              273.32                   
                1150                 400              219.55                   
                 615                 410              165.78                   
                 625                 410              139.29                   
                 635                 410              109.43                   
                 645                 410              144.29                   
                 655                 410              179.16                   
                 665                 410              141.25                   
                 675                 410              208.60                   
                 685                 410              232.28                   
                 695                 410              237.32                   
                 705                 410              218.98                   
                 715                 410              239.50                   
                 725                 410              255.01                   
                 735                 410              298.23                   
                 745                 410              213.45                   
                 755                 410              215.24                   
                 765                 410              212.81                   
                 775                 410              190.29                   
                 785                 410              173.50                   
                 795                 410              156.72                   
                 805                 410              156.72                   
                 815                 410              168.85                   
                 825                 410              170.86                   
                 835                 410              168.61                   
                 845                 410              169.18                   
                 855                 410              156.82                   
                 865                 410              156.82                   
                 875                 410              190.41                   
                 885                 410              181.81                   
                 895                 410              198.23                   
                 905                 410              198.23                   
                 915                 410              212.61                   
                 925                 410              223.27                   
                 935                 410              213.52                   
                 945                 410              209.52                   
                 955                 410              197.07                   
                 965                 410              209.21                   
                 975                 410              188.93                   
                 985                 410              257.13                   
                 995                 410              229.90                   
                1005                 410              250.57                   
                1015                 410              318.99                   
                1025                 410              286.24                   
                1035                 410              272.25                   
                1045                 410              273.21                   
                1055                 410              265.19                   
                1065                 410              264.73                   
                1075                 410              261.54                   
                1085                 410              234.64                   
                1095                 410              232.16                   
                1105                 410              216.26                   
                1115                 410              212.01                   
                1125                 410              288.73                   
                1135                 410              214.85                   
                 630                 420              159.94                   
                 640                 420               83.29                   
                 650                 420               82.46                   
                 660                 420              124.32                   
                 670                 420              166.18                   
                 680                 420              198.84                   
                 690                 420              213.46                   
                 700                 420              221.11                   
                 710                 420              262.86                   
                 720                 420              219.29                   
                 730                 420              175.71                   
                 740                 420              245.05                   
                 750                 420              238.00                   
                 760                 420              218.04                   
                 770                 420              203.25                   
                 780                 420              196.01                   
                 790                 420              217.30                   
                 800                 420              246.06                   
                 810                 420              274.83                   
                 820                 420              226.41                   
                 830                 420              177.99                   
                 840                 420              168.44                   
                 850                 420              150.09                   
                 860                 420              150.09                   
                 870                 420              121.04                   
                 880                 420              152.26                   
                 890                 420              183.48                   
                 900                 420              198.05                   
                 910                 420              198.05                   
                 920                 420              224.36                   
                 930                 420              238.74                   
                 940                 420              218.67                   
                 950                 420              220.87                   
                 960                 420              192.80                   
                 970                 420              209.01                   
                 980                 420              203.02                   
                 990                 420              240.42                   
                1000                 420              250.19                   
                1010                 420              274.78                   
                1020                 420              241.73                   
                1030                 420              308.03                   
                1040                 420              275.84                   
                1050                 420              282.22                   
                1060                 420              271.82                   
                1070                 420              269.09                   
                1080                 420              316.10                   
                1090                 420              187.06                   
                1100                 420              227.89                   
                1110                 420              268.73                   
                1120                 420              172.18                   
                 645                 430               96.67                   
                 655                 430              105.44                   
                 665                 430              114.20                   
                 675                 430              147.88                   
                 685                 430              181.55                   
                 695                 430              189.75                   
                 705                 430              214.91                   
                 715                 430              256.51                   
                 725                 430              298.12                   
                 735                 430              227.26                   
                 745                 430              240.51                   
                 755                 430              237.67                   
                 765                 430              235.01                   
                 775                 430              208.23                   
                 785                 430              194.11                   
                 795                 430              227.25                   
                 805                 430              183.80                   
                 815                 430              106.78                   
                 825                 430               68.27                   
                 835                 430              118.36                   
                 845                 430              168.46                   
                 855                 430              168.46                   
                 865                 430              179.88                   
                 875                 430              151.42                   
                 885                 430              122.96                   
                 895                 430              153.16                   
                 905                 430              195.67                   
                 915                 430              195.67                   
                 925                 430              237.48                   
                 935                 430              262.08                   
                 945                 430              221.08                   
                 955                 430              183.23                   
                 965                 430              219.25                   
                 975                 430              223.30                   
                 985                 430              207.46                   
                 995                 430              255.40                   
                1005                 430              215.37                   
                1015                 430              270.52                   
                1025                 430              273.73                   
                1035                 430              299.68                   
                1045                 430              271.58                   
                1055                 430              283.28                   
                1065                 430              270.32                   
                1075                 430              259.50                   
                1085                 430              344.51                   
                1095                 430              429.53                   
                1105                 430              316.87                   
                 660                 440              170.77                   
                 670                 440              122.29                   
                 680                 440              145.38                   
                 690                 440              168.46                   
                 700                 440              180.87                   
                 710                 440              208.92                   
                 720                 440              186.02                   
                 730                 440              235.37                   
                 740                 440              297.60                   
                 750                 440              262.44                   
                 760                 440              240.12                   
                 770                 440              228.92                   
                 780                 440              194.07                   
                 790                 440              195.06                   
                 800                 440              250.08                   
                 810                 440              171.43                   
                 820                 440              141.48                   
                 830                 440              174.03                   
                 840                 440              214.95                   
                 850                 440              214.95                   
                 860                 440              145.86                   
                 870                 440              146.85                   
                 880                 440              127.46                   
                 890                 440              108.08                   
                 900                 440              159.57                   
                 910                 440              211.06                   
                 920                 440              211.06                   
                 930                 440              253.56                   
                 940                 440              261.64                   
                 950                 440              177.48                   
                 960                 440              196.13                   
                 970                 440              224.11                   
                 980                 440              172.73                   
                 990                 440              208.81                   
                1000                 440              244.88                   
                1010                 440              261.70                   
                1020                 440              225.02                   
                1030                 440              285.34                   
                1040                 440              299.33                   
                1050                 440              297.57                   
                1060                 440              272.71                   
                1070                 440              289.41                   
                1080                 440              285.10                   
                1090                 440              272.13                   
                 675                 450              167.34                   
                 685                 450              165.50                   
                 695                 450              163.66                   
                 705                 450              152.20                   
                 715                 450              201.21                   
                 725                 450              208.28                   
                 735                 450              227.03                   
                 745                 450              261.38                   
                 755                 450              293.87                   
                 765                 450              244.06                   
                 775                 450              228.67                   
                 785                 450              208.17                   
                 795                 450              206.78                   
                 805                 450              158.01                   
                 815                 450              171.36                   
                 825                 450              184.70                   
                 835                 450              159.46                   
                 845                 450              348.02                   
                 855                 450              253.74                   
                 865                 450              135.40                   
                 875                 450              166.11                   
                 885                 450              196.83                   
                 895                 450              197.70                   
                 905                 450              164.79                   
                 915                 450              220.00                   
                 925                 450              220.00                   
                 935                 450              240.37                   
                 945                 450              231.75                   
                 955                 450              200.52                   
                 965                 450              219.92                   
                 975                 450              164.08                   
                 985                 450              222.62                   
                 995                 450              255.32                   
                1005                 450              216.96                   
                1015                 450              229.38                   
                1025                 450              281.72                   
                1035                 450              292.69                   
                1045                 450              299.37                   
                1055                 450              391.60                   
                1065                 450              277.69                   
                1075                 450              204.61                   
                 690                 460              160.73                   
                 700                 460              116.84                   
                 710                 460              158.75                   
                 720                 460              170.64                   
                 730                 460              232.01                   
                 740                 460              203.77                   
                 750                 460              242.87                   
                 760                 460              263.40                   
                 770                 460              238.17                   
                 780                 460              233.42                   
                 790                 460              212.04                   
                 800                 460              191.20                   
                 810                 460              156.90                   
                 820                 460              179.83                   
                 830                 460              179.66                   
                 840                 460              179.66                   
                 850                 460              262.62                   
                 860                 460              345.58                   
                 870                 460              429.91                   
                 880                 460              320.57                   
                 890                 460              210.83                   
                 900                 460              191.54                   
                 910                 460              172.25                   
                 920                 460              249.59                   
                 930                 460              249.59                   
                 940                 460              221.64                   
                 950                 460              242.62                   
                 960                 460              168.74                   
                 970                 460              191.61                   
                 980                 460              203.62                   
                 990                 460              168.24                   
                1000                 460              172.33                   
                1010                 460              247.80                   
                1020                 460              262.04                   
                1030                 460              278.57                   
                1040                 460              267.78                   
                1050                 460              285.66                   
                1060                 460              227.42                   
                 705                 470              169.19                   
                 715                 470              140.14                   
                 725                 470              163.13                   
                 735                 470              180.48                   
                 745                 470              257.91                   
                 755                 470              226.90                   
                 765                 470              241.16                   
                 775                 470              232.80                   
                 785                 470              249.52                   
                 795                 470              200.08                   
                 805                 470              171.81                   
                 815                 470               87.14                   
                 825                 470              673.76                   
                 835                 470              439.47                   
                 845                 470              321.26                   
                 855                 470              232.67                   
                 865                 470              290.96                   
                 875                 470              493.59                   
                 885                 470              421.41                   
                 895                 470              290.32                   
                 905                 470              239.55                   
                 915                 470              188.77                   
                 925                 470              228.43                   
                 935                 470              228.43                   
                 945                 470              204.20                   
                 955                 470              246.77                   
                 965                 470              168.20                   
                 975                 470              167.94                   
                 985                 470              167.69                   
                 995                 470              199.63                   
                1005                 470              231.81                   
                1015                 470              259.20                   
                1025                 470              250.29                   
                1035                 470              277.33                   
                1045                 470              214.66                   
                 720                 480              151.99                   
                 730                 480              141.20                   
                 740                 480              189.85                   
                 750                 480              202.14                   
                 760                 480              233.15                   
                 770                 480              217.91                   
                 780                 480              228.41                   
                 790                 480              168.81                   
                 800                 480              171.78                   
                 810                 480              174.74                   
                 820                 480              207.69                   
                 830                 480              207.69                   
                 840                 480              211.97                   
                 850                 480              215.19                   
                 860                 480              218.79                   
                 870                 480              196.01                   
                 880                 480              309.91                   
                 890                 480              264.21                   
                 900                 480              218.52                   
                 910                 480              218.52                   
                 920                 480              197.84                   
                 930                 480              178.94                   
                 940                 480              178.94                   
                 950                 480              236.39                   
                 960                 480              189.01                   
                 970                 480              166.27                   
                 980                 480              181.07                   
                 990                 480              201.91                   
                1000                 480              169.14                   
                1010                 480              209.66                   
                1020                 480              250.18                   
                1030                 480              198.74                   
                 735                 490              147.31                   
                 745                 490              178.01                   
                 755                 490              208.71                   
                 765                 490              184.92                   
                 775                 490              240.02                   
                 785                 490              217.70                   
                 795                 490              215.95                   
                 805                 490              214.11                   
                 815                 490              181.39                   
                 825                 490              181.39                   
                 835                 490              245.39                   
                 845                 490              218.19                   
                 855                 490              221.24                   
                 865                 490              197.49                   
                 875                 490              202.36                   
                 885                 490              174.84                   
                 895                 490              257.46                   
                 905                 490              480.81                   
                 915                 490              338.57                   
                 925                 490              278.00                   
                 935                 490              217.42                   
                 945                 490              217.42                   
                 955                 490              208.68                   
                 965                 490              222.46                   
                 975                 490              197.41                   
                 985                 490              142.62                   
                 995                 490              190.35                   
                1005                 490              238.07                   
                1015                 490              217.76                   
                 750                 500              175.84                   
                 760                 500              133.70                   
                 770                 500              190.30                   
                 780                 500              181.95                   
                 790                 500              193.00                   
                 800                 500              233.77                   
                 810                 500              281.30                   
                 820                 500              281.30                   
                 830                 500              229.64                   
                 840                 500              226.98                   
                 850                 500              229.64                   
                 860                 500              218.56                   
                 870                 500              244.15                   
                 880                 500              220.83                   
                 890                 500              145.37                   
                 900                 500              181.77                   
                 910                 500              472.13                   
                 920                 500              417.07                   
                 930                 500              362.01                   
                 940                 500              362.01                   
                 950                 500              294.64                   
                 960                 500              227.27                   
                 970                 500              154.66                   
                 980                 500              192.10                   
                 990                 500              229.53                   
                1000                 500              228.00                   
                   0                   
                   0                   
                   0                   
                   0                   
