159
# x y z
0	0	0
30	0	0
10	0	0
20	0	0
40	0	0
50	0	0
60	0	0
70	0	0
80	0	0
90	0	0
100	0	0
110	0	0
120	0	0
130	0	0
140	0	0
150	0	0
160	0	0
170	0	0
180	0	0
190	0	0
200	0	0
210	0	0
220	0	0
230	0	0
240	0	0
250	0	0
260	0	0
270	0	0
280	0	0
290	0	0
300	0	0
310	0	0
320	0	0
330	0	0
340	0	0
350	0	0
360	0	0
370	0	0
380	0	0
390	0	0
400	0	0
410	0	0
420	0	0
430	0	0
440	0	0
450	0	0
460	0	0
470	0	0
480	0	0
490	0	0
500	0	0
510	0	0
520	0	0
530	0	0
540	0	0
550	0	0
560	0	0
570	0	0
580	0	0
590	0	0
600	0	0
610	0	0
620	0	0
630	0	0
640	0	0
650	0	0
660	0	0
670	0	0
680	0	0
690	0	0
700	0	0
710	0	0
720	0	0
730	0	0
740	0	0
750	0	0
760	0	0
770	0	0
780	0	0
790	0	0
800	0	0
810	0	0
820	0	0
830	0	0
840	0	0
850	0	0
860	0	0
870	0	0
880	0	0
890	0	0
900	0	0
910	0	0
920	0	0
930	0	0
940	0	0
950	0	0
960	0	0
970	0	0
980	0	0
990	0	0
1000	0	0
1010	0	0
1020	0	0
1030	0	0
1040	0	0
1050	0	0
1060	0	0
1070	0	0
1080	0	0
1090	0	0
1100	0	0
1110	0	0
1120	0	0
1130	0	0
1140	0	0
1150	0	0
1160	0	0
1170	0	0
1180	0	0
1190	0	0
1200	0	0
1210	0	0
1220	0	0
1230	0	0
1240	0	0
1250	0	0
1260	0	0
1270	0	0
1280	0	0
1290	0	0
1300	0	0
1310	0	0
1320	0	0
1330	0	0
1340	0	0
1350	0	0
1360	0	0
1370	0	0
1380	0	0
1400	0	0
1430	0	0
1410	0	0
1420	0	0
1440	0	0
1450	0	0
1460	0	0
1470	0	0
1480	0	0
1490	0	0
1500	0	0
1510	0	0
1520	0	0
1530	0	0
1540	0	0
1550	0	0
1560	0	0
1570	0	0
1580	0	0
1590	0	0
4093
# a b m n rhoa k err ip iperr response residual
1	2	3	4	2.86130000000000e+02	6.28318530717959e+01	3.00000000000000e-02	0.00000000000000e+00	0.00000000000000e+00	2.88372515845475e+02	-2.60228304564188e-01
3	5	4	2	3.29540000000000e+02	6.28318530717959e+01	3.00000000000000e-02	0.00000000000000e+00	0.00000000000000e+00	3.17979785783661e+02	1.19033095292022e+00
4	6	2	5	3.56650000000000e+02	6.28318530717959e+01	3.00000000000000e-02	0.00000000000000e+00	0.00000000000000e+00	3.40806957862117e+02	1.51462325717387e+00
2	7	5	6	2.90180000000000e+02	6.28318530717959e+01	3.00000000000000e-02	0.00000000000000e+00	0.00000000000000e+00	2.93815917270996e+02	-4.15067313916732e-01
5	8	6	7	3.50570000000000e+02	6.28318530717959e+01	3.00000000000000e-02	0.00000000000000e+00	0.00000000000000e+00	3.73464213723001e+02	-2.10872618098558e+00
6	9	7	8	3.00330000000000e+02	6.28318530717959e+01	3.00000000000000e-02	0.00000000000000e+00	0.00000000000000e+00	3.05257523832700e+02	-5.42463022937500e-01
7	10	8	9	3.51460000000000e+02	6.28318530717959e+01	3.00000000000000e-02	0.00000000000000e+00	0.00000000000000e+00	3.49132245250246e+02	2.21504337340406e-01
8	11	9	10	3.55060000000000e+02	6.28318530717959e+01	3.00000000000000e-02	0.00000000000000e+00	0.00000000000000e+00	3.37275691639359e+02	1.71287057623190e+00
9	12	10	11	2.78820000000000e+02	6.28318530717959e+01	3.00000000000000e-02	0.00000000000000e+00	0.00000000000000e+00	2.74842680663527e+02	4.78918288915775e-01
10	13	11	12	2.42390000000000e+02	6.28318530717959e+01	3.00000000000000e-02	0.00000000000000e+00	0.00000000000000e+00	2.36554390140161e+02	8.12327942566900e-01
11	14	12	13	2.48800000000000e+02	6.28318530717959e+01	3.00000000000000e-02	0.00000000000000e+00	0.00000000000000e+00	2.70839437642317e+02	-2.82922678012586e+00
12	15	13	14	2.18440000000000e+02	6.28318530717959e+01	3.00000000000000e-02	0.00000000000000e+00	0.00000000000000e+00	2.49055146598404e+02	-4.37209889807123e+00
13	16	14	15	1.88090000000000e+02	6.28318530717959e+01	3.00000000000000e-02	0.00000000000000e+00	0.00000000000000e+00	1.92666419453034e+02	-8.01324173499710e-01
14	17	15	16	2.61340000000000e+02	6.28318530717959e+01	3.00000000000000e-02	0.00000000000000e+00	0.00000000000000e+00	2.54674552350522e+02	8.61192560493596e-01
15	18	16	17	3.10920000000000e+02	6.28318530717959e+01	3.00000000000000e-02	0.00000000000000e+00	0.00000000000000e+00	3.08407234117349e+02	2.70484867250283e-01
16	19	17	18	4.20730000000000e+02	6.28318530717959e+01	3.00000000000000e-02	0.00000000000000e+00	0.00000000000000e+00	4.20571983707512e+02	1.25215675549128e-02
17	20	18	19	5.30530000000000e+02	6.28318530717959e+01	3.00000000000000e-02	0.00000000000000e+00	0.00000000000000e+00	5.30717054031688e+02	-1.17505804713147e-02
18	21	19	20	6.28750000000000e+02	6.28318530717959e+01	3.00000000000000e-02	0.00000000000000e+00	0.00000000000000e+00	6.25297555506977e+02	1.83536538690158e-01
19	22	20	21	5.96210000000000e+02	6.28318530717959e+01	3.00000000000000e-02	0.00000000000000e+00	0.00000000000000e+00	5.91705558999787e+02	2.52793646549658e-01
20	23	21	22	6.37560000000000e+02	6.28318530717959e+01	3.00000000000000e-02	0.00000000000000e+00	0.00000000000000e+00	6.38055415103527e+02	-2.58915617026882e-02
21	24	22	23	5.76470000000000e+02	6.28318530717959e+01	3.00000000000000e-02	0.00000000000000e+00	0.00000000000000e+00	5.91007382776825e+02	-8.30173638082510e-01
22	25	23	24	5.46270000000000e+02	6.28318530717959e+01	3.00000000000000e-02	0.00000000000000e+00	0.00000000000000e+00	5.33042262044035e+02	8.17088236666752e-01
23	26	24	25	6.16160000000000e+02	6.28318530717959e+01	3.00000000000000e-02	0.00000000000000e+00	0.00000000000000e+00	6.09970572117212e+02	3.36531883124843e-01
24	27	25	26	7.62800000000000e+02	6.28318530717959e+01	3.00000000000000e-02	0.00000000000000e+00	0.00000000000000e+00	6.54033377919733e+02	5.12791623322905e+00
25	28	26	27	7.29470000000000e+02	6.28318530717959e+01	3.00000000000000e-02	0.00000000000000e+00	0.00000000000000e+00	6.15189284037585e+02	5.67960812281484e+00
26	29	27	28	5.89900000000000e+02	6.28318530717959e+01	3.00000000000000e-02	0.00000000000000e+00	0.00000000000000e+00	6.00119864036990e+02	-5.72545921668421e-01
27	30	28	29	4.31410000000000e+02	6.28318530717959e+01	3.00000000000000e-02	0.00000000000000e+00	0.00000000000000e+00	5.06155090759504e+02	-5.32614039242292e+00
28	31	29	30	4.45520000000000e+02	6.28318530717959e+01	3.00000000000000e-02	0.00000000000000e+00	0.00000000000000e+00	4.49516606385175e+02	-2.97688602501337e-01
29	32	30	31	2.95920000000000e+02	6.28318530717959e+01	3.00000000000000e-02	0.00000000000000e+00	0.00000000000000e+00	3.22155136116886e+02	-2.83146903933140e+00
30	33	31	32	2.64510000000000e+02	6.28318530717959e+01	3.00000000000000e-02	0.00000000000000e+00	0.00000000000000e+00	2.58879506685873e+02	7.17210982312455e-01
31	34	32	33	2.33110000000000e+02	6.28318530717959e+01	3.00000000000000e-02	0.00000000000000e+00	0.00000000000000e+00	2.49848288804036e+02	-2.31144812363793e+00
32	35	33	34	2.01860000000000e+02	6.28318530717959e+01	3.00000000000000e-02	0.00000000000000e+00	0.00000000000000e+00	2.05892285435612e+02	-6.59291933043231e-01
33	36	34	35	2.72690000000000e+02	6.28318530717959e+01	3.00000000000000e-02	0.00000000000000e+00	0.00000000000000e+00	2.48456039671485e+02	3.10232305627878e+00
34	37	35	36	3.05830000000000e+02	6.28318530717959e+01	3.00000000000000e-02	0.00000000000000e+00	0.00000000000000e+00	2.83483993093223e+02	2.52912440657254e+00
35	38	36	37	1.90570000000000e+02	6.28318530717959e+01	3.00000000000000e-02	0.00000000000000e+00	0.00000000000000e+00	2.10989473704869e+02	-3.39295544789013e+00
36	39	37	38	1.87370000000000e+02	6.28318530717959e+01	3.00000000000000e-02	0.00000000000000e+00	0.00000000000000e+00	1.85592060254822e+02	3.17807699093612e-01
37	40	38	39	1.33970000000000e+02	6.28318530717959e+01	3.00000000000000e-02	0.00000000000000e+00	0.00000000000000e+00	1.34049182689646e+02	-1.96957772835127e-02
38	41	39	40	1.34720000000000e+02	6.28318530717959e+01	3.00000000000000e-02	0.00000000000000e+00	0.00000000000000e+00	1.24979750373804e+02	2.50156077747397e+00
39	42	40	41	1.35470000000000e+02	6.28318530717959e+01	3.00000000000000e-02	0.00000000000000e+00	0.00000000000000e+00	1.39667768248894e+02	-1.01721016179533e+00
40	43	41	42	1.38520000000000e+02	6.28318530717959e+01	3.00000000000000e-02	0.00000000000000e+00	0.00000000000000e+00	1.46907060830119e+02	-1.95951426820358e+00
41	44	42	43	1.52840000000000e+02	6.28318530717959e+01	3.00000000000000e-02	0.00000000000000e+00	0.00000000000000e+00	1.56753424559986e+02	-8.42746798943939e-01
42	45	43	44	1.88550000000000e+02	6.28318530717959e+01	3.00000000000000e-02	0.00000000000000e+00	0.00000000000000e+00	1.99518093270764e+02	-1.88472338665730e+00
43	46	44	45	2.14920000000000e+02	6.28318530717959e+01	3.00000000000000e-02	0.00000000000000e+00	0.00000000000000e+00	2.12803597175100e+02	3.29873483922475e-01
44	47	45	46	2.63720000000000e+02	6.28318530717959e+01	3.00000000000000e-02	0.00000000000000e+00	0.00000000000000e+00	2.35211421543809e+02	3.81343861380309e+00
45	48	46	47	3.12510000000000e+02	6.28318530717959e+01	3.00000000000000e-02	0.00000000000000e+00	0.00000000000000e+00	3.09299284943738e+02	3.44236694317720e-01
46	49	47	48	2.73570000000000e+02	6.28318530717959e+01	3.00000000000000e-02	0.00000000000000e+00	0.00000000000000e+00	3.14358586366151e+02	-4.63255995037306e+00
47	50	48	49	2.83390000000000e+02	6.28318530717959e+01	3.00000000000000e-02	0.00000000000000e+00	0.00000000000000e+00	3.01932606133981e+02	-2.11265977185458e+00
48	51	49	50	3.27110000000000e+02	6.28318530717959e+01	3.00000000000000e-02	0.00000000000000e+00	0.00000000000000e+00	3.05329781910699e+02	2.29680203753701e+00
49	52	50	51	3.86900000000000e+02	6.28318530717959e+01	3.00000000000000e-02	0.00000000000000e+00	0.00000000000000e+00	3.46078723437624e+02	3.71666627140978e+00
50	53	51	52	3.18580000000000e+02	6.28318530717959e+01	3.00000000000000e-02	0.00000000000000e+00	0.00000000000000e+00	3.50336480935818e+02	-3.16734819650627e+00
51	54	52	53	2.50270000000000e+02	6.28318530717959e+01	3.00000000000000e-02	0.00000000000000e+00	0.00000000000000e+00	2.72649308381805e+02	-2.85486832116479e+00
52	55	53	54	3.71610000000000e+02	6.28318530717959e+01	3.00000000000000e-02	0.00000000000000e+00	0.00000000000000e+00	3.54156753237370e+02	1.60350987848989e+00
53	56	54	55	3.78770000000000e+02	6.28318530717959e+01	3.00000000000000e-02	0.00000000000000e+00	0.00000000000000e+00	3.52484224728226e+02	2.39744306677000e+00
54	57	55	56	3.99220000000000e+02	6.28318530717959e+01	3.00000000000000e-02	0.00000000000000e+00	0.00000000000000e+00	4.02164069330640e+02	-2.44916487869536e-01
55	58	56	57	3.20220000000000e+02	6.28318530717959e+01	3.00000000000000e-02	0.00000000000000e+00	0.00000000000000e+00	3.36792655184614e+02	-1.68197383032795e+00
56	59	57	58	2.41210000000000e+02	6.28318530717959e+01	3.00000000000000e-02	0.00000000000000e+00	0.00000000000000e+00	2.46173640093270e+02	-6.78973920293894e-01
57	60	58	59	1.99880000000000e+02	6.28318530717959e+01	3.00000000000000e-02	0.00000000000000e+00	0.00000000000000e+00	2.06969500691126e+02	-1.16180854258046e+00
58	61	59	60	1.58550000000000e+02	6.28318530717959e+01	3.00000000000000e-02	0.00000000000000e+00	0.00000000000000e+00	1.63784125348409e+02	-1.08264169643967e+00
59	62	60	61	2.36080000000000e+02	6.28318530717959e+01	3.00000000000000e-02	0.00000000000000e+00	0.00000000000000e+00	2.49908174742712e+02	-1.89742729089547e+00
60	63	61	62	1.68510000000000e+02	6.28318530717959e+01	3.00000000000000e-02	0.00000000000000e+00	0.00000000000000e+00	1.68065887908775e+02	8.79667587459683e-02
61	64	62	63	1.83200000000000e+02	6.28318530717959e+01	3.00000000000000e-02	0.00000000000000e+00	0.00000000000000e+00	1.86887918576474e+02	-6.64353967393409e-01
62	65	63	64	2.50950000000000e+02	6.28318530717959e+01	3.00000000000000e-02	0.00000000000000e+00	0.00000000000000e+00	2.43944655198335e+02	9.43744649786756e-01
63	66	64	65	3.41240000000000e+02	6.28318530717959e+01	3.00000000000000e-02	0.00000000000000e+00	0.00000000000000e+00	3.48226306792335e+02	-6.75551108353911e-01
64	67	65	66	3.09990000000000e+02	6.28318530717959e+01	3.00000000000000e-02	0.00000000000000e+00	0.00000000000000e+00	3.14169880499162e+02	-4.46460713763871e-01
65	68	66	67	4.38820000000000e+02	6.28318530717959e+01	3.00000000000000e-02	0.00000000000000e+00	0.00000000000000e+00	4.12889540139279e+02	2.03030687719104e+00
66	69	67	68	2.96410000000000e+02	6.28318530717959e+01	3.00000000000000e-02	0.00000000000000e+00	0.00000000000000e+00	2.83026140097239e+02	1.54014566106960e+00
67	70	68	69	3.11790000000000e+02	6.28318530717959e+01	3.00000000000000e-02	0.00000000000000e+00	0.00000000000000e+00	3.03470412357354e+02	9.01525554510544e-01
68	71	69	70	2.92580000000000e+02	6.28318530717959e+01	3.00000000000000e-02	0.00000000000000e+00	0.00000000000000e+00	3.03640071405095e+02	-1.23682969207544e+00
69	72	70	71	2.24110000000000e+02	6.28318530717959e+01	3.00000000000000e-02	0.00000000000000e+00	0.00000000000000e+00	2.30006034613622e+02	-8.65618109401141e-01
70	73	71	72	2.38770000000000e+02	6.28318530717959e+01	3.00000000000000e-02	0.00000000000000e+00	0.00000000000000e+00	2.28267599831267e+02	1.49940404296484e+00
71	74	72	73	2.53440000000000e+02	6.28318530717959e+01	3.00000000000000e-02	0.00000000000000e+00	0.00000000000000e+00	2.48395527538141e+02	6.70158793625960e-01
72	75	73	74	2.06670000000000e+02	6.28318530717959e+01	3.00000000000000e-02	0.00000000000000e+00	0.00000000000000e+00	2.14063564189749e+02	-1.17165605227809e+00
73	76	74	75	1.89590000000000e+02	6.28318530717959e+01	3.00000000000000e-02	0.00000000000000e+00	0.00000000000000e+00	1.95687283341159e+02	-1.05513487015193e+00
74	77	75	76	1.37700000000000e+02	6.28318530717959e+01	3.00000000000000e-02	0.00000000000000e+00	0.00000000000000e+00	1.38560482501771e+02	-2.07650711073123e-01
75	78	76	77	1.74880000000000e+02	6.28318530717959e+01	3.00000000000000e-02	0.00000000000000e+00	0.00000000000000e+00	1.72872617519684e+02	3.84833868617858e-01
76	79	77	78	2.12050000000000e+02	6.28318530717959e+01	3.00000000000000e-02	0.00000000000000e+00	0.00000000000000e+00	2.17678783307982e+02	-8.73280305938628e-01
77	80	78	79	2.66710000000000e+02	6.28318530717959e+01	3.00000000000000e-02	0.00000000000000e+00	0.00000000000000e+00	2.58144477814112e+02	1.08808353618943e+00
78	81	79	80	3.21370000000000e+02	6.28318530717959e+01	3.00000000000000e-02	0.00000000000000e+00	0.00000000000000e+00	3.52375498847801e+02	-3.07014192633028e+00
79	82	80	81	2.97370000000000e+02	6.28318530717959e+01	3.00000000000000e-02	0.00000000000000e+00	0.00000000000000e+00	3.42224617820279e+02	-4.68300480122092e+00
80	83	81	82	3.81710000000000e+02	6.28318530717959e+01	3.00000000000000e-02	0.00000000000000e+00	0.00000000000000e+00	3.37741582104760e+02	4.07933683045257e+00
81	84	82	83	4.66050000000000e+02	6.28318530717959e+01	3.00000000000000e-02	0.00000000000000e+00	0.00000000000000e+00	4.06243788980559e+02	4.57798265477768e+00
82	85	83	84	3.74820000000000e+02	6.28318530717959e+01	3.00000000000000e-02	0.00000000000000e+00	0.00000000000000e+00	3.73498789670698e+02	1.17704889091434e-01
83	86	84	85	3.47730000000000e+02	6.28318530717959e+01	3.00000000000000e-02	0.00000000000000e+00	0.00000000000000e+00	3.50847717427457e+02	-2.97531975747400e-01
84	87	85	86	3.81610000000000e+02	6.28318530717959e+01	3.00000000000000e-02	0.00000000000000e+00	0.00000000000000e+00	3.71472012864373e+02	8.97520628483110e-01
85	88	86	87	3.30020000000000e+02	6.28318530717959e+01	3.00000000000000e-02	0.00000000000000e+00	0.00000000000000e+00	3.26967594432240e+02	3.09739743122991e-01
86	89	87	88	3.53780000000000e+02	6.28318530717959e+01	3.00000000000000e-02	0.00000000000000e+00	0.00000000000000e+00	3.41822039574369e+02	1.14616671682111e+00
87	90	88	89	3.15160000000000e+02	6.28318530717959e+01	3.00000000000000e-02	0.00000000000000e+00	0.00000000000000e+00	3.04570025535131e+02	1.13931389165488e+00
88	91	89	90	4.57730000000000e+02	6.28318530717959e+01	3.00000000000000e-02	0.00000000000000e+00	0.00000000000000e+00	4.31191236109160e+02	1.99092652208088e+00
89	92	90	91	3.41290000000000e+02	6.28318530717959e+01	3.00000000000000e-02	0.00000000000000e+00	0.00000000000000e+00	3.52180794719094e+02	-1.04707031179145e+00
90	93	91	92	4.85680000000000e+02	6.28318530717959e+01	3.00000000000000e-02	0.00000000000000e+00	0.00000000000000e+00	5.39073928502473e+02	-3.47675831043697e+00
91	94	92	93	4.18320000000000e+02	6.28318530717959e+01	3.00000000000000e-02	0.00000000000000e+00	0.00000000000000e+00	4.38811216338334e+02	-1.59408665284767e+00
92	95	93	94	5.15840000000000e+02	6.28318530717959e+01	3.00000000000000e-02	0.00000000000000e+00	0.00000000000000e+00	4.61680958290758e+02	3.69741846058487e+00
93	96	94	95	4.52100000000000e+02	6.28318530717959e+01	3.00000000000000e-02	0.00000000000000e+00	0.00000000000000e+00	4.70873703877498e+02	-1.35621730416320e+00
94	97	95	96	3.88350000000000e+02	6.28318530717959e+01	3.00000000000000e-02	0.00000000000000e+00	0.00000000000000e+00	4.27365004191068e+02	-3.19104879907481e+00
95	98	96	97	5.25050000000000e+02	6.28318530717959e+01	3.00000000000000e-02	0.00000000000000e+00	0.00000000000000e+00	5.63020231419266e+02	-2.32740221224598e+00
96	99	97	98	4.85560000000000e+02	6.28318530717959e+01	3.00000000000000e-02	0.00000000000000e+00	0.00000000000000e+00	4.65975207235557e+02	1.37234782254930e+00
97	100	98	99	5.79940000000000e+02	6.28318530717959e+01	3.00000000000000e-02	0.00000000000000e+00	0.00000000000000e+00	5.29970429250682e+02	3.00344795968227e+00
98	101	99	100	6.74310000000000e+02	6.28318530717959e+01	3.00000000000000e-02	0.00000000000000e+00	0.00000000000000e+00	6.71083476816645e+02	1.59880333627912e-01
99	102	100	101	4.84360000000000e+02	6.28318530717959e+01	3.00000000000000e-02	0.00000000000000e+00	0.00000000000000e+00	5.30909190606592e+02	-3.05875196413693e+00
100	103	101	102	4.94090000000000e+02	6.28318530717959e+01	3.00000000000000e-02	0.00000000000000e+00	0.00000000000000e+00	4.87042992171666e+02	4.78842934313099e-01
101	104	102	103	4.62150000000000e+02	6.28318530717959e+01	3.00000000000000e-02	0.00000000000000e+00	0.00000000000000e+00	4.33124744328456e+02	2.16212446872817e+00
102	105	103	104	4.27640000000000e+02	6.28318530717959e+01	3.00000000000000e-02	0.00000000000000e+00	0.00000000000000e+00	4.35990795342198e+02	-6.44647046013939e-01
103	106	104	105	3.03220000000000e+02	6.28318530717959e+01	3.00000000000000e-02	0.00000000000000e+00	0.00000000000000e+00	3.38646985930614e+02	-3.68332035728951e+00
104	107	105	106	3.04410000000000e+02	6.28318530717959e+01	3.00000000000000e-02	0.00000000000000e+00	0.00000000000000e+00	2.96977869679718e+02	8.23928459850887e-01
105	108	106	107	2.31960000000000e+02	6.28318530717959e+01	3.00000000000000e-02	0.00000000000000e+00	0.00000000000000e+00	2.36947325595951e+02	-7.09097285173825e-01
106	109	107	108	2.66840000000000e+02	6.28318530717959e+01	3.00000000000000e-02	0.00000000000000e+00	0.00000000000000e+00	2.49988010442461e+02	2.17454231197515e+00
107	110	108	109	2.20110000000000e+02	6.28318530717959e+01	3.00000000000000e-02	0.00000000000000e+00	0.00000000000000e+00	2.18445750914154e+02	2.52990575131070e-01
108	111	109	110	2.62050000000000e+02	6.28318530717959e+01	3.00000000000000e-02	0.00000000000000e+00	0.00000000000000e+00	2.81338250247597e+02	-2.36741192367829e+00
109	112	110	111	1.91530000000000e+02	6.28318530717959e+01	3.00000000000000e-02	0.00000000000000e+00	0.00000000000000e+00	2.17940924178358e+02	-4.30598605808526e+00
110	113	111	112	2.39890000000000e+02	6.28318530717959e+01	3.00000000000000e-02	0.00000000000000e+00	0.00000000000000e+00	2.29370402155297e+02	1.49474371444747e+00
111	114	112	113	2.88260000000000e+02	6.28318530717959e+01	3.00000000000000e-02	0.00000000000000e+00	0.00000000000000e+00	2.84633343593956e+02	4.22033745364825e-01
112	115	113	114	3.67670000000000e+02	6.28318530717959e+01	3.00000000000000e-02	0.00000000000000e+00	0.00000000000000e+00	3.42667556285289e+02	2.34750144068352e+00
113	116	114	115	4.47090000000000e+02	6.28318530717959e+01	3.00000000000000e-02	0.00000000000000e+00	0.00000000000000e+00	4.53612279909806e+02	-4.82763584328438e-01
114	117	115	116	3.77640000000000e+02	6.28318530717959e+01	3.00000000000000e-02	0.00000000000000e+00	0.00000000000000e+00	3.79796296615954e+02	-1.89789552893208e-01
115	118	116	117	5.00930000000000e+02	6.28318530717959e+01	3.00000000000000e-02	0.00000000000000e+00	0.00000000000000e+00	4.95862532553375e+02	3.38921152103448e-01
116	119	117	118	4.54610000000000e+02	6.28318530717959e+01	3.00000000000000e-02	0.00000000000000e+00	0.00000000000000e+00	4.41452787993173e+02	9.78960989120440e-01
117	120	118	119	3.64200000000000e+02	6.28318530717959e+01	3.00000000000000e-02	0.00000000000000e+00	0.00000000000000e+00	3.69042192823290e+02	-4.40260463494309e-01
118	121	119	120	3.14550000000000e+02	6.28318530717959e+01	3.00000000000000e-02	0.00000000000000e+00	0.00000000000000e+00	3.14603537062617e+02	-5.67291973441186e-03
119	122	120	121	4.37060000000000e+02	6.28318530717959e+01	3.00000000000000e-02	0.00000000000000e+00	0.00000000000000e+00	4.34741346696725e+02	1.77307883201413e-01
120	123	121	122	3.14720000000000e+02	6.28318530717959e+01	3.00000000000000e-02	0.00000000000000e+00	0.00000000000000e+00	3.19696014244279e+02	-5.22907805757515e-01
121	124	122	123	3.52850000000000e+02	6.28318530717959e+01	3.00000000000000e-02	0.00000000000000e+00	0.00000000000000e+00	3.46368107141226e+02	6.18031148364887e-01
122	125	123	124	2.88580000000000e+02	6.28318530717959e+01	3.00000000000000e-02	0.00000000000000e+00	0.00000000000000e+00	2.83420250168456e+02	6.01385493176003e-01
123	126	124	125	2.36620000000000e+02	6.28318530717959e+01	3.00000000000000e-02	0.00000000000000e+00	0.00000000000000e+00	2.46947509249979e+02	-1.42401073534536e+00
124	127	125	126	1.84650000000000e+02	6.28318530717959e+01	3.00000000000000e-02	0.00000000000000e+00	0.00000000000000e+00	1.91752650735739e+02	-1.25813742561466e+00
125	128	126	127	1.75300000000000e+02	6.28318530717959e+01	3.00000000000000e-02	0.00000000000000e+00	0.00000000000000e+00	1.95675049922419e+02	-3.66521942976492e+00
126	129	127	128	1.65950000000000e+02	6.28318530717959e+01	3.00000000000000e-02	0.00000000000000e+00	0.00000000000000e+00	1.64066078509725e+02	3.80575791637157e-01
127	130	128	129	1.20230000000000e+02	6.28318530717959e+01	3.00000000000000e-02	0.00000000000000e+00	0.00000000000000e+00	1.16975229418519e+02	9.14812565844721e-01
128	131	129	130	1.66670000000000e+02	6.28318530717959e+01	3.00000000000000e-02	0.00000000000000e+00	0.00000000000000e+00	1.53276593980766e+02	2.79239054921163e+00
129	132	130	131	1.22160000000000e+02	6.28318530717959e+01	3.00000000000000e-02	0.00000000000000e+00	0.00000000000000e+00	1.30489267765978e+02	-2.19864410431221e+00
130	133	131	132	1.57690000000000e+02	6.28318530717959e+01	3.00000000000000e-02	0.00000000000000e+00	0.00000000000000e+00	1.60823298281674e+02	-6.55838521442072e-01
131	134	132	133	1.12510000000000e+02	6.28318530717959e+01	3.00000000000000e-02	0.00000000000000e+00	0.00000000000000e+00	1.20938844664538e+02	-2.40809650841631e+00
132	135	133	134	1.05180000000000e+02	6.28318530717959e+01	3.00000000000000e-02	0.00000000000000e+00	0.00000000000000e+00	1.00730102664900e+02	1.44094929994510e+00
133	136	134	135	9.78500000000000e+01	6.28318530717959e+01	3.00000000000000e-02	0.00000000000000e+00	0.00000000000000e+00	9.61427925031890e+01	5.86706186076095e-01
134	137	135	136	7.07100000000000e+01	6.28318530717959e+01	3.00000000000000e-02	0.00000000000000e+00	0.00000000000000e+00	7.05754386824458e+01	6.34938554154788e-02
135	138	136	137	6.43300000000000e+01	6.28318530717959e+01	3.00000000000000e-02	0.00000000000000e+00	0.00000000000000e+00	6.41209843437991e+01	1.08480207058588e-01
136	139	137	138	9.50400000000000e+01	6.28318530717959e+01	3.00000000000000e-02	0.00000000000000e+00	0.00000000000000e+00	9.15899458014159e+01	1.23254506506051e+00
140	141	142	143	1.25740000000000e+02	6.28318530717959e+01	3.00000000000000e-02	0.00000000000000e+00	0.00000000000000e+00	1.20659791789196e+02	1.37471118476746e+00
142	144	143	141	9.86400000000000e+01	6.28318530717959e+01	3.00000000000000e-02	0.00000000000000e+00	0.00000000000000e+00	1.05048023368298e+02	-2.09802507180396e+00
143	145	141	144	1.05100000000000e+02	6.28318530717959e+01	3.00000000000000e-02	0.00000000000000e+00	0.00000000000000e+00	1.11116234227437e+02	-1.85548435823334e+00
141	146	144	145	1.09410000000000e+02	6.28318530717959e+01	3.00000000000000e-02	0.00000000000000e+00	0.00000000000000e+00	9.64129574802363e+01	4.21538957365044e+00
144	147	145	146	8.57800000000000e+01	6.28318530717959e+01	3.00000000000000e-02	0.00000000000000e+00	0.00000000000000e+00	8.76046887688442e+01	-7.01621405990268e-01
145	148	146	147	7.10100000000000e+01	6.28318530717959e+01	3.00000000000000e-02	0.00000000000000e+00	0.00000000000000e+00	7.86806244438895e+01	-3.41920725987483e+00
146	149	147	148	5.62300000000000e+01	6.28318530717959e+01	3.00000000000000e-02	0.00000000000000e+00	0.00000000000000e+00	7.94069986947099e+01	-1.15045362278035e+01
147	150	148	149	8.43100000000000e+01	6.28318530717959e+01	3.00000000000000e-02	0.00000000000000e+00	0.00000000000000e+00	9.50481209061287e+01	-3.99609390913206e+00
148	151	149	150	8.38800000000000e+01	6.28318530717959e+01	3.00000000000000e-02	0.00000000000000e+00	0.00000000000000e+00	8.38269531196869e+01	2.10871328808556e-02
149	152	150	151	1.24000000000000e+02	6.28318530717959e+01	3.00000000000000e-02	0.00000000000000e+00	0.00000000000000e+00	1.43639714018663e+02	-4.90088709306535e+00
150	153	151	152	9.89000000000000e+01	6.28318530717959e+01	3.00000000000000e-02	0.00000000000000e+00	0.00000000000000e+00	1.87998683542290e+02	-2.14108573914046e+01
151	154	152	153	7.38000000000000e+01	6.28318530717959e+01	3.00000000000000e-02	0.00000000000000e+00	0.00000000000000e+00	9.74729653608685e+01	-9.27387765328529e+00
152	155	153	154	1.03490000000000e+02	6.28318530717959e+01	3.00000000000000e-02	0.00000000000000e+00	0.00000000000000e+00	1.55106957747474e+02	-1.34879979749282e+01
153	156	154	155	8.93700000000000e+01	6.28318530717959e+01	3.00000000000000e-02	0.00000000000000e+00	0.00000000000000e+00	1.28327179230202e+02	-1.20599345008722e+01
154	157	155	156	1.36900000000000e+02	6.28318530717959e+01	3.00000000000000e-02	0.00000000000000e+00	0.00000000000000e+00	1.63119885846863e+02	-5.84115647202511e+00
155	158	156	157	1.84430000000000e+02	6.28318530717959e+01	3.00000000000000e-02	0.00000000000000e+00	0.00000000000000e+00	2.23839044525691e+02	-6.45524182180225e+00
156	159	157	158	2.61250000000000e+02	6.28318530717959e+01	3.00000000000000e-02	0.00000000000000e+00	0.00000000000000e+00	2.41953600017503e+02	2.55772769902635e+00
1	7	4	5	3.38070000000000e+02	1.25663706143592e+02	3.00000000000000e-02	0.00000000000000e+00	0.00000000000000e+00	3.51211555909190e+02	-1.27119302189043e+00
3	8	2	6	4.55790000000000e+02	1.25663706143592e+02	3.00000000000000e-02	0.00000000000000e+00	0.00000000000000e+00	4.45990810171847e+02	7.24461010395494e-01
4	9	5	7	3.90970000000000e+02	1.25663706143592e+02	3.00000000000000e-02	0.00000000000000e+00	0.00000000000000e+00	3.99326071225322e+02	-7.04915785451998e-01
2	10	6	8	3.81190000000000e+02	1.25663706143592e+02	3.00000000000000e-02	0.00000000000000e+00	0.00000000000000e+00	3.99197900637007e+02	-1.53864490035911e+00
5	11	7	9	3.70510000000000e+02	1.25663706143592e+02	3.00000000000000e-02	0.00000000000000e+00	0.00000000000000e+00	3.96926394209621e+02	-2.29568078529327e+00
6	12	8	10	4.25150000000000e+02	1.25663706143592e+02	3.00000000000000e-02	0.00000000000000e+00	0.00000000000000e+00	4.49527419628729e+02	-1.85849348352711e+00
7	13	9	11	3.48130000000000e+02	1.25663706143592e+02	3.00000000000000e-02	0.00000000000000e+00	0.00000000000000e+00	3.42379386118333e+02	5.55217829130150e-01
8	14	10	12	2.48220000000000e+02	1.25663706143592e+02	3.00000000000000e-02	0.00000000000000e+00	0.00000000000000e+00	2.36266544286128e+02	1.64516190183566e+00
9	15	11	13	3.44430000000000e+02	1.25663706143592e+02	3.00000000000000e-02	0.00000000000000e+00	0.00000000000000e+00	3.47158884541300e+02	-2.63055963340323e-01
10	16	12	14	5.07490000000000e+02	1.25663706143592e+02	3.00000000000000e-02	0.00000000000000e+00	0.00000000000000e+00	4.52811477333994e+02	3.80003774171701e+00
11	17	13	15	3.68530000000000e+02	1.25663706143592e+02	3.00000000000000e-02	0.00000000000000e+00	0.00000000000000e+00	3.36901456873805e+02	2.99105482292846e+00
12	18	14	16	2.55380000000000e+02	1.25663706143592e+02	3.00000000000000e-02	0.00000000000000e+00	0.00000000000000e+00	2.59393567471224e+02	-5.19794728584611e-01
13	19	15	17	3.17870000000000e+02	1.25663706143592e+02	3.00000000000000e-02	0.00000000000000e+00	0.00000000000000e+00	3.40797024880649e+02	-2.32148569805268e+00
14	20	16	18	4.29180000000000e+02	1.25663706143592e+02	3.00000000000000e-02	0.00000000000000e+00	0.00000000000000e+00	3.98112980117681e+02	2.50468589016197e+00
15	21	17	19	4.38470000000000e+02	1.25663706143592e+02	3.00000000000000e-02	0.00000000000000e+00	0.00000000000000e+00	4.41294370855603e+02	-2.14025531709972e-01
16	22	18	20	5.11010000000000e+02	1.25663706143592e+02	3.00000000000000e-02	0.00000000000000e+00	0.00000000000000e+00	5.20806299299956e+02	-6.32967558912778e-01
17	23	19	21	4.91280000000000e+02	1.25663706143592e+02	3.00000000000000e-02	0.00000000000000e+00	0.00000000000000e+00	4.87554127052780e+02	2.53763863158104e-01
18	24	20	22	5.66790000000000e+02	1.25663706143592e+02	3.00000000000000e-02	0.00000000000000e+00	0.00000000000000e+00	5.70652953095635e+02	-2.26412406704609e-01
19	25	21	23	6.57330000000000e+02	1.25663706143592e+02	3.00000000000000e-02	0.00000000000000e+00	0.00000000000000e+00	6.83156474926134e+02	-1.28459190988102e+00
20	26	22	24	6.75460000000000e+02	1.25663706143592e+02	3.00000000000000e-02	0.00000000000000e+00	0.00000000000000e+00	6.91979795204187e+02	-8.05427241954959e-01
21	27	23	25	5.74350000000000e+02	1.25663706143592e+02	3.00000000000000e-02	0.00000000000000e+00	0.00000000000000e+00	5.94557480834325e+02	-1.15261441866252e+00
22	28	24	26	6.80330000000000e+02	1.25663706143592e+02	3.00000000000000e-02	0.00000000000000e+00	0.00000000000000e+00	6.59551388280125e+02	1.03393617960309e+00
23	29	25	27	5.63610000000000e+02	1.25663706143592e+02	3.00000000000000e-02	0.00000000000000e+00	0.00000000000000e+00	6.19426245065011e+02	-3.14770384830233e+00
24	30	26	28	5.89560000000000e+02	1.25663706143592e+02	3.00000000000000e-02	0.00000000000000e+00	0.00000000000000e+00	6.22334220220533e+02	-1.80335946679951e+00
25	31	27	29	5.16320000000000e+02	1.25663706143592e+02	3.00000000000000e-02	0.00000000000000e+00	0.00000000000000e+00	5.84836946068668e+02	-4.15354518027738e+00
26	32	28	30	6.37750000000000e+02	1.25663706143592e+02	3.00000000000000e-02	0.00000000000000e+00	0.00000000000000e+00	5.98658442828678e+02	2.10850446151272e+00
27	33	29	31	4.85730000000000e+02	1.25663706143592e+02	3.00000000000000e-02	0.00000000000000e+00	0.00000000000000e+00	4.86851841692311e+02	-7.68978775017952e-02
28	34	30	32	3.57490000000000e+02	1.25663706143592e+02	3.00000000000000e-02	0.00000000000000e+00	0.00000000000000e+00	3.76238836463219e+02	-1.70389184594629e+00
29	35	31	33	2.99210000000000e+02	1.25663706143592e+02	3.00000000000000e-02	0.00000000000000e+00	0.00000000000000e+00	2.77639833449823e+02	2.49403191362235e+00
30	36	32	34	2.40940000000000e+02	1.25663706143592e+02	3.00000000000000e-02	0.00000000000000e+00	0.00000000000000e+00	2.29478615800960e+02	1.62460306724167e+00
31	37	33	35	2.18090000000000e+02	1.25663706143592e+02	3.00000000000000e-02	0.00000000000000e+00	0.00000000000000e+00	2.19375785765249e+02	-1.95945147349056e-01
32	38	34	36	2.22290000000000e+02	1.25663706143592e+02	3.00000000000000e-02	0.00000000000000e+00	0.00000000000000e+00	2.25756906840776e+02	-5.15865040424964e-01
33	39	35	37	2.76720000000000e+02	1.25663706143592e+02	3.00000000000000e-02	0.00000000000000e+00	0.00000000000000e+00	2.71150372130380e+02	6.77753964253055e-01
34	40	36	38	1.99300000000000e+02	1.25663706143592e+02	3.00000000000000e-02	0.00000000000000e+00	0.00000000000000e+00	2.13305772325870e+02	-2.26384866327809e+00
35	41	37	39	1.64040000000000e+02	1.25663706143592e+02	3.00000000000000e-02	0.00000000000000e+00	0.00000000000000e+00	1.55799919194259e+02	1.71792285792677e+00
36	42	38	40	1.28790000000000e+02	1.25663706143592e+02	3.00000000000000e-02	0.00000000000000e+00	0.00000000000000e+00	1.32709675095483e+02	-9.99355910407740e-01
37	43	39	41	1.51050000000000e+02	1.25663706143592e+02	3.00000000000000e-02	0.00000000000000e+00	0.00000000000000e+00	1.60832159733449e+02	-2.09168090858413e+00
38	44	40	42	1.83650000000000e+02	1.25663706143592e+02	3.00000000000000e-02	0.00000000000000e+00	0.00000000000000e+00	1.87571741650463e+02	-7.04320736646924e-01
39	45	41	43	1.77740000000000e+02	1.25663706143592e+02	3.00000000000000e-02	0.00000000000000e+00	0.00000000000000e+00	1.89713506654089e+02	-2.17310887234339e+00
40	46	42	44	2.07250000000000e+02	1.25663706143592e+02	3.00000000000000e-02	0.00000000000000e+00	0.00000000000000e+00	2.03678712816923e+02	5.79399295346406e-01
41	47	43	45	2.05580000000000e+02	1.25663706143592e+02	3.00000000000000e-02	0.00000000000000e+00	0.00000000000000e+00	1.99762237366288e+02	9.56913546807166e-01
42	48	44	46	1.69940000000000e+02	1.25663706143592e+02	3.00000000000000e-02	0.00000000000000e+00	0.00000000000000e+00	1.69198776416145e+02	1.45707267082932e-01
43	49	45	47	2.77820000000000e+02	1.25663706143592e+02	3.00000000000000e-02	0.00000000000000e+00	0.00000000000000e+00	2.61266873774031e+02	2.04770107224149e+00
44	50	46	48	3.85710000000000e+02	1.25663706143592e+02	3.00000000000000e-02	0.00000000000000e+00	0.00000000000000e+00	3.83193503620009e+02	2.18189959539602e-01
45	51	47	49	3.06260000000000e+02	1.25663706143592e+02	3.00000000000000e-02	0.00000000000000e+00	0.00000000000000e+00	2.99475552947084e+02	7.46720879441506e-01
46	52	48	50	2.13810000000000e+02	1.25663706143592e+02	3.00000000000000e-02	0.00000000000000e+00	0.00000000000000e+00	2.07739331938943e+02	9.60122941307044e-01
47	53	49	51	2.99180000000000e+02	1.25663706143592e+02	3.00000000000000e-02	0.00000000000000e+00	0.00000000000000e+00	3.12887669688191e+02	-1.49329481315554e+00
48	54	50	52	4.29680000000000e+02	1.25663706143592e+02	3.00000000000000e-02	0.00000000000000e+00	0.00000000000000e+00	4.08520783006106e+02	1.68326520664562e+00
49	55	51	53	3.73500000000000e+02	1.25663706143592e+02	3.00000000000000e-02	0.00000000000000e+00	0.00000000000000e+00	3.54856163204241e+02	1.70684904250695e+00
50	56	52	54	2.71880000000000e+02	1.25663706143592e+02	3.00000000000000e-02	0.00000000000000e+00	0.00000000000000e+00	2.86014812674650e+02	-1.68942698563113e+00
51	57	53	55	2.99600000000000e+02	1.25663706143592e+02	3.00000000000000e-02	0.00000000000000e+00	0.00000000000000e+00	3.07778291429617e+02	-8.97714636853338e-01
52	58	54	56	3.92850000000000e+02	1.25663706143592e+02	3.00000000000000e-02	0.00000000000000e+00	0.00000000000000e+00	3.65248311748031e+02	2.42834770612284e+00
53	59	55	57	4.08120000000000e+02	1.25663706143592e+02	3.00000000000000e-02	0.00000000000000e+00	0.00000000000000e+00	3.93488601380606e+02	1.21697162119239e+00
54	60	56	58	2.97170000000000e+02	1.25663706143592e+02	3.00000000000000e-02	0.00000000000000e+00	0.00000000000000e+00	2.96943310700077e+02	2.54372700562537e-02
55	61	57	59	2.64360000000000e+02	1.25663706143592e+02	3.00000000000000e-02	0.00000000000000e+00	0.00000000000000e+00	2.30683221744144e+02	4.54221252203265e+00
56	62	58	60	2.31550000000000e+02	1.25663706143592e+02	3.00000000000000e-02	0.00000000000000e+00	0.00000000000000e+00	2.29758687858166e+02	2.58875266897629e-01
57	63	59	61	3.39610000000000e+02	1.25663706143592e+02	3.00000000000000e-02	0.00000000000000e+00	0.00000000000000e+00	3.31822203638628e+02	7.73286871723696e-01
58	64	60	62	2.78710000000000e+02	1.25663706143592e+02	3.00000000000000e-02	0.00000000000000e+00	0.00000000000000e+00	2.76393861928235e+02	2.78164342628558e-01
59	65	61	63	1.98110000000000e+02	1.25663706143592e+02	3.00000000000000e-02	0.00000000000000e+00	0.00000000000000e+00	2.14348235335644e+02	-2.62598427977746e+00
60	66	62	64	2.14160000000000e+02	1.25663706143592e+02	3.00000000000000e-02	0.00000000000000e+00	0.00000000000000e+00	2.21056736926185e+02	-1.05653325098007e+00
61	67	63	65	3.16720000000000e+02	1.25663706143592e+02	3.00000000000000e-02	0.00000000000000e+00	0.00000000000000e+00	3.22085840022258e+02	-5.59999704647011e-01
62	68	64	66	3.37680000000000e+02	1.25663706143592e+02	3.00000000000000e-02	0.00000000000000e+00	0.00000000000000e+00	3.44095550589867e+02	-6.27356022423194e-01
63	69	65	67	3.68220000000000e+02	1.25663706143592e+02	3.00000000000000e-02	0.00000000000000e+00	0.00000000000000e+00	3.37482329513434e+02	2.90558112281275e+00
64	70	66	68	2.63630000000000e+02	1.25663706143592e+02	3.00000000000000e-02	0.00000000000000e+00	0.00000000000000e+00	2.61830932825503e+02	2.28253468134406e-01
65	71	67	69	2.64320000000000e+02	1.25663706143592e+02	3.00000000000000e-02	0.00000000000000e+00	0.00000000000000e+00	2.79549692590904e+02	-1.86731924941673e+00
66	72	68	70	3.84770000000000e+02	1.25663706143592e+02	3.00000000000000e-02	0.00000000000000e+00	0.00000000000000e+00	3.88097678479483e+02	-2.87043447467017e-01
67	73	69	71	3.16530000000000e+02	1.25663706143592e+02	3.00000000000000e-02	0.00000000000000e+00	0.00000000000000e+00	3.51367866247229e+02	-3.48052342690366e+00
68	74	70	72	2.48290000000000e+02	1.25663706143592e+02	3.00000000000000e-02	0.00000000000000e+00	0.00000000000000e+00	2.46419140184544e+02	2.52116995932343e-01
69	75	71	73	2.56570000000000e+02	1.25663706143592e+02	3.00000000000000e-02	0.00000000000000e+00	0.00000000000000e+00	2.64884871430567e+02	-1.06312507640579e+00
70	76	72	74	3.22490000000000e+02	1.25663706143592e+02	3.00000000000000e-02	0.00000000000000e+00	0.00000000000000e+00	3.21495019339128e+02	1.03002546406413e-01
71	77	73	75	3.09530000000000e+02	1.25663706143592e+02	3.00000000000000e-02	0.00000000000000e+00	0.00000000000000e+00	3.18532730996167e+02	-9.55673928361881e-01
72	78	74	76	2.30340000000000e+02	1.25663706143592e+02	3.00000000000000e-02	0.00000000000000e+00	0.00000000000000e+00	2.40193850234570e+02	-1.39632761301044e+00
73	79	75	77	1.91460000000000e+02	1.25663706143592e+02	3.00000000000000e-02	0.00000000000000e+00	0.00000000000000e+00	2.06698908441198e+02	-2.55280920903968e+00
74	80	76	78	2.78910000000000e+02	1.25663706143592e+02	3.00000000000000e-02	0.00000000000000e+00	0.00000000000000e+00	2.90678658841004e+02	-1.37764142448153e+00
75	81	77	79	3.42060000000000e+02	1.25663706143592e+02	3.00000000000000e-02	0.00000000000000e+00	0.00000000000000e+00	3.60262220033032e+02	-1.72819983375826e+00
76	82	78	80	4.45540000000000e+02	1.25663706143592e+02	3.00000000000000e-02	0.00000000000000e+00	0.00000000000000e+00	4.66847187856706e+02	-1.55716512067189e+00
77	83	79	81	5.39590000000000e+02	1.25663706143592e+02	3.00000000000000e-02	0.00000000000000e+00	0.00000000000000e+00	5.06142185427906e+02	2.13306544105706e+00
78	84	80	82	4.37150000000000e+02	1.25663706143592e+02	3.00000000000000e-02	0.00000000000000e+00	0.00000000000000e+00	4.48357738826862e+02	-8.43835076812915e-01
79	85	81	83	4.34460000000000e+02	1.25663706143592e+02	3.00000000000000e-02	0.00000000000000e+00	0.00000000000000e+00	4.51460007021310e+02	-1.27943034263665e+00
80	86	82	84	5.49690000000000e+02	1.25663706143592e+02	3.00000000000000e-02	0.00000000000000e+00	0.00000000000000e+00	5.57254650106568e+02	-4.55594467044396e-01
81	87	83	85	5.61090000000000e+02	1.25663706143592e+02	3.00000000000000e-02	0.00000000000000e+00	0.00000000000000e+00	5.57244207277356e+02	2.29258114882806e-01
82	88	84	86	5.50250000000000e+02	1.25663706143592e+02	3.00000000000000e-02	0.00000000000000e+00	0.00000000000000e+00	5.67411385667546e+02	-1.02372893843607e+00
83	89	85	87	6.11590000000000e+02	1.25663706143592e+02	3.00000000000000e-02	0.00000000000000e+00	0.00000000000000e+00	6.18977701255104e+02	-4.00237494996514e-01
84	90	86	88	5.17040000000000e+02	1.25663706143592e+02	3.00000000000000e-02	0.00000000000000e+00	0.00000000000000e+00	5.45105883551599e+02	-1.76199388614672e+00
85	91	87	89	4.50550000000000e+02	1.25663706143592e+02	3.00000000000000e-02	0.00000000000000e+00	0.00000000000000e+00	4.77465653391988e+02	-1.93410561945043e+00
86	92	88	90	4.54190000000000e+02	1.25663706143592e+02	3.00000000000000e-02	0.00000000000000e+00	0.00000000000000e+00	4.67102651548885e+02	-9.34447713830059e-01
87	93	89	91	5.50560000000000e+02	1.25663706143592e+02	3.00000000000000e-02	0.00000000000000e+00	0.00000000000000e+00	5.52248396046252e+02	-1.02066528297495e-01
88	94	90	92	6.45930000000000e+02	1.25663706143592e+02	3.00000000000000e-02	0.00000000000000e+00	0.00000000000000e+00	6.36683010514760e+02	4.80641192317884e-01
89	95	91	93	6.78690000000000e+02	1.25663706143592e+02	3.00000000000000e-02	0.00000000000000e+00	0.00000000000000e+00	6.63262491806052e+02	7.66454749191977e-01
90	96	92	94	4.93140000000000e+02	1.25663706143592e+02	3.00000000000000e-02	0.00000000000000e+00	0.00000000000000e+00	5.12278447933689e+02	-1.26917371473946e+00
91	97	93	95	4.62680000000000e+02	1.25663706143592e+02	3.00000000000000e-02	0.00000000000000e+00	0.00000000000000e+00	4.65202751949312e+02	-1.81255527533993e-01
92	98	94	96	5.37130000000000e+02	1.25663706143592e+02	3.00000000000000e-02	0.00000000000000e+00	0.00000000000000e+00	5.17674849458915e+02	1.22976031494003e+00
93	99	95	97	7.04470000000000e+02	1.25663706143592e+02	3.00000000000000e-02	0.00000000000000e+00	0.00000000000000e+00	6.27157364939670e+02	3.87494190440059e+00
94	100	96	98	5.20690000000000e+02	1.25663706143592e+02	3.00000000000000e-02	0.00000000000000e+00	0.00000000000000e+00	4.97171657131828e+02	1.54065006734700e+00
95	101	97	99	4.00350000000000e+02	1.25663706143592e+02	3.00000000000000e-02	0.00000000000000e+00	0.00000000000000e+00	4.00402067950750e+02	-4.33492070831913e-03
96	102	98	100	6.02890000000000e+02	1.25663706143592e+02	3.00000000000000e-02	0.00000000000000e+00	0.00000000000000e+00	5.63220911081978e+02	2.26876085509457e+00
97	103	99	101	5.60260000000000e+02	1.25663706143592e+02	3.00000000000000e-02	0.00000000000000e+00	0.00000000000000e+00	6.36034144347363e+02	-4.22837620945392e+00
98	104	100	102	4.34760000000000e+02	1.25663706143592e+02	3.00000000000000e-02	0.00000000000000e+00	0.00000000000000e+00	4.54566046304799e+02	-1.48496882557800e+00
99	105	101	103	3.09250000000000e+02	1.25663706143592e+02	3.00000000000000e-02	0.00000000000000e+00	0.00000000000000e+00	3.40114816741471e+02	-3.17110818764969e+00
100	106	102	104	4.17720000000000e+02	1.25663706143592e+02	3.00000000000000e-02	0.00000000000000e+00	0.00000000000000e+00	4.34059801021324e+02	-1.27903211228502e+00
101	107	103	105	5.59620000000000e+02	1.25663706143592e+02	3.00000000000000e-02	0.00000000000000e+00	0.00000000000000e+00	4.74129519722233e+02	5.52591497460477e+00
102	108	104	106	4.07420000000000e+02	1.25663706143592e+02	3.00000000000000e-02	0.00000000000000e+00	0.00000000000000e+00	4.08061538209596e+02	-5.24465862098644e-02
103	109	105	107	3.24180000000000e+02	1.25663706143592e+02	3.00000000000000e-02	0.00000000000000e+00	0.00000000000000e+00	3.02503714928384e+02	2.30684529778505e+00
104	110	106	108	2.40940000000000e+02	1.25663706143592e+02	3.00000000000000e-02	0.00000000000000e+00	0.00000000000000e+00	2.42467137481944e+02	-2.10608193913261e-01
105	111	107	109	2.12660000000000e+02	1.25663706143592e+02	3.00000000000000e-02	0.00000000000000e+00	0.00000000000000e+00	2.38018295152221e+02	-3.75509649605468e+00
106	112	108	110	3.11810000000000e+02	1.25663706143592e+02	3.00000000000000e-02	0.00000000000000e+00	0.00000000000000e+00	3.16457454626152e+02	-4.93159334540305e-01
107	113	109	111	3.61970000000000e+02	1.25663706143592e+02	3.00000000000000e-02	0.00000000000000e+00	0.00000000000000e+00	3.58987851090477e+02	2.75759617379527e-01
108	114	110	112	2.87590000000000e+02	1.25663706143592e+02	3.00000000000000e-02	0.00000000000000e+00	0.00000000000000e+00	2.79619591612282e+02	9.36859222628457e-01
109	115	111	113	2.53150000000000e+02	1.25663706143592e+02	3.00000000000000e-02	0.00000000000000e+00	0.00000000000000e+00	2.49806313460939e+02	4.43210899360598e-01
110	116	112	114	3.31550000000000e+02	1.25663706143592e+02	3.00000000000000e-02	0.00000000000000e+00	0.00000000000000e+00	3.30413901593876e+02	1.14417067039489e-01
111	117	113	115	3.92420000000000e+02	1.25663706143592e+02	3.00000000000000e-02	0.00000000000000e+00	0.00000000000000e+00	3.96903963486480e+02	-3.78721701858176e-01
112	118	114	116	3.42140000000000e+02	1.25663706143592e+02	3.00000000000000e-02	0.00000000000000e+00	0.00000000000000e+00	3.52061749491384e+02	-9.52885829342342e-01
113	119	115	117	4.58050000000000e+02	1.25663706143592e+02	3.00000000000000e-02	0.00000000000000e+00	0.00000000000000e+00	4.56306643225905e+02	1.27110057806738e-01
114	120	116	118	5.60970000000000e+02	1.25663706143592e+02	3.00000000000000e-02	0.00000000000000e+00	0.00000000000000e+00	5.71500375405454e+02	-6.19923731836843e-01
115	121	117	119	5.21240000000000e+02	1.25663706143592e+02	3.00000000000000e-02	0.00000000000000e+00	0.00000000000000e+00	4.92447395803117e+02	1.89409813070875e+00
116	122	118	120	3.56590000000000e+02	1.25663706143592e+02	3.00000000000000e-02	0.00000000000000e+00	0.00000000000000e+00	3.61595004176595e+02	-4.64605004274106e-01
117	123	119	121	4.48230000000000e+02	1.25663706143592e+02	3.00000000000000e-02	0.00000000000000e+00	0.00000000000000e+00	4.58575713505202e+02	-7.60630586211016e-01
118	124	120	122	4.93240000000000e+02	1.25663706143592e+02	3.00000000000000e-02	0.00000000000000e+00	0.00000000000000e+00	4.87252307843617e+02	4.07126538624336e-01
119	125	121	123	3.94780000000000e+02	1.25663706143592e+02	3.00000000000000e-02	0.00000000000000e+00	0.00000000000000e+00	3.86898561273594e+02	6.72203487181970e-01
120	126	122	124	3.80900000000000e+02	1.25663706143592e+02	3.00000000000000e-02	0.00000000000000e+00	0.00000000000000e+00	3.59081927834560e+02	1.96620999313915e+00
121	127	123	125	3.55160000000000e+02	1.25663706143592e+02	3.00000000000000e-02	0.00000000000000e+00	0.00000000000000e+00	3.52148297575053e+02	2.83866845293298e-01
122	128	124	126	2.87050000000000e+02	1.25663706143592e+02	3.00000000000000e-02	0.00000000000000e+00	0.00000000000000e+00	2.80560611371417e+02	7.62221055765740e-01
123	129	125	127	2.85380000000000e+02	1.25663706143592e+02	3.00000000000000e-02	0.00000000000000e+00	0.00000000000000e+00	2.84742913282900e+02	7.44970330005757e-02
124	130	126	128	2.33790000000000e+02	1.25663706143592e+02	3.00000000000000e-02	0.00000000000000e+00	0.00000000000000e+00	2.66818682506304e+02	-4.40486864842473e+00
125	131	127	129	1.76890000000000e+02	1.25663706143592e+02	3.00000000000000e-02	0.00000000000000e+00	0.00000000000000e+00	1.67967478880134e+02	1.72525626284183e+00
126	132	128	130	1.19990000000000e+02	1.25663706143592e+02	3.00000000000000e-02	0.00000000000000e+00	0.00000000000000e+00	1.24211531279556e+02	-1.15258678847236e+00
127	133	129	131	1.52550000000000e+02	1.25663706143592e+02	3.00000000000000e-02	0.00000000000000e+00	0.00000000000000e+00	1.59040860301340e+02	-1.38895803567897e+00
128	134	130	132	1.68730000000000e+02	1.25663706143592e+02	3.00000000000000e-02	0.00000000000000e+00	0.00000000000000e+00	1.60275281730710e+02	1.71356521809149e+00
129	135	131	133	1.40630000000000e+02	1.25663706143592e+02	3.00000000000000e-02	0.00000000000000e+00	0.00000000000000e+00	1.41075528445105e+02	-1.05436060372751e-01
130	136	132	134	1.39770000000000e+02	1.25663706143592e+02	3.00000000000000e-02	0.00000000000000e+00	0.00000000000000e+00	1.28694274358759e+02	2.75195297204321e+00
131	137	133	135	1.19750000000000e+02	1.25663706143592e+02	3.00000000000000e-02	0.00000000000000e+00	0.00000000000000e+00	1.14749519004167e+02	1.42181930146596e+00
132	138	134	136	1.11760000000000e+02	1.25663706143592e+02	3.00000000000000e-02	0.00000000000000e+00	0.00000000000000e+00	1.14525515076696e+02	-8.14797410614136e-01
133	139	135	137	9.59900000000000e+01	1.25663706143592e+02	3.00000000000000e-02	0.00000000000000e+00	0.00000000000000e+00	1.06352801202313e+02	-3.41726204636338e+00
135	140	137	139	1.24120000000000e+02	1.25663706143592e+02	3.00000000000000e-02	0.00000000000000e+00	0.00000000000000e+00	1.21649453401026e+02	6.70175452351973e-01
137	143	139	140	1.32440000000000e+02	1.25663706143592e+02	3.00000000000000e-02	0.00000000000000e+00	0.00000000000000e+00	1.31046280965664e+02	3.52638735193948e-01
139	144	140	143	9.89500000000000e+01	1.25663706143592e+02	3.00000000000000e-02	0.00000000000000e+00	0.00000000000000e+00	1.37323544048150e+02	-1.09241701629809e+01
140	146	143	144	1.21260000000000e+02	1.25663706143592e+02	3.00000000000000e-02	0.00000000000000e+00	0.00000000000000e+00	1.23131824879008e+02	-5.10617593395472e-01
142	147	141	145	1.43350000000000e+02	1.25663706143592e+02	3.00000000000000e-02	0.00000000000000e+00	0.00000000000000e+00	1.27369322124282e+02	3.93994259468746e+00
143	148	144	146	1.82100000000000e+02	1.25663706143592e+02	3.00000000000000e-02	0.00000000000000e+00	0.00000000000000e+00	1.39171491983696e+02	8.96163529250377e+00
141	149	145	147	1.60890000000000e+02	1.25663706143592e+02	3.00000000000000e-02	0.00000000000000e+00	0.00000000000000e+00	1.44061269653761e+02	3.68274029575986e+00
144	150	146	148	1.53160000000000e+02	1.25663706143592e+02	3.00000000000000e-02	0.00000000000000e+00	0.00000000000000e+00	1.63466305411337e+02	-2.17079197930277e+00
145	151	147	149	1.11230000000000e+02	1.25663706143592e+02	3.00000000000000e-02	0.00000000000000e+00	0.00000000000000e+00	1.30187294238777e+02	-5.24580029723104e+00
146	152	148	150	1.14050000000000e+02	1.25663706143592e+02	3.00000000000000e-02	0.00000000000000e+00	0.00000000000000e+00	1.01379999968288e+02	3.92537053330001e+00
147	153	149	151	1.53770000000000e+02	1.25663706143592e+02	3.00000000000000e-02	0.00000000000000e+00	0.00000000000000e+00	1.54979041466567e+02	-2.61063730145317e-01
148	154	150	152	1.59599000000000e+03	1.25663706143592e+02	3.00000000000000e-02	0.00000000000000e+00	0.00000000000000e+00	3.21472640098031e+02	5.34112357684432e+01
149	155	151	153	8.53840000000000e+02	1.25663706143592e+02	3.00000000000000e-02	0.00000000000000e+00	0.00000000000000e+00	2.45751638168880e+02	4.15140799201058e+01
150	156	152	154	4.80960000000000e+02	1.25663706143592e+02	3.00000000000000e-02	0.00000000000000e+00	0.00000000000000e+00	2.12052715521145e+02	2.72983068228099e+01
151	157	153	155	2.92060000000000e+02	1.25663706143592e+02	3.00000000000000e-02	0.00000000000000e+00	0.00000000000000e+00	1.41887414407319e+02	2.40641791258111e+01
152	158	154	156	2.34980000000000e+02	1.25663706143592e+02	3.00000000000000e-02	0.00000000000000e+00	0.00000000000000e+00	2.35027707375432e+02	-6.76689266253897e-03
153	159	155	157	3.44980000000000e+02	1.25663706143592e+02	3.00000000000000e-02	0.00000000000000e+00	0.00000000000000e+00	3.89581206073838e+02	-4.05286290793893e+00
1	10	2	7	4.54980000000000e+02	1.88495559215388e+02	3.00000000000000e-02	0.00000000000000e+00	0.00000000000000e+00	4.11938345777966e+02	3.31265899864874e+00
3	11	5	8	4.87970000000000e+02	1.88495559215388e+02	3.00000000000000e-02	0.00000000000000e+00	0.00000000000000e+00	4.59883388298659e+02	1.97603249688469e+00
4	12	6	9	4.82580000000000e+02	1.88495559215388e+02	3.00000000000000e-02	0.00000000000000e+00	0.00000000000000e+00	4.77720708540250e+02	3.37348005810837e-01
2	13	7	10	4.23400000000000e+02	1.88495559215388e+02	3.00000000000000e-02	0.00000000000000e+00	0.00000000000000e+00	3.99186029040265e+02	1.96299374233352e+00
5	14	8	11	3.47740000000000e+02	1.88495559215388e+02	3.00000000000000e-02	0.00000000000000e+00	0.00000000000000e+00	3.44252868027215e+02	3.35953509728082e-01
6	15	9	12	3.06210000000000e+02	1.88495559215388e+02	3.00000000000000e-02	0.00000000000000e+00	0.00000000000000e+00	2.95582405846624e+02	1.17744913069450e+00
7	16	10	13	3.37080000000000e+02	1.88495559215388e+02	3.00000000000000e-02	0.00000000000000e+00	0.00000000000000e+00	3.85989781207797e+02	-4.51635348851059e+00
8	17	11	14	4.37950000000000e+02	1.88495559215388e+02	3.00000000000000e-02	0.00000000000000e+00	0.00000000000000e+00	4.39917674909265e+02	-1.49428610613800e-01
9	18	12	15	5.09760000000000e+02	1.88495559215388e+02	3.00000000000000e-02	0.00000000000000e+00	0.00000000000000e+00	4.60339727286450e+02	3.39917574146605e+00
10	19	13	16	4.55630000000000e+02	1.88495559215388e+02	3.00000000000000e-02	0.00000000000000e+00	0.00000000000000e+00	4.08429279684028e+02	3.64540997584696e+00
11	20	14	17	3.46970000000000e+02	1.88495559215388e+02	3.00000000000000e-02	0.00000000000000e+00	0.00000000000000e+00	3.35702028659481e+02	1.10047912792043e+00
12	21	15	18	3.71460000000000e+02	1.88495559215388e+02	3.00000000000000e-02	0.00000000000000e+00	0.00000000000000e+00	3.62948467277342e+02	7.72677533180222e-01
13	22	16	19	4.48750000000000e+02	1.88495559215388e+02	3.00000000000000e-02	0.00000000000000e+00	0.00000000000000e+00	4.53712168301886e+02	-3.66568888580125e-01
14	23	17	20	5.08670000000000e+02	1.88495559215388e+02	3.00000000000000e-02	0.00000000000000e+00	0.00000000000000e+00	4.95943152388331e+02	8.44605606620400e-01
15	24	18	21	5.48070000000000e+02	1.88495559215388e+02	3.00000000000000e-02	0.00000000000000e+00	0.00000000000000e+00	5.31390806315759e+02	1.03017612380520e+00
16	25	19	22	5.77220000000000e+02	1.88495559215388e+02	3.00000000000000e-02	0.00000000000000e+00	0.00000000000000e+00	6.13388475007720e+02	-2.02583288211805e+00
17	26	20	23	6.35940000000000e+02	1.88495559215388e+02	3.00000000000000e-02	0.00000000000000e+00	0.00000000000000e+00	6.57874103309527e+02	-1.13031204651287e+00
18	27	21	24	6.22810000000000e+02	1.88495559215388e+02	3.00000000000000e-02	0.00000000000000e+00	0.00000000000000e+00	6.08974298727370e+02	7.48847731621597e-01
19	28	22	25	5.93520000000000e+02	1.88495559215388e+02	3.00000000000000e-02	0.00000000000000e+00	0.00000000000000e+00	5.66055667187997e+02	1.57928288640218e+00
20	29	23	26	5.40790000000000e+02	1.88495559215388e+02	3.00000000000000e-02	0.00000000000000e+00	0.00000000000000e+00	5.23967342365351e+02	1.05338915949800e+00
21	30	24	27	5.25000000000000e+02	1.88495559215388e+02	3.00000000000000e-02	0.00000000000000e+00	0.00000000000000e+00	5.00263000220458e+02	1.60881006727521e+00
22	31	25	28	4.91640000000000e+02	1.88495559215388e+02	3.00000000000000e-02	0.00000000000000e+00	0.00000000000000e+00	5.17176396158788e+02	-1.68790889218198e+00
23	32	26	29	6.77210000000000e+02	1.88495559215388e+02	3.00000000000000e-02	0.00000000000000e+00	0.00000000000000e+00	5.83804207489883e+02	4.94719171227083e+00
24	33	27	30	6.32070000000000e+02	1.88495559215388e+02	3.00000000000000e-02	0.00000000000000e+00	0.00000000000000e+00	6.21877278855620e+02	5.41912503651876e-01
25	34	28	31	6.50640000000000e+02	1.88495559215388e+02	3.00000000000000e-02	0.00000000000000e+00	0.00000000000000e+00	6.40025640025671e+02	5.48275192239138e-01
26	35	29	32	5.41800000000000e+02	1.88495559215388e+02	3.00000000000000e-02	0.00000000000000e+00	0.00000000000000e+00	5.16324822332868e+02	1.60536205255859e+00
27	36	30	33	3.76390000000000e+02	1.88495559215388e+02	3.00000000000000e-02	0.00000000000000e+00	0.00000000000000e+00	3.88928439731851e+02	-1.09231757535628e+00
28	37	31	34	3.11800000000000e+02	1.88495559215388e+02	3.00000000000000e-02	0.00000000000000e+00	0.00000000000000e+00	2.47948190729973e+02	7.63807135433217e+00
29	38	32	35	2.47210000000000e+02	1.88495559215388e+02	3.00000000000000e-02	0.00000000000000e+00	0.00000000000000e+00	2.34027882350957e+02	1.82659714115096e+00
30	39	33	36	2.51820000000000e+02	1.88495559215388e+02	3.00000000000000e-02	0.00000000000000e+00	0.00000000000000e+00	2.71370310102022e+02	-2.49232664977175e+00
31	40	34	37	3.52890000000000e+02	1.88495559215388e+02	3.00000000000000e-02	0.00000000000000e+00	0.00000000000000e+00	3.45177793889446e+02	7.36558824881239e-01
32	41	35	38	2.87100000000000e+02	1.88495559215388e+02	3.00000000000000e-02	0.00000000000000e+00	0.00000000000000e+00	2.90533651837715e+02	-3.96294118319022e-01
33	42	36	39	2.18890000000000e+02	1.88495559215388e+02	3.00000000000000e-02	0.00000000000000e+00	0.00000000000000e+00	2.49098995112045e+02	-4.30936892201495e+00
34	43	37	40	1.50680000000000e+02	1.88495559215388e+02	3.00000000000000e-02	0.00000000000000e+00	0.00000000000000e+00	1.65899763574838e+02	-3.20751297550261e+00
35	44	38	41	1.82280000000000e+02	1.88495559215388e+02	3.00000000000000e-02	0.00000000000000e+00	0.00000000000000e+00	1.86971993414242e+02	-8.47162380143374e-01
36	45	39	42	1.98860000000000e+02	1.88495559215388e+02	3.00000000000000e-02	0.00000000000000e+00	0.00000000000000e+00	2.06707993458751e+02	-1.29020260589631e+00
37	46	40	43	2.54730000000000e+02	1.88495559215388e+02	3.00000000000000e-02	0.00000000000000e+00	0.00000000000000e+00	2.48994721028376e+02	7.59082170955476e-01
38	47	41	44	2.27990000000000e+02	1.88495559215388e+02	3.00000000000000e-02	0.00000000000000e+00	0.00000000000000e+00	2.36225783166710e+02	-1.18287625539783e+00
39	48	42	45	1.92660000000000e+02	1.88495559215388e+02	3.00000000000000e-02	0.00000000000000e+00	0.00000000000000e+00	1.89064985603622e+02	6.27872739879069e-01
40	49	43	46	1.65460000000000e+02	1.88495559215388e+02	3.00000000000000e-02	0.00000000000000e+00	0.00000000000000e+00	1.72870431577926e+02	-1.46042965718841e+00
41	50	44	47	2.40070000000000e+02	1.88495559215388e+02	3.00000000000000e-02	0.00000000000000e+00	0.00000000000000e+00	2.53141256213418e+02	-1.76723701313838e+00
42	51	45	48	2.91870000000000e+02	1.88495559215388e+02	3.00000000000000e-02	0.00000000000000e+00	0.00000000000000e+00	2.75094267499318e+02	1.97315559405474e+00
43	52	46	49	2.62240000000000e+02	1.88495559215388e+02	3.00000000000000e-02	0.00000000000000e+00	0.00000000000000e+00	2.65749911856526e+02	-4.43185684943703e-01
44	53	47	50	2.79780000000000e+02	1.88495559215388e+02	3.00000000000000e-02	0.00000000000000e+00	0.00000000000000e+00	2.64671275830460e+02	1.85049975481168e+00
45	54	48	51	2.58970000000000e+02	1.88495559215388e+02	3.00000000000000e-02	0.00000000000000e+00	0.00000000000000e+00	2.59759892944042e+02	-1.01516359516947e-01
46	55	49	52	3.09470000000000e+02	1.88495559215388e+02	3.00000000000000e-02	0.00000000000000e+00	0.00000000000000e+00	2.96463067991359e+02	1.43128353693832e+00
47	56	50	53	3.24210000000000e+02	1.88495559215388e+02	3.00000000000000e-02	0.00000000000000e+00	0.00000000000000e+00	3.24897818331683e+02	-7.06424592538705e-02
48	57	51	54	3.20020000000000e+02	1.88495559215388e+02	3.00000000000000e-02	0.00000000000000e+00	0.00000000000000e+00	3.02407426876038e+02	1.88694300205601e+00
49	58	52	55	2.63660000000000e+02	1.88495559215388e+02	3.00000000000000e-02	0.00000000000000e+00	0.00000000000000e+00	2.76016650021833e+02	-1.52669319112787e+00
50	59	53	56	3.49070000000000e+02	1.88495559215388e+02	3.00000000000000e-02	0.00000000000000e+00	0.00000000000000e+00	3.42737665112211e+02	6.10238178790112e-01
51	60	54	57	3.66270000000000e+02	1.88495559215388e+02	3.00000000000000e-02	0.00000000000000e+00	0.00000000000000e+00	3.68944764325784e+02	-2.42539210431166e-01
52	61	55	58	3.19500000000000e+02	1.88495559215388e+02	3.00000000000000e-02	0.00000000000000e+00	0.00000000000000e+00	3.24830253458192e+02	-5.51515833860498e-01
53	62	56	59	2.45690000000000e+02	1.88495559215388e+02	3.00000000000000e-02	0.00000000000000e+00	0.00000000000000e+00	2.57759614305799e+02	-1.59856148128936e+00
54	63	57	60	2.05230000000000e+02	1.88495559215388e+02	3.00000000000000e-02	0.00000000000000e+00	0.00000000000000e+00	2.22099084689559e+02	-2.63307694290823e+00
55	64	58	61	2.83500000000000e+02	1.88495559215388e+02	3.00000000000000e-02	0.00000000000000e+00	0.00000000000000e+00	2.85409310628696e+02	-2.23740147621232e-01
56	65	59	62	3.24900000000000e+02	1.88495559215388e+02	3.00000000000000e-02	0.00000000000000e+00	0.00000000000000e+00	3.24541411680765e+02	3.68099261124873e-02
57	66	60	63	3.34150000000000e+02	1.88495559215388e+02	3.00000000000000e-02	0.00000000000000e+00	0.00000000000000e+00	3.24370577528335e+02	9.90112465129448e-01
58	67	61	64	2.42330000000000e+02	1.88495559215388e+02	3.00000000000000e-02	0.00000000000000e+00	0.00000000000000e+00	2.43330666106532e+02	-1.37361686519840e-01
59	68	62	65	3.04970000000000e+02	1.88495559215388e+02	3.00000000000000e-02	0.00000000000000e+00	0.00000000000000e+00	2.94536815962437e+02	1.16031346928747e+00
60	69	63	66	3.24740000000000e+02	1.88495559215388e+02	3.00000000000000e-02	0.00000000000000e+00	0.00000000000000e+00	3.18545084929767e+02	6.42028107498345e-01
61	70	64	67	3.25990000000000e+02	1.88495559215388e+02	3.00000000000000e-02	0.00000000000000e+00	0.00000000000000e+00	3.17357350874461e+02	8.94609242052861e-01
62	71	65	68	2.85020000000000e+02	1.88495559215388e+02	3.00000000000000e-02	0.00000000000000e+00	0.00000000000000e+00	2.72207129441354e+02	1.53320238160077e+00
63	72	66	69	2.96970000000000e+02	1.88495559215388e+02	3.00000000000000e-02	0.00000000000000e+00	0.00000000000000e+00	2.73246910133770e+02	2.77517681477564e+00
64	73	67	70	3.05290000000000e+02	1.88495559215388e+02	3.00000000000000e-02	0.00000000000000e+00	0.00000000000000e+00	2.87739811623803e+02	1.97351682010728e+00
65	74	68	71	3.50600000000000e+02	1.88495559215388e+02	3.00000000000000e-02	0.00000000000000e+00	0.00000000000000e+00	3.28974632839708e+02	2.12217761750306e+00
66	75	69	72	3.34510000000000e+02	1.88495559215388e+02	3.00000000000000e-02	0.00000000000000e+00	0.00000000000000e+00	3.26626576182966e+02	7.94974166436576e-01
67	76	70	73	3.24080000000000e+02	1.88495559215388e+02	3.00000000000000e-02	0.00000000000000e+00	0.00000000000000e+00	3.34092008044235e+02	-1.01420097776084e+00
68	77	71	74	3.52800000000000e+02	1.88495559215388e+02	3.00000000000000e-02	0.00000000000000e+00	0.00000000000000e+00	3.65259948860893e+02	-1.15693215412798e+00
69	78	72	75	3.80830000000000e+02	1.88495559215388e+02	3.00000000000000e-02	0.00000000000000e+00	0.00000000000000e+00	3.99393171065131e+02	-1.58644138415598e+00
70	79	73	76	3.56850000000000e+02	1.88495559215388e+02	3.00000000000000e-02	0.00000000000000e+00	0.00000000000000e+00	3.36255698073336e+02	1.98145495672006e+00
71	80	74	77	2.77020000000000e+02	1.88495559215388e+02	3.00000000000000e-02	0.00000000000000e+00	0.00000000000000e+00	2.82035365959579e+02	-5.98092284400546e-01
72	81	75	78	3.17740000000000e+02	1.88495559215388e+02	3.00000000000000e-02	0.00000000000000e+00	0.00000000000000e+00	3.13847237967655e+02	4.10902468415634e-01
73	82	76	79	4.55150000000000e+02	1.88495559215388e+02	3.00000000000000e-02	0.00000000000000e+00	0.00000000000000e+00	4.02408716690974e+02	4.10529182144958e+00
74	83	77	80	5.92560000000000e+02	1.88495559215388e+02	3.00000000000000e-02	0.00000000000000e+00	0.00000000000000e+00	5.99075359082714e+02	-3.64508821622541e-01
75	84	78	81	6.43140000000000e+02	1.88495559215388e+02	3.00000000000000e-02	0.00000000000000e+00	0.00000000000000e+00	6.30593077043537e+02	6.56722041499425e-01
76	85	79	82	5.79740000000000e+02	1.88495559215388e+02	3.00000000000000e-02	0.00000000000000e+00	0.00000000000000e+00	5.66910904234956e+02	7.45919039337532e-01
77	86	80	83	5.36860000000000e+02	1.88495559215388e+02	3.00000000000000e-02	0.00000000000000e+00	0.00000000000000e+00	5.44348307845883e+02	-4.61732028707651e-01
78	87	81	84	5.45310000000000e+02	1.88495559215388e+02	3.00000000000000e-02	0.00000000000000e+00	0.00000000000000e+00	5.48698465221696e+02	-2.06486888350869e-01
79	88	82	85	6.06250000000000e+02	1.88495559215388e+02	3.00000000000000e-02	0.00000000000000e+00	0.00000000000000e+00	5.86291412958229e+02	1.11584948485488e+00
80	89	83	86	7.17090000000000e+02	1.88495559215388e+02	3.00000000000000e-02	0.00000000000000e+00	0.00000000000000e+00	7.05058780658406e+02	5.64005985925646e-01
81	90	84	87	7.39880000000000e+02	1.88495559215388e+02	3.00000000000000e-02	0.00000000000000e+00	0.00000000000000e+00	6.90414186655972e+02	2.30654409564742e+00
82	91	85	88	6.36750000000000e+02	1.88495559215388e+02	3.00000000000000e-02	0.00000000000000e+00	0.00000000000000e+00	6.26929734265496e+02	5.18088202292629e-01
83	92	86	89	5.09510000000000e+02	1.88495559215388e+02	3.00000000000000e-02	0.00000000000000e+00	0.00000000000000e+00	5.01465563212860e+02	5.30484736094946e-01
84	93	87	90	5.42030000000000e+02	1.88495559215388e+02	3.00000000000000e-02	0.00000000000000e+00	0.00000000000000e+00	5.26750453743349e+02	9.53147879191037e-01
85	94	88	91	5.80330000000000e+02	1.88495559215388e+02	3.00000000000000e-02	0.00000000000000e+00	0.00000000000000e+00	5.71451561124782e+02	5.13906168413255e-01
86	95	89	92	7.29980000000000e+02	1.88495559215388e+02	3.00000000000000e-02	0.00000000000000e+00	0.00000000000000e+00	7.47990083730427e+02	-8.12419477828907e-01
87	96	90	93	8.08450000000000e+02	1.88495559215388e+02	3.00000000000000e-02	0.00000000000000e+00	0.00000000000000e+00	7.78898971967914e+02	1.24124953706580e+00
88	97	91	94	7.03890000000000e+02	1.88495559215388e+02	3.00000000000000e-02	0.00000000000000e+00	0.00000000000000e+00	7.09795530132904e+02	-2.78494962715451e-01
89	98	92	95	5.89240000000000e+02	1.88495559215388e+02	3.00000000000000e-02	0.00000000000000e+00	0.00000000000000e+00	5.86326082557464e+02	1.65249375237053e-01
90	99	93	96	5.73720000000000e+02	1.88495559215388e+02	3.00000000000000e-02	0.00000000000000e+00	0.00000000000000e+00	5.47308503725577e+02	1.57096122673840e+00
91	100	94	97	5.67750000000000e+02	1.88495559215388e+02	3.00000000000000e-02	0.00000000000000e+00	0.00000000000000e+00	5.26002272518108e+02	2.54585492935533e+00
92	101	95	98	4.86700000000000e+02	1.88495559215388e+02	3.00000000000000e-02	0.00000000000000e+00	0.00000000000000e+00	4.77297103430786e+02	6.50292050045150e-01
93	102	96	99	5.00940000000000e+02	1.88495559215388e+02	3.00000000000000e-02	0.00000000000000e+00	0.00000000000000e+00	4.96844993849137e+02	2.73607986216244e-01
94	103	97	100	5.33860000000000e+02	1.88495559215388e+02	3.00000000000000e-02	0.00000000000000e+00	0.00000000000000e+00	5.30256517317526e+02	2.25758263508880e-01
95	104	98	101	5.79610000000000e+02	1.88495559215388e+02	3.00000000000000e-02	0.00000000000000e+00	0.00000000000000e+00	5.71136735105516e+02	4.90893885101329e-01
96	105	99	102	5.22260000000000e+02	1.88495559215388e+02	3.00000000000000e-02	0.00000000000000e+00	0.00000000000000e+00	5.12758189156689e+02	6.12039343150113e-01
97	106	100	103	4.55120000000000e+02	1.88495559215388e+02	3.00000000000000e-02	0.00000000000000e+00	0.00000000000000e+00	4.35316649094938e+02	1.48291417372016e+00
98	107	101	104	3.93230000000000e+02	1.88495559215388e+02	3.00000000000000e-02	0.00000000000000e+00	0.00000000000000e+00	4.14168008431495e+02	-1.72923421862234e+00
99	108	102	105	4.65680000000000e+02	1.88495559215388e+02	3.00000000000000e-02	0.00000000000000e+00	0.00000000000000e+00	4.51417478116724e+02	1.03687065106142e+00
100	109	103	106	4.68180000000000e+02	1.88495559215388e+02	3.00000000000000e-02	0.00000000000000e+00	0.00000000000000e+00	4.67909019256302e+02	1.92987878783117e-02
101	110	104	107	3.39660000000000e+02	1.88495559215388e+02	3.00000000000000e-02	0.00000000000000e+00	0.00000000000000e+00	3.78119290211659e+02	-3.57548703759285e+00
102	111	105	108	3.07050000000000e+02	1.88495559215388e+02	3.00000000000000e-02	0.00000000000000e+00	0.00000000000000e+00	2.66085590834007e+02	4.77308578993112e+00
103	112	106	109	2.74450000000000e+02	1.88495559215388e+02	3.00000000000000e-02	0.00000000000000e+00	0.00000000000000e+00	2.53368176565337e+02	2.66418069225205e+00
104	113	107	110	3.72910000000000e+02	1.88495559215388e+02	3.00000000000000e-02	0.00000000000000e+00	0.00000000000000e+00	3.52223894178467e+02	1.90233557544728e+00
105	114	108	111	4.71370000000000e+02	1.88495559215388e+02	3.00000000000000e-02	0.00000000000000e+00	0.00000000000000e+00	4.23127601849205e+02	3.59898518273415e+00
106	115	109	112	3.68650000000000e+02	1.88495559215388e+02	3.00000000000000e-02	0.00000000000000e+00	0.00000000000000e+00	3.79231826385466e+02	-9.43333758822422e-01
107	116	110	113	3.11010000000000e+02	1.88495559215388e+02	3.00000000000000e-02	0.00000000000000e+00	0.00000000000000e+00	3.40917874810844e+02	-3.06055153142750e+00
108	117	111	114	2.53370000000000e+02	1.88495559215388e+02	3.00000000000000e-02	0.00000000000000e+00	0.00000000000000e+00	2.73728510369869e+02	-2.57619687121204e+00
109	118	112	115	3.30090000000000e+02	1.88495559215388e+02	3.00000000000000e-02	0.00000000000000e+00	0.00000000000000e+00	3.15352181992785e+02	1.52250973970223e+00
110	119	113	116	3.48500000000000e+02	1.88495559215388e+02	3.00000000000000e-02	0.00000000000000e+00	0.00000000000000e+00	3.57800030474197e+02	-8.77867534835808e-01
111	120	114	117	5.05280000000000e+02	1.88495559215388e+02	3.00000000000000e-02	0.00000000000000e+00	0.00000000000000e+00	4.97112509263006e+02	5.43211793442507e-01
112	121	115	118	4.98970000000000e+02	1.88495559215388e+02	3.00000000000000e-02	0.00000000000000e+00	0.00000000000000e+00	4.97604212488790e+02	9.13655567362781e-02
113	122	116	119	5.15500000000000e+02	1.88495559215388e+02	3.00000000000000e-02	0.00000000000000e+00	0.00000000000000e+00	5.04132562162359e+02	7.43268326865820e-01
114	123	117	120	4.23590000000000e+02	1.88495559215388e+02	3.00000000000000e-02	0.00000000000000e+00	0.00000000000000e+00	4.17743904362198e+02	4.63247683185160e-01
115	124	118	121	4.17290000000000e+02	1.88495559215388e+02	3.00000000000000e-02	0.00000000000000e+00	0.00000000000000e+00	4.15723515204705e+02	1.25367044929655e-01
116	125	119	122	4.00130000000000e+02	1.88495559215388e+02	3.00000000000000e-02	0.00000000000000e+00	0.00000000000000e+00	3.93769577591451e+02	5.34119484531459e-01
117	126	120	123	4.68620000000000e+02	1.88495559215388e+02	3.00000000000000e-02	0.00000000000000e+00	0.00000000000000e+00	4.69626188604627e+02	-7.14943123014973e-02
118	127	121	124	4.11660000000000e+02	1.88495559215388e+02	3.00000000000000e-02	0.00000000000000e+00	0.00000000000000e+00	4.11332277138380e+02	2.65472623940906e-02
119	128	122	125	3.60110000000000e+02	1.88495559215388e+02	3.00000000000000e-02	0.00000000000000e+00	0.00000000000000e+00	3.68751091960053e+02	-7.90410952137529e-01
120	129	123	126	3.27890000000000e+02	1.88495559215388e+02	3.00000000000000e-02	0.00000000000000e+00	0.00000000000000e+00	3.34080565139543e+02	-6.23466353312896e-01
121	130	124	127	3.86580000000000e+02	1.88495559215388e+02	3.00000000000000e-02	0.00000000000000e+00	0.00000000000000e+00	3.75177596358567e+02	9.97977607572379e-01
122	131	125	128	3.18560000000000e+02	1.88495559215388e+02	3.00000000000000e-02	0.00000000000000e+00	0.00000000000000e+00	3.13971746252918e+02	4.83594618077750e-01
123	132	126	129	2.47380000000000e+02	1.88495559215388e+02	3.00000000000000e-02	0.00000000000000e+00	0.00000000000000e+00	2.61338281344397e+02	-1.82966830906664e+00
124	133	127	130	1.76200000000000e+02	1.88495559215388e+02	3.00000000000000e-02	0.00000000000000e+00	0.00000000000000e+00	1.83463275903400e+02	-1.34649342156603e+00
125	134	128	131	1.61830000000000e+02	1.88495559215388e+02	3.00000000000000e-02	0.00000000000000e+00	0.00000000000000e+00	1.56427753687800e+02	1.13173786379154e+00
126	135	129	132	1.96940000000000e+02	1.88495559215388e+02	3.00000000000000e-02	0.00000000000000e+00	0.00000000000000e+00	1.76115394729427e+02	3.72532272518473e+00
127	136	130	133	2.32060000000000e+02	1.88495559215388e+02	3.00000000000000e-02	0.00000000000000e+00	0.00000000000000e+00	2.18348972731514e+02	2.03004612287542e+00
128	137	131	134	1.70050000000000e+02	1.88495559215388e+02	3.00000000000000e-02	0.00000000000000e+00	0.00000000000000e+00	1.74993872768886e+02	-9.55281636937500e-01
129	138	132	135	1.74340000000000e+02	1.88495559215388e+02	3.00000000000000e-02	0.00000000000000e+00	0.00000000000000e+00	1.63780878077956e+02	2.08259968099528e+00
130	139	133	136	1.40830000000000e+02	1.88495559215388e+02	3.00000000000000e-02	0.00000000000000e+00	0.00000000000000e+00	1.39665061483517e+02	2.76878366003016e-01
132	140	135	138	1.30050000000000e+02	1.88495559215388e+02	3.00000000000000e-02	0.00000000000000e+00	0.00000000000000e+00	1.30638452521090e+02	-1.50487044304241e-01
133	142	136	139	1.44500000000000e+02	1.88495559215388e+02	3.00000000000000e-02	0.00000000000000e+00	0.00000000000000e+00	1.43437635254976e+02	2.45972144799556e-01
135	141	138	140	1.56450000000000e+02	1.88495559215388e+02	3.00000000000000e-02	0.00000000000000e+00	0.00000000000000e+00	1.63107126325503e+02	-1.38902438468049e+00
136	144	139	142	1.67170000000000e+02	1.88495559215388e+02	3.00000000000000e-02	0.00000000000000e+00	0.00000000000000e+00	1.61108455644643e+02	1.23111609925462e+00
138	146	140	141	1.68940000000000e+02	1.88495559215388e+02	3.00000000000000e-02	0.00000000000000e+00	0.00000000000000e+00	1.50481283786780e+02	3.85683020215080e+00
139	147	142	144	1.55140000000000e+02	1.88495559215388e+02	3.00000000000000e-02	0.00000000000000e+00	0.00000000000000e+00	1.47463831078960e+02	1.69150007921607e+00
140	149	141	146	1.79550000000000e+02	1.88495559215388e+02	3.00000000000000e-02	0.00000000000000e+00	0.00000000000000e+00	1.79947085497832e+02	-7.36372514713442e-02
142	150	144	147	2.20530000000000e+02	1.88495559215388e+02	3.00000000000000e-02	0.00000000000000e+00	0.00000000000000e+00	1.96211820765146e+02	3.89463153965230e+00
143	151	145	148	1.94820000000000e+02	1.88495559215388e+02	3.00000000000000e-02	0.00000000000000e+00	0.00000000000000e+00	1.95347481969764e+02	-9.01292078412830e-02
141	152	146	149	1.47790000000000e+02	1.88495559215388e+02	3.00000000000000e-02	0.00000000000000e+00	0.00000000000000e+00	1.34043179727393e+02	3.25434541370321e+00
144	153	147	150	1.35700000000000e+02	1.88495559215388e+02	3.00000000000000e-02	0.00000000000000e+00	0.00000000000000e+00	1.14888348084934e+02	5.54952654369467e+00
145	154	148	151	1.60910000000000e+02	1.88495559215388e+02	3.00000000000000e-02	0.00000000000000e+00	0.00000000000000e+00	1.73798933887040e+02	-2.56846254015703e+00
146	155	149	152	2.14810000000000e+02	1.88495559215388e+02	3.00000000000000e-02	0.00000000000000e+00	0.00000000000000e+00	2.86346529415062e+02	-9.58162674001425e+00
147	156	150	153	2.18390000000000e+02	1.88495559215388e+02	3.00000000000000e-02	0.00000000000000e+00	0.00000000000000e+00	3.07963605255379e+02	-1.14566385319876e+01
148	157	151	154	1.54870000000000e+02	1.88495559215388e+02	3.00000000000000e-02	0.00000000000000e+00	0.00000000000000e+00	2.31058415904165e+02	-1.33361501975428e+01
149	158	152	155	1.14770000000000e+02	1.88495559215388e+02	3.00000000000000e-02	0.00000000000000e+00	0.00000000000000e+00	1.64836209830005e+02	-1.20674062496729e+01
150	159	153	156	3.13470000000000e+02	1.88495559215388e+02	3.00000000000000e-02	0.00000000000000e+00	0.00000000000000e+00	2.69935771197112e+02	4.98398718232966e+00
1	13	5	9	3.97380000000000e+02	2.51327412287183e+02	3.00000000000000e-02	0.00000000000000e+00	0.00000000000000e+00	4.32802211061969e+02	-2.84626115108848e+00
3	14	6	10	4.81290000000000e+02	2.51327412287183e+02	3.00000000000000e-02	0.00000000000000e+00	0.00000000000000e+00	4.38973141395647e+02	3.06772563862256e+00
4	15	7	11	3.99210000000000e+02	2.51327412287183e+02	3.00000000000000e-02	0.00000000000000e+00	0.00000000000000e+00	3.63990794816003e+02	3.07863386246057e+00
2	16	8	12	3.63680000000000e+02	2.51327412287183e+02	3.00000000000000e-02	0.00000000000000e+00	0.00000000000000e+00	3.51539066762421e+02	1.13178373451177e+00
5	17	9	13	3.81710000000000e+02	2.51327412287183e+02	3.00000000000000e-02	0.00000000000000e+00	0.00000000000000e+00	3.99728775916762e+02	-1.53750329732709e+00
6	18	10	14	4.27320000000000e+02	2.51327412287183e+02	3.00000000000000e-02	0.00000000000000e+00	0.00000000000000e+00	4.24926332963713e+02	1.87244246013515e-01
7	19	11	15	4.45470000000000e+02	2.51327412287183e+02	3.00000000000000e-02	0.00000000000000e+00	0.00000000000000e+00	4.30288772897290e+02	1.15577854699464e+00
8	20	12	16	5.06440000000000e+02	2.51327412287183e+02	3.00000000000000e-02	0.00000000000000e+00	0.00000000000000e+00	4.83534582982821e+02	1.54276726606343e+00
9	21	13	17	4.83110000000000e+02	2.51327412287183e+02	3.00000000000000e-02	0.00000000000000e+00	0.00000000000000e+00	4.52578168471692e+02	2.17612915899098e+00
10	22	14	18	4.16610000000000e+02	2.51327412287183e+02	3.00000000000000e-02	0.00000000000000e+00	0.00000000000000e+00	3.79003462095757e+02	3.15350641737980e+00
11	23	15	19	4.50630000000000e+02	2.51327412287183e+02	3.00000000000000e-02	0.00000000000000e+00	0.00000000000000e+00	4.19322351667439e+02	2.40022146070512e+00
12	24	16	20	4.95770000000000e+02	2.51327412287183e+02	3.00000000000000e-02	0.00000000000000e+00	0.00000000000000e+00	4.87157009247065e+02	5.84187915344921e-01
13	25	17	21	5.58440000000000e+02	2.51327412287183e+02	3.00000000000000e-02	0.00000000000000e+00	0.00000000000000e+00	5.57533108750050e+02	5.41764219032774e-02
14	26	18	22	6.32470000000000e+02	2.51327412287183e+02	3.00000000000000e-02	0.00000000000000e+00	0.00000000000000e+00	6.26324616487323e+02	3.25466508723427e-01
15	27	19	23	6.75990000000000e+02	2.51327412287183e+02	3.00000000000000e-02	0.00000000000000e+00	0.00000000000000e+00	6.30621211828721e+02	2.31576329850857e+00
16	28	20	24	6.04660000000000e+02	2.51327412287183e+02	3.00000000000000e-02	0.00000000000000e+00	0.00000000000000e+00	5.88332937925737e+02	9.12443598990246e-01
17	29	21	25	5.21210000000000e+02	2.51327412287183e+02	3.00000000000000e-02	0.00000000000000e+00	0.00000000000000e+00	5.24662721650690e+02	-2.20086321048611e-01
18	30	22	26	4.94040000000000e+02	2.51327412287183e+02	3.00000000000000e-02	0.00000000000000e+00	0.00000000000000e+00	4.70564883246219e+02	1.62275444323692e+00
19	31	23	27	4.12590000000000e+02	2.51327412287183e+02	3.00000000000000e-02	0.00000000000000e+00	0.00000000000000e+00	4.07467068024879e+02	4.16474968078736e-01
20	32	24	28	4.92690000000000e+02	2.51327412287183e+02	3.00000000000000e-02	0.00000000000000e+00	0.00000000000000e+00	4.52048246305420e+02	2.86970864226180e+00
21	33	25	29	5.46040000000000e+02	2.51327412287183e+02	3.00000000000000e-02	0.00000000000000e+00	0.00000000000000e+00	5.17303521539131e+02	1.80208162036711e+00
22	34	26	30	6.34350000000000e+02	2.51327412287183e+02	3.00000000000000e-02	0.00000000000000e+00	0.00000000000000e+00	6.22280111476072e+02	6.40350707545482e-01
23	35	27	31	7.47390000000000e+02	2.51327412287183e+02	3.00000000000000e-02	0.00000000000000e+00	0.00000000000000e+00	6.76292295124653e+02	3.33205884727323e+00
24	36	28	32	6.46130000000000e+02	2.51327412287183e+02	3.00000000000000e-02	0.00000000000000e+00	0.00000000000000e+00	5.97079402544326e+02	2.63168715972043e+00
25	37	29	33	4.72790000000000e+02	2.51327412287183e+02	3.00000000000000e-02	0.00000000000000e+00	0.00000000000000e+00	4.68578662449280e+02	2.98244163944498e-01
26	38	30	34	3.58030000000000e+02	2.51327412287183e+02	3.00000000000000e-02	0.00000000000000e+00	0.00000000000000e+00	3.74106247286287e+02	-1.46410196503777e+00
27	39	31	35	2.43280000000000e+02	2.51327412287183e+02	3.00000000000000e-02	0.00000000000000e+00	0.00000000000000e+00	2.69171183582705e+02	-3.37115013436691e+00
28	40	32	36	2.71570000000000e+02	2.51327412287183e+02	3.00000000000000e-02	0.00000000000000e+00	0.00000000000000e+00	2.74939147523128e+02	-4.10995280535550e-01
29	41	33	37	3.45700000000000e+02	2.51327412287183e+02	3.00000000000000e-02	0.00000000000000e+00	0.00000000000000e+00	3.23281444965680e+02	2.23493521546860e+00
30	42	34	38	3.20130000000000e+02	2.51327412287183e+02	3.00000000000000e-02	0.00000000000000e+00	0.00000000000000e+00	3.38784855648902e+02	-1.88793661695058e+00
31	43	35	39	3.45100000000000e+02	2.51327412287183e+02	3.00000000000000e-02	0.00000000000000e+00	0.00000000000000e+00	3.38023458924972e+02	6.90631064196445e-01
32	44	36	40	2.85430000000000e+02	2.51327412287183e+02	3.00000000000000e-02	0.00000000000000e+00	0.00000000000000e+00	2.77991367945115e+02	8.80225083141539e-01
33	45	37	41	2.13870000000000e+02	2.51327412287183e+02	3.00000000000000e-02	0.00000000000000e+00	0.00000000000000e+00	2.26363243438898e+02	-1.89242090163768e+00
34	46	38	42	2.55050000000000e+02	2.51327412287183e+02	3.00000000000000e-02	0.00000000000000e+00	0.00000000000000e+00	2.39199973643206e+02	2.13865641599108e+00
35	47	39	43	2.35520000000000e+02	2.51327412287183e+02	3.00000000000000e-02	0.00000000000000e+00	0.00000000000000e+00	2.36328581161817e+02	-1.14243140079040e-01
36	48	40	44	2.44550000000000e+02	2.51327412287183e+02	3.00000000000000e-02	0.00000000000000e+00	0.00000000000000e+00	2.48242937036747e+02	-4.99602150836539e-01
37	49	41	45	2.48900000000000e+02	2.51327412287183e+02	3.00000000000000e-02	0.00000000000000e+00	0.00000000000000e+00	2.49750940809464e+02	-1.13765838429369e-01
38	50	42	46	2.15080000000000e+02	2.51327412287183e+02	3.00000000000000e-02	0.00000000000000e+00	0.00000000000000e+00	2.10962876823308e+02	6.44262439018739e-01
39	51	43	47	2.41310000000000e+02	2.51327412287183e+02	3.00000000000000e-02	0.00000000000000e+00	0.00000000000000e+00	2.29610721922621e+02	1.65656841120313e+00
40	52	44	48	2.33420000000000e+02	2.51327412287183e+02	3.00000000000000e-02	0.00000000000000e+00	0.00000000000000e+00	2.32038992234076e+02	1.97799282186898e-01
41	53	45	49	2.36490000000000e+02	2.51327412287183e+02	3.00000000000000e-02	0.00000000000000e+00	0.00000000000000e+00	2.40050949553670e+02	-4.98175562624326e-01
42	54	46	50	2.68280000000000e+02	2.51327412287183e+02	3.00000000000000e-02	0.00000000000000e+00	0.00000000000000e+00	2.60321306414987e+02	1.00381830923289e+00
43	55	47	51	2.77530000000000e+02	2.51327412287183e+02	3.00000000000000e-02	0.00000000000000e+00	0.00000000000000e+00	2.77585005835441e+02	-6.60593871447309e-03
44	56	48	52	2.56860000000000e+02	2.51327412287183e+02	3.00000000000000e-02	0.00000000000000e+00	0.00000000000000e+00	2.60349870079351e+02	-4.49839706694425e-01
45	57	49	53	2.49320000000000e+02	2.51327412287183e+02	3.00000000000000e-02	0.00000000000000e+00	0.00000000000000e+00	2.48483364499291e+02	1.12043743653878e-01
46	58	50	54	2.67040000000000e+02	2.51327412287183e+02	3.00000000000000e-02	0.00000000000000e+00	0.00000000000000e+00	2.59095526346331e+02	1.00672128740508e+00
47	59	51	55	2.99010000000000e+02	2.51327412287183e+02	3.00000000000000e-02	0.00000000000000e+00	0.00000000000000e+00	2.94102502747976e+02	5.51622075667524e-01
48	60	52	56	3.34800000000000e+02	2.51327412287183e+02	3.00000000000000e-02	0.00000000000000e+00	0.00000000000000e+00	3.35265613513351e+02	-4.63251736250392e-02
49	61	53	57	3.08730000000000e+02	2.51327412287183e+02	3.00000000000000e-02	0.00000000000000e+00	0.00000000000000e+00	3.19999635092161e+02	-1.19509156466714e+00
50	62	54	58	2.94150000000000e+02	2.51327412287183e+02	3.00000000000000e-02	0.00000000000000e+00	0.00000000000000e+00	2.94925623910219e+02	-8.77786967644845e-02
51	63	55	59	2.95520000000000e+02	2.51327412287183e+02	3.00000000000000e-02	0.00000000000000e+00	0.00000000000000e+00	3.02477740840719e+02	-7.75705810496922e-01
52	64	56	60	2.64350000000000e+02	2.51327412287183e+02	3.00000000000000e-02	0.00000000000000e+00	0.00000000000000e+00	2.58924995893502e+02	6.91185135543796e-01
53	65	57	61	2.79110000000000e+02	2.51327412287183e+02	3.00000000000000e-02	0.00000000000000e+00	0.00000000000000e+00	2.76724980794116e+02	2.86060182825546e-01
54	66	58	62	2.78110000000000e+02	2.51327412287183e+02	3.00000000000000e-02	0.00000000000000e+00	0.00000000000000e+00	2.75737922007066e+02	2.85528740860859e-01
55	67	59	63	2.99170000000000e+02	2.51327412287183e+02	3.00000000000000e-02	0.00000000000000e+00	0.00000000000000e+00	2.94712713963480e+02	5.00364760863755e-01
56	68	60	64	3.58360000000000e+02	2.51327412287183e+02	3.00000000000000e-02	0.00000000000000e+00	0.00000000000000e+00	3.42463218888114e+02	1.51246019671746e+00
57	69	61	65	3.31830000000000e+02	2.51327412287183e+02	3.00000000000000e-02	0.00000000000000e+00	0.00000000000000e+00	3.19946602119307e+02	1.21562253632475e+00
58	70	62	66	3.11160000000000e+02	2.51327412287183e+02	3.00000000000000e-02	0.00000000000000e+00	0.00000000000000e+00	3.03472331917909e+02	8.33893545411080e-01
59	71	63	67	3.14170000000000e+02	2.51327412287183e+02	3.00000000000000e-02	0.00000000000000e+00	0.00000000000000e+00	3.05068002035081e+02	9.79984380973094e-01
60	72	64	68	2.95620000000000e+02	2.51327412287183e+02	3.00000000000000e-02	0.00000000000000e+00	0.00000000000000e+00	2.83754982249983e+02	1.36545728507385e+00
61	73	65	69	3.16140000000000e+02	2.51327412287183e+02	3.00000000000000e-02	0.00000000000000e+00	0.00000000000000e+00	3.04031103278451e+02	1.30183812869099e+00
62	74	66	70	3.07590000000000e+02	2.51327412287183e+02	3.00000000000000e-02	0.00000000000000e+00	0.00000000000000e+00	3.05165707724415e+02	2.63759808813783e-01
63	75	67	71	2.89760000000000e+02	2.51327412287183e+02	3.00000000000000e-02	0.00000000000000e+00	0.00000000000000e+00	2.75061573072808e+02	1.73526731493083e+00
64	76	68	72	3.02720000000000e+02	2.51327412287183e+02	3.00000000000000e-02	0.00000000000000e+00	0.00000000000000e+00	2.98550333474177e+02	4.62324863060459e-01
65	77	69	73	3.98650000000000e+02	2.51327412287183e+02	3.00000000000000e-02	0.00000000000000e+00	0.00000000000000e+00	3.98556278366164e+02	7.83750595137652e-03
66	78	70	74	3.95240000000000e+02	2.51327412287183e+02	3.00000000000000e-02	0.00000000000000e+00	0.00000000000000e+00	4.04823986594256e+02	-7.98639877051806e-01
67	79	71	75	4.22860000000000e+02	2.51327412287183e+02	3.00000000000000e-02	0.00000000000000e+00	0.00000000000000e+00	4.20539508367011e+02	1.83424143626265e-01
68	80	72	76	4.21370000000000e+02	2.51327412287183e+02	3.00000000000000e-02	0.00000000000000e+00	0.00000000000000e+00	3.93308118607618e+02	2.29726620222544e+00
69	81	73	77	3.53080000000000e+02	2.51327412287183e+02	3.00000000000000e-02	0.00000000000000e+00	0.00000000000000e+00	3.48698315255077e+02	4.16251266153426e-01
70	82	74	78	4.27640000000000e+02	2.51327412287183e+02	3.00000000000000e-02	0.00000000000000e+00	0.00000000000000e+00	4.16403235758373e+02	8.87587088042470e-01
71	83	75	79	4.37860000000000e+02	2.51327412287183e+02	3.00000000000000e-02	0.00000000000000e+00	0.00000000000000e+00	4.26169456171382e+02	9.02072432173699e-01
72	84	76	80	5.77410000000000e+02	2.51327412287183e+02	3.00000000000000e-02	0.00000000000000e+00	0.00000000000000e+00	5.74255720694734e+02	1.82592751576157e-01
73	85	77	81	7.33010000000000e+02	2.51327412287183e+02	3.00000000000000e-02	0.00000000000000e+00	0.00000000000000e+00	7.06665401755021e+02	1.22006851104528e+00
74	86	78	82	6.52110000000000e+02	2.51327412287183e+02	3.00000000000000e-02	0.00000000000000e+00	0.00000000000000e+00	6.61791946343641e+02	-4.91265558000068e-01
75	87	79	83	7.10840000000000e+02	2.51327412287183e+02	3.00000000000000e-02	0.00000000000000e+00	0.00000000000000e+00	6.88379133212568e+02	1.07025391496511e+00
76	88	80	84	6.66720000000000e+02	2.51327412287183e+02	3.00000000000000e-02	0.00000000000000e+00	0.00000000000000e+00	6.41657728236572e+02	1.27717132461062e+00
77	89	81	85	6.14300000000000e+02	2.51327412287183e+02	3.00000000000000e-02	0.00000000000000e+00	0.00000000000000e+00	6.20312093500487e+02	-3.24643994381220e-01
78	90	82	86	6.82990000000000e+02	2.51327412287183e+02	3.00000000000000e-02	0.00000000000000e+00	0.00000000000000e+00	6.60991891959883e+02	1.09128815742157e+00
79	91	83	87	6.49290000000000e+02	2.51327412287183e+02	3.00000000000000e-02	0.00000000000000e+00	0.00000000000000e+00	6.11107864207747e+02	2.02019924796388e+00
80	92	84	88	6.01900000000000e+02	2.51327412287183e+02	3.00000000000000e-02	0.00000000000000e+00	0.00000000000000e+00	5.58242189874236e+02	2.50994727681301e+00
81	93	85	89	5.95940000000000e+02	2.51327412287183e+02	3.00000000000000e-02	0.00000000000000e+00	0.00000000000000e+00	5.39581044914422e+02	3.31156650570756e+00
82	94	86	90	5.59810000000000e+02	2.51327412287183e+02	3.00000000000000e-02	0.00000000000000e+00	0.00000000000000e+00	5.36118967667571e+02	1.44137831327630e+00
83	95	87	91	6.15010000000000e+02	2.51327412287183e+02	3.00000000000000e-02	0.00000000000000e+00	0.00000000000000e+00	5.93497629985693e+02	1.18684356932001e+00
84	96	88	92	7.32400000000000e+02	2.51327412287183e+02	3.00000000000000e-02	0.00000000000000e+00	0.00000000000000e+00	7.07689822090225e+02	1.14403064982473e+00
85	97	89	93	8.27670000000000e+02	2.51327412287183e+02	3.00000000000000e-02	0.00000000000000e+00	0.00000000000000e+00	7.97964472570059e+02	1.21834827827782e+00
86	98	90	94	8.16160000000000e+02	2.51327412287183e+02	3.00000000000000e-02	0.00000000000000e+00	0.00000000000000e+00	8.23017733902103e+02	-2.78911138216328e-01
87	99	91	95	8.50110000000000e+02	2.51327412287183e+02	3.00000000000000e-02	0.00000000000000e+00	0.00000000000000e+00	8.04299650123130e+02	1.84646179913598e+00
88	100	92	96	6.23900000000000e+02	2.51327412287183e+02	3.00000000000000e-02	0.00000000000000e+00	0.00000000000000e+00	6.13894012676811e+02	5.38926788665813e-01
89	101	93	97	5.60320000000000e+02	2.51327412287183e+02	3.00000000000000e-02	0.00000000000000e+00	0.00000000000000e+00	5.60819298708910e+02	-2.96899616604248e-02
90	102	94	98	5.55880000000000e+02	2.51327412287183e+02	3.00000000000000e-02	0.00000000000000e+00	0.00000000000000e+00	5.23322643956156e+02	2.01180865714091e+00
91	103	95	99	4.70800000000000e+02	2.51327412287183e+02	3.00000000000000e-02	0.00000000000000e+00	0.00000000000000e+00	4.81534199342789e+02	-7.51462666741413e-01
92	104	96	100	5.09660000000000e+02	2.51327412287183e+02	3.00000000000000e-02	0.00000000000000e+00	0.00000000000000e+00	5.28910366891604e+02	-1.23583806676756e+00
93	105	97	101	4.84690000000000e+02	2.51327412287183e+02	3.00000000000000e-02	0.00000000000000e+00	0.00000000000000e+00	4.95384333529898e+02	-7.27479378505140e-01
94	106	98	102	4.79800000000000e+02	2.51327412287183e+02	3.00000000000000e-02	0.00000000000000e+00	0.00000000000000e+00	5.02875693986883e+02	-1.56578866339832e+00
95	107	99	103	5.27590000000000e+02	2.51327412287183e+02	3.00000000000000e-02	0.00000000000000e+00	0.00000000000000e+00	5.26152087137290e+02	9.09718973781004e-02
96	108	100	104	4.71070000000000e+02	2.51327412287183e+02	3.00000000000000e-02	0.00000000000000e+00	0.00000000000000e+00	4.91695583878568e+02	-1.42843633711559e+00
97	109	101	105	4.97770000000000e+02	2.51327412287183e+02	3.00000000000000e-02	0.00000000000000e+00	0.00000000000000e+00	4.88281741494263e+02	6.41518152204027e-01
98	110	102	106	4.41840000000000e+02	2.51327412287183e+02	3.00000000000000e-02	0.00000000000000e+00	0.00000000000000e+00	4.31834917584530e+02	7.63481520069575e-01
99	111	103	107	3.79180000000000e+02	2.51327412287183e+02	3.00000000000000e-02	0.00000000000000e+00	0.00000000000000e+00	3.68530150491331e+02	9.49616619212949e-01
100	112	104	108	3.66990000000000e+02	2.51327412287183e+02	3.00000000000000e-02	0.00000000000000e+00	0.00000000000000e+00	3.63410670394380e+02	3.26702717521895e-01
101	113	105	109	2.91920000000000e+02	2.51327412287183e+02	3.00000000000000e-02	0.00000000000000e+00	0.00000000000000e+00	3.15358220262898e+02	-2.57431359169879e+00
102	114	106	110	3.65020000000000e+02	2.51327412287183e+02	3.00000000000000e-02	0.00000000000000e+00	0.00000000000000e+00	3.57287158707586e+02	7.13744067453526e-01
103	115	107	111	4.19160000000000e+02	2.51327412287183e+02	3.00000000000000e-02	0.00000000000000e+00	0.00000000000000e+00	4.08950051301046e+02	8.21989465999984e-01
104	116	108	112	4.24900000000000e+02	2.51327412287183e+02	3.00000000000000e-02	0.00000000000000e+00	0.00000000000000e+00	4.16533836174722e+02	6.62871649951491e-01
105	117	109	113	4.40300000000000e+02	2.51327412287183e+02	3.00000000000000e-02	0.00000000000000e+00	0.00000000000000e+00	4.08466033105388e+02	2.50158507372120e+00
106	118	110	114	3.45230000000000e+02	2.51327412287183e+02	3.00000000000000e-02	0.00000000000000e+00	0.00000000000000e+00	3.24768903785506e+02	2.03656658156562e+00
107	119	111	115	3.12150000000000e+02	2.51327412287183e+02	3.00000000000000e-02	0.00000000000000e+00	0.00000000000000e+00	3.16159676215207e+02	-4.25451631144824e-01
108	120	112	116	3.61460000000000e+02	2.51327412287183e+02	3.00000000000000e-02	0.00000000000000e+00	0.00000000000000e+00	3.59397348341622e+02	1.90759636655328e-01
109	121	113	117	4.18220000000000e+02	2.51327412287183e+02	3.00000000000000e-02	0.00000000000000e+00	0.00000000000000e+00	4.27784776010733e+02	-7.53753315291720e-01
110	122	114	118	5.03030000000000e+02	2.51327412287183e+02	3.00000000000000e-02	0.00000000000000e+00	0.00000000000000e+00	5.04259954778216e+02	-8.14035974221620e-02
111	123	115	119	5.03060000000000e+02	2.51327412287183e+02	3.00000000000000e-02	0.00000000000000e+00	0.00000000000000e+00	4.70211407420429e+02	2.25090168949764e+00
112	124	116	120	4.50220000000000e+02	2.51327412287183e+02	3.00000000000000e-02	0.00000000000000e+00	0.00000000000000e+00	4.35081626834893e+02	1.14008969348971e+00
113	125	117	121	4.48790000000000e+02	2.51327412287183e+02	3.00000000000000e-02	0.00000000000000e+00	0.00000000000000e+00	4.24259761233224e+02	1.87363867534526e+00
114	126	118	122	3.87290000000000e+02	2.51327412287183e+02	3.00000000000000e-02	0.00000000000000e+00	0.00000000000000e+00	3.76431639319530e+02	9.47910150917508e-01
115	127	119	123	3.79070000000000e+02	2.51327412287183e+02	3.00000000000000e-02	0.00000000000000e+00	0.00000000000000e+00	3.77085598774847e+02	1.74955682311910e-01
116	128	120	124	3.74890000000000e+02	2.51327412287183e+02	3.00000000000000e-02	0.00000000000000e+00	0.00000000000000e+00	3.73330745051656e+02	1.38930230226434e-01
117	129	121	125	3.86120000000000e+02	2.51327412287183e+02	3.00000000000000e-02	0.00000000000000e+00	0.00000000000000e+00	3.94767198949235e+02	-7.38267314177114e-01
118	130	122	126	4.00190000000000e+02	2.51327412287183e+02	3.00000000000000e-02	0.00000000000000e+00	0.00000000000000e+00	4.09336750528083e+02	-7.53291128952742e-01
119	131	123	127	3.83520000000000e+02	2.51327412287183e+02	3.00000000000000e-02	0.00000000000000e+00	0.00000000000000e+00	3.83284657539795e+02	2.04608796847694e-02
120	132	124	128	3.58130000000000e+02	2.51327412287183e+02	3.00000000000000e-02	0.00000000000000e+00	0.00000000000000e+00	3.45123815020103e+02	1.23309374043424e+00
121	133	125	129	3.03000000000000e+02	2.51327412287183e+02	3.00000000000000e-02	0.00000000000000e+00	0.00000000000000e+00	3.07460085509444e+02	-4.87082336357177e-01
122	134	126	130	2.93310000000000e+02	2.51327412287183e+02	3.00000000000000e-02	0.00000000000000e+00	0.00000000000000e+00	2.80830488066161e+02	1.44929427312531e+00
123	135	127	131	2.21160000000000e+02	2.51327412287183e+02	3.00000000000000e-02	0.00000000000000e+00	0.00000000000000e+00	2.20285175253317e+02	1.32115445804774e-01
124	136	128	132	1.71680000000000e+02	2.51327412287183e+02	3.00000000000000e-02	0.00000000000000e+00	0.00000000000000e+00	1.84639811521336e+02	-2.42582278822781e+00
125	137	129	133	2.32560000000000e+02	2.51327412287183e+02	3.00000000000000e-02	0.00000000000000e+00	0.00000000000000e+00	2.29920362062668e+02	3.80508639596666e-01
126	138	130	134	2.37180000000000e+02	2.51327412287183e+02	3.00000000000000e-02	0.00000000000000e+00	0.00000000000000e+00	2.26750408160689e+02	1.49898191652946e+00
127	139	131	135	2.10540000000000e+02	2.51327412287183e+02	3.00000000000000e-02	0.00000000000000e+00	0.00000000000000e+00	2.18392463868670e+02	-1.22060261187971e+00
129	140	133	137	1.64070000000000e+02	2.51327412287183e+02	3.00000000000000e-02	0.00000000000000e+00	0.00000000000000e+00	1.51919976281274e+02	2.56464185497309e+00
130	142	134	138	1.56570000000000e+02	2.51327412287183e+02	3.00000000000000e-02	0.00000000000000e+00	0.00000000000000e+00	1.53646689290213e+02	6.28248435507543e-01
131	143	135	139	1.49650000000000e+02	2.51327412287183e+02	3.00000000000000e-02	0.00000000000000e+00	0.00000000000000e+00	1.39220659154874e+02	2.40796946472172e+00
133	144	137	140	1.55060000000000e+02	2.51327412287183e+02	3.00000000000000e-02	0.00000000000000e+00	0.00000000000000e+00	1.62205983831919e+02	-1.50182979662630e+00
134	145	138	142	1.81140000000000e+02	2.51327412287183e+02	3.00000000000000e-02	0.00000000000000e+00	0.00000000000000e+00	1.65019698796776e+02	3.10684531750386e+00
135	146	139	143	1.88520000000000e+02	2.51327412287183e+02	3.00000000000000e-02	0.00000000000000e+00	0.00000000000000e+00	1.77121468739495e+02	2.07894469294203e+00
137	148	140	144	1.92390000000000e+02	2.51327412287183e+02	3.00000000000000e-02	0.00000000000000e+00	0.00000000000000e+00	1.75467197808904e+02	3.06908144880111e+00
138	149	142	145	1.96110000000000e+02	2.51327412287183e+02	3.00000000000000e-02	0.00000000000000e+00	0.00000000000000e+00	1.78340159487959e+02	3.16609970982817e+00
139	150	143	146	2.14840000000000e+02	2.51327412287183e+02	3.00000000000000e-02	0.00000000000000e+00	0.00000000000000e+00	2.06079633255395e+02	1.38769672484512e+00
140	152	144	148	1.76330000000000e+02	2.51327412287183e+02	3.00000000000000e-02	0.00000000000000e+00	0.00000000000000e+00	1.69807209528284e+02	1.25645025007796e+00
142	153	145	149	1.73940000000000e+02	2.51327412287183e+02	3.00000000000000e-02	0.00000000000000e+00	0.00000000000000e+00	1.69410908576267e+02	8.79441221449332e-01
143	154	146	150	1.79300000000000e+02	2.51327412287183e+02	3.00000000000000e-02	0.00000000000000e+00	0.00000000000000e+00	1.50005133284099e+02	5.94636217354652e+00
141	155	147	151	1.77320000000000e+02	2.51327412287183e+02	3.00000000000000e-02	0.00000000000000e+00	0.00000000000000e+00	1.87915928507242e+02	-1.93462213810349e+00
144	156	148	152	2.19510000000000e+02	2.51327412287183e+02	3.00000000000000e-02	0.00000000000000e+00	0.00000000000000e+00	2.76097865810706e+02	-7.64525331909735e+00
145	157	149	153	1.79810000000000e+02	2.51327412287183e+02	3.00000000000000e-02	0.00000000000000e+00	0.00000000000000e+00	1.76268320085015e+02	6.63111926939219e-01
146	158	150	154	1.62970000000000e+02	2.51327412287183e+02	3.00000000000000e-02	0.00000000000000e+00	0.00000000000000e+00	2.47623962794909e+02	-1.39448393869955e+01
147	159	151	155	3.19350000000000e+02	2.51327412287183e+02	3.00000000000000e-02	0.00000000000000e+00	0.00000000000000e+00	2.70562393370421e+02	5.52616496362655e+00
1	16	6	11	4.75730000000000e+02	3.14159265358979e+02	3.00000000000000e-02	0.00000000000000e+00	0.00000000000000e+00	4.10172283241730e+02	4.94243973134125e+00
3	17	7	12	4.34660000000000e+02	3.14159265358979e+02	3.00000000000000e-02	0.00000000000000e+00	0.00000000000000e+00	4.01582572804905e+02	2.63836477505661e+00
4	18	8	13	4.50810000000000e+02	3.14159265358979e+02	3.00000000000000e-02	0.00000000000000e+00	0.00000000000000e+00	4.47442706956801e+02	2.49915477802620e-01
2	19	9	14	4.72980000000000e+02	3.14159265358979e+02	3.00000000000000e-02	0.00000000000000e+00	0.00000000000000e+00	4.25401567966321e+02	3.53398385590188e+00
5	20	10	15	4.34800000000000e+02	3.14159265358979e+02	3.00000000000000e-02	0.00000000000000e+00	0.00000000000000e+00	3.99664483805723e+02	2.80869168687812e+00
6	21	11	16	4.51050000000000e+02	3.14159265358979e+02	3.00000000000000e-02	0.00000000000000e+00	0.00000000000000e+00	4.42434846652576e+02	6.42832789954599e-01
7	22	12	17	5.08630000000000e+02	3.14159265358979e+02	3.00000000000000e-02	0.00000000000000e+00	0.00000000000000e+00	5.04247629233083e+02	2.88445381530611e-01
8	23	13	18	4.65160000000000e+02	3.14159265358979e+02	3.00000000000000e-02	0.00000000000000e+00	0.00000000000000e+00	4.58380337060147e+02	4.89405422158799e-01
9	24	14	19	4.70440000000000e+02	3.14159265358979e+02	3.00000000000000e-02	0.00000000000000e+00	0.00000000000000e+00	4.49057278674215e+02	1.55059926488486e+00
10	25	15	20	5.41750000000000e+02	3.14159265358979e+02	3.00000000000000e-02	0.00000000000000e+00	0.00000000000000e+00	5.29933265640209e+02	7.35118522817224e-01
11	26	16	21	5.70020000000000e+02	3.14159265358979e+02	3.00000000000000e-02	0.00000000000000e+00	0.00000000000000e+00	5.50218040330209e+02	1.17856037673908e+00
12	27	17	22	5.86600000000000e+02	3.14159265358979e+02	3.00000000000000e-02	0.00000000000000e+00	0.00000000000000e+00	5.59357539998214e+02	1.58514271374646e+00
13	28	18	23	6.40710000000000e+02	3.14159265358979e+02	3.00000000000000e-02	0.00000000000000e+00	0.00000000000000e+00	6.19470597130350e+02	1.12372329228316e+00
14	29	19	24	5.73650000000000e+02	3.14159265358979e+02	3.00000000000000e-02	0.00000000000000e+00	0.00000000000000e+00	5.66225595592917e+02	4.34229222244031e-01
15	30	20	25	5.09290000000000e+02	3.14159265358979e+02	3.00000000000000e-02	0.00000000000000e+00	0.00000000000000e+00	4.86613709739576e+02	1.51823314650426e+00
16	31	21	26	4.12280000000000e+02	3.14159265358979e+02	3.00000000000000e-02	0.00000000000000e+00	0.00000000000000e+00	4.44089390024860e+02	-2.47743802948373e+00
17	32	22	27	4.30870000000000e+02	3.14159265358979e+02	3.00000000000000e-02	0.00000000000000e+00	0.00000000000000e+00	4.20987443703368e+02	7.73447072370666e-01
18	33	23	28	4.13330000000000e+02	3.14159265358979e+02	3.00000000000000e-02	0.00000000000000e+00	0.00000000000000e+00	4.16161733111335e+02	-2.27588694687242e-01
19	34	24	29	4.96710000000000e+02	3.14159265358979e+02	3.00000000000000e-02	0.00000000000000e+00	0.00000000000000e+00	4.89477177021137e+02	4.88950632951587e-01
20	35	25	30	5.66070000000000e+02	3.14159265358979e+02	3.00000000000000e-02	0.00000000000000e+00	0.00000000000000e+00	5.84281107790829e+02	-1.05548235020484e+00
21	36	26	31	6.56540000000000e+02	3.14159265358979e+02	3.00000000000000e-02	0.00000000000000e+00	0.00000000000000e+00	6.22461846587177e+02	1.77670950730260e+00
22	37	27	32	5.92530000000000e+02	3.14159265358979e+02	3.00000000000000e-02	0.00000000000000e+00	0.00000000000000e+00	5.74437458931804e+02	1.03367583378127e+00
23	38	28	33	6.12640000000000e+02	3.14159265358979e+02	3.00000000000000e-02	0.00000000000000e+00	0.00000000000000e+00	5.53842170530204e+02	3.36325774368268e+00
24	39	29	34	5.01490000000000e+02	3.14159265358979e+02	3.00000000000000e-02	0.00000000000000e+00	0.00000000000000e+00	4.56805913813057e+02	3.11083541966761e+00
25	40	30	35	4.07390000000000e+02	3.14159265358979e+02	3.00000000000000e-02	0.00000000000000e+00	0.00000000000000e+00	3.79394808993181e+02	2.37311941103187e+00
26	41	31	36	2.98520000000000e+02	3.14159265358979e+02	3.00000000000000e-02	0.00000000000000e+00	0.00000000000000e+00	3.05599762897792e+02	-7.81311639028903e-01
27	42	32	37	3.34840000000000e+02	3.14159265358979e+02	3.00000000000000e-02	0.00000000000000e+00	0.00000000000000e+00	3.10216317332926e+02	2.54609846040787e+00
28	43	33	38	3.21300000000000e+02	3.14159265358979e+02	3.00000000000000e-02	0.00000000000000e+00	0.00000000000000e+00	3.10370893416881e+02	1.15357511393486e+00
29	44	34	39	3.62850000000000e+02	3.14159265358979e+02	3.00000000000000e-02	0.00000000000000e+00	0.00000000000000e+00	3.37837868595927e+02	2.38078080113464e+00
30	45	35	40	3.30980000000000e+02	3.14159265358979e+02	3.00000000000000e-02	0.00000000000000e+00	0.00000000000000e+00	3.43840796053525e+02	-1.27069324955462e+00
31	46	36	41	3.66200000000000e+02	3.14159265358979e+02	3.00000000000000e-02	0.00000000000000e+00	0.00000000000000e+00	3.49534450894919e+02	1.55258344930115e+00
32	47	37	42	2.65420000000000e+02	3.14159265358979e+02	3.00000000000000e-02	0.00000000000000e+00	0.00000000000000e+00	2.74094825308096e+02	-1.07202157582143e+00
33	48	38	43	2.71160000000000e+02	3.14159265358979e+02	3.00000000000000e-02	0.00000000000000e+00	0.00000000000000e+00	2.60866791617064e+02	1.28997174909443e+00
34	49	39	44	2.62830000000000e+02	3.14159265358979e+02	3.00000000000000e-02	0.00000000000000e+00	0.00000000000000e+00	2.57913676699773e+02	6.29416428209388e-01
35	50	40	45	2.75780000000000e+02	3.14159265358979e+02	3.00000000000000e-02	0.00000000000000e+00	0.00000000000000e+00	2.71643991927836e+02	5.03703020685690e-01
36	51	41	46	1.94690000000000e+02	3.14159265358979e+02	3.00000000000000e-02	0.00000000000000e+00	0.00000000000000e+00	2.43496372419762e+02	-7.45644982535794e+00
37	52	42	47	2.59630000000000e+02	3.14159265358979e+02	3.00000000000000e-02	0.00000000000000e+00	0.00000000000000e+00	2.47784299115752e+02	1.55663114946583e+00
38	53	43	48	2.70440000000000e+02	3.14159265358979e+02	3.00000000000000e-02	0.00000000000000e+00	0.00000000000000e+00	2.60357687851225e+02	1.26646180471444e+00
39	54	44	49	2.44480000000000e+02	3.14159265358979e+02	3.00000000000000e-02	0.00000000000000e+00	0.00000000000000e+00	2.46265479215250e+02	-2.42554395193680e-01
40	55	45	50	2.46730000000000e+02	3.14159265358979e+02	3.00000000000000e-02	0.00000000000000e+00	0.00000000000000e+00	2.36518697199108e+02	1.40891195330228e+00
41	56	46	51	2.54800000000000e+02	3.14159265358979e+02	3.00000000000000e-02	0.00000000000000e+00	0.00000000000000e+00	2.51660022269988e+02	4.13328834727592e-01
42	57	47	52	2.45960000000000e+02	3.14159265358979e+02	3.00000000000000e-02	0.00000000000000e+00	0.00000000000000e+00	2.42822351317764e+02	4.27960321288653e-01
43	58	48	53	2.34260000000000e+02	3.14159265358979e+02	3.00000000000000e-02	0.00000000000000e+00	0.00000000000000e+00	2.30836595706724e+02	4.90717577423124e-01
44	59	49	54	2.57180000000000e+02	3.14159265358979e+02	3.00000000000000e-02	0.00000000000000e+00	0.00000000000000e+00	2.60279324177161e+02	-3.99304975292096e-01
45	60	50	55	2.89910000000000e+02	3.14159265358979e+02	3.00000000000000e-02	0.00000000000000e+00	0.00000000000000e+00	2.86343876136914e+02	4.12569243730587e-01
46	61	51	56	2.81360000000000e+02	3.14159265358979e+02	3.00000000000000e-02	0.00000000000000e+00	0.00000000000000e+00	2.84096580936843e+02	-3.22642196826480e-01
47	62	52	57	3.00960000000000e+02	3.14159265358979e+02	3.00000000000000e-02	0.00000000000000e+00	0.00000000000000e+00	3.05836892554886e+02	-5.35818780727334e-01
48	63	53	58	3.11210000000000e+02	3.14159265358979e+02	3.00000000000000e-02	0.00000000000000e+00	0.00000000000000e+00	3.14174930829628e+02	-3.16066995734114e-01
49	64	54	59	2.81690000000000e+02	3.14159265358979e+02	3.00000000000000e-02	0.00000000000000e+00	0.00000000000000e+00	2.95373251255417e+02	-1.58108798576926e+00
50	65	55	60	2.90140000000000e+02	3.14159265358979e+02	3.00000000000000e-02	0.00000000000000e+00	0.00000000000000e+00	2.87004423509123e+02	3.62197884871366e-01
51	66	56	61	3.19080000000000e+02	3.14159265358979e+02	3.00000000000000e-02	0.00000000000000e+00	0.00000000000000e+00	3.02524191946979e+02	1.77602024637640e+00
52	67	57	62	2.79500000000000e+02	3.14159265358979e+02	3.00000000000000e-02	0.00000000000000e+00	0.00000000000000e+00	2.77576379983129e+02	2.30205136622471e-01
53	68	58	63	3.09170000000000e+02	3.14159265358979e+02	3.00000000000000e-02	0.00000000000000e+00	0.00000000000000e+00	2.92437791598778e+02	1.85464405562058e+00
54	69	59	64	3.28890000000000e+02	3.14159265358979e+02	3.00000000000000e-02	0.00000000000000e+00	0.00000000000000e+00	3.16220456411117e+02	1.30945770464921e+00
55	70	60	65	3.44600000000000e+02	3.14159265358979e+02	3.00000000000000e-02	0.00000000000000e+00	0.00000000000000e+00	3.36378024993705e+02	8.04957405549415e-01
56	71	61	66	3.35580000000000e+02	3.14159265358979e+02	3.00000000000000e-02	0.00000000000000e+00	0.00000000000000e+00	3.26448231867497e+02	9.19633222883428e-01
57	72	62	67	3.67580000000000e+02	3.14159265358979e+02	3.00000000000000e-02	0.00000000000000e+00	0.00000000000000e+00	3.46572686067591e+02	1.96161377352138e+00
58	73	63	68	3.16300000000000e+02	3.14159265358979e+02	3.00000000000000e-02	0.00000000000000e+00	0.00000000000000e+00	3.10619538823730e+02	6.04077162227827e-01
59	74	64	69	2.80780000000000e+02	3.14159265358979e+02	3.00000000000000e-02	0.00000000000000e+00	0.00000000000000e+00	2.90945842887937e+02	-1.18552327977808e+00
60	75	65	70	2.91170000000000e+02	3.14159265358979e+02	3.00000000000000e-02	0.00000000000000e+00	0.00000000000000e+00	3.00033928469824e+02	-9.99609137449623e-01
61	76	66	71	3.19510000000000e+02	3.14159265358979e+02	3.00000000000000e-02	0.00000000000000e+00	0.00000000000000e+00	3.17012100858261e+02	2.61620867638879e-01
62	77	67	72	3.21820000000000e+02	3.14159265358979e+02	3.00000000000000e-02	0.00000000000000e+00	0.00000000000000e+00	3.23218761648783e+02	-1.44566386233643e-01
63	78	68	73	3.79110000000000e+02	3.14159265358979e+02	3.00000000000000e-02	0.00000000000000e+00	0.00000000000000e+00	3.87329767848012e+02	-7.15001435033565e-01
64	79	69	74	4.24130000000000e+02	3.14159265358979e+02	3.00000000000000e-02	0.00000000000000e+00	0.00000000000000e+00	4.16744629948310e+02	5.85545867042410e-01
65	80	70	75	4.38060000000000e+02	3.14159265358979e+02	3.00000000000000e-02	0.00000000000000e+00	0.00000000000000e+00	4.28874688138254e+02	7.06370442667836e-01
66	81	71	76	4.32290000000000e+02	3.14159265358979e+02	3.00000000000000e-02	0.00000000000000e+00	0.00000000000000e+00	4.09373523544932e+02	1.81562198488739e+00
67	82	72	77	4.55970000000000e+02	3.14159265358979e+02	3.00000000000000e-02	0.00000000000000e+00	0.00000000000000e+00	4.34942739282475e+02	1.57375430952268e+00
68	83	73	78	4.94310000000000e+02	3.14159265358979e+02	3.00000000000000e-02	0.00000000000000e+00	0.00000000000000e+00	4.72325647956252e+02	1.51647236449790e+00
69	84	74	79	4.92720000000000e+02	3.14159265358979e+02	3.00000000000000e-02	0.00000000000000e+00	0.00000000000000e+00	4.89562212946814e+02	2.14317086595184e-01
70	85	75	80	6.16620000000000e+02	3.14159265358979e+02	3.00000000000000e-02	0.00000000000000e+00	0.00000000000000e+00	6.01503192081920e+02	8.27370286500824e-01
71	86	76	81	7.05060000000000e+02	3.14159265358979e+02	3.00000000000000e-02	0.00000000000000e+00	0.00000000000000e+00	6.77618053603441e+02	1.32330397128172e+00
72	87	77	82	7.28070000000000e+02	3.14159265358979e+02	3.00000000000000e-02	0.00000000000000e+00	0.00000000000000e+00	7.08256949447283e+02	9.19674887303283e-01
73	88	78	83	7.56740000000000e+02	3.14159265358979e+02	3.00000000000000e-02	0.00000000000000e+00	0.00000000000000e+00	7.51778956590656e+02	2.19246445797605e-01
74	89	79	84	7.98430000000000e+02	3.14159265358979e+02	3.00000000000000e-02	0.00000000000000e+00	0.00000000000000e+00	7.78101621064261e+02	8.59672181951362e-01
75	90	80	85	7.03890000000000e+02	3.14159265358979e+02	3.00000000000000e-02	0.00000000000000e+00	0.00000000000000e+00	6.96336359642523e+02	3.59642500226295e-01
76	91	81	86	6.22550000000000e+02	3.14159265358979e+02	3.00000000000000e-02	0.00000000000000e+00	0.00000000000000e+00	6.06707829065688e+02	8.59220239637596e-01
77	92	82	87	5.23570000000000e+02	3.14159265358979e+02	3.00000000000000e-02	0.00000000000000e+00	0.00000000000000e+00	5.07027356501401e+02	1.07019256722601e+00
78	93	83	88	5.02390000000000e+02	3.14159265358979e+02	3.00000000000000e-02	0.00000000000000e+00	0.00000000000000e+00	4.88783217884014e+02	9.15254550905094e-01
79	94	84	89	4.81430000000000e+02	3.14159265358979e+02	3.00000000000000e-02	0.00000000000000e+00	0.00000000000000e+00	4.62262974242130e+02	1.35423013951034e+00
80	95	85	90	5.53450000000000e+02	3.14159265358979e+02	3.00000000000000e-02	0.00000000000000e+00	0.00000000000000e+00	5.37476989237967e+02	9.76182182209377e-01
81	96	86	91	6.10780000000000e+02	3.14159265358979e+02	3.00000000000000e-02	0.00000000000000e+00	0.00000000000000e+00	5.74351698444468e+02	2.04983017065432e+00
82	97	87	92	6.68380000000000e+02	3.14159265358979e+02	3.00000000000000e-02	0.00000000000000e+00	0.00000000000000e+00	6.37498764579178e+02	1.57681783185328e+00
83	98	88	93	8.07710000000000e+02	3.14159265358979e+02	3.00000000000000e-02	0.00000000000000e+00	0.00000000000000e+00	7.59242988744334e+02	2.06270712574010e+00
84	99	89	94	8.73530000000000e+02	3.14159265358979e+02	3.00000000000000e-02	0.00000000000000e+00	0.00000000000000e+00	8.50000338231320e+02	9.10190872386470e-01
85	100	90	95	8.37770000000000e+02	3.14159265358979e+02	3.00000000000000e-02	0.00000000000000e+00	0.00000000000000e+00	8.26429865645931e+02	4.54284773175277e-01
86	101	91	96	7.87450000000000e+02	3.14159265358979e+02	3.00000000000000e-02	0.00000000000000e+00	0.00000000000000e+00	7.84492009483311e+02	1.25449666303279e-01
87	102	92	97	6.83810000000000e+02	3.14159265358979e+02	3.00000000000000e-02	0.00000000000000e+00	0.00000000000000e+00	6.84627376948404e+02	-3.98204579607745e-02
88	103	93	98	6.13490000000000e+02	3.14159265358979e+02	3.00000000000000e-02	0.00000000000000e+00	0.00000000000000e+00	5.98948695409921e+02	7.99600668439204e-01
89	104	94	99	5.39280000000000e+02	3.14159265358979e+02	3.00000000000000e-02	0.00000000000000e+00	0.00000000000000e+00	5.32422795485027e+02	4.26567149252991e-01
90	105	95	100	4.92970000000000e+02	3.14159265358979e+02	3.00000000000000e-02	0.00000000000000e+00	0.00000000000000e+00	5.15295389520769e+02	-1.47639959516948e+00
91	106	96	101	4.95180000000000e+02	3.14159265358979e+02	3.00000000000000e-02	0.00000000000000e+00	0.00000000000000e+00	4.96722684214716e+02	-1.03685269608859e-01
92	107	97	102	4.60220000000000e+02	3.14159265358979e+02	3.00000000000000e-02	0.00000000000000e+00	0.00000000000000e+00	4.83155617158016e+02	-1.62113848238175e+00
93	108	98	103	5.08790000000000e+02	3.14159265358979e+02	3.00000000000000e-02	0.00000000000000e+00	0.00000000000000e+00	5.28344583942734e+02	-1.25711114002206e+00
94	109	99	104	5.44820000000000e+02	3.14159265358979e+02	3.00000000000000e-02	0.00000000000000e+00	0.00000000000000e+00	5.57917961951468e+02	-7.91882169973857e-01
95	110	100	105	5.26280000000000e+02	3.14159265358979e+02	3.00000000000000e-02	0.00000000000000e+00	0.00000000000000e+00	5.05368820048778e+02	1.35149636860377e+00
96	111	101	106	4.08840000000000e+02	3.14159265358979e+02	3.00000000000000e-02	0.00000000000000e+00	0.00000000000000e+00	4.27532801781680e+02	-1.49023777620891e+00
97	112	102	107	4.40220000000000e+02	3.14159265358979e+02	3.00000000000000e-02	0.00000000000000e+00	0.00000000000000e+00	4.35630288137390e+02	3.49356043884856e-01
98	113	103	108	3.96780000000000e+02	3.14159265358979e+02	3.00000000000000e-02	0.00000000000000e+00	0.00000000000000e+00	4.07192337679753e+02	-8.63455901723320e-01
99	114	104	109	3.93720000000000e+02	3.14159265358979e+02	3.00000000000000e-02	0.00000000000000e+00	0.00000000000000e+00	3.73142339315554e+02	1.78933477221396e+00
100	115	105	110	3.61370000000000e+02	3.14159265358979e+02	3.00000000000000e-02	0.00000000000000e+00	0.00000000000000e+00	3.86377891972414e+02	-2.23045070370989e+00
101	116	106	111	4.55780000000000e+02	3.14159265358979e+02	3.00000000000000e-02	0.00000000000000e+00	0.00000000000000e+00	4.20286546740306e+02	2.70245013877271e+00
102	117	107	112	3.77580000000000e+02	3.14159265358979e+02	3.00000000000000e-02	0.00000000000000e+00	0.00000000000000e+00	3.90737945265410e+02	-1.14182172701129e+00
103	118	108	113	4.08080000000000e+02	3.14159265358979e+02	3.00000000000000e-02	0.00000000000000e+00	0.00000000000000e+00	3.81656027707069e+02	2.23144938954227e+00
104	119	109	114	3.93570000000000e+02	3.14159265358979e+02	3.00000000000000e-02	0.00000000000000e+00	0.00000000000000e+00	3.94859847471258e+02	-1.09064754977783e-01
105	120	110	115	4.33420000000000e+02	3.14159265358979e+02	3.00000000000000e-02	0.00000000000000e+00	0.00000000000000e+00	4.06854263882621e+02	2.10840624879554e+00
106	121	111	116	3.33420000000000e+02	3.14159265358979e+02	3.00000000000000e-02	0.00000000000000e+00	0.00000000000000e+00	3.42679443615669e+02	-9.13082898271167e-01
107	122	112	117	4.18440000000000e+02	3.14159265358979e+02	3.00000000000000e-02	0.00000000000000e+00	0.00000000000000e+00	4.20830906417165e+02	-1.89919835323593e-01
108	123	113	118	4.44480000000000e+02	3.14159265358979e+02	3.00000000000000e-02	0.00000000000000e+00	0.00000000000000e+00	4.53827514060280e+02	-6.93738043607765e-01
109	124	114	119	4.62900000000000e+02	3.14159265358979e+02	3.00000000000000e-02	0.00000000000000e+00	0.00000000000000e+00	4.44302725913689e+02	1.36683009381366e+00
110	125	115	120	4.46610000000000e+02	3.14159265358979e+02	3.00000000000000e-02	0.00000000000000e+00	0.00000000000000e+00	4.31660211325625e+02	1.13489998871259e+00
111	126	116	121	5.05290000000000e+02	3.14159265358979e+02	3.00000000000000e-02	0.00000000000000e+00	0.00000000000000e+00	4.75505781101324e+02	2.02511606750238e+00
112	127	117	122	3.86530000000000e+02	3.14159265358979e+02	3.00000000000000e-02	0.00000000000000e+00	0.00000000000000e+00	3.85380843612137e+02	9.92478381256490e-02
113	128	118	123	3.53860000000000e+02	3.14159265358979e+02	3.00000000000000e-02	0.00000000000000e+00	0.00000000000000e+00	3.33304549433471e+02	1.99482399329796e+00
114	129	119	124	3.47420000000000e+02	3.14159265358979e+02	3.00000000000000e-02	0.00000000000000e+00	0.00000000000000e+00	3.46455058038428e+02	9.27105028910802e-02
115	130	120	125	4.05240000000000e+02	3.14159265358979e+02	3.00000000000000e-02	0.00000000000000e+00	0.00000000000000e+00	3.97719053930240e+02	6.24454093653704e-01
116	131	121	126	3.54900000000000e+02	3.14159265358979e+02	3.00000000000000e-02	0.00000000000000e+00	0.00000000000000e+00	3.57067335831818e+02	-2.02944003895637e-01
117	132	122	127	4.01530000000000e+02	3.14159265358979e+02	3.00000000000000e-02	0.00000000000000e+00	0.00000000000000e+00	4.07563780177851e+02	-4.97172860376397e-01
118	133	123	128	3.91160000000000e+02	3.14159265358979e+02	3.00000000000000e-02	0.00000000000000e+00	0.00000000000000e+00	3.91560848624390e+02	-3.41414745872607e-02
119	134	124	129	3.51000000000000e+02	3.14159265358979e+02	3.00000000000000e-02	0.00000000000000e+00	0.00000000000000e+00	3.41820119864877e+02	8.83386335963632e-01
120	135	125	130	3.02580000000000e+02	3.14159265358979e+02	3.00000000000000e-02	0.00000000000000e+00	0.00000000000000e+00	3.02882069157573e+02	-3.32604576485392e-02
121	136	126	131	3.22650000000000e+02	3.14159265358979e+02	3.00000000000000e-02	0.00000000000000e+00	0.00000000000000e+00	3.11069488280977e+02	1.21839407244764e+00
122	137	127	132	2.42840000000000e+02	3.14159265358979e+02	3.00000000000000e-02	0.00000000000000e+00	0.00000000000000e+00	2.49075886498847e+02	-8.45160827554932e-01
123	138	128	133	2.34790000000000e+02	3.14159265358979e+02	3.00000000000000e-02	0.00000000000000e+00	0.00000000000000e+00	2.37187979490730e+02	-3.38716384901172e-01
124	139	129	134	2.40560000000000e+02	3.14159265358979e+02	3.00000000000000e-02	0.00000000000000e+00	0.00000000000000e+00	2.45303052028243e+02	-6.50828484325820e-01
126	140	131	136	2.18830000000000e+02	3.14159265358979e+02	3.00000000000000e-02	0.00000000000000e+00	0.00000000000000e+00	2.22799929646142e+02	-5.99300653848456e-01
127	142	132	137	2.13270000000000e+02	3.14159265358979e+02	3.00000000000000e-02	0.00000000000000e+00	0.00000000000000e+00	2.06035824085996e+02	1.15029705364241e+00
128	143	133	138	1.60260000000000e+02	3.14159265358979e+02	3.00000000000000e-02	0.00000000000000e+00	0.00000000000000e+00	1.69446467023614e+02	-1.85798506056430e+00
129	141	134	139	1.69470000000000e+02	3.14159265358979e+02	3.00000000000000e-02	0.00000000000000e+00	0.00000000000000e+00	1.54752269810091e+02	3.02834469848883e+00
131	145	136	140	1.52500000000000e+02	3.14159265358979e+02	3.00000000000000e-02	0.00000000000000e+00	0.00000000000000e+00	1.45845813677666e+02	1.48715343585423e+00
132	146	137	142	1.59490000000000e+02	3.14159265358979e+02	3.00000000000000e-02	0.00000000000000e+00	0.00000000000000e+00	1.57312893016841e+02	4.58148437434650e-01
133	147	138	143	1.98320000000000e+02	3.14159265358979e+02	3.00000000000000e-02	0.00000000000000e+00	0.00000000000000e+00	1.78721915324636e+02	3.46836118539899e+00
134	148	139	141	1.98040000000000e+02	3.14159265358979e+02	3.00000000000000e-02	0.00000000000000e+00	0.00000000000000e+00	1.89234941239916e+02	1.51599040228589e+00
136	150	140	145	2.28070000000000e+02	3.14159265358979e+02	3.00000000000000e-02	0.00000000000000e+00	0.00000000000000e+00	2.12674687967021e+02	2.32962958998026e+00
137	151	142	146	2.16900000000000e+02	3.14159265358979e+02	3.00000000000000e-02	0.00000000000000e+00	0.00000000000000e+00	2.19607031483612e+02	-4.13443693212153e-01
138	152	143	147	2.08370000000000e+02	3.14159265358979e+02	3.00000000000000e-02	0.00000000000000e+00	0.00000000000000e+00	1.91350443871273e+02	2.84029380101491e+00
139	153	141	148	1.91280000000000e+02	3.14159265358979e+02	3.00000000000000e-02	0.00000000000000e+00	0.00000000000000e+00	1.94516362010415e+02	-5.59265327237254e-01
140	155	145	150	1.86020000000000e+02	3.14159265358979e+02	3.00000000000000e-02	0.00000000000000e+00	0.00000000000000e+00	1.74605707844007e+02	2.11079536564881e+00
142	156	146	151	2.03140000000000e+02	3.14159265358979e+02	3.00000000000000e-02	0.00000000000000e+00	0.00000000000000e+00	2.02688424603982e+02	7.41816910816577e-02
143	157	147	152	1.87480000000000e+02	3.14159265358979e+02	3.00000000000000e-02	0.00000000000000e+00	0.00000000000000e+00	1.80771589645005e+02	1.21459581209837e+00
141	158	148	153	1.62340000000000e+02	3.14159265358979e+02	3.00000000000000e-02	0.00000000000000e+00	0.00000000000000e+00	1.87126672294853e+02	-4.73642927154246e+00
144	159	149	154	3.28430000000000e+02	3.14159265358979e+02	3.00000000000000e-02	0.00000000000000e+00	0.00000000000000e+00	2.47968115705854e+02	9.36745177393910e+00
1	19	7	13	4.37120000000000e+02	3.76991118430775e+02	3.00000000000000e-02	0.00000000000000e+00	0.00000000000000e+00	4.40921788462738e+02	-2.88658411713261e-01
3	20	8	14	5.45810000000000e+02	3.76991118430775e+02	3.00000000000000e-02	0.00000000000000e+00	0.00000000000000e+00	4.93283897358434e+02	3.37286882747693e+00
4	21	9	15	4.78970000000000e+02	3.76991118430775e+02	3.00000000000000e-02	0.00000000000000e+00	0.00000000000000e+00	4.12772855706568e+02	4.95801698296221e+00
2	22	10	16	4.55650000000000e+02	3.76991118430775e+02	3.00000000000000e-02	0.00000000000000e+00	0.00000000000000e+00	4.13337476803871e+02	3.24868588453050e+00
5	23	11	17	4.67170000000000e+02	3.76991118430775e+02	3.00000000000000e-02	0.00000000000000e+00	0.00000000000000e+00	4.59648029355805e+02	5.41072469805008e-01
6	24	12	18	5.27210000000000e+02	3.76991118430775e+02	3.00000000000000e-02	0.00000000000000e+00	0.00000000000000e+00	5.10381277127869e+02	1.08136341757978e+00
7	25	13	19	5.49800000000000e+02	3.76991118430775e+02	3.00000000000000e-02	0.00000000000000e+00	0.00000000000000e+00	5.19435255819093e+02	1.89374669444211e+00
8	26	14	20	5.37030000000000e+02	3.76991118430775e+02	3.00000000000000e-02	0.00000000000000e+00	0.00000000000000e+00	5.30735507460089e+02	3.93005481144441e-01
9	27	15	21	5.79780000000000e+02	3.76991118430775e+02	3.00000000000000e-02	0.00000000000000e+00	0.00000000000000e+00	5.75525368572970e+02	2.45513770758995e-01
10	28	16	22	5.89300000000000e+02	3.76991118430775e+02	3.00000000000000e-02	0.00000000000000e+00	0.00000000000000e+00	5.97913757213183e+02	-4.83704433306483e-01
11	29	17	23	5.56230000000000e+02	3.76991118430775e+02	3.00000000000000e-02	0.00000000000000e+00	0.00000000000000e+00	5.51712923418365e+02	2.71801101774116e-01
12	30	18	24	5.12390000000000e+02	3.76991118430775e+02	3.00000000000000e-02	0.00000000000000e+00	0.00000000000000e+00	4.83083944911623e+02	1.96318720962904e+00
13	31	19	25	4.30740000000000e+02	3.76991118430775e+02	3.00000000000000e-02	0.00000000000000e+00	0.00000000000000e+00	4.59658750082513e+02	-2.16599022382843e+00
14	32	20	26	4.52530000000000e+02	3.76991118430775e+02	3.00000000000000e-02	0.00000000000000e+00	0.00000000000000e+00	4.50722567035004e+02	1.33401992115445e-01
15	33	21	27	4.31490000000000e+02	3.76991118430775e+02	3.00000000000000e-02	0.00000000000000e+00	0.00000000000000e+00	4.32240588807488e+02	-5.79338824826377e-02
16	34	22	28	4.25550000000000e+02	3.76991118430775e+02	3.00000000000000e-02	0.00000000000000e+00	0.00000000000000e+00	4.44625126597590e+02	-1.46163550248382e+00
17	35	23	29	4.78910000000000e+02	3.76991118430775e+02	3.00000000000000e-02	0.00000000000000e+00	0.00000000000000e+00	4.73081736519161e+02	4.08150342446412e-01
18	36	24	30	4.88820000000000e+02	3.76991118430775e+02	3.00000000000000e-02	0.00000000000000e+00	0.00000000000000e+00	5.21497115153164e+02	-2.15698063499108e+00
19	37	25	31	5.21810000000000e+02	3.76991118430775e+02	3.00000000000000e-02	0.00000000000000e+00	0.00000000000000e+00	5.36706157474616e+02	-9.38240500324916e-01
20	38	26	32	6.24500000000000e+02	3.76991118430775e+02	3.00000000000000e-02	0.00000000000000e+00	0.00000000000000e+00	5.38992126303427e+02	4.90834555782366e+00
21	39	27	33	5.54280000000000e+02	3.76991118430775e+02	3.00000000000000e-02	0.00000000000000e+00	0.00000000000000e+00	5.25027993121956e+02	1.80727976093555e+00
22	40	28	34	5.37590000000000e+02	3.76991118430775e+02	3.00000000000000e-02	0.00000000000000e+00	0.00000000000000e+00	5.19693863648852e+02	1.12854244626893e+00
23	41	29	35	5.36380000000000e+02	3.76991118430775e+02	3.00000000000000e-02	0.00000000000000e+00	0.00000000000000e+00	4.68899243043714e+02	4.48183177779657e+00
24	42	30	36	4.17650000000000e+02	3.76991118430775e+02	3.00000000000000e-02	0.00000000000000e+00	0.00000000000000e+00	3.87726314696839e+02	2.47813483216532e+00
25	43	31	37	3.28560000000000e+02	3.76991118430775e+02	3.00000000000000e-02	0.00000000000000e+00	0.00000000000000e+00	3.33040667099722e+02	-4.51504543275701e-01
26	44	32	38	3.48160000000000e+02	3.76991118430775e+02	3.00000000000000e-02	0.00000000000000e+00	0.00000000000000e+00	3.22585986168313e+02	2.54308065839274e+00
27	45	33	39	3.36070000000000e+02	3.76991118430775e+02	3.00000000000000e-02	0.00000000000000e+00	0.00000000000000e+00	3.24480016025919e+02	1.16985070819521e+00
28	46	34	40	3.44200000000000e+02	3.76991118430775e+02	3.00000000000000e-02	0.00000000000000e+00	0.00000000000000e+00	3.36054849569112e+02	7.98283145722352e-01
29	47	35	41	3.86670000000000e+02	3.76991118430775e+02	3.00000000000000e-02	0.00000000000000e+00	0.00000000000000e+00	3.54410647662821e+02	2.90384512032900e+00
30	48	36	42	3.58040000000000e+02	3.76991118430775e+02	3.00000000000000e-02	0.00000000000000e+00	0.00000000000000e+00	3.61159620144243e+02	-2.89176989004325e-01
31	49	37	43	3.02810000000000e+02	3.76991118430775e+02	3.00000000000000e-02	0.00000000000000e+00	0.00000000000000e+00	3.12474795734155e+02	-1.04727553853401e+00
32	50	38	44	3.14120000000000e+02	3.76991118430775e+02	3.00000000000000e-02	0.00000000000000e+00	0.00000000000000e+00	3.02833145723596e+02	1.21976996178551e+00
33	51	39	45	2.92830000000000e+02	3.76991118430775e+02	3.00000000000000e-02	0.00000000000000e+00	0.00000000000000e+00	2.82185282587232e+02	1.23427834052334e+00
34	52	40	46	2.67590000000000e+02	3.76991118430775e+02	3.00000000000000e-02	0.00000000000000e+00	0.00000000000000e+00	2.66714488480882e+02	1.09240120765186e-01
35	53	41	47	2.81680000000000e+02	3.76991118430775e+02	3.00000000000000e-02	0.00000000000000e+00	0.00000000000000e+00	2.78749278752713e+02	3.48631317000958e-01
36	54	42	48	2.85820000000000e+02	3.76991118430775e+02	3.00000000000000e-02	0.00000000000000e+00	0.00000000000000e+00	2.79894252660620e+02	6.98345976284583e-01
37	55	43	49	2.84580000000000e+02	3.76991118430775e+02	3.00000000000000e-02	0.00000000000000e+00	0.00000000000000e+00	2.72722142678757e+02	1.41869748734914e+00
38	56	44	50	2.52260000000000e+02	3.76991118430775e+02	3.00000000000000e-02	0.00000000000000e+00	0.00000000000000e+00	2.41509139565509e+02	1.45176614302551e+00
39	57	45	51	2.38040000000000e+02	3.76991118430775e+02	3.00000000000000e-02	0.00000000000000e+00	0.00000000000000e+00	2.30999995266661e+02	1.00070122485013e+00
40	58	46	52	1.86300000000000e+02	3.76991118430775e+02	3.00000000000000e-02	0.00000000000000e+00	0.00000000000000e+00	2.40372534610960e+02	-8.49438899400464e+00
41	59	47	53	2.50570000000000e+02	3.76991118430775e+02	3.00000000000000e-02	0.00000000000000e+00	0.00000000000000e+00	2.41490594375029e+02	1.23025989864510e+00
42	60	48	54	2.57560000000000e+02	3.76991118430775e+02	3.00000000000000e-02	0.00000000000000e+00	0.00000000000000e+00	2.44896649992242e+02	1.68054726299246e+00
43	61	49	55	2.42430000000000e+02	3.76991118430775e+02	3.00000000000000e-02	0.00000000000000e+00	0.00000000000000e+00	2.53703335299098e+02	-1.51508680772260e+00
44	62	50	56	2.94140000000000e+02	3.76991118430775e+02	3.00000000000000e-02	0.00000000000000e+00	0.00000000000000e+00	3.00185246674028e+02	-6.78130950987536e-01
45	63	51	57	3.20320000000000e+02	3.76991118430775e+02	3.00000000000000e-02	0.00000000000000e+00	0.00000000000000e+00	3.10864140678126e+02	9.98817536235504e-01
46	64	52	58	2.89230000000000e+02	3.76991118430775e+02	3.00000000000000e-02	0.00000000000000e+00	0.00000000000000e+00	2.84482370477479e+02	5.51697812842396e-01
47	65	53	59	2.91850000000000e+02	3.76991118430775e+02	3.00000000000000e-02	0.00000000000000e+00	0.00000000000000e+00	2.99990899308813e+02	-9.17072230299206e-01
48	66	54	60	2.94140000000000e+02	3.76991118430775e+02	3.00000000000000e-02	0.00000000000000e+00	0.00000000000000e+00	3.02629983208132e+02	-9.48501242046973e-01
49	67	55	61	3.30850000000000e+02	3.76991118430775e+02	3.00000000000000e-02	0.00000000000000e+00	0.00000000000000e+00	3.32782014719193e+02	-1.94085490617694e-01
50	68	56	62	3.14560000000000e+02	3.76991118430775e+02	3.00000000000000e-02	0.00000000000000e+00	0.00000000000000e+00	3.10651296284096e+02	4.16792921521599e-01
51	69	57	63	3.03830000000000e+02	3.76991118430775e+02	3.00000000000000e-02	0.00000000000000e+00	0.00000000000000e+00	3.02139354525021e+02	1.85999489803201e-01
52	70	58	64	3.17750000000000e+02	3.76991118430775e+02	3.00000000000000e-02	0.00000000000000e+00	0.00000000000000e+00	3.09374613073116e+02	8.90400914004896e-01
53	71	59	65	3.41850000000000e+02	3.76991118430775e+02	3.00000000000000e-02	0.00000000000000e+00	0.00000000000000e+00	3.28564902833308e+02	1.32125508790709e+00
54	72	60	66	3.68260000000000e+02	3.76991118430775e+02	3.00000000000000e-02	0.00000000000000e+00	0.00000000000000e+00	3.61073743958356e+02	6.56899869164137e-01
55	73	61	67	3.33210000000000e+02	3.76991118430775e+02	3.00000000000000e-02	0.00000000000000e+00	0.00000000000000e+00	3.35323019905046e+02	-2.10712797370297e-01
56	74	62	68	3.39420000000000e+02	3.76991118430775e+02	3.00000000000000e-02	0.00000000000000e+00	0.00000000000000e+00	3.23482947202661e+02	1.60306264900054e+00
57	75	63	69	3.17510000000000e+02	3.76991118430775e+02	3.00000000000000e-02	0.00000000000000e+00	0.00000000000000e+00	3.20183411711242e+02	-2.79489309909516e-01
58	76	64	70	3.10090000000000e+02	3.76991118430775e+02	3.00000000000000e-02	0.00000000000000e+00	0.00000000000000e+00	3.31912191923661e+02	-2.26692912842920e+00
59	77	65	71	3.38190000000000e+02	3.76991118430775e+02	3.00000000000000e-02	0.00000000000000e+00	0.00000000000000e+00	3.43180484300500e+02	-4.88287811538690e-01
60	78	66	72	3.19420000000000e+02	3.76991118430775e+02	3.00000000000000e-02	0.00000000000000e+00	0.00000000000000e+00	3.30132529990414e+02	-1.09957762139340e+00
61	79	67	73	3.93190000000000e+02	3.76991118430775e+02	3.00000000000000e-02	0.00000000000000e+00	0.00000000000000e+00	3.86910804410125e+02	5.36625623158985e-01
62	80	68	74	4.39810000000000e+02	3.76991118430775e+02	3.00000000000000e-02	0.00000000000000e+00	0.00000000000000e+00	4.29630474572903e+02	7.80577923455539e-01
63	81	69	75	4.55950000000000e+02	3.76991118430775e+02	3.00000000000000e-02	0.00000000000000e+00	0.00000000000000e+00	4.51810161765264e+02	3.04035295501818e-01
64	82	70	76	4.52370000000000e+02	3.76991118430775e+02	3.00000000000000e-02	0.00000000000000e+00	0.00000000000000e+00	4.28739072153247e+02	1.78839728598996e+00
65	83	71	77	4.50140000000000e+02	3.76991118430775e+02	3.00000000000000e-02	0.00000000000000e+00	0.00000000000000e+00	4.37869883006017e+02	9.21228333692762e-01
66	84	72	78	5.54590000000000e+02	3.76991118430775e+02	3.00000000000000e-02	0.00000000000000e+00	0.00000000000000e+00	5.33110008049251e+02	1.31671016825360e+00
67	85	73	79	5.72250000000000e+02	3.76991118430775e+02	3.00000000000000e-02	0.00000000000000e+00	0.00000000000000e+00	5.57874226956492e+02	8.48080719241621e-01
68	86	74	80	6.51870000000000e+02	3.76991118430775e+02	3.00000000000000e-02	0.00000000000000e+00	0.00000000000000e+00	6.36343979509814e+02	8.03529670772670e-01
69	87	75	81	7.31180000000000e+02	3.76991118430775e+02	3.00000000000000e-02	0.00000000000000e+00	0.00000000000000e+00	6.90029416032767e+02	1.93084796180433e+00
70	88	76	82	7.33690000000000e+02	3.76991118430775e+02	3.00000000000000e-02	0.00000000000000e+00	0.00000000000000e+00	7.24130391895958e+02	4.37170686820328e-01
71	89	77	83	8.20540000000000e+02	3.76991118430775e+02	3.00000000000000e-02	0.00000000000000e+00	0.00000000000000e+00	8.10149411414781e+02	4.24799030357666e-01
72	90	78	84	7.61870000000000e+02	3.76991118430775e+02	3.00000000000000e-02	0.00000000000000e+00	0.00000000000000e+00	7.64228474518010e+02	-1.03028580615246e-01
73	91	79	85	7.18950000000000e+02	3.76991118430775e+02	3.00000000000000e-02	0.00000000000000e+00	0.00000000000000e+00	7.14399917684147e+02	2.11629997840864e-01
74	92	80	86	5.88680000000000e+02	3.76991118430775e+02	3.00000000000000e-02	0.00000000000000e+00	0.00000000000000e+00	5.85820019945685e+02	1.62337769748315e-01
75	93	81	87	5.05160000000000e+02	3.76991118430775e+02	3.00000000000000e-02	0.00000000000000e+00	0.00000000000000e+00	5.10734135676749e+02	-3.65798719962977e-01
76	94	82	88	4.89250000000000e+02	3.76991118430775e+02	3.00000000000000e-02	0.00000000000000e+00	0.00000000000000e+00	4.71202951586115e+02	1.25282366603674e+00
77	95	83	89	4.12610000000000e+02	3.76991118430775e+02	3.00000000000000e-02	0.00000000000000e+00	0.00000000000000e+00	4.20313336439170e+02	-6.16587845908671e-01
78	96	84	90	4.40640000000000e+02	3.76991118430775e+02	3.00000000000000e-02	0.00000000000000e+00	0.00000000000000e+00	4.50355676098443e+02	-7.26981545307215e-01
79	97	85	91	4.62230000000000e+02	3.76991118430775e+02	3.00000000000000e-02	0.00000000000000e+00	0.00000000000000e+00	4.69462957796605e+02	-5.17559856778297e-01
80	98	86	92	5.93730000000000e+02	3.76991118430775e+02	3.00000000000000e-02	0.00000000000000e+00	0.00000000000000e+00	5.96472386822547e+02	-1.53609263212721e-01
81	99	87	93	7.68010000000000e+02	3.76991118430775e+02	3.00000000000000e-02	0.00000000000000e+00	0.00000000000000e+00	7.01730240062460e+02	3.00845657125572e+00
82	100	88	94	7.41920000000000e+02	3.76991118430775e+02	3.00000000000000e-02	0.00000000000000e+00	0.00000000000000e+00	7.28506713912231e+02	6.08152632439059e-01
83	101	89	95	8.38060000000000e+02	3.76991118430775e+02	3.00000000000000e-02	0.00000000000000e+00	0.00000000000000e+00	8.23891419290168e+02	5.68364948125340e-01
84	102	90	96	8.43180000000000e+02	3.76991118430775e+02	3.00000000000000e-02	0.00000000000000e+00	0.00000000000000e+00	8.36710525413300e+02	2.56743181473418e-01
85	103	91	97	8.28880000000000e+02	3.76991118430775e+02	3.00000000000000e-02	0.00000000000000e+00	0.00000000000000e+00	8.24772522442452e+02	1.65592466740290e-01
86	104	92	98	6.90200000000000e+02	3.76991118430775e+02	3.00000000000000e-02	0.00000000000000e+00	0.00000000000000e+00	6.83150066988657e+02	3.42228594030688e-01
87	105	93	99	5.89230000000000e+02	3.76991118430775e+02	3.00000000000000e-02	0.00000000000000e+00	0.00000000000000e+00	6.00349049803199e+02	-6.23154531606129e-01
88	106	94	100	6.20940000000000e+02	3.76991118430775e+02	3.00000000000000e-02	0.00000000000000e+00	0.00000000000000e+00	5.92293583322200e+02	1.57440097255754e+00
89	107	95	101	5.54410000000000e+02	3.76991118430775e+02	3.00000000000000e-02	0.00000000000000e+00	0.00000000000000e+00	5.61925287950576e+02	-4.48813874522062e-01
90	108	96	102	5.40460000000000e+02	3.76991118430775e+02	3.00000000000000e-02	0.00000000000000e+00	0.00000000000000e+00	5.37885781107625e+02	1.59146464729047e-01
91	109	97	103	4.86190000000000e+02	3.76991118430775e+02	3.00000000000000e-02	0.00000000000000e+00	0.00000000000000e+00	4.98314429639674e+02	-8.21058953362108e-01
92	110	98	104	4.94210000000000e+02	3.76991118430775e+02	3.00000000000000e-02	0.00000000000000e+00	0.00000000000000e+00	5.23019162703485e+02	-1.88858584298481e+00
93	111	99	105	5.45310000000000e+02	3.76991118430775e+02	3.00000000000000e-02	0.00000000000000e+00	0.00000000000000e+00	5.30424947388548e+02	9.22532249376514e-01
94	112	100	106	4.84090000000000e+02	3.76991118430775e+02	3.00000000000000e-02	0.00000000000000e+00	0.00000000000000e+00	4.84360999138586e+02	-1.86551614141569e-02
95	113	101	107	4.43800000000000e+02	3.76991118430775e+02	3.00000000000000e-02	0.00000000000000e+00	0.00000000000000e+00	4.53545872709754e+02	-7.24080218452835e-01
96	114	102	108	4.32550000000000e+02	3.76991118430775e+02	3.00000000000000e-02	0.00000000000000e+00	0.00000000000000e+00	4.50221527674668e+02	-1.33472729091961e+00
97	115	103	109	4.51030000000000e+02	3.76991118430775e+02	3.00000000000000e-02	0.00000000000000e+00	0.00000000000000e+00	4.45317121267215e+02	4.24906523722068e-01
98	116	104	110	4.40290000000000e+02	3.76991118430775e+02	3.00000000000000e-02	0.00000000000000e+00	0.00000000000000e+00	4.38162445480070e+02	1.61462633582143e-01
99	117	105	111	4.01330000000000e+02	3.76991118430775e+02	3.00000000000000e-02	0.00000000000000e+00	0.00000000000000e+00	4.00563263412966e+02	6.37438801128395e-02
100	118	106	112	3.74710000000000e+02	3.76991118430775e+02	3.00000000000000e-02	0.00000000000000e+00	0.00000000000000e+00	3.70993377272432e+02	3.32272734340104e-01
101	119	107	113	3.93430000000000e+02	3.76991118430775e+02	3.00000000000000e-02	0.00000000000000e+00	0.00000000000000e+00	3.89586004142317e+02	3.27283794833259e-01
102	120	108	114	4.10720000000000e+02	3.76991118430775e+02	3.00000000000000e-02	0.00000000000000e+00	0.00000000000000e+00	4.05636835010044e+02	4.15115095655860e-01
103	121	109	115	4.19460000000000e+02	3.76991118430775e+02	3.00000000000000e-02	0.00000000000000e+00	0.00000000000000e+00	4.22839802000919e+02	-2.67507296278335e-01
104	122	110	116	4.08860000000000e+02	3.76991118430775e+02	3.00000000000000e-02	0.00000000000000e+00	0.00000000000000e+00	3.96949946733084e+02	9.85420172541396e-01
105	123	111	117	3.96800000000000e+02	3.76991118430775e+02	3.00000000000000e-02	0.00000000000000e+00	0.00000000000000e+00	4.05724770726248e+02	-7.41421656487666e-01
106	124	112	118	4.48200000000000e+02	3.76991118430775e+02	3.00000000000000e-02	0.00000000000000e+00	0.00000000000000e+00	4.49184731217656e+02	-7.31556621259048e-02
107	125	113	119	4.33340000000000e+02	3.76991118430775e+02	3.00000000000000e-02	0.00000000000000e+00	0.00000000000000e+00	4.39458136061206e+02	-4.67327325054760e-01
108	126	114	120	4.39240000000000e+02	3.76991118430775e+02	3.00000000000000e-02	0.00000000000000e+00	0.00000000000000e+00	4.33132338665435e+02	4.66754913372795e-01
109	127	115	121	4.19420000000000e+02	3.76991118430775e+02	3.00000000000000e-02	0.00000000000000e+00	0.00000000000000e+00	4.17652724687235e+02	1.40750648975541e-01
110	128	116	122	4.22280000000000e+02	3.76991118430775e+02	3.00000000000000e-02	0.00000000000000e+00	0.00000000000000e+00	4.21954787320797e+02	2.56810625174353e-02
111	129	117	123	4.16200000000000e+02	3.76991118430775e+02	3.00000000000000e-02	0.00000000000000e+00	0.00000000000000e+00	4.05518332188003e+02	8.66661085920454e-01
112	130	118	124	3.67050000000000e+02	3.76991118430775e+02	3.00000000000000e-02	0.00000000000000e+00	0.00000000000000e+00	3.57837030676188e+02	8.47347245859324e-01
113	131	119	125	3.73440000000000e+02	3.76991118430775e+02	3.00000000000000e-02	0.00000000000000e+00	0.00000000000000e+00	3.55623130555972e+02	1.62952670053415e+00
114	132	120	126	3.61760000000000e+02	3.76991118430775e+02	3.00000000000000e-02	0.00000000000000e+00	0.00000000000000e+00	3.72084677556262e+02	-9.38014922653826e-01
115	133	121	127	3.79420000000000e+02	3.76991118430775e+02	3.00000000000000e-02	0.00000000000000e+00	0.00000000000000e+00	3.82391348583265e+02	-2.60026199972726e-01
116	134	122	128	3.81920000000000e+02	3.76991118430775e+02	3.00000000000000e-02	0.00000000000000e+00	0.00000000000000e+00	3.73895421963925e+02	7.07834156479266e-01
117	135	123	129	3.71170000000000e+02	3.76991118430775e+02	3.00000000000000e-02	0.00000000000000e+00	0.00000000000000e+00	3.64752977265106e+02	5.81327627649190e-01
118	136	124	130	3.64970000000000e+02	3.76991118430775e+02	3.00000000000000e-02	0.00000000000000e+00	0.00000000000000e+00	3.59383079071097e+02	5.14208874377697e-01
119	137	125	131	3.48880000000000e+02	3.76991118430775e+02	3.00000000000000e-02	0.00000000000000e+00	0.00000000000000e+00	3.37919847009444e+02	1.06397650662373e+00
120	138	126	132	3.21880000000000e+02	3.76991118430775e+02	3.00000000000000e-02	0.00000000000000e+00	0.00000000000000e+00	3.14532985201766e+02	7.69661774414843e-01
121	139	127	133	2.88690000000000e+02	3.76991118430775e+02	3.00000000000000e-02	0.00000000000000e+00	0.00000000000000e+00	2.91215554120885e+02	-2.90342691210229e-01
123	140	129	135	2.60830000000000e+02	3.76991118430775e+02	3.00000000000000e-02	0.00000000000000e+00	0.00000000000000e+00	2.66690005015319e+02	-7.40603328863099e-01
124	142	130	136	2.66060000000000e+02	3.76991118430775e+02	3.00000000000000e-02	0.00000000000000e+00	0.00000000000000e+00	2.53537296987811e+02	1.60703022965875e+00
125	143	131	137	2.07540000000000e+02	3.76991118430775e+02	3.00000000000000e-02	0.00000000000000e+00	0.00000000000000e+00	2.09147938923181e+02	-2.57258370786081e-01
126	141	132	138	2.04820000000000e+02	3.76991118430775e+02	3.00000000000000e-02	0.00000000000000e+00	0.00000000000000e+00	1.96343423462747e+02	1.40887527116928e+00
127	144	133	139	1.63350000000000e+02	3.76991118430775e+02	3.00000000000000e-02	0.00000000000000e+00	0.00000000000000e+00	1.65252441539399e+02	-3.85970513265210e-01
129	146	135	140	1.62010000000000e+02	3.76991118430775e+02	3.00000000000000e-02	0.00000000000000e+00	0.00000000000000e+00	1.48350460214921e+02	2.93602042554572e+00
130	147	136	142	1.63680000000000e+02	3.76991118430775e+02	3.00000000000000e-02	0.00000000000000e+00	0.00000000000000e+00	1.54707834802457e+02	1.87916335904162e+00
131	148	137	143	1.82130000000000e+02	3.76991118430775e+02	3.00000000000000e-02	0.00000000000000e+00	0.00000000000000e+00	1.76786234506080e+02	9.92647658886536e-01
132	149	138	141	1.88910000000000e+02	3.76991118430775e+02	3.00000000000000e-02	0.00000000000000e+00	0.00000000000000e+00	1.86200182486543e+02	4.81612208988362e-01
133	150	139	144	2.20190000000000e+02	3.76991118430775e+02	3.00000000000000e-02	0.00000000000000e+00	0.00000000000000e+00	2.19839801459920e+02	5.30568024944481e-02
135	152	140	146	2.20320000000000e+02	3.76991118430775e+02	3.00000000000000e-02	0.00000000000000e+00	0.00000000000000e+00	2.21194252941485e+02	-1.32008435104147e-01
136	153	142	147	2.18010000000000e+02	3.76991118430775e+02	3.00000000000000e-02	0.00000000000000e+00	0.00000000000000e+00	2.22069695407531e+02	-6.15011419430426e-01
137	154	143	148	2.08700000000000e+02	3.76991118430775e+02	3.00000000000000e-02	0.00000000000000e+00	0.00000000000000e+00	2.10555121921456e+02	-2.94988887303157e-01
138	155	141	149	2.06420000000000e+02	3.76991118430775e+02	3.00000000000000e-02	0.00000000000000e+00	0.00000000000000e+00	2.07723466456682e+02	-2.09825960699680e-01
139	156	144	150	1.60600000000000e+02	3.76991118430775e+02	3.00000000000000e-02	0.00000000000000e+00	0.00000000000000e+00	1.76834364608051e+02	-3.20988999195103e+00
140	158	146	152	1.14780000000000e+02	3.76991118430775e+02	3.00000000000000e-02	0.00000000000000e+00	0.00000000000000e+00	1.94278711379485e+02	-1.75425510658218e+01
142	159	147	153	3.27870000000000e+02	3.76991118430775e+02	3.00000000000000e-02	0.00000000000000e+00	0.00000000000000e+00	2.16814272487996e+02	1.37858696149619e+01
1	22	8	15	4.10320000000000e+02	4.39822971502571e+02	3.00000000000000e-02	0.00000000000000e+00	0.00000000000000e+00	4.37702750948904e+02	-2.15342287020495e+00
3	23	9	16	4.92760000000000e+02	4.39822971502571e+02	3.00000000000000e-02	0.00000000000000e+00	0.00000000000000e+00	4.47117028868673e+02	3.24006233989135e+00
4	24	10	17	4.85620000000000e+02	4.39822971502571e+02	3.00000000000000e-02	0.00000000000000e+00	0.00000000000000e+00	4.64350500937556e+02	1.49289226813734e+00
2	25	11	18	5.08090000000000e+02	4.39822971502571e+02	3.00000000000000e-02	0.00000000000000e+00	0.00000000000000e+00	4.90795283401183e+02	1.15438314907816e+00
5	26	12	19	5.71830000000000e+02	4.39822971502571e+02	3.00000000000000e-02	0.00000000000000e+00	0.00000000000000e+00	5.45629592324902e+02	1.56338004061736e+00
6	27	13	20	5.81590000000000e+02	4.39822971502571e+02	3.00000000000000e-02	0.00000000000000e+00	0.00000000000000e+00	5.63886250680777e+02	1.03043947188679e+00
7	28	14	21	5.46700000000000e+02	4.39822971502571e+02	3.00000000000000e-02	0.00000000000000e+00	0.00000000000000e+00	5.62024288593786e+02	-9.21495373242317e-01
8	29	15	22	5.36280000000000e+02	4.39822971502571e+02	3.00000000000000e-02	0.00000000000000e+00	0.00000000000000e+00	5.79374178335296e+02	-2.57640351314157e+00
9	30	16	23	5.22130000000000e+02	4.39822971502571e+02	3.00000000000000e-02	0.00000000000000e+00	0.00000000000000e+00	5.50314375643722e+02	-1.75243693290321e+00
10	31	17	24	4.46380000000000e+02	4.39822971502571e+02	3.00000000000000e-02	0.00000000000000e+00	0.00000000000000e+00	4.66047126910702e+02	-1.43720508419675e+00
11	32	18	25	4.46390000000000e+02	4.39822971502571e+02	3.00000000000000e-02	0.00000000000000e+00	0.00000000000000e+00	4.38438880915110e+02	5.99086315416060e-01
12	33	19	26	4.38010000000000e+02	4.39822971502571e+02	3.00000000000000e-02	0.00000000000000e+00	0.00000000000000e+00	4.28369473304901e+02	7.41855419653466e-01
13	34	20	27	4.51630000000000e+02	4.39822971502571e+02	3.00000000000000e-02	0.00000000000000e+00	0.00000000000000e+00	4.55196447501464e+02	-2.62193932815939e-01
14	35	21	28	4.53120000000000e+02	4.39822971502571e+02	3.00000000000000e-02	0.00000000000000e+00	0.00000000000000e+00	4.59471167633807e+02	-4.63973383375501e-01
15	36	22	29	4.59040000000000e+02	4.39822971502571e+02	3.00000000000000e-02	0.00000000000000e+00	0.00000000000000e+00	4.48896850538694e+02	7.44807414092967e-01
16	37	23	30	4.23350000000000e+02	4.39822971502571e+02	3.00000000000000e-02	0.00000000000000e+00	0.00000000000000e+00	4.48011925633653e+02	-1.88735305634588e+00
17	38	24	31	4.99130000000000e+02	4.39822971502571e+02	3.00000000000000e-02	0.00000000000000e+00	0.00000000000000e+00	4.97310243249286e+02	1.21750654301067e-01
18	39	25	32	4.69410000000000e+02	4.39822971502571e+02	3.00000000000000e-02	0.00000000000000e+00	0.00000000000000e+00	4.82214556807330e+02	-8.97085554271519e-01
19	40	26	33	5.28680000000000e+02	4.39822971502571e+02	3.00000000000000e-02	0.00000000000000e+00	0.00000000000000e+00	4.86814617939179e+02	2.74999815309271e+00
20	41	27	34	5.09310000000000e+02	4.39822971502571e+02	3.00000000000000e-02	0.00000000000000e+00	0.00000000000000e+00	4.90484689790445e+02	1.25542678158412e+00
21	42	28	35	5.00320000000000e+02	4.39822971502571e+02	3.00000000000000e-02	0.00000000000000e+00	0.00000000000000e+00	4.82717651002589e+02	1.19386614934219e+00
22	43	29	36	4.83750000000000e+02	4.39822971502571e+02	3.00000000000000e-02	0.00000000000000e+00	0.00000000000000e+00	4.62260507646169e+02	1.51465476042819e+00
23	44	30	37	4.68930000000000e+02	4.39822971502571e+02	3.00000000000000e-02	0.00000000000000e+00	0.00000000000000e+00	4.29679113198766e+02	2.91382739482555e+00
24	45	31	38	3.45270000000000e+02	4.39822971502571e+02	3.00000000000000e-02	0.00000000000000e+00	0.00000000000000e+00	3.43189584401150e+02	2.01456699224156e-01
25	46	32	39	3.46250000000000e+02	4.39822971502571e+02	3.00000000000000e-02	0.00000000000000e+00	0.00000000000000e+00	3.35600206230801e+02	1.04134894649922e+00
26	47	33	40	4.07310000000000e+02	4.39822971502571e+02	3.00000000000000e-02	0.00000000000000e+00	0.00000000000000e+00	3.34303032343298e+02	6.58422340568639e+00
27	48	34	41	3.55570000000000e+02	4.39822971502571e+02	3.00000000000000e-02	0.00000000000000e+00	0.00000000000000e+00	3.50566265429120e+02	4.72412910304450e-01
28	49	35	42	3.74210000000000e+02	4.39822971502571e+02	3.00000000000000e-02	0.00000000000000e+00	0.00000000000000e+00	3.63697571741258e+02	9.49815391086221e-01
29	50	36	43	4.12840000000000e+02	4.39822971502571e+02	3.00000000000000e-02	0.00000000000000e+00	0.00000000000000e+00	3.67101142579914e+02	3.91409019170329e+00
30	51	37	44	3.20250000000000e+02	4.39822971502571e+02	3.00000000000000e-02	0.00000000000000e+00	0.00000000000000e+00	3.28477141370410e+02	-8.45510328576893e-01
31	52	38	45	3.41300000000000e+02	4.39822971502571e+02	3.00000000000000e-02	0.00000000000000e+00	0.00000000000000e+00	3.28123238794011e+02	1.31241966886989e+00
32	53	39	46	2.93260000000000e+02	4.39822971502571e+02	3.00000000000000e-02	0.00000000000000e+00	0.00000000000000e+00	2.94456767092315e+02	-1.35753457386952e-01
33	54	40	47	3.22760000000000e+02	4.39822971502571e+02	3.00000000000000e-02	0.00000000000000e+00	0.00000000000000e+00	3.12643475803147e+02	1.06151755327654e+00
34	55	41	48	3.17540000000000e+02	4.39822971502571e+02	3.00000000000000e-02	0.00000000000000e+00	0.00000000000000e+00	3.09548529251615e+02	8.49630531400436e-01
35	56	42	49	2.82740000000000e+02	4.39822971502571e+02	3.00000000000000e-02	0.00000000000000e+00	0.00000000000000e+00	2.67152421615365e+02	1.89027948160696e+00
36	57	43	50	2.60730000000000e+02	4.39822971502571e+02	3.00000000000000e-02	0.00000000000000e+00	0.00000000000000e+00	2.46396470325544e+02	1.88478275127393e+00
37	58	44	51	2.72590000000000e+02	4.39822971502571e+02	3.00000000000000e-02	0.00000000000000e+00	0.00000000000000e+00	2.55187379092725e+02	2.19902465073041e+00
38	59	45	52	2.73150000000000e+02	4.39822971502571e+02	3.00000000000000e-02	0.00000000000000e+00	0.00000000000000e+00	2.57562558862172e+02	1.95861524024086e+00
39	60	46	53	2.80490000000000e+02	4.39822971502571e+02	3.00000000000000e-02	0.00000000000000e+00	0.00000000000000e+00	2.62485770933207e+02	2.21137330365400e+00
40	61	47	54	2.52040000000000e+02	4.39822971502571e+02	3.00000000000000e-02	0.00000000000000e+00	0.00000000000000e+00	2.42866211040510e+02	1.23590284011315e+00
41	62	48	55	2.39450000000000e+02	4.39822971502571e+02	3.00000000000000e-02	0.00000000000000e+00	0.00000000000000e+00	2.47221449776157e+02	-1.06466219898943e+00
42	63	49	56	2.91930000000000e+02	4.39822971502571e+02	3.00000000000000e-02	0.00000000000000e+00	0.00000000000000e+00	2.88602112315276e+02	3.82169400309055e-01
43	64	50	57	3.16300000000000e+02	4.39822971502571e+02	3.00000000000000e-02	0.00000000000000e+00	0.00000000000000e+00	3.10625353525868e+02	6.03453178330356e-01
44	65	51	58	3.05650000000000e+02	4.39822971502571e+02	3.00000000000000e-02	0.00000000000000e+00	0.00000000000000e+00	3.03854990310113e+02	1.96335814356452e-01
45	66	52	59	2.93190000000000e+02	4.39822971502571e+02	3.00000000000000e-02	0.00000000000000e+00	0.00000000000000e+00	2.93623921731909e+02	-4.92969230309726e-02
46	67	53	60	2.89000000000000e+02	4.39822971502571e+02	3.00000000000000e-02	0.00000000000000e+00	0.00000000000000e+00	2.87580332952552e+02	1.64148264661268e-01
47	68	54	61	3.36220000000000e+02	4.39822971502571e+02	3.00000000000000e-02	0.00000000000000e+00	0.00000000000000e+00	3.44958819033324e+02	-8.55311239368817e-01
48	69	55	62	3.47770000000000e+02	4.39822971502571e+02	3.00000000000000e-02	0.00000000000000e+00	0.00000000000000e+00	3.59034569974486e+02	-1.06257791050348e+00
49	70	56	63	3.24340000000000e+02	4.39822971502571e+02	3.00000000000000e-02	0.00000000000000e+00	0.00000000000000e+00	3.26052863556701e+02	-1.75572602621976e-01
50	71	57	64	3.06890000000000e+02	4.39822971502571e+02	3.00000000000000e-02	0.00000000000000e+00	0.00000000000000e+00	3.12273230147950e+02	-5.79638834580039e-01
51	72	58	65	3.41170000000000e+02	4.39822971502571e+02	3.00000000000000e-02	0.00000000000000e+00	0.00000000000000e+00	3.36079113829808e+02	5.01143223567890e-01
52	73	59	66	3.50350000000000e+02	4.39822971502571e+02	3.00000000000000e-02	0.00000000000000e+00	0.00000000000000e+00	3.51863551172001e+02	-1.43693563811305e-01
53	74	60	67	3.54450000000000e+02	4.39822971502571e+02	3.00000000000000e-02	0.00000000000000e+00	0.00000000000000e+00	3.55545533217412e+02	-1.02867697575289e-01
54	75	61	68	3.07770000000000e+02	4.39822971502571e+02	3.00000000000000e-02	0.00000000000000e+00	0.00000000000000e+00	3.11476600328068e+02	-3.99048843537830e-01
55	76	62	69	3.14840000000000e+02	4.39822971502571e+02	3.00000000000000e-02	0.00000000000000e+00	0.00000000000000e+00	3.25410265217543e+02	-1.10073891571491e+00
56	77	63	70	3.68390000000000e+02	4.39822971502571e+02	3.00000000000000e-02	0.00000000000000e+00	0.00000000000000e+00	3.77920554804144e+02	-8.51394714998843e-01
57	78	64	71	3.55850000000000e+02	4.39822971502571e+02	3.00000000000000e-02	0.00000000000000e+00	0.00000000000000e+00	3.70274011518200e+02	-1.32446698253045e+00
58	79	65	72	3.58010000000000e+02	4.39822971502571e+02	3.00000000000000e-02	0.00000000000000e+00	0.00000000000000e+00	3.60514483129149e+02	-2.32373735402014e-01
59	80	66	73	3.89920000000000e+02	4.39822971502571e+02	3.00000000000000e-02	0.00000000000000e+00	0.00000000000000e+00	3.90783748181411e+02	-7.37581133987142e-02
60	81	67	74	4.04800000000000e+02	4.39822971502571e+02	3.00000000000000e-02	0.00000000000000e+00	0.00000000000000e+00	4.07171854282325e+02	-1.94740824744540e-01
61	82	68	75	4.94440000000000e+02	4.39822971502571e+02	3.00000000000000e-02	0.00000000000000e+00	0.00000000000000e+00	4.79537455673002e+02	1.02012679086701e+00
62	83	69	76	4.99870000000000e+02	4.39822971502571e+02	3.00000000000000e-02	0.00000000000000e+00	0.00000000000000e+00	4.68404609075418e+02	2.16718642999091e+00
63	84	70	77	4.60380000000000e+02	4.39822971502571e+02	3.00000000000000e-02	0.00000000000000e+00	0.00000000000000e+00	4.53051918674309e+02	5.34850191394772e-01
64	85	71	78	5.43150000000000e+02	4.39822971502571e+02	3.00000000000000e-02	0.00000000000000e+00	0.00000000000000e+00	5.34039527945930e+02	5.63855542947630e-01
65	86	72	79	6.09570000000000e+02	4.39822971502571e+02	3.00000000000000e-02	0.00000000000000e+00	0.00000000000000e+00	5.94595507140547e+02	8.29081204386858e-01
66	87	73	80	7.11820000000000e+02	4.39822971502571e+02	3.00000000000000e-02	0.00000000000000e+00	0.00000000000000e+00	6.90240840984977e+02	1.02614962888552e+00
67	88	74	81	7.83490000000000e+02	4.39822971502571e+02	3.00000000000000e-02	0.00000000000000e+00	0.00000000000000e+00	7.48170594838895e+02	1.53757595117972e+00
68	89	75	82	7.59240000000000e+02	4.39822971502571e+02	3.00000000000000e-02	0.00000000000000e+00	0.00000000000000e+00	7.39312836178477e+02	8.86559264108152e-01
69	90	76	83	7.61340000000000e+02	4.39822971502571e+02	3.00000000000000e-02	0.00000000000000e+00	0.00000000000000e+00	7.67256128358324e+02	-2.58021408817655e-01
70	91	77	84	7.61900000000000e+02	4.39822971502571e+02	3.00000000000000e-02	0.00000000000000e+00	0.00000000000000e+00	7.73195112184634e+02	-4.90537076480220e-01
71	92	78	85	6.15340000000000e+02	4.39822971502571e+02	3.00000000000000e-02	0.00000000000000e+00	0.00000000000000e+00	6.42175748102366e+02	-1.42290188643637e+00
72	93	79	86	5.75110000000000e+02	4.39822971502571e+02	3.00000000000000e-02	0.00000000000000e+00	0.00000000000000e+00	5.80592937178264e+02	-3.16285332433915e-01
73	94	80	87	5.20800000000000e+02	4.39822971502571e+02	3.00000000000000e-02	0.00000000000000e+00	0.00000000000000e+00	5.24833645689642e+02	-2.57175204392279e-01
74	95	81	88	4.49230000000000e+02	4.39822971502571e+02	3.00000000000000e-02	0.00000000000000e+00	0.00000000000000e+00	4.62441138328282e+02	-9.66142478108889e-01
75	96	82	89	4.28930000000000e+02	4.39822971502571e+02	3.00000000000000e-02	0.00000000000000e+00	0.00000000000000e+00	4.40769268699085e+02	-9.07593428328942e-01
76	97	83	90	3.98560000000000e+02	4.39822971502571e+02	3.00000000000000e-02	0.00000000000000e+00	0.00000000000000e+00	4.06557067490289e+02	-6.62208501686212e-01
77	98	84	91	3.87860000000000e+02	4.39822971502571e+02	3.00000000000000e-02	0.00000000000000e+00	0.00000000000000e+00	4.11822036225938e+02	-1.99822851186155e+00
78	99	85	92	4.79690000000000e+02	4.39822971502571e+02	3.00000000000000e-02	0.00000000000000e+00	0.00000000000000e+00	4.97025627225906e+02	-1.18338422245534e+00
79	100	86	93	5.31580000000000e+02	4.39822971502571e+02	3.00000000000000e-02	0.00000000000000e+00	0.00000000000000e+00	5.39213847454115e+02	-4.75284562984898e-01
80	101	87	94	6.36230000000000e+02	4.39822971502571e+02	3.00000000000000e-02	0.00000000000000e+00	0.00000000000000e+00	6.40570830170315e+02	-2.26652259421585e-01
81	102	88	95	7.74950000000000e+02	4.39822971502571e+02	3.00000000000000e-02	0.00000000000000e+00	0.00000000000000e+00	7.47385920346241e+02	1.20722774821592e+00
82	103	89	96	8.10510000000000e+02	4.39822971502571e+02	3.00000000000000e-02	0.00000000000000e+00	0.00000000000000e+00	8.00770365706477e+02	4.02981923576877e-01
83	104	90	97	8.44040000000000e+02	4.39822971502571e+02	3.00000000000000e-02	0.00000000000000e+00	0.00000000000000e+00	8.34869961386591e+02	3.64130299376431e-01
84	105	91	98	8.04360000000000e+02	4.39822971502571e+02	3.00000000000000e-02	0.00000000000000e+00	0.00000000000000e+00	7.84368582414792e+02	8.38929655104259e-01
85	106	92	99	6.73930000000000e+02	4.39822971502571e+02	3.00000000000000e-02	0.00000000000000e+00	0.00000000000000e+00	6.80843034817606e+02	-3.40184647955333e-01
86	107	93	100	6.70080000000000e+02	4.39822971502571e+02	3.00000000000000e-02	0.00000000000000e+00	0.00000000000000e+00	6.83841102224487e+02	-6.77615856790285e-01
87	108	94	101	6.88740000000000e+02	4.39822971502571e+02	3.00000000000000e-02	0.00000000000000e+00	0.00000000000000e+00	6.66914687326859e+02	1.07339028758563e+00
88	109	95	102	6.16130000000000e+02	4.39822971502571e+02	3.00000000000000e-02	0.00000000000000e+00	0.00000000000000e+00	6.09701278768764e+02	3.49628331455569e-01
89	110	96	103	5.55930000000000e+02	4.39822971502571e+02	3.00000000000000e-02	0.00000000000000e+00	0.00000000000000e+00	5.49303873501098e+02	3.99686500538336e-01
90	111	97	104	4.94140000000000e+02	4.39822971502571e+02	3.00000000000000e-02	0.00000000000000e+00	0.00000000000000e+00	5.04740830609624e+02	-7.07540432629639e-01
91	112	98	105	5.30880000000000e+02	4.39822971502571e+02	3.00000000000000e-02	0.00000000000000e+00	0.00000000000000e+00	5.33024239647688e+02	-1.34363129756683e-01
92	113	99	106	5.22520000000000e+02	4.39822971502571e+02	3.00000000000000e-02	0.00000000000000e+00	0.00000000000000e+00	5.37388134080963e+02	-9.35245169428800e-01
93	114	100	107	5.15500000000000e+02	4.39822971502571e+02	3.00000000000000e-02	0.00000000000000e+00	0.00000000000000e+00	4.96410767884632e+02	1.25778528035054e+00
94	115	101	108	4.46720000000000e+02	4.39822971502571e+02	3.00000000000000e-02	0.00000000000000e+00	0.00000000000000e+00	4.60433844051627e+02	-1.00790613718290e+00
95	116	102	109	4.56260000000000e+02	4.39822971502571e+02	3.00000000000000e-02	0.00000000000000e+00	0.00000000000000e+00	4.67542065161238e+02	-8.14216705689012e-01
96	117	103	110	4.56640000000000e+02	4.39822971502571e+02	3.00000000000000e-02	0.00000000000000e+00	0.00000000000000e+00	4.67531985015314e+02	-7.85747641499383e-01
97	118	104	111	4.64680000000000e+02	4.39822971502571e+02	3.00000000000000e-02	0.00000000000000e+00	0.00000000000000e+00	4.48170568360022e+02	1.20583679147360e+00
98	119	105	112	3.62470000000000e+02	4.39822971502571e+02	3.00000000000000e-02	0.00000000000000e+00	0.00000000000000e+00	3.77423049295382e+02	-1.34749975782634e+00
99	120	106	113	3.82640000000000e+02	4.39822971502571e+02	3.00000000000000e-02	0.00000000000000e+00	0.00000000000000e+00	3.73372299025813e+02	8.17285226895355e-01
100	121	107	114	3.69290000000000e+02	4.39822971502571e+02	3.00000000000000e-02	0.00000000000000e+00	0.00000000000000e+00	3.90220900647213e+02	-1.83769158177354e+00
101	122	108	115	4.31610000000000e+02	4.39822971502571e+02	3.00000000000000e-02	0.00000000000000e+00	0.00000000000000e+00	4.27094350422339e+02	3.50581757343764e-01
102	123	109	116	4.19790000000000e+02	4.39822971502571e+02	3.00000000000000e-02	0.00000000000000e+00	0.00000000000000e+00	4.19992577785420e+02	-1.60817648685511e-02
103	124	110	117	4.36880000000000e+02	4.39822971502571e+02	3.00000000000000e-02	0.00000000000000e+00	0.00000000000000e+00	4.30188806288346e+02	5.14478704470989e-01
104	125	111	118	4.09170000000000e+02	4.39822971502571e+02	3.00000000000000e-02	0.00000000000000e+00	0.00000000000000e+00	4.26765608015239e+02	-1.40347391803897e+00
105	126	112	119	4.56730000000000e+02	4.39822971502571e+02	3.00000000000000e-02	0.00000000000000e+00	0.00000000000000e+00	4.46621283209848e+02	7.46047076958393e-01
106	127	113	120	3.99860000000000e+02	4.39822971502571e+02	3.00000000000000e-02	0.00000000000000e+00	0.00000000000000e+00	4.17717531166467e+02	-1.45636518302841e+00
107	128	114	121	4.23840000000000e+02	4.39822971502571e+02	3.00000000000000e-02	0.00000000000000e+00	0.00000000000000e+00	4.28555507410174e+02	-3.68808100161970e-01
108	129	115	122	4.18600000000000e+02	4.39822971502571e+02	3.00000000000000e-02	0.00000000000000e+00	0.00000000000000e+00	4.27833866157116e+02	-7.27304901025298e-01
109	130	116	123	4.40990000000000e+02	4.39822971502571e+02	3.00000000000000e-02	0.00000000000000e+00	0.00000000000000e+00	4.35542865325072e+02	4.14299338740095e-01
110	131	117	124	4.06030000000000e+02	4.39822971502571e+02	3.00000000000000e-02	0.00000000000000e+00	0.00000000000000e+00	4.06575505741965e+02	-4.47536408137772e-02
111	132	118	125	3.99240000000000e+02	4.39822971502571e+02	3.00000000000000e-02	0.00000000000000e+00	0.00000000000000e+00	3.87353727111743e+02	1.00748135697349e+00
112	133	119	126	3.68250000000000e+02	4.39822971502571e+02	3.00000000000000e-02	0.00000000000000e+00	0.00000000000000e+00	3.72218586296464e+02	-3.57307464456399e-01
113	134	120	127	4.21020000000000e+02	4.39822971502571e+02	3.00000000000000e-02	0.00000000000000e+00	0.00000000000000e+00	4.04788944748490e+02	1.31048437652866e+00
114	135	121	128	3.76150000000000e+02	4.39822971502571e+02	3.00000000000000e-02	0.00000000000000e+00	0.00000000000000e+00	3.77942931604034e+02	-1.58506987434818e-01
115	136	122	129	3.78070000000000e+02	4.39822971502571e+02	3.00000000000000e-02	0.00000000000000e+00	0.00000000000000e+00	3.67981591562167e+02	9.01548322375441e-01
116	137	123	130	3.57940000000000e+02	4.39822971502571e+02	3.00000000000000e-02	0.00000000000000e+00	0.00000000000000e+00	3.49318970592577e+02	8.12663797917423e-01
117	138	124	131	3.82840000000000e+02	4.39822971502571e+02	3.00000000000000e-02	0.00000000000000e+00	0.00000000000000e+00	3.66770914735351e+02	1.42932349013387e+00
118	139	125	132	3.62040000000000e+02	4.39822971502571e+02	3.00000000000000e-02	0.00000000000000e+00	0.00000000000000e+00	3.59144034453657e+02	2.67706158555174e-01
120	140	127	134	2.93220000000000e+02	4.39822971502571e+02	3.00000000000000e-02	0.00000000000000e+00	0.00000000000000e+00	2.82876614140335e+02	1.19707901253996e+00
121	142	128	135	2.53660000000000e+02	4.39822971502571e+02	3.00000000000000e-02	0.00000000000000e+00	0.00000000000000e+00	2.62472709724690e+02	-1.13841086781032e+00
122	143	129	136	2.50200000000000e+02	4.39822971502571e+02	3.00000000000000e-02	0.00000000000000e+00	0.00000000000000e+00	2.54189398601871e+02	-5.27301830116726e-01
123	141	130	137	2.52500000000000e+02	4.39822971502571e+02	3.00000000000000e-02	0.00000000000000e+00	0.00000000000000e+00	2.34290809763801e+02	2.49493760657182e+00
124	144	131	138	1.99800000000000e+02	4.39822971502571e+02	3.00000000000000e-02	0.00000000000000e+00	0.00000000000000e+00	1.95606824861714e+02	7.07007243046398e-01
125	145	132	139	2.08540000000000e+02	4.39822971502571e+02	3.00000000000000e-02	0.00000000000000e+00	0.00000000000000e+00	1.83563718393032e+02	4.25230076471053e+00
127	147	134	140	1.86410000000000e+02	4.39822971502571e+02	3.00000000000000e-02	0.00000000000000e+00	0.00000000000000e+00	1.73056750311991e+02	2.47763238966945e+00
128	148	135	142	1.87950000000000e+02	4.39822971502571e+02	3.00000000000000e-02	0.00000000000000e+00	0.00000000000000e+00	1.77741098833649e+02	1.86159931553205e+00
129	149	136	143	1.92000000000000e+02	4.39822971502571e+02	3.00000000000000e-02	0.00000000000000e+00	0.00000000000000e+00	1.83601369002645e+02	1.49094791425887e+00
130	150	137	141	1.95140000000000e+02	4.39822971502571e+02	3.00000000000000e-02	0.00000000000000e+00	0.00000000000000e+00	1.98707171696591e+02	-6.03833077155228e-01
131	151	138	144	2.08520000000000e+02	4.39822971502571e+02	3.00000000000000e-02	0.00000000000000e+00	0.00000000000000e+00	2.02335731209524e+02	1.00355354869430e+00
132	152	139	145	1.80920000000000e+02	4.39822971502571e+02	3.00000000000000e-02	0.00000000000000e+00	0.00000000000000e+00	1.97225774712030e+02	-2.87647308086030e+00
134	154	140	147	2.22310000000000e+02	4.39822971502571e+02	3.00000000000000e-02	0.00000000000000e+00	0.00000000000000e+00	2.33633350014658e+02	-1.65600673412859e+00
135	155	142	148	2.21780000000000e+02	4.39822971502571e+02	3.00000000000000e-02	0.00000000000000e+00	0.00000000000000e+00	2.39674664277476e+02	-2.58655128987746e+00
136	156	143	149	2.17060000000000e+02	4.39822971502571e+02	3.00000000000000e-02	0.00000000000000e+00	0.00000000000000e+00	2.17018790645906e+02	6.32901293586840e-03
137	157	141	150	1.21520000000000e+02	4.39822971502571e+02	3.00000000000000e-02	0.00000000000000e+00	0.00000000000000e+00	1.55058273625166e+02	-8.12407156163140e+00
138	158	144	151	1.29060000000000e+02	4.39822971502571e+02	3.00000000000000e-02	0.00000000000000e+00	0.00000000000000e+00	1.62468738307616e+02	-7.67360637031069e+00
139	159	145	152	3.50430000000000e+02	4.39822971502571e+02	3.00000000000000e-02	0.00000000000000e+00	0.00000000000000e+00	2.29280558115504e+02	1.41404857849845e+01
1	25	9	17	4.40550000000000e+02	5.02654824574367e+02	3.00000000000000e-02	0.00000000000000e+00	0.00000000000000e+00	4.84290706303632e+02	-3.15538043183059e+00
3	26	10	18	5.30680000000000e+02	5.02654824574367e+02	3.00000000000000e-02	0.00000000000000e+00	0.00000000000000e+00	5.06251476595012e+02	1.57085559671106e+00
4	27	11	19	5.52610000000000e+02	5.02654824574367e+02	3.00000000000000e-02	0.00000000000000e+00	0.00000000000000e+00	5.31081105004941e+02	1.32459196323650e+00
2	28	12	20	5.93470000000000e+02	5.02654824574367e+02	3.00000000000000e-02	0.00000000000000e+00	0.00000000000000e+00	5.80469316886240e+02	7.38324059553808e-01
5	29	13	21	5.28160000000000e+02	5.02654824574367e+02	3.00000000000000e-02	0.00000000000000e+00	0.00000000000000e+00	5.52064366203432e+02	-1.47551256051086e+00
6	30	14	22	4.87230000000000e+02	5.02654824574367e+02	3.00000000000000e-02	0.00000000000000e+00	0.00000000000000e+00	5.14817482450403e+02	-1.83587146615336e+00
7	31	15	23	4.43450000000000e+02	5.02654824574367e+02	3.00000000000000e-02	0.00000000000000e+00	0.00000000000000e+00	5.01756110563285e+02	-4.11763700938807e+00
8	32	16	24	4.51060000000000e+02	5.02654824574367e+02	3.00000000000000e-02	0.00000000000000e+00	0.00000000000000e+00	4.89782862809664e+02	-2.74539291397679e+00
9	33	17	25	4.73370000000000e+02	5.02654824574367e+02	3.00000000000000e-02	0.00000000000000e+00	0.00000000000000e+00	4.75462185162971e+02	-1.47000954540566e-01
10	34	18	26	4.71490000000000e+02	5.02654824574367e+02	3.00000000000000e-02	0.00000000000000e+00	0.00000000000000e+00	4.75116051881766e+02	-2.55373366788655e-01
11	35	19	27	4.46500000000000e+02	5.02654824574367e+02	3.00000000000000e-02	0.00000000000000e+00	0.00000000000000e+00	4.46166954911579e+02	2.48726658949039e-02
12	36	20	28	4.12470000000000e+02	5.02654824574367e+02	3.00000000000000e-02	0.00000000000000e+00	0.00000000000000e+00	4.11761734407467e+02	5.72869447022247e-02
13	37	21	29	4.27390000000000e+02	5.02654824574367e+02	3.00000000000000e-02	0.00000000000000e+00	0.00000000000000e+00	4.16915130052333e+02	8.27142309833414e-01
14	38	22	30	4.38970000000000e+02	5.02654824574367e+02	3.00000000000000e-02	0.00000000000000e+00	0.00000000000000e+00	4.35882656376783e+02	2.35266774516744e-01
15	39	23	31	4.48130000000000e+02	5.02654824574367e+02	3.00000000000000e-02	0.00000000000000e+00	0.00000000000000e+00	4.28643434164973e+02	1.48193171196101e+00
16	40	24	32	4.53020000000000e+02	5.02654824574367e+02	3.00000000000000e-02	0.00000000000000e+00	0.00000000000000e+00	4.39846171257685e+02	9.83707320419954e-01
17	41	25	33	4.44070000000000e+02	5.02654824574367e+02	3.00000000000000e-02	0.00000000000000e+00	0.00000000000000e+00	4.50907508571051e+02	-5.09334334459914e-01
18	42	26	34	4.70550000000000e+02	5.02654824574367e+02	3.00000000000000e-02	0.00000000000000e+00	0.00000000000000e+00	4.34893520804468e+02	2.62670006464705e+00
19	43	27	35	4.53370000000000e+02	5.02654824574367e+02	3.00000000000000e-02	0.00000000000000e+00	0.00000000000000e+00	4.49356295698940e+02	2.96415481938528e-01
20	44	28	36	4.84600000000000e+02	5.02654824574367e+02	3.00000000000000e-02	0.00000000000000e+00	0.00000000000000e+00	4.77752637800011e+02	4.74356799317081e-01
21	45	29	37	4.81150000000000e+02	5.02654824574367e+02	3.00000000000000e-02	0.00000000000000e+00	0.00000000000000e+00	4.73245660542467e+02	5.52148374579679e-01
22	46	30	38	4.40780000000000e+02	5.02654824574367e+02	3.00000000000000e-02	0.00000000000000e+00	0.00000000000000e+00	4.24964925254644e+02	1.21797493508066e+00
23	47	31	39	3.76430000000000e+02	5.02654824574367e+02	3.00000000000000e-02	0.00000000000000e+00	0.00000000000000e+00	3.59405726348301e+02	1.54267332262149e+00
24	48	32	40	3.50530000000000e+02	5.02654824574367e+02	3.00000000000000e-02	0.00000000000000e+00	0.00000000000000e+00	3.38548325295342e+02	1.15931498673332e+00
25	49	33	41	3.52960000000000e+02	5.02654824574367e+02	3.00000000000000e-02	0.00000000000000e+00	0.00000000000000e+00	3.51636082762451e+02	1.25265035102107e-01
26	50	34	42	4.80650000000000e+02	5.02654824574367e+02	3.00000000000000e-02	0.00000000000000e+00	0.00000000000000e+00	3.80257931935444e+02	7.80965212664023e+00
27	51	35	43	3.94590000000000e+02	5.02654824574367e+02	3.00000000000000e-02	0.00000000000000e+00	0.00000000000000e+00	3.78288954192227e+02	1.40629728254463e+00
28	52	36	44	3.94860000000000e+02	5.02654824574367e+02	3.00000000000000e-02	0.00000000000000e+00	0.00000000000000e+00	3.70147442268329e+02	2.15432842726010e+00
29	53	37	45	3.40470000000000e+02	5.02654824574367e+02	3.00000000000000e-02	0.00000000000000e+00	0.00000000000000e+00	3.31089223962570e+02	9.31303937641115e-01
30	54	38	46	3.24600000000000e+02	5.02654824574367e+02	3.00000000000000e-02	0.00000000000000e+00	0.00000000000000e+00	3.28413422861572e+02	-3.89319839172941e-01
31	55	39	47	3.49690000000000e+02	5.02654824574367e+02	3.00000000000000e-02	0.00000000000000e+00	0.00000000000000e+00	3.38882289696691e+02	1.04647428905344e+00
32	56	40	48	3.51940000000000e+02	5.02654824574367e+02	3.00000000000000e-02	0.00000000000000e+00	0.00000000000000e+00	3.30704841556593e+02	2.07448154382212e+00
33	57	41	49	3.08550000000000e+02	5.02654824574367e+02	3.00000000000000e-02	0.00000000000000e+00	0.00000000000000e+00	2.92106880281844e+02	1.82547137027843e+00
34	58	42	50	2.97100000000000e+02	5.02654824574367e+02	3.00000000000000e-02	0.00000000000000e+00	0.00000000000000e+00	2.63979840141400e+02	3.93986817796046e+00
35	59	43	51	2.83300000000000e+02	5.02654824574367e+02	3.00000000000000e-02	0.00000000000000e+00	0.00000000000000e+00	2.70677926706102e+02	1.51922516924288e+00
36	60	44	52	2.94900000000000e+02	5.02654824574367e+02	3.00000000000000e-02	0.00000000000000e+00	0.00000000000000e+00	2.79199949215302e+02	1.82360422755492e+00
37	61	45	53	2.89540000000000e+02	5.02654824574367e+02	3.00000000000000e-02	0.00000000000000e+00	0.00000000000000e+00	2.69917415300870e+02	2.33924712570337e+00
38	62	46	54	2.80510000000000e+02	5.02654824574367e+02	3.00000000000000e-02	0.00000000000000e+00	0.00000000000000e+00	2.78553847242199e+02	2.33266230142230e-01
39	63	47	55	2.81730000000000e+02	5.02654824574367e+02	3.00000000000000e-02	0.00000000000000e+00	0.00000000000000e+00	2.75814708433572e+02	7.07329049215488e-01
40	64	48	56	2.85830000000000e+02	5.02654824574367e+02	3.00000000000000e-02	0.00000000000000e+00	0.00000000000000e+00	2.84452697076371e+02	1.61008520692481e-01
41	65	49	57	3.07950000000000e+02	5.02654824574367e+02	3.00000000000000e-02	0.00000000000000e+00	0.00000000000000e+00	3.05941639751682e+02	2.18102271191463e-01
42	66	50	58	3.13090000000000e+02	5.02654824574367e+02	3.00000000000000e-02	0.00000000000000e+00	0.00000000000000e+00	3.05090124093734e+02	8.62782245115697e-01
43	67	51	59	3.10160000000000e+02	5.02654824574367e+02	3.00000000000000e-02	0.00000000000000e+00	0.00000000000000e+00	2.97093852183297e+02	1.43467346201633e+00
44	68	52	60	3.11600000000000e+02	5.02654824574367e+02	3.00000000000000e-02	0.00000000000000e+00	0.00000000000000e+00	3.02729145296713e+02	9.62727272492921e-01
45	69	53	61	3.49180000000000e+02	5.02654824574367e+02	3.00000000000000e-02	0.00000000000000e+00	0.00000000000000e+00	3.48649239667191e+02	5.07058561021327e-02
46	70	54	62	3.19720000000000e+02	5.02654824574367e+02	3.00000000000000e-02	0.00000000000000e+00	0.00000000000000e+00	3.40522355120762e+02	-2.10117214940331e+00
47	71	55	63	3.42890000000000e+02	5.02654824574367e+02	3.00000000000000e-02	0.00000000000000e+00	0.00000000000000e+00	3.58506488007437e+02	-1.48456871677780e+00
48	72	56	64	3.46400000000000e+02	5.02654824574367e+02	3.00000000000000e-02	0.00000000000000e+00	0.00000000000000e+00	3.54914703351756e+02	-8.09443722285300e-01
49	73	57	65	3.28210000000000e+02	5.02654824574367e+02	3.00000000000000e-02	0.00000000000000e+00	0.00000000000000e+00	3.31434753561017e+02	-3.25910699967006e-01
50	74	58	66	3.23950000000000e+02	5.02654824574367e+02	3.00000000000000e-02	0.00000000000000e+00	0.00000000000000e+00	3.34002924298591e+02	-1.01868551424701e+00
51	75	59	67	3.41930000000000e+02	5.02654824574367e+02	3.00000000000000e-02	0.00000000000000e+00	0.00000000000000e+00	3.44487672198587e+02	-2.48408914779485e-01
52	76	60	68	3.34550000000000e+02	5.02654824574367e+02	3.00000000000000e-02	0.00000000000000e+00	0.00000000000000e+00	3.51430302470871e+02	-1.64083534534193e+00
53	77	61	69	3.36330000000000e+02	5.02654824574367e+02	3.00000000000000e-02	0.00000000000000e+00	0.00000000000000e+00	3.48073203784287e+02	-1.14399975070594e+00
54	78	62	70	3.73300000000000e+02	5.02654824574367e+02	3.00000000000000e-02	0.00000000000000e+00	0.00000000000000e+00	3.72016652633434e+02	1.14792250189399e-01
55	79	63	71	3.67990000000000e+02	5.02654824574367e+02	3.00000000000000e-02	0.00000000000000e+00	0.00000000000000e+00	3.74634649455456e+02	-5.96517301909631e-01
56	80	64	72	3.67820000000000e+02	5.02654824574367e+02	3.00000000000000e-02	0.00000000000000e+00	0.00000000000000e+00	3.79350421759683e+02	-1.02888951694296e+00
57	81	65	73	4.17080000000000e+02	5.02654824574367e+02	3.00000000000000e-02	0.00000000000000e+00	0.00000000000000e+00	4.20291077680672e+02	-2.55648780336208e-01
58	82	66	74	4.53580000000000e+02	5.02654824574367e+02	3.00000000000000e-02	0.00000000000000e+00	0.00000000000000e+00	4.48237966540684e+02	3.94913100845784e-01
59	83	67	75	4.72850000000000e+02	5.02654824574367e+02	3.00000000000000e-02	0.00000000000000e+00	0.00000000000000e+00	4.67388167303539e+02	3.87270255768997e-01
60	84	68	76	4.80920000000000e+02	5.02654824574367e+02	3.00000000000000e-02	0.00000000000000e+00	0.00000000000000e+00	4.64450270116980e+02	1.16154815629065e+00
61	85	69	77	5.09530000000000e+02	5.02654824574367e+02	3.00000000000000e-02	0.00000000000000e+00	0.00000000000000e+00	4.90280719488613e+02	1.28368694026862e+00
62	86	70	78	5.64430000000000e+02	5.02654824574367e+02	3.00000000000000e-02	0.00000000000000e+00	0.00000000000000e+00	5.45616369168171e+02	1.13000880458036e+00
63	87	71	79	6.03660000000000e+02	5.02654824574367e+02	3.00000000000000e-02	0.00000000000000e+00	0.00000000000000e+00	6.02348280699585e+02	7.25102714830802e-02
64	88	72	80	7.37170000000000e+02	5.02654824574367e+02	3.00000000000000e-02	0.00000000000000e+00	0.00000000000000e+00	7.29127829221786e+02	3.65648836140734e-01
65	89	73	81	8.26080000000000e+02	5.02654824574367e+02	3.00000000000000e-02	0.00000000000000e+00	0.00000000000000e+00	7.94548767969905e+02	1.29724183583283e+00
66	90	74	82	7.59680000000000e+02	5.02654824574367e+02	3.00000000000000e-02	0.00000000000000e+00	0.00000000000000e+00	7.56054795812271e+02	1.59447906506364e-01
67	91	75	83	7.30150000000000e+02	5.02654824574367e+02	3.00000000000000e-02	0.00000000000000e+00	0.00000000000000e+00	7.34674249126123e+02	-2.05907000567536e-01
68	92	76	84	6.38560000000000e+02	5.02654824574367e+02	3.00000000000000e-02	0.00000000000000e+00	0.00000000000000e+00	6.65592498779346e+02	-1.38206594267694e+00
69	93	77	85	6.10940000000000e+02	5.02654824574367e+02	3.00000000000000e-02	0.00000000000000e+00	0.00000000000000e+00	6.36548358852181e+02	-1.36872122119254e+00
70	94	78	86	5.76510000000000e+02	5.02654824574367e+02	3.00000000000000e-02	0.00000000000000e+00	0.00000000000000e+00	5.88663237230792e+02	-6.95386036587475e-01
71	95	79	87	5.10710000000000e+02	5.02654824574367e+02	3.00000000000000e-02	0.00000000000000e+00	0.00000000000000e+00	5.20455772310353e+02	-6.30099948987735e-01
72	96	80	88	4.35800000000000e+02	5.02654824574367e+02	3.00000000000000e-02	0.00000000000000e+00	0.00000000000000e+00	4.48513478873767e+02	-9.58510392233070e-01
73	97	81	89	3.81260000000000e+02	5.02654824574367e+02	3.00000000000000e-02	0.00000000000000e+00	0.00000000000000e+00	3.99306799602109e+02	-1.54161618813464e+00
74	98	82	90	4.02810000000000e+02	5.02654824574367e+02	3.00000000000000e-02	0.00000000000000e+00	0.00000000000000e+00	4.21488160812212e+02	-1.51089006891490e+00
75	99	83	91	4.08010000000000e+02	5.02654824574367e+02	3.00000000000000e-02	0.00000000000000e+00	0.00000000000000e+00	4.27295986995778e+02	-1.53950890533583e+00
76	100	84	92	4.08920000000000e+02	5.02654824574367e+02	3.00000000000000e-02	0.00000000000000e+00	0.00000000000000e+00	4.25166217809181e+02	-1.29868851010449e+00
77	101	85	93	4.29680000000000e+02	5.02654824574367e+02	3.00000000000000e-02	0.00000000000000e+00	0.00000000000000e+00	4.46222168799205e+02	-1.25920729050796e+00
78	102	86	94	4.89000000000000e+02	5.02654824574367e+02	3.00000000000000e-02	0.00000000000000e+00	0.00000000000000e+00	5.16371702957025e+02	-1.81547904145830e+00
79	103	87	95	5.68950000000000e+02	5.02654824574367e+02	3.00000000000000e-02	0.00000000000000e+00	0.00000000000000e+00	5.84182917060438e+02	-8.80719704282828e-01
80	104	88	96	6.84680000000000e+02	5.02654824574367e+02	3.00000000000000e-02	0.00000000000000e+00	0.00000000000000e+00	6.88661477935741e+02	-1.93275023213098e-01
81	105	89	97	8.08080000000000e+02	5.02654824574367e+02	3.00000000000000e-02	0.00000000000000e+00	0.00000000000000e+00	7.87274990035561e+02	8.69448686260998e-01
82	106	90	98	7.89970000000000e+02	5.02654824574367e+02	3.00000000000000e-02	0.00000000000000e+00	0.00000000000000e+00	7.74789317282031e+02	6.46794210967124e-01
83	107	91	99	7.91820000000000e+02	5.02654824574367e+02	3.00000000000000e-02	0.00000000000000e+00	0.00000000000000e+00	7.90365480233943e+02	6.12873856650431e-02
84	108	92	100	7.50190000000000e+02	5.02654824574367e+02	3.00000000000000e-02	0.00000000000000e+00	0.00000000000000e+00	7.58953755428987e+02	-3.87144649021742e-01
85	109	93	101	7.23420000000000e+02	5.02654824574367e+02	3.00000000000000e-02	0.00000000000000e+00	0.00000000000000e+00	7.32185115615483e+02	-4.01446860593039e-01
86	110	94	102	6.94860000000000e+02	5.02654824574367e+02	3.00000000000000e-02	0.00000000000000e+00	0.00000000000000e+00	6.82468359536955e+02	5.99807336422723e-01
87	111	95	103	6.15570000000000e+02	5.02654824574367e+02	3.00000000000000e-02	0.00000000000000e+00	0.00000000000000e+00	6.14527163336892e+02	5.65178612997800e-02
88	112	96	104	6.09420000000000e+02	5.02654824574367e+02	3.00000000000000e-02	0.00000000000000e+00	0.00000000000000e+00	6.00589609285658e+02	4.86527677885729e-01
89	113	97	105	5.75960000000000e+02	5.02654824574367e+02	3.00000000000000e-02	0.00000000000000e+00	0.00000000000000e+00	5.69322377885614e+02	3.86379031149205e-01
90	114	98	106	5.57970000000000e+02	5.02654824574367e+02	3.00000000000000e-02	0.00000000000000e+00	0.00000000000000e+00	5.62019475735274e+02	-2.41043537710883e-01
91	115	99	107	5.46290000000000e+02	5.02654824574367e+02	3.00000000000000e-02	0.00000000000000e+00	0.00000000000000e+00	5.30873678062027e+02	9.54195725157063e-01
92	116	100	108	4.75010000000000e+02	5.02654824574367e+02	3.00000000000000e-02	0.00000000000000e+00	0.00000000000000e+00	4.90715814443402e+02	-1.08431048219106e+00
93	117	101	109	4.52810000000000e+02	5.02654824574367e+02	3.00000000000000e-02	0.00000000000000e+00	0.00000000000000e+00	4.56417727422377e+02	-2.64528254576598e-01
94	118	102	110	4.55710000000000e+02	5.02654824574367e+02	3.00000000000000e-02	0.00000000000000e+00	0.00000000000000e+00	4.64988800367999e+02	-6.71889259218439e-01
95	119	103	111	4.86200000000000e+02	5.02654824574367e+02	3.00000000000000e-02	0.00000000000000e+00	0.00000000000000e+00	4.77607724111590e+02	5.94344239048213e-01
96	120	104	112	4.29250000000000e+02	5.02654824574367e+02	3.00000000000000e-02	0.00000000000000e+00	0.00000000000000e+00	4.29063814672341e+02	1.44613254030664e-02
97	121	105	113	3.73410000000000e+02	5.02654824574367e+02	3.00000000000000e-02	0.00000000000000e+00	0.00000000000000e+00	3.83660518344051e+02	-9.02702769227541e-01
98	122	106	114	3.63980000000000e+02	5.02654824574367e+02	3.00000000000000e-02	0.00000000000000e+00	0.00000000000000e+00	3.69306298137730e+02	-4.84248496650401e-01
99	123	107	115	3.74130000000000e+02	5.02654824574367e+02	3.00000000000000e-02	0.00000000000000e+00	0.00000000000000e+00	3.93992051963295e+02	-1.72424686039010e+00
100	124	108	116	4.18070000000000e+02	5.02654824574367e+02	3.00000000000000e-02	0.00000000000000e+00	0.00000000000000e+00	4.17556722199780e+02	4.09495333371979e-02
101	125	109	117	4.48450000000000e+02	5.02654824574367e+02	3.00000000000000e-02	0.00000000000000e+00	0.00000000000000e+00	4.56975250696783e+02	-6.27734694638556e-01
102	126	110	118	4.59380000000000e+02	5.02654824574367e+02	3.00000000000000e-02	0.00000000000000e+00	0.00000000000000e+00	4.50155202193493e+02	6.76177906536897e-01
103	127	111	119	3.71060000000000e+02	5.02654824574367e+02	3.00000000000000e-02	0.00000000000000e+00	0.00000000000000e+00	3.90958213923745e+02	-1.74123033051371e+00
104	128	112	120	3.92810000000000e+02	5.02654824574367e+02	3.00000000000000e-02	0.00000000000000e+00	0.00000000000000e+00	4.02501269689074e+02	-8.12407231864398e-01
105	129	113	121	4.33850000000000e+02	5.02654824574367e+02	3.00000000000000e-02	0.00000000000000e+00	0.00000000000000e+00	4.55304954052909e+02	-1.60895236320746e+00
106	130	114	122	4.61620000000000e+02	5.02654824574367e+02	3.00000000000000e-02	0.00000000000000e+00	0.00000000000000e+00	4.68277516949190e+02	-4.77302109803871e-01
107	131	115	123	4.42290000000000e+02	5.02654824574367e+02	3.00000000000000e-02	0.00000000000000e+00	0.00000000000000e+00	4.47783600484765e+02	-4.11476851803894e-01
108	132	116	124	4.45520000000000e+02	5.02654824574367e+02	3.00000000000000e-02	0.00000000000000e+00	0.00000000000000e+00	4.46800280842045e+02	-9.56518825550331e-02
109	133	117	125	4.12970000000000e+02	5.02654824574367e+02	3.00000000000000e-02	0.00000000000000e+00	0.00000000000000e+00	4.13775949682892e+02	-6.49897297959908e-02
110	134	118	126	4.05080000000000e+02	5.02654824574367e+02	3.00000000000000e-02	0.00000000000000e+00	0.00000000000000e+00	4.04556608109172e+02	4.30968625096284e-02
111	135	119	127	4.44540000000000e+02	5.02654824574367e+02	3.00000000000000e-02	0.00000000000000e+00	0.00000000000000e+00	4.34919964439828e+02	7.29267176321150e-01
112	136	120	128	4.25600000000000e+02	5.02654824574367e+02	3.00000000000000e-02	0.00000000000000e+00	0.00000000000000e+00	4.27636629758820e+02	-1.59130035420999e-01
113	137	121	129	3.97580000000000e+02	5.02654824574367e+02	3.00000000000000e-02	0.00000000000000e+00	0.00000000000000e+00	3.83386398729913e+02	1.21176057095346e+00
114	138	122	130	3.62360000000000e+02	5.02654824574367e+02	3.00000000000000e-02	0.00000000000000e+00	0.00000000000000e+00	3.65942315503068e+02	-3.27917342124392e-01
115	139	123	131	3.81410000000000e+02	5.02654824574367e+02	3.00000000000000e-02	0.00000000000000e+00	0.00000000000000e+00	3.68505534968052e+02	1.14730600774597e+00
117	140	125	133	3.86760000000000e+02	5.02654824574367e+02	3.00000000000000e-02	0.00000000000000e+00	0.00000000000000e+00	3.69358571525356e+02	1.53454782853283e+00
118	142	126	134	3.73070000000000e+02	5.02654824574367e+02	3.00000000000000e-02	0.00000000000000e+00	0.00000000000000e+00	3.49845653112866e+02	2.14246678281989e+00
119	143	127	135	2.78990000000000e+02	5.02654824574367e+02	3.00000000000000e-02	0.00000000000000e+00	0.00000000000000e+00	2.81853724897487e+02	-3.40409714707057e-01
120	141	128	136	2.49990000000000e+02	5.02654824574367e+02	3.00000000000000e-02	0.00000000000000e+00	0.00000000000000e+00	2.38154582243325e+02	1.61669830013092e+00
121	144	129	137	2.26250000000000e+02	5.02654824574367e+02	3.00000000000000e-02	0.00000000000000e+00	0.00000000000000e+00	2.30443774505036e+02	-6.12210723555358e-01
122	145	130	138	2.47090000000000e+02	5.02654824574367e+02	3.00000000000000e-02	0.00000000000000e+00	0.00000000000000e+00	2.21177580955193e+02	3.69289100462744e+00
123	146	131	139	2.06480000000000e+02	5.02654824574367e+02	3.00000000000000e-02	0.00000000000000e+00	0.00000000000000e+00	1.92255185197742e+02	2.37933254229089e+00
125	148	133	140	1.95100000000000e+02	5.02654824574367e+02	3.00000000000000e-02	0.00000000000000e+00	0.00000000000000e+00	1.79809610569561e+02	2.72045585254708e+00
126	149	134	142	2.05110000000000e+02	5.02654824574367e+02	3.00000000000000e-02	0.00000000000000e+00	0.00000000000000e+00	1.91588446664677e+02	2.27322853733417e+00
127	150	135	143	2.07960000000000e+02	5.02654824574367e+02	3.00000000000000e-02	0.00000000000000e+00	0.00000000000000e+00	2.10021965059085e+02	-3.28878908389226e-01
128	151	136	141	2.02760000000000e+02	5.02654824574367e+02	3.00000000000000e-02	0.00000000000000e+00	0.00000000000000e+00	2.07798189150129e+02	-8.18145021159733e-01
129	152	137	144	1.84240000000000e+02	5.02654824574367e+02	3.00000000000000e-02	0.00000000000000e+00	0.00000000000000e+00	2.00290369399783e+02	-2.78429683745515e+00
130	153	138	145	1.87090000000000e+02	5.02654824574367e+02	3.00000000000000e-02	0.00000000000000e+00	0.00000000000000e+00	2.01081796991758e+02	-2.40406636625747e+00
131	154	139	146	1.97060000000000e+02	5.02654824574367e+02	3.00000000000000e-02	0.00000000000000e+00	0.00000000000000e+00	2.21072222938353e+02	-3.83270659539209e+00
133	156	140	148	2.28950000000000e+02	5.02654824574367e+02	3.00000000000000e-02	0.00000000000000e+00	0.00000000000000e+00	2.40333100846982e+02	-1.61740807212259e+00
134	157	142	149	1.34390000000000e+02	5.02654824574367e+02	3.00000000000000e-02	0.00000000000000e+00	0.00000000000000e+00	1.91273263820193e+02	-1.17652361879973e+01
135	158	143	150	1.47380000000000e+02	5.02654824574367e+02	3.00000000000000e-02	0.00000000000000e+00	0.00000000000000e+00	1.76478374181361e+02	-6.00613525476496e+00
136	159	141	151	3.49890000000000e+02	5.02654824574367e+02	3.00000000000000e-02	0.00000000000000e+00	0.00000000000000e+00	2.02787447640060e+02	1.81820148278537e+01
1	28	10	19	4.57000000000000e+02	5.65486677646163e+02	3.00000000000000e-02	0.00000000000000e+00	0.00000000000000e+00	5.22889413810633e+02	-4.48955349813724e+00
3	29	11	20	5.64120000000000e+02	5.65486677646163e+02	3.00000000000000e-02	0.00000000000000e+00	0.00000000000000e+00	5.54295573332503e+02	5.85630816004557e-01
4	30	12	21	5.52230000000000e+02	5.65486677646163e+02	3.00000000000000e-02	0.00000000000000e+00	0.00000000000000e+00	5.34666071973010e+02	1.07740795581706e+00
2	31	13	22	4.61930000000000e+02	5.65486677646163e+02	3.00000000000000e-02	0.00000000000000e+00	0.00000000000000e+00	4.81030705542756e+02	-1.35059135016187e+00
5	32	14	23	4.45040000000000e+02	5.65486677646163e+02	3.00000000000000e-02	0.00000000000000e+00	0.00000000000000e+00	4.73904844576759e+02	-2.09474619790105e+00
6	33	15	24	4.56760000000000e+02	5.65486677646163e+02	3.00000000000000e-02	0.00000000000000e+00	0.00000000000000e+00	4.88678556594451e+02	-2.25156120051935e+00
7	34	16	25	4.58370000000000e+02	5.65486677646163e+02	3.00000000000000e-02	0.00000000000000e+00	0.00000000000000e+00	5.00607889220641e+02	-2.93821400568689e+00
8	35	17	26	4.66000000000000e+02	5.65486677646163e+02	3.00000000000000e-02	0.00000000000000e+00	0.00000000000000e+00	4.84710792719758e+02	-1.31222584271642e+00
9	36	18	27	4.73690000000000e+02	5.65486677646163e+02	3.00000000000000e-02	0.00000000000000e+00	0.00000000000000e+00	4.64317717510509e+02	6.66134846130243e-01
10	37	19	28	4.14340000000000e+02	5.65486677646163e+02	3.00000000000000e-02	0.00000000000000e+00	0.00000000000000e+00	4.12288355874054e+02	1.65463179361354e-01
11	38	20	29	4.20130000000000e+02	5.65486677646163e+02	3.00000000000000e-02	0.00000000000000e+00	0.00000000000000e+00	3.92414402602699e+02	2.27485854320705e+00
12	39	21	30	4.08000000000000e+02	5.65486677646163e+02	3.00000000000000e-02	0.00000000000000e+00	0.00000000000000e+00	3.83290880407395e+02	2.08243315370564e+00
13	40	22	31	4.66150000000000e+02	5.65486677646163e+02	3.00000000000000e-02	0.00000000000000e+00	0.00000000000000e+00	4.18296150755293e+02	3.61059314839650e+00
14	41	23	32	4.33040000000000e+02	5.65486677646163e+02	3.00000000000000e-02	0.00000000000000e+00	0.00000000000000e+00	3.97596751700378e+02	2.84639325024457e+00
15	42	24	33	4.12000000000000e+02	5.65486677646163e+02	3.00000000000000e-02	0.00000000000000e+00	0.00000000000000e+00	3.80949100259925e+02	2.61191927552522e+00
16	43	25	34	4.11500000000000e+02	5.65486677646163e+02	3.00000000000000e-02	0.00000000000000e+00	0.00000000000000e+00	3.96976240947340e+02	1.19775292336858e+00
17	44	26	35	4.81190000000000e+02	5.65486677646163e+02	3.00000000000000e-02	0.00000000000000e+00	0.00000000000000e+00	4.22881056094963e+02	4.30570847549886e+00
18	45	27	36	4.28060000000000e+02	5.65486677646163e+02	3.00000000000000e-02	0.00000000000000e+00	0.00000000000000e+00	4.38625971526944e+02	-8.12789205532383e-01
19	46	28	37	4.78580000000000e+02	5.65486677646163e+02	3.00000000000000e-02	0.00000000000000e+00	0.00000000000000e+00	4.73042182939418e+02	3.87960661519523e-01
20	47	29	38	4.82320000000000e+02	5.65486677646163e+02	3.00000000000000e-02	0.00000000000000e+00	0.00000000000000e+00	4.56993849250937e+02	1.79792874490066e+00
21	48	30	39	4.09040000000000e+02	5.65486677646163e+02	3.00000000000000e-02	0.00000000000000e+00	0.00000000000000e+00	4.08535963387972e+02	4.11000892440209e-02
22	49	31	40	3.41290000000000e+02	5.65486677646163e+02	3.00000000000000e-02	0.00000000000000e+00	0.00000000000000e+00	3.53708271801888e+02	-1.19133088939742e+00
23	50	32	41	3.87740000000000e+02	5.65486677646163e+02	3.00000000000000e-02	0.00000000000000e+00	0.00000000000000e+00	3.66266330416669e+02	1.89914214684759e+00
24	51	33	42	4.14890000000000e+02	5.65486677646163e+02	3.00000000000000e-02	0.00000000000000e+00	0.00000000000000e+00	3.76495954282856e+02	3.23687077565031e+00
25	52	34	43	4.01010000000000e+02	5.65486677646163e+02	3.00000000000000e-02	0.00000000000000e+00	0.00000000000000e+00	3.90880918525661e+02	8.52780241771356e-01
26	53	35	44	4.77550000000000e+02	5.65486677646163e+02	3.00000000000000e-02	0.00000000000000e+00	0.00000000000000e+00	4.00213453461637e+02	5.88902760168259e+00
27	54	36	45	3.92320000000000e+02	5.65486677646163e+02	3.00000000000000e-02	0.00000000000000e+00	0.00000000000000e+00	3.83282656319826e+02	7.76837008757229e-01
28	55	37	46	3.23330000000000e+02	5.65486677646163e+02	3.00000000000000e-02	0.00000000000000e+00	0.00000000000000e+00	3.25082564001016e+02	-1.80190654949334e-01
29	56	38	47	3.62500000000000e+02	5.65486677646163e+02	3.00000000000000e-02	0.00000000000000e+00	0.00000000000000e+00	3.32128544475491e+02	2.91674660529386e+00
30	57	39	48	3.48960000000000e+02	5.65486677646163e+02	3.00000000000000e-02	0.00000000000000e+00	0.00000000000000e+00	3.33463084878377e+02	1.51417110813637e+00
31	58	40	49	3.62050000000000e+02	5.65486677646163e+02	3.00000000000000e-02	0.00000000000000e+00	0.00000000000000e+00	3.34827410060916e+02	2.60557062052416e+00
32	59	41	50	3.34140000000000e+02	5.65486677646163e+02	3.00000000000000e-02	0.00000000000000e+00	0.00000000000000e+00	3.08695271763839e+02	2.64018173481526e+00
33	60	42	51	3.22870000000000e+02	5.65486677646163e+02	3.00000000000000e-02	0.00000000000000e+00	0.00000000000000e+00	2.97745453696985e+02	2.70036087226488e+00
34	61	43	52	3.05040000000000e+02	5.65486677646163e+02	3.00000000000000e-02	0.00000000000000e+00	0.00000000000000e+00	2.88945101861049e+02	1.80687348132240e+00
35	62	44	53	3.00460000000000e+02	5.65486677646163e+02	3.00000000000000e-02	0.00000000000000e+00	0.00000000000000e+00	2.87704224372415e+02	1.44605599765807e+00
36	63	45	54	3.11260000000000e+02	5.65486677646163e+02	3.00000000000000e-02	0.00000000000000e+00	0.00000000000000e+00	2.94486999546343e+02	1.84645726048786e+00
37	64	46	55	3.25550000000000e+02	5.65486677646163e+02	3.00000000000000e-02	0.00000000000000e+00	0.00000000000000e+00	3.10096837402178e+02	1.62104774223497e+00
38	65	47	56	3.31120000000000e+02	5.65486677646163e+02	3.00000000000000e-02	0.00000000000000e+00	0.00000000000000e+00	3.21531693897556e+02	9.79490909724815e-01
39	66	48	57	3.18810000000000e+02	5.65486677646163e+02	3.00000000000000e-02	0.00000000000000e+00	0.00000000000000e+00	3.17294572863169e+02	1.58823990947887e-01
40	67	49	58	3.09710000000000e+02	5.65486677646163e+02	3.00000000000000e-02	0.00000000000000e+00	0.00000000000000e+00	3.05324170191971e+02	4.75410350090311e-01
41	68	50	59	3.26350000000000e+02	5.65486677646163e+02	3.00000000000000e-02	0.00000000000000e+00	0.00000000000000e+00	3.11510164003911e+02	1.55128193866677e+00
42	69	51	60	3.30680000000000e+02	5.65486677646163e+02	3.00000000000000e-02	0.00000000000000e+00	0.00000000000000e+00	3.07679450226238e+02	2.40308817939334e+00
43	70	52	61	3.49810000000000e+02	5.65486677646163e+02	3.00000000000000e-02	0.00000000000000e+00	0.00000000000000e+00	3.36994576823467e+02	1.24411040764688e+00
44	71	53	62	3.47780000000000e+02	5.65486677646163e+02	3.00000000000000e-02	0.00000000000000e+00	0.00000000000000e+00	3.53468308988106e+02	-5.40791203608600e-01
45	72	54	63	3.52580000000000e+02	5.65486677646163e+02	3.00000000000000e-02	0.00000000000000e+00	0.00000000000000e+00	3.67395371689225e+02	-1.37203427910905e+00
46	73	55	64	3.39420000000000e+02	5.65486677646163e+02	3.00000000000000e-02	0.00000000000000e+00	0.00000000000000e+00	3.58547841488243e+02	-1.82746072045571e+00
47	74	56	65	3.29740000000000e+02	5.65486677646163e+02	3.00000000000000e-02	0.00000000000000e+00	0.00000000000000e+00	3.42551970992877e+02	-1.27063070610225e+00
48	75	57	66	3.23220000000000e+02	5.65486677646163e+02	3.00000000000000e-02	0.00000000000000e+00	0.00000000000000e+00	3.34146762256478e+02	-1.10823661661081e+00
49	76	58	67	3.34600000000000e+02	5.65486677646163e+02	3.00000000000000e-02	0.00000000000000e+00	0.00000000000000e+00	3.48955833182739e+02	-1.40031910520912e+00
50	77	59	68	3.52070000000000e+02	5.65486677646163e+02	3.00000000000000e-02	0.00000000000000e+00	0.00000000000000e+00	3.60546354183688e+02	-7.93017067633795e-01
51	78	60	69	3.54340000000000e+02	5.65486677646163e+02	3.00000000000000e-02	0.00000000000000e+00	0.00000000000000e+00	3.74952868930938e+02	-1.88478103495120e+00
52	79	61	70	3.66770000000000e+02	5.65486677646163e+02	3.00000000000000e-02	0.00000000000000e+00	0.00000000000000e+00	3.80572847221651e+02	-1.23142205618834e+00
53	80	62	71	3.88100000000000e+02	5.65486677646163e+02	3.00000000000000e-02	0.00000000000000e+00	0.00000000000000e+00	3.80058841279935e+02	6.97898405607944e-01
54	81	63	72	3.73180000000000e+02	5.65486677646163e+02	3.00000000000000e-02	0.00000000000000e+00	0.00000000000000e+00	3.81132220972413e+02	-7.02849154243346e-01
55	82	64	73	4.20280000000000e+02	5.65486677646163e+02	3.00000000000000e-02	0.00000000000000e+00	0.00000000000000e+00	4.29276706066828e+02	-7.06018588983988e-01
56	83	65	74	4.84370000000000e+02	5.65486677646163e+02	3.00000000000000e-02	0.00000000000000e+00	0.00000000000000e+00	4.74392623142175e+02	6.93792659333751e-01
57	84	66	75	4.99060000000000e+02	5.65486677646163e+02	3.00000000000000e-02	0.00000000000000e+00	0.00000000000000e+00	5.01014311697828e+02	-1.30277931193786e-01
58	85	67	76	4.96630000000000e+02	5.65486677646163e+02	3.00000000000000e-02	0.00000000000000e+00	0.00000000000000e+00	4.81181251987508e+02	1.05337532194145e+00
59	86	68	77	5.01190000000000e+02	5.65486677646163e+02	3.00000000000000e-02	0.00000000000000e+00	0.00000000000000e+00	4.89011672276520e+02	8.19963727727124e-01
60	87	69	78	5.73230000000000e+02	5.65486677646163e+02	3.00000000000000e-02	0.00000000000000e+00	0.00000000000000e+00	5.59867247209721e+02	7.86244508836820e-01
61	88	70	79	6.28210000000000e+02	5.65486677646163e+02	3.00000000000000e-02	0.00000000000000e+00	0.00000000000000e+00	6.18630723487760e+02	5.12199343186056e-01
62	89	71	80	7.47340000000000e+02	5.65486677646163e+02	3.00000000000000e-02	0.00000000000000e+00	0.00000000000000e+00	7.42073185320973e+02	2.35745490641470e-01
63	90	72	81	8.16280000000000e+02	5.65486677646163e+02	3.00000000000000e-02	0.00000000000000e+00	0.00000000000000e+00	8.03975376864467e+02	5.06293014712049e-01
64	91	73	82	7.37650000000000e+02	5.65486677646163e+02	3.00000000000000e-02	0.00000000000000e+00	0.00000000000000e+00	7.52442735678035e+02	-6.61847919902166e-01
65	92	74	83	6.64140000000000e+02	5.65486677646163e+02	3.00000000000000e-02	0.00000000000000e+00	0.00000000000000e+00	6.81460377414377e+02	-8.58171285436290e-01
66	93	75	84	6.11240000000000e+02	5.65486677646163e+02	3.00000000000000e-02	0.00000000000000e+00	0.00000000000000e+00	6.29934753591210e+02	-1.00421891856612e+00
67	94	76	85	5.90970000000000e+02	5.65486677646163e+02	3.00000000000000e-02	0.00000000000000e+00	0.00000000000000e+00	6.02749498264677e+02	-6.57880998474525e-01
68	95	77	86	5.64230000000000e+02	5.65486677646163e+02	3.00000000000000e-02	0.00000000000000e+00	0.00000000000000e+00	5.69985978360232e+02	-3.38326378997126e-01
69	96	78	87	4.84780000000000e+02	5.65486677646163e+02	3.00000000000000e-02	0.00000000000000e+00	0.00000000000000e+00	5.07514573438236e+02	-1.52767489531268e+00
70	97	79	88	4.45770000000000e+02	5.65486677646163e+02	3.00000000000000e-02	0.00000000000000e+00	0.00000000000000e+00	4.55828331899324e+02	-7.43771652139014e-01
71	98	80	89	3.88220000000000e+02	5.65486677646163e+02	3.00000000000000e-02	0.00000000000000e+00	0.00000000000000e+00	4.06694912019905e+02	-1.54970377303189e+00
72	99	81	90	3.68780000000000e+02	5.65486677646163e+02	3.00000000000000e-02	0.00000000000000e+00	0.00000000000000e+00	3.81880883041836e+02	-1.16361584014587e+00
73	100	82	91	3.73060000000000e+02	5.65486677646163e+02	3.00000000000000e-02	0.00000000000000e+00	0.00000000000000e+00	3.91134913908332e+02	-1.57710947374531e+00
74	101	83	92	3.94060000000000e+02	5.65486677646163e+02	3.00000000000000e-02	0.00000000000000e+00	0.00000000000000e+00	4.13773149036305e+02	-1.62715641636021e+00
75	102	84	93	4.27050000000000e+02	5.65486677646163e+02	3.00000000000000e-02	0.00000000000000e+00	0.00000000000000e+00	4.47479593738128e+02	-1.55766112326091e+00
76	103	85	94	4.44330000000000e+02	5.65486677646163e+02	3.00000000000000e-02	0.00000000000000e+00	0.00000000000000e+00	4.54831010614394e+02	-7.78613837095321e-01
77	104	86	95	4.57650000000000e+02	5.65486677646163e+02	3.00000000000000e-02	0.00000000000000e+00	0.00000000000000e+00	4.70587447029979e+02	-9.29236723742329e-01
78	105	87	96	5.21000000000000e+02	5.65486677646163e+02	3.00000000000000e-02	0.00000000000000e+00	0.00000000000000e+00	5.30412480952431e+02	-5.96830934962641e-01
79	106	88	97	6.06230000000000e+02	5.65486677646163e+02	3.00000000000000e-02	0.00000000000000e+00	0.00000000000000e+00	6.09087670163390e+02	-1.56758763585074e-01
80	107	89	98	7.36610000000000e+02	5.65486677646163e+02	3.00000000000000e-02	0.00000000000000e+00	0.00000000000000e+00	7.31424209956826e+02	2.35499126574161e-01
81	108	90	99	8.07010000000000e+02	5.65486677646163e+02	3.00000000000000e-02	0.00000000000000e+00	0.00000000000000e+00	7.91401585444927e+02	6.51017582516703e-01
82	109	91	100	8.03390000000000e+02	5.65486677646163e+02	3.00000000000000e-02	0.00000000000000e+00	0.00000000000000e+00	8.16695347602089e+02	-5.47528633961984e-01
83	110	92	101	7.68330000000000e+02	5.65486677646163e+02	3.00000000000000e-02	0.00000000000000e+00	0.00000000000000e+00	7.69671122586728e+02	-5.81327242201427e-02
84	111	93	102	7.17710000000000e+02	5.65486677646163e+02	3.00000000000000e-02	0.00000000000000e+00	0.00000000000000e+00	7.20111027096720e+02	-1.11327222850921e-01
85	112	94	103	7.23720000000000e+02	5.65486677646163e+02	3.00000000000000e-02	0.00000000000000e+00	0.00000000000000e+00	7.03043579792295e+02	9.66189873063694e-01
86	113	95	104	6.76480000000000e+02	5.65486677646163e+02	3.00000000000000e-02	0.00000000000000e+00	0.00000000000000e+00	6.85665176654761e+02	-4.49551488524354e-01
87	114	96	105	7.01780000000000e+02	5.65486677646163e+02	3.00000000000000e-02	0.00000000000000e+00	0.00000000000000e+00	6.68188484674961e+02	1.63498893907021e+00
88	115	97	106	6.12760000000000e+02	5.65486677646163e+02	3.00000000000000e-02	0.00000000000000e+00	0.00000000000000e+00	5.96786057356427e+02	8.80488528875804e-01
89	116	98	107	5.68210000000000e+02	5.65486677646163e+02	3.00000000000000e-02	0.00000000000000e+00	0.00000000000000e+00	5.65122049756478e+02	1.81644787195504e-01
90	117	99	108	5.25890000000000e+02	5.65486677646163e+02	3.00000000000000e-02	0.00000000000000e+00	0.00000000000000e+00	5.24774311675459e+02	7.07925916645517e-02
91	118	100	109	4.63800000000000e+02	5.65486677646163e+02	3.00000000000000e-02	0.00000000000000e+00	0.00000000000000e+00	4.61254556757871e+02	1.83445012187870e-01
92	119	101	110	4.50050000000000e+02	5.65486677646163e+02	3.00000000000000e-02	0.00000000000000e+00	0.00000000000000e+00	4.64272661817686e+02	-1.03711083873789e+00
93	120	102	111	4.90470000000000e+02	5.65486677646163e+02	3.00000000000000e-02	0.00000000000000e+00	0.00000000000000e+00	4.88054533695695e+02	1.64565535645167e-01
94	121	103	112	4.51290000000000e+02	5.65486677646163e+02	3.00000000000000e-02	0.00000000000000e+00	0.00000000000000e+00	4.43752502022673e+02	5.61438974771988e-01
95	122	104	113	4.20350000000000e+02	5.65486677646163e+02	3.00000000000000e-02	0.00000000000000e+00	0.00000000000000e+00	4.11425363949039e+02	7.15335649807081e-01
96	123	105	114	3.52140000000000e+02	5.65486677646163e+02	3.00000000000000e-02	0.00000000000000e+00	0.00000000000000e+00	3.70957669952801e+02	-1.73530450457665e+00
97	124	106	115	3.84260000000000e+02	5.65486677646163e+02	3.00000000000000e-02	0.00000000000000e+00	0.00000000000000e+00	3.90354696616123e+02	-5.24546583267682e-01
98	125	107	116	3.75360000000000e+02	5.65486677646163e+02	3.00000000000000e-02	0.00000000000000e+00	0.00000000000000e+00	3.93994216928606e+02	-1.61502219596411e+00
99	126	108	117	4.27680000000000e+02	5.65486677646163e+02	3.00000000000000e-02	0.00000000000000e+00	0.00000000000000e+00	4.30666526889893e+02	-2.31960624156831e-01
100	127	109	118	4.28430000000000e+02	5.65486677646163e+02	3.00000000000000e-02	0.00000000000000e+00	0.00000000000000e+00	4.45614702356096e+02	-1.31091061504304e+00
101	128	110	119	4.10670000000000e+02	5.65486677646163e+02	3.00000000000000e-02	0.00000000000000e+00	0.00000000000000e+00	4.13482187914992e+02	-2.27482162528621e-01
102	129	111	120	3.70390000000000e+02	5.65486677646163e+02	3.00000000000000e-02	0.00000000000000e+00	0.00000000000000e+00	3.90621529054153e+02	-1.77275434208057e+00
103	130	112	121	4.28340000000000e+02	5.65486677646163e+02	3.00000000000000e-02	0.00000000000000e+00	0.00000000000000e+00	4.37860927489740e+02	-7.32802335602282e-01
104	131	113	122	4.51140000000000e+02	5.65486677646163e+02	3.00000000000000e-02	0.00000000000000e+00	0.00000000000000e+00	4.59857721044082e+02	-6.37980898110454e-01
105	132	114	123	4.83630000000000e+02	5.65486677646163e+02	3.00000000000000e-02	0.00000000000000e+00	0.00000000000000e+00	4.88814899455839e+02	-3.55457917953602e-01
106	133	115	124	4.67360000000000e+02	5.65486677646163e+02	3.00000000000000e-02	0.00000000000000e+00	0.00000000000000e+00	4.71998199853264e+02	-3.29177768954943e-01
107	134	116	125	4.81130000000000e+02	5.65486677646163e+02	3.00000000000000e-02	0.00000000000000e+00	0.00000000000000e+00	4.77120793040578e+02	2.78927004796466e-01
108	135	117	126	4.50580000000000e+02	5.65486677646163e+02	3.00000000000000e-02	0.00000000000000e+00	0.00000000000000e+00	4.46804013133232e+02	2.80519754960936e-01
109	136	118	127	4.45090000000000e+02	5.65486677646163e+02	3.00000000000000e-02	0.00000000000000e+00	0.00000000000000e+00	4.41660738604444e+02	2.57816042452793e-01
110	137	119	128	4.52500000000000e+02	5.65486677646163e+02	3.00000000000000e-02	0.00000000000000e+00	0.00000000000000e+00	4.56270937554371e+02	-2.76634374463688e-01
111	138	120	129	4.57370000000000e+02	5.65486677646163e+02	3.00000000000000e-02	0.00000000000000e+00	0.00000000000000e+00	4.49485596197409e+02	5.79629399581686e-01
112	139	121	130	3.96130000000000e+02	5.65486677646163e+02	3.00000000000000e-02	0.00000000000000e+00	0.00000000000000e+00	4.01031731274846e+02	-4.09937144246412e-01
114	140	123	132	3.64220000000000e+02	5.65486677646163e+02	3.00000000000000e-02	0.00000000000000e+00	0.00000000000000e+00	3.63538637061797e+02	6.24165854436735e-02
115	142	124	133	3.87750000000000e+02	5.65486677646163e+02	3.00000000000000e-02	0.00000000000000e+00	0.00000000000000e+00	3.69568819076607e+02	1.60079432727258e+00
116	143	125	134	3.44180000000000e+02	5.65486677646163e+02	3.00000000000000e-02	0.00000000000000e+00	0.00000000000000e+00	3.33194174044587e+02	1.08131170190410e+00
117	141	126	135	3.53690000000000e+02	5.65486677646163e+02	3.00000000000000e-02	0.00000000000000e+00	0.00000000000000e+00	3.26162475299265e+02	2.70083918548139e+00
118	144	127	136	2.62610000000000e+02	5.65486677646163e+02	3.00000000000000e-02	0.00000000000000e+00	0.00000000000000e+00	2.63917613986225e+02	-1.65564811136794e-01
119	145	128	137	2.46920000000000e+02	5.65486677646163e+02	3.00000000000000e-02	0.00000000000000e+00	0.00000000000000e+00	2.21487688874385e+02	3.62324634292405e+00
120	146	129	138	2.39520000000000e+02	5.65486677646163e+02	3.00000000000000e-02	0.00000000000000e+00	0.00000000000000e+00	2.18522160832263e+02	3.05831629017697e+00
121	147	130	139	2.41470000000000e+02	5.65486677646163e+02	3.00000000000000e-02	0.00000000000000e+00	0.00000000000000e+00	2.19024515244738e+02	3.25205254884888e+00
123	149	132	140	2.09190000000000e+02	5.65486677646163e+02	3.00000000000000e-02	0.00000000000000e+00	0.00000000000000e+00	2.05951047838451e+02	5.20147373418330e-01
124	150	133	142	2.12100000000000e+02	5.65486677646163e+02	3.00000000000000e-02	0.00000000000000e+00	0.00000000000000e+00	2.02875776394733e+02	1.48213362607018e+00
125	151	134	143	2.15100000000000e+02	5.65486677646163e+02	3.00000000000000e-02	0.00000000000000e+00	0.00000000000000e+00	2.09882114676808e+02	8.18567395295311e-01
126	152	135	141	1.92350000000000e+02	5.65486677646163e+02	3.00000000000000e-02	0.00000000000000e+00	0.00000000000000e+00	2.01323787895729e+02	-1.51992892768433e+00
127	153	136	144	1.95770000000000e+02	5.65486677646163e+02	3.00000000000000e-02	0.00000000000000e+00	0.00000000000000e+00	2.17021235926821e+02	-3.43515697926048e+00
128	154	137	145	2.01930000000000e+02	5.65486677646163e+02	3.00000000000000e-02	0.00000000000000e+00	0.00000000000000e+00	2.21115187054635e+02	-3.02542238123724e+00
129	155	138	146	2.03070000000000e+02	5.65486677646163e+02	3.00000000000000e-02	0.00000000000000e+00	0.00000000000000e+00	2.26345599582027e+02	-3.61707619119217e+00
130	156	139	147	2.06180000000000e+02	5.65486677646163e+02	3.00000000000000e-02	0.00000000000000e+00	0.00000000000000e+00	2.27740888385764e+02	-3.31529848612565e+00
132	158	140	149	1.76520000000000e+02	5.65486677646163e+02	3.00000000000000e-02	0.00000000000000e+00	0.00000000000000e+00	1.95071236002843e+02	-3.33102067623342e+00
133	159	142	150	3.27070000000000e+02	5.65486677646163e+02	3.00000000000000e-02	0.00000000000000e+00	0.00000000000000e+00	2.03451506911352e+02	1.58248844685501e+01
1	31	11	21	4.77620000000000e+02	6.28318530717959e+02	3.00000000000000e-02	0.00000000000000e+00	0.00000000000000e+00	4.77869299971127e+02	-1.73942277038227e-02
3	32	12	22	5.33220000000000e+02	6.28318530717959e+02	3.00000000000000e-02	0.00000000000000e+00	0.00000000000000e+00	5.14440295373874e+02	1.19515308049598e+00
4	33	13	23	4.98840000000000e+02	6.28318530717959e+02	3.00000000000000e-02	0.00000000000000e+00	0.00000000000000e+00	4.99410269172610e+02	-3.80845867518668e-02
2	34	14	24	4.57590000000000e+02	6.28318530717959e+02	3.00000000000000e-02	0.00000000000000e+00	0.00000000000000e+00	4.79706960898976e+02	-1.57339442216629e+00
5	35	15	25	4.58120000000000e+02	6.28318530717959e+02	3.00000000000000e-02	0.00000000000000e+00	0.00000000000000e+00	4.81866421858377e+02	-1.68452613462374e+00
6	36	16	26	4.54220000000000e+02	6.28318530717959e+02	3.00000000000000e-02	0.00000000000000e+00	0.00000000000000e+00	4.70876783770251e+02	-1.20049306803104e+00
7	37	17	27	4.25550000000000e+02	6.28318530717959e+02	3.00000000000000e-02	0.00000000000000e+00	0.00000000000000e+00	4.26862592108033e+02	-1.02657105853806e-01
8	38	18	28	4.19090000000000e+02	6.28318530717959e+02	3.00000000000000e-02	0.00000000000000e+00	0.00000000000000e+00	4.18207737048917e+02	7.02468778282691e-02
9	39	19	29	4.43490000000000e+02	6.28318530717959e+02	3.00000000000000e-02	0.00000000000000e+00	0.00000000000000e+00	4.13834086306073e+02	2.30700392651422e+00
10	40	20	30	4.37390000000000e+02	6.28318530717959e+02	3.00000000000000e-02	0.00000000000000e+00	0.00000000000000e+00	4.09636381817870e+02	2.18517843448189e+00
11	41	21	31	4.25680000000000e+02	6.28318530717959e+02	3.00000000000000e-02	0.00000000000000e+00	0.00000000000000e+00	3.88032206707147e+02	3.08665157108485e+00
12	42	22	32	3.87340000000000e+02	6.28318530717959e+02	3.00000000000000e-02	0.00000000000000e+00	0.00000000000000e+00	3.40553297021980e+02	4.29104070656138e+00
13	43	23	33	4.45410000000000e+02	6.28318530717959e+02	3.00000000000000e-02	0.00000000000000e+00	0.00000000000000e+00	3.53343404761589e+02	7.71849347420034e+00
14	44	24	34	3.99930000000000e+02	6.28318530717959e+02	3.00000000000000e-02	0.00000000000000e+00	0.00000000000000e+00	3.68076471867734e+02	2.76662704082045e+00
15	45	25	35	3.94370000000000e+02	6.28318530717959e+02	3.00000000000000e-02	0.00000000000000e+00	0.00000000000000e+00	3.71842214722917e+02	1.96066482009745e+00
16	46	26	36	4.02050000000000e+02	6.28318530717959e+02	3.00000000000000e-02	0.00000000000000e+00	0.00000000000000e+00	4.01067984862096e+02	8.15169249372675e-02
17	47	27	37	4.47500000000000e+02	6.28318530717959e+02	3.00000000000000e-02	0.00000000000000e+00	0.00000000000000e+00	4.43294003326038e+02	3.14777446824592e-01
18	48	28	38	4.18930000000000e+02	6.28318530717959e+02	3.00000000000000e-02	0.00000000000000e+00	0.00000000000000e+00	4.43036323954626e+02	-1.86493068468071e+00
19	49	29	39	4.08730000000000e+02	6.28318530717959e+02	3.00000000000000e-02	0.00000000000000e+00	0.00000000000000e+00	4.29882367810823e+02	-1.68189388936527e+00
20	50	30	40	4.01040000000000e+02	6.28318530717959e+02	3.00000000000000e-02	0.00000000000000e+00	0.00000000000000e+00	3.96734579283197e+02	3.59789396509314e-01
21	51	31	41	3.43060000000000e+02	6.28318530717959e+02	3.00000000000000e-02	0.00000000000000e+00	0.00000000000000e+00	3.56519179639167e+02	-1.28275597516249e+00
22	52	32	42	3.81200000000000e+02	6.28318530717959e+02	3.00000000000000e-02	0.00000000000000e+00	0.00000000000000e+00	3.75651872201603e+02	4.88710969281581e-01
23	53	33	43	4.63740000000000e+02	6.28318530717959e+02	3.00000000000000e-02	0.00000000000000e+00	0.00000000000000e+00	3.98054567938930e+02	5.09116496954277e+00
24	54	34	44	4.69340000000000e+02	6.28318530717959e+02	3.00000000000000e-02	0.00000000000000e+00	0.00000000000000e+00	4.13810290714455e+02	4.19732728933703e+00
25	55	35	45	4.09340000000000e+02	6.28318530717959e+02	3.00000000000000e-02	0.00000000000000e+00	0.00000000000000e+00	4.09425429121073e+02	-6.95592969159146e-03
26	56	36	46	4.63010000000000e+02	6.28318530717959e+02	3.00000000000000e-02	0.00000000000000e+00	0.00000000000000e+00	3.76314285386279e+02	6.91079974957095e+00
27	57	37	47	3.37910000000000e+02	6.28318530717959e+02	3.00000000000000e-02	0.00000000000000e+00	0.00000000000000e+00	3.29663995906256e+02	8.23521543724877e-01
28	58	38	48	3.66950000000000e+02	6.28318530717959e+02	3.00000000000000e-02	0.00000000000000e+00	0.00000000000000e+00	3.37462281837523e+02	2.79239508140912e+00
29	59	39	49	3.57080000000000e+02	6.28318530717959e+02	3.00000000000000e-02	0.00000000000000e+00	0.00000000000000e+00	3.31947657713445e+02	2.43275157711815e+00
30	60	40	50	3.66700000000000e+02	6.28318530717959e+02	3.00000000000000e-02	0.00000000000000e+00	0.00000000000000e+00	3.43690201566394e+02	2.16011334362382e+00
31	61	41	51	3.52340000000000e+02	6.28318530717959e+02	3.00000000000000e-02	0.00000000000000e+00	0.00000000000000e+00	3.35311877789630e+02	1.65118470963677e+00
32	62	42	52	3.37710000000000e+02	6.28318530717959e+02	3.00000000000000e-02	0.00000000000000e+00	0.00000000000000e+00	3.19184909591379e+02	1.88056500976437e+00
33	63	43	53	3.27940000000000e+02	6.28318530717959e+02	3.00000000000000e-02	0.00000000000000e+00	0.00000000000000e+00	3.14713063597970e+02	1.37231167795987e+00
34	64	44	54	3.29050000000000e+02	6.28318530717959e+02	3.00000000000000e-02	0.00000000000000e+00	0.00000000000000e+00	3.14338495949589e+02	1.52464323512911e+00
35	65	45	55	3.27930000000000e+02	6.28318530717959e+02	3.00000000000000e-02	0.00000000000000e+00	0.00000000000000e+00	3.20513853295271e+02	7.62489051235082e-01
36	66	46	56	3.63570000000000e+02	6.28318530717959e+02	3.00000000000000e-02	0.00000000000000e+00	0.00000000000000e+00	3.49463010645956e+02	1.31913765457359e+00
37	67	47	57	3.68340000000000e+02	6.28318530717959e+02	3.00000000000000e-02	0.00000000000000e+00	0.00000000000000e+00	3.52265782789873e+02	1.48734897477928e+00
38	68	48	58	3.42260000000000e+02	6.28318530717959e+02	3.00000000000000e-02	0.00000000000000e+00	0.00000000000000e+00	3.34134942656426e+02	8.00858361242055e-01
39	69	49	59	3.35690000000000e+02	6.28318530717959e+02	3.00000000000000e-02	0.00000000000000e+00	0.00000000000000e+00	3.27192390979472e+02	8.54658851172907e-01
40	70	50	60	3.32770000000000e+02	6.28318530717959e+02	3.00000000000000e-02	0.00000000000000e+00	0.00000000000000e+00	3.14390534500124e+02	1.89385357009921e+00
41	71	51	61	3.67810000000000e+02	6.28318530717959e+02	3.00000000000000e-02	0.00000000000000e+00	0.00000000000000e+00	3.43850824051629e+02	2.24528627277406e+00
42	72	52	62	3.64470000000000e+02	6.28318530717959e+02	3.00000000000000e-02	0.00000000000000e+00	0.00000000000000e+00	3.53392453163085e+02	1.02883462734500e+00
43	73	53	63	3.56570000000000e+02	6.28318530717959e+02	3.00000000000000e-02	0.00000000000000e+00	0.00000000000000e+00	3.57642350392797e+02	-1.00096392715858e-01
44	74	54	64	3.40380000000000e+02	6.28318530717959e+02	3.00000000000000e-02	0.00000000000000e+00	0.00000000000000e+00	3.58865029424701e+02	-1.76279048749330e+00
45	75	55	65	3.46740000000000e+02	6.28318530717959e+02	3.00000000000000e-02	0.00000000000000e+00	0.00000000000000e+00	3.55385470412395e+02	-8.20927099197840e-01
46	76	56	66	3.32320000000000e+02	6.28318530717959e+02	3.00000000000000e-02	0.00000000000000e+00	0.00000000000000e+00	3.46457493087612e+02	-1.38872586350424e+00
47	77	57	67	3.44980000000000e+02	6.28318530717959e+02	3.00000000000000e-02	0.00000000000000e+00	0.00000000000000e+00	3.61978710694526e+02	-1.60329851745941e+00
48	78	58	68	3.50730000000000e+02	6.28318530717959e+02	3.00000000000000e-02	0.00000000000000e+00	0.00000000000000e+00	3.62927099936428e+02	-1.13950969294126e+00
49	79	59	69	3.73300000000000e+02	6.28318530717959e+02	3.00000000000000e-02	0.00000000000000e+00	0.00000000000000e+00	3.74199212289354e+02	-8.01974288245096e-02
50	80	60	70	3.84150000000000e+02	6.28318530717959e+02	3.00000000000000e-02	0.00000000000000e+00	0.00000000000000e+00	3.99245465472052e+02	-1.28477760338601e+00
51	81	61	71	3.82830000000000e+02	6.28318530717959e+02	3.00000000000000e-02	0.00000000000000e+00	0.00000000000000e+00	3.85371823060397e+02	-2.20587199893411e-01
52	82	62	72	4.09610000000000e+02	6.28318530717959e+02	3.00000000000000e-02	0.00000000000000e+00	0.00000000000000e+00	4.00708940026381e+02	7.32338635830162e-01
53	83	63	73	4.38550000000000e+02	6.28318530717959e+02	3.00000000000000e-02	0.00000000000000e+00	0.00000000000000e+00	4.42570089899266e+02	-3.04167225332315e-01
54	84	64	74	4.67070000000000e+02	6.28318530717959e+02	3.00000000000000e-02	0.00000000000000e+00	0.00000000000000e+00	4.73838542147119e+02	-4.79583197225134e-01
55	85	65	75	5.00360000000000e+02	6.28318530717959e+02	3.00000000000000e-02	0.00000000000000e+00	0.00000000000000e+00	5.07388688411959e+02	-4.64983811131869e-01
56	86	66	76	5.36990000000000e+02	6.28318530717959e+02	3.00000000000000e-02	0.00000000000000e+00	0.00000000000000e+00	5.04861887008908e+02	2.05648571877190e+00
57	87	67	77	5.18930000000000e+02	6.28318530717959e+02	3.00000000000000e-02	0.00000000000000e+00	0.00000000000000e+00	5.09363686024489e+02	6.20224234917840e-01
58	88	68	78	5.93440000000000e+02	6.28318530717959e+02	3.00000000000000e-02	0.00000000000000e+00	0.00000000000000e+00	5.87556635290645e+02	3.32115729149329e-01
59	89	69	79	6.56650000000000e+02	6.28318530717959e+02	3.00000000000000e-02	0.00000000000000e+00	0.00000000000000e+00	6.42003589505381e+02	7.51908574232048e-01
60	90	70	80	7.15100000000000e+02	6.28318530717959e+02	3.00000000000000e-02	0.00000000000000e+00	0.00000000000000e+00	7.12075466662467e+02	1.41283158523908e-01
61	91	71	81	7.77680000000000e+02	6.28318530717959e+02	3.00000000000000e-02	0.00000000000000e+00	0.00000000000000e+00	7.71580334678787e+02	2.62477807514265e-01
62	92	72	82	7.03070000000000e+02	6.28318530717959e+02	3.00000000000000e-02	0.00000000000000e+00	0.00000000000000e+00	7.15424673789685e+02	-5.80661854035262e-01
63	93	73	83	6.50020000000000e+02	6.28318530717959e+02	3.00000000000000e-02	0.00000000000000e+00	0.00000000000000e+00	6.71223633538152e+02	-1.06997445864364e+00
64	94	74	84	6.11280000000000e+02	6.28318530717959e+02	3.00000000000000e-02	0.00000000000000e+00	0.00000000000000e+00	6.21728376917647e+02	-5.64939498774712e-01
65	95	75	85	5.57200000000000e+02	6.28318530717959e+02	3.00000000000000e-02	0.00000000000000e+00	0.00000000000000e+00	5.56448187014724e+02	4.50060206478161e-02
66	96	76	86	5.25890000000000e+02	6.28318530717959e+02	3.00000000000000e-02	0.00000000000000e+00	0.00000000000000e+00	5.30667699055169e+02	-3.01465259913443e-01
67	97	77	87	4.94330000000000e+02	6.28318530717959e+02	3.00000000000000e-02	0.00000000000000e+00	0.00000000000000e+00	4.99807187753989e+02	-3.67302973305724e-01
68	98	78	88	4.33920000000000e+02	6.28318530717959e+02	3.00000000000000e-02	0.00000000000000e+00	0.00000000000000e+00	4.55720970926330e+02	-1.63401770160994e+00
69	99	79	89	4.07330000000000e+02	6.28318530717959e+02	3.00000000000000e-02	0.00000000000000e+00	0.00000000000000e+00	4.19110474557749e+02	-9.50362662480408e-01
70	100	80	90	3.66870000000000e+02	6.28318530717959e+02	3.00000000000000e-02	0.00000000000000e+00	0.00000000000000e+00	3.84633731251150e+02	-1.57613240668780e+00
71	101	81	91	3.33630000000000e+02	6.28318530717959e+02	3.00000000000000e-02	0.00000000000000e+00	0.00000000000000e+00	3.55820405848244e+02	-2.14645103689947e+00
72	102	82	92	3.62160000000000e+02	6.28318530717959e+02	3.00000000000000e-02	0.00000000000000e+00	0.00000000000000e+00	3.81138818766599e+02	-1.70258531188026e+00
73	103	83	93	4.06680000000000e+02	6.28318530717959e+02	3.00000000000000e-02	0.00000000000000e+00	0.00000000000000e+00	4.14064319044489e+02	-5.99822878736026e-01
74	104	84	94	4.20310000000000e+02	6.28318530717959e+02	3.00000000000000e-02	0.00000000000000e+00	0.00000000000000e+00	4.31487070061676e+02	-8.74833690757715e-01
75	105	85	95	4.47430000000000e+02	6.28318530717959e+02	3.00000000000000e-02	0.00000000000000e+00	0.00000000000000e+00	4.55547626980983e+02	-5.99339003944532e-01
76	106	86	96	4.69820000000000e+02	6.28318530717959e+02	3.00000000000000e-02	0.00000000000000e+00	0.00000000000000e+00	4.62664760240422e+02	5.11563691776266e-01
77	107	87	97	5.06270000000000e+02	6.28318530717959e+02	3.00000000000000e-02	0.00000000000000e+00	0.00000000000000e+00	5.08543956658072e+02	-1.49384390378238e-01
78	108	88	98	5.85950000000000e+02	6.28318530717959e+02	3.00000000000000e-02	0.00000000000000e+00	0.00000000000000e+00	5.83840132689238e+02	1.20242058221128e-01
79	109	89	99	6.48180000000000e+02	6.28318530717959e+02	3.00000000000000e-02	0.00000000000000e+00	0.00000000000000e+00	6.55444841783809e+02	-3.71523910778926e-01
80	110	90	100	7.66360000000000e+02	6.28318530717959e+02	3.00000000000000e-02	0.00000000000000e+00	0.00000000000000e+00	7.61687020975350e+02	2.03876518115228e-01
81	111	91	101	8.18100000000000e+02	6.28318530717959e+02	3.00000000000000e-02	0.00000000000000e+00	0.00000000000000e+00	8.04055045307305e+02	5.77228245723068e-01
82	112	92	102	7.45870000000000e+02	6.28318530717959e+02	3.00000000000000e-02	0.00000000000000e+00	0.00000000000000e+00	7.59521226289251e+02	-6.04564902541741e-01
83	113	93	103	7.32260000000000e+02	6.28318530717959e+02	3.00000000000000e-02	0.00000000000000e+00	0.00000000000000e+00	7.55035696121469e+02	-1.02097952032674e+00
84	114	94	104	7.97330000000000e+02	6.28318530717959e+02	3.00000000000000e-02	0.00000000000000e+00	0.00000000000000e+00	7.58691631063374e+02	1.65577447117906e+00
85	115	95	105	7.43920000000000e+02	6.28318530717959e+02	3.00000000000000e-02	0.00000000000000e+00	0.00000000000000e+00	7.25640762747323e+02	8.29280898666666e-01
86	116	96	106	6.87190000000000e+02	6.28318530717959e+02	3.00000000000000e-02	0.00000000000000e+00	0.00000000000000e+00	6.78644223596630e+02	4.17126655362635e-01
87	117	97	107	6.13130000000000e+02	6.28318530717959e+02	3.00000000000000e-02	0.00000000000000e+00	0.00000000000000e+00	5.90751909516582e+02	1.23936122695551e+00
88	118	98	108	5.44370000000000e+02	6.28318530717959e+02	3.00000000000000e-02	0.00000000000000e+00	0.00000000000000e+00	5.48586473667399e+02	-2.57191979566359e-01
89	119	99	109	5.29520000000000e+02	6.28318530717959e+02	3.00000000000000e-02	0.00000000000000e+00	0.00000000000000e+00	5.19391651358699e+02	6.43757011237274e-01
90	120	100	110	4.94790000000000e+02	6.28318530717959e+02	3.00000000000000e-02	0.00000000000000e+00	0.00000000000000e+00	4.97058812954145e+02	-1.52497496371614e-01
91	121	101	111	4.81940000000000e+02	6.28318530717959e+02	3.00000000000000e-02	0.00000000000000e+00	0.00000000000000e+00	4.69149605922187e+02	8.96597274040012e-01
92	122	102	112	4.29900000000000e+02	6.28318530717959e+02	3.00000000000000e-02	0.00000000000000e+00	0.00000000000000e+00	4.43517764918992e+02	-1.03950778774330e+00
93	123	103	113	4.34900000000000e+02	6.28318530717959e+02	3.00000000000000e-02	0.00000000000000e+00	0.00000000000000e+00	4.24254588815387e+02	8.26079974916253e-01
94	124	104	114	4.16870000000000e+02	6.28318530717959e+02	3.00000000000000e-02	0.00000000000000e+00	0.00000000000000e+00	3.94790622737583e+02	1.81396224162877e+00
95	125	105	115	3.61960000000000e+02	6.28318530717959e+02	3.00000000000000e-02	0.00000000000000e+00	0.00000000000000e+00	3.81415249135915e+02	-1.74516552956832e+00
96	126	106	116	3.76690000000000e+02	6.28318530717959e+02	3.00000000000000e-02	0.00000000000000e+00	0.00000000000000e+00	3.79925223531445e+02	-2.85062838465411e-01
97	127	107	117	3.79290000000000e+02	6.28318530717959e+02	3.00000000000000e-02	0.00000000000000e+00	0.00000000000000e+00	4.07001239049308e+02	-2.35050485977461e+00
98	128	108	118	4.07740000000000e+02	6.28318530717959e+02	3.00000000000000e-02	0.00000000000000e+00	0.00000000000000e+00	4.18973774340509e+02	-9.05953684049029e-01
99	129	109	119	4.05690000000000e+02	6.28318530717959e+02	3.00000000000000e-02	0.00000000000000e+00	0.00000000000000e+00	4.26261827924609e+02	-1.64881519520318e+00
100	130	110	120	4.20450000000000e+02	6.28318530717959e+02	3.00000000000000e-02	0.00000000000000e+00	0.00000000000000e+00	4.21349619345287e+02	-7.12457507380767e-02
101	131	111	121	3.93830000000000e+02	6.28318530717959e+02	3.00000000000000e-02	0.00000000000000e+00	0.00000000000000e+00	4.17636474647371e+02	-1.95640107175311e+00
102	132	112	122	4.35490000000000e+02	6.28318530717959e+02	3.00000000000000e-02	0.00000000000000e+00	0.00000000000000e+00	4.45885501384916e+02	-7.86345393078906e-01
103	133	113	123	4.54830000000000e+02	6.28318530717959e+02	3.00000000000000e-02	0.00000000000000e+00	0.00000000000000e+00	4.65333668267635e+02	-7.61033055506803e-01
104	134	114	124	4.95430000000000e+02	6.28318530717959e+02	3.00000000000000e-02	0.00000000000000e+00	0.00000000000000e+00	4.97271236819296e+02	-1.23651767010961e-01
105	135	115	125	5.17660000000000e+02	6.28318530717959e+02	3.00000000000000e-02	0.00000000000000e+00	0.00000000000000e+00	5.10753816727995e+02	4.47698321226427e-01
106	136	116	126	5.17320000000000e+02	6.28318530717959e+02	3.00000000000000e-02	0.00000000000000e+00	0.00000000000000e+00	5.16290968911745e+02	6.63712917904865e-02
107	137	117	127	5.03600000000000e+02	6.28318530717959e+02	3.00000000000000e-02	0.00000000000000e+00	0.00000000000000e+00	5.03364525142411e+02	1.55897489270806e-02
108	138	118	128	4.78490000000000e+02	6.28318530717959e+02	3.00000000000000e-02	0.00000000000000e+00	0.00000000000000e+00	4.70072764356222e+02	5.91593717759202e-01
109	139	119	129	4.50970000000000e+02	6.28318530717959e+02	3.00000000000000e-02	0.00000000000000e+00	0.00000000000000e+00	4.49354665324943e+02	1.19611400238906e-01
111	140	121	131	4.42780000000000e+02	6.28318530717959e+02	3.00000000000000e-02	0.00000000000000e+00	0.00000000000000e+00	4.29959570170302e+02	9.79395042955300e-01
112	142	122	132	3.89080000000000e+02	6.28318530717959e+02	3.00000000000000e-02	0.00000000000000e+00	0.00000000000000e+00	3.93615280174520e+02	-3.86300266830908e-01
113	143	123	133	3.93380000000000e+02	6.28318530717959e+02	3.00000000000000e-02	0.00000000000000e+00	0.00000000000000e+00	3.72387638643644e+02	1.82802382433713e+00
114	141	124	134	3.46230000000000e+02	6.28318530717959e+02	3.00000000000000e-02	0.00000000000000e+00	0.00000000000000e+00	3.43371208377383e+02	2.76373065563244e-01
115	144	125	135	3.24430000000000e+02	6.28318530717959e+02	3.00000000000000e-02	0.00000000000000e+00	0.00000000000000e+00	3.19062001123236e+02	5.56145053333079e-01
116	145	126	136	3.37140000000000e+02	6.28318530717959e+02	3.00000000000000e-02	0.00000000000000e+00	0.00000000000000e+00	2.90656150215471e+02	4.94524400723938e+00
117	146	127	137	2.77860000000000e+02	6.28318530717959e+02	3.00000000000000e-02	0.00000000000000e+00	0.00000000000000e+00	2.44814763587319e+02	4.22051773764383e+00
118	147	128	138	2.47510000000000e+02	6.28318530717959e+02	3.00000000000000e-02	0.00000000000000e+00	0.00000000000000e+00	2.23718257761057e+02	3.36878342989234e+00
119	148	129	139	2.49890000000000e+02	6.28318530717959e+02	3.00000000000000e-02	0.00000000000000e+00	0.00000000000000e+00	2.27576848763403e+02	3.11776143070359e+00
121	150	131	140	2.12130000000000e+02	6.28318530717959e+02	3.00000000000000e-02	0.00000000000000e+00	0.00000000000000e+00	2.22988165828993e+02	-1.66398025787607e+00
122	151	132	142	2.07400000000000e+02	6.28318530717959e+02	3.00000000000000e-02	0.00000000000000e+00	0.00000000000000e+00	2.21357088224625e+02	-2.17092951899718e+00
123	152	133	143	1.97730000000000e+02	6.28318530717959e+02	3.00000000000000e-02	0.00000000000000e+00	0.00000000000000e+00	2.05813632347552e+02	-1.33561994097438e+00
124	153	134	141	2.01450000000000e+02	6.28318530717959e+02	3.00000000000000e-02	0.00000000000000e+00	0.00000000000000e+00	2.10631140397952e+02	-1.48557474230075e+00
125	154	135	144	1.97370000000000e+02	6.28318530717959e+02	3.00000000000000e-02	0.00000000000000e+00	0.00000000000000e+00	2.14086333514126e+02	-2.70997405122966e+00
126	155	136	145	2.04250000000000e+02	6.28318530717959e+02	3.00000000000000e-02	0.00000000000000e+00	0.00000000000000e+00	2.17892869885304e+02	-2.15529285722894e+00
127	156	137	146	2.21120000000000e+02	6.28318530717959e+02	3.00000000000000e-02	0.00000000000000e+00	0.00000000000000e+00	2.37449157561013e+02	-2.37493288503631e+00
128	157	138	147	2.07990000000000e+02	6.28318530717959e+02	3.00000000000000e-02	0.00000000000000e+00	0.00000000000000e+00	2.11781318188082e+02	-6.02140756264931e-01
129	158	139	148	3.73790000000000e+02	6.28318530717959e+02	3.00000000000000e-02	0.00000000000000e+00	0.00000000000000e+00	2.07438494694551e+02	1.96286419255991e+01
1	34	12	23	5.39600000000000e+02	6.91150383789755e+02	3.00000000000000e-02	0.00000000000000e+00	0.00000000000000e+00	5.26839253765522e+02	7.97754787949915e-01
3	35	13	24	5.21180000000000e+02	6.91150383789755e+02	3.00000000000000e-02	0.00000000000000e+00	0.00000000000000e+00	5.02217411477376e+02	1.23541183338531e+00
4	36	14	25	4.54220000000000e+02	6.91150383789755e+02	3.00000000000000e-02	0.00000000000000e+00	0.00000000000000e+00	4.57675467399516e+02	-2.52622810558526e-01
2	37	15	26	4.07230000000000e+02	6.91150383789755e+02	3.00000000000000e-02	0.00000000000000e+00	0.00000000000000e+00	4.23124165666931e+02	-1.27625118119420e+00
5	38	16	27	4.06680000000000e+02	6.91150383789755e+02	3.00000000000000e-02	0.00000000000000e+00	0.00000000000000e+00	4.12756940580965e+02	-4.94408757051179e-01
6	39	17	28	4.14690000000000e+02	6.91150383789755e+02	3.00000000000000e-02	0.00000000000000e+00	0.00000000000000e+00	3.96903350713714e+02	1.46128170598558e+00
7	40	18	29	4.33490000000000e+02	6.91150383789755e+02	3.00000000000000e-02	0.00000000000000e+00	0.00000000000000e+00	4.14396855547099e+02	1.50148749842615e+00
8	41	19	30	4.15340000000000e+02	6.91150383789755e+02	3.00000000000000e-02	0.00000000000000e+00	0.00000000000000e+00	4.12751000900848e+02	2.08431805363585e-01
9	42	20	31	4.89010000000000e+02	6.91150383789755e+02	3.00000000000000e-02	0.00000000000000e+00	0.00000000000000e+00	3.99191520317425e+02	6.76472122138809e+00
10	43	21	32	4.04770000000000e+02	6.91150383789755e+02	3.00000000000000e-02	0.00000000000000e+00	0.00000000000000e+00	3.69163498613960e+02	3.06931243244148e+00
11	44	22	33	3.78320000000000e+02	6.91150383789755e+02	3.00000000000000e-02	0.00000000000000e+00	0.00000000000000e+00	3.37301972550951e+02	3.82539360747295e+00
12	45	23	34	3.43540000000000e+02	6.91150383789755e+02	3.00000000000000e-02	0.00000000000000e+00	0.00000000000000e+00	3.12563415102637e+02	3.14987254303845e+00
13	46	24	35	4.16450000000000e+02	6.91150383789755e+02	3.00000000000000e-02	0.00000000000000e+00	0.00000000000000e+00	3.50233895722403e+02	5.77217338668697e+00
14	47	25	36	3.92500000000000e+02	6.91150383789755e+02	3.00000000000000e-02	0.00000000000000e+00	0.00000000000000e+00	3.74453964156916e+02	1.56892226569948e+00
15	48	26	37	3.67690000000000e+02	6.91150383789755e+02	3.00000000000000e-02	0.00000000000000e+00	0.00000000000000e+00	3.84106058075466e+02	-1.45595051682352e+00
16	49	27	38	4.05040000000000e+02	6.91150383789755e+02	3.00000000000000e-02	0.00000000000000e+00	0.00000000000000e+00	4.05269031705192e+02	-1.88431575551225e-02
17	50	28	39	4.24150000000000e+02	6.91150383789755e+02	3.00000000000000e-02	0.00000000000000e+00	0.00000000000000e+00	4.30307834793648e+02	-4.80456039077234e-01
18	51	29	40	3.81580000000000e+02	6.91150383789755e+02	3.00000000000000e-02	0.00000000000000e+00	0.00000000000000e+00	4.07121049736526e+02	-2.15966778076938e+00
19	52	30	41	3.85830000000000e+02	6.91150383789755e+02	3.00000000000000e-02	0.00000000000000e+00	0.00000000000000e+00	3.82075952492658e+02	3.25914686282965e-01
20	53	31	42	3.64530000000000e+02	6.91150383789755e+02	3.00000000000000e-02	0.00000000000000e+00	0.00000000000000e+00	3.60972782848817e+02	3.26876362286388e-01
21	54	32	43	3.67370000000000e+02	6.91150383789755e+02	3.00000000000000e-02	0.00000000000000e+00	0.00000000000000e+00	3.78296331965751e+02	-9.76944030599114e-01
22	55	33	44	4.18940000000000e+02	6.91150383789755e+02	3.00000000000000e-02	0.00000000000000e+00	0.00000000000000e+00	4.06413313717220e+02	1.01190185729987e+00
23	56	34	45	5.01670000000000e+02	6.91150383789755e+02	3.00000000000000e-02	0.00000000000000e+00	0.00000000000000e+00	4.20477097118215e+02	5.88508403040067e+00
24	57	35	46	3.96750000000000e+02	6.91150383789755e+02	3.00000000000000e-02	0.00000000000000e+00	0.00000000000000e+00	3.97447603061520e+02	-5.85583267305031e-02
25	58	36	47	4.05900000000000e+02	6.91150383789755e+02	3.00000000000000e-02	0.00000000000000e+00	0.00000000000000e+00	3.88516450329560e+02	1.45904372476554e+00
26	59	37	48	3.96890000000000e+02	6.91150383789755e+02	3.00000000000000e-02	0.00000000000000e+00	0.00000000000000e+00	3.56227917719743e+02	3.60294732982413e+00
27	60	38	49	3.76630000000000e+02	6.91150383789755e+02	3.00000000000000e-02	0.00000000000000e+00	0.00000000000000e+00	3.48131407517127e+02	2.62277522869215e+00
28	61	39	50	3.53930000000000e+02	6.91150383789755e+02	3.00000000000000e-02	0.00000000000000e+00	0.00000000000000e+00	3.31710436937432e+02	2.16122476729603e+00
29	62	40	51	3.71470000000000e+02	6.91150383789755e+02	3.00000000000000e-02	0.00000000000000e+00	0.00000000000000e+00	3.51223521261491e+02	1.86817578994513e+00
30	63	41	52	3.66300000000000e+02	6.91150383789755e+02	3.00000000000000e-02	0.00000000000000e+00	0.00000000000000e+00	3.56449911941704e+02	9.08631308788414e-01
31	64	42	53	3.57500000000000e+02	6.91150383789755e+02	3.00000000000000e-02	0.00000000000000e+00	0.00000000000000e+00	3.44034077346594e+02	1.27982158709778e+00
32	65	43	54	3.52030000000000e+02	6.91150383789755e+02	3.00000000000000e-02	0.00000000000000e+00	0.00000000000000e+00	3.43058863454052e+02	8.60478440950245e-01
33	66	44	55	3.48360000000000e+02	6.91150383789755e+02	3.00000000000000e-02	0.00000000000000e+00	0.00000000000000e+00	3.44347454543311e+02	3.86174597451916e-01
34	67	45	56	3.76560000000000e+02	6.91150383789755e+02	3.00000000000000e-02	0.00000000000000e+00	0.00000000000000e+00	3.61268056622716e+02	1.38190583948964e+00
35	68	46	57	4.03710000000000e+02	6.91150383789755e+02	3.00000000000000e-02	0.00000000000000e+00	0.00000000000000e+00	3.82919713918859e+02	1.76238184826290e+00
36	69	47	58	3.76530000000000e+02	6.91150383789755e+02	3.00000000000000e-02	0.00000000000000e+00	0.00000000000000e+00	3.65669434137824e+02	9.75599515752812e-01
37	70	48	59	3.58260000000000e+02	6.91150383789755e+02	3.00000000000000e-02	0.00000000000000e+00	0.00000000000000e+00	3.43310740338463e+02	1.42076647453484e+00
38	71	49	60	3.57040000000000e+02	6.91150383789755e+02	3.00000000000000e-02	0.00000000000000e+00	0.00000000000000e+00	3.36760117819496e+02	1.94923199965681e+00
39	72	50	61	3.84440000000000e+02	6.91150383789755e+02	3.00000000000000e-02	0.00000000000000e+00	0.00000000000000e+00	3.69667978983281e+02	1.30608270930900e+00
40	73	51	62	3.69220000000000e+02	6.91150383789755e+02	3.00000000000000e-02	0.00000000000000e+00	0.00000000000000e+00	3.53624353001284e+02	1.43858241135032e+00
41	74	52	63	3.58370000000000e+02	6.91150383789755e+02	3.00000000000000e-02	0.00000000000000e+00	0.00000000000000e+00	3.47332278379561e+02	1.04280252981610e+00
42	75	53	64	3.54770000000000e+02	6.91150383789755e+02	3.00000000000000e-02	0.00000000000000e+00	0.00000000000000e+00	3.49740054353480e+02	4.75983849505971e-01
43	76	54	65	3.53810000000000e+02	6.91150383789755e+02	3.00000000000000e-02	0.00000000000000e+00	0.00000000000000e+00	3.60814719925258e+02	-6.53484649758755e-01
44	77	55	66	3.71900000000000e+02	6.91150383789755e+02	3.00000000000000e-02	0.00000000000000e+00	0.00000000000000e+00	3.84610684540369e+02	-1.12022042513230e+00
45	78	56	67	3.67920000000000e+02	6.91150383789755e+02	3.00000000000000e-02	0.00000000000000e+00	0.00000000000000e+00	3.74494696972712e+02	-5.90403977962091e-01
46	79	57	68	3.44710000000000e+02	6.91150383789755e+02	3.00000000000000e-02	0.00000000000000e+00	0.00000000000000e+00	3.53132390903500e+02	-8.04651594596676e-01
47	80	58	69	3.58710000000000e+02	6.91150383789755e+02	3.00000000000000e-02	0.00000000000000e+00	0.00000000000000e+00	3.68525590869982e+02	-8.99863089001289e-01
48	81	59	70	3.90630000000000e+02	6.91150383789755e+02	3.00000000000000e-02	0.00000000000000e+00	0.00000000000000e+00	4.01080011595978e+02	-8.80003905295368e-01
49	82	60	71	4.15830000000000e+02	6.91150383789755e+02	3.00000000000000e-02	0.00000000000000e+00	0.00000000000000e+00	4.17306918607692e+02	-1.18181467479417e-01
50	83	61	72	4.05760000000000e+02	6.91150383789755e+02	3.00000000000000e-02	0.00000000000000e+00	0.00000000000000e+00	4.06268566523454e+02	-4.17527667468794e-02
51	84	62	73	4.59040000000000e+02	6.91150383789755e+02	3.00000000000000e-02	0.00000000000000e+00	0.00000000000000e+00	4.52402183621665e+02	4.85526041760516e-01
52	85	63	74	4.87720000000000e+02	6.91150383789755e+02	3.00000000000000e-02	0.00000000000000e+00	0.00000000000000e+00	4.89939646942276e+02	-1.51358110702097e-01
53	86	64	75	5.05570000000000e+02	6.91150383789755e+02	3.00000000000000e-02	0.00000000000000e+00	0.00000000000000e+00	5.13509233597179e+02	-5.19383508883801e-01
54	87	65	76	5.29810000000000e+02	6.91150383789755e+02	3.00000000000000e-02	0.00000000000000e+00	0.00000000000000e+00	5.12759134999367e+02	1.09040797382696e+00
55	88	66	77	5.10900000000000e+02	6.91150383789755e+02	3.00000000000000e-02	0.00000000000000e+00	0.00000000000000e+00	5.19127637037455e+02	-5.32530179161099e-01
56	89	67	78	6.22300000000000e+02	6.91150383789755e+02	3.00000000000000e-02	0.00000000000000e+00	0.00000000000000e+00	6.01726665126632e+02	1.12063313386589e+00
57	90	68	79	6.59930000000000e+02	6.91150383789755e+02	3.00000000000000e-02	0.00000000000000e+00	0.00000000000000e+00	6.54123108582045e+02	2.94606520837259e-01
58	91	69	80	7.08020000000000e+02	6.91150383789755e+02	3.00000000000000e-02	0.00000000000000e+00	0.00000000000000e+00	7.21457579337515e+02	-6.26707983537352e-01
59	92	70	81	6.99100000000000e+02	6.91150383789755e+02	3.00000000000000e-02	0.00000000000000e+00	0.00000000000000e+00	7.01391625683933e+02	-1.09086822901835e-01
60	93	71	82	6.45140000000000e+02	6.91150383789755e+02	3.00000000000000e-02	0.00000000000000e+00	0.00000000000000e+00	6.61337669938564e+02	-8.26573633850665e-01
61	94	72	83	6.69170000000000e+02	6.91150383789755e+02	3.00000000000000e-02	0.00000000000000e+00	0.00000000000000e+00	6.66919084838790e+02	1.12313732983497e-01
62	95	73	84	6.05330000000000e+02	6.91150383789755e+02	3.00000000000000e-02	0.00000000000000e+00	0.00000000000000e+00	6.06832245103429e+02	-8.26207260946177e-02
63	96	74	85	5.45770000000000e+02	6.91150383789755e+02	3.00000000000000e-02	0.00000000000000e+00	0.00000000000000e+00	5.47055549962702e+02	-7.84236517732554e-02
64	97	75	86	4.90390000000000e+02	6.91150383789755e+02	3.00000000000000e-02	0.00000000000000e+00	0.00000000000000e+00	4.87690599122111e+02	1.83993543691289e-01
65	98	76	87	4.67930000000000e+02	6.91150383789755e+02	3.00000000000000e-02	0.00000000000000e+00	0.00000000000000e+00	4.74735003685381e+02	-4.81268309956118e-01
66	99	77	88	4.61830000000000e+02	6.91150383789755e+02	3.00000000000000e-02	0.00000000000000e+00	0.00000000000000e+00	4.65910644402755e+02	-2.93233584421267e-01
67	100	78	89	3.91990000000000e+02	6.91150383789755e+02	3.00000000000000e-02	0.00000000000000e+00	0.00000000000000e+00	4.12091226890913e+02	-1.66694733567526e+00
68	101	79	90	3.64590000000000e+02	6.91150383789755e+02	3.00000000000000e-02	0.00000000000000e+00	0.00000000000000e+00	3.83353118592105e+02	-1.67277035083195e+00
69	102	80	91	3.41640000000000e+02	6.91150383789755e+02	3.00000000000000e-02	0.00000000000000e+00	0.00000000000000e+00	3.65143451733656e+02	-2.21775812471320e+00
70	103	81	92	3.51670000000000e+02	6.91150383789755e+02	3.00000000000000e-02	0.00000000000000e+00	0.00000000000000e+00	3.71471589567634e+02	-1.82597168148172e+00
71	104	82	93	3.78830000000000e+02	6.91150383789755e+02	3.00000000000000e-02	0.00000000000000e+00	0.00000000000000e+00	3.83279764672324e+02	-3.89254098310558e-01
72	105	83	94	3.73050000000000e+02	6.91150383789755e+02	3.00000000000000e-02	0.00000000000000e+00	0.00000000000000e+00	3.81160500533328e+02	-7.16936291530068e-01
73	106	84	95	4.23180000000000e+02	6.91150383789755e+02	3.00000000000000e-02	0.00000000000000e+00	0.00000000000000e+00	4.20263078967731e+02	2.30557558975282e-01
74	107	85	96	4.58940000000000e+02	6.91150383789755e+02	3.00000000000000e-02	0.00000000000000e+00	0.00000000000000e+00	4.60155721985744e+02	-8.81825230086323e-02
75	108	86	97	5.05260000000000e+02	6.91150383789755e+02	3.00000000000000e-02	0.00000000000000e+00	0.00000000000000e+00	5.06495679877001e+02	-8.14215339381382e-02
76	109	87	98	5.32220000000000e+02	6.91150383789755e+02	3.00000000000000e-02	0.00000000000000e+00	0.00000000000000e+00	5.12189079402311e+02	1.27876950401369e+00
77	110	88	99	5.41040000000000e+02	6.91150383789755e+02	3.00000000000000e-02	0.00000000000000e+00	0.00000000000000e+00	5.27265302222769e+02	8.59645720699890e-01
78	111	89	100	6.23510000000000e+02	6.91150383789755e+02	3.00000000000000e-02	0.00000000000000e+00	0.00000000000000e+00	6.24093322824325e+02	-3.11703170476167e-02
79	112	90	101	6.98950000000000e+02	6.91150383789755e+02	3.00000000000000e-02	0.00000000000000e+00	0.00000000000000e+00	6.93934817538069e+02	2.40039189238968e-01
80	113	91	102	7.68060000000000e+02	6.91150383789755e+02	3.00000000000000e-02	0.00000000000000e+00	0.00000000000000e+00	7.77804261884480e+02	-4.20234867325557e-01
81	114	92	103	7.91870000000000e+02	6.91150383789755e+02	3.00000000000000e-02	0.00000000000000e+00	0.00000000000000e+00	7.87612367304519e+02	1.79706258873906e-01
82	115	93	104	7.48200000000000e+02	6.91150383789755e+02	3.00000000000000e-02	0.00000000000000e+00	0.00000000000000e+00	7.73734136563457e+02	-1.11859999521471e+00
83	116	94	105	7.99490000000000e+02	6.91150383789755e+02	3.00000000000000e-02	0.00000000000000e+00	0.00000000000000e+00	7.77813648753947e+02	9.16235163805072e-01
84	117	95	106	7.26320000000000e+02	6.91150383789755e+02	3.00000000000000e-02	0.00000000000000e+00	0.00000000000000e+00	7.09504859541927e+02	7.80778107939876e-01
85	118	96	107	6.62220000000000e+02	6.91150383789755e+02	3.00000000000000e-02	0.00000000000000e+00	0.00000000000000e+00	6.39642004768069e+02	1.15630582378055e+00
86	119	97	108	5.93540000000000e+02	6.91150383789755e+02	3.00000000000000e-02	0.00000000000000e+00	0.00000000000000e+00	5.82590529288122e+02	6.20667337540877e-01
87	120	98	109	5.68040000000000e+02	6.91150383789755e+02	3.00000000000000e-02	0.00000000000000e+00	0.00000000000000e+00	5.66690021554543e+02	7.93127913963983e-02
88	121	99	110	5.63740000000000e+02	6.91150383789755e+02	3.00000000000000e-02	0.00000000000000e+00	0.00000000000000e+00	5.45989209837954e+02	1.06646463174262e+00
89	122	100	111	5.07290000000000e+02	6.91150383789755e+02	3.00000000000000e-02	0.00000000000000e+00	0.00000000000000e+00	4.99800750887666e+02	4.95777046683236e-01
90	123	101	112	4.49340000000000e+02	6.91150383789755e+02	3.00000000000000e-02	0.00000000000000e+00	0.00000000000000e+00	4.44485511307520e+02	3.62079351675308e-01
91	124	102	113	4.25050000000000e+02	6.91150383789755e+02	3.00000000000000e-02	0.00000000000000e+00	0.00000000000000e+00	4.21758313617843e+02	2.59145854583961e-01
92	125	103	114	4.00540000000000e+02	6.91150383789755e+02	3.00000000000000e-02	0.00000000000000e+00	0.00000000000000e+00	4.04700103483353e+02	-3.44422363612384e-01
93	126	104	115	4.09150000000000e+02	6.91150383789755e+02	3.00000000000000e-02	0.00000000000000e+00	0.00000000000000e+00	3.96012920638120e+02	1.08783327923823e+00
94	127	105	116	3.38180000000000e+02	6.91150383789755e+02	3.00000000000000e-02	0.00000000000000e+00	0.00000000000000e+00	3.57701072564069e+02	-1.87064488839749e+00
95	128	106	117	3.67340000000000e+02	6.91150383789755e+02	3.00000000000000e-02	0.00000000000000e+00	0.00000000000000e+00	3.79798742178629e+02	-1.11178789576731e+00
96	129	107	118	3.88520000000000e+02	6.91150383789755e+02	3.00000000000000e-02	0.00000000000000e+00	0.00000000000000e+00	4.18466496919109e+02	-2.47507276797811e+00
97	130	108	119	4.31610000000000e+02	6.91150383789755e+02	3.00000000000000e-02	0.00000000000000e+00	0.00000000000000e+00	4.36717039500595e+02	-3.92102526393530e-01
98	131	109	120	4.09990000000000e+02	6.91150383789755e+02	3.00000000000000e-02	0.00000000000000e+00	0.00000000000000e+00	4.25727247282697e+02	-1.25553691536169e+00
99	132	110	121	4.17170000000000e+02	6.91150383789755e+02	3.00000000000000e-02	0.00000000000000e+00	0.00000000000000e+00	4.27073636036101e+02	-7.82087850361120e-01
100	133	111	122	4.06800000000000e+02	6.91150383789755e+02	3.00000000000000e-02	0.00000000000000e+00	0.00000000000000e+00	4.24238685248297e+02	-1.39915231914574e+00
101	134	112	123	4.63980000000000e+02	6.91150383789755e+02	3.00000000000000e-02	0.00000000000000e+00	0.00000000000000e+00	4.63802885684545e+02	1.27267072458063e-02
102	135	113	124	4.96180000000000e+02	6.91150383789755e+02	3.00000000000000e-02	0.00000000000000e+00	0.00000000000000e+00	4.85365835751435e+02	7.34528566767967e-01
103	136	114	125	5.09530000000000e+02	6.91150383789755e+02	3.00000000000000e-02	0.00000000000000e+00	0.00000000000000e+00	5.14792508137939e+02	-3.42506349132984e-01
104	137	115	126	5.46600000000000e+02	6.91150383789755e+02	3.00000000000000e-02	0.00000000000000e+00	0.00000000000000e+00	5.34218488752667e+02	7.63745441576684e-01
105	138	116	127	5.71790000000000e+02	6.91150383789755e+02	3.00000000000000e-02	0.00000000000000e+00	0.00000000000000e+00	5.71168076188037e+02	3.62756888638553e-02
106	139	117	128	5.33510000000000e+02	6.91150383789755e+02	3.00000000000000e-02	0.00000000000000e+00	0.00000000000000e+00	5.32951087335364e+02	3.49387785104405e-02
108	140	119	130	4.60700000000000e+02	6.91150383789755e+02	3.00000000000000e-02	0.00000000000000e+00	0.00000000000000e+00	4.56916871376006e+02	2.74853276752148e-01
109	142	120	131	4.50930000000000e+02	6.91150383789755e+02	3.00000000000000e-02	0.00000000000000e+00	0.00000000000000e+00	4.51540560645494e+02	-4.51029108518242e-02
110	143	121	132	4.09840000000000e+02	6.91150383789755e+02	3.00000000000000e-02	0.00000000000000e+00	0.00000000000000e+00	4.19412966913516e+02	-7.69639871026110e-01
111	141	122	133	4.25350000000000e+02	6.91150383789755e+02	3.00000000000000e-02	0.00000000000000e+00	0.00000000000000e+00	4.11240634110881e+02	1.12446106000377e+00
112	144	123	134	3.59120000000000e+02	6.91150383789755e+02	3.00000000000000e-02	0.00000000000000e+00	0.00000000000000e+00	3.61885620080068e+02	-2.55720026482553e-01
113	145	124	135	3.78000000000000e+02	6.91150383789755e+02	3.00000000000000e-02	0.00000000000000e+00	0.00000000000000e+00	3.37532632149732e+02	3.77440007099716e+00
114	146	125	136	3.26700000000000e+02	6.91150383789755e+02	3.00000000000000e-02	0.00000000000000e+00	0.00000000000000e+00	3.04557626509409e+02	2.33939999140447e+00
115	147	126	137	3.26010000000000e+02	6.91150383789755e+02	3.00000000000000e-02	0.00000000000000e+00	0.00000000000000e+00	2.83726879107775e+02	4.63053245292733e+00
116	148	127	138	2.79840000000000e+02	6.91150383789755e+02	3.00000000000000e-02	0.00000000000000e+00	0.00000000000000e+00	2.39465988071306e+02	5.19355389107936e+00
117	149	128	139	2.45900000000000e+02	6.91150383789755e+02	3.00000000000000e-02	0.00000000000000e+00	0.00000000000000e+00	2.26747684350993e+02	2.70290242076892e+00
119	151	130	140	2.34240000000000e+02	6.91150383789755e+02	3.00000000000000e-02	0.00000000000000e+00	0.00000000000000e+00	2.39321656122083e+02	-7.15408594687202e-01
120	152	131	142	1.97860000000000e+02	6.91150383789755e+02	3.00000000000000e-02	0.00000000000000e+00	0.00000000000000e+00	2.17612399501149e+02	-3.17185954882815e+00
121	153	132	143	2.02990000000000e+02	6.91150383789755e+02	3.00000000000000e-02	0.00000000000000e+00	0.00000000000000e+00	2.27347619140448e+02	-3.77744970833455e+00
122	154	133	141	2.07940000000000e+02	6.91150383789755e+02	3.00000000000000e-02	0.00000000000000e+00	0.00000000000000e+00	2.15361731694107e+02	-1.16898369338421e+00
123	155	134	144	2.06720000000000e+02	6.91150383789755e+02	3.00000000000000e-02	0.00000000000000e+00	0.00000000000000e+00	2.20627533992896e+02	-2.17035641825246e+00
124	156	135	145	2.08750000000000e+02	6.91150383789755e+02	3.00000000000000e-02	0.00000000000000e+00	0.00000000000000e+00	2.11865695199612e+02	-4.93839899246111e-01
125	157	136	146	2.05430000000000e+02	6.91150383789755e+02	3.00000000000000e-02	0.00000000000000e+00	0.00000000000000e+00	2.01329437765690e+02	6.72092769027177e-01
126	158	137	147	1.66490000000000e+02	6.91150383789755e+02	3.00000000000000e-02	0.00000000000000e+00	0.00000000000000e+00	2.12898888071246e+02	-8.19607005180796e+00
127	159	138	148	3.26560000000000e+02	6.91150383789755e+02	3.00000000000000e-02	0.00000000000000e+00	0.00000000000000e+00	2.29990699708413e+02	1.16858275668760e+01
1	37	13	25	4.86640000000000e+02	7.53982236861550e+02	3.00000000000000e-02	0.00000000000000e+00	0.00000000000000e+00	4.33504088573308e+02	3.85411340982245e+00
3	38	14	26	4.25240000000000e+02	7.53982236861550e+02	3.00000000000000e-02	0.00000000000000e+00	0.00000000000000e+00	4.19421596121195e+02	4.59236846027948e-01
4	39	15	27	4.05600000000000e+02	7.53982236861550e+02	3.00000000000000e-02	0.00000000000000e+00	0.00000000000000e+00	4.06252436468030e+02	-5.35759602918221e-02
2	40	16	28	3.98500000000000e+02	7.53982236861550e+02	3.00000000000000e-02	0.00000000000000e+00	0.00000000000000e+00	3.98270137436036e+02	1.92328635776266e-02
5	41	17	29	4.17680000000000e+02	7.53982236861550e+02	3.00000000000000e-02	0.00000000000000e+00	0.00000000000000e+00	3.87755368831266e+02	2.47803136753513e+00
6	42	18	30	4.07730000000000e+02	7.53982236861550e+02	3.00000000000000e-02	0.00000000000000e+00	0.00000000000000e+00	3.90092570546517e+02	1.47403731005020e+00
7	43	19	31	4.22920000000000e+02	7.53982236861550e+02	3.00000000000000e-02	0.00000000000000e+00	0.00000000000000e+00	4.02119209200764e+02	1.68114836347610e+00
8	44	20	32	4.01400000000000e+02	7.53982236861550e+02	3.00000000000000e-02	0.00000000000000e+00	0.00000000000000e+00	3.80561970409702e+02	1.77698021977196e+00
9	45	21	33	4.15510000000000e+02	7.53982236861550e+02	3.00000000000000e-02	0.00000000000000e+00	0.00000000000000e+00	3.66045898896492e+02	4.22493163449908e+00
10	46	22	34	3.73370000000000e+02	7.53982236861550e+02	3.00000000000000e-02	0.00000000000000e+00	0.00000000000000e+00	3.42698109336251e+02	2.85733243944121e+00
11	47	23	35	3.44520000000000e+02	7.53982236861550e+02	3.00000000000000e-02	0.00000000000000e+00	0.00000000000000e+00	3.20166849903754e+02	2.44366260209394e+00
12	48	24	36	3.28200000000000e+02	7.53982236861550e+02	3.00000000000000e-02	0.00000000000000e+00	0.00000000000000e+00	3.17053841474629e+02	1.15171907593149e+00
13	49	25	37	3.94790000000000e+02	7.53982236861550e+02	3.00000000000000e-02	0.00000000000000e+00	0.00000000000000e+00	3.64734963399226e+02	2.63943386023791e+00
14	50	26	38	3.71640000000000e+02	7.53982236861550e+02	3.00000000000000e-02	0.00000000000000e+00	0.00000000000000e+00	3.80049371274852e+02	-7.45850830512662e-01
15	51	27	39	3.96060000000000e+02	7.53982236861550e+02	3.00000000000000e-02	0.00000000000000e+00	0.00000000000000e+00	3.77808138188480e+02	1.57264063656077e+00
16	52	28	40	3.95670000000000e+02	7.53982236861550e+02	3.00000000000000e-02	0.00000000000000e+00	0.00000000000000e+00	3.90244030273643e+02	4.60275613737871e-01
17	53	29	41	4.01230000000000e+02	7.53982236861550e+02	3.00000000000000e-02	0.00000000000000e+00	0.00000000000000e+00	3.99106332127302e+02	1.76898367319437e-01
18	54	30	42	3.72360000000000e+02	7.53982236861550e+02	3.00000000000000e-02	0.00000000000000e+00	0.00000000000000e+00	3.76882811264165e+02	-4.02438847470510e-01
19	55	31	43	3.40880000000000e+02	7.53982236861550e+02	3.00000000000000e-02	0.00000000000000e+00	0.00000000000000e+00	3.53137277228001e+02	-1.17754531586692e+00
20	56	32	44	3.67850000000000e+02	7.53982236861550e+02	3.00000000000000e-02	0.00000000000000e+00	0.00000000000000e+00	3.73803530374140e+02	-5.35169771740070e-01
21	57	33	45	5.38340000000000e+02	7.53982236861550e+02	3.00000000000000e-02	0.00000000000000e+00	0.00000000000000e+00	3.90097447288843e+02	1.07364586019013e+01
22	58	34	46	7.08840000000000e+02	7.53982236861550e+02	3.00000000000000e-02	0.00000000000000e+00	0.00000000000000e+00	4.07766450476489e+02	1.84311748634540e+01
23	59	35	47	4.86530000000000e+02	7.53982236861550e+02	3.00000000000000e-02	0.00000000000000e+00	0.00000000000000e+00	4.24531500488985e+02	4.54374518604788e+00
24	60	36	48	4.77820000000000e+02	7.53982236861550e+02	3.00000000000000e-02	0.00000000000000e+00	0.00000000000000e+00	4.17304829291609e+02	4.51390440979956e+00
25	61	37	49	3.66950000000000e+02	7.53982236861550e+02	3.00000000000000e-02	0.00000000000000e+00	0.00000000000000e+00	3.59475070899210e+02	6.86025601580317e-01
26	62	38	50	3.96310000000000e+02	7.53982236861550e+02	3.00000000000000e-02	0.00000000000000e+00	0.00000000000000e+00	3.54814803874699e+02	3.68669197199338e+00
27	63	39	51	3.69500000000000e+02	7.53982236861550e+02	3.00000000000000e-02	0.00000000000000e+00	0.00000000000000e+00	3.55101063477254e+02	1.32494351922497e+00
28	64	40	52	3.79340000000000e+02	7.53982236861550e+02	3.00000000000000e-02	0.00000000000000e+00	0.00000000000000e+00	3.67100860575881e+02	1.09320886004959e+00
29	65	41	53	3.76590000000000e+02	7.53982236861550e+02	3.00000000000000e-02	0.00000000000000e+00	0.00000000000000e+00	3.65153942746315e+02	1.02793456276924e+00
30	66	42	54	3.72750000000000e+02	7.53982236861550e+02	3.00000000000000e-02	0.00000000000000e+00	0.00000000000000e+00	3.63952274755183e+02	7.96173597138209e-01
31	67	43	55	3.72840000000000e+02	7.53982236861550e+02	3.00000000000000e-02	0.00000000000000e+00	0.00000000000000e+00	3.71397524387085e+02	1.29212997366709e-01
32	68	44	56	3.92960000000000e+02	7.53982236861550e+02	3.00000000000000e-02	0.00000000000000e+00	0.00000000000000e+00	3.93438988571791e+02	-4.06060738450620e-02
33	69	45	57	4.11750000000000e+02	7.53982236861550e+02	3.00000000000000e-02	0.00000000000000e+00	0.00000000000000e+00	4.00406239330724e+02	9.31224633134301e-01
34	70	46	58	4.18150000000000e+02	7.53982236861550e+02	3.00000000000000e-02	0.00000000000000e+00	0.00000000000000e+00	3.86578079948644e+02	2.61687847415208e+00
35	71	47	59	3.81380000000000e+02	7.53982236861550e+02	3.00000000000000e-02	0.00000000000000e+00	0.00000000000000e+00	3.68970789596440e+02	1.10262578282023e+00
36	72	48	60	3.79050000000000e+02	7.53982236861550e+02	3.00000000000000e-02	0.00000000000000e+00	0.00000000000000e+00	3.56310447224328e+02	2.06219096312337e+00
37	73	49	61	3.97160000000000e+02	7.53982236861550e+02	3.00000000000000e-02	0.00000000000000e+00	0.00000000000000e+00	3.79475291543530e+02	1.51832451238366e+00
38	74	50	62	3.82960000000000e+02	7.53982236861550e+02	3.00000000000000e-02	0.00000000000000e+00	0.00000000000000e+00	3.70875170072472e+02	1.06883359675001e+00
39	75	51	63	3.74750000000000e+02	7.53982236861550e+02	3.00000000000000e-02	0.00000000000000e+00	0.00000000000000e+00	3.58685493632870e+02	1.46043982550867e+00
40	76	52	64	3.67480000000000e+02	7.53982236861550e+02	3.00000000000000e-02	0.00000000000000e+00	0.00000000000000e+00	3.59890727107032e+02	6.95614861441030e-01
41	77	53	65	3.83950000000000e+02	7.53982236861550e+02	3.00000000000000e-02	0.00000000000000e+00	0.00000000000000e+00	3.76279860165083e+02	6.72638676583433e-01
42	78	54	66	3.78820000000000e+02	7.53982236861550e+02	3.00000000000000e-02	0.00000000000000e+00	0.00000000000000e+00	3.82866545474221e+02	-3.54177499796116e-01
43	79	55	67	3.90480000000000e+02	7.53982236861550e+02	3.00000000000000e-02	0.00000000000000e+00	0.00000000000000e+00	3.91436262871182e+02	-8.15316075253906e-02
44	80	56	68	3.60110000000000e+02	7.53982236861550e+02	3.00000000000000e-02	0.00000000000000e+00	0.00000000000000e+00	3.71127076313280e+02	-1.00449957939726e+00
45	81	57	69	3.56350000000000e+02	7.53982236861550e+02	3.00000000000000e-02	0.00000000000000e+00	0.00000000000000e+00	3.65725734590661e+02	-8.65676650058234e-01
46	82	58	70	3.92150000000000e+02	7.53982236861550e+02	3.00000000000000e-02	0.00000000000000e+00	0.00000000000000e+00	3.95383173383035e+02	-2.73697807888003e-01
47	83	59	71	4.11220000000000e+02	7.53982236861550e+02	3.00000000000000e-02	0.00000000000000e+00	0.00000000000000e+00	4.16026549142589e+02	-3.87357572956493e-01
48	84	60	72	4.33150000000000e+02	7.53982236861550e+02	3.00000000000000e-02	0.00000000000000e+00	0.00000000000000e+00	4.36101501167166e+02	-2.26364292036566e-01
49	85	61	73	4.74850000000000e+02	7.53982236861550e+02	3.00000000000000e-02	0.00000000000000e+00	0.00000000000000e+00	4.61125304100111e+02	9.77638309932871e-01
50	86	62	74	5.15820000000000e+02	7.53982236861550e+02	3.00000000000000e-02	0.00000000000000e+00	0.00000000000000e+00	4.93413344215573e+02	1.48035394180133e+00
51	87	63	75	5.38730000000000e+02	7.53982236861550e+02	3.00000000000000e-02	0.00000000000000e+00	0.00000000000000e+00	5.28054675216552e+02	6.67156262245842e-01
52	88	64	76	5.34720000000000e+02	7.53982236861550e+02	3.00000000000000e-02	0.00000000000000e+00	0.00000000000000e+00	5.27183904668066e+02	4.73126417510598e-01
53	89	65	77	5.49100000000000e+02	7.53982236861550e+02	3.00000000000000e-02	0.00000000000000e+00	0.00000000000000e+00	5.38474438779502e+02	6.51351542084466e-01
54	90	66	78	6.03590000000000e+02	7.53982236861550e+02	3.00000000000000e-02	0.00000000000000e+00	0.00000000000000e+00	5.94761518031783e+02	4.91154810805483e-01
55	91	67	79	6.12030000000000e+02	7.53982236861550e+02	3.00000000000000e-02	0.00000000000000e+00	0.00000000000000e+00	6.24892640062782e+02	-6.93285272097880e-01
56	92	68	80	6.79960000000000e+02	7.53982236861550e+02	3.00000000000000e-02	0.00000000000000e+00	0.00000000000000e+00	6.83005738821186e+02	-1.48976299951542e-01
57	93	69	81	6.98910000000000e+02	7.53982236861550e+02	3.00000000000000e-02	0.00000000000000e+00	0.00000000000000e+00	7.00705952719325e+02	-8.55450716814291e-02
58	94	70	82	6.43580000000000e+02	7.53982236861550e+02	3.00000000000000e-02	0.00000000000000e+00	0.00000000000000e+00	6.47402130801578e+02	-1.97376445829741e-01
59	95	71	83	6.21630000000000e+02	7.53982236861550e+02	3.00000000000000e-02	0.00000000000000e+00	0.00000000000000e+00	6.14892419153100e+02	3.63257871288258e-01
60	96	72	84	5.92780000000000e+02	7.53982236861550e+02	3.00000000000000e-02	0.00000000000000e+00	0.00000000000000e+00	5.84157610749865e+02	4.88416912776983e-01
61	97	73	85	5.49900000000000e+02	7.53982236861550e+02	3.00000000000000e-02	0.00000000000000e+00	0.00000000000000e+00	5.33955213662623e+02	9.80815920549016e-01
62	98	74	86	5.07790000000000e+02	7.53982236861550e+02	3.00000000000000e-02	0.00000000000000e+00	0.00000000000000e+00	4.98960209876382e+02	5.84720781292851e-01
63	99	75	87	4.61800000000000e+02	7.53982236861550e+02	3.00000000000000e-02	0.00000000000000e+00	0.00000000000000e+00	4.58328001113811e+02	2.51560316300411e-01
64	100	76	88	4.11550000000000e+02	7.53982236861550e+02	3.00000000000000e-02	0.00000000000000e+00	0.00000000000000e+00	4.24744982181597e+02	-1.05194758276352e+00
65	101	77	89	3.99160000000000e+02	7.53982236861550e+02	3.00000000000000e-02	0.00000000000000e+00	0.00000000000000e+00	4.07738298301263e+02	-7.08773461811922e-01
66	102	78	90	3.69450000000000e+02	7.53982236861550e+02	3.00000000000000e-02	0.00000000000000e+00	0.00000000000000e+00	3.93095115561862e+02	-2.06787312272931e+00
67	103	79	91	3.65790000000000e+02	7.53982236861550e+02	3.00000000000000e-02	0.00000000000000e+00	0.00000000000000e+00	3.81871011506803e+02	-1.43411623772206e+00
68	104	80	92	3.49780000000000e+02	7.53982236861550e+02	3.00000000000000e-02	0.00000000000000e+00	0.00000000000000e+00	3.66643231079427e+02	-1.56949558055712e+00
69	105	81	93	3.51940000000000e+02	7.53982236861550e+02	3.00000000000000e-02	0.00000000000000e+00	0.00000000000000e+00	3.58197113182067e+02	-5.87424127854715e-01
70	106	82	94	3.69980000000000e+02	7.53982236861550e+02	3.00000000000000e-02	0.00000000000000e+00	0.00000000000000e+00	3.84133154038951e+02	-1.25134325561742e+00
71	107	83	95	4.00410000000000e+02	7.53982236861550e+02	3.00000000000000e-02	0.00000000000000e+00	0.00000000000000e+00	4.05456051525192e+02	-4.17448819289519e-01
72	108	84	96	4.26600000000000e+02	7.53982236861550e+02	3.00000000000000e-02	0.00000000000000e+00	0.00000000000000e+00	4.23167191576523e+02	2.69315104283171e-01
73	109	85	97	4.74490000000000e+02	7.53982236861550e+02	3.00000000000000e-02	0.00000000000000e+00	0.00000000000000e+00	4.72960989090840e+02	1.07587780557357e-01
74	110	86	98	5.04960000000000e+02	7.53982236861550e+02	3.00000000000000e-02	0.00000000000000e+00	0.00000000000000e+00	4.84186495506809e+02	1.40030214743160e+00
75	111	87	99	5.12940000000000e+02	7.53982236861550e+02	3.00000000000000e-02	0.00000000000000e+00	0.00000000000000e+00	5.04929386909335e+02	5.24676255665894e-01
76	112	88	100	5.80500000000000e+02	7.53982236861550e+02	3.00000000000000e-02	0.00000000000000e+00	0.00000000000000e+00	5.55733872833805e+02	1.45334224857615e+00
77	113	89	101	6.17000000000000e+02	7.53982236861550e+02	3.00000000000000e-02	0.00000000000000e+00	0.00000000000000e+00	6.07612345532416e+02	5.11064495691382e-01
78	114	90	102	6.96440000000000e+02	7.53982236861550e+02	3.00000000000000e-02	0.00000000000000e+00	0.00000000000000e+00	6.75675470772703e+02	1.00895855162436e+00
79	115	91	103	7.13030000000000e+02	7.53982236861550e+02	3.00000000000000e-02	0.00000000000000e+00	0.00000000000000e+00	7.14127897317518e+02	-5.12859642773182e-02
80	116	92	104	7.56130000000000e+02	7.53982236861550e+02	3.00000000000000e-02	0.00000000000000e+00	0.00000000000000e+00	7.64942815515310e+02	-3.86258700123351e-01
81	117	93	105	7.89150000000000e+02	7.53982236861550e+02	3.00000000000000e-02	0.00000000000000e+00	0.00000000000000e+00	7.73281491488247e+02	6.77109332279920e-01
82	118	94	106	7.11920000000000e+02	7.53982236861550e+02	3.00000000000000e-02	0.00000000000000e+00	0.00000000000000e+00	7.20250085797912e+02	-3.87764917947653e-01
83	119	95	107	7.01370000000000e+02	7.53982236861550e+02	3.00000000000000e-02	0.00000000000000e+00	0.00000000000000e+00	6.76918627952946e+02	1.18281648502550e+00
84	120	96	108	6.60730000000000e+02	7.53982236861550e+02	3.00000000000000e-02	0.00000000000000e+00	0.00000000000000e+00	6.40563315140284e+02	1.03324384209807e+00
85	121	97	109	5.99950000000000e+02	7.53982236861550e+02	3.00000000000000e-02	0.00000000000000e+00	0.00000000000000e+00	5.77299149571300e+02	1.28285764861914e+00
86	122	98	110	5.74880000000000e+02	7.53982236861550e+02	3.00000000000000e-02	0.00000000000000e+00	0.00000000000000e+00	5.76073720082439e+02	-6.91438465125316e-02
87	123	99	111	5.83920000000000e+02	7.53982236861550e+02	3.00000000000000e-02	0.00000000000000e+00	0.00000000000000e+00	5.57201421698093e+02	1.56123979122889e+00
88	124	100	112	5.01560000000000e+02	7.53982236861550e+02	3.00000000000000e-02	0.00000000000000e+00	0.00000000000000e+00	4.82684873499874e+02	1.27864121388992e+00
89	125	101	113	4.37620000000000e+02	7.53982236861550e+02	3.00000000000000e-02	0.00000000000000e+00	0.00000000000000e+00	4.31724823599080e+02	4.52085034247348e-01
90	126	102	114	4.19300000000000e+02	7.53982236861550e+02	3.00000000000000e-02	0.00000000000000e+00	0.00000000000000e+00	4.10638027439835e+02	6.95817985340656e-01
91	127	103	115	3.87110000000000e+02	7.53982236861550e+02	3.00000000000000e-02	0.00000000000000e+00	0.00000000000000e+00	3.88069456178915e+02	-8.25148001722139e-02
92	128	104	116	3.72520000000000e+02	7.53982236861550e+02	3.00000000000000e-02	0.00000000000000e+00	0.00000000000000e+00	3.67346796249796e+02	4.66145895750803e-01
93	129	105	117	3.62160000000000e+02	7.53982236861550e+02	3.00000000000000e-02	0.00000000000000e+00	0.00000000000000e+00	3.81630998601817e+02	-1.74560221268199e+00
94	130	106	118	3.99610000000000e+02	7.53982236861550e+02	3.00000000000000e-02	0.00000000000000e+00	0.00000000000000e+00	4.06433318791010e+02	-5.64360221048865e-01
95	131	107	119	3.90540000000000e+02	7.53982236861550e+02	3.00000000000000e-02	0.00000000000000e+00	0.00000000000000e+00	4.16952293351892e+02	-2.18138046699501e+00
96	132	108	120	4.25280000000000e+02	7.53982236861550e+02	3.00000000000000e-02	0.00000000000000e+00	0.00000000000000e+00	4.26419542678183e+02	-8.91976024457601e-02
97	133	109	121	4.39100000000000e+02	7.53982236861550e+02	3.00000000000000e-02	0.00000000000000e+00	0.00000000000000e+00	4.50835562318557e+02	-8.79182953910244e-01
98	134	110	122	4.46500000000000e+02	7.53982236861550e+02	3.00000000000000e-02	0.00000000000000e+00	0.00000000000000e+00	4.40856671543583e+02	4.23986184462688e-01
99	135	111	123	4.24430000000000e+02	7.53982236861550e+02	3.00000000000000e-02	0.00000000000000e+00	0.00000000000000e+00	4.32656325793861e+02	-6.39887190541533e-01
100	136	112	124	4.76420000000000e+02	7.53982236861550e+02	3.00000000000000e-02	0.00000000000000e+00	0.00000000000000e+00	4.77149315163503e+02	-5.09884489858040e-02
101	137	113	125	5.20230000000000e+02	7.53982236861550e+02	3.00000000000000e-02	0.00000000000000e+00	0.00000000000000e+00	5.16113970675910e+02	2.64780232767237e-01
102	138	114	126	5.34490000000000e+02	7.53982236861550e+02	3.00000000000000e-02	0.00000000000000e+00	0.00000000000000e+00	5.40229339614182e+02	-3.56024372352515e-01
103	139	115	127	5.69540000000000e+02	7.53982236861550e+02	3.00000000000000e-02	0.00000000000000e+00	0.00000000000000e+00	5.63634882622994e+02	3.47411561459321e-01
105	140	117	129	5.42530000000000e+02	7.53982236861550e+02	3.00000000000000e-02	0.00000000000000e+00	0.00000000000000e+00	5.32477316459531e+02	6.23436164887803e-01
106	142	118	130	4.77810000000000e+02	7.53982236861550e+02	3.00000000000000e-02	0.00000000000000e+00	0.00000000000000e+00	4.82474344516330e+02	-3.23819448222640e-01
107	143	119	131	4.58910000000000e+02	7.53982236861550e+02	3.00000000000000e-02	0.00000000000000e+00	0.00000000000000e+00	4.62241626276789e+02	-2.41121418680616e-01
108	141	120	132	4.48400000000000e+02	7.53982236861550e+02	3.00000000000000e-02	0.00000000000000e+00	0.00000000000000e+00	4.47084442942654e+02	9.79401346502170e-02
109	144	121	133	4.19540000000000e+02	7.53982236861550e+02	3.00000000000000e-02	0.00000000000000e+00	0.00000000000000e+00	4.12149582118389e+02	5.92417537284510e-01
110	145	122	134	4.07310000000000e+02	7.53982236861550e+02	3.00000000000000e-02	0.00000000000000e+00	0.00000000000000e+00	3.95226240656942e+02	1.00387347291431e+00
111	146	123	135	3.98860000000000e+02	7.53982236861550e+02	3.00000000000000e-02	0.00000000000000e+00	0.00000000000000e+00	3.74931765756482e+02	2.06221422312470e+00
112	147	124	136	3.60300000000000e+02	7.53982236861550e+02	3.00000000000000e-02	0.00000000000000e+00	0.00000000000000e+00	3.41532640735336e+02	1.78312542755264e+00
113	148	125	137	3.47430000000000e+02	7.53982236861550e+02	3.00000000000000e-02	0.00000000000000e+00	0.00000000000000e+00	3.10314838155524e+02	3.76586056039082e+00
114	149	126	138	3.04080000000000e+02	7.53982236861550e+02	3.00000000000000e-02	0.00000000000000e+00	0.00000000000000e+00	2.86808487569063e+02	1.94920407863443e+00
115	150	127	139	2.78030000000000e+02	7.53982236861550e+02	3.00000000000000e-02	0.00000000000000e+00	0.00000000000000e+00	2.49664758114518e+02	3.58699903728936e+00
117	152	129	140	2.33720000000000e+02	7.53982236861550e+02	3.00000000000000e-02	0.00000000000000e+00	0.00000000000000e+00	2.36228714764110e+02	-3.55888279737885e-01
118	153	130	142	2.34210000000000e+02	7.53982236861550e+02	3.00000000000000e-02	0.00000000000000e+00	0.00000000000000e+00	2.45235563140855e+02	-1.53336940080129e+00
119	154	131	143	2.03140000000000e+02	7.53982236861550e+02	3.00000000000000e-02	0.00000000000000e+00	0.00000000000000e+00	2.32305461051817e+02	-4.47192505353540e+00
120	155	132	141	2.05910000000000e+02	7.53982236861550e+02	3.00000000000000e-02	0.00000000000000e+00	0.00000000000000e+00	2.27069033321058e+02	-3.26049675584382e+00
121	156	133	144	2.06420000000000e+02	7.53982236861550e+02	3.00000000000000e-02	0.00000000000000e+00	0.00000000000000e+00	2.16330751062614e+02	-1.56318544301672e+00
122	157	134	145	1.97390000000000e+02	7.53982236861550e+02	3.00000000000000e-02	0.00000000000000e+00	0.00000000000000e+00	1.96798238945583e+02	1.00081034134103e-01
123	158	135	146	2.02300000000000e+02	7.53982236861550e+02	3.00000000000000e-02	0.00000000000000e+00	0.00000000000000e+00	2.01666144383725e+02	1.04605488236261e-01
124	159	136	147	3.06700000000000e+02	7.53982236861550e+02	3.00000000000000e-02	0.00000000000000e+00	0.00000000000000e+00	2.13304599004465e+02	1.21049628224324e+01
1	40	14	27	4.11090000000000e+02	8.16814089933346e+02	3.00000000000000e-02	0.00000000000000e+00	0.00000000000000e+00	4.03874320700802e+02	5.90280881234525e-01
3	41	15	28	4.03610000000000e+02	8.16814089933346e+02	3.00000000000000e-02	0.00000000000000e+00	0.00000000000000e+00	4.06675373960803e+02	-2.52206500984957e-01
4	42	16	29	3.94600000000000e+02	8.16814089933346e+02	3.00000000000000e-02	0.00000000000000e+00	0.00000000000000e+00	3.91256585864279e+02	2.83633966529232e-01
2	43	17	30	3.98570000000000e+02	8.16814089933346e+02	3.00000000000000e-02	0.00000000000000e+00	0.00000000000000e+00	3.83290253380750e+02	1.30301992118274e+00
5	44	18	31	4.05420000000000e+02	8.16814089933346e+02	3.00000000000000e-02	0.00000000000000e+00	0.00000000000000e+00	3.88371646595700e+02	1.43202778552141e+00
6	45	19	32	3.89870000000000e+02	8.16814089933346e+02	3.00000000000000e-02	0.00000000000000e+00	0.00000000000000e+00	3.76499698790917e+02	1.16320343356498e+00
7	46	20	33	4.15050000000000e+02	8.16814089933346e+02	3.00000000000000e-02	0.00000000000000e+00	0.00000000000000e+00	3.71855839800737e+02	3.66309143844751e+00
8	47	21	34	3.70530000000000e+02	8.16814089933346e+02	3.00000000000000e-02	0.00000000000000e+00	0.00000000000000e+00	3.54795532613289e+02	1.44642513478255e+00
9	48	22	35	4.06610000000000e+02	8.16814089933346e+02	3.00000000000000e-02	0.00000000000000e+00	0.00000000000000e+00	3.42410769661976e+02	5.72811326208713e+00
10	49	23	36	3.20820000000000e+02	8.16814089933346e+02	3.00000000000000e-02	0.00000000000000e+00	0.00000000000000e+00	3.32864650366956e+02	-1.22852446039650e+00
11	50	24	37	3.57130000000000e+02	8.16814089933346e+02	3.00000000000000e-02	0.00000000000000e+00	0.00000000000000e+00	3.38082346042285e+02	1.82701226660757e+00
12	51	25	38	3.61520000000000e+02	8.16814089933346e+02	3.00000000000000e-02	0.00000000000000e+00	0.00000000000000e+00	3.28389478487178e+02	3.20390089164651e+00
13	52	26	39	4.57060000000000e+02	8.16814089933346e+02	3.00000000000000e-02	0.00000000000000e+00	0.00000000000000e+00	3.54830114955355e+02	8.43918492640583e+00
14	53	27	40	3.85680000000000e+02	8.16814089933346e+02	3.00000000000000e-02	0.00000000000000e+00	0.00000000000000e+00	3.67902237544925e+02	1.57302553557705e+00
15	54	28	41	3.72040000000000e+02	8.16814089933346e+02	3.00000000000000e-02	0.00000000000000e+00	0.00000000000000e+00	3.68893854891549e+02	2.83080961172052e-01
16	55	29	42	3.65180000000000e+02	8.16814089933346e+02	3.00000000000000e-02	0.00000000000000e+00	0.00000000000000e+00	3.75334760272931e+02	-9.14264636953366e-01
17	56	30	43	3.58770000000000e+02	8.16814089933346e+02	3.00000000000000e-02	0.00000000000000e+00	0.00000000000000e+00	3.65524287442364e+02	-6.21707074800604e-01
18	57	31	44	3.16850000000000e+02	8.16814089933346e+02	3.00000000000000e-02	0.00000000000000e+00	0.00000000000000e+00	3.40190090479125e+02	-2.36920250842599e+00
19	58	32	45	3.49050000000000e+02	8.16814089933346e+02	3.00000000000000e-02	0.00000000000000e+00	0.00000000000000e+00	3.60059442831770e+02	-1.03513194600824e+00
20	59	33	46	2.88500000000000e+02	8.16814089933346e+02	3.00000000000000e-02	0.00000000000000e+00	0.00000000000000e+00	3.82769076384371e+02	-9.42455958908637e+00
21	60	34	47	4.19810000000000e+02	8.16814089933346e+02	3.00000000000000e-02	0.00000000000000e+00	0.00000000000000e+00	4.19769787656101e+02	3.19305320116333e-03
22	61	35	48	4.44260000000000e+02	8.16814089933346e+02	3.00000000000000e-02	0.00000000000000e+00	0.00000000000000e+00	4.35417300487889e+02	6.70169797318672e-01
23	62	36	49	4.84250000000000e+02	8.16814089933346e+02	3.00000000000000e-02	0.00000000000000e+00	0.00000000000000e+00	4.22900494220124e+02	4.51547963879942e+00
24	63	37	50	3.94050000000000e+02	8.16814089933346e+02	3.00000000000000e-02	0.00000000000000e+00	0.00000000000000e+00	3.73696148087055e+02	1.76782586206219e+00
25	64	38	51	3.87460000000000e+02	8.16814089933346e+02	3.00000000000000e-02	0.00000000000000e+00	0.00000000000000e+00	3.74873065353175e+02	1.10083804604679e+00
26	65	39	52	3.90090000000000e+02	8.16814089933346e+02	3.00000000000000e-02	0.00000000000000e+00	0.00000000000000e+00	3.76724428637222e+02	1.16211733619072e+00
27	66	40	53	3.95570000000000e+02	8.16814089933346e+02	3.00000000000000e-02	0.00000000000000e+00	0.00000000000000e+00	3.80588613802229e+02	1.28695749081267e+00
28	67	41	54	3.90670000000000e+02	8.16814089933346e+02	3.00000000000000e-02	0.00000000000000e+00	0.00000000000000e+00	3.79460221636132e+02	9.70448011228224e-01
29	68	42	55	3.99230000000000e+02	8.16814089933346e+02	3.00000000000000e-02	0.00000000000000e+00	0.00000000000000e+00	3.85491297592109e+02	1.16730245017414e+00
30	69	43	56	4.18070000000000e+02	8.16814089933346e+02	3.00000000000000e-02	0.00000000000000e+00	0.00000000000000e+00	4.13672982559883e+02	3.52437270841577e-01
31	70	44	57	4.22070000000000e+02	8.16814089933346e+02	3.00000000000000e-02	0.00000000000000e+00	0.00000000000000e+00	4.19818481060972e+02	1.78291571667118e-01
32	71	45	58	4.12750000000000e+02	8.16814089933346e+02	3.00000000000000e-02	0.00000000000000e+00	0.00000000000000e+00	4.05026019433009e+02	6.29692408124989e-01
33	72	46	59	4.30910000000000e+02	8.16814089933346e+02	3.00000000000000e-02	0.00000000000000e+00	0.00000000000000e+00	4.01724737146856e+02	2.33773769922362e+00
34	73	47	60	3.97770000000000e+02	8.16814089933346e+02	3.00000000000000e-02	0.00000000000000e+00	0.00000000000000e+00	3.74632917334116e+02	1.99757631187432e+00
35	74	48	61	3.93230000000000e+02	8.16814089933346e+02	3.00000000000000e-02	0.00000000000000e+00	0.00000000000000e+00	3.80412790979153e+02	1.10459090766086e+00
36	75	49	62	4.01300000000000e+02	8.16814089933346e+02	3.00000000000000e-02	0.00000000000000e+00	0.00000000000000e+00	3.77208284364311e+02	2.06372546549834e+00
37	76	50	63	4.03730000000000e+02	8.16814089933346e+02	3.00000000000000e-02	0.00000000000000e+00	0.00000000000000e+00	3.90031266208813e+02	1.15064773432560e+00
38	77	51	64	4.10180000000000e+02	8.16814089933346e+02	3.00000000000000e-02	0.00000000000000e+00	0.00000000000000e+00	3.95702516420571e+02	1.19777933197633e+00
39	78	52	65	4.00570000000000e+02	8.16814089933346e+02	3.00000000000000e-02	0.00000000000000e+00	0.00000000000000e+00	3.89412116325286e+02	9.41677497814641e-01
40	79	53	66	4.02320000000000e+02	8.16814089933346e+02	3.00000000000000e-02	0.00000000000000e+00	0.00000000000000e+00	3.93115653647374e+02	7.71464639916886e-01
41	80	54	67	3.96640000000000e+02	8.16814089933346e+02	3.00000000000000e-02	0.00000000000000e+00	0.00000000000000e+00	3.95522502288265e+02	9.40462299760488e-02
42	81	55	68	3.89880000000000e+02	8.16814089933346e+02	3.00000000000000e-02	0.00000000000000e+00	0.00000000000000e+00	3.86854588631715e+02	2.59670567230241e-01
43	82	56	69	3.90890000000000e+02	8.16814089933346e+02	3.00000000000000e-02	0.00000000000000e+00	0.00000000000000e+00	3.85779436307863e+02	4.38679762049935e-01
44	83	57	70	3.94660000000000e+02	8.16814089933346e+02	3.00000000000000e-02	0.00000000000000e+00	0.00000000000000e+00	4.01843730918456e+02	-6.01288308148244e-01
45	84	58	71	4.17580000000000e+02	8.16814089933346e+02	3.00000000000000e-02	0.00000000000000e+00	0.00000000000000e+00	4.14271036685966e+02	2.65190169954514e-01
46	85	59	72	4.28460000000000e+02	8.16814089933346e+02	3.00000000000000e-02	0.00000000000000e+00	0.00000000000000e+00	4.27028304974607e+02	1.11569525355500e-01
47	86	60	73	4.84960000000000e+02	8.16814089933346e+02	3.00000000000000e-02	0.00000000000000e+00	0.00000000000000e+00	4.79902226877858e+02	3.49467472015312e-01
48	87	61	74	5.25770000000000e+02	8.16814089933346e+02	3.00000000000000e-02	0.00000000000000e+00	0.00000000000000e+00	5.07318118510969e+02	1.19085317479417e+00
49	88	62	75	5.60060000000000e+02	8.16814089933346e+02	3.00000000000000e-02	0.00000000000000e+00	0.00000000000000e+00	5.39421905751248e+02	1.25152998787422e+00
50	89	63	76	5.70380000000000e+02	8.16814089933346e+02	3.00000000000000e-02	0.00000000000000e+00	0.00000000000000e+00	5.40961745150269e+02	1.76514134642603e+00
51	90	64	77	5.49180000000000e+02	8.16814089933346e+02	3.00000000000000e-02	0.00000000000000e+00	0.00000000000000e+00	5.40624675713815e+02	5.23365959149924e-01
52	91	65	78	5.96270000000000e+02	8.16814089933346e+02	3.00000000000000e-02	0.00000000000000e+00	0.00000000000000e+00	5.94460624563367e+02	1.01303451396184e-01
53	92	66	79	5.99930000000000e+02	8.16814089933346e+02	3.00000000000000e-02	0.00000000000000e+00	0.00000000000000e+00	5.97672096479679e+02	1.25690394288528e-01
54	93	67	80	6.34650000000000e+02	8.16814089933346e+02	3.00000000000000e-02	0.00000000000000e+00	0.00000000000000e+00	6.39013122950230e+02	-2.28377501026659e-01
55	94	68	81	6.60220000000000e+02	8.16814089933346e+02	3.00000000000000e-02	0.00000000000000e+00	0.00000000000000e+00	6.65100080560552e+02	-2.45480453508347e-01
56	95	69	82	6.63820000000000e+02	8.16814089933346e+02	3.00000000000000e-02	0.00000000000000e+00	0.00000000000000e+00	6.35624547799629e+02	1.44676576709530e+00
57	96	70	83	6.17510000000000e+02	8.16814089933346e+02	3.00000000000000e-02	0.00000000000000e+00	0.00000000000000e+00	6.01794565288641e+02	8.59304310260238e-01
58	97	71	84	5.70700000000000e+02	8.16814089933346e+02	3.00000000000000e-02	0.00000000000000e+00	0.00000000000000e+00	5.58736388669412e+02	7.06196407826691e-01
59	98	72	85	5.61470000000000e+02	8.16814089933346e+02	3.00000000000000e-02	0.00000000000000e+00	0.00000000000000e+00	5.39538518042738e+02	1.32813888228354e+00
60	99	73	86	5.11350000000000e+02	8.16814089933346e+02	3.00000000000000e-02	0.00000000000000e+00	0.00000000000000e+00	4.95276304952628e+02	1.06461628636492e+00
61	100	74	87	4.56390000000000e+02	8.16814089933346e+02	3.00000000000000e-02	0.00000000000000e+00	0.00000000000000e+00	4.50246163874172e+02	4.51774770470396e-01
62	101	75	88	4.04790000000000e+02	8.16814089933346e+02	3.00000000000000e-02	0.00000000000000e+00	0.00000000000000e+00	4.05110205713073e+02	-2.63576283841734e-02
63	102	76	89	3.80390000000000e+02	8.16814089933346e+02	3.00000000000000e-02	0.00000000000000e+00	0.00000000000000e+00	3.93099819034730e+02	-1.09555099551658e+00
64	103	77	90	3.80060000000000e+02	8.16814089933346e+02	3.00000000000000e-02	0.00000000000000e+00	0.00000000000000e+00	3.97288480794233e+02	-1.47778445616581e+00
65	104	78	91	3.56950000000000e+02	8.16814089933346e+02	3.00000000000000e-02	0.00000000000000e+00	0.00000000000000e+00	3.75587210133591e+02	-1.69649929927867e+00
66	105	79	92	3.56950000000000e+02	8.16814089933346e+02	3.00000000000000e-02	0.00000000000000e+00	0.00000000000000e+00	3.73514144782745e+02	-1.51200529371958e+00
67	106	80	93	3.66300000000000e+02	8.16814089933346e+02	3.00000000000000e-02	0.00000000000000e+00	0.00000000000000e+00	3.75006170750266e+02	-7.82993712809876e-01
68	107	81	94	3.61040000000000e+02	8.16814089933346e+02	3.00000000000000e-02	0.00000000000000e+00	0.00000000000000e+00	3.75910747778167e+02	-1.34543289211096e+00
69	108	82	95	3.92010000000000e+02	8.16814089933346e+02	3.00000000000000e-02	0.00000000000000e+00	0.00000000000000e+00	4.04276009132357e+02	-1.02701619816606e+00
70	109	83	96	4.21850000000000e+02	8.16814089933346e+02	3.00000000000000e-02	0.00000000000000e+00	0.00000000000000e+00	4.24458622351410e+02	-2.05490884687147e-01
71	110	84	97	4.44460000000000e+02	8.16814089933346e+02	3.00000000000000e-02	0.00000000000000e+00	0.00000000000000e+00	4.36737743496266e+02	5.84239216885389e-01
72	111	85	98	4.47140000000000e+02	8.16814089933346e+02	3.00000000000000e-02	0.00000000000000e+00	0.00000000000000e+00	4.33571942578000e+02	1.02713349089679e+00
73	112	86	99	4.85410000000000e+02	8.16814089933346e+02	3.00000000000000e-02	0.00000000000000e+00	0.00000000000000e+00	4.75151899711521e+02	7.11978428885729e-01
74	113	87	100	5.46950000000000e+02	8.16814089933346e+02	3.00000000000000e-02	0.00000000000000e+00	0.00000000000000e+00	5.41438558917316e+02	3.37593172188141e-01
75	114	88	101	6.24830000000000e+02	8.16814089933346e+02	3.00000000000000e-02	0.00000000000000e+00	0.00000000000000e+00	5.96940990457367e+02	1.52204492284745e+00
76	115	89	102	6.43760000000000e+02	8.16814089933346e+02	3.00000000000000e-02	0.00000000000000e+00	0.00000000000000e+00	6.12480664385075e+02	1.66028707560617e+00
77	116	90	103	6.46060000000000e+02	8.16814089933346e+02	3.00000000000000e-02	0.00000000000000e+00	0.00000000000000e+00	6.28781522211502e+02	9.03617461309618e-01
78	117	91	104	6.86870000000000e+02	8.16814089933346e+02	3.00000000000000e-02	0.00000000000000e+00	0.00000000000000e+00	6.77701944738555e+02	4.47915467763031e-01
79	118	92	105	6.94840000000000e+02	8.16814089933346e+02	3.00000000000000e-02	0.00000000000000e+00	0.00000000000000e+00	6.78759318265316e+02	7.80500117070944e-01
80	119	93	106	7.12050000000000e+02	8.16814089933346e+02	3.00000000000000e-02	0.00000000000000e+00	0.00000000000000e+00	7.05136904988559e+02	3.25205274425263e-01
81	120	94	107	7.48410000000000e+02	8.16814089933346e+02	3.00000000000000e-02	0.00000000000000e+00	0.00000000000000e+00	7.05492548052409e+02	1.96849158531200e+00
82	121	95	108	6.50890000000000e+02	8.16814089933346e+02	3.00000000000000e-02	0.00000000000000e+00	0.00000000000000e+00	6.46979973712474e+02	2.00843854211700e-01
83	122	96	109	6.39780000000000e+02	8.16814089933346e+02	3.00000000000000e-02	0.00000000000000e+00	0.00000000000000e+00	6.16627292748139e+02	1.22865298299892e+00
84	123	97	110	6.15290000000000e+02	8.16814089933346e+02	3.00000000000000e-02	0.00000000000000e+00	0.00000000000000e+00	5.84837133746469e+02	1.69200989205243e+00
85	124	98	111	5.90890000000000e+02	8.16814089933346e+02	3.00000000000000e-02	0.00000000000000e+00	0.00000000000000e+00	5.78441573427569e+02	7.09744333530319e-01
86	125	99	112	5.52480000000000e+02	8.16814089933346e+02	3.00000000000000e-02	0.00000000000000e+00	0.00000000000000e+00	5.33927384136191e+02	1.13857962306468e+00
87	126	100	113	4.93150000000000e+02	8.16814089933346e+02	3.00000000000000e-02	0.00000000000000e+00	0.00000000000000e+00	4.71360623262017e+02	1.50633106211124e+00
88	127	101	114	4.30150000000000e+02	8.16814089933346e+02	3.00000000000000e-02	0.00000000000000e+00	0.00000000000000e+00	4.15302932784233e+02	1.17085908701912e+00
89	128	102	115	4.00590000000000e+02	8.16814089933346e+02	3.00000000000000e-02	0.00000000000000e+00	0.00000000000000e+00	3.99726680544981e+02	7.19148482820250e-02
90	129	103	116	3.98700000000000e+02	8.16814089933346e+02	3.00000000000000e-02	0.00000000000000e+00	0.00000000000000e+00	3.94241769450077e+02	3.74830174540008e-01
91	130	104	117	4.17680000000000e+02	8.16814089933346e+02	3.00000000000000e-02	0.00000000000000e+00	0.00000000000000e+00	3.98392535802961e+02	1.57592663338993e+00
92	131	105	118	3.75940000000000e+02	8.16814089933346e+02	3.00000000000000e-02	0.00000000000000e+00	0.00000000000000e+00	3.96273024343594e+02	-1.75579576379835e+00
93	132	106	119	4.02030000000000e+02	8.16814089933346e+02	3.00000000000000e-02	0.00000000000000e+00	0.00000000000000e+00	4.04757439085825e+02	-2.25375304903045e-01
94	133	107	120	4.02230000000000e+02	8.16814089933346e+02	3.00000000000000e-02	0.00000000000000e+00	0.00000000000000e+00	4.12972450430669e+02	-8.78560681462245e-01
95	134	108	121	4.56800000000000e+02	8.16814089933346e+02	3.00000000000000e-02	0.00000000000000e+00	0.00000000000000e+00	4.47234250293486e+02	7.05438370694781e-01
96	135	109	122	4.62920000000000e+02	8.16814089933346e+02	3.00000000000000e-02	0.00000000000000e+00	0.00000000000000e+00	4.60217743947126e+02	1.95150636258064e-01
97	136	110	123	4.73440000000000e+02	8.16814089933346e+02	3.00000000000000e-02	0.00000000000000e+00	0.00000000000000e+00	4.64846423960102e+02	6.10603622319446e-01
98	137	111	124	4.50300000000000e+02	8.16814089933346e+02	3.00000000000000e-02	0.00000000000000e+00	0.00000000000000e+00	4.56412410590318e+02	-4.49426088819512e-01
99	138	112	125	4.86250000000000e+02	8.16814089933346e+02	3.00000000000000e-02	0.00000000000000e+00	0.00000000000000e+00	4.88786162486120e+02	-1.73406779041141e-01
100	139	113	126	5.31360000000000e+02	8.16814089933346e+02	3.00000000000000e-02	0.00000000000000e+00	0.00000000000000e+00	5.30683902100892e+02	4.24400528768132e-02
102	140	115	128	5.95100000000000e+02	8.16814089933346e+02	3.00000000000000e-02	0.00000000000000e+00	0.00000000000000e+00	5.67031799127595e+02	1.61046911260672e+00
103	142	116	129	5.60560000000000e+02	8.16814089933346e+02	3.00000000000000e-02	0.00000000000000e+00	0.00000000000000e+00	5.49874131075400e+02	6.41562820556452e-01
104	143	117	130	5.15760000000000e+02	8.16814089933346e+02	3.00000000000000e-02	0.00000000000000e+00	0.00000000000000e+00	5.13917553056005e+02	1.19289700928367e-01
105	141	118	131	4.91630000000000e+02	8.16814089933346e+02	3.00000000000000e-02	0.00000000000000e+00	0.00000000000000e+00	4.87679443390223e+02	2.68936311277586e-01
106	144	119	132	4.41460000000000e+02	8.16814089933346e+02	3.00000000000000e-02	0.00000000000000e+00	0.00000000000000e+00	4.63133977496963e+02	-1.59763215860780e+00
107	145	120	133	4.73990000000000e+02	8.16814089933346e+02	3.00000000000000e-02	0.00000000000000e+00	0.00000000000000e+00	4.55558417833045e+02	1.32207553471758e+00
108	146	121	134	4.29960000000000e+02	8.16814089933346e+02	3.00000000000000e-02	0.00000000000000e+00	0.00000000000000e+00	4.12188608646092e+02	1.40703828441107e+00
109	147	122	135	4.10240000000000e+02	8.16814089933346e+02	3.00000000000000e-02	0.00000000000000e+00	0.00000000000000e+00	3.91609618521769e+02	1.54922939429444e+00
110	148	123	136	3.91300000000000e+02	8.16814089933346e+02	3.00000000000000e-02	0.00000000000000e+00	0.00000000000000e+00	3.76805293544747e+02	1.25819793090685e+00
111	149	124	137	3.73600000000000e+02	8.16814089933346e+02	3.00000000000000e-02	0.00000000000000e+00	0.00000000000000e+00	3.59140593612364e+02	1.31572562901804e+00
112	150	125	138	3.30080000000000e+02	8.16814089933346e+02	3.00000000000000e-02	0.00000000000000e+00	0.00000000000000e+00	3.27030917312891e+02	3.09344484587933e-01
113	151	126	139	3.08310000000000e+02	8.16814089933346e+02	3.00000000000000e-02	0.00000000000000e+00	0.00000000000000e+00	2.94873654516367e+02	1.48529318275203e+00
115	153	128	140	2.20510000000000e+02	8.16814089933346e+02	3.00000000000000e-02	0.00000000000000e+00	0.00000000000000e+00	2.29525915007360e+02	-1.33576324050851e+00
116	154	129	142	2.31180000000000e+02	8.16814089933346e+02	3.00000000000000e-02	0.00000000000000e+00	0.00000000000000e+00	2.36437170790776e+02	-7.49529405100654e-01
117	155	130	143	2.33600000000000e+02	8.16814089933346e+02	3.00000000000000e-02	0.00000000000000e+00	0.00000000000000e+00	2.46532241116080e+02	-1.79608431928111e+00
118	156	131	141	2.11590000000000e+02	8.16814089933346e+02	3.00000000000000e-02	0.00000000000000e+00	0.00000000000000e+00	2.30918027749272e+02	-2.91374498094183e+00
119	157	132	144	1.54090000000000e+02	8.16814089933346e+02	3.00000000000000e-02	0.00000000000000e+00	0.00000000000000e+00	2.06856893060978e+02	-9.81634563392368e+00
120	158	133	145	1.80200000000000e+02	8.16814089933346e+02	3.00000000000000e-02	0.00000000000000e+00	0.00000000000000e+00	1.93295608987593e+02	-2.33844415774446e+00
121	159	134	146	2.77160000000000e+02	8.16814089933346e+02	3.00000000000000e-02	0.00000000000000e+00	0.00000000000000e+00	2.10087066210439e+02	9.23576369876233e+00
1	43	15	29	3.74130000000000e+02	8.79645943005142e+02	3.00000000000000e-02	0.00000000000000e+00	0.00000000000000e+00	4.02317900501777e+02	-2.42130809236484e+00
3	44	16	30	3.93810000000000e+02	8.79645943005142e+02	3.00000000000000e-02	0.00000000000000e+00	0.00000000000000e+00	4.12583762839232e+02	-1.55235623685233e+00
4	45	17	31	3.99290000000000e+02	8.79645943005142e+02	3.00000000000000e-02	0.00000000000000e+00	0.00000000000000e+00	3.96733413775389e+02	2.14113887507820e-01
2	46	18	32	3.89930000000000e+02	8.79645943005142e+02	3.00000000000000e-02	0.00000000000000e+00	0.00000000000000e+00	3.79316103775338e+02	9.19911049174675e-01
5	47	19	33	3.76820000000000e+02	8.79645943005142e+02	3.00000000000000e-02	0.00000000000000e+00	0.00000000000000e+00	3.62685861597075e+02	1.27435184349517e+00
6	48	20	34	3.59130000000000e+02	8.79645943005142e+02	3.00000000000000e-02	0.00000000000000e+00	0.00000000000000e+00	3.45727205640951e+02	1.26781329485238e+00
7	49	21	35	3.62210000000000e+02	8.79645943005142e+02	3.00000000000000e-02	0.00000000000000e+00	0.00000000000000e+00	3.48964439279091e+02	1.24180434320393e+00
8	50	22	36	3.45950000000000e+02	8.79645943005142e+02	3.00000000000000e-02	0.00000000000000e+00	0.00000000000000e+00	3.43706816856010e+02	2.16841284898805e-01
9	51	23	37	4.76230000000000e+02	8.79645943005142e+02	3.00000000000000e-02	0.00000000000000e+00	0.00000000000000e+00	3.47442581705538e+02	1.05100503986015e+01
10	52	24	38	3.62770000000000e+02	8.79645943005142e+02	3.00000000000000e-02	0.00000000000000e+00	0.00000000000000e+00	3.41253753843656e+02	2.03808926404706e+00
11	53	25	39	3.57210000000000e+02	8.79645943005142e+02	3.00000000000000e-02	0.00000000000000e+00	0.00000000000000e+00	3.32087509542594e+02	2.43084423289902e+00
12	54	26	40	2.97850000000000e+02	8.79645943005142e+02	3.00000000000000e-02	0.00000000000000e+00	0.00000000000000e+00	3.17080628189006e+02	-2.08553616870348e+00
13	55	27	41	3.84530000000000e+02	8.79645943005142e+02	3.00000000000000e-02	0.00000000000000e+00	0.00000000000000e+00	3.48428765391627e+02	3.28626678230212e+00
14	56	28	42	3.58320000000000e+02	8.79645943005142e+02	3.00000000000000e-02	0.00000000000000e+00	0.00000000000000e+00	3.63635240991903e+02	-4.90827937586028e-01
15	57	29	43	3.22660000000000e+02	8.79645943005142e+02	3.00000000000000e-02	0.00000000000000e+00	0.00000000000000e+00	3.48077324704761e+02	-2.52751717605862e+00
16	58	30	44	3.52900000000000e+02	8.79645943005142e+02	3.00000000000000e-02	0.00000000000000e+00	0.00000000000000e+00	3.44804260452665e+02	7.73594522226399e-01
17	59	31	45	3.26990000000000e+02	8.79645943005142e+02	3.00000000000000e-02	0.00000000000000e+00	0.00000000000000e+00	3.40275227798437e+02	-1.32750647606521e+00
18	60	32	46	3.37020000000000e+02	8.79645943005142e+02	3.00000000000000e-02	0.00000000000000e+00	0.00000000000000e+00	3.52847431449045e+02	-1.52978274021285e+00
19	61	33	47	3.61620000000000e+02	8.79645943005142e+02	3.00000000000000e-02	0.00000000000000e+00	0.00000000000000e+00	3.83171410811183e+02	-1.92961667159558e+00
20	62	34	48	4.27080000000000e+02	8.79645943005142e+02	3.00000000000000e-02	0.00000000000000e+00	0.00000000000000e+00	4.24948528974761e+02	1.66776533818898e-01
21	63	35	49	4.20790000000000e+02	8.79645943005142e+02	3.00000000000000e-02	0.00000000000000e+00	0.00000000000000e+00	4.31365135704994e+02	-8.27367239157883e-01
22	64	36	50	4.66300000000000e+02	8.79645943005142e+02	3.00000000000000e-02	0.00000000000000e+00	0.00000000000000e+00	4.24124090451708e+02	3.16010417470052e+00
23	65	37	51	4.26140000000000e+02	8.79645943005142e+02	3.00000000000000e-02	0.00000000000000e+00	0.00000000000000e+00	3.95878329196662e+02	2.45536720789724e+00
24	66	38	52	4.20260000000000e+02	8.79645943005142e+02	3.00000000000000e-02	0.00000000000000e+00	0.00000000000000e+00	3.95626024610784e+02	2.01347282056513e+00
25	67	39	53	4.00580000000000e+02	8.79645943005142e+02	3.00000000000000e-02	0.00000000000000e+00	0.00000000000000e+00	3.87602131598753e+02	1.09780391302703e+00
26	68	40	54	4.22090000000000e+02	8.79645943005142e+02	3.00000000000000e-02	0.00000000000000e+00	0.00000000000000e+00	4.04401145833478e+02	1.42704136269757e+00
27	69	41	55	4.14860000000000e+02	8.79645943005142e+02	3.00000000000000e-02	0.00000000000000e+00	0.00000000000000e+00	4.04777974541341e+02	8.20080271436385e-01
28	70	42	56	4.18770000000000e+02	8.79645943005142e+02	3.00000000000000e-02	0.00000000000000e+00	0.00000000000000e+00	4.12817656188831e+02	4.77195272161316e-01
29	71	43	57	4.33650000000000e+02	8.79645943005142e+02	3.00000000000000e-02	0.00000000000000e+00	0.00000000000000e+00	4.27237495706554e+02	4.96590082914642e-01
30	72	44	58	4.23230000000000e+02	8.79645943005142e+02	3.00000000000000e-02	0.00000000000000e+00	0.00000000000000e+00	4.26016777330708e+02	-2.18765413295034e-01
31	73	45	59	4.22540000000000e+02	8.79645943005142e+02	3.00000000000000e-02	0.00000000000000e+00	0.00000000000000e+00	4.10343810125401e+02	9.76291576278291e-01
32	74	46	60	4.06180000000000e+02	8.79645943005142e+02	3.00000000000000e-02	0.00000000000000e+00	0.00000000000000e+00	3.96256892130145e+02	8.24456422545309e-01
33	75	47	61	4.16780000000000e+02	8.79645943005142e+02	3.00000000000000e-02	0.00000000000000e+00	0.00000000000000e+00	4.00800293760887e+02	1.30317406454038e+00
34	76	48	62	4.06470000000000e+02	8.79645943005142e+02	3.00000000000000e-02	0.00000000000000e+00	0.00000000000000e+00	3.95132246057844e+02	9.42987217064998e-01
35	77	49	63	4.27820000000000e+02	8.79645943005142e+02	3.00000000000000e-02	0.00000000000000e+00	0.00000000000000e+00	4.10103194726555e+02	1.40979079633429e+00
36	78	50	64	4.36990000000000e+02	8.79645943005142e+02	3.00000000000000e-02	0.00000000000000e+00	0.00000000000000e+00	4.15532400927797e+02	1.67832399036927e+00
37	79	51	65	4.39760000000000e+02	8.79645943005142e+02	3.00000000000000e-02	0.00000000000000e+00	0.00000000000000e+00	4.15538730643101e+02	1.88844330189806e+00
38	80	52	66	4.24020000000000e+02	8.79645943005142e+02	3.00000000000000e-02	0.00000000000000e+00	0.00000000000000e+00	4.12547734773401e+02	9.14290139613764e-01
39	81	53	67	4.11830000000000e+02	8.79645943005142e+02	3.00000000000000e-02	0.00000000000000e+00	0.00000000000000e+00	4.13947466045572e+02	-1.70947644174113e-01
40	82	54	68	4.16220000000000e+02	8.79645943005142e+02	3.00000000000000e-02	0.00000000000000e+00	0.00000000000000e+00	4.06225025685772e+02	8.10223670200649e-01
41	83	55	69	4.18370000000000e+02	8.79645943005142e+02	3.00000000000000e-02	0.00000000000000e+00	0.00000000000000e+00	4.10104076313276e+02	6.65174543580231e-01
42	84	56	70	4.04320000000000e+02	8.79645943005142e+02	3.00000000000000e-02	0.00000000000000e+00	0.00000000000000e+00	4.17289325234751e+02	-1.05243876920937e+00
43	85	57	71	4.24760000000000e+02	8.79645943005142e+02	3.00000000000000e-02	0.00000000000000e+00	0.00000000000000e+00	4.16933727563640e+02	6.19900702430964e-01
44	86	58	72	4.43650000000000e+02	8.79645943005142e+02	3.00000000000000e-02	0.00000000000000e+00	0.00000000000000e+00	4.31025952380107e+02	9.62255355047148e-01
45	87	59	73	4.93730000000000e+02	8.79645943005142e+02	3.00000000000000e-02	0.00000000000000e+00	0.00000000000000e+00	4.79990458685768e+02	9.40752769980868e-01
46	88	60	74	5.31660000000000e+02	8.79645943005142e+02	3.00000000000000e-02	0.00000000000000e+00	0.00000000000000e+00	5.19695085810992e+02	7.58730704544419e-01
47	89	61	75	5.65370000000000e+02	8.79645943005142e+02	3.00000000000000e-02	0.00000000000000e+00	0.00000000000000e+00	5.48279160706911e+02	1.02319364945528e+00
48	90	62	76	5.87070000000000e+02	8.79645943005142e+02	3.00000000000000e-02	0.00000000000000e+00	0.00000000000000e+00	5.48442916104936e+02	2.26869538599098e+00
49	91	63	77	5.68810000000000e+02	8.79645943005142e+02	3.00000000000000e-02	0.00000000000000e+00	0.00000000000000e+00	5.43060902703151e+02	1.54416619625598e+00
50	92	64	78	5.81250000000000e+02	8.79645943005142e+02	3.00000000000000e-02	0.00000000000000e+00	0.00000000000000e+00	5.67430096878709e+02	8.02113081306555e-01
51	93	65	79	6.00030000000000e+02	8.79645943005142e+02	3.00000000000000e-02	0.00000000000000e+00	0.00000000000000e+00	5.85849971681399e+02	7.97197272988518e-01
52	94	66	80	6.16090000000000e+02	8.79645943005142e+02	3.00000000000000e-02	0.00000000000000e+00	0.00000000000000e+00	6.23733399108137e+02	-4.10999176592330e-01
53	95	67	81	6.40380000000000e+02	8.79645943005142e+02	3.00000000000000e-02	0.00000000000000e+00	0.00000000000000e+00	6.22509263671981e+02	9.43441350834018e-01
54	96	68	82	6.17530000000000e+02	8.79645943005142e+02	3.00000000000000e-02	0.00000000000000e+00	0.00000000000000e+00	6.01358183645145e+02	8.84563795504671e-01
55	97	69	83	5.88070000000000e+02	8.79645943005142e+02	3.00000000000000e-02	0.00000000000000e+00	0.00000000000000e+00	5.74966416957217e+02	7.51145154405671e-01
56	98	70	84	5.87820000000000e+02	8.79645943005142e+02	3.00000000000000e-02	0.00000000000000e+00	0.00000000000000e+00	5.59433289016309e+02	1.64988303854298e+00
57	99	71	85	5.63750000000000e+02	8.79645943005142e+02	3.00000000000000e-02	0.00000000000000e+00	0.00000000000000e+00	5.40640676156280e+02	1.39520057308982e+00
58	100	72	86	5.08980000000000e+02	8.79645943005142e+02	3.00000000000000e-02	0.00000000000000e+00	0.00000000000000e+00	5.02405021729405e+02	4.33403748772025e-01
59	101	73	87	4.57550000000000e+02	8.79645943005142e+02	3.00000000000000e-02	0.00000000000000e+00	0.00000000000000e+00	4.48045769092546e+02	6.99692600389934e-01
60	102	74	88	4.10680000000000e+02	8.79645943005142e+02	3.00000000000000e-02	0.00000000000000e+00	0.00000000000000e+00	4.08525454366472e+02	1.75336609379221e-01
61	103	75	89	3.90820000000000e+02	8.79645943005142e+02	3.00000000000000e-02	0.00000000000000e+00	0.00000000000000e+00	3.83906926421992e+02	5.94898394400989e-01
62	104	76	90	3.76200000000000e+02	8.79645943005142e+02	3.00000000000000e-02	0.00000000000000e+00	0.00000000000000e+00	3.76262700177179e+02	-5.55510834040855e-03
63	105	77	91	3.61300000000000e+02	8.79645943005142e+02	3.00000000000000e-02	0.00000000000000e+00	0.00000000000000e+00	3.76441510430077e+02	-1.36846820782814e+00
64	106	78	92	3.52780000000000e+02	8.79645943005142e+02	3.00000000000000e-02	0.00000000000000e+00	0.00000000000000e+00	3.78369862854075e+02	-2.33425190674540e+00
65	107	79	93	3.76670000000000e+02	8.79645943005142e+02	3.00000000000000e-02	0.00000000000000e+00	0.00000000000000e+00	3.90143605641797e+02	-1.17151394617349e+00
66	108	80	94	3.79250000000000e+02	8.79645943005142e+02	3.00000000000000e-02	0.00000000000000e+00	0.00000000000000e+00	3.94088808318607e+02	-1.27935558313312e+00
67	109	81	95	3.91750000000000e+02	8.79645943005142e+02	3.00000000000000e-02	0.00000000000000e+00	0.00000000000000e+00	4.03296406139821e+02	-9.68263648996419e-01
68	110	82	96	3.95850000000000e+02	8.79645943005142e+02	3.00000000000000e-02	0.00000000000000e+00	0.00000000000000e+00	4.07976381387692e+02	-1.00579774518144e+00
69	111	83	97	4.12900000000000e+02	8.79645943005142e+02	3.00000000000000e-02	0.00000000000000e+00	0.00000000000000e+00	4.18434924407537e+02	-4.43864923748520e-01
70	112	84	98	4.58250000000000e+02	8.79645943005142e+02	3.00000000000000e-02	0.00000000000000e+00	0.00000000000000e+00	4.39399361755232e+02	1.40020597691279e+00
71	113	85	99	4.54210000000000e+02	8.79645943005142e+02	3.00000000000000e-02	0.00000000000000e+00	0.00000000000000e+00	4.58302184045670e+02	-2.98970362634983e-01
72	114	86	100	5.11480000000000e+02	8.79645943005142e+02	3.00000000000000e-02	0.00000000000000e+00	0.00000000000000e+00	5.01574194917093e+02	6.51898049590264e-01
73	115	87	101	5.61870000000000e+02	8.79645943005142e+02	3.00000000000000e-02	0.00000000000000e+00	0.00000000000000e+00	5.48156331466717e+02	8.23666124877083e-01
74	116	88	102	6.01100000000000e+02	8.79645943005142e+02	3.00000000000000e-02	0.00000000000000e+00	0.00000000000000e+00	5.83892461157115e+02	9.68149534244578e-01
75	117	89	103	6.31770000000000e+02	8.79645943005142e+02	3.00000000000000e-02	0.00000000000000e+00	0.00000000000000e+00	6.07640120743092e+02	1.29808679373620e+00
76	118	90	104	6.38250000000000e+02	8.79645943005142e+02	3.00000000000000e-02	0.00000000000000e+00	0.00000000000000e+00	6.05286587139275e+02	1.76760041664149e+00
77	119	91	105	6.60390000000000e+02	8.79645943005142e+02	3.00000000000000e-02	0.00000000000000e+00	0.00000000000000e+00	6.21517127558314e+02	2.02223668672842e+00
78	120	92	106	6.59170000000000e+02	8.79645943005142e+02	3.00000000000000e-02	0.00000000000000e+00	0.00000000000000e+00	6.36959033840310e+02	1.14253751431752e+00
79	121	93	107	6.47840000000000e+02	8.79645943005142e+02	3.00000000000000e-02	0.00000000000000e+00	0.00000000000000e+00	6.22211138251767e+02	1.34547555264793e+00
80	122	94	108	6.61020000000000e+02	8.79645943005142e+02	3.00000000000000e-02	0.00000000000000e+00	0.00000000000000e+00	6.41348054427942e+02	1.00706001320668e+00
81	123	95	109	6.65890000000000e+02	8.79645943005142e+02	3.00000000000000e-02	0.00000000000000e+00	0.00000000000000e+00	6.28492865814570e+02	1.92666049661456e+00
82	124	96	110	6.11650000000000e+02	8.79645943005142e+02	3.00000000000000e-02	0.00000000000000e+00	0.00000000000000e+00	6.08711047328266e+02	1.60551303507480e-01
83	125	97	111	6.15160000000000e+02	8.79645943005142e+02	3.00000000000000e-02	0.00000000000000e+00	0.00000000000000e+00	5.79685212561937e+02	1.97990591094846e+00
84	126	98	112	5.72120000000000e+02	8.79645943005142e+02	3.00000000000000e-02	0.00000000000000e+00	0.00000000000000e+00	5.48214937356432e+02	1.42271093613561e+00
85	127	99	113	5.23490000000000e+02	8.79645943005142e+02	3.00000000000000e-02	0.00000000000000e+00	0.00000000000000e+00	5.02606977543305e+02	1.35698066742368e+00
86	128	100	114	4.63340000000000e+02	8.79645943005142e+02	3.00000000000000e-02	0.00000000000000e+00	0.00000000000000e+00	4.49351130188282e+02	1.02188388595247e+00
87	129	101	115	4.40280000000000e+02	8.79645943005142e+02	3.00000000000000e-02	0.00000000000000e+00	0.00000000000000e+00	4.33205526313955e+02	5.39953871743393e-01
88	130	102	116	4.50180000000000e+02	8.79645943005142e+02	3.00000000000000e-02	0.00000000000000e+00	0.00000000000000e+00	4.22835487920948e+02	2.08881056106615e+00
89	131	103	117	4.24880000000000e+02	8.79645943005142e+02	3.00000000000000e-02	0.00000000000000e+00	0.00000000000000e+00	4.21273623135249e+02	2.84140578685902e-01
90	132	104	118	4.43690000000000e+02	8.79645943005142e+02	3.00000000000000e-02	0.00000000000000e+00	0.00000000000000e+00	4.19552096609327e+02	1.86461382651206e+00
91	133	105	119	3.89420000000000e+02	8.79645943005142e+02	3.00000000000000e-02	0.00000000000000e+00	0.00000000000000e+00	3.97124656007070e+02	-6.53059123121125e-01
92	134	106	120	4.13470000000000e+02	8.79645943005142e+02	3.00000000000000e-02	0.00000000000000e+00	0.00000000000000e+00	4.06131647347674e+02	5.96919961589689e-01
93	135	107	121	4.34610000000000e+02	8.79645943005142e+02	3.00000000000000e-02	0.00000000000000e+00	0.00000000000000e+00	4.38563535530121e+02	-3.01853899323904e-01
94	136	108	122	4.92430000000000e+02	8.79645943005142e+02	3.00000000000000e-02	0.00000000000000e+00	0.00000000000000e+00	4.59097237125601e+02	2.33634284389203e+00
95	137	109	123	4.86010000000000e+02	8.79645943005142e+02	3.00000000000000e-02	0.00000000000000e+00	0.00000000000000e+00	4.80905535704702e+02	3.51944682279341e-01
96	138	110	124	4.86220000000000e+02	8.79645943005142e+02	3.00000000000000e-02	0.00000000000000e+00	0.00000000000000e+00	4.76884431476573e+02	6.46233895256406e-01
97	139	111	125	4.74650000000000e+02	8.79645943005142e+02	3.00000000000000e-02	0.00000000000000e+00	0.00000000000000e+00	4.82614979389235e+02	-5.54716710492542e-01
99	140	113	127	5.48380000000000e+02	8.79645943005142e+02	3.00000000000000e-02	0.00000000000000e+00	0.00000000000000e+00	5.39498933662012e+02	5.44255637562004e-01
100	142	114	128	5.66510000000000e+02	8.79645943005142e+02	3.00000000000000e-02	0.00000000000000e+00	0.00000000000000e+00	5.63588534797410e+02	1.72343184874002e-01
101	143	115	129	5.46350000000000e+02	8.79645943005142e+02	3.00000000000000e-02	0.00000000000000e+00	0.00000000000000e+00	5.44576870044430e+02	1.08356271206459e-01
102	141	116	130	5.56780000000000e+02	8.79645943005142e+02	3.00000000000000e-02	0.00000000000000e+00	0.00000000000000e+00	5.35191563813130e+02	1.31818142753565e+00
103	144	117	131	4.77960000000000e+02	8.79645943005142e+02	3.00000000000000e-02	0.00000000000000e+00	0.00000000000000e+00	5.01084630977967e+02	-1.57493213149863e+00
104	145	118	132	5.13770000000000e+02	8.79645943005142e+02	3.00000000000000e-02	0.00000000000000e+00	0.00000000000000e+00	4.76111593524954e+02	2.53744758533374e+00
105	146	119	133	5.02170000000000e+02	8.79645943005142e+02	3.00000000000000e-02	0.00000000000000e+00	0.00000000000000e+00	4.78764687308885e+02	1.59098297687924e+00
106	147	120	134	4.78320000000000e+02	8.79645943005142e+02	3.00000000000000e-02	0.00000000000000e+00	0.00000000000000e+00	4.64146145195932e+02	1.00268312812502e+00
107	148	121	135	4.43810000000000e+02	8.79645943005142e+02	3.00000000000000e-02	0.00000000000000e+00	0.00000000000000e+00	4.27013282413920e+02	1.28604746054650e+00
108	149	122	136	4.18320000000000e+02	8.79645943005142e+02	3.00000000000000e-02	0.00000000000000e+00	0.00000000000000e+00	4.02348580933824e+02	1.29759534128642e+00
109	150	123	137	3.84880000000000e+02	8.79645943005142e+02	3.00000000000000e-02	0.00000000000000e+00	0.00000000000000e+00	3.77545983334795e+02	6.41307532065897e-01
110	151	124	138	3.39070000000000e+02	8.79645943005142e+02	3.00000000000000e-02	0.00000000000000e+00	0.00000000000000e+00	3.61552902290107e+02	-2.14005987345255e+00
111	152	125	139	3.25530000000000e+02	8.79645943005142e+02	3.00000000000000e-02	0.00000000000000e+00	0.00000000000000e+00	3.30842903782192e+02	-5.39634282782941e-01
113	154	127	140	2.64620000000000e+02	8.79645943005142e+02	3.00000000000000e-02	0.00000000000000e+00	0.00000000000000e+00	2.52470470022615e+02	1.56668477145230e+00
114	155	128	142	2.12610000000000e+02	8.79645943005142e+02	3.00000000000000e-02	0.00000000000000e+00	0.00000000000000e+00	2.32646971032171e+02	-3.00208857655454e+00
115	156	129	143	2.33320000000000e+02	8.79645943005142e+02	3.00000000000000e-02	0.00000000000000e+00	0.00000000000000e+00	2.35344123832513e+02	-2.87929928934746e-01
116	157	130	141	2.06590000000000e+02	8.79645943005142e+02	3.00000000000000e-02	0.00000000000000e+00	0.00000000000000e+00	2.10046344287994e+02	-5.53068021726855e-01
117	158	131	144	2.58390000000000e+02	8.79645943005142e+02	3.00000000000000e-02	0.00000000000000e+00	0.00000000000000e+00	2.08461930986961e+02	7.15712106984906e+00
118	159	132	145	5.65670000000000e+02	8.79645943005142e+02	3.00000000000000e-02	0.00000000000000e+00	0.00000000000000e+00	2.14056145429292e+02	3.23924175623513e+01
1	46	16	31	4.81640000000000e+02	9.42477796076938e+02	3.00000000000000e-02	0.00000000000000e+00	0.00000000000000e+00	4.22869483987540e+02	4.33777880271441e+00
3	47	17	32	3.97620000000000e+02	9.42477796076938e+02	3.00000000000000e-02	0.00000000000000e+00	0.00000000000000e+00	4.00583754175407e+02	-2.47536445010551e-01
4	48	18	33	3.65630000000000e+02	9.42477796076938e+02	3.00000000000000e-02	0.00000000000000e+00	0.00000000000000e+00	3.73045046377075e+02	-6.69242900421422e-01
2	49	19	34	3.51560000000000e+02	9.42477796076938e+02	3.00000000000000e-02	0.00000000000000e+00	0.00000000000000e+00	3.52374841742290e+02	-7.71702206809148e-02
5	50	20	35	3.56680000000000e+02	9.42477796076938e+02	3.00000000000000e-02	0.00000000000000e+00	0.00000000000000e+00	3.40472612507589e+02	1.55014440254118e+00
6	51	21	36	3.54280000000000e+02	9.42477796076938e+02	3.00000000000000e-02	0.00000000000000e+00	0.00000000000000e+00	3.36837236946937e+02	1.68292412260946e+00
7	52	22	37	3.89860000000000e+02	9.42477796076938e+02	3.00000000000000e-02	0.00000000000000e+00	0.00000000000000e+00	3.45054503588208e+02	4.06951047830972e+00
8	53	23	38	3.28640000000000e+02	9.42477796076938e+02	3.00000000000000e-02	0.00000000000000e+00	0.00000000000000e+00	3.36693836557793e+02	-8.07036460587648e-01
9	54	24	39	4.42980000000000e+02	9.42477796076938e+02	3.00000000000000e-02	0.00000000000000e+00	0.00000000000000e+00	3.41006440319295e+02	8.72077528757048e+00
10	55	25	40	3.51010000000000e+02	9.42477796076938e+02	3.00000000000000e-02	0.00000000000000e+00	0.00000000000000e+00	3.32245252341834e+02	1.83137683374535e+00
11	56	26	41	2.37790000000000e+02	9.42477796076938e+02	3.00000000000000e-02	0.00000000000000e+00	0.00000000000000e+00	3.18985801289972e+02	-9.79195535012174e+00
12	57	27	42	3.34620000000000e+02	9.42477796076938e+02	3.00000000000000e-02	0.00000000000000e+00	0.00000000000000e+00	3.13208448875636e+02	2.20422066336215e+00
13	58	28	43	3.83050000000000e+02	9.42477796076938e+02	3.00000000000000e-02	0.00000000000000e+00	0.00000000000000e+00	3.44184921013297e+02	3.56621516461555e+00
14	59	29	44	3.32600000000000e+02	9.42477796076938e+02	3.00000000000000e-02	0.00000000000000e+00	0.00000000000000e+00	3.53817231237385e+02	-2.06133057029056e+00
15	60	30	45	3.52150000000000e+02	9.42477796076938e+02	3.00000000000000e-02	0.00000000000000e+00	0.00000000000000e+00	3.36720992409213e+02	1.49341831500687e+00
16	61	31	46	3.00380000000000e+02	9.42477796076938e+02	3.00000000000000e-02	0.00000000000000e+00	0.00000000000000e+00	3.19907139575056e+02	-2.09941416918209e+00
17	62	32	47	3.42010000000000e+02	9.42477796076938e+02	3.00000000000000e-02	0.00000000000000e+00	0.00000000000000e+00	3.58671555753125e+02	-1.58557022804828e+00
18	63	33	48	3.74490000000000e+02	9.42477796076938e+02	3.00000000000000e-02	0.00000000000000e+00	0.00000000000000e+00	3.91121823680764e+02	-1.44846602142046e+00
19	64	34	49	4.14010000000000e+02	9.42477796076938e+02	3.00000000000000e-02	0.00000000000000e+00	0.00000000000000e+00	4.12422679488655e+02	1.28046119395335e-01
20	65	35	50	4.46580000000000e+02	9.42477796076938e+02	3.00000000000000e-02	0.00000000000000e+00	0.00000000000000e+00	4.26489144376947e+02	1.53438806003671e+00
21	66	36	51	4.18570000000000e+02	9.42477796076938e+02	3.00000000000000e-02	0.00000000000000e+00	0.00000000000000e+00	4.30047732115047e+02	-9.01735582167943e-01
22	67	37	52	4.15860000000000e+02	9.42477796076938e+02	3.00000000000000e-02	0.00000000000000e+00	0.00000000000000e+00	4.06675803559621e+02	7.44411619386387e-01
23	68	38	53	4.55650000000000e+02	9.42477796076938e+02	3.00000000000000e-02	0.00000000000000e+00	0.00000000000000e+00	4.13172674971219e+02	3.26197887187666e+00
24	69	39	54	4.26790000000000e+02	9.42477796076938e+02	3.00000000000000e-02	0.00000000000000e+00	0.00000000000000e+00	4.11874158302669e+02	1.18580757650193e+00
25	70	40	55	4.30510000000000e+02	9.42477796076938e+02	3.00000000000000e-02	0.00000000000000e+00	0.00000000000000e+00	4.16842478297893e+02	1.07540506178418e+00
26	71	41	56	4.34000000000000e+02	9.42477796076938e+02	3.00000000000000e-02	0.00000000000000e+00	0.00000000000000e+00	4.33460863554415e+02	4.14340702199626e-02
27	72	42	57	4.48130000000000e+02	9.42477796076938e+02	3.00000000000000e-02	0.00000000000000e+00	0.00000000000000e+00	4.38141383750083e+02	7.51390555103567e-01
28	73	43	58	4.27680000000000e+02	9.42477796076938e+02	3.00000000000000e-02	0.00000000000000e+00	0.00000000000000e+00	4.21645614940372e+02	4.73668872866314e-01
29	74	44	59	4.21780000000000e+02	9.42477796076938e+02	3.00000000000000e-02	0.00000000000000e+00	0.00000000000000e+00	4.08558553175317e+02	1.06162033429502e+00
30	75	45	60	4.09880000000000e+02	9.42477796076938e+02	3.00000000000000e-02	0.00000000000000e+00	0.00000000000000e+00	3.99960446664518e+02	8.16625835050674e-01
31	76	46	61	4.38680000000000e+02	9.42477796076938e+02	3.00000000000000e-02	0.00000000000000e+00	0.00000000000000e+00	4.34040061811428e+02	3.54445991016365e-01
32	77	47	62	4.26540000000000e+02	9.42477796076938e+02	3.00000000000000e-02	0.00000000000000e+00	0.00000000000000e+00	4.33222149284571e+02	-5.18149803869713e-01
33	78	48	63	4.36540000000000e+02	9.42477796076938e+02	3.00000000000000e-02	0.00000000000000e+00	0.00000000000000e+00	4.24530364125367e+02	9.29882558827000e-01
34	79	49	64	4.62220000000000e+02	9.42477796076938e+02	3.00000000000000e-02	0.00000000000000e+00	0.00000000000000e+00	4.29988369217053e+02	2.40942694086212e+00
35	80	50	65	4.46280000000000e+02	9.42477796076938e+02	3.00000000000000e-02	0.00000000000000e+00	0.00000000000000e+00	4.32280194457568e+02	1.06241938161397e+00
36	81	51	66	4.56640000000000e+02	9.42477796076938e+02	3.00000000000000e-02	0.00000000000000e+00	0.00000000000000e+00	4.32546165362541e+02	1.80687576300954e+00
37	82	52	67	4.59400000000000e+02	9.42477796076938e+02	3.00000000000000e-02	0.00000000000000e+00	0.00000000000000e+00	4.42723428150068e+02	1.23253436214619e+00
38	83	53	68	4.42720000000000e+02	9.42477796076938e+02	3.00000000000000e-02	0.00000000000000e+00	0.00000000000000e+00	4.35234931195829e+02	5.68385300720742e-01
39	84	54	69	4.30340000000000e+02	9.42477796076938e+02	3.00000000000000e-02	0.00000000000000e+00	0.00000000000000e+00	4.34790764694041e+02	-3.42977358069282e-01
40	85	55	70	4.57410000000000e+02	9.42477796076938e+02	3.00000000000000e-02	0.00000000000000e+00	0.00000000000000e+00	4.47512262684481e+02	7.29206802185889e-01
41	86	56	71	4.45660000000000e+02	9.42477796076938e+02	3.00000000000000e-02	0.00000000000000e+00	0.00000000000000e+00	4.36743434460283e+02	6.73680442531606e-01
42	87	57	72	4.50530000000000e+02	9.42477796076938e+02	3.00000000000000e-02	0.00000000000000e+00	0.00000000000000e+00	4.36245540020621e+02	1.07398058300202e+00
43	88	58	73	4.96110000000000e+02	9.42477796076938e+02	3.00000000000000e-02	0.00000000000000e+00	0.00000000000000e+00	4.81727756071878e+02	9.80618109298851e-01
44	89	59	74	5.49720000000000e+02	9.42477796076938e+02	3.00000000000000e-02	0.00000000000000e+00	0.00000000000000e+00	5.28525583980223e+02	1.31059482938545e+00
45	90	60	75	5.80980000000000e+02	9.42477796076938e+02	3.00000000000000e-02	0.00000000000000e+00	0.00000000000000e+00	5.59838268590220e+02	1.23561323079008e+00
46	91	61	76	5.70630000000000e+02	9.42477796076938e+02	3.00000000000000e-02	0.00000000000000e+00	0.00000000000000e+00	5.35636068964206e+02	2.10953529945247e+00
47	92	62	77	5.52510000000000e+02	9.42477796076938e+02	3.00000000000000e-02	0.00000000000000e+00	0.00000000000000e+00	5.27522960665192e+02	1.54263803484369e+00
48	93	63	78	5.92580000000000e+02	9.42477796076938e+02	3.00000000000000e-02	0.00000000000000e+00	0.00000000000000e+00	5.64354657979601e+02	1.62676683057107e+00
49	94	64	79	5.91030000000000e+02	9.42477796076938e+02	3.00000000000000e-02	0.00000000000000e+00	0.00000000000000e+00	5.73174546848419e+02	1.02254959765619e+00
50	95	65	80	6.21460000000000e+02	9.42477796076938e+02	3.00000000000000e-02	0.00000000000000e+00	0.00000000000000e+00	5.97340853587135e+02	1.31945513210268e+00
51	96	66	81	6.33210000000000e+02	9.42477796076938e+02	3.00000000000000e-02	0.00000000000000e+00	0.00000000000000e+00	6.01654425900478e+02	1.70396278508237e+00
52	97	67	82	5.79040000000000e+02	9.42477796076938e+02	3.00000000000000e-02	0.00000000000000e+00	0.00000000000000e+00	5.65806206655886e+02	7.70664376959740e-01
53	98	68	83	5.85160000000000e+02	9.42477796076938e+02	3.00000000000000e-02	0.00000000000000e+00	0.00000000000000e+00	5.68694173071650e+02	9.51416863304052e-01
54	99	69	84	5.83570000000000e+02	9.42477796076938e+02	3.00000000000000e-02	0.00000000000000e+00	0.00000000000000e+00	5.55033659370685e+02	1.67118836110607e+00
55	100	70	85	5.14400000000000e+02	9.42477796076938e+02	3.00000000000000e-02	0.00000000000000e+00	0.00000000000000e+00	5.08088221316369e+02	4.11535880472543e-01
56	101	71	86	5.06820000000000e+02	9.42477796076938e+02	3.00000000000000e-02	0.00000000000000e+00	0.00000000000000e+00	4.92124523973637e+02	9.80804299717697e-01
57	102	72	87	4.84320000000000e+02	9.42477796076938e+02	3.00000000000000e-02	0.00000000000000e+00	0.00000000000000e+00	4.80757174738115e+02	2.46117895454686e-01
58	103	73	88	4.35240000000000e+02	9.42477796076938e+02	3.00000000000000e-02	0.00000000000000e+00	0.00000000000000e+00	4.33708413046834e+02	1.17505137337570e-01
59	104	74	89	3.89580000000000e+02	9.42477796076938e+02	3.00000000000000e-02	0.00000000000000e+00	0.00000000000000e+00	3.86108442646371e+02	2.98365541378735e-01
60	105	75	90	3.50700000000000e+02	9.42477796076938e+02	3.00000000000000e-02	0.00000000000000e+00	0.00000000000000e+00	3.54323780424139e+02	-3.42665731045392e-01
61	106	76	91	3.65750000000000e+02	9.42477796076938e+02	3.00000000000000e-02	0.00000000000000e+00	0.00000000000000e+00	3.67742402298738e+02	-1.81088646841676e-01
62	107	77	92	3.79290000000000e+02	9.42477796076938e+02	3.00000000000000e-02	0.00000000000000e+00	0.00000000000000e+00	3.93141981833128e+02	-1.19565798538760e+00
63	108	78	93	3.77560000000000e+02	9.42477796076938e+02	3.00000000000000e-02	0.00000000000000e+00	0.00000000000000e+00	3.99016540937470e+02	-1.84244585191591e+00
64	109	79	94	3.79530000000000e+02	9.42477796076938e+02	3.00000000000000e-02	0.00000000000000e+00	0.00000000000000e+00	4.05130307619704e+02	-2.17583724904881e+00
65	110	80	95	3.93080000000000e+02	9.42477796076938e+02	3.00000000000000e-02	0.00000000000000e+00	0.00000000000000e+00	4.01219289498140e+02	-6.83166031486711e-01
66	111	81	96	3.93950000000000e+02	9.42477796076938e+02	3.00000000000000e-02	0.00000000000000e+00	0.00000000000000e+00	3.95833311777505e+02	-1.58973169738600e-01
67	112	82	97	4.21990000000000e+02	9.42477796076938e+02	3.00000000000000e-02	0.00000000000000e+00	0.00000000000000e+00	4.32023338408226e+02	-7.83266460173386e-01
68	113	83	98	4.31540000000000e+02	9.42477796076938e+02	3.00000000000000e-02	0.00000000000000e+00	0.00000000000000e+00	4.36575479381480e+02	-3.86702458825254e-01
69	114	84	99	4.70860000000000e+02	9.42477796076938e+02	3.00000000000000e-02	0.00000000000000e+00	0.00000000000000e+00	4.52325226525629e+02	1.33864537029874e+00
70	115	85	100	4.90420000000000e+02	9.42477796076938e+02	3.00000000000000e-02	0.00000000000000e+00	0.00000000000000e+00	4.94063378461483e+02	-2.46721287157096e-01
71	116	86	101	5.19780000000000e+02	9.42477796076938e+02	3.00000000000000e-02	0.00000000000000e+00	0.00000000000000e+00	5.17286071963711e+02	1.60319765616279e-01
72	117	87	102	5.33870000000000e+02	9.42477796076938e+02	3.00000000000000e-02	0.00000000000000e+00	0.00000000000000e+00	5.15954169119416e+02	1.13781405429133e+00
73	118	88	103	5.54990000000000e+02	9.42477796076938e+02	3.00000000000000e-02	0.00000000000000e+00	0.00000000000000e+00	5.39668480795287e+02	9.33168966324160e-01
74	119	89	104	6.15810000000000e+02	9.42477796076938e+02	3.00000000000000e-02	0.00000000000000e+00	0.00000000000000e+00	5.86985841368622e+02	1.59792583953428e+00
75	120	90	105	6.53940000000000e+02	9.42477796076938e+02	3.00000000000000e-02	0.00000000000000e+00	0.00000000000000e+00	6.19969773130449e+02	1.77816267646701e+00
76	121	91	106	6.42570000000000e+02	9.42477796076938e+02	3.00000000000000e-02	0.00000000000000e+00	0.00000000000000e+00	5.92652817514671e+02	2.69556668804993e+00
77	122	92	107	6.02640000000000e+02	9.42477796076938e+02	3.00000000000000e-02	0.00000000000000e+00	0.00000000000000e+00	5.60961086008500e+02	2.38894886014590e+00
78	123	93	108	5.95910000000000e+02	9.42477796076938e+02	3.00000000000000e-02	0.00000000000000e+00	0.00000000000000e+00	5.71790788419059e+02	1.37721596627035e+00
79	124	94	109	5.94040000000000e+02	9.42477796076938e+02	3.00000000000000e-02	0.00000000000000e+00	0.00000000000000e+00	5.75900027178139e+02	1.03375251525521e+00
80	125	95	110	6.19920000000000e+02	9.42477796076938e+02	3.00000000000000e-02	0.00000000000000e+00	0.00000000000000e+00	5.97720625887040e+02	1.21556578196375e+00
81	126	96	111	6.46140000000000e+02	9.42477796076938e+02	3.00000000000000e-02	0.00000000000000e+00	0.00000000000000e+00	5.99619483465412e+02	2.49069795877448e+00
82	127	97	112	5.35080000000000e+02	9.42477796076938e+02	3.00000000000000e-02	0.00000000000000e+00	0.00000000000000e+00	5.28513660900738e+02	4.11587167026154e-01
83	128	98	113	5.31520000000000e+02	9.42477796076938e+02	3.00000000000000e-02	0.00000000000000e+00	0.00000000000000e+00	5.11629970823967e+02	1.27130586343223e+00
84	129	99	114	5.33470000000000e+02	9.42477796076938e+02	3.00000000000000e-02	0.00000000000000e+00	0.00000000000000e+00	5.00166351015451e+02	2.14873638710976e+00
85	130	100	115	4.91450000000000e+02	9.42477796076938e+02	3.00000000000000e-02	0.00000000000000e+00	0.00000000000000e+00	4.70568747717652e+02	1.44727134547781e+00
86	131	101	116	4.57130000000000e+02	9.42477796076938e+02	3.00000000000000e-02	0.00000000000000e+00	0.00000000000000e+00	4.43528739385565e+02	1.00684044555142e+00
87	132	102	117	4.69350000000000e+02	9.42477796076938e+02	3.00000000000000e-02	0.00000000000000e+00	0.00000000000000e+00	4.53725798877614e+02	1.12852368110854e+00
88	133	103	118	4.73810000000000e+02	9.42477796076938e+02	3.00000000000000e-02	0.00000000000000e+00	0.00000000000000e+00	4.49988327651642e+02	1.71949178592620e+00
89	134	104	119	4.56900000000000e+02	9.42477796076938e+02	3.00000000000000e-02	0.00000000000000e+00	0.00000000000000e+00	4.29777540487585e+02	2.03989404851352e+00
90	135	105	120	4.16900000000000e+02	9.42477796076938e+02	3.00000000000000e-02	0.00000000000000e+00	0.00000000000000e+00	4.11841929385516e+02	4.06892523202392e-01
91	136	106	121	4.46920000000000e+02	9.42477796076938e+02	3.00000000000000e-02	0.00000000000000e+00	0.00000000000000e+00	4.31576017201597e+02	1.16453143424051e+00
92	137	107	122	4.52430000000000e+02	9.42477796076938e+02	3.00000000000000e-02	0.00000000000000e+00	0.00000000000000e+00	4.56582246367039e+02	-3.04526535143050e-01
93	138	108	123	5.03800000000000e+02	9.42477796076938e+02	3.00000000000000e-02	0.00000000000000e+00	0.00000000000000e+00	4.77703063331039e+02	1.77300102920424e+00
94	139	109	124	5.10770000000000e+02	9.42477796076938e+02	3.00000000000000e-02	0.00000000000000e+00	0.00000000000000e+00	4.90835028134204e+02	1.32704370917448e+00
96	140	111	126	4.88200000000000e+02	9.42477796076938e+02	3.00000000000000e-02	0.00000000000000e+00	0.00000000000000e+00	4.87158974853804e+02	7.11550357930986e-02
97	142	112	127	5.36720000000000e+02	9.42477796076938e+02	3.00000000000000e-02	0.00000000000000e+00	0.00000000000000e+00	5.28455347505508e+02	5.17274354115867e-01
98	143	113	128	5.17090000000000e+02	9.42477796076938e+02	3.00000000000000e-02	0.00000000000000e+00	0.00000000000000e+00	5.30799936549114e+02	-8.72274744128957e-01
99	141	114	129	5.43370000000000e+02	9.42477796076938e+02	3.00000000000000e-02	0.00000000000000e+00	0.00000000000000e+00	5.25091383427231e+02	1.14060588010233e+00
100	144	115	130	4.97330000000000e+02	9.42477796076938e+02	3.00000000000000e-02	0.00000000000000e+00	0.00000000000000e+00	5.24758292450194e+02	-1.78946571946404e+00
101	145	116	131	5.71350000000000e+02	9.42477796076938e+02	3.00000000000000e-02	0.00000000000000e+00	0.00000000000000e+00	5.34199825087819e+02	2.24106694483946e+00
102	146	117	132	5.36050000000000e+02	9.42477796076938e+02	3.00000000000000e-02	0.00000000000000e+00	0.00000000000000e+00	5.00129652989383e+02	2.31200231717583e+00
103	147	118	133	5.16760000000000e+02	9.42477796076938e+02	3.00000000000000e-02	0.00000000000000e+00	0.00000000000000e+00	4.78419089686865e+02	2.56971483533939e+00
104	148	119	134	5.10250000000000e+02	9.42477796076938e+02	3.00000000000000e-02	0.00000000000000e+00	0.00000000000000e+00	4.77770450140167e+02	2.19234714593538e+00
105	149	120	135	4.89470000000000e+02	9.42477796076938e+02	3.00000000000000e-02	0.00000000000000e+00	0.00000000000000e+00	4.81457031122054e+02	5.50206181022439e-01
106	150	121	136	4.47470000000000e+02	9.42477796076938e+02	3.00000000000000e-02	0.00000000000000e+00	0.00000000000000e+00	4.43538993457057e+02	2.94125878798794e-01
107	151	122	137	4.00680000000000e+02	9.42477796076938e+02	3.00000000000000e-02	0.00000000000000e+00	0.00000000000000e+00	4.08485305504240e+02	-6.43094602388198e-01
108	152	123	138	3.71740000000000e+02	9.42477796076938e+02	3.00000000000000e-02	0.00000000000000e+00	0.00000000000000e+00	3.73075375774094e+02	-1.19526462384704e-01
109	153	124	139	3.43020000000000e+02	9.42477796076938e+02	3.00000000000000e-02	0.00000000000000e+00	0.00000000000000e+00	3.51588989907670e+02	-8.22469885367087e-01
111	155	126	140	3.07510000000000e+02	9.42477796076938e+02	3.00000000000000e-02	0.00000000000000e+00	0.00000000000000e+00	3.10880531025924e+02	-3.63369557420453e-01
112	156	127	142	2.46690000000000e+02	9.42477796076938e+02	3.00000000000000e-02	0.00000000000000e+00	0.00000000000000e+00	2.53479890773047e+02	-9.05066863158558e-01
113	157	128	143	2.17690000000000e+02	9.42477796076938e+02	3.00000000000000e-02	0.00000000000000e+00	0.00000000000000e+00	2.10714701126281e+02	1.08556470831420e+00
114	158	129	141	2.23880000000000e+02	9.42477796076938e+02	3.00000000000000e-02	0.00000000000000e+00	0.00000000000000e+00	2.11987825351336e+02	1.81937828627377e+00
115	159	130	144	2.99740000000000e+02	9.42477796076938e+02	3.00000000000000e-02	0.00000000000000e+00	0.00000000000000e+00	2.17840896728479e+02	1.06383489135060e+01
1	49	17	33	3.75600000000000e+02	1.00530964914873e+03	3.00000000000000e-02	0.00000000000000e+00	0.00000000000000e+00	3.92263137050765e+02	-1.44693784144732e+00
3	50	18	34	3.72790000000000e+02	1.00530964914873e+03	3.00000000000000e-02	0.00000000000000e+00	0.00000000000000e+00	3.81073548377713e+02	-7.32571281364317e-01
4	51	19	35	3.50560000000000e+02	1.00530964914873e+03	3.00000000000000e-02	0.00000000000000e+00	0.00000000000000e+00	3.55969198839213e+02	-5.10411038240743e-01
2	52	20	36	3.51770000000000e+02	1.00530964914873e+03	3.00000000000000e-02	0.00000000000000e+00	0.00000000000000e+00	3.35765901778804e+02	1.55211188994810e+00
5	53	21	37	3.65680000000000e+02	1.00530964914873e+03	3.00000000000000e-02	0.00000000000000e+00	0.00000000000000e+00	3.34675950173794e+02	2.95319610871762e+00
6	54	22	38	3.45640000000000e+02	1.00530964914873e+03	3.00000000000000e-02	0.00000000000000e+00	0.00000000000000e+00	3.24308781844736e+02	2.12338928803361e+00
7	55	23	39	3.92960000000000e+02	1.00530964914873e+03	3.00000000000000e-02	0.00000000000000e+00	0.00000000000000e+00	3.25037166473410e+02	6.32560971158949e+00
8	56	24	40	2.87970000000000e+02	1.00530964914873e+03	3.00000000000000e-02	0.00000000000000e+00	0.00000000000000e+00	3.21053047983886e+02	-3.62500199831854e+00
9	57	25	41	3.64520000000000e+02	1.00530964914873e+03	3.00000000000000e-02	0.00000000000000e+00	0.00000000000000e+00	3.27125500987916e+02	3.60791757636936e+00
10	58	26	42	3.48680000000000e+02	1.00530964914873e+03	3.00000000000000e-02	0.00000000000000e+00	0.00000000000000e+00	3.26685817606079e+02	2.17185631801777e+00
11	59	27	43	3.39760000000000e+02	1.00530964914873e+03	3.00000000000000e-02	0.00000000000000e+00	0.00000000000000e+00	3.24785718814425e+02	1.50246159505256e+00
12	60	28	44	3.46100000000000e+02	1.00530964914873e+03	3.00000000000000e-02	0.00000000000000e+00	0.00000000000000e+00	3.26325766124440e+02	1.96105285449214e+00
13	61	29	45	3.68090000000000e+02	1.00530964914873e+03	3.00000000000000e-02	0.00000000000000e+00	0.00000000000000e+00	3.41048010020667e+02	2.54347380874620e+00
14	62	30	46	3.38130000000000e+02	1.00530964914873e+03	3.00000000000000e-02	0.00000000000000e+00	0.00000000000000e+00	3.31941083127538e+02	6.15764807093407e-01
15	63	31	47	3.10190000000000e+02	1.00530964914873e+03	3.00000000000000e-02	0.00000000000000e+00	0.00000000000000e+00	3.23979975471944e+02	-1.44988989423043e+00
16	64	32	48	3.54330000000000e+02	1.00530964914873e+03	3.00000000000000e-02	0.00000000000000e+00	0.00000000000000e+00	3.56533683803858e+02	-2.06667927412951e-01
17	65	33	49	3.80820000000000e+02	1.00530964914873e+03	3.00000000000000e-02	0.00000000000000e+00	0.00000000000000e+00	3.84605763220056e+02	-3.29733182250506e-01
18	66	34	50	3.79520000000000e+02	1.00530964914873e+03	3.00000000000000e-02	0.00000000000000e+00	0.00000000000000e+00	4.03827425832942e+02	-2.06934421838533e+00
19	67	35	51	4.10180000000000e+02	1.00530964914873e+03	3.00000000000000e-02	0.00000000000000e+00	0.00000000000000e+00	4.22880287314848e+02	-1.01643475114083e+00
20	68	36	52	4.83160000000000e+02	1.00530964914873e+03	3.00000000000000e-02	0.00000000000000e+00	0.00000000000000e+00	4.37620623332376e+02	3.29984944888514e+00
21	69	37	53	4.08980000000000e+02	1.00530964914873e+03	3.00000000000000e-02	0.00000000000000e+00	0.00000000000000e+00	4.13195037118551e+02	-3.41782374532329e-01
22	70	38	54	4.42030000000000e+02	1.00530964914873e+03	3.00000000000000e-02	0.00000000000000e+00	0.00000000000000e+00	4.19405716886508e+02	1.75130011983686e+00
23	71	39	55	4.38560000000000e+02	1.00530964914873e+03	3.00000000000000e-02	0.00000000000000e+00	0.00000000000000e+00	4.25129890533729e+02	1.03672951795183e+00
24	72	40	56	4.60650000000000e+02	1.00530964914873e+03	3.00000000000000e-02	0.00000000000000e+00	0.00000000000000e+00	4.52011564711204e+02	6.31025680191992e-01
25	73	41	57	4.60990000000000e+02	1.00530964914873e+03	3.00000000000000e-02	0.00000000000000e+00	0.00000000000000e+00	4.46409385313807e+02	1.07133051642740e+00
26	74	42	58	4.54280000000000e+02	1.00530964914873e+03	3.00000000000000e-02	0.00000000000000e+00	0.00000000000000e+00	4.23705335202671e+02	2.32251661785519e+00
27	75	43	59	4.23650000000000e+02	1.00530964914873e+03	3.00000000000000e-02	0.00000000000000e+00	0.00000000000000e+00	4.09850761230903e+02	1.10381820689683e+00
28	76	44	60	4.20950000000000e+02	1.00530964914873e+03	3.00000000000000e-02	0.00000000000000e+00	0.00000000000000e+00	4.08625570695344e+02	9.90493337220410e-01
29	77	45	61	4.75730000000000e+02	1.00530964914873e+03	3.00000000000000e-02	0.00000000000000e+00	0.00000000000000e+00	4.41688900075045e+02	2.47482260429563e+00
30	78	46	62	4.45020000000000e+02	1.00530964914873e+03	3.00000000000000e-02	0.00000000000000e+00	0.00000000000000e+00	4.52984390106639e+02	-5.91281366234941e-01
31	79	47	63	4.52440000000000e+02	1.00530964914873e+03	3.00000000000000e-02	0.00000000000000e+00	0.00000000000000e+00	4.54340312713399e+02	-1.39711568407937e-01
32	80	48	64	4.30050000000000e+02	1.00530964914873e+03	3.00000000000000e-02	0.00000000000000e+00	0.00000000000000e+00	4.46382043299943e+02	-1.24245678926587e+00
33	81	49	65	4.64300000000000e+02	1.00530964914873e+03	3.00000000000000e-02	0.00000000000000e+00	0.00000000000000e+00	4.48404210128447e+02	1.16119382156817e+00
34	82	50	66	4.88510000000000e+02	1.00530964914873e+03	3.00000000000000e-02	0.00000000000000e+00	0.00000000000000e+00	4.61128882814001e+02	1.92274553047106e+00
35	83	51	67	4.85040000000000e+02	1.00530964914873e+03	3.00000000000000e-02	0.00000000000000e+00	0.00000000000000e+00	4.63945143079027e+02	1.48216808830884e+00
36	84	52	68	4.68990000000000e+02	1.00530964914873e+03	3.00000000000000e-02	0.00000000000000e+00	0.00000000000000e+00	4.56131571601542e+02	9.26671471567975e-01
37	85	53	69	4.78660000000000e+02	1.00530964914873e+03	3.00000000000000e-02	0.00000000000000e+00	0.00000000000000e+00	4.65870667387616e+02	9.02749181879277e-01
38	86	54	70	4.85540000000000e+02	1.00530964914873e+03	3.00000000000000e-02	0.00000000000000e+00	0.00000000000000e+00	4.77920150297970e+02	5.27266822522628e-01
39	87	55	71	4.90180000000000e+02	1.00530964914873e+03	3.00000000000000e-02	0.00000000000000e+00	0.00000000000000e+00	4.76732608366847e+02	9.27230211302603e-01
40	88	56	72	4.54590000000000e+02	1.00530964914873e+03	3.00000000000000e-02	0.00000000000000e+00	0.00000000000000e+00	4.63719018360221e+02	-6.62763036779316e-01
41	89	57	73	5.13470000000000e+02	1.00530964914873e+03	3.00000000000000e-02	0.00000000000000e+00	0.00000000000000e+00	4.93600758893931e+02	1.31548650048125e+00
42	90	58	74	5.56720000000000e+02	1.00530964914873e+03	3.00000000000000e-02	0.00000000000000e+00	0.00000000000000e+00	5.24050863780674e+02	2.01578908808819e+00
43	91	59	75	5.66950000000000e+02	1.00530964914873e+03	3.00000000000000e-02	0.00000000000000e+00	0.00000000000000e+00	5.50809218520997e+02	9.62753770009606e-01
44	92	60	76	5.74860000000000e+02	1.00530964914873e+03	3.00000000000000e-02	0.00000000000000e+00	0.00000000000000e+00	5.39753369087175e+02	2.10047405250968e+00
45	93	61	77	5.45380000000000e+02	1.00530964914873e+03	3.00000000000000e-02	0.00000000000000e+00	0.00000000000000e+00	5.19286460277416e+02	1.63423739737999e+00
46	94	62	78	5.53830000000000e+02	1.00530964914873e+03	3.00000000000000e-02	0.00000000000000e+00	0.00000000000000e+00	5.45606734790182e+02	4.98644339129051e-01
47	95	63	79	5.82660000000000e+02	1.00530964914873e+03	3.00000000000000e-02	0.00000000000000e+00	0.00000000000000e+00	5.56653080856161e+02	1.52205383456880e+00
48	96	64	80	6.10380000000000e+02	1.00530964914873e+03	3.00000000000000e-02	0.00000000000000e+00	0.00000000000000e+00	5.83148155670580e+02	1.52134778677414e+00
49	97	65	81	6.23930000000000e+02	1.00530964914873e+03	3.00000000000000e-02	0.00000000000000e+00	0.00000000000000e+00	5.78043632775595e+02	2.54629425117721e+00
50	98	66	82	5.93510000000000e+02	1.00530964914873e+03	3.00000000000000e-02	0.00000000000000e+00	0.00000000000000e+00	5.60497458665079e+02	1.90764515517733e+00
51	99	67	83	5.86520000000000e+02	1.00530964914873e+03	3.00000000000000e-02	0.00000000000000e+00	0.00000000000000e+00	5.52087135202185e+02	2.01669602207364e+00
52	100	68	84	5.39730000000000e+02	1.00530964914873e+03	3.00000000000000e-02	0.00000000000000e+00	0.00000000000000e+00	5.33732890173569e+02	3.72450212283522e-01
53	101	69	85	5.24980000000000e+02	1.00530964914873e+03	3.00000000000000e-02	0.00000000000000e+00	0.00000000000000e+00	5.07419663096272e+02	1.13405891867642e+00
54	102	70	86	4.95200000000000e+02	1.00530964914873e+03	3.00000000000000e-02	0.00000000000000e+00	0.00000000000000e+00	4.83384162444872e+02	8.05000549138117e-01
55	103	71	87	4.65500000000000e+02	1.00530964914873e+03	3.00000000000000e-02	0.00000000000000e+00	0.00000000000000e+00	4.65358708943957e+02	1.01190478404808e-02
56	104	72	88	4.63070000000000e+02	1.00530964914873e+03	3.00000000000000e-02	0.00000000000000e+00	0.00000000000000e+00	4.52310823505005e+02	7.83620814704674e-01
57	105	73	89	4.09890000000000e+02	1.00530964914873e+03	3.00000000000000e-02	0.00000000000000e+00	0.00000000000000e+00	4.10173579253822e+02	-2.30534373431309e-02
58	106	74	90	3.76770000000000e+02	1.00530964914873e+03	3.00000000000000e-02	0.00000000000000e+00	0.00000000000000e+00	3.82562297904804e+02	-5.08552954862237e-01
59	107	75	91	3.57770000000000e+02	1.00530964914873e+03	3.00000000000000e-02	0.00000000000000e+00	0.00000000000000e+00	3.65343494146184e+02	-6.98255635384163e-01
60	108	76	92	3.62150000000000e+02	1.00530964914873e+03	3.00000000000000e-02	0.00000000000000e+00	0.00000000000000e+00	3.78156285769357e+02	-1.44163579819384e+00
61	109	77	93	4.02670000000000e+02	1.00530964914873e+03	3.00000000000000e-02	0.00000000000000e+00	0.00000000000000e+00	4.08884111877081e+02	-5.10480097037173e-01
62	110	78	94	3.78140000000000e+02	1.00530964914873e+03	3.00000000000000e-02	0.00000000000000e+00	0.00000000000000e+00	4.01064036693197e+02	-1.96188698796783e+00
63	111	79	95	3.80460000000000e+02	1.00530964914873e+03	3.00000000000000e-02	0.00000000000000e+00	0.00000000000000e+00	4.02668665617788e+02	-1.89110023856397e+00
64	112	80	96	3.87460000000000e+02	1.00530964914873e+03	3.00000000000000e-02	0.00000000000000e+00	0.00000000000000e+00	4.11209576838689e+02	-1.98301287294346e+00
65	113	81	97	4.17760000000000e+02	1.00530964914873e+03	3.00000000000000e-02	0.00000000000000e+00	0.00000000000000e+00	4.28416851725588e+02	-8.39652309224241e-01
66	114	82	98	4.43200000000000e+02	1.00530964914873e+03	3.00000000000000e-02	0.00000000000000e+00	0.00000000000000e+00	4.44462788085587e+02	-9.48399891196772e-02
67	115	83	99	4.44750000000000e+02	1.00530964914873e+03	3.00000000000000e-02	0.00000000000000e+00	0.00000000000000e+00	4.51434295700658e+02	-4.97250374962170e-01
68	116	84	100	4.68160000000000e+02	1.00530964914873e+03	3.00000000000000e-02	0.00000000000000e+00	0.00000000000000e+00	4.79416890139561e+02	-7.92014512614644e-01
69	117	85	101	4.89510000000000e+02	1.00530964914873e+03	3.00000000000000e-02	0.00000000000000e+00	0.00000000000000e+00	4.87244271004621e+02	1.54643675586138e-01
70	118	86	102	4.96830000000000e+02	1.00530964914873e+03	3.00000000000000e-02	0.00000000000000e+00	0.00000000000000e+00	4.89175328292602e+02	5.17564849691077e-01
71	119	87	103	5.17120000000000e+02	1.00530964914873e+03	3.00000000000000e-02	0.00000000000000e+00	0.00000000000000e+00	5.02976838339931e+02	9.24361129701445e-01
72	120	88	104	5.50700000000000e+02	1.00530964914873e+03	3.00000000000000e-02	0.00000000000000e+00	0.00000000000000e+00	5.31499226664684e+02	1.18294844975966e+00
73	121	89	105	6.00660000000000e+02	1.00530964914873e+03	3.00000000000000e-02	0.00000000000000e+00	0.00000000000000e+00	5.64782933812284e+02	2.05291937583203e+00
74	122	90	106	6.09110000000000e+02	1.00530964914873e+03	3.00000000000000e-02	0.00000000000000e+00	0.00000000000000e+00	5.70850308728474e+02	2.16239521428259e+00
75	123	91	107	6.16330000000000e+02	1.00530964914873e+03	3.00000000000000e-02	0.00000000000000e+00	0.00000000000000e+00	5.67788895944947e+02	2.73442822688770e+00
76	124	92	108	5.77850000000000e+02	1.00530964914873e+03	3.00000000000000e-02	0.00000000000000e+00	0.00000000000000e+00	5.36641104291835e+02	2.46615943332745e+00
77	125	93	109	5.54270000000000e+02	1.00530964914873e+03	3.00000000000000e-02	0.00000000000000e+00	0.00000000000000e+00	5.19747248461501e+02	2.14364332953047e+00
78	126	94	110	5.73590000000000e+02	1.00530964914873e+03	3.00000000000000e-02	0.00000000000000e+00	0.00000000000000e+00	5.46589673465223e+02	1.60721581242574e+00
79	127	95	111	5.60750000000000e+02	1.00530964914873e+03	3.00000000000000e-02	0.00000000000000e+00	0.00000000000000e+00	5.35837940195972e+02	1.51478028090854e+00
80	128	96	112	5.62020000000000e+02	1.00530964914873e+03	3.00000000000000e-02	0.00000000000000e+00	0.00000000000000e+00	5.31226354778859e+02	1.87830752841884e+00
81	129	97	113	5.57530000000000e+02	1.00530964914873e+03	3.00000000000000e-02	0.00000000000000e+00	0.00000000000000e+00	5.19434564634803e+02	2.35918230981248e+00
82	130	98	114	5.20230000000000e+02	1.00530964914873e+03	3.00000000000000e-02	0.00000000000000e+00	0.00000000000000e+00	5.09648268706676e+02	6.85006763133285e-01
83	131	99	115	5.36930000000000e+02	1.00530964914873e+03	3.00000000000000e-02	0.00000000000000e+00	0.00000000000000e+00	5.06573310732765e+02	1.93995597107044e+00
84	132	100	116	5.18520000000000e+02	1.00530964914873e+03	3.00000000000000e-02	0.00000000000000e+00	0.00000000000000e+00	4.77117988607361e+02	2.77382612866196e+00
85	133	101	117	4.84390000000000e+02	1.00530964914873e+03	3.00000000000000e-02	0.00000000000000e+00	0.00000000000000e+00	4.70702178281827e+02	9.55493040795859e-01
86	134	102	118	5.07780000000000e+02	1.00530964914873e+03	3.00000000000000e-02	0.00000000000000e+00	0.00000000000000e+00	4.81885929362212e+02	1.74469526474565e+00
87	135	103	119	5.03250000000000e+02	1.00530964914873e+03	3.00000000000000e-02	0.00000000000000e+00	0.00000000000000e+00	4.69726466769078e+02	2.29788416109524e+00
88	136	104	120	5.21320000000000e+02	1.00530964914873e+03	3.00000000000000e-02	0.00000000000000e+00	0.00000000000000e+00	4.49809469886201e+02	4.91799879367457e+00
89	137	105	121	4.52090000000000e+02	1.00530964914873e+03	3.00000000000000e-02	0.00000000000000e+00	0.00000000000000e+00	4.47545787691446e+02	3.36747457048414e-01
90	138	106	122	4.76950000000000e+02	1.00530964914873e+03	3.00000000000000e-02	0.00000000000000e+00	0.00000000000000e+00	4.56119085687247e+02	1.48859117827946e+00
91	139	107	123	4.73940000000000e+02	1.00530964914873e+03	3.00000000000000e-02	0.00000000000000e+00	0.00000000000000e+00	4.72008449327767e+02	1.36128162029969e-01
93	140	109	125	5.22720000000000e+02	1.00530964914873e+03	3.00000000000000e-02	0.00000000000000e+00	0.00000000000000e+00	5.00334415577652e+02	1.45897472810468e+00
94	142	110	126	5.17510000000000e+02	1.00530964914873e+03	3.00000000000000e-02	0.00000000000000e+00	0.00000000000000e+00	4.93292828476441e+02	1.59752927815573e+00
95	143	111	127	5.00530000000000e+02	1.00530964914873e+03	3.00000000000000e-02	0.00000000000000e+00	0.00000000000000e+00	4.96857163023549e+02	2.45498352401056e-01
96	141	112	128	5.36200000000000e+02	1.00530964914873e+03	3.00000000000000e-02	0.00000000000000e+00	0.00000000000000e+00	5.13424941138323e+02	1.44677927402800e+00
97	144	113	129	4.84300000000000e+02	1.00530964914873e+03	3.00000000000000e-02	0.00000000000000e+00	0.00000000000000e+00	5.15612988792760e+02	-2.08839709819717e+00
98	145	114	130	5.45700000000000e+02	1.00530964914873e+03	3.00000000000000e-02	0.00000000000000e+00	0.00000000000000e+00	5.17962038343001e+02	1.73891398901018e+00
99	146	115	131	5.43290000000000e+02	1.00530964914873e+03	3.00000000000000e-02	0.00000000000000e+00	0.00000000000000e+00	5.14360549849293e+02	1.82395896507484e+00
100	147	116	132	5.66270000000000e+02	1.00530964914873e+03	3.00000000000000e-02	0.00000000000000e+00	0.00000000000000e+00	5.28652489316874e+02	2.29132334253016e+00
101	148	117	133	5.56310000000000e+02	1.00530964914873e+03	3.00000000000000e-02	0.00000000000000e+00	0.00000000000000e+00	5.14444009093295e+02	2.60796564477310e+00
102	149	118	134	5.20230000000000e+02	1.00530964914873e+03	3.00000000000000e-02	0.00000000000000e+00	0.00000000000000e+00	4.84017503377513e+02	2.40499838042372e+00
103	150	119	135	4.96790000000000e+02	1.00530964914873e+03	3.00000000000000e-02	0.00000000000000e+00	0.00000000000000e+00	4.81382899697684e+02	1.05014662993591e+00
104	151	120	136	4.77810000000000e+02	1.00530964914873e+03	3.00000000000000e-02	0.00000000000000e+00	0.00000000000000e+00	4.77017724063719e+02	5.53172122496430e-02
105	152	121	137	4.30990000000000e+02	1.00530964914873e+03	3.00000000000000e-02	0.00000000000000e+00	0.00000000000000e+00	4.36940244139907e+02	-4.57051888954367e-01
106	153	122	138	3.98820000000000e+02	1.00530964914873e+03	3.00000000000000e-02	0.00000000000000e+00	0.00000000000000e+00	4.10405662805926e+02	-9.54530157995729e-01
107	154	123	139	3.73510000000000e+02	1.00530964914873e+03	3.00000000000000e-02	0.00000000000000e+00	0.00000000000000e+00	3.75950325695407e+02	-2.17074805795884e-01
109	156	125	140	3.19250000000000e+02	1.00530964914873e+03	3.00000000000000e-02	0.00000000000000e+00	0.00000000000000e+00	3.16477701364630e+02	2.90723654487953e-01
110	157	126	142	2.57480000000000e+02	1.00530964914873e+03	3.00000000000000e-02	0.00000000000000e+00	0.00000000000000e+00	2.75981320827394e+02	-2.31303793602828e+00
111	158	127	143	1.80790000000000e+02	1.00530964914873e+03	3.00000000000000e-02	0.00000000000000e+00	0.00000000000000e+00	2.42753055304526e+02	-9.82361855389143e+00
112	159	128	141	2.70410000000000e+02	1.00530964914873e+03	3.00000000000000e-02	0.00000000000000e+00	0.00000000000000e+00	2.21460092067631e+02	6.65656412444437e+00
1	52	18	35	3.60020000000000e+02	1.06814150222053e+03	3.00000000000000e-02	0.00000000000000e+00	0.00000000000000e+00	3.74199048511364e+02	-1.28760952155608e+00
3	53	19	36	3.57240000000000e+02	1.06814150222053e+03	3.00000000000000e-02	0.00000000000000e+00	0.00000000000000e+00	3.64833528102792e+02	-7.01111244590180e-01
4	54	20	37	3.49620000000000e+02	1.06814150222053e+03	3.00000000000000e-02	0.00000000000000e+00	0.00000000000000e+00	3.44138831415244e+02	5.26723157684768e-01
2	55	21	38	3.46410000000000e+02	1.06814150222053e+03	3.00000000000000e-02	0.00000000000000e+00	0.00000000000000e+00	3.21999267659433e+02	2.43579244798792e+00
5	56	22	39	3.07160000000000e+02	1.06814150222053e+03	3.00000000000000e-02	0.00000000000000e+00	0.00000000000000e+00	3.04286729345620e+02	3.13277964737502e-01
6	57	23	40	3.16830000000000e+02	1.06814150222053e+03	3.00000000000000e-02	0.00000000000000e+00	0.00000000000000e+00	2.94374276273576e+02	2.45044487258239e+00
7	58	24	41	3.69870000000000e+02	1.06814150222053e+03	3.00000000000000e-02	0.00000000000000e+00	0.00000000000000e+00	3.11819663177755e+02	5.69088581608031e+00
8	59	25	42	4.89410000000000e+02	1.06814150222053e+03	3.00000000000000e-02	0.00000000000000e+00	0.00000000000000e+00	3.24006150953438e+02	1.37479361315663e+01
9	60	26	43	4.14380000000000e+02	1.06814150222053e+03	3.00000000000000e-02	0.00000000000000e+00	0.00000000000000e+00	3.35596861007637e+02	7.02909353523911e+00
10	61	27	44	3.39350000000000e+02	1.06814150222053e+03	3.00000000000000e-02	0.00000000000000e+00	0.00000000000000e+00	3.37378902930294e+02	1.94179445198876e-01
11	62	28	45	3.18380000000000e+02	1.06814150222053e+03	3.00000000000000e-02	0.00000000000000e+00	0.00000000000000e+00	3.34851234370876e+02	-1.68135729206854e+00
12	63	29	46	4.10600000000000e+02	1.06814150222053e+03	3.00000000000000e-02	0.00000000000000e+00	0.00000000000000e+00	3.17522564147270e+02	8.56902068656442e+00
13	64	30	47	3.54460000000000e+02	1.06814150222053e+03	3.00000000000000e-02	0.00000000000000e+00	0.00000000000000e+00	3.33072877415293e+02	2.07447291646604e+00
14	65	31	48	3.25800000000000e+02	1.06814150222053e+03	3.00000000000000e-02	0.00000000000000e+00	0.00000000000000e+00	3.38318491571054e+02	-1.25680127999879e+00
15	66	32	49	3.41470000000000e+02	1.06814150222053e+03	3.00000000000000e-02	0.00000000000000e+00	0.00000000000000e+00	3.45173735037071e+02	-3.59601422459536e-01
16	67	33	50	3.53070000000000e+02	1.06814150222053e+03	3.00000000000000e-02	0.00000000000000e+00	0.00000000000000e+00	3.67116813656805e+02	-1.30045843983678e+00
17	68	34	51	4.15360000000000e+02	1.06814150222053e+03	3.00000000000000e-02	0.00000000000000e+00	0.00000000000000e+00	4.08570509940144e+02	5.49370257262064e-01
18	69	35	52	4.12800000000000e+02	1.06814150222053e+03	3.00000000000000e-02	0.00000000000000e+00	0.00000000000000e+00	4.26244949280281e+02	-1.06836550547834e+00
19	70	36	53	4.32580000000000e+02	1.06814150222053e+03	3.00000000000000e-02	0.00000000000000e+00	0.00000000000000e+00	4.24980258339896e+02	5.90818782818955e-01
20	71	37	54	4.44070000000000e+02	1.06814150222053e+03	3.00000000000000e-02	0.00000000000000e+00	0.00000000000000e+00	4.13785732556602e+02	2.35446406754738e+00
21	72	38	55	4.35370000000000e+02	1.06814150222053e+03	3.00000000000000e-02	0.00000000000000e+00	0.00000000000000e+00	4.28557594190798e+02	5.25703547173488e-01
22	73	39	56	4.46330000000000e+02	1.06814150222053e+03	3.00000000000000e-02	0.00000000000000e+00	0.00000000000000e+00	4.43427944256893e+02	2.17442361920176e-01
23	74	40	57	4.75460000000000e+02	1.06814150222053e+03	3.00000000000000e-02	0.00000000000000e+00	0.00000000000000e+00	4.53888830494033e+02	1.54768183889225e+00
24	75	41	58	4.59710000000000e+02	1.06814150222053e+03	3.00000000000000e-02	0.00000000000000e+00	0.00000000000000e+00	4.33890000719894e+02	1.92682694933503e+00
25	76	42	59	4.44070000000000e+02	1.06814150222053e+03	3.00000000000000e-02	0.00000000000000e+00	0.00000000000000e+00	4.23054899269415e+02	1.61600838438207e+00
26	77	43	60	4.59370000000000e+02	1.06814150222053e+03	3.00000000000000e-02	0.00000000000000e+00	0.00000000000000e+00	4.26434950958392e+02	2.47987161744006e+00
27	78	44	61	4.48300000000000e+02	1.06814150222053e+03	3.00000000000000e-02	0.00000000000000e+00	0.00000000000000e+00	4.46631115268166e+02	1.24321424514099e-01
28	79	45	62	4.56400000000000e+02	1.06814150222053e+03	3.00000000000000e-02	0.00000000000000e+00	0.00000000000000e+00	4.51376081071671e+02	3.68958110997486e-01
29	80	46	63	5.02060000000000e+02	1.06814150222053e+03	3.00000000000000e-02	0.00000000000000e+00	0.00000000000000e+00	4.64369046058080e+02	2.60133468271082e+00
30	81	47	64	4.42620000000000e+02	1.06814150222053e+03	3.00000000000000e-02	0.00000000000000e+00	0.00000000000000e+00	4.67949306190148e+02	-1.85494519399381e+00
31	82	48	65	4.72860000000000e+02	1.06814150222053e+03	3.00000000000000e-02	0.00000000000000e+00	0.00000000000000e+00	4.73179405289654e+02	-2.25082450762137e-02
32	83	49	66	4.62090000000000e+02	1.06814150222053e+03	3.00000000000000e-02	0.00000000000000e+00	0.00000000000000e+00	4.82875807764859e+02	-1.46666055015029e+00
33	84	50	67	4.97940000000000e+02	1.06814150222053e+03	3.00000000000000e-02	0.00000000000000e+00	0.00000000000000e+00	4.92124519077259e+02	3.91593860398428e-01
34	85	51	68	5.27370000000000e+02	1.06814150222053e+03	3.00000000000000e-02	0.00000000000000e+00	0.00000000000000e+00	4.82677228674139e+02	2.95180742765370e+00
35	86	52	69	4.96570000000000e+02	1.06814150222053e+03	3.00000000000000e-02	0.00000000000000e+00	0.00000000000000e+00	4.84447290417686e+02	8.23860891695135e-01
36	87	53	70	5.33050000000000e+02	1.06814150222053e+03	3.00000000000000e-02	0.00000000000000e+00	0.00000000000000e+00	5.06041197636594e+02	1.73323813897219e+00
37	88	54	71	5.13910000000000e+02	1.06814150222053e+03	3.00000000000000e-02	0.00000000000000e+00	0.00000000000000e+00	5.11097054267936e+02	1.82955020135781e-01
38	89	55	72	5.31460000000000e+02	1.06814150222053e+03	3.00000000000000e-02	0.00000000000000e+00	0.00000000000000e+00	5.11321473941289e+02	1.28764787774704e+00
39	90	56	73	5.24110000000000e+02	1.06814150222053e+03	3.00000000000000e-02	0.00000000000000e+00	0.00000000000000e+00	5.21727747983224e+02	1.51856323891823e-01
40	91	57	74	5.50780000000000e+02	1.06814150222053e+03	3.00000000000000e-02	0.00000000000000e+00	0.00000000000000e+00	5.29467279077987e+02	1.31546960431047e+00
41	92	58	75	5.70610000000000e+02	1.06814150222053e+03	3.00000000000000e-02	0.00000000000000e+00	0.00000000000000e+00	5.37906930355087e+02	1.96734702485874e+00
42	93	59	76	5.61560000000000e+02	1.06814150222053e+03	3.00000000000000e-02	0.00000000000000e+00	0.00000000000000e+00	5.29639272354198e+02	1.95074894943087e+00
43	94	60	77	5.58160000000000e+02	1.06814150222053e+03	3.00000000000000e-02	0.00000000000000e+00	0.00000000000000e+00	5.26988626869255e+02	1.91555640719147e+00
44	95	61	78	5.65290000000000e+02	1.06814150222053e+03	3.00000000000000e-02	0.00000000000000e+00	0.00000000000000e+00	5.36281260696799e+02	1.75600367512280e+00
45	96	62	79	5.79030000000000e+02	1.06814150222053e+03	3.00000000000000e-02	0.00000000000000e+00	0.00000000000000e+00	5.43904652467991e+02	2.08601098022066e+00
46	97	63	80	5.95470000000000e+02	1.06814150222053e+03	3.00000000000000e-02	0.00000000000000e+00	0.00000000000000e+00	5.53901004817340e+02	2.41216768593405e+00
47	98	64	81	5.99910000000000e+02	1.06814150222053e+03	3.00000000000000e-02	0.00000000000000e+00	0.00000000000000e+00	5.70884366368757e+02	1.65309885182694e+00
48	99	65	82	6.02160000000000e+02	1.06814150222053e+03	3.00000000000000e-02	0.00000000000000e+00	0.00000000000000e+00	5.61444621434443e+02	2.33366825100629e+00
49	100	66	83	5.66670000000000e+02	1.06814150222053e+03	3.00000000000000e-02	0.00000000000000e+00	0.00000000000000e+00	5.33533944098832e+02	2.00848098972104e+00
50	101	67	84	5.29230000000000e+02	1.06814150222053e+03	3.00000000000000e-02	0.00000000000000e+00	0.00000000000000e+00	5.09978363386237e+02	1.23516066302916e+00
51	102	68	85	5.26160000000000e+02	1.06814150222053e+03	3.00000000000000e-02	0.00000000000000e+00	0.00000000000000e+00	5.07374245816521e+02	1.21188200923594e+00
52	103	69	86	5.03720000000000e+02	1.06814150222053e+03	3.00000000000000e-02	0.00000000000000e+00	0.00000000000000e+00	4.93914657553002e+02	6.55260462132586e-01
53	104	70	87	4.66070000000000e+02	1.06814150222053e+03	3.00000000000000e-02	0.00000000000000e+00	0.00000000000000e+00	4.57987280863001e+02	5.83147491658575e-01
54	105	71	88	4.36680000000000e+02	1.06814150222053e+03	3.00000000000000e-02	0.00000000000000e+00	0.00000000000000e+00	4.35336853511126e+02	1.02685137001638e-01
55	106	72	89	4.22730000000000e+02	1.06814150222053e+03	3.00000000000000e-02	0.00000000000000e+00	0.00000000000000e+00	4.25673707948315e+02	-2.31314387537947e-01
56	107	73	90	4.09160000000000e+02	1.06814150222053e+03	3.00000000000000e-02	0.00000000000000e+00	0.00000000000000e+00	4.13555645280880e+02	-3.56193307929894e-01
57	108	74	91	3.89540000000000e+02	1.06814150222053e+03	3.00000000000000e-02	0.00000000000000e+00	0.00000000000000e+00	3.97357095275479e+02	-6.62293497097958e-01
58	109	75	92	3.72150000000000e+02	1.06814150222053e+03	3.00000000000000e-02	0.00000000000000e+00	0.00000000000000e+00	3.86271957333793e+02	-1.24148917521364e+00
59	110	76	93	3.86720000000000e+02	1.06814150222053e+03	3.00000000000000e-02	0.00000000000000e+00	0.00000000000000e+00	3.87469101616915e+02	-6.45063632068066e-02
60	111	77	94	3.74260000000000e+02	1.06814150222053e+03	3.00000000000000e-02	0.00000000000000e+00	0.00000000000000e+00	3.91898199605288e+02	-1.53504560432654e+00
61	112	78	95	4.03880000000000e+02	1.06814150222053e+03	3.00000000000000e-02	0.00000000000000e+00	0.00000000000000e+00	4.14392401663828e+02	-8.56518362924685e-01
62	113	79	96	4.09760000000000e+02	1.06814150222053e+03	3.00000000000000e-02	0.00000000000000e+00	0.00000000000000e+00	4.25599404794597e+02	-1.26423056887687e+00
63	114	80	97	4.26910000000000e+02	1.06814150222053e+03	3.00000000000000e-02	0.00000000000000e+00	0.00000000000000e+00	4.40064111628913e+02	-1.01157354554120e+00
64	115	81	98	4.02100000000000e+02	1.06814150222053e+03	3.00000000000000e-02	0.00000000000000e+00	0.00000000000000e+00	4.33002004156896e+02	-2.46805142088056e+00
65	116	82	99	4.36690000000000e+02	1.06814150222053e+03	3.00000000000000e-02	0.00000000000000e+00	0.00000000000000e+00	4.46594676446867e+02	-7.47595264645244e-01
66	117	83	100	4.58810000000000e+02	1.06814150222053e+03	3.00000000000000e-02	0.00000000000000e+00	0.00000000000000e+00	4.62660822442771e+02	-2.78601323459782e-01
67	118	84	101	4.68610000000000e+02	1.06814150222053e+03	3.00000000000000e-02	0.00000000000000e+00	0.00000000000000e+00	4.68012396864186e+02	4.25360471775290e-02
68	119	85	102	4.77900000000000e+02	1.06814150222053e+03	3.00000000000000e-02	0.00000000000000e+00	0.00000000000000e+00	4.71717546799179e+02	4.34037230676735e-01
69	120	86	103	4.89220000000000e+02	1.06814150222053e+03	3.00000000000000e-02	0.00000000000000e+00	0.00000000000000e+00	4.84484395718143e+02	3.24235407322189e-01
70	121	87	104	5.14920000000000e+02	1.06814150222053e+03	3.00000000000000e-02	0.00000000000000e+00	0.00000000000000e+00	5.01657911433859e+02	8.69770424005682e-01
71	122	88	105	5.36690000000000e+02	1.06814150222053e+03	3.00000000000000e-02	0.00000000000000e+00	0.00000000000000e+00	5.17626049898572e+02	1.20558588209526e+00
72	123	89	106	5.49190000000000e+02	1.06814150222053e+03	3.00000000000000e-02	0.00000000000000e+00	0.00000000000000e+00	5.18225413992572e+02	1.93447185577797e+00
73	124	90	107	5.62200000000000e+02	1.06814150222053e+03	3.00000000000000e-02	0.00000000000000e+00	0.00000000000000e+00	5.27211201966819e+02	2.14188091565409e+00
74	125	91	108	5.71550000000000e+02	1.06814150222053e+03	3.00000000000000e-02	0.00000000000000e+00	0.00000000000000e+00	5.30610980479858e+02	2.47742775078130e+00
75	126	92	109	5.63390000000000e+02	1.06814150222053e+03	3.00000000000000e-02	0.00000000000000e+00	0.00000000000000e+00	5.21049631332064e+02	2.60422690052963e+00
76	127	93	110	5.29720000000000e+02	1.06814150222053e+03	3.00000000000000e-02	0.00000000000000e+00	0.00000000000000e+00	5.00420551593035e+02	1.89665723265211e+00
77	128	94	111	5.39080000000000e+02	1.06814150222053e+03	3.00000000000000e-02	0.00000000000000e+00	0.00000000000000e+00	4.95096874896056e+02	2.83701775398792e+00
78	129	95	112	5.25110000000000e+02	1.06814150222053e+03	3.00000000000000e-02	0.00000000000000e+00	0.00000000000000e+00	5.00368186303028e+02	1.60878548050449e+00
79	130	96	113	5.32980000000000e+02	1.06814150222053e+03	3.00000000000000e-02	0.00000000000000e+00	0.00000000000000e+00	4.98218687497539e+02	2.24815959512924e+00
80	131	97	114	5.29660000000000e+02	1.06814150222053e+03	3.00000000000000e-02	0.00000000000000e+00	0.00000000000000e+00	4.95918081777059e+02	2.19415119598786e+00
81	132	98	115	5.46880000000000e+02	1.06814150222053e+03	3.00000000000000e-02	0.00000000000000e+00	0.00000000000000e+00	5.17407942806872e+02	1.84659263025333e+00
82	133	99	116	5.26370000000000e+02	1.06814150222053e+03	3.00000000000000e-02	0.00000000000000e+00	0.00000000000000e+00	5.05812579835365e+02	1.32793941379369e+00
83	134	100	117	5.43590000000000e+02	1.06814150222053e+03	3.00000000000000e-02	0.00000000000000e+00	0.00000000000000e+00	5.02224675226975e+02	2.63825688162772e+00
84	135	101	118	5.52470000000000e+02	1.06814150222053e+03	3.00000000000000e-02	0.00000000000000e+00	0.00000000000000e+00	5.00751102993698e+02	3.27633186827585e+00
85	136	102	119	5.34940000000000e+02	1.06814150222053e+03	3.00000000000000e-02	0.00000000000000e+00	0.00000000000000e+00	4.97312281170758e+02	2.43121433200072e+00
86	137	103	120	5.26460000000000e+02	1.06814150222053e+03	3.00000000000000e-02	0.00000000000000e+00	0.00000000000000e+00	4.90493791588171e+02	2.35875778886276e+00
87	138	104	121	5.41840000000000e+02	1.06814150222053e+03	3.00000000000000e-02	0.00000000000000e+00	0.00000000000000e+00	4.87356176402190e+02	3.53251769204208e+00
88	139	105	122	4.91870000000000e+02	1.06814150222053e+03	3.00000000000000e-02	0.00000000000000e+00	0.00000000000000e+00	4.74157663488057e+02	1.22248547183510e+00
90	140	107	124	4.98190000000000e+02	1.06814150222053e+03	3.00000000000000e-02	0.00000000000000e+00	0.00000000000000e+00	4.84129032624158e+02	9.54335428314786e-01
91	142	108	125	5.18830000000000e+02	1.06814150222053e+03	3.00000000000000e-02	0.00000000000000e+00	0.00000000000000e+00	4.91259231474859e+02	1.82014405696478e+00
92	143	109	126	4.94330000000000e+02	1.06814150222053e+03	3.00000000000000e-02	0.00000000000000e+00	0.00000000000000e+00	4.96420827542950e+02	-1.40689975636684e-01
93	141	110	127	5.33360000000000e+02	1.06814150222053e+03	3.00000000000000e-02	0.00000000000000e+00	0.00000000000000e+00	5.02899238917421e+02	1.96022628401806e+00
94	144	111	128	4.99360000000000e+02	1.06814150222053e+03	3.00000000000000e-02	0.00000000000000e+00	0.00000000000000e+00	4.88047235869743e+02	7.63836084619711e-01
95	145	112	129	5.33620000000000e+02	1.06814150222053e+03	3.00000000000000e-02	0.00000000000000e+00	0.00000000000000e+00	4.99280905844038e+02	2.21717000778560e+00
96	146	113	130	5.37600000000000e+02	1.06814150222053e+03	3.00000000000000e-02	0.00000000000000e+00	0.00000000000000e+00	5.08481273271126e+02	1.85621339301845e+00
97	147	114	131	5.55480000000000e+02	1.06814150222053e+03	3.00000000000000e-02	0.00000000000000e+00	0.00000000000000e+00	5.29650236830099e+02	1.58719155480824e+00
98	148	115	132	5.52810000000000e+02	1.06814150222053e+03	3.00000000000000e-02	0.00000000000000e+00	0.00000000000000e+00	5.21844368996611e+02	1.92149874235191e+00
99	149	116	133	5.55100000000000e+02	1.06814150222053e+03	3.00000000000000e-02	0.00000000000000e+00	0.00000000000000e+00	5.27897330707490e+02	1.67488207717419e+00
100	150	117	134	5.38870000000000e+02	1.06814150222053e+03	3.00000000000000e-02	0.00000000000000e+00	0.00000000000000e+00	5.14593765742062e+02	1.53655231416945e+00
101	151	118	135	4.88450000000000e+02	1.06814150222053e+03	3.00000000000000e-02	0.00000000000000e+00	0.00000000000000e+00	4.89000541095517e+02	-3.75494636702574e-02
102	152	119	136	4.85090000000000e+02	1.06814150222053e+03	3.00000000000000e-02	0.00000000000000e+00	0.00000000000000e+00	4.67608690685430e+02	1.22342085270886e+00
103	153	120	137	4.61180000000000e+02	1.06814150222053e+03	3.00000000000000e-02	0.00000000000000e+00	0.00000000000000e+00	4.58228792658745e+02	2.13993854945501e-01
104	154	121	138	4.38150000000000e+02	1.06814150222053e+03	3.00000000000000e-02	0.00000000000000e+00	0.00000000000000e+00	4.27748407040380e+02	8.00870959334047e-01
105	155	122	139	3.54360000000000e+02	1.06814150222053e+03	3.00000000000000e-02	0.00000000000000e+00	0.00000000000000e+00	4.07849824574902e+02	-4.68618946936855e+00
107	157	124	140	2.70570000000000e+02	1.06814150222053e+03	3.00000000000000e-02	0.00000000000000e+00	0.00000000000000e+00	3.15652017654976e+02	-5.13698506704658e+00
108	158	125	142	2.63500000000000e+02	1.06814150222053e+03	3.00000000000000e-02	0.00000000000000e+00	0.00000000000000e+00	2.93271419047881e+02	-3.56817190387796e+00
109	159	126	143	2.86910000000000e+02	1.06814150222053e+03	3.00000000000000e-02	0.00000000000000e+00	0.00000000000000e+00	2.79141212818742e+02	9.15026160624954e-01
1	55	19	37	3.66450000000000e+02	1.13097335529233e+03	3.00000000000000e-02	0.00000000000000e+00	0.00000000000000e+00	3.62977663747118e+02	3.17359545909627e-01
3	56	20	38	3.21620000000000e+02	1.13097335529233e+03	3.00000000000000e-02	0.00000000000000e+00	0.00000000000000e+00	3.38058813231859e+02	-1.66163865216055e+00
4	57	21	39	3.22970000000000e+02	1.13097335529233e+03	3.00000000000000e-02	0.00000000000000e+00	0.00000000000000e+00	3.10299964270112e+02	1.33399944480293e+00
2	58	22	40	3.22280000000000e+02	1.13097335529233e+03	3.00000000000000e-02	0.00000000000000e+00	0.00000000000000e+00	2.89792887127472e+02	3.54180824657403e+00
5	59	23	41	3.12930000000000e+02	1.13097335529233e+03	3.00000000000000e-02	0.00000000000000e+00	0.00000000000000e+00	2.87488066013826e+02	2.82660578324189e+00
6	60	24	42	3.56740000000000e+02	1.13097335529233e+03	3.00000000000000e-02	0.00000000000000e+00	0.00000000000000e+00	3.01530552259752e+02	5.60452933006710e+00
7	61	25	43	2.87790000000000e+02	1.13097335529233e+03	3.00000000000000e-02	0.00000000000000e+00	0.00000000000000e+00	3.19197653866047e+02	-3.45264893356549e+00
8	62	26	44	3.33640000000000e+02	1.13097335529233e+03	3.00000000000000e-02	0.00000000000000e+00	0.00000000000000e+00	3.31746383150789e+02	1.89726551808089e-01
9	63	27	45	3.79490000000000e+02	1.13097335529233e+03	3.00000000000000e-02	0.00000000000000e+00	0.00000000000000e+00	3.45243165361754e+02	3.15264167114950e+00
10	64	28	46	3.49730000000000e+02	1.13097335529233e+03	3.00000000000000e-02	0.00000000000000e+00	0.00000000000000e+00	3.40279638590495e+02	9.13122739841447e-01
11	65	29	47	3.02400000000000e+02	1.13097335529233e+03	3.00000000000000e-02	0.00000000000000e+00	0.00000000000000e+00	3.36178995131465e+02	-3.52976991388442e+00
12	66	30	48	3.34060000000000e+02	1.13097335529233e+03	3.00000000000000e-02	0.00000000000000e+00	0.00000000000000e+00	3.26800447430331e+02	7.32362848367707e-01
13	67	31	49	3.42300000000000e+02	1.13097335529233e+03	3.00000000000000e-02	0.00000000000000e+00	0.00000000000000e+00	3.27761190343119e+02	1.44674268506219e+00
14	68	32	50	3.46660000000000e+02	1.13097335529233e+03	3.00000000000000e-02	0.00000000000000e+00	0.00000000000000e+00	3.48741278876549e+02	-1.99528450138065e-01
15	69	33	51	3.53190000000000e+02	1.13097335529233e+03	3.00000000000000e-02	0.00000000000000e+00	0.00000000000000e+00	3.67870446876964e+02	-1.35748912992663e+00
16	70	34	52	3.81300000000000e+02	1.13097335529233e+03	3.00000000000000e-02	0.00000000000000e+00	0.00000000000000e+00	3.94195026929964e+02	-1.10864373914052e+00
17	71	35	53	4.41310000000000e+02	1.13097335529233e+03	3.00000000000000e-02	0.00000000000000e+00	0.00000000000000e+00	4.15712837550665e+02	1.99176162638270e+00
18	72	36	54	4.36710000000000e+02	1.13097335529233e+03	3.00000000000000e-02	0.00000000000000e+00	0.00000000000000e+00	4.25401714829178e+02	8.74514179615253e-01
19	73	37	55	4.18560000000000e+02	1.13097335529233e+03	3.00000000000000e-02	0.00000000000000e+00	0.00000000000000e+00	4.08061636264229e+02	8.46733885311964e-01
20	74	38	56	4.59730000000000e+02	1.13097335529233e+03	3.00000000000000e-02	0.00000000000000e+00	0.00000000000000e+00	4.30389503250750e+02	2.19829134809120e+00
21	75	39	57	4.48780000000000e+02	1.13097335529233e+03	3.00000000000000e-02	0.00000000000000e+00	0.00000000000000e+00	4.37328558133784e+02	8.61600935358424e-01
22	76	40	58	4.67280000000000e+02	1.13097335529233e+03	3.00000000000000e-02	0.00000000000000e+00	0.00000000000000e+00	4.46875710953648e+02	1.48827151132738e+00
23	77	41	59	4.66360000000000e+02	1.13097335529233e+03	3.00000000000000e-02	0.00000000000000e+00	0.00000000000000e+00	4.47122295926601e+02	1.40419060647377e+00
24	78	42	60	4.64110000000000e+02	1.13097335529233e+03	3.00000000000000e-02	0.00000000000000e+00	0.00000000000000e+00	4.33555475333374e+02	2.27006114272562e+00
25	79	43	61	4.65970000000000e+02	1.13097335529233e+03	3.00000000000000e-02	0.00000000000000e+00	0.00000000000000e+00	4.55689197771694e+02	7.43675369146324e-01
26	80	44	62	4.54930000000000e+02	1.13097335529233e+03	3.00000000000000e-02	0.00000000000000e+00	0.00000000000000e+00	4.59116615312535e+02	-3.05356023064955e-01
27	81	45	63	4.60580000000000e+02	1.13097335529233e+03	3.00000000000000e-02	0.00000000000000e+00	0.00000000000000e+00	4.64595837123003e+02	-2.89376511500213e-01
28	82	46	64	4.97880000000000e+02	1.13097335529233e+03	3.00000000000000e-02	0.00000000000000e+00	0.00000000000000e+00	4.84202394922470e+02	9.28536449932959e-01
29	83	47	65	5.05860000000000e+02	1.13097335529233e+03	3.00000000000000e-02	0.00000000000000e+00	0.00000000000000e+00	4.89113244712350e+02	1.12219680734776e+00
30	84	48	66	4.58130000000000e+02	1.13097335529233e+03	3.00000000000000e-02	0.00000000000000e+00	0.00000000000000e+00	4.97718487814260e+02	-2.76272150146086e+00
31	85	49	67	5.14080000000000e+02	1.13097335529233e+03	3.00000000000000e-02	0.00000000000000e+00	0.00000000000000e+00	5.15790629824474e+02	-1.10734387286341e-01
32	86	50	68	5.01340000000000e+02	1.13097335529233e+03	3.00000000000000e-02	0.00000000000000e+00	0.00000000000000e+00	5.13312481028324e+02	-7.86675697183329e-01
33	87	51	69	5.52820000000000e+02	1.13097335529233e+03	3.00000000000000e-02	0.00000000000000e+00	0.00000000000000e+00	5.15483692850985e+02	2.33089273157153e+00
34	88	52	70	5.42450000000000e+02	1.13097335529233e+03	3.00000000000000e-02	0.00000000000000e+00	0.00000000000000e+00	5.31270362461362e+02	6.94162214178284e-01
35	89	53	71	5.81110000000000e+02	1.13097335529233e+03	3.00000000000000e-02	0.00000000000000e+00	0.00000000000000e+00	5.39261882118266e+02	2.49129160407667e+00
36	90	54	72	5.62120000000000e+02	1.13097335529233e+03	3.00000000000000e-02	0.00000000000000e+00	0.00000000000000e+00	5.36592184929189e+02	1.54923254666747e+00
37	91	55	73	5.78470000000000e+02	1.13097335529233e+03	3.00000000000000e-02	0.00000000000000e+00	0.00000000000000e+00	5.60721202057194e+02	1.03876236902485e+00
38	92	56	74	5.80260000000000e+02	1.13097335529233e+03	3.00000000000000e-02	0.00000000000000e+00	0.00000000000000e+00	5.50578125981761e+02	1.75024715468769e+00
39	93	57	75	5.63350000000000e+02	1.13097335529233e+03	3.00000000000000e-02	0.00000000000000e+00	0.00000000000000e+00	5.45819697602163e+02	1.05374691910468e+00
40	94	58	76	5.64600000000000e+02	1.13097335529233e+03	3.00000000000000e-02	0.00000000000000e+00	0.00000000000000e+00	5.30513322234674e+02	2.07574818266541e+00
41	95	59	77	5.47120000000000e+02	1.13097335529233e+03	3.00000000000000e-02	0.00000000000000e+00	0.00000000000000e+00	5.19725285151201e+02	1.71225941996548e+00
42	96	60	78	5.86860000000000e+02	1.13097335529233e+03	3.00000000000000e-02	0.00000000000000e+00	0.00000000000000e+00	5.40943529517508e+02	2.71571329334378e+00
43	97	61	79	5.54650000000000e+02	1.13097335529233e+03	3.00000000000000e-02	0.00000000000000e+00	0.00000000000000e+00	5.28522053191375e+02	1.60842506173680e+00
44	98	62	80	5.88780000000000e+02	1.13097335529233e+03	3.00000000000000e-02	0.00000000000000e+00	0.00000000000000e+00	5.56486528614560e+02	1.88032121217239e+00
45	99	63	81	6.09440000000000e+02	1.13097335529233e+03	3.00000000000000e-02	0.00000000000000e+00	0.00000000000000e+00	5.65168654633399e+02	2.51387707837708e+00
46	100	64	82	5.57890000000000e+02	1.13097335529233e+03	3.00000000000000e-02	0.00000000000000e+00	0.00000000000000e+00	5.31153045298963e+02	1.63705365717866e+00
47	101	65	83	5.39770000000000e+02	1.13097335529233e+03	3.00000000000000e-02	0.00000000000000e+00	0.00000000000000e+00	5.23108724279898e+02	1.04512648760323e+00
48	102	66	84	5.39660000000000e+02	1.13097335529233e+03	3.00000000000000e-02	0.00000000000000e+00	0.00000000000000e+00	5.17133976564127e+02	1.42124428004890e+00
49	103	67	85	5.29440000000000e+02	1.13097335529233e+03	3.00000000000000e-02	0.00000000000000e+00	0.00000000000000e+00	4.96978516434180e+02	2.10910151671830e+00
50	104	68	86	4.97050000000000e+02	1.13097335529233e+03	3.00000000000000e-02	0.00000000000000e+00	0.00000000000000e+00	4.84026990201836e+02	8.84998487216659e-01
51	105	69	87	5.03910000000000e+02	1.13097335529233e+03	3.00000000000000e-02	0.00000000000000e+00	0.00000000000000e+00	4.64071521728173e+02	2.74529995646085e+00
52	106	70	88	4.46080000000000e+02	1.13097335529233e+03	3.00000000000000e-02	0.00000000000000e+00	0.00000000000000e+00	4.42076560878747e+02	3.00507546551169e-01
53	107	71	89	4.30270000000000e+02	1.13097335529233e+03	3.00000000000000e-02	0.00000000000000e+00	0.00000000000000e+00	4.30833311952280e+02	-4.36116491340677e-02
54	108	72	90	4.27830000000000e+02	1.13097335529233e+03	3.00000000000000e-02	0.00000000000000e+00	0.00000000000000e+00	4.31529933520913e+02	-2.87031951621763e-01
55	109	73	91	3.95030000000000e+02	1.13097335529233e+03	3.00000000000000e-02	0.00000000000000e+00	0.00000000000000e+00	4.10852913831867e+02	-1.30911883904957e+00
56	110	74	92	4.00610000000000e+02	1.13097335529233e+03	3.00000000000000e-02	0.00000000000000e+00	0.00000000000000e+00	4.00703155534402e+02	-7.75023964756372e-03
57	111	75	93	3.81690000000000e+02	1.13097335529233e+03	3.00000000000000e-02	0.00000000000000e+00	0.00000000000000e+00	3.88319727196038e+02	-5.74009287724368e-01
58	112	76	94	3.89590000000000e+02	1.13097335529233e+03	3.00000000000000e-02	0.00000000000000e+00	0.00000000000000e+00	4.00921654675472e+02	-9.55704308547952e-01
59	113	77	95	4.15820000000000e+02	1.13097335529233e+03	3.00000000000000e-02	0.00000000000000e+00	0.00000000000000e+00	4.22423246972360e+02	-5.25176400278138e-01
60	114	78	96	4.07020000000000e+02	1.13097335529233e+03	3.00000000000000e-02	0.00000000000000e+00	0.00000000000000e+00	4.24292366137671e+02	-1.38534786998964e+00
61	115	79	97	4.36220000000000e+02	1.13097335529233e+03	3.00000000000000e-02	0.00000000000000e+00	0.00000000000000e+00	4.44688997030671e+02	-6.40948383758833e-01
62	116	80	98	4.42200000000000e+02	1.13097335529233e+03	3.00000000000000e-02	0.00000000000000e+00	0.00000000000000e+00	4.37535165207022e+02	3.53506274657800e-01
63	117	81	99	4.13500000000000e+02	1.13097335529233e+03	3.00000000000000e-02	0.00000000000000e+00	0.00000000000000e+00	4.24432177741146e+02	-8.69823625771993e-01
64	118	82	100	4.18730000000000e+02	1.13097335529233e+03	3.00000000000000e-02	0.00000000000000e+00	0.00000000000000e+00	4.43245673792932e+02	-1.89659546352035e+00
65	119	83	101	4.65740000000000e+02	1.13097335529233e+03	3.00000000000000e-02	0.00000000000000e+00	0.00000000000000e+00	4.57224347006667e+02	6.15111852725410e-01
66	120	84	102	4.79840000000000e+02	1.13097335529233e+03	3.00000000000000e-02	0.00000000000000e+00	0.00000000000000e+00	4.66181961926181e+02	9.62556028487279e-01
67	121	85	103	4.72180000000000e+02	1.13097335529233e+03	3.00000000000000e-02	0.00000000000000e+00	0.00000000000000e+00	4.66262330364225e+02	4.20395079677712e-01
68	122	86	104	4.75650000000000e+02	1.13097335529233e+03	3.00000000000000e-02	0.00000000000000e+00	0.00000000000000e+00	4.73827732738212e+02	1.27948901897668e-01
69	123	87	105	5.09590000000000e+02	1.13097335529233e+03	3.00000000000000e-02	0.00000000000000e+00	0.00000000000000e+00	4.86703295787208e+02	1.53172641044484e+00
70	124	88	106	5.11180000000000e+02	1.13097335529233e+03	3.00000000000000e-02	0.00000000000000e+00	0.00000000000000e+00	4.94010273054122e+02	1.13884886798301e+00
71	125	89	107	5.16090000000000e+02	1.13097335529233e+03	3.00000000000000e-02	0.00000000000000e+00	0.00000000000000e+00	4.90673420351965e+02	1.68341313489326e+00
72	126	90	108	5.16540000000000e+02	1.13097335529233e+03	3.00000000000000e-02	0.00000000000000e+00	0.00000000000000e+00	4.83494766114028e+02	2.20374133533333e+00
73	127	91	109	5.09190000000000e+02	1.13097335529233e+03	3.00000000000000e-02	0.00000000000000e+00	0.00000000000000e+00	4.84613302678735e+02	1.64899896641476e+00
74	128	92	110	5.26530000000000e+02	1.13097335529233e+03	3.00000000000000e-02	0.00000000000000e+00	0.00000000000000e+00	4.90897065812095e+02	2.33579487072300e+00
75	129	93	111	5.37990000000000e+02	1.13097335529233e+03	3.00000000000000e-02	0.00000000000000e+00	0.00000000000000e+00	5.09508764138583e+02	1.81309728879944e+00
76	130	94	112	5.38530000000000e+02	1.13097335529233e+03	3.00000000000000e-02	0.00000000000000e+00	0.00000000000000e+00	4.89407004458022e+02	3.18829140357784e+00
77	131	95	113	5.06580000000000e+02	1.13097335529233e+03	3.00000000000000e-02	0.00000000000000e+00	0.00000000000000e+00	4.68356543789756e+02	2.61508021147800e+00
78	132	96	114	5.12700000000000e+02	1.13097335529233e+03	3.00000000000000e-02	0.00000000000000e+00	0.00000000000000e+00	4.78560384757685e+02	2.29694933059526e+00
79	133	97	115	5.04170000000000e+02	1.13097335529233e+03	3.00000000000000e-02	0.00000000000000e+00	0.00000000000000e+00	4.78179836018887e+02	1.76422083560448e+00
80	134	98	116	5.43620000000000e+02	1.13097335529233e+03	3.00000000000000e-02	0.00000000000000e+00	0.00000000000000e+00	5.06865287335990e+02	2.33350701750987e+00
81	135	99	117	5.89330000000000e+02	1.13097335529233e+03	3.00000000000000e-02	0.00000000000000e+00	0.00000000000000e+00	5.35525108926912e+02	3.19128402879739e+00
82	136	100	118	5.51180000000000e+02	1.13097335529233e+03	3.00000000000000e-02	0.00000000000000e+00	0.00000000000000e+00	5.25117359668644e+02	1.61465515783776e+00
83	137	101	119	5.60190000000000e+02	1.13097335529233e+03	3.00000000000000e-02	0.00000000000000e+00	0.00000000000000e+00	5.16841108042119e+02	2.68468397229883e+00
84	138	102	120	5.81020000000000e+02	1.13097335529233e+03	3.00000000000000e-02	0.00000000000000e+00	0.00000000000000e+00	5.13877131333619e+02	4.09336622952680e+00
85	139	103	121	5.62210000000000e+02	1.13097335529233e+03	3.00000000000000e-02	0.00000000000000e+00	0.00000000000000e+00	5.20787933748596e+02	2.55108412126962e+00
87	140	105	123	5.16640000000000e+02	1.13097335529233e+03	3.00000000000000e-02	0.00000000000000e+00	0.00000000000000e+00	4.92520417391155e+02	1.59367968751128e+00
88	142	106	124	5.26350000000000e+02	1.13097335529233e+03	3.00000000000000e-02	0.00000000000000e+00	0.00000000000000e+00	4.88837081982793e+02	2.46457074712788e+00
89	143	107	125	5.00290000000000e+02	1.13097335529233e+03	3.00000000000000e-02	0.00000000000000e+00	0.00000000000000e+00	4.90722797266593e+02	6.43617653539004e-01
90	141	108	126	5.30400000000000e+02	1.13097335529233e+03	3.00000000000000e-02	0.00000000000000e+00	0.00000000000000e+00	4.96991841180861e+02	2.16859430149533e+00
91	144	109	127	5.07490000000000e+02	1.13097335529233e+03	3.00000000000000e-02	0.00000000000000e+00	0.00000000000000e+00	5.06910675753992e+02	3.80733387925917e-02
92	145	110	128	5.38220000000000e+02	1.13097335529233e+03	3.00000000000000e-02	0.00000000000000e+00	0.00000000000000e+00	5.01442303416848e+02	2.35929485826203e+00
93	146	111	129	5.14590000000000e+02	1.13097335529233e+03	3.00000000000000e-02	0.00000000000000e+00	0.00000000000000e+00	4.83536832303226e+02	2.07476588670271e+00
94	147	112	130	5.39200000000000e+02	1.13097335529233e+03	3.00000000000000e-02	0.00000000000000e+00	0.00000000000000e+00	4.98890074174461e+02	2.59002601166752e+00
95	148	113	131	5.64110000000000e+02	1.13097335529233e+03	3.00000000000000e-02	0.00000000000000e+00	0.00000000000000e+00	5.20172621698690e+02	2.70295155498624e+00
96	149	114	132	5.53880000000000e+02	1.13097335529233e+03	3.00000000000000e-02	0.00000000000000e+00	0.00000000000000e+00	5.30998373797157e+02	1.40630326927198e+00
97	150	115	133	5.69000000000000e+02	1.13097335529233e+03	3.00000000000000e-02	0.00000000000000e+00	0.00000000000000e+00	5.41156737288210e+02	1.67238265056001e+00
98	151	116	134	5.12970000000000e+02	1.13097335529233e+03	3.00000000000000e-02	0.00000000000000e+00	0.00000000000000e+00	5.28551815070706e+02	-9.97449277897851e-01
99	152	117	135	5.05070000000000e+02	1.13097335529233e+03	3.00000000000000e-02	0.00000000000000e+00	0.00000000000000e+00	4.89906479480357e+02	1.01608396150527e+00
100	153	118	136	4.86820000000000e+02	1.13097335529233e+03	3.00000000000000e-02	0.00000000000000e+00	0.00000000000000e+00	4.72003077366422e+02	1.03029798317846e+00
101	154	119	137	4.80000000000000e+02	1.13097335529233e+03	3.00000000000000e-02	0.00000000000000e+00	0.00000000000000e+00	4.58511809607994e+02	1.52666851619608e+00
102	155	120	138	4.82270000000000e+02	1.13097335529233e+03	3.00000000000000e-02	0.00000000000000e+00	0.00000000000000e+00	4.45910125508387e+02	2.61289012635384e+00
103	156	121	139	4.28340000000000e+02	1.13097335529233e+03	3.00000000000000e-02	0.00000000000000e+00	0.00000000000000e+00	3.99959288700136e+02	2.28515030212867e+00
105	158	123	140	3.03590000000000e+02	1.13097335529233e+03	3.00000000000000e-02	0.00000000000000e+00	0.00000000000000e+00	3.41476866740362e+02	-3.92006098894786e+00
106	159	124	142	3.19800000000000e+02	1.13097335529233e+03	3.00000000000000e-02	0.00000000000000e+00	0.00000000000000e+00	3.27333498874047e+02	-7.76124167052276e-01
1	58	20	39	3.88980000000000e+02	1.19380520836412e+03	3.00000000000000e-02	0.00000000000000e+00	0.00000000000000e+00	3.26126168984706e+02	5.87478668320826e+00
3	59	21	40	3.27110000000000e+02	1.19380520836412e+03	3.00000000000000e-02	0.00000000000000e+00	0.00000000000000e+00	3.12687605285780e+02	1.50306266022711e+00
4	60	22	41	3.33470000000000e+02	1.19380520836412e+03	3.00000000000000e-02	0.00000000000000e+00	0.00000000000000e+00	2.94822246087468e+02	4.10600957308264e+00
2	61	23	42	2.73300000000000e+02	1.19380520836412e+03	3.00000000000000e-02	0.00000000000000e+00	0.00000000000000e+00	2.83402749097283e+02	-1.20996448964501e+00
5	62	24	43	2.74690000000000e+02	1.19380520836412e+03	3.00000000000000e-02	0.00000000000000e+00	0.00000000000000e+00	2.93234912154486e+02	-2.17769488889588e+00
6	63	25	44	3.27710000000000e+02	1.19380520836412e+03	3.00000000000000e-02	0.00000000000000e+00	0.00000000000000e+00	3.10005080152415e+02	1.85134620071388e+00
7	64	26	45	4.60160000000000e+02	1.19380520836412e+03	3.00000000000000e-02	0.00000000000000e+00	0.00000000000000e+00	3.28936086190962e+02	1.11903596698762e+01
8	65	27	46	3.26390000000000e+02	1.19380520836412e+03	3.00000000000000e-02	0.00000000000000e+00	0.00000000000000e+00	3.35518394945574e+02	-9.19459933159228e-01
9	66	28	47	3.98730000000000e+02	1.19380520836412e+03	3.00000000000000e-02	0.00000000000000e+00	0.00000000000000e+00	3.53643587157705e+02	3.99983020286279e+00
10	67	29	48	3.37570000000000e+02	1.19380520836412e+03	3.00000000000000e-02	0.00000000000000e+00	0.00000000000000e+00	3.53253832662941e+02	-1.51379916699638e+00
11	68	30	49	3.40220000000000e+02	1.19380520836412e+03	3.00000000000000e-02	0.00000000000000e+00	0.00000000000000e+00	3.34842387650985e+02	5.31084356430404e-01
12	69	31	50	3.13810000000000e+02	1.19380520836412e+03	3.00000000000000e-02	0.00000000000000e+00	0.00000000000000e+00	3.16934057318103e+02	-3.30200797889783e-01
13	70	32	51	3.53820000000000e+02	1.19380520836412e+03	3.00000000000000e-02	0.00000000000000e+00	0.00000000000000e+00	3.43620588457930e+02	9.75006702761731e-01
14	71	33	52	3.72640000000000e+02	1.19380520836412e+03	3.00000000000000e-02	0.00000000000000e+00	0.00000000000000e+00	3.70012986355564e+02	2.35823428513597e-01
15	72	34	53	3.74580000000000e+02	1.19380520836412e+03	3.00000000000000e-02	0.00000000000000e+00	0.00000000000000e+00	3.85247864456307e+02	-9.36051087198120e-01
16	73	35	54	4.06410000000000e+02	1.19380520836412e+03	3.00000000000000e-02	0.00000000000000e+00	0.00000000000000e+00	3.99011643041217e+02	6.12396841406919e-01
17	74	36	55	4.53650000000000e+02	1.19380520836412e+03	3.00000000000000e-02	0.00000000000000e+00	0.00000000000000e+00	4.09517042555336e+02	3.41158184089227e+00
18	75	37	56	4.24090000000000e+02	1.19380520836412e+03	3.00000000000000e-02	0.00000000000000e+00	0.00000000000000e+00	4.06864602501686e+02	1.38217462496962e+00
19	76	38	57	4.53790000000000e+02	1.19380520836412e+03	3.00000000000000e-02	0.00000000000000e+00	0.00000000000000e+00	4.29178588959314e+02	1.85871374601267e+00
20	77	39	58	4.57830000000000e+02	1.19380520836412e+03	3.00000000000000e-02	0.00000000000000e+00	0.00000000000000e+00	4.39406232684537e+02	1.36911972621023e+00
21	78	40	59	4.59620000000000e+02	1.19380520836412e+03	3.00000000000000e-02	0.00000000000000e+00	0.00000000000000e+00	4.44579433008734e+02	1.10904400693925e+00
22	79	41	60	4.69490000000000e+02	1.19380520836412e+03	3.00000000000000e-02	0.00000000000000e+00	0.00000000000000e+00	4.44319487075802e+02	1.83677100039382e+00
23	80	42	61	4.78470000000000e+02	1.19380520836412e+03	3.00000000000000e-02	0.00000000000000e+00	0.00000000000000e+00	4.62418013723495e+02	1.13747464629765e+00
24	81	43	62	4.64710000000000e+02	1.19380520836412e+03	3.00000000000000e-02	0.00000000000000e+00	0.00000000000000e+00	4.66181096400620e+02	-1.05354079973363e-01
25	82	44	63	4.78630000000000e+02	1.19380520836412e+03	3.00000000000000e-02	0.00000000000000e+00	0.00000000000000e+00	4.78682581300916e+02	-3.66172986033438e-03
26	83	45	64	5.79160000000000e+02	1.19380520836412e+03	3.00000000000000e-02	0.00000000000000e+00	0.00000000000000e+00	4.90752927839856e+02	5.52126595742598e+00
27	84	46	65	4.93670000000000e+02	1.19380520836412e+03	3.00000000000000e-02	0.00000000000000e+00	0.00000000000000e+00	5.05039626585717e+02	-7.58987230402693e-01
28	85	47	66	5.05660000000000e+02	1.19380520836412e+03	3.00000000000000e-02	0.00000000000000e+00	0.00000000000000e+00	5.13617777810457e+02	-5.20495307191264e-01
29	86	48	67	5.57420000000000e+02	1.19380520836412e+03	3.00000000000000e-02	0.00000000000000e+00	0.00000000000000e+00	5.21974860998269e+02	2.18998558546097e+00
30	87	49	68	5.00070000000000e+02	1.19380520836412e+03	3.00000000000000e-02	0.00000000000000e+00	0.00000000000000e+00	5.31545441442600e+02	-2.03468673679016e+00
31	88	50	69	5.31390000000000e+02	1.19380520836412e+03	3.00000000000000e-02	0.00000000000000e+00	0.00000000000000e+00	5.49483768732970e+02	-1.11610067424150e+00
32	89	51	70	5.61710000000000e+02	1.19380520836412e+03	3.00000000000000e-02	0.00000000000000e+00	0.00000000000000e+00	5.66660303686908e+02	-2.92477001589742e-01
33	90	52	71	5.82650000000000e+02	1.19380520836412e+03	3.00000000000000e-02	0.00000000000000e+00	0.00000000000000e+00	5.63302236517060e+02	1.12567822476419e+00
34	91	53	72	6.02890000000000e+02	1.19380520836412e+03	3.00000000000000e-02	0.00000000000000e+00	0.00000000000000e+00	5.61084222693886e+02	2.39545783419045e+00
35	92	54	73	5.99190000000000e+02	1.19380520836412e+03	3.00000000000000e-02	0.00000000000000e+00	0.00000000000000e+00	5.73331055124667e+02	1.47051452111544e+00
36	93	55	74	6.14450000000000e+02	1.19380520836412e+03	3.00000000000000e-02	0.00000000000000e+00	0.00000000000000e+00	5.81301579750025e+02	1.84859554704205e+00
37	94	56	75	5.72650000000000e+02	1.19380520836412e+03	3.00000000000000e-02	0.00000000000000e+00	0.00000000000000e+00	5.73546587031485e+02	-5.21485420853137e-02
38	95	57	76	5.76040000000000e+02	1.19380520836412e+03	3.00000000000000e-02	0.00000000000000e+00	0.00000000000000e+00	5.41292341620554e+02	2.07391990500655e+00
39	96	58	77	5.57420000000000e+02	1.19380520836412e+03	3.00000000000000e-02	0.00000000000000e+00	0.00000000000000e+00	5.26512218105192e+02	1.90148192324007e+00
40	97	59	78	5.66390000000000e+02	1.19380520836412e+03	3.00000000000000e-02	0.00000000000000e+00	0.00000000000000e+00	5.34432160015162e+02	1.93593622585393e+00
41	98	60	79	5.83210000000000e+02	1.19380520836412e+03	3.00000000000000e-02	0.00000000000000e+00	0.00000000000000e+00	5.46187549270357e+02	2.18616379094403e+00
42	99	61	80	5.87760000000000e+02	1.19380520836412e+03	3.00000000000000e-02	0.00000000000000e+00	0.00000000000000e+00	5.52671021169081e+02	2.05185917467974e+00
43	100	62	81	5.53730000000000e+02	1.19380520836412e+03	3.00000000000000e-02	0.00000000000000e+00	0.00000000000000e+00	5.46868418578658e+02	4.15632696172352e-01
44	101	63	82	5.40820000000000e+02	1.19380520836412e+03	3.00000000000000e-02	0.00000000000000e+00	0.00000000000000e+00	5.27970483849960e+02	8.01537531635610e-01
45	102	64	83	5.46560000000000e+02	1.19380520836412e+03	3.00000000000000e-02	0.00000000000000e+00	0.00000000000000e+00	5.21125521951336e+02	1.58843844580045e+00
46	103	65	84	5.38540000000000e+02	1.19380520836412e+03	3.00000000000000e-02	0.00000000000000e+00	0.00000000000000e+00	5.07424512837624e+02	1.98379391902828e+00
47	104	66	85	4.99590000000000e+02	1.19380520836412e+03	3.00000000000000e-02	0.00000000000000e+00	0.00000000000000e+00	4.91316863671173e+02	5.56616628751557e-01
48	105	67	86	5.02520000000000e+02	1.19380520836412e+03	3.00000000000000e-02	0.00000000000000e+00	0.00000000000000e+00	4.75732610862704e+02	1.82598285419860e+00
49	106	68	87	4.94260000000000e+02	1.19380520836412e+03	3.00000000000000e-02	0.00000000000000e+00	0.00000000000000e+00	4.70100503814142e+02	1.67050615917838e+00
50	107	69	88	4.84910000000000e+02	1.19380520836412e+03	3.00000000000000e-02	0.00000000000000e+00	0.00000000000000e+00	4.59255294234515e+02	1.81190182258589e+00
51	108	70	89	4.51770000000000e+02	1.19380520836412e+03	3.00000000000000e-02	0.00000000000000e+00	0.00000000000000e+00	4.39038902369418e+02	9.52839191405097e-01
52	109	71	90	4.24190000000000e+02	1.19380520836412e+03	3.00000000000000e-02	0.00000000000000e+00	0.00000000000000e+00	4.34682276411578e+02	-8.14463236557620e-01
53	110	72	91	4.22650000000000e+02	1.19380520836412e+03	3.00000000000000e-02	0.00000000000000e+00	0.00000000000000e+00	4.24336707723922e+02	-1.32761623312276e-01
54	111	73	92	3.91540000000000e+02	1.19380520836412e+03	3.00000000000000e-02	0.00000000000000e+00	0.00000000000000e+00	4.05780488880949e+02	-1.19082214196311e+00
55	112	74	93	3.95820000000000e+02	1.19380520836412e+03	3.00000000000000e-02	0.00000000000000e+00	0.00000000000000e+00	4.03907378177306e+02	-6.74200909213922e-01
56	113	75	94	3.96580000000000e+02	1.19380520836412e+03	3.00000000000000e-02	0.00000000000000e+00	0.00000000000000e+00	4.07495540663409e+02	-9.05073443103444e-01
57	114	76	95	4.25690000000000e+02	1.19380520836412e+03	3.00000000000000e-02	0.00000000000000e+00	0.00000000000000e+00	4.28632925299544e+02	-2.29650627648711e-01
58	115	77	96	4.20690000000000e+02	1.19380520836412e+03	3.00000000000000e-02	0.00000000000000e+00	0.00000000000000e+00	4.37467062938572e+02	-1.30350659483763e+00
59	116	78	97	4.21670000000000e+02	1.19380520836412e+03	3.00000000000000e-02	0.00000000000000e+00	0.00000000000000e+00	4.41325881637164e+02	-1.51868485259188e+00
60	117	79	98	4.09250000000000e+02	1.19380520836412e+03	3.00000000000000e-02	0.00000000000000e+00	0.00000000000000e+00	4.21962191920534e+02	-1.01965003885800e+00
61	118	80	99	4.18140000000000e+02	1.19380520836412e+03	3.00000000000000e-02	0.00000000000000e+00	0.00000000000000e+00	4.15485164783401e+02	2.12313183760523e-01
62	119	81	100	4.53670000000000e+02	1.19380520836412e+03	3.00000000000000e-02	0.00000000000000e+00	0.00000000000000e+00	4.31066854383869e+02	1.70356229468235e+00
63	120	82	101	4.37350000000000e+02	1.19380520836412e+03	3.00000000000000e-02	0.00000000000000e+00	0.00000000000000e+00	4.51984710883735e+02	-1.09715213052703e+00
64	121	83	102	4.28360000000000e+02	1.19380520836412e+03	3.00000000000000e-02	0.00000000000000e+00	0.00000000000000e+00	4.45103412052596e+02	-1.27808927570069e+00
65	122	84	103	4.70640000000000e+02	1.19380520836412e+03	3.00000000000000e-02	0.00000000000000e+00	0.00000000000000e+00	4.47346230333263e+02	1.69202037529879e+00
66	123	85	104	4.62790000000000e+02	1.19380520836412e+03	3.00000000000000e-02	0.00000000000000e+00	0.00000000000000e+00	4.59815951529686e+02	2.14902781027130e-01
67	124	86	105	4.77410000000000e+02	1.19380520836412e+03	3.00000000000000e-02	0.00000000000000e+00	0.00000000000000e+00	4.71608414840197e+02	4.07554960128801e-01
68	125	87	106	4.76260000000000e+02	1.19380520836412e+03	3.00000000000000e-02	0.00000000000000e+00	0.00000000000000e+00	4.62620456040773e+02	9.68565168659818e-01
69	126	88	107	4.95850000000000e+02	1.19380520836412e+03	3.00000000000000e-02	0.00000000000000e+00	0.00000000000000e+00	4.58581164327904e+02	2.60453880557181e+00
70	127	89	108	4.66230000000000e+02	1.19380520836412e+03	3.00000000000000e-02	0.00000000000000e+00	0.00000000000000e+00	4.56466139314360e+02	7.05485062316195e-01
71	128	90	109	4.74640000000000e+02	1.19380520836412e+03	3.00000000000000e-02	0.00000000000000e+00	0.00000000000000e+00	4.53319389849558e+02	1.53198966820748e+00
72	129	91	110	4.95980000000000e+02	1.19380520836412e+03	3.00000000000000e-02	0.00000000000000e+00	0.00000000000000e+00	4.72690940083133e+02	1.60312773434326e+00
73	130	92	111	5.23970000000000e+02	1.19380520836412e+03	3.00000000000000e-02	0.00000000000000e+00	0.00000000000000e+00	4.92051546564291e+02	2.09503167765671e+00
74	131	93	112	5.21180000000000e+02	1.19380520836412e+03	3.00000000000000e-02	0.00000000000000e+00	0.00000000000000e+00	4.85036908029704e+02	2.39568281521976e+00
75	132	94	113	5.33550000000000e+02	1.19380520836412e+03	3.00000000000000e-02	0.00000000000000e+00	0.00000000000000e+00	4.86455975642852e+02	3.08021271764701e+00
76	133	95	114	5.01080000000000e+02	1.19380520836412e+03	3.00000000000000e-02	0.00000000000000e+00	0.00000000000000e+00	4.66904869554870e+02	2.35467458359411e+00
77	134	96	115	5.15640000000000e+02	1.19380520836412e+03	3.00000000000000e-02	0.00000000000000e+00	0.00000000000000e+00	4.69432566182838e+02	3.12947294152535e+00
78	135	97	116	5.23640000000000e+02	1.19380520836412e+03	3.00000000000000e-02	0.00000000000000e+00	0.00000000000000e+00	4.77686433464199e+02	3.06166350057996e+00
79	136	98	117	5.47200000000000e+02	1.19380520836412e+03	3.00000000000000e-02	0.00000000000000e+00	0.00000000000000e+00	5.11688213270656e+02	2.23662950716973e+00
80	137	99	118	5.95470000000000e+02	1.19380520836412e+03	3.00000000000000e-02	0.00000000000000e+00	0.00000000000000e+00	5.49667207011851e+02	2.66793309200060e+00
81	138	100	119	6.06350000000000e+02	1.19380520836412e+03	3.00000000000000e-02	0.00000000000000e+00	0.00000000000000e+00	5.40916589400449e+02	3.80640962334831e+00
82	139	101	120	5.52080000000000e+02	1.19380520836412e+03	3.00000000000000e-02	0.00000000000000e+00	0.00000000000000e+00	5.24922576929863e+02	1.68140613701366e+00
84	140	103	122	6.08950000000000e+02	1.19380520836412e+03	3.00000000000000e-02	0.00000000000000e+00	0.00000000000000e+00	5.34315931925700e+02	4.35829552329864e+00
85	142	104	123	5.62500000000000e+02	1.19380520836412e+03	3.00000000000000e-02	0.00000000000000e+00	0.00000000000000e+00	5.18443539538055e+02	2.71866680869660e+00
86	143	105	124	5.20510000000000e+02	1.19380520836412e+03	3.00000000000000e-02	0.00000000000000e+00	0.00000000000000e+00	4.98393600014351e+02	1.44729912794134e+00
87	141	106	125	5.35020000000000e+02	1.19380520836412e+03	3.00000000000000e-02	0.00000000000000e+00	0.00000000000000e+00	5.00867102756526e+02	2.19877758125717e+00
88	144	107	126	5.23860000000000e+02	1.19380520836412e+03	3.00000000000000e-02	0.00000000000000e+00	0.00000000000000e+00	5.04197255605081e+02	1.27523004599442e+00
89	145	108	127	5.60920000000000e+02	1.19380520836412e+03	3.00000000000000e-02	0.00000000000000e+00	0.00000000000000e+00	5.20097077873387e+02	2.51876034963336e+00
90	146	109	128	5.63780000000000e+02	1.19380520836412e+03	3.00000000000000e-02	0.00000000000000e+00	0.00000000000000e+00	5.21119743983326e+02	2.62280847441441e+00
91	147	110	129	5.39050000000000e+02	1.19380520836412e+03	3.00000000000000e-02	0.00000000000000e+00	0.00000000000000e+00	4.99824162245205e+02	2.51839899749529e+00
92	148	111	130	5.09930000000000e+02	1.19380520836412e+03	3.00000000000000e-02	0.00000000000000e+00	0.00000000000000e+00	4.91300818301017e+02	1.24056188798993e+00
93	149	112	131	5.46030000000000e+02	1.19380520836412e+03	3.00000000000000e-02	0.00000000000000e+00	0.00000000000000e+00	5.13534755367132e+02	2.04520696422229e+00
94	150	113	132	5.88950000000000e+02	1.19380520836412e+03	3.00000000000000e-02	0.00000000000000e+00	0.00000000000000e+00	5.26418359089870e+02	3.74150114371267e+00
95	151	114	133	5.69460000000000e+02	1.19380520836412e+03	3.00000000000000e-02	0.00000000000000e+00	0.00000000000000e+00	5.38876474775174e+02	1.84007245133892e+00
96	152	115	134	5.46800000000000e+02	1.19380520836412e+03	3.00000000000000e-02	0.00000000000000e+00	0.00000000000000e+00	5.19305038007873e+02	1.71972175033801e+00
97	153	116	135	5.37050000000000e+02	1.19380520836412e+03	3.00000000000000e-02	0.00000000000000e+00	0.00000000000000e+00	5.21709526536599e+02	9.66007653924687e-01
98	154	117	136	5.01490000000000e+02	1.19380520836412e+03	3.00000000000000e-02	0.00000000000000e+00	0.00000000000000e+00	4.80306572505985e+02	1.43863580927907e+00
99	155	118	137	4.81790000000000e+02	1.19380520836412e+03	3.00000000000000e-02	0.00000000000000e+00	0.00000000000000e+00	4.43736879025009e+02	2.74255208356798e+00
100	156	119	138	4.70760000000000e+02	1.19380520836412e+03	3.00000000000000e-02	0.00000000000000e+00	0.00000000000000e+00	4.27706218605198e+02	3.19706184131876e+00
101	157	120	139	3.74940000000000e+02	1.19380520836412e+03	3.00000000000000e-02	0.00000000000000e+00	0.00000000000000e+00	3.88259234138288e+02	-1.16357441925527e+00
103	159	122	140	3.64990000000000e+02	1.19380520836412e+03	3.00000000000000e-02	0.00000000000000e+00	0.00000000000000e+00	3.51873384718906e+02	1.21995158534594e+00
1	61	21	41	3.24200000000000e+02	1.25663706143592e+03	3.00000000000000e-02	0.00000000000000e+00	0.00000000000000e+00	3.06447202394982e+02	1.87717094954841e+00
3	62	22	42	2.84440000000000e+02	1.25663706143592e+03	3.00000000000000e-02	0.00000000000000e+00	0.00000000000000e+00	2.99879416185841e+02	-1.76193709305741e+00
4	63	23	43	2.96760000000000e+02	1.25663706143592e+03	3.00000000000000e-02	0.00000000000000e+00	0.00000000000000e+00	2.88724562703967e+02	9.15018929919587e-01
2	64	24	44	3.44400000000000e+02	1.25663706143592e+03	3.00000000000000e-02	0.00000000000000e+00	0.00000000000000e+00	2.92894740037243e+02	5.39968257005154e+00
5	65	25	45	3.18820000000000e+02	1.25663706143592e+03	3.00000000000000e-02	0.00000000000000e+00	0.00000000000000e+00	3.04441156671271e+02	1.53829524909552e+00
6	66	26	46	3.11700000000000e+02	1.25663706143592e+03	3.00000000000000e-02	0.00000000000000e+00	0.00000000000000e+00	3.11075313442367e+02	6.68712833942505e-02
7	67	27	47	3.48810000000000e+02	1.25663706143592e+03	3.00000000000000e-02	0.00000000000000e+00	0.00000000000000e+00	3.38275201317029e+02	1.02225306902618e+00
8	68	28	48	3.47460000000000e+02	1.25663706143592e+03	3.00000000000000e-02	0.00000000000000e+00	0.00000000000000e+00	3.59147862068359e+02	-1.10282084277407e+00
9	69	29	49	4.59700000000000e+02	1.25663706143592e+03	3.00000000000000e-02	0.00000000000000e+00	0.00000000000000e+00	3.57225063458570e+02	8.40693632713420e+00
10	70	30	50	3.38070000000000e+02	1.25663706143592e+03	3.00000000000000e-02	0.00000000000000e+00	0.00000000000000e+00	3.36854562728854e+02	1.20056734453922e-01
11	71	31	51	3.20650000000000e+02	1.25663706143592e+03	3.00000000000000e-02	0.00000000000000e+00	0.00000000000000e+00	3.26050331553696e+02	-5.56719170791187e-01
12	72	32	52	3.34000000000000e+02	1.25663706143592e+03	3.00000000000000e-02	0.00000000000000e+00	0.00000000000000e+00	3.37466992893370e+02	-3.44223790626922e-01
13	73	33	53	4.05710000000000e+02	1.25663706143592e+03	3.00000000000000e-02	0.00000000000000e+00	0.00000000000000e+00	3.56589014609755e+02	4.30182398756722e+00
14	74	34	54	3.84270000000000e+02	1.25663706143592e+03	3.00000000000000e-02	0.00000000000000e+00	0.00000000000000e+00	3.75639927342277e+02	7.57146199952619e-01
15	75	35	55	3.88610000000000e+02	1.25663706143592e+03	3.00000000000000e-02	0.00000000000000e+00	0.00000000000000e+00	3.79918695415119e+02	7.53966654008279e-01
16	76	36	56	4.27030000000000e+02	1.25663706143592e+03	3.00000000000000e-02	0.00000000000000e+00	0.00000000000000e+00	4.07641194885676e+02	1.54889683959928e+00
17	77	37	57	4.53530000000000e+02	1.25663706143592e+03	3.00000000000000e-02	0.00000000000000e+00	0.00000000000000e+00	4.19245216781186e+02	2.62018092894539e+00
18	78	38	58	4.48150000000000e+02	1.25663706143592e+03	3.00000000000000e-02	0.00000000000000e+00	0.00000000000000e+00	4.21854387175164e+02	2.01559324665025e+00
19	79	39	59	4.46240000000000e+02	1.25663706143592e+03	3.00000000000000e-02	0.00000000000000e+00	0.00000000000000e+00	4.25380395672963e+02	1.59577022098934e+00
20	80	40	60	4.70630000000000e+02	1.25663706143592e+03	3.00000000000000e-02	0.00000000000000e+00	0.00000000000000e+00	4.36928889936722e+02	2.47672546899708e+00
21	81	41	61	4.75290000000000e+02	1.25663706143592e+03	3.00000000000000e-02	0.00000000000000e+00	0.00000000000000e+00	4.61164561049294e+02	1.00567331185445e+00
22	82	42	62	4.76240000000000e+02	1.25663706143592e+03	3.00000000000000e-02	0.00000000000000e+00	0.00000000000000e+00	4.73841520106613e+02	1.68300294090162e-01
23	83	43	63	4.95580000000000e+02	1.25663706143592e+03	3.00000000000000e-02	0.00000000000000e+00	0.00000000000000e+00	4.89404372706917e+02	4.17990267155410e-01
24	84	44	64	5.08930000000000e+02	1.25663706143592e+03	3.00000000000000e-02	0.00000000000000e+00	0.00000000000000e+00	5.01206666772992e+02	5.09731932655288e-01
25	85	45	65	5.08580000000000e+02	1.25663706143592e+03	3.00000000000000e-02	0.00000000000000e+00	0.00000000000000e+00	5.12186255397279e+02	-2.35527012635680e-01
26	86	46	66	6.40690000000000e+02	1.25663706143592e+03	3.00000000000000e-02	0.00000000000000e+00	0.00000000000000e+00	5.32416572806408e+02	6.17065020236668e+00
27	87	47	67	5.27240000000000e+02	1.25663706143592e+03	3.00000000000000e-02	0.00000000000000e+00	0.00000000000000e+00	5.41740689316634e+02	-9.04386703821943e-01
28	88	48	68	5.19230000000000e+02	1.25663706143592e+03	3.00000000000000e-02	0.00000000000000e+00	0.00000000000000e+00	5.39622177654129e+02	-1.28407595803317e+00
29	89	49	69	6.38060000000000e+02	1.25663706143592e+03	3.00000000000000e-02	0.00000000000000e+00	0.00000000000000e+00	5.60769504480248e+02	4.30407890566110e+00
30	90	50	70	5.56350000000000e+02	1.25663706143592e+03	3.00000000000000e-02	0.00000000000000e+00	0.00000000000000e+00	5.89419007667930e+02	-1.92465754539975e+00
31	91	51	71	5.94930000000000e+02	1.25663706143592e+03	3.00000000000000e-02	0.00000000000000e+00	0.00000000000000e+00	5.92396045691318e+02	1.42278141992650e-01
32	92	52	72	5.70320000000000e+02	1.25663706143592e+03	3.00000000000000e-02	0.00000000000000e+00	0.00000000000000e+00	5.79637464686275e+02	-5.40174680445382e-01
33	93	53	73	6.44070000000000e+02	1.25663706143592e+03	3.00000000000000e-02	0.00000000000000e+00	0.00000000000000e+00	5.97006499975271e+02	2.52931382618267e+00
34	94	54	74	6.20880000000000e+02	1.25663706143592e+03	3.00000000000000e-02	0.00000000000000e+00	0.00000000000000e+00	6.02600118486625e+02	9.96133440801265e-01
35	95	55	75	6.27900000000000e+02	1.25663706143592e+03	3.00000000000000e-02	0.00000000000000e+00	0.00000000000000e+00	5.99171338965820e+02	1.56111064091900e+00
36	96	56	76	6.34950000000000e+02	1.25663706143592e+03	3.00000000000000e-02	0.00000000000000e+00	0.00000000000000e+00	5.64891516203724e+02	3.89708498811077e+00
37	97	57	77	5.63900000000000e+02	1.25663706143592e+03	3.00000000000000e-02	0.00000000000000e+00	0.00000000000000e+00	5.36794945132867e+02	1.64202539558455e+00
38	98	58	78	5.89410000000000e+02	1.25663706143592e+03	3.00000000000000e-02	0.00000000000000e+00	0.00000000000000e+00	5.50510399112240e+02	2.27587300926899e+00
39	99	59	79	5.72680000000000e+02	1.25663706143592e+03	3.00000000000000e-02	0.00000000000000e+00	0.00000000000000e+00	5.55196280672983e+02	1.03351287993367e+00
40	100	60	80	5.81380000000000e+02	1.25663706143592e+03	3.00000000000000e-02	0.00000000000000e+00	0.00000000000000e+00	5.58014774747323e+02	1.36730492452391e+00
41	101	61	81	5.52990000000000e+02	1.25663706143592e+03	3.00000000000000e-02	0.00000000000000e+00	0.00000000000000e+00	5.42408543195361e+02	6.44014364837897e-01
42	102	62	82	5.22830000000000e+02	1.25663706143592e+03	3.00000000000000e-02	0.00000000000000e+00	0.00000000000000e+00	5.30496953002038e+02	-4.85261699300625e-01
43	103	63	83	5.38180000000000e+02	1.25663706143592e+03	3.00000000000000e-02	0.00000000000000e+00	0.00000000000000e+00	5.21407247458062e+02	1.05538917655048e+00
44	104	64	84	5.31340000000000e+02	1.25663706143592e+03	3.00000000000000e-02	0.00000000000000e+00	0.00000000000000e+00	5.05382320390572e+02	1.66956349106915e+00
45	105	65	85	5.15970000000000e+02	1.25663706143592e+03	3.00000000000000e-02	0.00000000000000e+00	0.00000000000000e+00	4.87541501143562e+02	1.88910689637041e+00
46	106	66	86	5.05510000000000e+02	1.25663706143592e+03	3.00000000000000e-02	0.00000000000000e+00	0.00000000000000e+00	4.74391042511381e+02	2.11786182915482e+00
47	107	67	87	4.82960000000000e+02	1.25663706143592e+03	3.00000000000000e-02	0.00000000000000e+00	0.00000000000000e+00	4.70288044214524e+02	8.86282249172599e-01
48	108	68	88	4.84240000000000e+02	1.25663706143592e+03	3.00000000000000e-02	0.00000000000000e+00	0.00000000000000e+00	4.72573622823443e+02	8.12903376275287e-01
49	109	69	89	4.94120000000000e+02	1.25663706143592e+03	3.00000000000000e-02	0.00000000000000e+00	0.00000000000000e+00	4.55737336108751e+02	2.69539254737667e+00
50	110	70	90	4.40710000000000e+02	1.25663706143592e+03	3.00000000000000e-02	0.00000000000000e+00	0.00000000000000e+00	4.29670959924298e+02	8.45578549220516e-01
51	111	71	91	4.16350000000000e+02	1.25663706143592e+03	3.00000000000000e-02	0.00000000000000e+00	0.00000000000000e+00	4.19146083136734e+02	-2.23108452713561e-01
52	112	72	92	4.20900000000000e+02	1.25663706143592e+03	3.00000000000000e-02	0.00000000000000e+00	0.00000000000000e+00	4.33193501254271e+02	-9.59641250544685e-01
53	113	73	93	4.13500000000000e+02	1.25663706143592e+03	3.00000000000000e-02	0.00000000000000e+00	0.00000000000000e+00	4.24872147088385e+02	-9.04359294062177e-01
54	114	74	94	4.14140000000000e+02	1.25663706143592e+03	3.00000000000000e-02	0.00000000000000e+00	0.00000000000000e+00	4.19205882717621e+02	-4.05269506564032e-01
55	115	75	95	4.08510000000000e+02	1.25663706143592e+03	3.00000000000000e-02	0.00000000000000e+00	0.00000000000000e+00	4.15502882112420e+02	-5.65771898627935e-01
56	116	76	96	4.25280000000000e+02	1.25663706143592e+03	3.00000000000000e-02	0.00000000000000e+00	0.00000000000000e+00	4.31881228344116e+02	-5.13428017640708e-01
57	117	77	97	4.32860000000000e+02	1.25663706143592e+03	3.00000000000000e-02	0.00000000000000e+00	0.00000000000000e+00	4.43324386700397e+02	-7.96246729421135e-01
58	118	78	98	4.05440000000000e+02	1.25663706143592e+03	3.00000000000000e-02	0.00000000000000e+00	0.00000000000000e+00	4.19319590983952e+02	-1.12201596747085e+00
59	119	79	99	4.02850000000000e+02	1.25663706143592e+03	3.00000000000000e-02	0.00000000000000e+00	0.00000000000000e+00	4.14462367774334e+02	-9.47263226127060e-01
60	120	80	100	3.97190000000000e+02	1.25663706143592e+03	3.00000000000000e-02	0.00000000000000e+00	0.00000000000000e+00	4.25413911425452e+02	-2.28826161994705e+00
61	121	81	101	4.36860000000000e+02	1.25663706143592e+03	3.00000000000000e-02	0.00000000000000e+00	0.00000000000000e+00	4.29040104614984e+02	6.02079304166618e-01
62	122	82	102	4.13650000000000e+02	1.25663706143592e+03	3.00000000000000e-02	0.00000000000000e+00	0.00000000000000e+00	4.32267699922281e+02	-1.46749554780682e+00
63	123	83	103	4.27960000000000e+02	1.25663706143592e+03	3.00000000000000e-02	0.00000000000000e+00	0.00000000000000e+00	4.32829034037292e+02	-3.77102540049989e-01
64	124	84	104	4.05550000000000e+02	1.25663706143592e+03	3.00000000000000e-02	0.00000000000000e+00	0.00000000000000e+00	4.43136098784545e+02	-2.95442576929208e+00
65	125	85	105	4.63460000000000e+02	1.25663706143592e+03	3.00000000000000e-02	0.00000000000000e+00	0.00000000000000e+00	4.50774888002246e+02	9.25066872777869e-01
66	126	86	106	4.53820000000000e+02	1.25663706143592e+03	3.00000000000000e-02	0.00000000000000e+00	0.00000000000000e+00	4.45519340014276e+02	6.15332858524672e-01
67	127	87	107	4.37160000000000e+02	1.25663706143592e+03	3.00000000000000e-02	0.00000000000000e+00	0.00000000000000e+00	4.30294803820551e+02	5.27623225005591e-01
68	128	88	108	4.48580000000000e+02	1.25663706143592e+03	3.00000000000000e-02	0.00000000000000e+00	0.00000000000000e+00	4.25687633051062e+02	1.74604054624912e+00
69	129	89	109	4.48360000000000e+02	1.25663706143592e+03	3.00000000000000e-02	0.00000000000000e+00	0.00000000000000e+00	4.43686907713779e+02	3.49244342390313e-01
70	130	90	110	4.75290000000000e+02	1.25663706143592e+03	3.00000000000000e-02	0.00000000000000e+00	0.00000000000000e+00	4.68118241148835e+02	5.06807600704562e-01
71	131	91	111	4.89560000000000e+02	1.25663706143592e+03	3.00000000000000e-02	0.00000000000000e+00	0.00000000000000e+00	4.76912521144429e+02	8.72464942389772e-01
72	132	92	112	4.86030000000000e+02	1.25663706143592e+03	3.00000000000000e-02	0.00000000000000e+00	0.00000000000000e+00	4.62940819763997e+02	1.62237078526661e+00
73	133	93	113	4.75330000000000e+02	1.25663706143592e+03	3.00000000000000e-02	0.00000000000000e+00	0.00000000000000e+00	4.67874366948068e+02	5.26982882386721e-01
74	134	94	114	5.15450000000000e+02	1.25663706143592e+03	3.00000000000000e-02	0.00000000000000e+00	0.00000000000000e+00	4.76956920687072e+02	2.58713772525085e+00
75	135	95	115	5.26120000000000e+02	1.25663706143592e+03	3.00000000000000e-02	0.00000000000000e+00	0.00000000000000e+00	4.86313294629992e+02	2.62254227447641e+00
76	136	96	116	5.33360000000000e+02	1.25663706143592e+03	3.00000000000000e-02	0.00000000000000e+00	0.00000000000000e+00	4.82622249337030e+02	3.33207877070067e+00
77	137	97	117	5.43260000000000e+02	1.25663706143592e+03	3.00000000000000e-02	0.00000000000000e+00	0.00000000000000e+00	4.93817922773625e+02	3.18070516110357e+00
78	138	98	118	5.71350000000000e+02	1.25663706143592e+03	3.00000000000000e-02	0.00000000000000e+00	0.00000000000000e+00	5.28916142030107e+02	2.57240279941768e+00
79	139	99	119	5.78810000000000e+02	1.25663706143592e+03	3.00000000000000e-02	0.00000000000000e+00	0.00000000000000e+00	5.39737269140458e+02	2.32972630673173e+00
81	140	101	121	6.10390000000000e+02	1.25663706143592e+03	3.00000000000000e-02	0.00000000000000e+00	0.00000000000000e+00	5.46244833187232e+02	3.70102698224188e+00
82	142	102	122	5.69480000000000e+02	1.25663706143592e+03	3.00000000000000e-02	0.00000000000000e+00	0.00000000000000e+00	5.42244188272834e+02	1.63357439654037e+00
83	143	103	123	5.68650000000000e+02	1.25663706143592e+03	3.00000000000000e-02	0.00000000000000e+00	0.00000000000000e+00	5.36817185545420e+02	1.92025102279976e+00
84	141	104	124	6.00140000000000e+02	1.25663706143592e+03	3.00000000000000e-02	0.00000000000000e+00	0.00000000000000e+00	5.23564271154032e+02	4.55010555112612e+00
85	144	105	125	4.89870000000000e+02	1.25663706143592e+03	3.00000000000000e-02	0.00000000000000e+00	0.00000000000000e+00	5.09339843001183e+02	-1.29918039852800e+00
86	145	106	126	5.57600000000000e+02	1.25663706143592e+03	3.00000000000000e-02	0.00000000000000e+00	0.00000000000000e+00	5.17536412391548e+02	2.48539915576054e+00
87	146	107	127	5.72830000000000e+02	1.25663706143592e+03	3.00000000000000e-02	0.00000000000000e+00	0.00000000000000e+00	5.38654210582150e+02	2.05050541167777e+00
88	147	108	128	6.12450000000000e+02	1.25663706143592e+03	3.00000000000000e-02	0.00000000000000e+00	0.00000000000000e+00	5.42925117002324e+02	4.01653006942479e+00
89	148	109	129	5.63220000000000e+02	1.25663706143592e+03	3.00000000000000e-02	0.00000000000000e+00	0.00000000000000e+00	5.31239418449686e+02	1.94858379163515e+00
90	149	110	130	5.54750000000000e+02	1.25663706143592e+03	3.00000000000000e-02	0.00000000000000e+00	0.00000000000000e+00	5.16258243933869e+02	2.39701495952656e+00
91	150	111	131	5.29090000000000e+02	1.25663706143592e+03	3.00000000000000e-02	0.00000000000000e+00	0.00000000000000e+00	5.07811398823532e+02	1.36828110757854e+00
92	151	112	132	5.32980000000000e+02	1.25663706143592e+03	3.00000000000000e-02	0.00000000000000e+00	0.00000000000000e+00	5.16939259468248e+02	1.01861729750275e+00
93	152	113	133	5.55220000000000e+02	1.25663706143592e+03	3.00000000000000e-02	0.00000000000000e+00	0.00000000000000e+00	5.19908740294236e+02	2.19037116196838e+00
94	153	114	134	5.43100000000000e+02	1.25663706143592e+03	3.00000000000000e-02	0.00000000000000e+00	0.00000000000000e+00	5.21632564854571e+02	1.34433412524103e+00
95	154	115	135	5.54030000000000e+02	1.25663706143592e+03	3.00000000000000e-02	0.00000000000000e+00	0.00000000000000e+00	5.09045427053360e+02	2.82271922294871e+00
96	155	116	136	5.59630000000000e+02	1.25663706143592e+03	3.00000000000000e-02	0.00000000000000e+00	0.00000000000000e+00	4.96809774950456e+02	3.96895482745678e+00
97	156	117	137	4.50170000000000e+02	1.25663706143592e+03	3.00000000000000e-02	0.00000000000000e+00	0.00000000000000e+00	4.51709459675239e+02	-1.13796520801301e-01
98	157	118	138	3.40700000000000e+02	1.25663706143592e+03	3.00000000000000e-02	0.00000000000000e+00	0.00000000000000e+00	3.81522887652309e+02	-3.77228393680632e+00
99	158	119	139	3.28710000000000e+02	1.25663706143592e+03	3.00000000000000e-02	0.00000000000000e+00	0.00000000000000e+00	3.71603873265792e+02	-4.08841756708413e+00
1	64	22	43	3.96550000000000e+02	1.31946891450771e+03	3.00000000000000e-02	0.00000000000000e+00	0.00000000000000e+00	2.97391496902892e+02	9.59175647872025e+00
3	65	23	44	3.12130000000000e+02	1.31946891450771e+03	3.00000000000000e-02	0.00000000000000e+00	0.00000000000000e+00	2.98490662309649e+02	1.48937057986872e+00
4	66	24	45	2.89910000000000e+02	1.31946891450771e+03	3.00000000000000e-02	0.00000000000000e+00	0.00000000000000e+00	2.97447838278439e+02	-8.55611536970062e-01
2	67	25	46	3.10820000000000e+02	1.31946891450771e+03	3.00000000000000e-02	0.00000000000000e+00	0.00000000000000e+00	2.95460931392875e+02	1.68924500835047e+00
5	68	26	47	3.64550000000000e+02	1.31946891450771e+03	3.00000000000000e-02	0.00000000000000e+00	0.00000000000000e+00	3.14437619446916e+02	4.92926693753555e+00
6	69	27	48	3.49020000000000e+02	1.31946891450771e+03	3.00000000000000e-02	0.00000000000000e+00	0.00000000000000e+00	3.35977450905156e+02	1.26950599469489e+00
7	70	28	49	3.63790000000000e+02	1.31946891450771e+03	3.00000000000000e-02	0.00000000000000e+00	0.00000000000000e+00	3.46645767089097e+02	1.60911212228981e+00
8	71	29	50	3.45890000000000e+02	1.31946891450771e+03	3.00000000000000e-02	0.00000000000000e+00	0.00000000000000e+00	3.45088446890012e+02	7.73351154569409e-02
9	72	30	51	3.60200000000000e+02	1.31946891450771e+03	3.00000000000000e-02	0.00000000000000e+00	0.00000000000000e+00	3.46890714245959e+02	1.25498823121945e+00
10	73	31	52	3.25890000000000e+02	1.31946891450771e+03	3.00000000000000e-02	0.00000000000000e+00	0.00000000000000e+00	3.32908501142149e+02	-7.10259325507116e-01
11	74	32	53	3.32220000000000e+02	1.31946891450771e+03	3.00000000000000e-02	0.00000000000000e+00	0.00000000000000e+00	3.30830112807429e+02	1.39747026806466e-01
12	75	33	54	3.43680000000000e+02	1.31946891450771e+03	3.00000000000000e-02	0.00000000000000e+00	0.00000000000000e+00	3.35508253216902e+02	8.02147867298745e-01
13	76	34	55	4.40080000000000e+02	1.31946891450771e+03	3.00000000000000e-02	0.00000000000000e+00	0.00000000000000e+00	3.68232179712161e+02	5.94142887385738e+00
14	77	35	56	4.21780000000000e+02	1.31946891450771e+03	3.00000000000000e-02	0.00000000000000e+00	0.00000000000000e+00	4.03324126121762e+02	1.49144430729275e+00
15	78	36	57	4.26020000000000e+02	1.31946891450771e+03	3.00000000000000e-02	0.00000000000000e+00	0.00000000000000e+00	4.08429163005979e+02	1.40559339450051e+00
16	79	37	58	4.25660000000000e+02	1.31946891450771e+03	3.00000000000000e-02	0.00000000000000e+00	0.00000000000000e+00	3.99032823776903e+02	2.15324089744543e+00
17	80	38	59	4.52920000000000e+02	1.31946891450771e+03	3.00000000000000e-02	0.00000000000000e+00	0.00000000000000e+00	4.09172426107760e+02	3.38596208390755e+00
18	81	39	60	4.42670000000000e+02	1.31946891450771e+03	3.00000000000000e-02	0.00000000000000e+00	0.00000000000000e+00	4.13138924166347e+02	2.30135523116856e+00
19	82	40	61	4.79010000000000e+02	1.31946891450771e+03	3.00000000000000e-02	0.00000000000000e+00	0.00000000000000e+00	4.53037880584700e+02	1.85819101443319e+00
20	83	41	62	4.79080000000000e+02	1.31946891450771e+03	3.00000000000000e-02	0.00000000000000e+00	0.00000000000000e+00	4.70198512182787e+02	6.23754206680112e-01
21	84	42	63	4.96080000000000e+02	1.31946891450771e+03	3.00000000000000e-02	0.00000000000000e+00	0.00000000000000e+00	4.84937495877860e+02	7.57239862926884e-01
22	85	43	64	5.15280000000000e+02	1.31946891450771e+03	3.00000000000000e-02	0.00000000000000e+00	0.00000000000000e+00	5.07215368481827e+02	5.25824631338553e-01
23	86	44	65	5.34350000000000e+02	1.31946891450771e+03	3.00000000000000e-02	0.00000000000000e+00	0.00000000000000e+00	5.23336913185191e+02	6.94186827960053e-01
24	87	45	66	5.80820000000000e+02	1.31946891450771e+03	3.00000000000000e-02	0.00000000000000e+00	0.00000000000000e+00	5.40022354212206e+02	2.42767875962144e+00
25	88	46	67	5.41210000000000e+02	1.31946891450771e+03	3.00000000000000e-02	0.00000000000000e+00	0.00000000000000e+00	5.62168272619997e+02	-1.26646163223671e+00
26	89	47	68	6.61710000000000e+02	1.31946891450771e+03	3.00000000000000e-02	0.00000000000000e+00	0.00000000000000e+00	5.64119515211707e+02	5.31870860132673e+00
27	90	48	69	5.47760000000000e+02	1.31946891450771e+03	3.00000000000000e-02	0.00000000000000e+00	0.00000000000000e+00	5.68071307111769e+02	-1.21365722395013e+00
28	91	49	70	5.87060000000000e+02	1.31946891450771e+03	3.00000000000000e-02	0.00000000000000e+00	0.00000000000000e+00	5.93166597769475e+02	-3.44942362511376e-01
29	92	50	71	6.60890000000000e+02	1.31946891450771e+03	3.00000000000000e-02	0.00000000000000e+00	0.00000000000000e+00	5.99040942012341e+02	3.27524883650803e+00
30	93	51	72	5.70210000000000e+02	1.31946891450771e+03	3.00000000000000e-02	0.00000000000000e+00	0.00000000000000e+00	5.99006283607258e+02	-1.64224580639797e+00
31	94	52	73	6.01160000000000e+02	1.31946891450771e+03	3.00000000000000e-02	0.00000000000000e+00	0.00000000000000e+00	6.19440358218426e+02	-9.98510010213079e-01
32	95	53	74	6.18020000000000e+02	1.31946891450771e+03	3.00000000000000e-02	0.00000000000000e+00	0.00000000000000e+00	6.25667863216756e+02	-4.09961365439759e-01
33	96	54	75	6.57670000000000e+02	1.31946891450771e+03	3.00000000000000e-02	0.00000000000000e+00	0.00000000000000e+00	6.22283729333959e+02	1.84357135161598e+00
34	97	55	76	6.34860000000000e+02	1.31946891450771e+03	3.00000000000000e-02	0.00000000000000e+00	0.00000000000000e+00	5.94032769800180e+02	2.21566720964693e+00
35	98	56	77	6.38260000000000e+02	1.31946891450771e+03	3.00000000000000e-02	0.00000000000000e+00	0.00000000000000e+00	5.64372528367995e+02	4.10103930311179e+00
36	99	57	78	6.28520000000000e+02	1.31946891450771e+03	3.00000000000000e-02	0.00000000000000e+00	0.00000000000000e+00	5.62618557415236e+02	3.69219895712562e+00
37	100	58	79	5.77290000000000e+02	1.31946891450771e+03	3.00000000000000e-02	0.00000000000000e+00	0.00000000000000e+00	5.57729508919975e+02	1.14902153628353e+00
38	101	59	80	5.77120000000000e+02	1.31946891450771e+03	3.00000000000000e-02	0.00000000000000e+00	0.00000000000000e+00	5.64217084427509e+02	7.53704608184069e-01
39	102	60	81	5.84370000000000e+02	1.31946891450771e+03	3.00000000000000e-02	0.00000000000000e+00	0.00000000000000e+00	5.69044476788626e+02	8.85858206567924e-01
40	103	61	82	5.35180000000000e+02	1.31946891450771e+03	3.00000000000000e-02	0.00000000000000e+00	0.00000000000000e+00	5.37620539399523e+02	-1.51661843313307e-01
41	104	62	83	4.82580000000000e+02	1.31946891450771e+03	3.00000000000000e-02	0.00000000000000e+00	0.00000000000000e+00	5.22584524909414e+02	-2.65466769243696e+00
42	105	63	84	5.22970000000000e+02	1.31946891450771e+03	3.00000000000000e-02	0.00000000000000e+00	0.00000000000000e+00	5.04557709789626e+02	1.19472925742568e+00
43	106	64	85	5.12060000000000e+02	1.31946891450771e+03	3.00000000000000e-02	0.00000000000000e+00	0.00000000000000e+00	4.93252639650703e+02	1.24734364126295e+00
44	107	65	86	5.04500000000000e+02	1.31946891450771e+03	3.00000000000000e-02	0.00000000000000e+00	0.00000000000000e+00	4.90853259348981e+02	9.14087248776774e-01
45	108	66	87	4.93630000000000e+02	1.31946891450771e+03	3.00000000000000e-02	0.00000000000000e+00	0.00000000000000e+00	4.79977982908993e+02	9.34867159726889e-01
46	109	67	88	4.77750000000000e+02	1.31946891450771e+03	3.00000000000000e-02	0.00000000000000e+00	0.00000000000000e+00	4.62055312195525e+02	1.11343252793255e+00
47	110	68	89	4.64180000000000e+02	1.31946891450771e+03	3.00000000000000e-02	0.00000000000000e+00	0.00000000000000e+00	4.52955901649662e+02	8.15921154740510e-01
48	111	69	90	4.72730000000000e+02	1.31946891450771e+03	3.00000000000000e-02	0.00000000000000e+00	0.00000000000000e+00	4.43244729810360e+02	2.14674486607960e+00
49	112	70	91	4.50760000000000e+02	1.31946891450771e+03	3.00000000000000e-02	0.00000000000000e+00	0.00000000000000e+00	4.30343852085858e+02	1.54501673124813e+00
50	113	71	92	4.24460000000000e+02	1.31946891450771e+03	3.00000000000000e-02	0.00000000000000e+00	0.00000000000000e+00	4.35140514962016e+02	-8.28374300723696e-01
51	114	72	93	4.69270000000000e+02	1.31946891450771e+03	3.00000000000000e-02	0.00000000000000e+00	0.00000000000000e+00	4.46975805321401e+02	1.62246098038364e+00
52	115	73	94	4.21670000000000e+02	1.31946891450771e+03	3.00000000000000e-02	0.00000000000000e+00	0.00000000000000e+00	4.33204155831779e+02	-8.99536360434627e-01
53	116	74	95	4.21990000000000e+02	1.31946891450771e+03	3.00000000000000e-02	0.00000000000000e+00	0.00000000000000e+00	4.26151977590874e+02	-3.27147349428210e-01
54	117	75	96	4.05210000000000e+02	1.31946891450771e+03	3.00000000000000e-02	0.00000000000000e+00	0.00000000000000e+00	4.08776819517864e+02	-2.92129410585673e-01
55	118	76	97	4.02740000000000e+02	1.31946891450771e+03	3.00000000000000e-02	0.00000000000000e+00	0.00000000000000e+00	4.14045494543375e+02	-9.22822184631963e-01
56	119	77	98	4.33780000000000e+02	1.31946891450771e+03	3.00000000000000e-02	0.00000000000000e+00	0.00000000000000e+00	4.25603353372823e+02	6.34322532419980e-01
57	120	78	99	4.06620000000000e+02	1.31946891450771e+03	3.00000000000000e-02	0.00000000000000e+00	0.00000000000000e+00	4.24350624821891e+02	-1.42269901532061e+00
58	121	79	100	4.03210000000000e+02	1.31946891450771e+03	3.00000000000000e-02	0.00000000000000e+00	0.00000000000000e+00	4.25551813745621e+02	-1.79763979993499e+00
59	122	80	101	4.11300000000000e+02	1.31946891450771e+03	3.00000000000000e-02	0.00000000000000e+00	0.00000000000000e+00	4.20083421652458e+02	-7.04347976671560e-01
60	123	81	102	3.93340000000000e+02	1.31946891450771e+03	3.00000000000000e-02	0.00000000000000e+00	0.00000000000000e+00	4.08170406308617e+02	-1.23367906426877e+00
61	124	82	103	4.04880000000000e+02	1.31946891450771e+03	3.00000000000000e-02	0.00000000000000e+00	0.00000000000000e+00	4.21820379170691e+02	-1.36629515811343e+00
62	125	83	104	4.44870000000000e+02	1.31946891450771e+03	3.00000000000000e-02	0.00000000000000e+00	0.00000000000000e+00	4.27062360398979e+02	1.36173530002578e+00
63	126	84	105	4.43060000000000e+02	1.31946891450771e+03	3.00000000000000e-02	0.00000000000000e+00	0.00000000000000e+00	4.33086261833384e+02	7.58942462625593e-01
64	127	85	106	3.83320000000000e+02	1.31946891450771e+03	3.00000000000000e-02	0.00000000000000e+00	0.00000000000000e+00	4.17363207122716e+02	-2.83622311722942e+00
65	128	86	107	4.18140000000000e+02	1.31946891450771e+03	3.00000000000000e-02	0.00000000000000e+00	0.00000000000000e+00	4.09651418570229e+02	6.83656840438207e-01
66	129	87	108	4.25960000000000e+02	1.31946891450771e+03	3.00000000000000e-02	0.00000000000000e+00	0.00000000000000e+00	4.21236389024354e+02	3.71709164134485e-01
67	130	88	109	4.57360000000000e+02	1.31946891450771e+03	3.00000000000000e-02	0.00000000000000e+00	0.00000000000000e+00	4.34246131496492e+02	1.72864434483762e+00
68	131	89	110	4.53270000000000e+02	1.31946891450771e+03	3.00000000000000e-02	0.00000000000000e+00	0.00000000000000e+00	4.49029255997980e+02	3.13331022520883e-01
69	132	90	111	4.91100000000000e+02	1.31946891450771e+03	3.00000000000000e-02	0.00000000000000e+00	0.00000000000000e+00	4.65220046304189e+02	1.80457538438773e+00
70	133	91	112	4.78680000000000e+02	1.31946891450771e+03	3.00000000000000e-02	0.00000000000000e+00	0.00000000000000e+00	4.65163617705391e+02	9.54770199173212e-01
71	134	92	113	4.84340000000000e+02	1.31946891450771e+03	3.00000000000000e-02	0.00000000000000e+00	0.00000000000000e+00	4.59322748849867e+02	1.76780066449611e+00
72	135	93	114	4.95170000000000e+02	1.31946891450771e+03	3.00000000000000e-02	0.00000000000000e+00	0.00000000000000e+00	4.57467570330628e+02	2.63983800907056e+00
73	136	94	115	5.32140000000000e+02	1.31946891450771e+03	3.00000000000000e-02	0.00000000000000e+00	0.00000000000000e+00	4.81084168389809e+02	3.36214571871881e+00
74	137	95	116	5.38240000000000e+02	1.31946891450771e+03	3.00000000000000e-02	0.00000000000000e+00	0.00000000000000e+00	4.92849108713706e+02	2.93671658892999e+00
75	138	96	117	5.63630000000000e+02	1.31946891450771e+03	3.00000000000000e-02	0.00000000000000e+00	0.00000000000000e+00	5.17547811771108e+02	2.84320323602649e+00
76	139	97	118	5.67350000000000e+02	1.31946891450771e+03	3.00000000000000e-02	0.00000000000000e+00	0.00000000000000e+00	5.21618981940687e+02	2.80129985097556e+00
78	140	99	120	5.91270000000000e+02	1.31946891450771e+03	3.00000000000000e-02	0.00000000000000e+00	0.00000000000000e+00	5.34342315993393e+02	3.37453637017745e+00
79	142	100	121	5.71290000000000e+02	1.31946891450771e+03	3.00000000000000e-02	0.00000000000000e+00	0.00000000000000e+00	5.34763045931918e+02	2.20244058847608e+00
80	143	101	122	5.60620000000000e+02	1.31946891450771e+03	3.00000000000000e-02	0.00000000000000e+00	0.00000000000000e+00	5.37968805931723e+02	1.37475790714780e+00
81	141	102	123	6.08310000000000e+02	1.31946891450771e+03	3.00000000000000e-02	0.00000000000000e+00	0.00000000000000e+00	5.48100704367273e+02	3.47418610966690e+00
82	144	103	124	5.28980000000000e+02	1.31946891450771e+03	3.00000000000000e-02	0.00000000000000e+00	0.00000000000000e+00	5.39269560638921e+02	-6.42164481227662e-01
83	145	104	125	6.06860000000000e+02	1.31946891450771e+03	3.00000000000000e-02	0.00000000000000e+00	0.00000000000000e+00	5.37157050126124e+02	4.06692039555393e+00
84	146	105	126	5.80900000000000e+02	1.31946891450771e+03	3.00000000000000e-02	0.00000000000000e+00	0.00000000000000e+00	5.31285378077333e+02	2.97597709830741e+00
85	147	106	127	5.98000000000000e+02	1.31946891450771e+03	3.00000000000000e-02	0.00000000000000e+00	0.00000000000000e+00	5.51796920668472e+02	2.68035575680301e+00
86	148	107	128	5.97440000000000e+02	1.31946891450771e+03	3.00000000000000e-02	0.00000000000000e+00	0.00000000000000e+00	5.64338262747342e+02	1.90000106644040e+00
87	149	108	129	6.05270000000000e+02	1.31946891450771e+03	3.00000000000000e-02	0.00000000000000e+00	0.00000000000000e+00	5.58535421835514e+02	2.67855332698570e+00
88	150	109	130	5.94870000000000e+02	1.31946891450771e+03	3.00000000000000e-02	0.00000000000000e+00	0.00000000000000e+00	5.53727857308866e+02	2.38898535067055e+00
89	151	110	131	5.58940000000000e+02	1.31946891450771e+03	3.00000000000000e-02	0.00000000000000e+00	0.00000000000000e+00	5.32690789166239e+02	1.60336699803712e+00
90	152	111	132	5.18690000000000e+02	1.31946891450771e+03	3.00000000000000e-02	0.00000000000000e+00	0.00000000000000e+00	5.03312017543545e+02	1.00320370706652e+00
91	153	112	133	5.29520000000000e+02	1.31946891450771e+03	3.00000000000000e-02	0.00000000000000e+00	0.00000000000000e+00	5.12191473964215e+02	1.10908026983738e+00
92	154	113	134	5.36610000000000e+02	1.31946891450771e+03	3.00000000000000e-02	0.00000000000000e+00	0.00000000000000e+00	5.07062462082714e+02	1.88791260987703e+00
93	155	114	135	5.38350000000000e+02	1.31946891450771e+03	3.00000000000000e-02	0.00000000000000e+00	0.00000000000000e+00	5.04471461823069e+02	2.16658784388910e+00
94	156	115	136	5.82390000000000e+02	1.31946891450771e+03	3.00000000000000e-02	0.00000000000000e+00	0.00000000000000e+00	4.71369638345456e+02	7.04992484635761e+00
95	157	116	137	4.03820000000000e+02	1.31946891450771e+03	3.00000000000000e-02	0.00000000000000e+00	0.00000000000000e+00	4.21516295449868e+02	-1.42964010629703e+00
96	158	117	138	3.21060000000000e+02	1.31946891450771e+03	3.00000000000000e-02	0.00000000000000e+00	0.00000000000000e+00	3.96452966645678e+02	-7.03097970550643e+00
97	159	118	139	4.12980000000000e+02	1.31946891450771e+03	3.00000000000000e-02	0.00000000000000e+00	0.00000000000000e+00	3.82667539289753e+02	2.54108656852026e+00
1	67	23	45	4.37840000000000e+02	1.38230076757951e+03	3.00000000000000e-02	0.00000000000000e+00	0.00000000000000e+00	2.96186071446087e+02	1.30288556753314e+01
3	68	24	46	3.37000000000000e+02	1.38230076757951e+03	3.00000000000000e-02	0.00000000000000e+00	0.00000000000000e+00	3.01818501810088e+02	3.67523603422040e+00
4	69	25	47	3.23420000000000e+02	1.38230076757951e+03	3.00000000000000e-02	0.00000000000000e+00	0.00000000000000e+00	3.09072186586746e+02	1.51256416620361e+00
2	70	26	48	3.42890000000000e+02	1.38230076757951e+03	3.00000000000000e-02	0.00000000000000e+00	0.00000000000000e+00	3.14435337489875e+02	2.88770817290054e+00
5	71	27	49	3.41970000000000e+02	1.38230076757951e+03	3.00000000000000e-02	0.00000000000000e+00	0.00000000000000e+00	3.21182053608677e+02	2.09049687848223e+00
6	72	28	50	3.45300000000000e+02	1.38230076757951e+03	3.00000000000000e-02	0.00000000000000e+00	0.00000000000000e+00	3.31789136934455e+02	1.33046556584251e+00
7	73	29	51	3.94180000000000e+02	1.38230076757951e+03	3.00000000000000e-02	0.00000000000000e+00	0.00000000000000e+00	3.39744992802093e+02	4.95374475770169e+00
8	74	30	52	3.28600000000000e+02	1.38230076757951e+03	3.00000000000000e-02	0.00000000000000e+00	0.00000000000000e+00	3.33466531397259e+02	-4.90043302871257e-01
9	75	31	53	3.84530000000000e+02	1.38230076757951e+03	3.00000000000000e-02	0.00000000000000e+00	0.00000000000000e+00	3.25010279457542e+02	5.60549994597925e+00
10	76	32	54	3.41900000000000e+02	1.38230076757951e+03	3.00000000000000e-02	0.00000000000000e+00	0.00000000000000e+00	3.38620066446174e+02	3.21318857293858e-01
11	77	33	55	3.55800000000000e+02	1.38230076757951e+03	3.00000000000000e-02	0.00000000000000e+00	0.00000000000000e+00	3.53240830955130e+02	2.40623675090508e-01
12	78	34	56	3.81430000000000e+02	1.38230076757951e+03	3.00000000000000e-02	0.00000000000000e+00	0.00000000000000e+00	3.72570458748975e+02	7.83372557118038e-01
13	79	35	57	4.79980000000000e+02	1.38230076757951e+03	3.00000000000000e-02	0.00000000000000e+00	0.00000000000000e+00	3.99291501715339e+02	6.13509018271090e+00
14	80	36	58	4.23480000000000e+02	1.38230076757951e+03	3.00000000000000e-02	0.00000000000000e+00	0.00000000000000e+00	4.00577165231075e+02	1.85332890960952e+00
15	81	37	59	4.05800000000000e+02	1.38230076757951e+03	3.00000000000000e-02	0.00000000000000e+00	0.00000000000000e+00	3.82379715134350e+02	1.98154312727506e+00
16	82	38	60	4.42000000000000e+02	1.38230076757951e+03	3.00000000000000e-02	0.00000000000000e+00	0.00000000000000e+00	3.96319853334348e+02	3.63627621351596e+00
17	83	39	61	4.67840000000000e+02	1.38230076757951e+03	3.00000000000000e-02	0.00000000000000e+00	0.00000000000000e+00	4.32218147245874e+02	2.63986419517914e+00
18	84	40	62	4.93360000000000e+02	1.38230076757951e+03	3.00000000000000e-02	0.00000000000000e+00	0.00000000000000e+00	4.54776148281539e+02	2.71446048646190e+00
19	85	41	63	4.98110000000000e+02	1.38230076757951e+03	3.00000000000000e-02	0.00000000000000e+00	0.00000000000000e+00	4.76018327681354e+02	1.51215263817264e+00
20	86	42	64	5.26600000000000e+02	1.38230076757951e+03	3.00000000000000e-02	0.00000000000000e+00	0.00000000000000e+00	4.97982253008348e+02	1.86256024006581e+00
21	87	43	65	5.26570000000000e+02	1.38230076757951e+03	3.00000000000000e-02	0.00000000000000e+00	0.00000000000000e+00	5.20948188816656e+02	3.57789501462680e-01
22	88	44	66	5.54110000000000e+02	1.38230076757951e+03	3.00000000000000e-02	0.00000000000000e+00	0.00000000000000e+00	5.47365270376474e+02	4.08229103028675e-01
23	89	45	67	6.58540000000000e+02	1.38230076757951e+03	3.00000000000000e-02	0.00000000000000e+00	0.00000000000000e+00	5.72139742908391e+02	4.68806653760003e+00
24	90	46	68	6.34110000000000e+02	1.38230076757951e+03	3.00000000000000e-02	0.00000000000000e+00	0.00000000000000e+00	5.80419985693594e+02	2.94901620676971e+00
25	91	47	69	5.68220000000000e+02	1.38230076757951e+03	3.00000000000000e-02	0.00000000000000e+00	0.00000000000000e+00	5.85928693069625e+02	-1.02298101057020e+00
26	92	48	70	7.59670000000000e+02	1.38230076757951e+03	3.00000000000000e-02	0.00000000000000e+00	0.00000000000000e+00	5.96475964492125e+02	8.06150606535668e+00
27	93	49	71	5.87420000000000e+02	1.38230076757951e+03	3.00000000000000e-02	0.00000000000000e+00	0.00000000000000e+00	6.03546246295630e+02	-9.02753373942596e-01
28	94	50	72	5.85870000000000e+02	1.38230076757951e+03	3.00000000000000e-02	0.00000000000000e+00	0.00000000000000e+00	6.08692193435199e+02	-1.27382628252333e+00
29	95	51	73	7.43680000000000e+02	1.38230076757951e+03	3.00000000000000e-02	0.00000000000000e+00	0.00000000000000e+00	6.26470061733990e+02	5.71699493756839e+00
30	96	52	74	6.16820000000000e+02	1.38230076757951e+03	3.00000000000000e-02	0.00000000000000e+00	0.00000000000000e+00	6.39258628085559e+02	-1.19106213786564e+00
31	97	53	75	6.59580000000000e+02	1.38230076757951e+03	3.00000000000000e-02	0.00000000000000e+00	0.00000000000000e+00	6.44115833868827e+02	7.90823087750869e-01
32	98	54	76	6.22910000000000e+02	1.38230076757951e+03	3.00000000000000e-02	0.00000000000000e+00	0.00000000000000e+00	6.25406099690475e+02	-1.33305072212379e-01
33	99	55	77	6.35580000000000e+02	1.38230076757951e+03	3.00000000000000e-02	0.00000000000000e+00	0.00000000000000e+00	6.03392484354652e+02	1.73233655611715e+00
34	100	56	78	6.53800000000000e+02	1.38230076757951e+03	3.00000000000000e-02	0.00000000000000e+00	0.00000000000000e+00	5.80365623015675e+02	3.97144016162381e+00
35	101	57	79	5.94950000000000e+02	1.38230076757951e+03	3.00000000000000e-02	0.00000000000000e+00	0.00000000000000e+00	5.62202756242421e+02	1.88716024465008e+00
36	102	58	80	6.06170000000000e+02	1.38230076757951e+03	3.00000000000000e-02	0.00000000000000e+00	0.00000000000000e+00	5.73947995667630e+02	1.82072274828373e+00
37	103	59	81	5.96010000000000e+02	1.38230076757951e+03	3.00000000000000e-02	0.00000000000000e+00	0.00000000000000e+00	5.80139075112385e+02	8.99652865828079e-01
38	104	60	82	5.60870000000000e+02	1.38230076757951e+03	3.00000000000000e-02	0.00000000000000e+00	0.00000000000000e+00	5.62053401793318e+02	-7.02572249974054e-02
39	105	61	83	5.34780000000000e+02	1.38230076757951e+03	3.00000000000000e-02	0.00000000000000e+00	0.00000000000000e+00	5.32336068291687e+02	1.52681671897081e-01
40	106	62	84	5.11540000000000e+02	1.38230076757951e+03	3.00000000000000e-02	0.00000000000000e+00	0.00000000000000e+00	5.20767637053178e+02	-5.95938814199629e-01
41	107	63	85	5.16320000000000e+02	1.38230076757951e+03	3.00000000000000e-02	0.00000000000000e+00	0.00000000000000e+00	5.11307488161112e+02	3.25186032911517e-01
42	108	64	86	5.13710000000000e+02	1.38230076757951e+03	3.00000000000000e-02	0.00000000000000e+00	0.00000000000000e+00	5.00953217296385e+02	8.38206194120961e-01
43	109	65	87	4.78660000000000e+02	1.38230076757951e+03	3.00000000000000e-02	0.00000000000000e+00	0.00000000000000e+00	4.88765342619190e+02	-6.96398969620571e-01
44	110	66	88	4.73570000000000e+02	1.38230076757951e+03	3.00000000000000e-02	0.00000000000000e+00	0.00000000000000e+00	4.67529623709512e+02	4.27900800803519e-01
45	111	67	89	4.57940000000000e+02	1.38230076757951e+03	3.00000000000000e-02	0.00000000000000e+00	0.00000000000000e+00	4.44429875597135e+02	9.98196294782054e-01
46	112	68	90	4.58730000000000e+02	1.38230076757951e+03	3.00000000000000e-02	0.00000000000000e+00	0.00000000000000e+00	4.46478616001230e+02	9.02343167098163e-01
47	113	69	91	4.25160000000000e+02	1.38230076757951e+03	3.00000000000000e-02	0.00000000000000e+00	0.00000000000000e+00	4.47781329768114e+02	-1.72798137974291e+00
48	114	70	92	4.67070000000000e+02	1.38230076757951e+03	3.00000000000000e-02	0.00000000000000e+00	0.00000000000000e+00	4.47017775946165e+02	1.46269261098156e+00
49	115	71	93	4.54350000000000e+02	1.38230076757951e+03	3.00000000000000e-02	0.00000000000000e+00	0.00000000000000e+00	4.44583872137751e+02	7.24303342100837e-01
50	116	72	94	4.43850000000000e+02	1.38230076757951e+03	3.00000000000000e-02	0.00000000000000e+00	0.00000000000000e+00	4.46471517065430e+02	-1.96297973355689e-01
51	117	73	95	4.32460000000000e+02	1.38230076757951e+03	3.00000000000000e-02	0.00000000000000e+00	0.00000000000000e+00	4.28249347254401e+02	3.26140785296906e-01
52	118	74	96	3.99840000000000e+02	1.38230076757951e+03	3.00000000000000e-02	0.00000000000000e+00	0.00000000000000e+00	4.08780908788905e+02	-7.37162336604058e-01
53	119	75	97	4.04550000000000e+02	1.38230076757951e+03	3.00000000000000e-02	0.00000000000000e+00	0.00000000000000e+00	4.05675052195406e+02	-9.25712278283678e-02
54	120	76	98	4.09300000000000e+02	1.38230076757951e+03	3.00000000000000e-02	0.00000000000000e+00	0.00000000000000e+00	4.09037114740575e+02	2.14162161887188e-02
55	121	77	99	3.99220000000000e+02	1.38230076757951e+03	3.00000000000000e-02	0.00000000000000e+00	0.00000000000000e+00	4.09802674834012e+02	-8.72103985671361e-01
56	122	78	100	4.02310000000000e+02	1.38230076757951e+03	3.00000000000000e-02	0.00000000000000e+00	0.00000000000000e+00	4.22260889660924e+02	-1.61334697474069e+00
57	123	79	101	4.12100000000000e+02	1.38230076757951e+03	3.00000000000000e-02	0.00000000000000e+00	0.00000000000000e+00	4.25465362363663e+02	-1.06391672681315e+00
58	124	80	102	3.92110000000000e+02	1.38230076757951e+03	3.00000000000000e-02	0.00000000000000e+00	0.00000000000000e+00	4.12465332388345e+02	-1.68699156256403e+00
59	125	81	103	4.07240000000000e+02	1.38230076757951e+03	3.00000000000000e-02	0.00000000000000e+00	0.00000000000000e+00	4.01505923348109e+02	4.72680197155118e-01
60	126	82	104	3.85360000000000e+02	1.38230076757951e+03	3.00000000000000e-02	0.00000000000000e+00	0.00000000000000e+00	4.07009539507499e+02	-1.82195538131046e+00
61	127	83	105	4.12810000000000e+02	1.38230076757951e+03	3.00000000000000e-02	0.00000000000000e+00	0.00000000000000e+00	4.08179012201161e+02	3.76053503532633e-01
62	128	84	106	4.61330000000000e+02	1.38230076757951e+03	3.00000000000000e-02	0.00000000000000e+00	0.00000000000000e+00	4.01269500270616e+02	4.64934499937536e+00
63	129	85	107	3.99690000000000e+02	1.38230076757951e+03	3.00000000000000e-02	0.00000000000000e+00	0.00000000000000e+00	4.06859844897836e+02	-5.92650602199107e-01
64	130	86	108	3.86060000000000e+02	1.38230076757951e+03	3.00000000000000e-02	0.00000000000000e+00	0.00000000000000e+00	4.11452486998742e+02	-2.12335842358395e+00
65	131	87	109	4.31730000000000e+02	1.38230076757951e+03	3.00000000000000e-02	0.00000000000000e+00	0.00000000000000e+00	4.16729695136100e+02	1.17875314450711e+00
66	132	88	110	4.76600000000000e+02	1.38230076757951e+03	3.00000000000000e-02	0.00000000000000e+00	0.00000000000000e+00	4.39532660624393e+02	2.69885123873144e+00
67	133	89	111	4.58770000000000e+02	1.38230076757951e+03	3.00000000000000e-02	0.00000000000000e+00	0.00000000000000e+00	4.59331279961359e+02	-4.07565805309318e-02
68	134	90	112	4.83110000000000e+02	1.38230076757951e+03	3.00000000000000e-02	0.00000000000000e+00	0.00000000000000e+00	4.54980472661903e+02	1.99966233969461e+00
69	135	91	113	4.94090000000000e+02	1.38230076757951e+03	3.00000000000000e-02	0.00000000000000e+00	0.00000000000000e+00	4.58080519557970e+02	2.52242370905827e+00
70	136	92	114	4.91110000000000e+02	1.38230076757951e+03	3.00000000000000e-02	0.00000000000000e+00	0.00000000000000e+00	4.62874072663373e+02	1.97376998285073e+00
71	137	93	115	4.94740000000000e+02	1.38230076757951e+03	3.00000000000000e-02	0.00000000000000e+00	0.00000000000000e+00	4.74560467205375e+02	1.38811095329006e+00
72	138	94	116	5.45280000000000e+02	1.38230076757951e+03	3.00000000000000e-02	0.00000000000000e+00	0.00000000000000e+00	4.80581626931609e+02	4.21007770227693e+00
73	139	95	117	5.43120000000000e+02	1.38230076757951e+03	3.00000000000000e-02	0.00000000000000e+00	0.00000000000000e+00	5.10804132991011e+02	2.04480248852980e+00
75	140	97	119	5.79330000000000e+02	1.38230076757951e+03	3.00000000000000e-02	0.00000000000000e+00	0.00000000000000e+00	5.31482197607693e+02	2.87341869343474e+00
76	142	98	120	5.74870000000000e+02	1.38230076757951e+03	3.00000000000000e-02	0.00000000000000e+00	0.00000000000000e+00	5.27030911448277e+02	2.89615753195160e+00
77	143	99	121	5.57280000000000e+02	1.38230076757951e+03	3.00000000000000e-02	0.00000000000000e+00	0.00000000000000e+00	5.32144159788213e+02	1.53844589793941e+00
78	141	100	122	5.69020000000000e+02	1.38230076757951e+03	3.00000000000000e-02	0.00000000000000e+00	0.00000000000000e+00	5.31534887695873e+02	2.27155823994035e+00
79	144	101	123	5.00200000000000e+02	1.38230076757951e+03	3.00000000000000e-02	0.00000000000000e+00	0.00000000000000e+00	5.29811540745383e+02	-1.91711137895227e+00
80	145	102	124	6.07360000000000e+02	1.38230076757951e+03	3.00000000000000e-02	0.00000000000000e+00	0.00000000000000e+00	5.48374339053457e+02	3.40545139259681e+00
81	146	103	125	6.32060000000000e+02	1.38230076757951e+03	3.00000000000000e-02	0.00000000000000e+00	0.00000000000000e+00	5.61200800451218e+02	3.96351839338171e+00
82	147	104	126	5.98990000000000e+02	1.38230076757951e+03	3.00000000000000e-02	0.00000000000000e+00	0.00000000000000e+00	5.57370701088223e+02	2.40047844497389e+00
83	148	105	127	6.05110000000000e+02	1.38230076757951e+03	3.00000000000000e-02	0.00000000000000e+00	0.00000000000000e+00	5.68506856450674e+02	2.07989619895415e+00
84	149	106	128	6.35800000000000e+02	1.38230076757951e+03	3.00000000000000e-02	0.00000000000000e+00	0.00000000000000e+00	5.77561682401782e+02	3.20229341435771e+00
85	150	107	129	5.98960000000000e+02	1.38230076757951e+03	3.00000000000000e-02	0.00000000000000e+00	0.00000000000000e+00	5.77648236584850e+02	1.20765739126230e+00
86	151	108	130	5.88210000000000e+02	1.38230076757951e+03	3.00000000000000e-02	0.00000000000000e+00	0.00000000000000e+00	5.72434572608147e+02	9.06186058393714e-01
87	152	109	131	5.88960000000000e+02	1.38230076757951e+03	3.00000000000000e-02	0.00000000000000e+00	0.00000000000000e+00	5.57543791348237e+02	1.82724066259080e+00
88	153	110	132	5.71340000000000e+02	1.38230076757951e+03	3.00000000000000e-02	0.00000000000000e+00	0.00000000000000e+00	5.33388187316411e+02	2.29116711812545e+00
89	154	111	133	5.27300000000000e+02	1.38230076757951e+03	3.00000000000000e-02	0.00000000000000e+00	0.00000000000000e+00	5.05428523333223e+02	1.41210053431893e+00
90	155	112	134	5.42340000000000e+02	1.38230076757951e+03	3.00000000000000e-02	0.00000000000000e+00	0.00000000000000e+00	4.98869590718348e+02	2.78494635627421e+00
91	156	113	135	5.55050000000000e+02	1.38230076757951e+03	3.00000000000000e-02	0.00000000000000e+00	0.00000000000000e+00	4.73609993452947e+02	5.28913384635441e+00
92	157	114	136	4.98580000000000e+02	1.38230076757951e+03	3.00000000000000e-02	0.00000000000000e+00	0.00000000000000e+00	4.25229252385837e+02	5.30452057002859e+00
93	158	115	137	3.53870000000000e+02	1.38230076757951e+03	3.00000000000000e-02	0.00000000000000e+00	0.00000000000000e+00	4.14610266467429e+02	-5.28031159962813e+00
94	159	116	138	5.01670000000000e+02	1.38230076757951e+03	3.00000000000000e-02	0.00000000000000e+00	0.00000000000000e+00	4.15294037711147e+02	6.29852463534174e+00
1	70	24	47	4.05230000000000e+02	1.44513262065130e+03	3.00000000000000e-02	0.00000000000000e+00	0.00000000000000e+00	3.03294595293476e+02	9.65834040941619e+00
3	71	25	48	3.33930000000000e+02	1.44513262065130e+03	3.00000000000000e-02	0.00000000000000e+00	0.00000000000000e+00	3.18541350460159e+02	1.57263649425798e+00
4	72	26	49	3.41720000000000e+02	1.44513262065130e+03	3.00000000000000e-02	0.00000000000000e+00	0.00000000000000e+00	3.15172399149998e+02	2.69573000941055e+00
2	73	27	50	3.25620000000000e+02	1.44513262065130e+03	3.00000000000000e-02	0.00000000000000e+00	0.00000000000000e+00	3.09824277086946e+02	1.65752562166430e+00
5	74	28	51	3.38420000000000e+02	1.44513262065130e+03	3.00000000000000e-02	0.00000000000000e+00	0.00000000000000e+00	3.16402091647003e+02	2.24246270002695e+00
6	75	29	52	3.69780000000000e+02	1.44513262065130e+03	3.00000000000000e-02	0.00000000000000e+00	0.00000000000000e+00	3.19926895143223e+02	4.82719057283839e+00
7	76	30	53	3.36040000000000e+02	1.44513262065130e+03	3.00000000000000e-02	0.00000000000000e+00	0.00000000000000e+00	3.26482782268185e+02	9.61766247272629e-01
8	77	31	54	3.29310000000000e+02	1.44513262065130e+03	3.00000000000000e-02	0.00000000000000e+00	0.00000000000000e+00	3.31618320887734e+02	-2.32837177686414e-01
9	78	32	55	3.97730000000000e+02	1.44513262065130e+03	3.00000000000000e-02	0.00000000000000e+00	0.00000000000000e+00	3.48583181348652e+02	4.39654991551084e+00
10	79	33	56	3.82680000000000e+02	1.44513262065130e+03	3.00000000000000e-02	0.00000000000000e+00	0.00000000000000e+00	3.71677399282010e+02	9.72428633627794e-01
11	80	34	57	3.82630000000000e+02	1.44513262065130e+03	3.00000000000000e-02	0.00000000000000e+00	0.00000000000000e+00	3.82619530559975e+02	9.12071998075229e-04
12	81	35	58	3.64750000000000e+02	1.44513262065130e+03	3.00000000000000e-02	0.00000000000000e+00	0.00000000000000e+00	3.77268429418626e+02	-1.12482536853843e+00
13	82	36	59	4.93120000000000e+02	1.44513262065130e+03	3.00000000000000e-02	0.00000000000000e+00	0.00000000000000e+00	3.89620135493340e+02	7.85267664070310e+00
14	83	37	60	4.12410000000000e+02	1.44513262065130e+03	3.00000000000000e-02	0.00000000000000e+00	0.00000000000000e+00	3.84706919083802e+02	2.31787349646299e+00
15	84	38	61	4.47070000000000e+02	1.44513262065130e+03	3.00000000000000e-02	0.00000000000000e+00	0.00000000000000e+00	4.09145959093231e+02	2.95477404422041e+00
16	85	39	62	4.79160000000000e+02	1.44513262065130e+03	3.00000000000000e-02	0.00000000000000e+00	0.00000000000000e+00	4.29201254013689e+02	3.67028794547144e+00
17	86	40	63	4.96470000000000e+02	1.44513262065130e+03	3.00000000000000e-02	0.00000000000000e+00	0.00000000000000e+00	4.61065987775325e+02	2.46606284784905e+00
18	87	41	64	5.09570000000000e+02	1.44513262065130e+03	3.00000000000000e-02	0.00000000000000e+00	0.00000000000000e+00	4.84985192564723e+02	1.64829577154384e+00
19	88	42	65	5.36150000000000e+02	1.44513262065130e+03	3.00000000000000e-02	0.00000000000000e+00	0.00000000000000e+00	5.08009246877342e+02	1.79714409129611e+00
20	89	43	66	5.52410000000000e+02	1.44513262065130e+03	3.00000000000000e-02	0.00000000000000e+00	0.00000000000000e+00	5.41547048401868e+02	6.62019206885992e-01
21	90	44	67	5.70170000000000e+02	1.44513262065130e+03	3.00000000000000e-02	0.00000000000000e+00	0.00000000000000e+00	5.66248312661937e+02	2.30062167663755e-01
22	91	45	68	6.13440000000000e+02	1.44513262065130e+03	3.00000000000000e-02	0.00000000000000e+00	0.00000000000000e+00	5.78861953326237e+02	1.93394777637890e+00
23	92	46	69	6.72160000000000e+02	1.44513262065130e+03	3.00000000000000e-02	0.00000000000000e+00	0.00000000000000e+00	5.96733518785264e+02	3.96752536246077e+00
24	93	47	70	6.47320000000000e+02	1.44513262065130e+03	3.00000000000000e-02	0.00000000000000e+00	0.00000000000000e+00	6.10852073381361e+02	1.93286461827468e+00
25	94	48	71	7.80820000000000e+02	1.44513262065130e+03	3.00000000000000e-02	0.00000000000000e+00	0.00000000000000e+00	6.09980064712441e+02	8.23061245636261e+00
26	95	49	72	9.14310000000000e+02	1.44513262065130e+03	3.00000000000000e-02	0.00000000000000e+00	0.00000000000000e+00	6.14451484109489e+02	1.32479902788586e+01
27	96	50	73	6.22520000000000e+02	1.44513262065130e+03	3.00000000000000e-02	0.00000000000000e+00	0.00000000000000e+00	6.37307165357572e+02	-7.82532974137625e-01
28	97	51	74	6.67450000000000e+02	1.44513262065130e+03	3.00000000000000e-02	0.00000000000000e+00	0.00000000000000e+00	6.43174743256484e+02	1.23493437776947e+00
29	98	52	75	7.20000000000000e+02	1.44513262065130e+03	3.00000000000000e-02	0.00000000000000e+00	0.00000000000000e+00	6.52919995057337e+02	3.25988697647857e+00
30	99	53	76	6.23700000000000e+02	1.44513262065130e+03	3.00000000000000e-02	0.00000000000000e+00	0.00000000000000e+00	6.46537503473359e+02	-1.19872410034165e+00
31	100	54	77	6.10210000000000e+02	1.44513262065130e+03	3.00000000000000e-02	0.00000000000000e+00	0.00000000000000e+00	6.24229862228360e+02	-7.57183642539131e-01
32	101	55	78	5.96550000000000e+02	1.44513262065130e+03	3.00000000000000e-02	0.00000000000000e+00	0.00000000000000e+00	6.15272683101482e+02	-1.03008321248502e+00
33	102	56	79	6.48310000000000e+02	1.44513262065130e+03	3.00000000000000e-02	0.00000000000000e+00	0.00000000000000e+00	5.92878986574947e+02	2.97928895678927e+00
34	103	57	80	6.30030000000000e+02	1.44513262065130e+03	3.00000000000000e-02	0.00000000000000e+00	0.00000000000000e+00	5.84608053581198e+02	2.49419361640279e+00
35	104	58	81	5.97080000000000e+02	1.44513262065130e+03	3.00000000000000e-02	0.00000000000000e+00	0.00000000000000e+00	5.80844152359735e+02	9.18954241356484e-01
36	105	59	82	6.68750000000000e+02	1.44513262065130e+03	3.00000000000000e-02	0.00000000000000e+00	0.00000000000000e+00	5.65709273689923e+02	5.57766675650913e+00
37	106	60	83	5.71280000000000e+02	1.44513262065130e+03	3.00000000000000e-02	0.00000000000000e+00	0.00000000000000e+00	5.66731281765991e+02	2.66473190644501e-01
38	107	61	84	5.67150000000000e+02	1.44513262065130e+03	3.00000000000000e-02	0.00000000000000e+00	0.00000000000000e+00	5.47541371454615e+02	1.17285986228556e+00
39	108	62	85	4.78400000000000e+02	1.44513262065130e+03	3.00000000000000e-02	0.00000000000000e+00	0.00000000000000e+00	5.35570020323088e+02	-3.76281452031009e+00
40	109	63	86	5.04380000000000e+02	1.44513262065130e+03	3.00000000000000e-02	0.00000000000000e+00	0.00000000000000e+00	5.18781145508400e+02	-9.38405234760342e-01
41	110	64	87	4.97280000000000e+02	1.44513262065130e+03	3.00000000000000e-02	0.00000000000000e+00	0.00000000000000e+00	4.93547062961807e+02	2.51167591176256e-01
42	111	65	88	4.69950000000000e+02	1.44513262065130e+03	3.00000000000000e-02	0.00000000000000e+00	0.00000000000000e+00	4.71444938140838e+02	-1.05866966625386e-01
43	112	66	89	4.54650000000000e+02	1.44513262065130e+03	3.00000000000000e-02	0.00000000000000e+00	0.00000000000000e+00	4.59588919770073e+02	-3.60151503061967e-01
44	113	67	90	4.16890000000000e+02	1.44513262065130e+03	3.00000000000000e-02	0.00000000000000e+00	0.00000000000000e+00	4.53951260158795e+02	-2.83891459227522e+00
45	114	68	91	4.74000000000000e+02	1.44513262065130e+03	3.00000000000000e-02	0.00000000000000e+00	0.00000000000000e+00	4.56008220186351e+02	1.28988285395725e+00
46	115	69	92	4.30860000000000e+02	1.44513262065130e+03	3.00000000000000e-02	0.00000000000000e+00	0.00000000000000e+00	4.50273198897431e+02	-1.46904319530451e+00
47	116	70	93	4.40040000000000e+02	1.44513262065130e+03	3.00000000000000e-02	0.00000000000000e+00	0.00000000000000e+00	4.45626967663374e+02	-4.20552493381976e-01
48	117	71	94	4.41580000000000e+02	1.44513262065130e+03	3.00000000000000e-02	0.00000000000000e+00	0.00000000000000e+00	4.38873259099243e+02	2.04951211210602e-01
49	118	72	95	4.49500000000000e+02	1.44513262065130e+03	3.00000000000000e-02	0.00000000000000e+00	0.00000000000000e+00	4.32902674617957e+02	1.25409737030552e+00
50	119	73	96	4.18360000000000e+02	1.44513262065130e+03	3.00000000000000e-02	0.00000000000000e+00	0.00000000000000e+00	4.16877351046269e+02	1.18341651362760e-01
51	120	74	97	4.21220000000000e+02	1.44513262065130e+03	3.00000000000000e-02	0.00000000000000e+00	0.00000000000000e+00	4.14558887618527e+02	5.31340966178225e-01
52	121	75	98	3.94860000000000e+02	1.44513262065130e+03	3.00000000000000e-02	0.00000000000000e+00	0.00000000000000e+00	3.93381770731384e+02	1.25023485302359e-01
53	122	76	99	3.90330000000000e+02	1.44513262065130e+03	3.00000000000000e-02	0.00000000000000e+00	0.00000000000000e+00	3.93121501015833e+02	-2.37539726497597e-01
54	123	77	100	4.02680000000000e+02	1.44513262065130e+03	3.00000000000000e-02	0.00000000000000e+00	0.00000000000000e+00	4.11662220165162e+02	-7.35365241872750e-01
55	124	78	101	3.87770000000000e+02	1.44513262065130e+03	3.00000000000000e-02	0.00000000000000e+00	0.00000000000000e+00	4.12181526160690e+02	-2.03504898132832e+00
56	125	79	102	4.02400000000000e+02	1.44513262065130e+03	3.00000000000000e-02	0.00000000000000e+00	0.00000000000000e+00	4.11184022111538e+02	-7.19807928928044e-01
57	126	80	103	3.95370000000000e+02	1.44513262065130e+03	3.00000000000000e-02	0.00000000000000e+00	0.00000000000000e+00	4.04802238541959e+02	-7.85887087633904e-01
58	127	81	104	3.59250000000000e+02	1.44513262065130e+03	3.00000000000000e-02	0.00000000000000e+00	0.00000000000000e+00	3.89979011057364e+02	-2.73581316382329e+00
59	128	82	105	3.77420000000000e+02	1.44513262065130e+03	3.00000000000000e-02	0.00000000000000e+00	0.00000000000000e+00	3.93275997394087e+02	-1.37176743760670e+00
60	129	83	106	3.65060000000000e+02	1.44513262065130e+03	3.00000000000000e-02	0.00000000000000e+00	0.00000000000000e+00	3.93648992752983e+02	-2.51326357516879e+00
61	130	84	107	4.42790000000000e+02	1.44513262065130e+03	3.00000000000000e-02	0.00000000000000e+00	0.00000000000000e+00	4.00963314406331e+02	3.30752263899197e+00
62	131	85	108	4.22550000000000e+02	1.44513262065130e+03	3.00000000000000e-02	0.00000000000000e+00	0.00000000000000e+00	4.00975608470587e+02	1.74690614301950e+00
63	132	86	109	4.02810000000000e+02	1.44513262065130e+03	3.00000000000000e-02	0.00000000000000e+00	0.00000000000000e+00	4.08798750140302e+02	-4.91933158178644e-01
64	133	87	110	3.87870000000000e+02	1.44513262065130e+03	3.00000000000000e-02	0.00000000000000e+00	0.00000000000000e+00	4.25237887732336e+02	-3.06595054123209e+00
65	134	88	111	5.00860000000000e+02	1.44513262065130e+03	3.00000000000000e-02	0.00000000000000e+00	0.00000000000000e+00	4.46496210042482e+02	3.82985695941211e+00
66	135	89	112	4.72560000000000e+02	1.44513262065130e+03	3.00000000000000e-02	0.00000000000000e+00	0.00000000000000e+00	4.53005203148738e+02	1.40870372007852e+00
67	136	90	113	4.88080000000000e+02	1.44513262065130e+03	3.00000000000000e-02	0.00000000000000e+00	0.00000000000000e+00	4.59394481069340e+02	2.01900166685626e+00
68	137	91	114	4.95800000000000e+02	1.44513262065130e+03	3.00000000000000e-02	0.00000000000000e+00	0.00000000000000e+00	4.62967775794246e+02	2.28383888844972e+00
69	138	92	115	4.93960000000000e+02	1.44513262065130e+03	3.00000000000000e-02	0.00000000000000e+00	0.00000000000000e+00	4.71300567588018e+02	1.56528346725437e+00
70	139	93	116	5.10420000000000e+02	1.44513262065130e+03	3.00000000000000e-02	0.00000000000000e+00	0.00000000000000e+00	4.84357325918794e+02	1.74703350665570e+00
72	140	95	118	5.55880000000000e+02	1.44513262065130e+03	3.00000000000000e-02	0.00000000000000e+00	0.00000000000000e+00	5.16123466779597e+02	2.47354766847595e+00
73	142	96	119	5.55640000000000e+02	1.44513262065130e+03	3.00000000000000e-02	0.00000000000000e+00	0.00000000000000e+00	5.25566206216826e+02	1.85481443519757e+00
74	143	97	120	5.45320000000000e+02	1.44513262065130e+03	3.00000000000000e-02	0.00000000000000e+00	0.00000000000000e+00	5.22251688632610e+02	1.44077148355543e+00
75	141	98	121	5.82130000000000e+02	1.44513262065130e+03	3.00000000000000e-02	0.00000000000000e+00	0.00000000000000e+00	5.43701621154210e+02	2.27643948771809e+00
76	144	99	122	5.52180000000000e+02	1.44513262065130e+03	3.00000000000000e-02	0.00000000000000e+00	0.00000000000000e+00	5.41481641867807e+02	6.52163886010904e-01
77	145	100	123	5.80660000000000e+02	1.44513262065130e+03	3.00000000000000e-02	0.00000000000000e+00	0.00000000000000e+00	5.33105631234188e+02	2.84819335545838e+00
78	146	101	124	5.86210000000000e+02	1.44513262065130e+03	3.00000000000000e-02	0.00000000000000e+00	0.00000000000000e+00	5.40791924993758e+02	2.68811647108726e+00
79	147	102	125	6.08240000000000e+02	1.44513262065130e+03	3.00000000000000e-02	0.00000000000000e+00	0.00000000000000e+00	5.57568219059750e+02	2.89948930151871e+00
80	148	103	126	6.39730000000000e+02	1.44513262065130e+03	3.00000000000000e-02	0.00000000000000e+00	0.00000000000000e+00	5.79020265926654e+02	3.32362445928442e+00
81	149	104	127	6.72130000000000e+02	1.44513262065130e+03	3.00000000000000e-02	0.00000000000000e+00	0.00000000000000e+00	5.97865784716140e+02	3.90284952361573e+00
82	150	105	128	6.08820000000000e+02	1.44513262065130e+03	3.00000000000000e-02	0.00000000000000e+00	0.00000000000000e+00	5.91566938162825e+02	9.58260456747577e-01
83	151	106	129	6.18830000000000e+02	1.44513262065130e+03	3.00000000000000e-02	0.00000000000000e+00	0.00000000000000e+00	5.82714328483152e+02	2.00445115987978e+00
84	152	107	130	5.99450000000000e+02	1.44513262065130e+03	3.00000000000000e-02	0.00000000000000e+00	0.00000000000000e+00	5.73522928962194e+02	1.47382172099461e+00
85	153	108	131	6.11370000000000e+02	1.44513262065130e+03	3.00000000000000e-02	0.00000000000000e+00	0.00000000000000e+00	5.73709934578928e+02	2.11928041340711e+00
86	154	109	132	5.95620000000000e+02	1.44513262065130e+03	3.00000000000000e-02	0.00000000000000e+00	0.00000000000000e+00	5.56003877918256e+02	2.29425369767678e+00
87	155	110	133	5.81760000000000e+02	1.44513262065130e+03	3.00000000000000e-02	0.00000000000000e+00	0.00000000000000e+00	5.29958363521325e+02	3.10865158275231e+00
88	156	111	134	5.53110000000000e+02	1.44513262065130e+03	3.00000000000000e-02	0.00000000000000e+00	0.00000000000000e+00	4.79295105885351e+02	4.77468005333763e+00
89	157	112	135	4.84220000000000e+02	1.44513262065130e+03	3.00000000000000e-02	0.00000000000000e+00	0.00000000000000e+00	4.26000406382827e+02	4.26996828924905e+00
90	158	113	136	3.52550000000000e+02	1.44513262065130e+03	3.00000000000000e-02	0.00000000000000e+00	0.00000000000000e+00	4.21113067220320e+02	-5.92363032262110e+00
91	159	114	137	3.34340000000000e+02	1.44513262065130e+03	3.00000000000000e-02	0.00000000000000e+00	0.00000000000000e+00	4.20675920849914e+02	-7.65681045891397e+00
1	73	25	49	3.16130000000000e+02	1.50796447372310e+03	3.00000000000000e-02	0.00000000000000e+00	0.00000000000000e+00	3.08394151063965e+02	8.25828176854534e-01
3	74	26	50	4.15770000000000e+02	1.50796447372310e+03	3.00000000000000e-02	0.00000000000000e+00	0.00000000000000e+00	3.07033046510347e+02	1.01058945866191e+01
4	75	27	51	3.19490000000000e+02	1.50796447372310e+03	3.00000000000000e-02	0.00000000000000e+00	0.00000000000000e+00	3.05941142413555e+02	1.44444120084239e+00
2	76	28	52	3.32010000000000e+02	1.50796447372310e+03	3.00000000000000e-02	0.00000000000000e+00	0.00000000000000e+00	3.13238420416008e+02	1.94001539341251e+00
5	77	29	53	3.74580000000000e+02	1.50796447372310e+03	3.00000000000000e-02	0.00000000000000e+00	0.00000000000000e+00	3.19654711027516e+02	5.28546710389373e+00
6	78	30	54	3.34300000000000e+02	1.50796447372310e+03	3.00000000000000e-02	0.00000000000000e+00	0.00000000000000e+00	3.21808683834701e+02	1.26938580133755e+00
7	79	31	55	3.56460000000000e+02	1.50796447372310e+03	3.00000000000000e-02	0.00000000000000e+00	0.00000000000000e+00	3.30352731537981e+02	2.53536881786403e+00
8	80	32	56	3.50470000000000e+02	1.50796447372310e+03	3.00000000000000e-02	0.00000000000000e+00	0.00000000000000e+00	3.55596667602826e+02	-4.84067386672008e-01
9	81	33	57	4.93260000000000e+02	1.50796447372310e+03	3.00000000000000e-02	0.00000000000000e+00	0.00000000000000e+00	3.76962937302707e+02	8.96298484395593e+00
10	82	34	58	4.11340000000000e+02	1.50796447372310e+03	3.00000000000000e-02	0.00000000000000e+00	0.00000000000000e+00	3.85341607362661e+02	2.17632967977265e+00
11	83	35	59	3.84490000000000e+02	1.50796447372310e+03	3.00000000000000e-02	0.00000000000000e+00	0.00000000000000e+00	3.82115480019054e+02	2.06497138944428e-01
12	84	36	60	3.53550000000000e+02	1.50796447372310e+03	3.00000000000000e-02	0.00000000000000e+00	0.00000000000000e+00	3.76903276283877e+02	-2.13212249663268e+00
13	85	37	61	4.62730000000000e+02	1.50796447372310e+03	3.00000000000000e-02	0.00000000000000e+00	0.00000000000000e+00	3.99576187569213e+02	4.89130921024286e+00
14	86	38	62	4.67360000000000e+02	1.50796447372310e+03	3.00000000000000e-02	0.00000000000000e+00	0.00000000000000e+00	4.18475744019528e+02	3.68269699072264e+00
15	87	39	63	4.85740000000000e+02	1.50796447372310e+03	3.00000000000000e-02	0.00000000000000e+00	0.00000000000000e+00	4.33938218671315e+02	3.75904435495877e+00
16	88	40	64	5.05200000000000e+02	1.50796447372310e+03	3.00000000000000e-02	0.00000000000000e+00	0.00000000000000e+00	4.65498001040693e+02	2.72821959960714e+00
17	89	41	65	5.29930000000000e+02	1.50796447372310e+03	3.00000000000000e-02	0.00000000000000e+00	0.00000000000000e+00	4.96540348952289e+02	2.16933917988307e+00
18	90	42	66	5.49830000000000e+02	1.50796447372310e+03	3.00000000000000e-02	0.00000000000000e+00	0.00000000000000e+00	5.20647418361652e+02	1.81786890221304e+00
19	91	43	67	5.68180000000000e+02	1.50796447372310e+03	3.00000000000000e-02	0.00000000000000e+00	0.00000000000000e+00	5.49078919135237e+02	1.13986960156203e+00
20	92	44	68	5.82520000000000e+02	1.50796447372310e+03	3.00000000000000e-02	0.00000000000000e+00	0.00000000000000e+00	5.62570286530414e+02	1.16158131700124e+00
21	93	45	69	5.92530000000000e+02	1.50796447372310e+03	3.00000000000000e-02	0.00000000000000e+00	0.00000000000000e+00	5.83065734053900e+02	5.36719108847983e-01
22	94	46	70	6.42660000000000e+02	1.50796447372310e+03	3.00000000000000e-02	0.00000000000000e+00	0.00000000000000e+00	6.17967311344061e+02	1.30600837370422e+00
23	95	47	71	7.11910000000000e+02	1.50796447372310e+03	3.00000000000000e-02	0.00000000000000e+00	0.00000000000000e+00	6.23122260385481e+02	4.44029182647947e+00
24	96	48	72	6.88370000000000e+02	1.50796447372310e+03	3.00000000000000e-02	0.00000000000000e+00	0.00000000000000e+00	6.19414424382801e+02	3.51839763784909e+00
25	97	49	73	6.16130000000000e+02	1.50796447372310e+03	3.00000000000000e-02	0.00000000000000e+00	0.00000000000000e+00	6.39823041535313e+02	-1.25778867637217e+00
26	98	50	74	9.07390000000000e+02	1.50796447372310e+03	3.00000000000000e-02	0.00000000000000e+00	0.00000000000000e+00	6.60796352470742e+02	1.05708881449403e+01
27	99	51	75	6.67720000000000e+02	1.50796447372310e+03	3.00000000000000e-02	0.00000000000000e+00	0.00000000000000e+00	6.65314134782348e+02	1.20320391258962e-01
28	100	52	76	6.38590000000000e+02	1.50796447372310e+03	3.00000000000000e-02	0.00000000000000e+00	0.00000000000000e+00	6.43987130081032e+02	-2.80537355166199e-01
29	101	53	77	7.45190000000000e+02	1.50796447372310e+03	3.00000000000000e-02	0.00000000000000e+00	0.00000000000000e+00	6.31190050751630e+02	5.53440708158958e+00
30	102	54	78	5.88350000000000e+02	1.50796447372310e+03	3.00000000000000e-02	0.00000000000000e+00	0.00000000000000e+00	6.36589124784429e+02	-2.62674741709610e+00
31	103	55	79	6.20530000000000e+02	1.50796447372310e+03	3.00000000000000e-02	0.00000000000000e+00	0.00000000000000e+00	6.31100312937853e+02	-5.63029095624579e-01
32	104	56	80	5.64580000000000e+02	1.50796447372310e+03	3.00000000000000e-02	0.00000000000000e+00	0.00000000000000e+00	6.10149935723186e+02	-2.58742104494966e+00
33	105	57	81	6.37410000000000e+02	1.50796447372310e+03	3.00000000000000e-02	0.00000000000000e+00	0.00000000000000e+00	5.89824930177909e+02	2.58624420801752e+00
34	106	58	82	6.18160000000000e+02	1.50796447372310e+03	3.00000000000000e-02	0.00000000000000e+00	0.00000000000000e+00	5.79388670664384e+02	2.15912640154491e+00
35	107	59	83	6.60870000000000e+02	1.50796447372310e+03	3.00000000000000e-02	0.00000000000000e+00	0.00000000000000e+00	5.80854782686984e+02	4.30187889763669e+00
36	108	60	84	5.88270000000000e+02	1.50796447372310e+03	3.00000000000000e-02	0.00000000000000e+00	0.00000000000000e+00	5.79585696404851e+02	4.95749814268335e-01
37	109	61	85	5.64460000000000e+02	1.50796447372310e+03	3.00000000000000e-02	0.00000000000000e+00	0.00000000000000e+00	5.57756977467812e+02	3.98205954994542e-01
38	110	62	86	5.65640000000000e+02	1.50796447372310e+03	3.00000000000000e-02	0.00000000000000e+00	0.00000000000000e+00	5.36309294090435e+02	1.77489325265121e+00
39	111	63	87	4.91150000000000e+02	1.50796447372310e+03	3.00000000000000e-02	0.00000000000000e+00	0.00000000000000e+00	5.10085560645434e+02	-1.26096324992645e+00
40	112	64	88	4.87950000000000e+02	1.50796447372310e+03	3.00000000000000e-02	0.00000000000000e+00	0.00000000000000e+00	4.93385749284974e+02	-3.69279313640902e-01
41	113	65	89	4.12970000000000e+02	1.50796447372310e+03	3.00000000000000e-02	0.00000000000000e+00	0.00000000000000e+00	4.78466198894196e+02	-4.90702058602880e+00
42	114	66	90	4.74610000000000e+02	1.50796447372310e+03	3.00000000000000e-02	0.00000000000000e+00	0.00000000000000e+00	4.67822899134688e+02	4.80120350287727e-01
43	115	67	91	4.08880000000000e+02	1.50796447372310e+03	3.00000000000000e-02	0.00000000000000e+00	0.00000000000000e+00	4.53354603313632e+02	-3.44176311918292e+00
44	116	68	92	4.21800000000000e+02	1.50796447372310e+03	3.00000000000000e-02	0.00000000000000e+00	0.00000000000000e+00	4.59155793240762e+02	-2.82861010838401e+00
45	117	69	93	4.27870000000000e+02	1.50796447372310e+03	3.00000000000000e-02	0.00000000000000e+00	0.00000000000000e+00	4.47410143286139e+02	-1.48854364334359e+00
46	118	70	94	4.23820000000000e+02	1.50796447372310e+03	3.00000000000000e-02	0.00000000000000e+00	0.00000000000000e+00	4.23586846037943e+02	1.83425445939929e-02
47	119	71	95	4.31640000000000e+02	1.50796447372310e+03	3.00000000000000e-02	0.00000000000000e+00	0.00000000000000e+00	4.28588089200929e+02	2.36520495134614e-01
48	120	72	96	4.45590000000000e+02	1.50796447372310e+03	3.00000000000000e-02	0.00000000000000e+00	0.00000000000000e+00	4.35150239216416e+02	7.90263258031576e-01
49	121	73	97	4.28080000000000e+02	1.50796447372310e+03	3.00000000000000e-02	0.00000000000000e+00	0.00000000000000e+00	4.16051428090013e+02	9.50040538879164e-01
50	122	74	98	4.04480000000000e+02	1.50796447372310e+03	3.00000000000000e-02	0.00000000000000e+00	0.00000000000000e+00	3.94183654939612e+02	8.59512051221944e-01
51	123	75	99	3.88430000000000e+02	1.50796447372310e+03	3.00000000000000e-02	0.00000000000000e+00	0.00000000000000e+00	3.81547300281500e+02	5.95938178121092e-01
52	124	76	100	3.81660000000000e+02	1.50796447372310e+03	3.00000000000000e-02	0.00000000000000e+00	0.00000000000000e+00	3.97014718801497e+02	-1.31477317159669e+00
53	125	77	101	3.98440000000000e+02	1.50796447372310e+03	3.00000000000000e-02	0.00000000000000e+00	0.00000000000000e+00	4.05414487691425e+02	-5.78434929479895e-01
54	126	78	102	3.80770000000000e+02	1.50796447372310e+03	3.00000000000000e-02	0.00000000000000e+00	0.00000000000000e+00	3.97064696087020e+02	-1.39679038482982e+00
55	127	79	103	3.59080000000000e+02	1.50796447372310e+03	3.00000000000000e-02	0.00000000000000e+00	0.00000000000000e+00	3.84848082814352e+02	-2.31011538118497e+00
56	128	80	104	3.82350000000000e+02	1.50796447372310e+03	3.00000000000000e-02	0.00000000000000e+00	0.00000000000000e+00	3.88163818319211e+02	-5.03034772982651e-01
57	129	81	105	3.96640000000000e+02	1.50796447372310e+03	3.00000000000000e-02	0.00000000000000e+00	0.00000000000000e+00	3.99293245280255e+02	-2.22234307871420e-01
58	130	82	106	3.74480000000000e+02	1.50796447372310e+03	3.00000000000000e-02	0.00000000000000e+00	0.00000000000000e+00	3.99738680594977e+02	-2.17575460370497e+00
59	131	83	107	4.10320000000000e+02	1.50796447372310e+03	3.00000000000000e-02	0.00000000000000e+00	0.00000000000000e+00	3.90391806379856e+02	1.65954921729459e+00
60	132	84	108	3.75930000000000e+02	1.50796447372310e+03	3.00000000000000e-02	0.00000000000000e+00	0.00000000000000e+00	3.89604118578337e+02	-1.19093957222779e+00
61	133	85	109	4.05630000000000e+02	1.50796447372310e+03	3.00000000000000e-02	0.00000000000000e+00	0.00000000000000e+00	4.01170789463716e+02	3.68472283952670e-01
62	134	86	110	4.46090000000000e+02	1.50796447372310e+03	3.00000000000000e-02	0.00000000000000e+00	0.00000000000000e+00	4.18939550929149e+02	2.09313619096715e+00
63	135	87	111	4.50470000000000e+02	1.50796447372310e+03	3.00000000000000e-02	0.00000000000000e+00	0.00000000000000e+00	4.37562643814399e+02	9.69053358238684e-01
64	136	88	112	4.31700000000000e+02	1.50796447372310e+03	3.00000000000000e-02	0.00000000000000e+00	0.00000000000000e+00	4.42687646612796e+02	-8.37784404679128e-01
65	137	89	113	4.69180000000000e+02	1.50796447372310e+03	3.00000000000000e-02	0.00000000000000e+00	0.00000000000000e+00	4.54669419017201e+02	1.04719622836660e+00
66	138	90	114	5.11980000000000e+02	1.50796447372310e+03	3.00000000000000e-02	0.00000000000000e+00	0.00000000000000e+00	4.62361620235885e+02	3.39794163610483e+00
67	139	91	115	5.08750000000000e+02	1.50796447372310e+03	3.00000000000000e-02	0.00000000000000e+00	0.00000000000000e+00	4.79209811778441e+02	1.99394049448485e+00
69	140	93	117	5.29720000000000e+02	1.50796447372310e+03	3.00000000000000e-02	0.00000000000000e+00	0.00000000000000e+00	4.97084589429440e+02	2.11961177950952e+00
70	142	94	118	5.44090000000000e+02	1.50796447372310e+03	3.00000000000000e-02	0.00000000000000e+00	0.00000000000000e+00	5.17590293850110e+02	1.66435611864152e+00
71	143	95	119	5.03390000000000e+02	1.50796447372310e+03	3.00000000000000e-02	0.00000000000000e+00	0.00000000000000e+00	5.13406345538483e+02	-6.56747020291260e-01
72	141	96	120	5.44610000000000e+02	1.50796447372310e+03	3.00000000000000e-02	0.00000000000000e+00	0.00000000000000e+00	5.12391892369764e+02	2.03267317093350e+00
73	144	97	121	4.94100000000000e+02	1.50796447372310e+03	3.00000000000000e-02	0.00000000000000e+00	0.00000000000000e+00	5.28447682595812e+02	-2.24019607694705e+00
74	145	98	122	5.98590000000000e+02	1.50796447372310e+03	3.00000000000000e-02	0.00000000000000e+00	0.00000000000000e+00	5.49073545725503e+02	2.87814980083789e+00
75	146	99	123	6.14860000000000e+02	1.50796447372310e+03	3.00000000000000e-02	0.00000000000000e+00	0.00000000000000e+00	5.64128292295534e+02	2.87043017918531e+00
76	147	100	124	6.15770000000000e+02	1.50796447372310e+03	3.00000000000000e-02	0.00000000000000e+00	0.00000000000000e+00	5.55993463703391e+02	3.40389929784696e+00
77	148	101	125	6.06070000000000e+02	1.50796447372310e+03	3.00000000000000e-02	0.00000000000000e+00	0.00000000000000e+00	5.59530265480766e+02	2.66326236203858e+00
78	149	102	126	6.13680000000000e+02	1.50796447372310e+03	3.00000000000000e-02	0.00000000000000e+00	0.00000000000000e+00	5.80643321066412e+02	1.84456521791401e+00
79	150	103	127	6.37900000000000e+02	1.50796447372310e+03	3.00000000000000e-02	0.00000000000000e+00	0.00000000000000e+00	6.06372957765416e+02	1.68954308760482e+00
80	151	104	128	6.08800000000000e+02	1.50796447372310e+03	3.00000000000000e-02	0.00000000000000e+00	0.00000000000000e+00	6.07910063731068e+02	4.87619005908731e-02
81	152	105	129	6.09750000000000e+02	1.50796447372310e+03	3.00000000000000e-02	0.00000000000000e+00	0.00000000000000e+00	5.81804958874595e+02	1.56379225797290e+00
82	153	106	130	5.90590000000000e+02	1.50796447372310e+03	3.00000000000000e-02	0.00000000000000e+00	0.00000000000000e+00	5.75804404144076e+02	8.45133678158246e-01
83	154	107	131	6.11200000000000e+02	1.50796447372310e+03	3.00000000000000e-02	0.00000000000000e+00	0.00000000000000e+00	5.73018342276507e+02	2.15021702320491e+00
84	155	108	132	6.58500000000000e+02	1.50796447372310e+03	3.00000000000000e-02	0.00000000000000e+00	0.00000000000000e+00	5.61673064852662e+02	5.30148585669312e+00
85	156	109	133	6.10620000000000e+02	1.50796447372310e+03	3.00000000000000e-02	0.00000000000000e+00	0.00000000000000e+00	5.30201000823252e+02	4.70728843151023e+00
86	157	110	134	5.25300000000000e+02	1.50796447372310e+03	3.00000000000000e-02	0.00000000000000e+00	0.00000000000000e+00	4.53601493709472e+02	4.89168275138322e+00
87	158	111	135	4.68420000000000e+02	1.50796447372310e+03	3.00000000000000e-02	0.00000000000000e+00	0.00000000000000e+00	4.30279433034142e+02	2.83101624881844e+00
88	159	112	136	5.33330000000000e+02	1.50796447372310e+03	3.00000000000000e-02	0.00000000000000e+00	0.00000000000000e+00	4.33076111494843e+02	6.94089599534603e+00
1	76	26	51	4.35330000000000e+02	1.57079632679490e+03	3.00000000000000e-02	0.00000000000000e+00	0.00000000000000e+00	3.06423013409996e+02	1.17045940028253e+01
3	77	27	52	3.37340000000000e+02	1.57079632679490e+03	3.00000000000000e-02	0.00000000000000e+00	0.00000000000000e+00	3.21370853595583e+02	1.61651868007491e+00
4	78	28	53	3.38040000000000e+02	1.57079632679490e+03	3.00000000000000e-02	0.00000000000000e+00	0.00000000000000e+00	3.18281606027125e+02	2.00758957409647e+00
2	79	29	54	3.60020000000000e+02	1.57079632679490e+03	3.00000000000000e-02	0.00000000000000e+00	0.00000000000000e+00	3.17785658456450e+02	4.15941533179665e+00
5	80	30	55	3.29560000000000e+02	1.57079632679490e+03	3.00000000000000e-02	0.00000000000000e+00	0.00000000000000e+00	3.18040903557230e+02	1.18594764668556e+00
6	81	31	56	3.32370000000000e+02	1.57079632679490e+03	3.00000000000000e-02	0.00000000000000e+00	0.00000000000000e+00	3.30517850966677e+02	1.86271212183235e-01
7	82	32	57	3.82240000000000e+02	1.57079632679490e+03	3.00000000000000e-02	0.00000000000000e+00	0.00000000000000e+00	3.59810047879770e+02	2.01574787197512e+00
8	83	33	58	3.56990000000000e+02	1.57079632679490e+03	3.00000000000000e-02	0.00000000000000e+00	0.00000000000000e+00	3.71140164812550e+02	-1.29573412681211e+00
9	84	34	59	5.02590000000000e+02	1.57079632679490e+03	3.00000000000000e-02	0.00000000000000e+00	0.00000000000000e+00	3.84270264479189e+02	8.94762031995603e+00
10	85	35	60	3.96760000000000e+02	1.57079632679490e+03	3.00000000000000e-02	0.00000000000000e+00	0.00000000000000e+00	3.87599967364346e+02	7.78592268683257e-01
11	86	36	61	4.20580000000000e+02	1.57079632679490e+03	3.00000000000000e-02	0.00000000000000e+00	0.00000000000000e+00	4.02294926417257e+02	1.48164145284705e+00
12	87	37	62	4.27370000000000e+02	1.57079632679490e+03	3.00000000000000e-02	0.00000000000000e+00	0.00000000000000e+00	3.99164735340436e+02	2.27586487846837e+00
13	88	38	63	4.82730000000000e+02	1.57079632679490e+03	3.00000000000000e-02	0.00000000000000e+00	0.00000000000000e+00	4.26562385958031e+02	4.12329535589870e+00
14	89	39	64	4.96660000000000e+02	1.57079632679490e+03	3.00000000000000e-02	0.00000000000000e+00	0.00000000000000e+00	4.52455591953294e+02	3.10720227894172e+00
15	90	40	65	5.32150000000000e+02	1.57079632679490e+03	3.00000000000000e-02	0.00000000000000e+00	0.00000000000000e+00	4.71320420765911e+02	4.04624143009868e+00
16	91	41	66	5.49060000000000e+02	1.57079632679490e+03	3.00000000000000e-02	0.00000000000000e+00	0.00000000000000e+00	4.97675241470310e+02	3.27533288062257e+00
17	92	42	67	5.58490000000000e+02	1.57079632679490e+03	3.00000000000000e-02	0.00000000000000e+00	0.00000000000000e+00	5.23143279087407e+02	2.17937768367182e+00
18	93	43	68	5.59630000000000e+02	1.57079632679490e+03	3.00000000000000e-02	0.00000000000000e+00	0.00000000000000e+00	5.38959996288041e+02	1.25448337701544e+00
19	94	44	69	5.90920000000000e+02	1.57079632679490e+03	3.00000000000000e-02	0.00000000000000e+00	0.00000000000000e+00	5.63587398807729e+02	1.57860743584471e+00
20	95	45	70	6.53660000000000e+02	1.57079632679490e+03	3.00000000000000e-02	0.00000000000000e+00	0.00000000000000e+00	5.96876573823249e+02	3.02923301982165e+00
21	96	46	71	6.30280000000000e+02	1.57079632679490e+03	3.00000000000000e-02	0.00000000000000e+00	0.00000000000000e+00	6.18941867876502e+02	6.05093659379285e-01
22	97	47	72	6.51030000000000e+02	1.57079632679490e+03	3.00000000000000e-02	0.00000000000000e+00	0.00000000000000e+00	6.24446235154532e+02	1.38968302878310e+00
23	98	48	73	8.09980000000000e+02	1.57079632679490e+03	3.00000000000000e-02	0.00000000000000e+00	0.00000000000000e+00	6.48115390657274e+02	7.43136011674398e+00
24	99	49	74	8.28260000000000e+02	1.57079632679490e+03	3.00000000000000e-02	0.00000000000000e+00	0.00000000000000e+00	6.67072808296248e+02	7.21426389775344e+00
25	100	50	75	9.17740000000000e+02	1.57079632679490e+03	3.00000000000000e-02	0.00000000000000e+00	0.00000000000000e+00	6.70995925276166e+02	1.04383687254844e+01
26	101	51	76	7.62290000000000e+02	1.57079632679490e+03	3.00000000000000e-02	0.00000000000000e+00	0.00000000000000e+00	6.54851652983382e+02	5.06394449080686e+00
27	102	52	77	6.06850000000000e+02	1.57079632679490e+03	3.00000000000000e-02	0.00000000000000e+00	0.00000000000000e+00	6.40404171683734e+02	-1.79392839111469e+00
28	103	53	78	6.59330000000000e+02	1.57079632679490e+03	3.00000000000000e-02	0.00000000000000e+00	0.00000000000000e+00	6.44370873813233e+02	7.64990551098066e-01
29	104	54	79	6.92770000000000e+02	1.57079632679490e+03	3.00000000000000e-02	0.00000000000000e+00	0.00000000000000e+00	6.36919652649760e+02	2.80181800471476e+00
30	105	55	80	6.04520000000000e+02	1.57079632679490e+03	3.00000000000000e-02	0.00000000000000e+00	0.00000000000000e+00	6.36065443938790e+02	-1.69555675397538e+00
31	106	56	81	6.47970000000000e+02	1.57079632679490e+03	3.00000000000000e-02	0.00000000000000e+00	0.00000000000000e+00	6.23835579001672e+02	1.26525201751428e+00
32	107	57	82	5.89680000000000e+02	1.57079632679490e+03	3.00000000000000e-02	0.00000000000000e+00	0.00000000000000e+00	6.02383845849190e+02	-7.10494764189355e-01
33	108	58	83	6.13960000000000e+02	1.57079632679490e+03	3.00000000000000e-02	0.00000000000000e+00	0.00000000000000e+00	5.98472070508209e+02	8.51664045119745e-01
34	109	59	84	6.78140000000000e+02	1.57079632679490e+03	3.00000000000000e-02	0.00000000000000e+00	0.00000000000000e+00	5.92273418961953e+02	4.51284572280046e+00
35	110	60	85	5.84820000000000e+02	1.57079632679490e+03	3.00000000000000e-02	0.00000000000000e+00	0.00000000000000e+00	5.77478998273707e+02	4.21067748937443e-01
36	111	61	86	6.37950000000000e+02	1.57079632679490e+03	3.00000000000000e-02	0.00000000000000e+00	0.00000000000000e+00	5.47223555201523e+02	5.11341660664968e+00
37	112	62	87	5.74600000000000e+02	1.57079632679490e+03	3.00000000000000e-02	0.00000000000000e+00	0.00000000000000e+00	5.40640178024351e+02	2.03067314316012e+00
38	113	63	88	4.85210000000000e+02	1.57079632679490e+03	3.00000000000000e-02	0.00000000000000e+00	0.00000000000000e+00	5.23761719061215e+02	-2.54850197888938e+00
39	114	64	89	4.90820000000000e+02	1.57079632679490e+03	3.00000000000000e-02	0.00000000000000e+00	0.00000000000000e+00	5.02609084220033e+02	-7.91174586543490e-01
40	115	65	90	4.16210000000000e+02	1.57079632679490e+03	3.00000000000000e-02	0.00000000000000e+00	0.00000000000000e+00	4.83396239506640e+02	-4.98822494666680e+00
41	116	66	91	4.03080000000000e+02	1.57079632679490e+03	3.00000000000000e-02	0.00000000000000e+00	0.00000000000000e+00	4.67027185699163e+02	-4.90841386836429e+00
42	117	67	92	4.01410000000000e+02	1.57079632679490e+03	3.00000000000000e-02	0.00000000000000e+00	0.00000000000000e+00	4.50124767574213e+02	-3.81804855844964e+00
43	118	68	93	4.12520000000000e+02	1.57079632679490e+03	3.00000000000000e-02	0.00000000000000e+00	0.00000000000000e+00	4.43252447736890e+02	-2.39515925800828e+00
44	119	69	94	3.97890000000000e+02	1.57079632679490e+03	3.00000000000000e-02	0.00000000000000e+00	0.00000000000000e+00	4.38759073081589e+02	-3.25916229267088e+00
45	120	70	95	4.32920000000000e+02	1.57079632679490e+03	3.00000000000000e-02	0.00000000000000e+00	0.00000000000000e+00	4.30396382870184e+02	1.94878290890355e-01
46	121	71	96	4.31600000000000e+02	1.57079632679490e+03	3.00000000000000e-02	0.00000000000000e+00	0.00000000000000e+00	4.16935878434437e+02	1.15222640503866e+00
47	122	72	97	4.19340000000000e+02	1.57079632679490e+03	3.00000000000000e-02	0.00000000000000e+00	0.00000000000000e+00	4.23021464728552e+02	-2.91362502695947e-01
48	123	73	98	4.17030000000000e+02	1.57079632679490e+03	3.00000000000000e-02	0.00000000000000e+00	0.00000000000000e+00	4.03743543894482e+02	1.07927592007716e+00
49	124	74	99	3.95810000000000e+02	1.57079632679490e+03	3.00000000000000e-02	0.00000000000000e+00	0.00000000000000e+00	3.85855367995590e+02	8.49056439912251e-01
50	125	75	100	3.78250000000000e+02	1.57079632679490e+03	3.00000000000000e-02	0.00000000000000e+00	0.00000000000000e+00	3.82046115198373e+02	-3.32865635552556e-01
51	126	76	101	3.94570000000000e+02	1.57079632679490e+03	3.00000000000000e-02	0.00000000000000e+00	0.00000000000000e+00	3.88811345699604e+02	4.90077028530026e-01
52	127	77	102	3.66460000000000e+02	1.57079632679490e+03	3.00000000000000e-02	0.00000000000000e+00	0.00000000000000e+00	3.83963679000966e+02	-1.55528624423938e+00
53	128	78	103	3.55780000000000e+02	1.57079632679490e+03	3.00000000000000e-02	0.00000000000000e+00	0.00000000000000e+00	3.76678534984036e+02	-1.90265230173120e+00
54	129	79	104	3.65640000000000e+02	1.57079632679490e+03	3.00000000000000e-02	0.00000000000000e+00	0.00000000000000e+00	3.89210544103532e+02	-2.08237329649839e+00
55	130	80	105	3.77840000000000e+02	1.57079632679490e+03	3.00000000000000e-02	0.00000000000000e+00	0.00000000000000e+00	3.95447794921709e+02	-1.51826517459600e+00
56	131	81	106	4.31890000000000e+02	1.57079632679490e+03	3.00000000000000e-02	0.00000000000000e+00	0.00000000000000e+00	3.93032933175428e+02	3.14258394679987e+00
57	132	82	107	3.80680000000000e+02	1.57079632679490e+03	3.00000000000000e-02	0.00000000000000e+00	0.00000000000000e+00	3.97960185500860e+02	-1.47976122154393e+00
58	133	83	108	3.65440000000000e+02	1.57079632679490e+03	3.00000000000000e-02	0.00000000000000e+00	0.00000000000000e+00	3.92611901896488e+02	-2.39064966449008e+00
59	134	84	109	4.40670000000000e+02	1.57079632679490e+03	3.00000000000000e-02	0.00000000000000e+00	0.00000000000000e+00	3.95923131001090e+02	3.56920724110177e+00
60	135	85	110	3.94290000000000e+02	1.57079632679490e+03	3.00000000000000e-02	0.00000000000000e+00	0.00000000000000e+00	4.08961766391086e+02	-1.21783306015969e+00
61	136	86	111	4.53360000000000e+02	1.57079632679490e+03	3.00000000000000e-02	0.00000000000000e+00	0.00000000000000e+00	4.32781973901394e+02	1.54841450490147e+00
62	137	87	112	4.86270000000000e+02	1.57079632679490e+03	3.00000000000000e-02	0.00000000000000e+00	0.00000000000000e+00	4.36542386716491e+02	3.59595162491007e+00
63	138	88	113	4.90410000000000e+02	1.57079632679490e+03	3.00000000000000e-02	0.00000000000000e+00	0.00000000000000e+00	4.44742772274953e+02	3.25819002419943e+00
64	139	89	114	4.41110000000000e+02	1.57079632679490e+03	3.00000000000000e-02	0.00000000000000e+00	0.00000000000000e+00	4.57363523479337e+02	-1.20614178091856e+00
66	140	91	116	5.31330000000000e+02	1.57079632679490e+03	3.00000000000000e-02	0.00000000000000e+00	0.00000000000000e+00	4.80766712576237e+02	3.33337165742951e+00
67	142	92	117	5.13060000000000e+02	1.57079632679490e+03	3.00000000000000e-02	0.00000000000000e+00	0.00000000000000e+00	4.96507991560015e+02	1.09310727498881e+00
68	143	93	118	5.03030000000000e+02	1.57079632679490e+03	3.00000000000000e-02	0.00000000000000e+00	0.00000000000000e+00	5.04599685849062e+02	-1.03853438807870e-01
69	141	94	119	5.44770000000000e+02	1.57079632679490e+03	3.00000000000000e-02	0.00000000000000e+00	0.00000000000000e+00	5.09378420803366e+02	2.23908291932163e+00
70	144	95	120	4.74590000000000e+02	1.57079632679490e+03	3.00000000000000e-02	0.00000000000000e+00	0.00000000000000e+00	5.13290408124386e+02	-2.61301697672121e+00
71	145	96	121	5.56140000000000e+02	1.57079632679490e+03	3.00000000000000e-02	0.00000000000000e+00	0.00000000000000e+00	5.30402209877311e+02	1.57948186058234e+00
72	146	97	122	5.74040000000000e+02	1.57079632679490e+03	3.00000000000000e-02	0.00000000000000e+00	0.00000000000000e+00	5.35010895146332e+02	2.34706562848617e+00
73	147	98	123	5.98600000000000e+02	1.57079632679490e+03	3.00000000000000e-02	0.00000000000000e+00	0.00000000000000e+00	5.61688930406017e+02	2.12151344602548e+00
74	148	99	124	6.35600000000000e+02	1.57079632679490e+03	3.00000000000000e-02	0.00000000000000e+00	0.00000000000000e+00	5.81995731088635e+02	2.93687739524255e+00
75	149	100	125	6.24760000000000e+02	1.57079632679490e+03	3.00000000000000e-02	0.00000000000000e+00	0.00000000000000e+00	5.89368881073722e+02	1.94384349050421e+00
76	150	101	126	6.23060000000000e+02	1.57079632679490e+03	3.00000000000000e-02	0.00000000000000e+00	0.00000000000000e+00	5.92751829123664e+02	1.66223371896826e+00
77	151	102	127	6.01510000000000e+02	1.57079632679490e+03	3.00000000000000e-02	0.00000000000000e+00	0.00000000000000e+00	6.05921818841793e+02	-2.43593518463599e-01
78	152	103	128	6.29160000000000e+02	1.57079632679490e+03	3.00000000000000e-02	0.00000000000000e+00	0.00000000000000e+00	6.02079724958989e+02	1.46652421151560e+00
79	153	104	129	6.06580000000000e+02	1.57079632679490e+03	3.00000000000000e-02	0.00000000000000e+00	0.00000000000000e+00	5.85753693385346e+02	1.16457470971373e+00
80	154	105	130	6.02790000000000e+02	1.57079632679490e+03	3.00000000000000e-02	0.00000000000000e+00	0.00000000000000e+00	5.69583222437267e+02	1.88879908971217e+00
81	155	106	131	6.41030000000000e+02	1.57079632679490e+03	3.00000000000000e-02	0.00000000000000e+00	0.00000000000000e+00	5.68313418847589e+02	4.01343991376182e+00
82	156	107	132	6.02260000000000e+02	1.57079632679490e+03	3.00000000000000e-02	0.00000000000000e+00	0.00000000000000e+00	5.38369026385402e+02	3.73816660278289e+00
83	157	108	133	5.40550000000000e+02	1.57079632679490e+03	3.00000000000000e-02	0.00000000000000e+00	0.00000000000000e+00	4.83600828041743e+02	3.71091029181606e+00
84	158	109	134	5.01520000000000e+02	1.57079632679490e+03	3.00000000000000e-02	0.00000000000000e+00	0.00000000000000e+00	4.72942829885022e+02	1.95563242764945e+00
85	159	110	135	4.16790000000000e+02	1.57079632679490e+03	3.00000000000000e-02	0.00000000000000e+00	0.00000000000000e+00	4.58250033698085e+02	-3.16108208091321e+00
1	79	27	53	3.32060000000000e+02	1.63362817986669e+03	3.00000000000000e-02	0.00000000000000e+00	0.00000000000000e+00	3.17872933068477e+02	1.45546513663704e+00
3	80	28	54	3.46860000000000e+02	1.63362817986669e+03	3.00000000000000e-02	0.00000000000000e+00	0.00000000000000e+00	3.25436528060835e+02	2.12512653218194e+00
4	81	29	55	3.03650000000000e+02	1.63362817986669e+03	3.00000000000000e-02	0.00000000000000e+00	0.00000000000000e+00	3.21116511642399e+02	-1.86427665162583e+00
2	82	30	56	3.38150000000000e+02	1.63362817986669e+03	3.00000000000000e-02	0.00000000000000e+00	0.00000000000000e+00	3.29555866315386e+02	8.58123189776420e-01
5	83	31	57	3.44610000000000e+02	1.63362817986669e+03	3.00000000000000e-02	0.00000000000000e+00	0.00000000000000e+00	3.35862294505121e+02	8.57070155035119e-01
6	84	32	58	3.47190000000000e+02	1.63362817986669e+03	3.00000000000000e-02	0.00000000000000e+00	0.00000000000000e+00	3.47125055567154e+02	6.23582743068951e-03
7	85	33	59	4.12470000000000e+02	1.63362817986669e+03	3.00000000000000e-02	0.00000000000000e+00	0.00000000000000e+00	3.65112997763233e+02	4.06521957575654e+00
8	86	34	60	3.87450000000000e+02	1.63362817986669e+03	3.00000000000000e-02	0.00000000000000e+00	0.00000000000000e+00	3.78718108592430e+02	7.59821888923451e-01
9	87	35	61	5.47950000000000e+02	1.63362817986669e+03	3.00000000000000e-02	0.00000000000000e+00	0.00000000000000e+00	4.09340460359531e+02	9.72122702400705e+00
10	88	36	62	4.17810000000000e+02	1.63362817986669e+03	3.00000000000000e-02	0.00000000000000e+00	0.00000000000000e+00	4.18172528072516e+02	-2.89103406723908e-02
11	89	37	63	4.44280000000000e+02	1.63362817986669e+03	3.00000000000000e-02	0.00000000000000e+00	0.00000000000000e+00	4.19486850566962e+02	1.91409381242990e+00
12	90	38	64	4.49100000000000e+02	1.63362817986669e+03	3.00000000000000e-02	0.00000000000000e+00	0.00000000000000e+00	4.31850142791157e+02	1.30556479058527e+00
13	91	39	65	5.06310000000000e+02	1.63362817986669e+03	3.00000000000000e-02	0.00000000000000e+00	0.00000000000000e+00	4.55856297380314e+02	3.49905024640632e+00
14	92	40	66	5.35180000000000e+02	1.63362817986669e+03	3.00000000000000e-02	0.00000000000000e+00	0.00000000000000e+00	4.79973099500367e+02	3.62910264280278e+00
15	93	41	67	5.51630000000000e+02	1.63362817986669e+03	3.00000000000000e-02	0.00000000000000e+00	0.00000000000000e+00	4.95449431108692e+02	3.58040798015387e+00
16	94	42	68	5.57910000000000e+02	1.63362817986669e+03	3.00000000000000e-02	0.00000000000000e+00	0.00000000000000e+00	5.10372480034846e+02	2.96856156333811e+00
17	95	43	69	5.67520000000000e+02	1.63362817986669e+03	3.00000000000000e-02	0.00000000000000e+00	0.00000000000000e+00	5.38823025818819e+02	1.72962706765061e+00
18	96	44	70	5.89580000000000e+02	1.63362817986669e+03	3.00000000000000e-02	0.00000000000000e+00	0.00000000000000e+00	5.71143749452241e+02	1.05898302236046e+00
19	97	45	71	6.12620000000000e+02	1.63362817986669e+03	3.00000000000000e-02	0.00000000000000e+00	0.00000000000000e+00	5.90305112226640e+02	1.23684330000868e+00
20	98	46	72	6.93710000000000e+02	1.63362817986669e+03	3.00000000000000e-02	0.00000000000000e+00	0.00000000000000e+00	6.17668651126503e+02	3.87006184318845e+00
21	99	47	73	6.52070000000000e+02	1.63362817986669e+03	3.00000000000000e-02	0.00000000000000e+00	0.00000000000000e+00	6.45806758501166e+02	3.21719818046725e-01
22	100	48	74	7.06860000000000e+02	1.63362817986669e+03	3.00000000000000e-02	0.00000000000000e+00	0.00000000000000e+00	6.57960114714617e+02	2.38961043110730e+00
23	101	49	75	9.41840000000000e+02	1.63362817986669e+03	3.00000000000000e-02	0.00000000000000e+00	0.00000000000000e+00	6.72458888754788e+02	1.12298143708574e+01
24	102	50	76	7.64660000000000e+02	1.63362817986669e+03	3.00000000000000e-02	0.00000000000000e+00	0.00000000000000e+00	6.68216020707305e+02	4.49399283452658e+00
25	103	51	77	6.21240000000000e+02	1.63362817986669e+03	3.00000000000000e-02	0.00000000000000e+00	0.00000000000000e+00	6.53000580918068e+02	-1.66201793961391e+00
26	104	52	78	8.49740000000000e+02	1.63362817986669e+03	3.00000000000000e-02	0.00000000000000e+00	0.00000000000000e+00	6.50395123166945e+02	8.91167867800622e+00
27	105	53	79	6.56570000000000e+02	1.63362817986669e+03	3.00000000000000e-02	0.00000000000000e+00	0.00000000000000e+00	6.43720808599918e+02	6.58806967344402e-01
28	106	54	80	6.51270000000000e+02	1.63362817986669e+03	3.00000000000000e-02	0.00000000000000e+00	0.00000000000000e+00	6.47731620724722e+02	1.81595258500226e-01
29	107	55	81	7.02310000000000e+02	1.63362817986669e+03	3.00000000000000e-02	0.00000000000000e+00	0.00000000000000e+00	6.51616263278722e+02	2.49730221950430e+00
30	108	56	82	5.73920000000000e+02	1.63362817986669e+03	3.00000000000000e-02	0.00000000000000e+00	0.00000000000000e+00	6.30569199989036e+02	-3.13776299148098e+00
31	109	57	83	6.08250000000000e+02	1.63362817986669e+03	3.00000000000000e-02	0.00000000000000e+00	0.00000000000000e+00	6.16838651119985e+02	-4.67383418836379e-01
32	110	58	84	5.77190000000000e+02	1.63362817986669e+03	3.00000000000000e-02	0.00000000000000e+00	0.00000000000000e+00	6.01431487666409e+02	-1.37137082428529e+00
33	111	59	85	6.81970000000000e+02	1.63362817986669e+03	3.00000000000000e-02	0.00000000000000e+00	0.00000000000000e+00	5.85546751592461e+02	5.08132132503626e+00
34	112	60	86	5.88730000000000e+02	1.63362817986669e+03	3.00000000000000e-02	0.00000000000000e+00	0.00000000000000e+00	5.83060525380393e+02	3.22555879890659e-01
35	113	61	87	5.80080000000000e+02	1.63362817986669e+03	3.00000000000000e-02	0.00000000000000e+00	0.00000000000000e+00	5.59949039853019e+02	1.17734152457946e+00
36	114	62	88	5.32350000000000e+02	1.63362817986669e+03	3.00000000000000e-02	0.00000000000000e+00	0.00000000000000e+00	5.46805597613064e+02	-8.93072469201162e-01
37	115	63	89	4.84630000000000e+02	1.63362817986669e+03	3.00000000000000e-02	0.00000000000000e+00	0.00000000000000e+00	5.25704862587562e+02	-2.71180814425683e+00
38	116	64	90	4.77380000000000e+02	1.63362817986669e+03	3.00000000000000e-02	0.00000000000000e+00	0.00000000000000e+00	5.06206677048627e+02	-1.95440730405888e+00
39	117	65	91	4.01560000000000e+02	1.63362817986669e+03	3.00000000000000e-02	0.00000000000000e+00	0.00000000000000e+00	4.80025234179267e+02	-5.94939039678666e+00
40	118	66	92	3.89840000000000e+02	1.63362817986669e+03	3.00000000000000e-02	0.00000000000000e+00	0.00000000000000e+00	4.57947490910289e+02	-5.36727101129273e+00
41	119	67	93	4.08980000000000e+02	1.63362817986669e+03	3.00000000000000e-02	0.00000000000000e+00	0.00000000000000e+00	4.46782262256111e+02	-2.94683705996723e+00
42	120	68	94	4.24590000000000e+02	1.63362817986669e+03	3.00000000000000e-02	0.00000000000000e+00	0.00000000000000e+00	4.45952519604444e+02	-1.63628302177070e+00
43	121	69	95	4.03600000000000e+02	1.63362817986669e+03	3.00000000000000e-02	0.00000000000000e+00	0.00000000000000e+00	4.34520643324820e+02	-2.46063885421108e+00
44	122	70	96	3.98700000000000e+02	1.63362817986669e+03	3.00000000000000e-02	0.00000000000000e+00	0.00000000000000e+00	4.18941373390125e+02	-1.65072451450354e+00
45	123	71	97	4.27940000000000e+02	1.63362817986669e+03	3.00000000000000e-02	0.00000000000000e+00	0.00000000000000e+00	4.16369820275442e+02	9.13638081643716e-01
46	124	72	98	4.09250000000000e+02	1.63362817986669e+03	3.00000000000000e-02	0.00000000000000e+00	0.00000000000000e+00	4.06150877831992e+02	2.53383513579368e-01
47	125	73	99	3.86670000000000e+02	1.63362817986669e+03	3.00000000000000e-02	0.00000000000000e+00	0.00000000000000e+00	3.89915845099957e+02	-2.78643931989050e-01
48	126	74	100	3.90360000000000e+02	1.63362817986669e+03	3.00000000000000e-02	0.00000000000000e+00	0.00000000000000e+00	3.87604584384459e+02	2.36122756977034e-01
49	127	75	101	3.70070000000000e+02	1.63362817986669e+03	3.00000000000000e-02	0.00000000000000e+00	0.00000000000000e+00	3.69161382463036e+02	8.19425884861502e-02
50	128	76	102	3.67630000000000e+02	1.63362817986669e+03	3.00000000000000e-02	0.00000000000000e+00	0.00000000000000e+00	3.66848445604330e+02	7.09396529679829e-02
51	129	77	103	3.78780000000000e+02	1.63362817986669e+03	3.00000000000000e-02	0.00000000000000e+00	0.00000000000000e+00	3.82719547108834e+02	-3.44896878845032e-01
52	130	78	104	3.64350000000000e+02	1.63362817986669e+03	3.00000000000000e-02	0.00000000000000e+00	0.00000000000000e+00	3.89834028592308e+02	-2.25353789052442e+00
53	131	79	105	3.79880000000000e+02	1.63362817986669e+03	3.00000000000000e-02	0.00000000000000e+00	0.00000000000000e+00	3.93727231783994e+02	-1.19343170175220e+00
54	132	80	106	3.84650000000000e+02	1.63362817986669e+03	3.00000000000000e-02	0.00000000000000e+00	0.00000000000000e+00	3.90452548861074e+02	-4.99087273044374e-01
55	133	81	107	3.66030000000000e+02	1.63362817986669e+03	3.00000000000000e-02	0.00000000000000e+00	0.00000000000000e+00	3.83730416186459e+02	-1.57416558683231e+00
56	134	82	108	3.80950000000000e+02	1.63362817986669e+03	3.00000000000000e-02	0.00000000000000e+00	0.00000000000000e+00	3.96458825264580e+02	-1.33013524256705e+00
57	135	83	109	4.23600000000000e+02	1.63362817986669e+03	3.00000000000000e-02	0.00000000000000e+00	0.00000000000000e+00	4.03487863586814e+02	1.62144014404522e+00
58	136	84	110	4.19440000000000e+02	1.63362817986669e+03	3.00000000000000e-02	0.00000000000000e+00	0.00000000000000e+00	4.15604898465539e+02	3.06181420598535e-01
59	137	85	111	4.44580000000000e+02	1.63362817986669e+03	3.00000000000000e-02	0.00000000000000e+00	0.00000000000000e+00	4.29514945926833e+02	1.14911590037445e+00
60	138	86	112	4.14410000000000e+02	1.63362817986669e+03	3.00000000000000e-02	0.00000000000000e+00	0.00000000000000e+00	4.25036127218161e+02	-8.43944953421024e-01
61	139	87	113	4.65450000000000e+02	1.63362817986669e+03	3.00000000000000e-02	0.00000000000000e+00	0.00000000000000e+00	4.38152199228602e+02	2.01461142407746e+00
63	140	89	115	4.74200000000000e+02	1.63362817986669e+03	3.00000000000000e-02	0.00000000000000e+00	0.00000000000000e+00	4.63585012369642e+02	7.54646382848131e-01
64	142	90	116	4.51400000000000e+02	1.63362817986669e+03	3.00000000000000e-02	0.00000000000000e+00	0.00000000000000e+00	4.71307528896997e+02	-1.43856480543241e+00
65	143	91	117	4.90970000000000e+02	1.63362817986669e+03	3.00000000000000e-02	0.00000000000000e+00	0.00000000000000e+00	4.90279002983291e+02	4.69467742187035e-02
66	141	92	118	5.30140000000000e+02	1.63362817986669e+03	3.00000000000000e-02	0.00000000000000e+00	0.00000000000000e+00	5.04574869072073e+02	1.64749637677648e+00
67	144	93	119	4.48630000000000e+02	1.63362817986669e+03	3.00000000000000e-02	0.00000000000000e+00	0.00000000000000e+00	5.08572872410465e+02	-4.18033397415420e+00
68	145	94	120	5.56350000000000e+02	1.63362817986669e+03	3.00000000000000e-02	0.00000000000000e+00	0.00000000000000e+00	5.12336329375089e+02	2.74720966378175e+00
69	146	95	121	5.63450000000000e+02	1.63362817986669e+03	3.00000000000000e-02	0.00000000000000e+00	0.00000000000000e+00	5.29682957340475e+02	2.05999881795472e+00
70	147	96	122	5.91900000000000e+02	1.63362817986669e+03	3.00000000000000e-02	0.00000000000000e+00	0.00000000000000e+00	5.48676625765804e+02	2.52761526120008e+00
71	148	97	123	5.87750000000000e+02	1.63362817986669e+03	3.00000000000000e-02	0.00000000000000e+00	0.00000000000000e+00	5.59016403329044e+02	1.67076235454984e+00
72	149	98	124	6.04460000000000e+02	1.63362817986669e+03	3.00000000000000e-02	0.00000000000000e+00	0.00000000000000e+00	5.75702125978425e+02	1.62483709812218e+00
73	150	99	125	6.27210000000000e+02	1.63362817986669e+03	3.00000000000000e-02	0.00000000000000e+00	0.00000000000000e+00	6.04147460537305e+02	1.24877015622393e+00
74	151	100	126	6.03060000000000e+02	1.63362817986669e+03	3.00000000000000e-02	0.00000000000000e+00	0.00000000000000e+00	6.07501553650838e+02	-2.44601279888960e-01
75	152	101	127	6.31420000000000e+02	1.63362817986669e+03	3.00000000000000e-02	0.00000000000000e+00	0.00000000000000e+00	6.13042590317389e+02	9.84561308201393e-01
76	153	102	128	6.33950000000000e+02	1.63362817986669e+03	3.00000000000000e-02	0.00000000000000e+00	0.00000000000000e+00	6.10698828899313e+02	1.24553881277774e+00
77	154	103	129	6.24450000000000e+02	1.63362817986669e+03	3.00000000000000e-02	0.00000000000000e+00	0.00000000000000e+00	5.83783317679100e+02	2.24471265671469e+00
78	155	104	130	6.22990000000000e+02	1.63362817986669e+03	3.00000000000000e-02	0.00000000000000e+00	0.00000000000000e+00	5.67125745970236e+02	3.13164713189418e+00
79	156	105	131	6.01790000000000e+02	1.63362817986669e+03	3.00000000000000e-02	0.00000000000000e+00	0.00000000000000e+00	5.30797809278701e+02	4.18424573329326e+00
80	157	106	132	5.40590000000000e+02	1.63362817986669e+03	3.00000000000000e-02	0.00000000000000e+00	0.00000000000000e+00	4.77946876297802e+02	4.10538489477001e+00
81	158	107	133	5.89020000000000e+02	1.63362817986669e+03	3.00000000000000e-02	0.00000000000000e+00	0.00000000000000e+00	4.84718513059028e+02	6.49639339763777e+00
82	159	108	134	5.34000000000000e+02	1.63362817986669e+03	3.00000000000000e-02	0.00000000000000e+00	0.00000000000000e+00	4.83507320214127e+02	3.31097947105183e+00
1	82	28	55	3.88970000000000e+02	1.69646003293849e+03	3.00000000000000e-02	0.00000000000000e+00	0.00000000000000e+00	3.29227750799589e+02	5.55841522938906e+00
3	83	29	56	3.60360000000000e+02	1.69646003293849e+03	3.00000000000000e-02	0.00000000000000e+00	0.00000000000000e+00	3.42748596890880e+02	1.67021023433567e+00
4	84	30	57	3.38440000000000e+02	1.69646003293849e+03	3.00000000000000e-02	0.00000000000000e+00	0.00000000000000e+00	3.40383472127540e+02	-1.90867239906704e-01
2	85	31	58	3.34720000000000e+02	1.69646003293849e+03	3.00000000000000e-02	0.00000000000000e+00	0.00000000000000e+00	3.32613632234772e+02	2.10426954739162e-01
5	86	32	59	3.62480000000000e+02	1.69646003293849e+03	3.00000000000000e-02	0.00000000000000e+00	0.00000000000000e+00	3.40968740231999e+02	2.03928327171002e+00
6	87	33	60	3.81700000000000e+02	1.69646003293849e+03	3.00000000000000e-02	0.00000000000000e+00	0.00000000000000e+00	3.55560459765997e+02	2.36465517676144e+00
7	88	34	61	4.19750000000000e+02	1.69646003293849e+03	3.00000000000000e-02	0.00000000000000e+00	0.00000000000000e+00	3.95255753619969e+02	2.00420876869174e+00
8	89	35	62	4.30990000000000e+02	1.69646003293849e+03	3.00000000000000e-02	0.00000000000000e+00	0.00000000000000e+00	4.14993222183412e+02	1.26075666564226e+00
9	90	36	63	5.83920000000000e+02	1.69646003293849e+03	3.00000000000000e-02	0.00000000000000e+00	0.00000000000000e+00	4.31435385108040e+02	1.00882077552569e+01
10	91	37	64	4.42420000000000e+02	1.69646003293849e+03	3.00000000000000e-02	0.00000000000000e+00	0.00000000000000e+00	4.34802875896254e+02	5.78896254029478e-01
11	92	38	65	4.77870000000000e+02	1.69646003293849e+03	3.00000000000000e-02	0.00000000000000e+00	0.00000000000000e+00	4.41368486072690e+02	2.64862110318986e+00
12	93	39	66	4.94280000000000e+02	1.69646003293849e+03	3.00000000000000e-02	0.00000000000000e+00	0.00000000000000e+00	4.52655154906478e+02	2.93238566986647e+00
13	94	40	67	5.39620000000000e+02	1.69646003293849e+03	3.00000000000000e-02	0.00000000000000e+00	0.00000000000000e+00	4.82131906350777e+02	3.75491489665043e+00
14	95	41	68	5.46070000000000e+02	1.69646003293849e+03	3.00000000000000e-02	0.00000000000000e+00	0.00000000000000e+00	4.94310543180928e+02	3.31944076839094e+00
15	96	42	69	5.70740000000000e+02	1.69646003293849e+03	3.00000000000000e-02	0.00000000000000e+00	0.00000000000000e+00	5.07476561257078e+02	3.91610797720592e+00
16	97	43	70	5.76790000000000e+02	1.69646003293849e+03	3.00000000000000e-02	0.00000000000000e+00	0.00000000000000e+00	5.38242827067514e+02	2.30561463428588e+00
17	98	44	71	5.97980000000000e+02	1.69646003293849e+03	3.00000000000000e-02	0.00000000000000e+00	0.00000000000000e+00	5.68001089619783e+02	1.71446571704295e+00
18	99	45	72	6.12040000000000e+02	1.69646003293849e+03	3.00000000000000e-02	0.00000000000000e+00	0.00000000000000e+00	5.88168886587856e+02	1.32611703690539e+00
19	100	46	73	6.35460000000000e+02	1.69646003293849e+03	3.00000000000000e-02	0.00000000000000e+00	0.00000000000000e+00	6.21806598468064e+02	7.24001221118264e-01
20	101	47	74	6.98270000000000e+02	1.69646003293849e+03	3.00000000000000e-02	0.00000000000000e+00	0.00000000000000e+00	6.44269899068487e+02	2.68293704038219e+00
21	102	48	75	6.55220000000000e+02	1.69646003293849e+03	3.00000000000000e-02	0.00000000000000e+00	0.00000000000000e+00	6.59677134288675e+02	-2.25982258418878e-01
22	103	49	76	7.69370000000000e+02	1.69646003293849e+03	3.00000000000000e-02	0.00000000000000e+00	0.00000000000000e+00	6.65334930027124e+02	4.84271433651120e+00
23	104	50	77	8.39370000000000e+02	1.69646003293849e+03	3.00000000000000e-02	0.00000000000000e+00	0.00000000000000e+00	6.61543174807644e+02	7.93587869942479e+00
24	105	51	78	8.60890000000000e+02	1.69646003293849e+03	3.00000000000000e-02	0.00000000000000e+00	0.00000000000000e+00	6.57763823136708e+02	8.97069341182147e+00
25	106	52	79	9.80460000000000e+02	1.69646003293849e+03	3.00000000000000e-02	0.00000000000000e+00	0.00000000000000e+00	6.55475509697308e+02	1.34220302680334e+01
26	107	53	80	8.10030000000000e+02	1.69646003293849e+03	3.00000000000000e-02	0.00000000000000e+00	0.00000000000000e+00	6.67125175360334e+02	6.46978621679359e+00
27	108	54	81	6.39600000000000e+02	1.69646003293849e+03	3.00000000000000e-02	0.00000000000000e+00	0.00000000000000e+00	6.67244004709723e+02	-1.41042740703308e+00
28	109	55	82	6.40560000000000e+02	1.69646003293849e+03	3.00000000000000e-02	0.00000000000000e+00	0.00000000000000e+00	6.52771286016310e+02	-6.29467434541109e-01
29	110	56	83	7.95730000000000e+02	1.69646003293849e+03	3.00000000000000e-02	0.00000000000000e+00	0.00000000000000e+00	6.26330150659440e+02	7.97941010099663e+00
30	111	57	84	5.65510000000000e+02	1.69646003293849e+03	3.00000000000000e-02	0.00000000000000e+00	0.00000000000000e+00	6.05575719800799e+02	-2.28172098848359e+00
31	112	58	85	5.94030000000000e+02	1.69646003293849e+03	3.00000000000000e-02	0.00000000000000e+00	0.00000000000000e+00	6.07543897173149e+02	-7.49820272919640e-01
32	113	59	86	5.33410000000000e+02	1.69646003293849e+03	3.00000000000000e-02	0.00000000000000e+00	0.00000000000000e+00	6.03175748952286e+02	-4.09727508884181e+00
33	114	60	87	5.96130000000000e+02	1.69646003293849e+03	3.00000000000000e-02	0.00000000000000e+00	0.00000000000000e+00	5.94755423026653e+02	7.69498927556178e-02
34	115	61	88	6.08120000000000e+02	1.69646003293849e+03	3.00000000000000e-02	0.00000000000000e+00	0.00000000000000e+00	5.61760882512698e+02	2.64319825051915e+00
35	116	62	89	5.94180000000000e+02	1.69646003293849e+03	3.00000000000000e-02	0.00000000000000e+00	0.00000000000000e+00	5.42259745920315e+02	3.04790603677277e+00
36	117	63	90	5.51430000000000e+02	1.69646003293849e+03	3.00000000000000e-02	0.00000000000000e+00	0.00000000000000e+00	5.17517353364643e+02	2.11572821415681e+00
37	118	64	91	4.59040000000000e+02	1.69646003293849e+03	3.00000000000000e-02	0.00000000000000e+00	0.00000000000000e+00	4.93724468866106e+02	-2.42800846732436e+00
38	119	65	92	4.47910000000000e+02	1.69646003293849e+03	3.00000000000000e-02	0.00000000000000e+00	0.00000000000000e+00	4.81784113373538e+02	-2.43012655910269e+00
39	120	66	93	4.10350000000000e+02	1.69646003293849e+03	3.00000000000000e-02	0.00000000000000e+00	0.00000000000000e+00	4.68524742217725e+02	-4.41928192574181e+00
40	121	67	94	4.18730000000000e+02	1.69646003293849e+03	3.00000000000000e-02	0.00000000000000e+00	0.00000000000000e+00	4.45717738824653e+02	-2.08198527588547e+00
41	122	68	95	4.08540000000000e+02	1.69646003293849e+03	3.00000000000000e-02	0.00000000000000e+00	0.00000000000000e+00	4.41176831556260e+02	-2.56186483130361e+00
42	123	69	96	3.99880000000000e+02	1.69646003293849e+03	3.00000000000000e-02	0.00000000000000e+00	0.00000000000000e+00	4.29046460046851e+02	-2.34669031475629e+00
43	124	70	97	3.84030000000000e+02	1.69646003293849e+03	3.00000000000000e-02	0.00000000000000e+00	0.00000000000000e+00	4.16434402986908e+02	-2.70027596124158e+00
44	125	71	98	3.91940000000000e+02	1.69646003293849e+03	3.00000000000000e-02	0.00000000000000e+00	0.00000000000000e+00	4.04470971955832e+02	-1.04904014311371e+00
45	126	72	99	4.02360000000000e+02	1.69646003293849e+03	3.00000000000000e-02	0.00000000000000e+00	0.00000000000000e+00	3.98056320063586e+02	3.58456909850524e-01
46	127	73	100	3.68890000000000e+02	1.69646003293849e+03	3.00000000000000e-02	0.00000000000000e+00	0.00000000000000e+00	3.78854195168718e+02	-8.88430837582455e-01
47	128	74	101	3.65360000000000e+02	1.69646003293849e+03	3.00000000000000e-02	0.00000000000000e+00	0.00000000000000e+00	3.71020236595280e+02	-5.12447944067684e-01
48	129	75	102	3.67010000000000e+02	1.69646003293849e+03	3.00000000000000e-02	0.00000000000000e+00	0.00000000000000e+00	3.69893179718117e+02	-2.60838828369980e-01
49	130	76	103	3.87310000000000e+02	1.69646003293849e+03	3.00000000000000e-02	0.00000000000000e+00	0.00000000000000e+00	3.75855650486017e+02	1.00067481896525e+00
50	131	77	104	3.77690000000000e+02	1.69646003293849e+03	3.00000000000000e-02	0.00000000000000e+00	0.00000000000000e+00	3.86737119655217e+02	-7.89047717031484e-01
51	132	78	105	3.91010000000000e+02	1.69646003293849e+03	3.00000000000000e-02	0.00000000000000e+00	0.00000000000000e+00	3.94221216033884e+02	-2.72635954871762e-01
52	133	79	106	3.68620000000000e+02	1.69646003293849e+03	3.00000000000000e-02	0.00000000000000e+00	0.00000000000000e+00	3.91778913566894e+02	-2.03104605195309e+00
53	134	80	107	3.97930000000000e+02	1.69646003293849e+03	3.00000000000000e-02	0.00000000000000e+00	0.00000000000000e+00	3.87466533269793e+02	8.88221037018896e-01
54	135	81	108	4.07540000000000e+02	1.69646003293849e+03	3.00000000000000e-02	0.00000000000000e+00	0.00000000000000e+00	3.86953557610509e+02	1.72781359062402e+00
55	136	82	109	3.77370000000000e+02	1.69646003293849e+03	3.00000000000000e-02	0.00000000000000e+00	0.00000000000000e+00	3.98220735789563e+02	-1.79267751871487e+00
56	137	83	110	4.63750000000000e+02	1.69646003293849e+03	3.00000000000000e-02	0.00000000000000e+00	0.00000000000000e+00	4.19980219627405e+02	3.30459999595050e+00
57	138	84	111	4.83950000000000e+02	1.69646003293849e+03	3.00000000000000e-02	0.00000000000000e+00	0.00000000000000e+00	4.35768247084628e+02	3.49570123164028e+00
58	139	85	112	4.20640000000000e+02	1.69646003293849e+03	3.00000000000000e-02	0.00000000000000e+00	0.00000000000000e+00	4.31505401011872e+02	-8.50088876431432e-01
60	140	87	114	4.29670000000000e+02	1.69646003293849e+03	3.00000000000000e-02	0.00000000000000e+00	0.00000000000000e+00	4.30278165143312e+02	-4.71474343341309e-02
61	142	88	115	4.96370000000000e+02	1.69646003293849e+03	3.00000000000000e-02	0.00000000000000e+00	0.00000000000000e+00	4.50585637420373e+02	3.22578210751869e+00
62	143	89	116	4.81500000000000e+02	1.69646003293849e+03	3.00000000000000e-02	0.00000000000000e+00	0.00000000000000e+00	4.60730749102607e+02	1.46974724052678e+00
63	141	90	117	4.98850000000000e+02	1.69646003293849e+03	3.00000000000000e-02	0.00000000000000e+00	0.00000000000000e+00	4.83160795080711e+02	1.06519806796923e+00
64	144	91	118	3.92600000000000e+02	1.69646003293849e+03	3.00000000000000e-02	0.00000000000000e+00	0.00000000000000e+00	5.01657169104530e+02	-8.17085581585812e+00
65	145	92	119	5.48950000000000e+02	1.69646003293849e+03	3.00000000000000e-02	0.00000000000000e+00	0.00000000000000e+00	5.07640067010473e+02	2.60782319116197e+00
66	146	93	120	5.56080000000000e+02	1.69646003293849e+03	3.00000000000000e-02	0.00000000000000e+00	0.00000000000000e+00	5.16274029229805e+02	2.47581599588710e+00
67	147	94	121	6.09500000000000e+02	1.69646003293849e+03	3.00000000000000e-02	0.00000000000000e+00	0.00000000000000e+00	5.39926392501415e+02	4.04020429455496e+00
68	148	95	122	5.88600000000000e+02	1.69646003293849e+03	3.00000000000000e-02	0.00000000000000e+00	0.00000000000000e+00	5.50109742915077e+02	2.25430149679881e+00
69	149	96	123	6.00480000000000e+02	1.69646003293849e+03	3.00000000000000e-02	0.00000000000000e+00	0.00000000000000e+00	5.66625208279410e+02	1.93437528489454e+00
70	150	97	124	6.03270000000000e+02	1.69646003293849e+03	3.00000000000000e-02	0.00000000000000e+00	0.00000000000000e+00	5.83347899734851e+02	1.11937029314584e+00
71	151	98	125	5.98210000000000e+02	1.69646003293849e+03	3.00000000000000e-02	0.00000000000000e+00	0.00000000000000e+00	5.98475427724226e+02	-1.47868282635540e-02
72	152	99	126	6.17010000000000e+02	1.69646003293849e+03	3.00000000000000e-02	0.00000000000000e+00	0.00000000000000e+00	5.99426768794558e+02	9.63713934239981e-01
73	153	100	127	6.27040000000000e+02	1.69646003293849e+03	3.00000000000000e-02	0.00000000000000e+00	0.00000000000000e+00	6.16629049498579e+02	5.58090257360029e-01
74	154	101	128	6.48650000000000e+02	1.69646003293849e+03	3.00000000000000e-02	0.00000000000000e+00	0.00000000000000e+00	6.09124710152771e+02	2.09567515651390e+00
75	155	102	129	6.46460000000000e+02	1.69646003293849e+03	3.00000000000000e-02	0.00000000000000e+00	0.00000000000000e+00	5.94287181390818e+02	2.80495505993225e+00
76	156	103	130	5.31370000000000e+02	1.69646003293849e+03	3.00000000000000e-02	0.00000000000000e+00	0.00000000000000e+00	5.52348221964257e+02	-1.29067023969750e+00
77	157	104	131	4.16280000000000e+02	1.69646003293849e+03	3.00000000000000e-02	0.00000000000000e+00	0.00000000000000e+00	4.78387221399416e+02	-4.63541267961312e+00
78	158	105	132	5.33940000000000e+02	1.69646003293849e+03	3.00000000000000e-02	0.00000000000000e+00	0.00000000000000e+00	4.67291384007891e+02	4.44434871259679e+00
79	159	106	133	5.79460000000000e+02	1.69646003293849e+03	3.00000000000000e-02	0.00000000000000e+00	0.00000000000000e+00	4.75409917070641e+02	6.59730733968814e+00
1	85	29	57	4.59200000000000e+02	1.75929188601028e+03	3.00000000000000e-02	0.00000000000000e+00	0.00000000000000e+00	3.50568611864634e+02	8.99764678126826e+00
3	86	30	58	3.54790000000000e+02	1.75929188601028e+03	3.00000000000000e-02	0.00000000000000e+00	0.00000000000000e+00	3.45220339864879e+02	9.11439523315523e-01
4	87	31	59	3.39290000000000e+02	1.75929188601028e+03	3.00000000000000e-02	0.00000000000000e+00	0.00000000000000e+00	3.35352459475148e+02	3.89103411311028e-01
2	88	32	60	3.40720000000000e+02	1.75929188601028e+03	3.00000000000000e-02	0.00000000000000e+00	0.00000000000000e+00	3.41537511854971e+02	-7.98830580365303e-02
5	89	33	61	4.16760000000000e+02	1.75929188601028e+03	3.00000000000000e-02	0.00000000000000e+00	0.00000000000000e+00	3.72371012220236e+02	3.75399382035161e+00
6	90	34	62	4.17390000000000e+02	1.75929188601028e+03	3.00000000000000e-02	0.00000000000000e+00	0.00000000000000e+00	3.93147284467258e+02	1.99455750748149e+00
7	91	35	63	4.61420000000000e+02	1.75929188601028e+03	3.00000000000000e-02	0.00000000000000e+00	0.00000000000000e+00	4.17784671821032e+02	3.31141768422052e+00
8	92	36	64	4.43780000000000e+02	1.75929188601028e+03	3.00000000000000e-02	0.00000000000000e+00	0.00000000000000e+00	4.30971977631201e+02	9.76195774840249e-01
9	93	37	65	5.29450000000000e+02	1.75929188601028e+03	3.00000000000000e-02	0.00000000000000e+00	0.00000000000000e+00	4.38434764779745e+02	6.28759000542679e+00
10	94	38	66	4.76110000000000e+02	1.75929188601028e+03	3.00000000000000e-02	0.00000000000000e+00	0.00000000000000e+00	4.54337269413717e+02	1.56030378533275e+00
11	95	39	67	5.06310000000000e+02	1.75929188601028e+03	3.00000000000000e-02	0.00000000000000e+00	0.00000000000000e+00	4.64271021000815e+02	2.88935504079927e+00
12	96	40	68	5.12440000000000e+02	1.75929188601028e+03	3.00000000000000e-02	0.00000000000000e+00	0.00000000000000e+00	4.70414585026375e+02	2.85230764337330e+00
13	97	41	69	5.33930000000000e+02	1.75929188601028e+03	3.00000000000000e-02	0.00000000000000e+00	0.00000000000000e+00	4.91820447900110e+02	2.73836792111650e+00
14	98	42	70	5.67140000000000e+02	1.75929188601028e+03	3.00000000000000e-02	0.00000000000000e+00	0.00000000000000e+00	5.22581783521727e+02	2.72748972509520e+00
15	99	43	71	5.81540000000000e+02	1.75929188601028e+03	3.00000000000000e-02	0.00000000000000e+00	0.00000000000000e+00	5.36955317306087e+02	2.65882913868047e+00
16	100	44	72	5.84130000000000e+02	1.75929188601028e+03	3.00000000000000e-02	0.00000000000000e+00	0.00000000000000e+00	5.50839684245066e+02	1.95599160537627e+00
17	101	45	73	6.29470000000000e+02	1.75929188601028e+03	3.00000000000000e-02	0.00000000000000e+00	0.00000000000000e+00	5.87564980490132e+02	2.29637834955459e+00
18	102	46	74	6.33280000000000e+02	1.75929188601028e+03	3.00000000000000e-02	0.00000000000000e+00	0.00000000000000e+00	6.21199640547529e+02	6.42004992731119e-01
19	103	47	75	6.54060000000000e+02	1.75929188601028e+03	3.00000000000000e-02	0.00000000000000e+00	0.00000000000000e+00	6.40787865987769e+02	6.83354350597032e-01
20	104	48	76	7.18670000000000e+02	1.75929188601028e+03	3.00000000000000e-02	0.00000000000000e+00	0.00000000000000e+00	6.41828656911435e+02	3.76936343487960e+00
21	105	49	77	6.99760000000000e+02	1.75929188601028e+03	3.00000000000000e-02	0.00000000000000e+00	0.00000000000000e+00	6.44125591167092e+02	2.76145648934835e+00
22	106	50	78	7.56030000000000e+02	1.75929188601028e+03	3.00000000000000e-02	0.00000000000000e+00	0.00000000000000e+00	6.64862241155054e+02	4.28337316312148e+00
23	107	51	79	1.00932000000000e+03	1.75929188601028e+03	3.00000000000000e-02	0.00000000000000e+00	0.00000000000000e+00	6.72270179974328e+02	1.35457267502611e+01
24	108	52	80	7.57620000000000e+02	1.75929188601028e+03	3.00000000000000e-02	0.00000000000000e+00	0.00000000000000e+00	6.78497582257892e+02	3.67670082578429e+00
25	109	53	81	6.58560000000000e+02	1.75929188601028e+03	3.00000000000000e-02	0.00000000000000e+00	0.00000000000000e+00	6.81024871638795e+02	-1.11810648357347e+00
26	110	54	82	6.37710000000000e+02	1.75929188601028e+03	3.00000000000000e-02	0.00000000000000e+00	0.00000000000000e+00	6.61696264857917e+02	-1.23076672274337e+00
27	111	55	83	6.16850000000000e+02	1.75929188601028e+03	3.00000000000000e-02	0.00000000000000e+00	0.00000000000000e+00	6.44241937631254e+02	-1.44828175295408e+00
28	112	56	84	6.61690000000000e+02	1.75929188601028e+03	3.00000000000000e-02	0.00000000000000e+00	0.00000000000000e+00	6.26598703958858e+02	1.81636193899593e+00
29	113	57	85	6.71430000000000e+02	1.75929188601028e+03	3.00000000000000e-02	0.00000000000000e+00	0.00000000000000e+00	6.13406868064020e+02	3.01271059897488e+00
30	114	58	86	5.78410000000000e+02	1.75929188601028e+03	3.00000000000000e-02	0.00000000000000e+00	0.00000000000000e+00	6.14302539608016e+02	-2.00681941807982e+00
31	115	59	87	5.74200000000000e+02	1.75929188601028e+03	3.00000000000000e-02	0.00000000000000e+00	0.00000000000000e+00	6.07173942096488e+02	-1.86125142042437e+00
32	116	60	88	5.30300000000000e+02	1.75929188601028e+03	3.00000000000000e-02	0.00000000000000e+00	0.00000000000000e+00	5.93731856381689e+02	-3.76616376886423e+00
33	117	61	89	5.89570000000000e+02	1.75929188601028e+03	3.00000000000000e-02	0.00000000000000e+00	0.00000000000000e+00	5.52005033298208e+02	2.19454310324503e+00
34	118	62	90	6.46100000000000e+02	1.75929188601028e+03	3.00000000000000e-02	0.00000000000000e+00	0.00000000000000e+00	5.28127181790321e+02	6.72057204202021e+00
35	119	63	91	5.40370000000000e+02	1.75929188601028e+03	3.00000000000000e-02	0.00000000000000e+00	0.00000000000000e+00	5.11017483466545e+02	1.86167620908838e+00
36	120	64	92	4.70540000000000e+02	1.75929188601028e+03	3.00000000000000e-02	0.00000000000000e+00	0.00000000000000e+00	5.00066306726255e+02	-2.02865772433472e+00
37	121	65	93	4.79940000000000e+02	1.75929188601028e+03	3.00000000000000e-02	0.00000000000000e+00	0.00000000000000e+00	4.84944822544753e+02	-3.45800680922329e-01
38	122	66	94	4.34470000000000e+02	1.75929188601028e+03	3.00000000000000e-02	0.00000000000000e+00	0.00000000000000e+00	4.66005365151209e+02	-2.33567499389406e+00
39	123	67	95	4.11750000000000e+02	1.75929188601028e+03	3.00000000000000e-02	0.00000000000000e+00	0.00000000000000e+00	4.49854745804985e+02	-2.95027914998709e+00
40	124	68	96	3.96870000000000e+02	1.75929188601028e+03	3.00000000000000e-02	0.00000000000000e+00	0.00000000000000e+00	4.40144909442600e+02	-3.44984137305954e+00
41	125	69	97	3.70360000000000e+02	1.75929188601028e+03	3.00000000000000e-02	0.00000000000000e+00	0.00000000000000e+00	4.29730526540982e+02	-4.95609413991322e+00
42	126	70	98	3.85410000000000e+02	1.75929188601028e+03	3.00000000000000e-02	0.00000000000000e+00	0.00000000000000e+00	4.05821527445680e+02	-1.72019242236485e+00
43	127	71	99	3.43580000000000e+02	1.75929188601028e+03	3.00000000000000e-02	0.00000000000000e+00	0.00000000000000e+00	3.87868764581740e+02	-4.04156885321110e+00
44	128	72	100	3.68780000000000e+02	1.75929188601028e+03	3.00000000000000e-02	0.00000000000000e+00	0.00000000000000e+00	3.91791870666077e+02	-2.01768321117868e+00
45	129	73	101	3.78700000000000e+02	1.75929188601028e+03	3.00000000000000e-02	0.00000000000000e+00	0.00000000000000e+00	3.86388608972475e+02	-6.69976237039164e-01
46	130	74	102	3.75740000000000e+02	1.75929188601028e+03	3.00000000000000e-02	0.00000000000000e+00	0.00000000000000e+00	3.73976457814603e+02	1.56818880854903e-01
47	131	75	103	3.63090000000000e+02	1.75929188601028e+03	3.00000000000000e-02	0.00000000000000e+00	0.00000000000000e+00	3.68723634953829e+02	-5.13222308299325e-01
48	132	76	104	3.84930000000000e+02	1.75929188601028e+03	3.00000000000000e-02	0.00000000000000e+00	0.00000000000000e+00	3.84057508283656e+02	7.56399015013010e-02
49	133	77	105	4.01550000000000e+02	1.75929188601028e+03	3.00000000000000e-02	0.00000000000000e+00	0.00000000000000e+00	3.95147717004633e+02	5.35746551375974e-01
50	134	78	106	3.88870000000000e+02	1.75929188601028e+03	3.00000000000000e-02	0.00000000000000e+00	0.00000000000000e+00	3.92047690620661e+02	-2.71279820133892e-01
51	135	79	107	3.99270000000000e+02	1.75929188601028e+03	3.00000000000000e-02	0.00000000000000e+00	0.00000000000000e+00	3.92037238191605e+02	6.09368303371335e-01
52	136	80	108	3.83650000000000e+02	1.75929188601028e+03	3.00000000000000e-02	0.00000000000000e+00	0.00000000000000e+00	3.92297137534840e+02	-7.42962598077372e-01
53	137	81	109	4.19180000000000e+02	1.75929188601028e+03	3.00000000000000e-02	0.00000000000000e+00	0.00000000000000e+00	3.95711182763148e+02	1.92052710808177e+00
54	138	82	110	3.97830000000000e+02	1.75929188601028e+03	3.00000000000000e-02	0.00000000000000e+00	0.00000000000000e+00	4.14329929917992e+02	-1.35459367516431e+00
55	139	83	111	4.28730000000000e+02	1.75929188601028e+03	3.00000000000000e-02	0.00000000000000e+00	0.00000000000000e+00	4.28807493552868e+02	-6.02450261449524e-03
57	140	85	113	4.48210000000000e+02	1.75929188601028e+03	3.00000000000000e-02	0.00000000000000e+00	0.00000000000000e+00	4.33256749027428e+02	1.13104554790843e+00
58	142	86	114	4.11780000000000e+02	1.75929188601028e+03	3.00000000000000e-02	0.00000000000000e+00	0.00000000000000e+00	4.30315912877775e+02	-1.46767979680194e+00
59	143	87	115	4.28060000000000e+02	1.75929188601028e+03	3.00000000000000e-02	0.00000000000000e+00	0.00000000000000e+00	4.36673344635053e+02	-6.64068259836892e-01
60	141	88	116	4.16170000000000e+02	1.75929188601028e+03	3.00000000000000e-02	0.00000000000000e+00	0.00000000000000e+00	4.43980774154105e+02	-2.15624764695986e+00
61	144	89	117	4.58160000000000e+02	1.75929188601028e+03	3.00000000000000e-02	0.00000000000000e+00	0.00000000000000e+00	4.75819964502962e+02	-1.26070295887576e+00
62	145	90	118	5.80330000000000e+02	1.75929188601028e+03	3.00000000000000e-02	0.00000000000000e+00	0.00000000000000e+00	4.98213575462506e+02	5.08560185932912e+00
63	146	91	119	5.37230000000000e+02	1.75929188601028e+03	3.00000000000000e-02	0.00000000000000e+00	0.00000000000000e+00	5.10898744921023e+02	1.67516294943049e+00
64	147	92	120	5.27450000000000e+02	1.75929188601028e+03	3.00000000000000e-02	0.00000000000000e+00	0.00000000000000e+00	5.18792154066444e+02	5.51691501113893e-01
65	148	93	121	5.97610000000000e+02	1.75929188601028e+03	3.00000000000000e-02	0.00000000000000e+00	0.00000000000000e+00	5.41974420187239e+02	3.25731873934177e+00
66	149	94	122	6.27520000000000e+02	1.75929188601028e+03	3.00000000000000e-02	0.00000000000000e+00	0.00000000000000e+00	5.60489029983489e+02	3.76552908425459e+00
67	150	95	123	6.00420000000000e+02	1.75929188601028e+03	3.00000000000000e-02	0.00000000000000e+00	0.00000000000000e+00	5.77813475337683e+02	1.27927669224632e+00
68	151	96	124	5.75620000000000e+02	1.75929188601028e+03	3.00000000000000e-02	0.00000000000000e+00	0.00000000000000e+00	5.82908364935317e+02	-4.19409157895127e-01
69	152	97	125	6.03350000000000e+02	1.75929188601028e+03	3.00000000000000e-02	0.00000000000000e+00	0.00000000000000e+00	5.82505400950468e+02	1.17196673682563e+00
70	153	98	126	6.05110000000000e+02	1.75929188601028e+03	3.00000000000000e-02	0.00000000000000e+00	0.00000000000000e+00	6.03164274929667e+02	1.07355688609031e-01
71	154	99	127	6.29790000000000e+02	1.75929188601028e+03	3.00000000000000e-02	0.00000000000000e+00	0.00000000000000e+00	6.13607377110398e+02	8.67705261114201e-01
72	155	100	128	6.51170000000000e+02	1.75929188601028e+03	3.00000000000000e-02	0.00000000000000e+00	0.00000000000000e+00	5.97350658133677e+02	2.87554789376291e+00
73	156	101	129	6.26130000000000e+02	1.75929188601028e+03	3.00000000000000e-02	0.00000000000000e+00	0.00000000000000e+00	5.61078081130897e+02	3.65659797941621e+00
74	157	102	130	4.77970000000000e+02	1.75929188601028e+03	3.00000000000000e-02	0.00000000000000e+00	0.00000000000000e+00	5.00426692546366e+02	-1.53043835244340e+00
75	158	103	131	4.28570000000000e+02	1.75929188601028e+03	3.00000000000000e-02	0.00000000000000e+00	0.00000000000000e+00	4.97529189787370e+02	-4.97333808536169e+00
76	159	104	132	5.14600000000000e+02	1.75929188601028e+03	3.00000000000000e-02	0.00000000000000e+00	0.00000000000000e+00	4.85606315693900e+02	1.93305514091667e+00
1	88	30	59	3.43510000000000e+02	1.82212373908208e+03	3.00000000000000e-02	0.00000000000000e+00	0.00000000000000e+00	3.46112320996996e+02	-2.51570873883633e-01
3	89	31	60	3.66380000000000e+02	1.82212373908208e+03	3.00000000000000e-02	0.00000000000000e+00	0.00000000000000e+00	3.44870377701108e+02	2.01674721778602e+00
4	90	32	61	3.75070000000000e+02	1.82212373908208e+03	3.00000000000000e-02	0.00000000000000e+00	0.00000000000000e+00	3.63927525038442e+02	1.00526448139888e+00
2	91	33	62	3.87550000000000e+02	1.82212373908208e+03	3.00000000000000e-02	0.00000000000000e+00	0.00000000000000e+00	3.75383764207209e+02	1.06319996084103e+00
5	92	34	63	4.36700000000000e+02	1.82212373908208e+03	3.00000000000000e-02	0.00000000000000e+00	0.00000000000000e+00	3.91248049448510e+02	3.66349013615661e+00
6	93	35	64	4.32150000000000e+02	1.82212373908208e+03	3.00000000000000e-02	0.00000000000000e+00	0.00000000000000e+00	4.09982658366378e+02	1.75526293540648e+00
7	94	36	65	4.52700000000000e+02	1.82212373908208e+03	3.00000000000000e-02	0.00000000000000e+00	0.00000000000000e+00	4.30112282477714e+02	1.70611192665122e+00
8	95	37	66	4.54260000000000e+02	1.82212373908208e+03	3.00000000000000e-02	0.00000000000000e+00	0.00000000000000e+00	4.39202039432720e+02	1.12367292138691e+00
9	96	38	67	5.37670000000000e+02	1.82212373908208e+03	3.00000000000000e-02	0.00000000000000e+00	0.00000000000000e+00	4.60866658841175e+02	5.13787437342653e+00
10	97	39	68	4.97130000000000e+02	1.82212373908208e+03	3.00000000000000e-02	0.00000000000000e+00	0.00000000000000e+00	4.65495227531898e+02	2.19165723311597e+00
11	98	40	69	5.22340000000000e+02	1.82212373908208e+03	3.00000000000000e-02	0.00000000000000e+00	0.00000000000000e+00	4.81072301546464e+02	2.74337143244425e+00
12	99	41	70	5.37520000000000e+02	1.82212373908208e+03	3.00000000000000e-02	0.00000000000000e+00	0.00000000000000e+00	4.99626994724992e+02	2.43680530480196e+00
13	100	42	71	5.62400000000000e+02	1.82212373908208e+03	3.00000000000000e-02	0.00000000000000e+00	0.00000000000000e+00	5.14949961639799e+02	2.93812021392356e+00
14	101	43	72	5.73710000000000e+02	1.82212373908208e+03	3.00000000000000e-02	0.00000000000000e+00	0.00000000000000e+00	5.29542107296790e+02	2.67037858459590e+00
15	102	44	73	5.83460000000000e+02	1.82212373908208e+03	3.00000000000000e-02	0.00000000000000e+00	0.00000000000000e+00	5.53897893593924e+02	1.73318451220460e+00
16	103	45	74	6.02990000000000e+02	1.82212373908208e+03	3.00000000000000e-02	0.00000000000000e+00	0.00000000000000e+00	5.82252852903274e+02	1.16652680994539e+00
17	104	46	75	6.48890000000000e+02	1.82212373908208e+03	3.00000000000000e-02	0.00000000000000e+00	0.00000000000000e+00	6.12457462496122e+02	1.92612399306959e+00
18	105	47	76	6.39700000000000e+02	1.82212373908208e+03	3.00000000000000e-02	0.00000000000000e+00	0.00000000000000e+00	6.14203943493064e+02	1.35574293114071e+00
19	106	48	77	6.45350000000000e+02	1.82212373908208e+03	3.00000000000000e-02	0.00000000000000e+00	0.00000000000000e+00	6.20367696157967e+02	1.31601482374479e+00
20	107	49	78	8.51070000000000e+02	1.82212373908208e+03	3.00000000000000e-02	0.00000000000000e+00	0.00000000000000e+00	6.49800425641594e+02	8.99430343633923e+00
21	108	50	79	6.79920000000000e+02	1.82212373908208e+03	3.00000000000000e-02	0.00000000000000e+00	0.00000000000000e+00	6.68444168558027e+02	5.67408954200518e-01
22	109	51	80	8.13640000000000e+02	1.82212373908208e+03	3.00000000000000e-02	0.00000000000000e+00	0.00000000000000e+00	6.83433411726130e+02	5.81295929363407e+00
23	110	52	81	8.54680000000000e+02	1.82212373908208e+03	3.00000000000000e-02	0.00000000000000e+00	0.00000000000000e+00	6.82934323031456e+02	7.47761448238705e+00
24	111	53	82	8.70950000000000e+02	1.82212373908208e+03	3.00000000000000e-02	0.00000000000000e+00	0.00000000000000e+00	6.67859467338503e+02	8.85022655850681e+00
25	112	54	83	6.35210000000000e+02	1.82212373908208e+03	3.00000000000000e-02	0.00000000000000e+00	0.00000000000000e+00	6.64620788582561e+02	-1.50869941301955e+00
26	113	55	84	7.88630000000000e+02	1.82212373908208e+03	3.00000000000000e-02	0.00000000000000e+00	0.00000000000000e+00	6.57402028790520e+02	6.06671718373960e+00
27	114	56	85	6.53890000000000e+02	1.82212373908208e+03	3.00000000000000e-02	0.00000000000000e+00	0.00000000000000e+00	6.33618376298455e+02	1.04974328387071e+00
28	115	57	86	5.86670000000000e+02	1.82212373908208e+03	3.00000000000000e-02	0.00000000000000e+00	0.00000000000000e+00	6.11729788716474e+02	-1.39427273805609e+00
29	116	58	87	6.31510000000000e+02	1.82212373908208e+03	3.00000000000000e-02	0.00000000000000e+00	0.00000000000000e+00	6.05264482565914e+02	1.41494177360828e+00
30	117	59	88	4.95610000000000e+02	1.82212373908208e+03	3.00000000000000e-02	0.00000000000000e+00	0.00000000000000e+00	5.91163055521378e+02	-5.87675166355564e+00
31	118	60	89	5.11280000000000e+02	1.82212373908208e+03	3.00000000000000e-02	0.00000000000000e+00	0.00000000000000e+00	5.75132494136765e+02	-3.92276844991120e+00
32	119	61	90	4.84480000000000e+02	1.82212373908208e+03	3.00000000000000e-02	0.00000000000000e+00	0.00000000000000e+00	5.47462764263626e+02	-4.07394326971383e+00
33	120	62	91	6.50170000000000e+02	1.82212373908208e+03	3.00000000000000e-02	0.00000000000000e+00	0.00000000000000e+00	5.32531709014483e+02	6.65304746334196e+00
34	121	63	92	5.87640000000000e+02	1.82212373908208e+03	3.00000000000000e-02	0.00000000000000e+00	0.00000000000000e+00	5.13253938013086e+02	4.51145956443290e+00
35	122	64	93	4.60440000000000e+02	1.82212373908208e+03	3.00000000000000e-02	0.00000000000000e+00	0.00000000000000e+00	4.96986214116649e+02	-2.54599111563930e+00
36	123	65	94	5.52030000000000e+02	1.82212373908208e+03	3.00000000000000e-02	0.00000000000000e+00	0.00000000000000e+00	4.82482559818761e+02	4.48858726513196e+00
37	124	66	95	4.35520000000000e+02	1.82212373908208e+03	3.00000000000000e-02	0.00000000000000e+00	0.00000000000000e+00	4.70632424804241e+02	-2.58455518143614e+00
38	125	67	96	4.28660000000000e+02	1.82212373908208e+03	3.00000000000000e-02	0.00000000000000e+00	0.00000000000000e+00	4.51287478196006e+02	-1.71468321544236e+00
39	126	68	97	4.00460000000000e+02	1.82212373908208e+03	3.00000000000000e-02	0.00000000000000e+00	0.00000000000000e+00	4.44670538664408e+02	-3.49065863487139e+00
40	127	69	98	3.02770000000000e+02	1.82212373908208e+03	3.00000000000000e-02	0.00000000000000e+00	0.00000000000000e+00	4.16692027383446e+02	-1.06457988046160e+01
41	128	70	99	3.60360000000000e+02	1.82212373908208e+03	3.00000000000000e-02	0.00000000000000e+00	0.00000000000000e+00	3.94234030186288e+02	-2.99470621398896e+00
42	129	71	100	3.66090000000000e+02	1.82212373908208e+03	3.00000000000000e-02	0.00000000000000e+00	0.00000000000000e+00	3.99921367602012e+02	-2.94629139921930e+00
43	130	72	101	3.78230000000000e+02	1.82212373908208e+03	3.00000000000000e-02	0.00000000000000e+00	0.00000000000000e+00	4.03198514366318e+02	-2.13088519850375e+00
44	131	73	102	3.76840000000000e+02	1.82212373908208e+03	3.00000000000000e-02	0.00000000000000e+00	0.00000000000000e+00	3.87521674933457e+02	-9.31702945358648e-01
45	132	74	103	3.80090000000000e+02	1.82212373908208e+03	3.00000000000000e-02	0.00000000000000e+00	0.00000000000000e+00	3.79344147808735e+02	6.54744003125115e-02
46	133	75	104	3.72280000000000e+02	1.82212373908208e+03	3.00000000000000e-02	0.00000000000000e+00	0.00000000000000e+00	3.74033067847879e+02	-1.56598363135145e-01
47	134	76	105	3.96460000000000e+02	1.82212373908208e+03	3.00000000000000e-02	0.00000000000000e+00	0.00000000000000e+00	3.90311490626028e+02	5.21001300391137e-01
48	135	77	106	4.13190000000000e+02	1.82212373908208e+03	3.00000000000000e-02	0.00000000000000e+00	0.00000000000000e+00	4.00175058607574e+02	1.06684792365792e+00
49	136	78	107	4.08020000000000e+02	1.82212373908208e+03	3.00000000000000e-02	0.00000000000000e+00	0.00000000000000e+00	3.95411384920299e+02	1.04631630211509e+00
50	137	79	108	3.89490000000000e+02	1.82212373908208e+03	3.00000000000000e-02	0.00000000000000e+00	0.00000000000000e+00	3.97114783680032e+02	-6.46239183836113e-01
51	138	80	109	4.18480000000000e+02	1.82212373908208e+03	3.00000000000000e-02	0.00000000000000e+00	0.00000000000000e+00	3.99605373545178e+02	1.53838683560386e+00
52	139	81	110	4.13410000000000e+02	1.82212373908208e+03	3.00000000000000e-02	0.00000000000000e+00	0.00000000000000e+00	4.11449928749046e+02	1.58416790686999e-01
54	140	83	112	4.48370000000000e+02	1.82212373908208e+03	3.00000000000000e-02	0.00000000000000e+00	0.00000000000000e+00	4.21565463765677e+02	2.05479025342843e+00
55	142	84	113	4.14090000000000e+02	1.82212373908208e+03	3.00000000000000e-02	0.00000000000000e+00	0.00000000000000e+00	4.20837519983616e+02	-5.38782646808074e-01
56	143	85	114	4.25780000000000e+02	1.82212373908208e+03	3.00000000000000e-02	0.00000000000000e+00	0.00000000000000e+00	4.26471637431545e+02	-5.41027675399578e-02
57	141	86	115	4.40680000000000e+02	1.82212373908208e+03	3.00000000000000e-02	0.00000000000000e+00	0.00000000000000e+00	4.38977959817509e+02	1.28992736137127e-01
58	144	87	116	3.76430000000000e+02	1.82212373908208e+03	3.00000000000000e-02	0.00000000000000e+00	0.00000000000000e+00	4.43804104335085e+02	-5.48837172133820e+00
59	145	88	117	5.14840000000000e+02	1.82212373908208e+03	3.00000000000000e-02	0.00000000000000e+00	0.00000000000000e+00	4.66988458259597e+02	3.25172100217449e+00
60	146	89	118	4.95050000000000e+02	1.82212373908208e+03	3.00000000000000e-02	0.00000000000000e+00	0.00000000000000e+00	4.89993062435516e+02	3.42251161964876e-01
61	147	90	119	5.80340000000000e+02	1.82212373908208e+03	3.00000000000000e-02	0.00000000000000e+00	0.00000000000000e+00	5.10930981262763e+02	4.24598745417981e+00
62	148	91	120	6.31580000000000e+02	1.82212373908208e+03	3.00000000000000e-02	0.00000000000000e+00	0.00000000000000e+00	5.24660668750305e+02	6.18243026286661e+00
63	149	92	121	5.70910000000000e+02	1.82212373908208e+03	3.00000000000000e-02	0.00000000000000e+00	0.00000000000000e+00	5.46318690327584e+02	1.46763638772578e+00
64	150	93	122	5.52270000000000e+02	1.82212373908208e+03	3.00000000000000e-02	0.00000000000000e+00	0.00000000000000e+00	5.64733435249713e+02	-7.43892222363129e-01
65	151	94	123	5.65250000000000e+02	1.82212373908208e+03	3.00000000000000e-02	0.00000000000000e+00	0.00000000000000e+00	5.76553641869541e+02	-6.60009056591330e-01
66	152	95	124	6.12550000000000e+02	1.82212373908208e+03	3.00000000000000e-02	0.00000000000000e+00	0.00000000000000e+00	5.76688572059636e+02	2.01093958024468e+00
67	153	96	125	6.06790000000000e+02	1.82212373908208e+03	3.00000000000000e-02	0.00000000000000e+00	0.00000000000000e+00	5.90872202598352e+02	8.86100422644098e-01
68	154	97	126	6.13750000000000e+02	1.82212373908208e+03	3.00000000000000e-02	0.00000000000000e+00	0.00000000000000e+00	5.85052035350113e+02	1.59622955053988e+00
69	155	98	127	6.24300000000000e+02	1.82212373908208e+03	3.00000000000000e-02	0.00000000000000e+00	0.00000000000000e+00	6.00183158995112e+02	1.31320494811919e+00
70	156	99	128	6.46720000000000e+02	1.82212373908208e+03	3.00000000000000e-02	0.00000000000000e+00	0.00000000000000e+00	5.80063492284676e+02	3.62586224032656e+00
71	157	100	129	4.86510000000000e+02	1.82212373908208e+03	3.00000000000000e-02	0.00000000000000e+00	0.00000000000000e+00	4.99633010235679e+02	-8.87213099976828e-01
72	158	101	130	4.10160000000000e+02	1.82212373908208e+03	3.00000000000000e-02	0.00000000000000e+00	0.00000000000000e+00	4.87663442008880e+02	-5.76927241442421e+00
73	159	102	131	5.36100000000000e+02	1.82212373908208e+03	3.00000000000000e-02	0.00000000000000e+00	0.00000000000000e+00	5.00831429715543e+02	2.26837113334026e+00
1	91	31	61	3.83540000000000e+02	1.88495559215388e+03	3.00000000000000e-02	0.00000000000000e+00	0.00000000000000e+00	3.61073081913776e+02	2.01211790089513e+00
3	92	32	62	3.85020000000000e+02	1.88495559215388e+03	3.00000000000000e-02	0.00000000000000e+00	0.00000000000000e+00	3.71261533246905e+02	1.21295084570591e+00
4	93	33	63	3.85770000000000e+02	1.88495559215388e+03	3.00000000000000e-02	0.00000000000000e+00	0.00000000000000e+00	3.80220475190159e+02	4.83001820363160e-01
2	94	34	64	3.45870000000000e+02	1.88495559215388e+03	3.00000000000000e-02	0.00000000000000e+00	0.00000000000000e+00	3.94038477907207e+02	-4.34618607598433e+00
5	95	35	65	4.43630000000000e+02	1.88495559215388e+03	3.00000000000000e-02	0.00000000000000e+00	0.00000000000000e+00	4.06994697241765e+02	2.87302417386467e+00
6	96	36	66	4.57060000000000e+02	1.88495559215388e+03	3.00000000000000e-02	0.00000000000000e+00	0.00000000000000e+00	4.24084149196276e+02	2.49609242262710e+00
7	97	37	67	4.83490000000000e+02	1.88495559215388e+03	3.00000000000000e-02	0.00000000000000e+00	0.00000000000000e+00	4.38327511243354e+02	3.26880862117346e+00
8	98	38	68	4.75440000000000e+02	1.88495559215388e+03	3.00000000000000e-02	0.00000000000000e+00	0.00000000000000e+00	4.53474484055218e+02	1.57672291909865e+00
9	99	39	69	4.93800000000000e+02	1.88495559215388e+03	3.00000000000000e-02	0.00000000000000e+00	0.00000000000000e+00	4.74706484540476e+02	1.31446303851315e+00
10	100	40	70	5.25650000000000e+02	1.88495559215388e+03	3.00000000000000e-02	0.00000000000000e+00	0.00000000000000e+00	4.94084903335506e+02	2.06427401671683e+00
11	101	41	71	5.33270000000000e+02	1.88495559215388e+03	3.00000000000000e-02	0.00000000000000e+00	0.00000000000000e+00	4.98557026332380e+02	2.24366279323066e+00
12	102	42	72	5.40630000000000e+02	1.88495559215388e+03	3.00000000000000e-02	0.00000000000000e+00	0.00000000000000e+00	5.03483968246023e+02	2.37277517233947e+00
13	103	43	73	5.81630000000000e+02	1.88495559215388e+03	3.00000000000000e-02	0.00000000000000e+00	0.00000000000000e+00	5.36143415008575e+02	2.71442720453704e+00
14	104	44	74	5.92540000000000e+02	1.88495559215388e+03	3.00000000000000e-02	0.00000000000000e+00	0.00000000000000e+00	5.57887498355578e+02	2.00870183583968e+00
15	105	45	75	5.94080000000000e+02	1.88495559215388e+03	3.00000000000000e-02	0.00000000000000e+00	0.00000000000000e+00	5.68087688852922e+02	1.49127339466488e+00
16	106	46	76	6.14840000000000e+02	1.88495559215388e+03	3.00000000000000e-02	0.00000000000000e+00	0.00000000000000e+00	5.85652055513163e+02	1.62120733496893e+00
17	107	47	77	6.54770000000000e+02	1.88495559215388e+03	3.00000000000000e-02	0.00000000000000e+00	0.00000000000000e+00	6.01800061573737e+02	2.81195874731142e+00
18	108	48	78	6.38710000000000e+02	1.88495559215388e+03	3.00000000000000e-02	0.00000000000000e+00	0.00000000000000e+00	6.21137423835423e+02	9.29938845846934e-01
19	109	49	79	6.90770000000000e+02	1.88495559215388e+03	3.00000000000000e-02	0.00000000000000e+00	0.00000000000000e+00	6.42458707711433e+02	2.41681236230529e+00
20	110	50	80	8.01950000000000e+02	1.88495559215388e+03	3.00000000000000e-02	0.00000000000000e+00	0.00000000000000e+00	6.64015873936600e+02	6.29134020205617e+00
21	111	51	81	7.25190000000000e+02	1.88495559215388e+03	3.00000000000000e-02	0.00000000000000e+00	0.00000000000000e+00	6.69388978728043e+02	2.66894550827711e+00
22	112	52	82	7.47660000000000e+02	1.88495559215388e+03	3.00000000000000e-02	0.00000000000000e+00	0.00000000000000e+00	6.74957745533940e+02	3.40994131595635e+00
23	113	53	83	9.61430000000000e+02	1.88495559215388e+03	3.00000000000000e-02	0.00000000000000e+00	0.00000000000000e+00	6.81029056754391e+02	1.14938928817584e+01
24	114	54	84	7.73310000000000e+02	1.88495559215388e+03	3.00000000000000e-02	0.00000000000000e+00	0.00000000000000e+00	6.73358218496688e+02	4.61341813052177e+00
25	115	55	85	9.04880000000000e+02	1.88495559215388e+03	3.00000000000000e-02	0.00000000000000e+00	0.00000000000000e+00	6.55966351940723e+02	1.07230947789281e+01
26	116	56	86	7.25170000000000e+02	1.88495559215388e+03	3.00000000000000e-02	0.00000000000000e+00	0.00000000000000e+00	6.30132979717494e+02	4.68250780327647e+00
27	117	57	87	5.45460000000000e+02	1.88495559215388e+03	3.00000000000000e-02	0.00000000000000e+00	0.00000000000000e+00	5.97814738786039e+02	-3.05504764097722e+00
28	118	58	88	5.38610000000000e+02	1.88495559215388e+03	3.00000000000000e-02	0.00000000000000e+00	0.00000000000000e+00	5.79706830443472e+02	-2.45102547126761e+00
29	119	59	89	7.28790000000000e+02	1.88495559215388e+03	3.00000000000000e-02	0.00000000000000e+00	0.00000000000000e+00	5.72479249082628e+02	8.04697120128320e+00
30	120	60	90	4.86810000000000e+02	1.88495559215388e+03	3.00000000000000e-02	0.00000000000000e+00	0.00000000000000e+00	5.71890517250637e+02	-5.36912221440990e+00
31	121	61	91	5.31730000000000e+02	1.88495559215388e+03	3.00000000000000e-02	0.00000000000000e+00	0.00000000000000e+00	5.45168917469083e+02	-8.31994841283912e-01
32	122	62	92	4.57550000000000e+02	1.88495559215388e+03	3.00000000000000e-02	0.00000000000000e+00	0.00000000000000e+00	5.32289026504442e+02	-5.04334854528719e+00
33	123	63	93	5.78670000000000e+02	1.88495559215388e+03	3.00000000000000e-02	0.00000000000000e+00	0.00000000000000e+00	5.16113583359559e+02	3.81351676187733e+00
34	124	64	94	4.51940000000000e+02	1.88495559215388e+03	3.00000000000000e-02	0.00000000000000e+00	0.00000000000000e+00	4.98032261164900e+02	-3.23718095746095e+00
35	125	65	95	5.35610000000000e+02	1.88495559215388e+03	3.00000000000000e-02	0.00000000000000e+00	0.00000000000000e+00	4.84631751971122e+02	3.33389853453454e+00
36	126	66	96	5.12860000000000e+02	1.88495559215388e+03	3.00000000000000e-02	0.00000000000000e+00	0.00000000000000e+00	4.67565876657937e+02	3.08208840011156e+00
37	127	67	97	3.96020000000000e+02	1.88495559215388e+03	3.00000000000000e-02	0.00000000000000e+00	0.00000000000000e+00	4.49537869610142e+02	-4.22517945439207e+00
38	128	68	98	4.08800000000000e+02	1.88495559215388e+03	3.00000000000000e-02	0.00000000000000e+00	0.00000000000000e+00	4.35692891330567e+02	-2.12371928622801e+00
39	129	69	99	3.32210000000000e+02	1.88495559215388e+03	3.00000000000000e-02	0.00000000000000e+00	0.00000000000000e+00	4.25592817261602e+02	-8.25719206919843e+00
40	130	70	100	3.77560000000000e+02	1.88495559215388e+03	3.00000000000000e-02	0.00000000000000e+00	0.00000000000000e+00	4.15120212699148e+02	-3.16128836608393e+00
41	131	71	101	3.83960000000000e+02	1.88495559215388e+03	3.00000000000000e-02	0.00000000000000e+00	0.00000000000000e+00	4.09369222391819e+02	-2.13597041844095e+00
42	132	72	102	3.92390000000000e+02	1.88495559215388e+03	3.00000000000000e-02	0.00000000000000e+00	0.00000000000000e+00	4.06760139459601e+02	-1.19891435369836e+00
43	133	73	103	3.75080000000000e+02	1.88495559215388e+03	3.00000000000000e-02	0.00000000000000e+00	0.00000000000000e+00	3.91947271126511e+02	-1.46626605863528e+00
44	134	74	104	3.85510000000000e+02	1.88495559215388e+03	3.00000000000000e-02	0.00000000000000e+00	0.00000000000000e+00	3.90037268670375e+02	-3.89172074905512e-01
45	135	75	105	4.00150000000000e+02	1.88495559215388e+03	3.00000000000000e-02	0.00000000000000e+00	0.00000000000000e+00	3.89794430952568e+02	8.73999225902929e-01
46	136	76	106	4.01780000000000e+02	1.88495559215388e+03	3.00000000000000e-02	0.00000000000000e+00	0.00000000000000e+00	3.91769086926992e+02	8.41069095721162e-01
47	137	77	107	4.06850000000000e+02	1.88495559215388e+03	3.00000000000000e-02	0.00000000000000e+00	0.00000000000000e+00	4.01835774946381e+02	4.13369400818849e-01
48	138	78	108	4.00200000000000e+02	1.88495559215388e+03	3.00000000000000e-02	0.00000000000000e+00	0.00000000000000e+00	4.02990633977693e+02	-2.31629959227971e-01
49	139	79	109	4.08410000000000e+02	1.88495559215388e+03	3.00000000000000e-02	0.00000000000000e+00	0.00000000000000e+00	4.05318014266275e+02	2.53319746538031e-01
51	140	81	111	4.71240000000000e+02	1.88495559215388e+03	3.00000000000000e-02	0.00000000000000e+00	0.00000000000000e+00	4.19516734250955e+02	3.87547007741356e+00
52	142	82	112	3.99840000000000e+02	1.88495559215388e+03	3.00000000000000e-02	0.00000000000000e+00	0.00000000000000e+00	4.17781631460084e+02	-1.46314720526994e+00
53	143	83	113	3.94290000000000e+02	1.88495559215388e+03	3.00000000000000e-02	0.00000000000000e+00	0.00000000000000e+00	4.14080498936437e+02	-1.63245725457895e+00
54	141	84	114	4.21850000000000e+02	1.88495559215388e+03	3.00000000000000e-02	0.00000000000000e+00	0.00000000000000e+00	4.16754694557028e+02	4.05067145341587e-01
55	144	85	115	3.55300000000000e+02	1.88495559215388e+03	3.00000000000000e-02	0.00000000000000e+00	0.00000000000000e+00	4.28031947345867e+02	-6.20784443668683e+00
56	145	86	116	4.76660000000000e+02	1.88495559215388e+03	3.00000000000000e-02	0.00000000000000e+00	0.00000000000000e+00	4.44168020451995e+02	2.35335110616228e+00
57	146	87	117	4.88070000000000e+02	1.88495559215388e+03	3.00000000000000e-02	0.00000000000000e+00	0.00000000000000e+00	4.71987503829926e+02	1.11687759635665e+00
58	147	88	118	5.17760000000000e+02	1.88495559215388e+03	3.00000000000000e-02	0.00000000000000e+00	0.00000000000000e+00	4.94792766462648e+02	1.51242643773613e+00
59	148	89	119	5.43540000000000e+02	1.88495559215388e+03	3.00000000000000e-02	0.00000000000000e+00	0.00000000000000e+00	5.10027637532647e+02	2.12127951395624e+00
60	149	90	120	5.23640000000000e+02	1.88495559215388e+03	3.00000000000000e-02	0.00000000000000e+00	0.00000000000000e+00	5.19968636398571e+02	2.34531005785232e-01
61	150	91	121	6.18380000000000e+02	1.88495559215388e+03	3.00000000000000e-02	0.00000000000000e+00	0.00000000000000e+00	5.54279030672183e+02	3.64783099333454e+00
62	151	92	122	5.96050000000000e+02	1.88495559215388e+03	3.00000000000000e-02	0.00000000000000e+00	0.00000000000000e+00	5.62329635758501e+02	1.94121125741364e+00
63	152	93	123	5.93290000000000e+02	1.88495559215388e+03	3.00000000000000e-02	0.00000000000000e+00	0.00000000000000e+00	5.65391442866556e+02	1.60550025840775e+00
64	153	94	124	5.50370000000000e+02	1.88495559215388e+03	3.00000000000000e-02	0.00000000000000e+00	0.00000000000000e+00	5.77066360144961e+02	-1.57888298307135e+00
65	154	95	125	6.29310000000000e+02	1.88495559215388e+03	3.00000000000000e-02	0.00000000000000e+00	0.00000000000000e+00	5.78627600024620e+02	2.79882960946054e+00
66	155	96	126	6.50800000000000e+02	1.88495559215388e+03	3.00000000000000e-02	0.00000000000000e+00	0.00000000000000e+00	5.82618810729647e+02	3.68897479285337e+00
67	156	97	127	6.36060000000000e+02	1.88495559215388e+03	3.00000000000000e-02	0.00000000000000e+00	0.00000000000000e+00	5.68168643739031e+02	3.76248719563712e+00
68	157	98	128	5.58200000000000e+02	1.88495559215388e+03	3.00000000000000e-02	0.00000000000000e+00	0.00000000000000e+00	5.07126324887262e+02	3.19857290110918e+00
69	158	99	129	4.94460000000000e+02	1.88495559215388e+03	3.00000000000000e-02	0.00000000000000e+00	0.00000000000000e+00	5.01357256324934e+02	-4.61755847769011e-01
70	159	100	130	5.51380000000000e+02	1.88495559215388e+03	3.00000000000000e-02	0.00000000000000e+00	0.00000000000000e+00	5.01582386620116e+02	3.15521174380017e+00
1	94	32	63	3.78960000000000e+02	1.94778744522567e+03	3.00000000000000e-02	0.00000000000000e+00	0.00000000000000e+00	3.75474838424161e+02	3.07973261592368e-01
3	95	33	64	4.13410000000000e+02	1.94778744522567e+03	3.00000000000000e-02	0.00000000000000e+00	0.00000000000000e+00	3.89961981760583e+02	1.94635282983858e+00
4	96	34	65	4.06460000000000e+02	1.94778744522567e+03	3.00000000000000e-02	0.00000000000000e+00	0.00000000000000e+00	3.98679908331980e+02	6.44222099724908e-01
2	97	35	66	4.28180000000000e+02	1.94778744522567e+03	3.00000000000000e-02	0.00000000000000e+00	0.00000000000000e+00	4.07864751361576e+02	1.62026800769321e+00
5	98	36	67	4.87410000000000e+02	1.94778744522567e+03	3.00000000000000e-02	0.00000000000000e+00	0.00000000000000e+00	4.23924387797891e+02	4.65168497819889e+00
6	99	37	68	4.63340000000000e+02	1.94778744522567e+03	3.00000000000000e-02	0.00000000000000e+00	0.00000000000000e+00	4.29290207294574e+02	2.54426539131665e+00
7	100	38	69	4.86830000000000e+02	1.94778744522567e+03	3.00000000000000e-02	0.00000000000000e+00	0.00000000000000e+00	4.48744730355771e+02	2.71535964574253e+00
8	101	39	70	4.91740000000000e+02	1.94778744522567e+03	3.00000000000000e-02	0.00000000000000e+00	0.00000000000000e+00	4.71895599711551e+02	1.37307824859188e+00
9	102	40	71	5.24670000000000e+02	1.94778744522567e+03	3.00000000000000e-02	0.00000000000000e+00	0.00000000000000e+00	4.93775129857143e+02	2.02297608986098e+00
10	103	41	72	5.30320000000000e+02	1.94778744522567e+03	3.00000000000000e-02	0.00000000000000e+00	0.00000000000000e+00	5.02490386026748e+02	1.79680301560028e+00
11	104	42	73	5.41790000000000e+02	1.94778744522567e+03	3.00000000000000e-02	0.00000000000000e+00	0.00000000000000e+00	5.15958937916784e+02	1.62837626170071e+00
12	105	43	74	5.53930000000000e+02	1.94778744522567e+03	3.00000000000000e-02	0.00000000000000e+00	0.00000000000000e+00	5.25791492032301e+02	1.73778646014983e+00
13	106	44	75	6.04650000000000e+02	1.94778744522567e+03	3.00000000000000e-02	0.00000000000000e+00	0.00000000000000e+00	5.52040571845061e+02	3.03427449786158e+00
14	107	45	76	6.08150000000000e+02	1.94778744522567e+03	3.00000000000000e-02	0.00000000000000e+00	0.00000000000000e+00	5.65655588911981e+02	2.41453897427100e+00
15	108	46	77	5.81000000000000e+02	1.94778744522567e+03	3.00000000000000e-02	0.00000000000000e+00	0.00000000000000e+00	5.72298612499111e+02	5.02995062303135e-01
16	109	47	78	6.20430000000000e+02	1.94778744522567e+03	3.00000000000000e-02	0.00000000000000e+00	0.00000000000000e+00	5.91779254833154e+02	1.57597003450848e+00
17	110	48	79	6.84450000000000e+02	1.94778744522567e+03	3.00000000000000e-02	0.00000000000000e+00	0.00000000000000e+00	6.06009194903472e+02	4.05734789930925e+00
18	111	49	80	6.85360000000000e+02	1.94778744522567e+03	3.00000000000000e-02	0.00000000000000e+00	0.00000000000000e+00	6.26028256988113e+02	3.01829128719252e+00
19	112	50	81	6.99750000000000e+02	1.94778744522567e+03	3.00000000000000e-02	0.00000000000000e+00	0.00000000000000e+00	6.54695005194501e+02	2.21845473763794e+00
20	113	51	82	8.14240000000000e+02	1.94778744522567e+03	3.00000000000000e-02	0.00000000000000e+00	0.00000000000000e+00	6.65425124006299e+02	6.72763474065932e+00
21	114	52	83	6.97980000000000e+02	1.94778744522567e+03	3.00000000000000e-02	0.00000000000000e+00	0.00000000000000e+00	6.73302524596797e+02	1.19985679752392e+00
22	115	53	84	7.58710000000000e+02	1.94778744522567e+03	3.00000000000000e-02	0.00000000000000e+00	0.00000000000000e+00	6.75080671685219e+02	3.89291417861051e+00
23	116	54	85	8.19760000000000e+02	1.94778744522567e+03	3.00000000000000e-02	0.00000000000000e+00	0.00000000000000e+00	6.67850964556768e+02	6.83155242659404e+00
24	117	55	86	6.87750000000000e+02	1.94778744522567e+03	3.00000000000000e-02	0.00000000000000e+00	0.00000000000000e+00	6.43721603642437e+02	2.20530198821164e+00
25	118	56	87	5.31910000000000e+02	1.94778744522567e+03	3.00000000000000e-02	0.00000000000000e+00	0.00000000000000e+00	6.06503227450596e+02	-4.37452492358101e+00
26	119	57	88	5.22650000000000e+02	1.94778744522567e+03	3.00000000000000e-02	0.00000000000000e+00	0.00000000000000e+00	5.83492814490982e+02	-3.67067043916795e+00
27	120	58	89	5.13390000000000e+02	1.94778744522567e+03	3.00000000000000e-02	0.00000000000000e+00	0.00000000000000e+00	5.72710681903306e+02	-3.64482935996202e+00
28	121	59	90	5.70250000000000e+02	1.94778744522567e+03	3.00000000000000e-02	0.00000000000000e+00	0.00000000000000e+00	5.61869973636636e+02	4.93480055846026e-01
29	122	60	91	5.36230000000000e+02	1.94778744522567e+03	3.00000000000000e-02	0.00000000000000e+00	0.00000000000000e+00	5.57325818040913e+02	-1.28622823332849e+00
30	123	61	92	4.55150000000000e+02	1.94778744522567e+03	3.00000000000000e-02	0.00000000000000e+00	0.00000000000000e+00	5.41420679432155e+02	-5.78565125723154e+00
31	124	62	93	5.27830000000000e+02	1.94778744522567e+03	3.00000000000000e-02	0.00000000000000e+00	0.00000000000000e+00	5.35550225005584e+02	-4.84013806129842e-01
32	125	63	94	4.53340000000000e+02	1.94778744522567e+03	3.00000000000000e-02	0.00000000000000e+00	0.00000000000000e+00	5.18294610824505e+02	-4.46338105045273e+00
33	126	64	95	4.55610000000000e+02	1.94778744522567e+03	3.00000000000000e-02	0.00000000000000e+00	0.00000000000000e+00	5.01513515755268e+02	-3.19977924290328e+00
34	127	65	96	5.12120000000000e+02	1.94778744522567e+03	3.00000000000000e-02	0.00000000000000e+00	0.00000000000000e+00	4.78803065945135e+02	2.24231985068262e+00
35	128	66	97	4.96140000000000e+02	1.94778744522567e+03	3.00000000000000e-02	0.00000000000000e+00	0.00000000000000e+00	4.64767813815364e+02	2.17733964024429e+00
36	129	67	98	4.96260000000000e+02	1.94778744522567e+03	3.00000000000000e-02	0.00000000000000e+00	0.00000000000000e+00	4.52365494845718e+02	3.08698376462854e+00
37	130	68	99	4.22810000000000e+02	1.94778744522567e+03	3.00000000000000e-02	0.00000000000000e+00	0.00000000000000e+00	4.49960613680473e+02	-2.07457160726952e+00
38	131	69	100	4.52880000000000e+02	1.94778744522567e+03	3.00000000000000e-02	0.00000000000000e+00	0.00000000000000e+00	4.43785558190292e+02	6.76190700535114e-01
39	132	70	101	3.96280000000000e+02	1.94778744522567e+03	3.00000000000000e-02	0.00000000000000e+00	0.00000000000000e+00	4.29672551863104e+02	-2.69674597312367e+00
40	133	71	102	3.69560000000000e+02	1.94778744522567e+03	3.00000000000000e-02	0.00000000000000e+00	0.00000000000000e+00	4.17325341037406e+02	-4.05176677123912e+00
41	134	72	103	3.97550000000000e+02	1.94778744522567e+03	3.00000000000000e-02	0.00000000000000e+00	0.00000000000000e+00	4.16124853540171e+02	-1.52215438621655e+00
42	135	73	104	4.00670000000000e+02	1.94778744522567e+03	3.00000000000000e-02	0.00000000000000e+00	0.00000000000000e+00	4.07572800619319e+02	-5.69380756371303e-01
43	136	74	105	4.01400000000000e+02	1.94778744522567e+03	3.00000000000000e-02	0.00000000000000e+00	0.00000000000000e+00	4.04048225033819e+02	-2.19193445686846e-01
44	137	75	106	3.96230000000000e+02	1.94778744522567e+03	3.00000000000000e-02	0.00000000000000e+00	0.00000000000000e+00	3.97589166800808e+02	-1.14145906760991e-01
45	138	76	107	4.16550000000000e+02	1.94778744522567e+03	3.00000000000000e-02	0.00000000000000e+00	0.00000000000000e+00	3.98859905361973e+02	1.44654205223868e+00
46	139	77	108	4.06930000000000e+02	1.94778744522567e+03	3.00000000000000e-02	0.00000000000000e+00	0.00000000000000e+00	4.03738260635305e+02	2.62479406343748e-01
48	140	79	110	4.18670000000000e+02	1.94778744522567e+03	3.00000000000000e-02	0.00000000000000e+00	0.00000000000000e+00	4.17490715415104e+02	9.40238198281781e-02
49	142	80	111	4.29340000000000e+02	1.94778744522567e+03	3.00000000000000e-02	0.00000000000000e+00	0.00000000000000e+00	4.19634179033515e+02	7.62193879753070e-01
50	143	81	112	3.69270000000000e+02	1.94778744522567e+03	3.00000000000000e-02	0.00000000000000e+00	0.00000000000000e+00	4.07753436834534e+02	-3.30448621513450e+00
51	141	82	113	4.09840000000000e+02	1.94778744522567e+03	3.00000000000000e-02	0.00000000000000e+00	0.00000000000000e+00	4.11827558450416e+02	-1.61262488423356e-01
52	144	83	114	4.32890000000000e+02	1.94778744522567e+03	3.00000000000000e-02	0.00000000000000e+00	0.00000000000000e+00	4.13630267248507e+02	1.51703845467018e+00
53	145	84	115	4.55940000000000e+02	1.94778744522567e+03	3.00000000000000e-02	0.00000000000000e+00	0.00000000000000e+00	4.26096023125036e+02	2.25654982145954e+00
54	146	85	116	4.51040000000000e+02	1.94778744522567e+03	3.00000000000000e-02	0.00000000000000e+00	0.00000000000000e+00	4.38454449197709e+02	9.43336654395388e-01
55	147	86	117	4.72200000000000e+02	1.94778744522567e+03	3.00000000000000e-02	0.00000000000000e+00	0.00000000000000e+00	4.64857679566595e+02	5.22377711994289e-01
56	148	87	118	5.53900000000000e+02	1.94778744522567e+03	3.00000000000000e-02	0.00000000000000e+00	0.00000000000000e+00	4.96939740983526e+02	3.61717972664148e+00
57	149	88	119	5.58040000000000e+02	1.94778744522567e+03	3.00000000000000e-02	0.00000000000000e+00	0.00000000000000e+00	5.16435152805491e+02	2.58269716406208e+00
58	150	89	120	5.31920000000000e+02	1.94778744522567e+03	3.00000000000000e-02	0.00000000000000e+00	0.00000000000000e+00	5.31390386172936e+02	3.32053479866386e-02
59	151	90	121	5.44370000000000e+02	1.94778744522567e+03	3.00000000000000e-02	0.00000000000000e+00	0.00000000000000e+00	5.47662080918982e+02	-2.00976445619923e-01
60	152	91	122	5.56450000000000e+02	1.94778744522567e+03	3.00000000000000e-02	0.00000000000000e+00	0.00000000000000e+00	5.48696118781835e+02	4.67751628631833e-01
61	153	92	123	6.01910000000000e+02	1.94778744522567e+03	3.00000000000000e-02	0.00000000000000e+00	0.00000000000000e+00	5.64789165873010e+02	2.12184762374420e+00
62	154	93	124	6.60030000000000e+02	1.94778744522567e+03	3.00000000000000e-02	0.00000000000000e+00	0.00000000000000e+00	5.64643809600262e+02	5.20300605581416e+00
63	155	94	125	6.72950000000000e+02	1.94778744522567e+03	3.00000000000000e-02	0.00000000000000e+00	0.00000000000000e+00	5.70113250851470e+02	5.52786686273956e+00
64	156	95	126	5.84540000000000e+02	1.94778744522567e+03	3.00000000000000e-02	0.00000000000000e+00	0.00000000000000e+00	5.50224056265044e+02	2.01665476102821e+00
65	157	96	127	5.36470000000000e+02	1.94778744522567e+03	3.00000000000000e-02	0.00000000000000e+00	0.00000000000000e+00	5.01960358886131e+02	2.21631641029664e+00
66	158	97	128	4.75720000000000e+02	1.94778744522567e+03	3.00000000000000e-02	0.00000000000000e+00	0.00000000000000e+00	5.01483688077941e+02	-1.75805449162108e+00
67	159	98	129	5.93140000000000e+02	1.94778744522567e+03	3.00000000000000e-02	0.00000000000000e+00	0.00000000000000e+00	5.07963044874629e+02	5.16739200668569e+00
1	97	33	65	4.79280000000000e+02	2.01061929829747e+03	3.00000000000000e-02	0.00000000000000e+00	0.00000000000000e+00	3.90885383298459e+02	6.79568660358495e+00
3	98	34	66	4.64000000000000e+02	2.01061929829747e+03	3.00000000000000e-02	0.00000000000000e+00	0.00000000000000e+00	4.09558585850409e+02	4.16015307921477e+00
4	99	35	67	4.47180000000000e+02	2.01061929829747e+03	3.00000000000000e-02	0.00000000000000e+00	0.00000000000000e+00	4.18393510258718e+02	2.21795987817212e+00
2	100	36	68	4.18010000000000e+02	2.01061929829747e+03	3.00000000000000e-02	0.00000000000000e+00	0.00000000000000e+00	4.15184988288257e+02	2.26039328687211e-01
5	101	37	69	4.43150000000000e+02	2.01061929829747e+03	3.00000000000000e-02	0.00000000000000e+00	0.00000000000000e+00	4.20161897079075e+02	1.77560689817596e+00
6	102	38	70	4.63770000000000e+02	2.01061929829747e+03	3.00000000000000e-02	0.00000000000000e+00	0.00000000000000e+00	4.45809472457732e+02	1.31656902425024e+00
7	103	39	71	4.88960000000000e+02	2.01061929829747e+03	3.00000000000000e-02	0.00000000000000e+00	0.00000000000000e+00	4.66996483441400e+02	1.53196530005415e+00
8	104	40	72	5.03510000000000e+02	2.01061929829747e+03	3.00000000000000e-02	0.00000000000000e+00	0.00000000000000e+00	4.81261148419126e+02	1.50645073515552e+00
9	105	41	73	5.40240000000000e+02	2.01061929829747e+03	3.00000000000000e-02	0.00000000000000e+00	0.00000000000000e+00	5.05962960579511e+02	2.18500063647179e+00
10	106	42	74	5.52520000000000e+02	2.01061929829747e+03	3.00000000000000e-02	0.00000000000000e+00	0.00000000000000e+00	5.25146612873279e+02	1.69373818703041e+00
11	107	43	75	5.67100000000000e+02	2.01061929829747e+03	3.00000000000000e-02	0.00000000000000e+00	0.00000000000000e+00	5.39528554976871e+02	1.66133143759017e+00
12	108	44	76	5.70470000000000e+02	2.01061929829747e+03	3.00000000000000e-02	0.00000000000000e+00	0.00000000000000e+00	5.39614471827384e+02	1.85352129824915e+00
13	109	45	77	6.30540000000000e+02	2.01061929829747e+03	3.00000000000000e-02	0.00000000000000e+00	0.00000000000000e+00	5.51645531325698e+02	4.45569694975800e+00
14	110	46	78	6.18580000000000e+02	2.01061929829747e+03	3.00000000000000e-02	0.00000000000000e+00	0.00000000000000e+00	5.69399964226114e+02	2.76144722138509e+00
15	111	47	79	5.98670000000000e+02	2.01061929829747e+03	3.00000000000000e-02	0.00000000000000e+00	0.00000000000000e+00	5.68855688200240e+02	1.70279165661637e+00
16	112	48	80	6.28060000000000e+02	2.01061929829747e+03	3.00000000000000e-02	0.00000000000000e+00	0.00000000000000e+00	5.94342320054186e+02	1.83934178501707e+00
17	113	49	81	6.90020000000000e+02	2.01061929829747e+03	3.00000000000000e-02	0.00000000000000e+00	0.00000000000000e+00	6.26987643458199e+02	3.19312498809809e+00
18	114	50	82	6.99290000000000e+02	2.01061929829747e+03	3.00000000000000e-02	0.00000000000000e+00	0.00000000000000e+00	6.42085989686516e+02	2.84477665169470e+00
19	115	51	83	6.62820000000000e+02	2.01061929829747e+03	3.00000000000000e-02	0.00000000000000e+00	0.00000000000000e+00	6.49550338937505e+02	6.74104095568939e-01
20	116	52	84	7.13400000000000e+02	2.01061929829747e+03	3.00000000000000e-02	0.00000000000000e+00	0.00000000000000e+00	6.57194121840923e+02	2.73542770162001e+00
21	117	53	85	6.49860000000000e+02	2.01061929829747e+03	3.00000000000000e-02	0.00000000000000e+00	0.00000000000000e+00	6.50592725539850e+02	-3.75625914984449e-02
22	118	54	86	6.73110000000000e+02	2.01061929829747e+03	3.00000000000000e-02	0.00000000000000e+00	0.00000000000000e+00	6.39639219925092e+02	1.70014883341132e+00
23	119	55	87	7.38960000000000e+02	2.01061929829747e+03	3.00000000000000e-02	0.00000000000000e+00	0.00000000000000e+00	6.28772822665403e+02	5.38245910184590e+00
24	120	56	88	7.46210000000000e+02	2.01061929829747e+03	3.00000000000000e-02	0.00000000000000e+00	0.00000000000000e+00	6.00138115433302e+02	7.26157469384650e+00
25	121	57	89	5.14920000000000e+02	2.01061929829747e+03	3.00000000000000e-02	0.00000000000000e+00	0.00000000000000e+00	5.69502554062007e+02	-3.35839062767572e+00
26	122	58	90	7.01820000000000e+02	2.01061929829747e+03	3.00000000000000e-02	0.00000000000000e+00	0.00000000000000e+00	5.61285577574326e+02	7.44823779852736e+00
27	123	59	91	5.13920000000000e+02	2.01061929829747e+03	3.00000000000000e-02	0.00000000000000e+00	0.00000000000000e+00	5.54022188962026e+02	-2.50457089682987e+00
28	124	60	92	4.77480000000000e+02	2.01061929829747e+03	3.00000000000000e-02	0.00000000000000e+00	0.00000000000000e+00	5.52969042126142e+02	-4.89265813465837e+00
29	125	61	93	4.54160000000000e+02	2.01061929829747e+03	3.00000000000000e-02	0.00000000000000e+00	0.00000000000000e+00	5.35898631445302e+02	-5.51651546283122e+00
30	126	62	94	4.30850000000000e+02	2.01061929829747e+03	3.00000000000000e-02	0.00000000000000e+00	0.00000000000000e+00	5.29948474465714e+02	-6.90065940483994e+00
31	127	63	95	4.51610000000000e+02	2.01061929829747e+03	3.00000000000000e-02	0.00000000000000e+00	0.00000000000000e+00	5.16176338044917e+02	-4.45431573261938e+00
32	128	64	96	4.12090000000000e+02	2.01061929829747e+03	3.00000000000000e-02	0.00000000000000e+00	0.00000000000000e+00	4.98167416064698e+02	-6.32314750903804e+00
33	129	65	97	5.43930000000000e+02	2.01061929829747e+03	3.00000000000000e-02	0.00000000000000e+00	0.00000000000000e+00	4.92573930509020e+02	3.30586666835995e+00
34	130	66	98	5.39430000000000e+02	2.01061929829747e+03	3.00000000000000e-02	0.00000000000000e+00	0.00000000000000e+00	4.75626839118284e+02	4.19598103876770e+00
35	131	67	99	5.09450000000000e+02	2.01061929829747e+03	3.00000000000000e-02	0.00000000000000e+00	0.00000000000000e+00	4.59829286434063e+02	3.41588027551980e+00
36	132	68	100	4.93710000000000e+02	2.01061929829747e+03	3.00000000000000e-02	0.00000000000000e+00	0.00000000000000e+00	4.65149374431331e+02	1.98632369789573e+00
37	133	69	101	4.05400000000000e+02	2.01061929829747e+03	3.00000000000000e-02	0.00000000000000e+00	0.00000000000000e+00	4.59282676436368e+02	-4.15972130952253e+00
38	134	70	102	4.38140000000000e+02	2.01061929829747e+03	3.00000000000000e-02	0.00000000000000e+00	0.00000000000000e+00	4.41590849190796e+02	-2.61509293323255e-01
39	135	71	103	4.12650000000000e+02	2.01061929829747e+03	3.00000000000000e-02	0.00000000000000e+00	0.00000000000000e+00	4.34286115799343e+02	-1.70345979479315e+00
40	136	72	104	4.16470000000000e+02	2.01061929829747e+03	3.00000000000000e-02	0.00000000000000e+00	0.00000000000000e+00	4.34900037350444e+02	-1.44339250950830e+00
41	137	73	105	4.16400000000000e+02	2.01061929829747e+03	3.00000000000000e-02	0.00000000000000e+00	0.00000000000000e+00	4.26873940934099e+02	-8.28080420229060e-01
42	138	74	106	4.12110000000000e+02	2.01061929829747e+03	3.00000000000000e-02	0.00000000000000e+00	0.00000000000000e+00	4.12721509845210e+02	-4.94250401402792e-02
43	139	75	107	4.00520000000000e+02	2.01061929829747e+03	3.00000000000000e-02	0.00000000000000e+00	0.00000000000000e+00	4.01389454340477e+02	-7.22820327131224e-02
45	140	77	109	4.21950000000000e+02	2.01061929829747e+03	3.00000000000000e-02	0.00000000000000e+00	0.00000000000000e+00	4.09770174062241e+02	9.76345738027096e-01
46	142	78	110	4.02730000000000e+02	2.01061929829747e+03	3.00000000000000e-02	0.00000000000000e+00	0.00000000000000e+00	4.11754159630285e+02	-7.38670303329088e-01
47	143	79	111	3.96310000000000e+02	2.01061929829747e+03	3.00000000000000e-02	0.00000000000000e+00	0.00000000000000e+00	4.19361724975223e+02	-1.88457065437998e+00
48	141	80	112	4.09780000000000e+02	2.01061929829747e+03	3.00000000000000e-02	0.00000000000000e+00	0.00000000000000e+00	4.12994120743114e+02	-2.60430901727500e-01
49	144	81	113	3.38350000000000e+02	2.01061929829747e+03	3.00000000000000e-02	0.00000000000000e+00	0.00000000000000e+00	4.06769942622353e+02	-6.13889704691163e+00
50	145	82	114	4.13280000000000e+02	2.01061929829747e+03	3.00000000000000e-02	0.00000000000000e+00	0.00000000000000e+00	4.12935517436490e+02	2.77960230473440e-02
51	146	83	115	4.54360000000000e+02	2.01061929829747e+03	3.00000000000000e-02	0.00000000000000e+00	0.00000000000000e+00	4.26752348586775e+02	2.08953234261496e+00
52	147	84	116	4.66170000000000e+02	2.01061929829747e+03	3.00000000000000e-02	0.00000000000000e+00	0.00000000000000e+00	4.39520792264297e+02	1.96217831847670e+00
53	148	85	117	4.90760000000000e+02	2.01061929829747e+03	3.00000000000000e-02	0.00000000000000e+00	0.00000000000000e+00	4.66034614467635e+02	1.72317661941633e+00
54	149	86	118	5.04420000000000e+02	2.01061929829747e+03	3.00000000000000e-02	0.00000000000000e+00	0.00000000000000e+00	4.91615372813044e+02	8.57086873126030e-01
55	150	87	119	5.16510000000000e+02	2.01061929829747e+03	3.00000000000000e-02	0.00000000000000e+00	0.00000000000000e+00	5.10045318544913e+02	4.19835593131346e-01
56	151	88	120	5.52770000000000e+02	2.01061929829747e+03	3.00000000000000e-02	0.00000000000000e+00	0.00000000000000e+00	5.26168424768637e+02	1.64402137136384e+00
57	152	89	121	5.69400000000000e+02	2.01061929829747e+03	3.00000000000000e-02	0.00000000000000e+00	0.00000000000000e+00	5.44513747614272e+02	1.48966615486333e+00
58	153	90	122	5.60390000000000e+02	2.01061929829747e+03	3.00000000000000e-02	0.00000000000000e+00	0.00000000000000e+00	5.54030369086890e+02	3.80448893852225e-01
59	154	91	123	6.31150000000000e+02	2.01061929829747e+03	3.00000000000000e-02	0.00000000000000e+00	0.00000000000000e+00	5.54259357967023e+02	4.33036066089659e+00
60	155	92	124	5.87100000000000e+02	2.01061929829747e+03	3.00000000000000e-02	0.00000000000000e+00	0.00000000000000e+00	5.49374429563659e+02	2.21383109893830e+00
61	156	93	125	6.44540000000000e+02	2.01061929829747e+03	3.00000000000000e-02	0.00000000000000e+00	0.00000000000000e+00	5.38181961899575e+02	6.01133873152694e+00
62	157	94	126	5.04020000000000e+02	2.01061929829747e+03	3.00000000000000e-02	0.00000000000000e+00	0.00000000000000e+00	4.85196377955621e+02	1.26874126120192e+00
63	158	95	127	4.63450000000000e+02	2.01061929829747e+03	3.00000000000000e-02	0.00000000000000e+00	0.00000000000000e+00	4.96162174385569e+02	-2.27347778162938e+00
64	159	96	128	5.27600000000000e+02	2.01061929829747e+03	3.00000000000000e-02	0.00000000000000e+00	0.00000000000000e+00	5.07627934301993e+02	1.28632181337712e+00
1	100	34	67	4.62370000000000e+02	2.07345115136926e+03	3.00000000000000e-02	0.00000000000000e+00	0.00000000000000e+00	4.10136535696202e+02	3.99584394019996e+00
3	101	35	68	4.17480000000000e+02	2.07345115136926e+03	3.00000000000000e-02	0.00000000000000e+00	0.00000000000000e+00	4.13878942058314e+02	2.88770612466127e-01
4	102	36	69	4.10710000000000e+02	2.07345115136926e+03	3.00000000000000e-02	0.00000000000000e+00	0.00000000000000e+00	4.18284234726561e+02	-6.09127316103889e-01
2	103	37	70	4.34130000000000e+02	2.07345115136926e+03	3.00000000000000e-02	0.00000000000000e+00	0.00000000000000e+00	4.26561084206436e+02	5.86281656220885e-01
5	104	38	71	4.53100000000000e+02	2.07345115136926e+03	3.00000000000000e-02	0.00000000000000e+00	0.00000000000000e+00	4.36164542080052e+02	1.26977631419747e+00
6	105	39	72	4.63350000000000e+02	2.07345115136926e+03	3.00000000000000e-02	0.00000000000000e+00	0.00000000000000e+00	4.46751386528859e+02	1.21601501359730e+00
7	106	40	73	5.11480000000000e+02	2.07345115136926e+03	3.00000000000000e-02	0.00000000000000e+00	0.00000000000000e+00	4.82902477851086e+02	1.91645866292681e+00
8	107	41	74	5.27720000000000e+02	2.07345115136926e+03	3.00000000000000e-02	0.00000000000000e+00	0.00000000000000e+00	5.09976370279175e+02	1.14004827188439e+00
9	108	42	75	5.81420000000000e+02	2.07345115136926e+03	3.00000000000000e-02	0.00000000000000e+00	0.00000000000000e+00	5.33651946960022e+02	2.85765151735964e+00
10	109	43	76	5.67470000000000e+02	2.07345115136926e+03	3.00000000000000e-02	0.00000000000000e+00	0.00000000000000e+00	5.38031998877666e+02	1.77566162204208e+00
11	110	44	77	5.65510000000000e+02	2.07345115136926e+03	3.00000000000000e-02	0.00000000000000e+00	0.00000000000000e+00	5.29918500977621e+02	2.16682519613466e+00
12	111	45	78	5.68370000000000e+02	2.07345115136926e+03	3.00000000000000e-02	0.00000000000000e+00	0.00000000000000e+00	5.32142502650245e+02	2.19537664999840e+00
13	112	46	79	6.65610000000000e+02	2.07345115136926e+03	3.00000000000000e-02	0.00000000000000e+00	0.00000000000000e+00	5.59856063620372e+02	5.76747306634730e+00
14	113	47	80	6.06170000000000e+02	2.07345115136926e+03	3.00000000000000e-02	0.00000000000000e+00	0.00000000000000e+00	5.81611307166702e+02	1.37860357559439e+00
15	114	48	81	6.29980000000000e+02	2.07345115136926e+03	3.00000000000000e-02	0.00000000000000e+00	0.00000000000000e+00	5.90685979557261e+02	2.14678447067186e+00
16	115	49	82	5.73510000000000e+02	2.07345115136926e+03	3.00000000000000e-02	0.00000000000000e+00	0.00000000000000e+00	6.01216226626165e+02	-1.57264249005656e+00
17	116	50	83	6.66140000000000e+02	2.07345115136926e+03	3.00000000000000e-02	0.00000000000000e+00	0.00000000000000e+00	6.22751223274963e+02	2.24509134025688e+00
18	117	51	84	6.31740000000000e+02	2.07345115136926e+03	3.00000000000000e-02	0.00000000000000e+00	0.00000000000000e+00	6.20514313377586e+02	5.97641507601487e-01
19	118	52	85	6.16640000000000e+02	2.07345115136926e+03	3.00000000000000e-02	0.00000000000000e+00	0.00000000000000e+00	6.17405313345788e+02	-4.13444269091142e-02
20	119	53	86	7.95250000000000e+02	2.07345115136926e+03	3.00000000000000e-02	0.00000000000000e+00	0.00000000000000e+00	6.25039234999859e+02	8.02807022878029e+00
21	120	54	87	6.00990000000000e+02	2.07345115136926e+03	3.00000000000000e-02	0.00000000000000e+00	0.00000000000000e+00	6.22497531669186e+02	-1.17204558930893e+00
22	121	55	88	6.15430000000000e+02	2.07345115136926e+03	3.00000000000000e-02	0.00000000000000e+00	0.00000000000000e+00	6.09055864221784e+02	3.47040530264250e-01
23	122	56	89	9.02810000000000e+02	2.07345115136926e+03	3.00000000000000e-02	0.00000000000000e+00	0.00000000000000e+00	5.83057061049069e+02	1.45742355033879e+01
24	123	57	90	6.34560000000000e+02	2.07345115136926e+03	3.00000000000000e-02	0.00000000000000e+00	0.00000000000000e+00	5.61154734738732e+02	4.09783861137697e+00
25	124	58	91	8.41950000000000e+02	2.07345115136926e+03	3.00000000000000e-02	0.00000000000000e+00	0.00000000000000e+00	5.53405761944252e+02	1.39876383619960e+01
26	125	59	92	6.54540000000000e+02	2.07345115136926e+03	3.00000000000000e-02	0.00000000000000e+00	0.00000000000000e+00	5.52005544880913e+02	5.67915358456531e+00
27	126	60	93	4.67140000000000e+02	2.07345115136926e+03	3.00000000000000e-02	0.00000000000000e+00	0.00000000000000e+00	5.49258087074921e+02	-5.39798121325189e+00
28	127	61	94	6.71250000000000e+02	2.07345115136926e+03	3.00000000000000e-02	0.00000000000000e+00	0.00000000000000e+00	5.24293572071028e+02	8.23632887802231e+00
29	128	62	95	5.38990000000000e+02	2.07345115136926e+03	3.00000000000000e-02	0.00000000000000e+00	0.00000000000000e+00	5.20404718145402e+02	1.16967349605138e+00
30	129	63	96	4.06730000000000e+02	2.07345115136926e+03	3.00000000000000e-02	0.00000000000000e+00	0.00000000000000e+00	5.19681714349726e+02	-8.16889872486755e+00
31	130	64	97	4.36800000000000e+02	2.07345115136926e+03	3.00000000000000e-02	0.00000000000000e+00	0.00000000000000e+00	5.16551900233438e+02	-5.59001145199455e+00
32	131	65	98	4.63280000000000e+02	2.07345115136926e+03	3.00000000000000e-02	0.00000000000000e+00	0.00000000000000e+00	5.00184014350966e+02	-2.55481455002124e+00
33	132	66	99	5.57900000000000e+02	2.07345115136926e+03	3.00000000000000e-02	0.00000000000000e+00	0.00000000000000e+00	4.85879774880660e+02	4.60728394474795e+00
34	133	67	100	5.12670000000000e+02	2.07345115136926e+03	3.00000000000000e-02	0.00000000000000e+00	0.00000000000000e+00	4.78311017294522e+02	2.31237262097700e+00
35	134	68	101	5.05110000000000e+02	2.07345115136926e+03	3.00000000000000e-02	0.00000000000000e+00	0.00000000000000e+00	4.80169351807929e+02	1.68791231314624e+00
36	135	69	102	6.86050000000000e+02	2.07345115136926e+03	3.00000000000000e-02	0.00000000000000e+00	0.00000000000000e+00	4.71054757574960e+02	1.25325388662428e+01
37	136	70	103	4.63270000000000e+02	2.07345115136926e+03	3.00000000000000e-02	0.00000000000000e+00	0.00000000000000e+00	4.58579022302799e+02	3.39247033189090e-01
38	137	71	104	4.47650000000000e+02	2.07345115136926e+03	3.00000000000000e-02	0.00000000000000e+00	0.00000000000000e+00	4.57438311037648e+02	-7.21011976060293e-01
39	138	72	105	4.46040000000000e+02	2.07345115136926e+03	3.00000000000000e-02	0.00000000000000e+00	0.00000000000000e+00	4.57708424204906e+02	-8.60790630318794e-01
40	139	73	106	4.20230000000000e+02	2.07345115136926e+03	3.00000000000000e-02	0.00000000000000e+00	0.00000000000000e+00	4.36657565144212e+02	-1.27823678974102e+00
42	140	75	108	4.07640000000000e+02	2.07345115136926e+03	3.00000000000000e-02	0.00000000000000e+00	0.00000000000000e+00	4.05183443669330e+02	2.01484002398426e-01
43	142	76	109	3.92260000000000e+02	2.07345115136926e+03	3.00000000000000e-02	0.00000000000000e+00	0.00000000000000e+00	4.05743122659062e+02	-1.12651237724283e+00
44	143	77	110	3.75250000000000e+02	2.07345115136926e+03	3.00000000000000e-02	0.00000000000000e+00	0.00000000000000e+00	4.17147945357735e+02	-3.52828244648139e+00
45	141	78	111	4.15380000000000e+02	2.07345115136926e+03	3.00000000000000e-02	0.00000000000000e+00	0.00000000000000e+00	4.21003695258169e+02	-4.48261568706343e-01
46	144	79	112	3.73460000000000e+02	2.07345115136926e+03	3.00000000000000e-02	0.00000000000000e+00	0.00000000000000e+00	4.11362597247121e+02	-3.22213845041448e+00
47	145	80	113	4.11710000000000e+02	2.07345115136926e+03	3.00000000000000e-02	0.00000000000000e+00	0.00000000000000e+00	4.11766658448115e+02	-4.58693011090953e-03
48	146	81	114	4.23340000000000e+02	2.07345115136926e+03	3.00000000000000e-02	0.00000000000000e+00	0.00000000000000e+00	4.15182858655394e+02	6.48553074708088e-01
49	147	82	115	4.32470000000000e+02	2.07345115136926e+03	3.00000000000000e-02	0.00000000000000e+00	0.00000000000000e+00	4.30102265075549e+02	1.82998454521410e-01
50	148	83	116	4.73890000000000e+02	2.07345115136926e+03	3.00000000000000e-02	0.00000000000000e+00	0.00000000000000e+00	4.40746984965254e+02	2.41680822298470e+00
51	149	84	117	5.23890000000000e+02	2.07345115136926e+03	3.00000000000000e-02	0.00000000000000e+00	0.00000000000000e+00	4.67676904168164e+02	3.78346856101054e+00
52	150	85	118	4.94130000000000e+02	2.07345115136926e+03	3.00000000000000e-02	0.00000000000000e+00	0.00000000000000e+00	4.94934382581370e+02	-5.42184292469254e-02
53	151	86	119	4.95130000000000e+02	2.07345115136926e+03	3.00000000000000e-02	0.00000000000000e+00	0.00000000000000e+00	5.03557206261707e+02	-5.62565618552953e-01
54	152	87	120	5.38270000000000e+02	2.07345115136926e+03	3.00000000000000e-02	0.00000000000000e+00	0.00000000000000e+00	5.06407308770815e+02	2.03396631604284e+00
55	153	88	121	5.47030000000000e+02	2.07345115136926e+03	3.00000000000000e-02	0.00000000000000e+00	0.00000000000000e+00	5.30323808648555e+02	1.03386219414994e+00
56	154	89	122	6.09140000000000e+02	2.07345115136926e+03	3.00000000000000e-02	0.00000000000000e+00	0.00000000000000e+00	5.44054975513243e+02	3.76659422230524e+00
57	155	90	123	6.37310000000000e+02	2.07345115136926e+03	3.00000000000000e-02	0.00000000000000e+00	0.00000000000000e+00	5.51229694613385e+02	4.83682008267398e+00
58	156	91	124	6.00770000000000e+02	2.07345115136926e+03	3.00000000000000e-02	0.00000000000000e+00	0.00000000000000e+00	5.29653370595586e+02	4.19964636473387e+00
59	157	92	125	5.17170000000000e+02	2.07345115136926e+03	3.00000000000000e-02	0.00000000000000e+00	0.00000000000000e+00	4.72211749105775e+02	3.03147115343133e+00
60	158	93	126	5.50070000000000e+02	2.07345115136926e+03	3.00000000000000e-02	0.00000000000000e+00	0.00000000000000e+00	4.73846121826823e+02	4.97209704541796e+00
61	159	94	127	5.82970000000000e+02	2.07345115136926e+03	3.00000000000000e-02	0.00000000000000e+00	0.00000000000000e+00	5.01328092785728e+02	5.02916548278053e+00
1	103	35	69	4.46820000000000e+02	2.13628300444106e+03	3.00000000000000e-02	0.00000000000000e+00	0.00000000000000e+00	4.15515812918163e+02	2.42117192715015e+00
3	104	36	70	4.14660000000000e+02	2.13628300444106e+03	3.00000000000000e-02	0.00000000000000e+00	0.00000000000000e+00	4.27617470773029e+02	-1.02567095776133e+00
4	105	37	71	4.37500000000000e+02	2.13628300444106e+03	3.00000000000000e-02	0.00000000000000e+00	0.00000000000000e+00	4.21717312327995e+02	1.22471640762821e+00
2	106	38	72	4.47970000000000e+02	2.13628300444106e+03	3.00000000000000e-02	0.00000000000000e+00	0.00000000000000e+00	4.29480767242677e+02	1.40497682923583e+00
5	107	39	73	4.79480000000000e+02	2.13628300444106e+03	3.00000000000000e-02	0.00000000000000e+00	0.00000000000000e+00	4.54822106638906e+02	1.75986050861206e+00
6	108	40	74	5.11140000000000e+02	2.13628300444106e+03	3.00000000000000e-02	0.00000000000000e+00	0.00000000000000e+00	4.81861776573231e+02	1.96620743179029e+00
7	109	41	75	5.41420000000000e+02	2.13628300444106e+03	3.00000000000000e-02	0.00000000000000e+00	0.00000000000000e+00	5.07865388413165e+02	2.13262962452549e+00
8	110	42	76	5.40590000000000e+02	2.13628300444106e+03	3.00000000000000e-02	0.00000000000000e+00	0.00000000000000e+00	5.11635329486475e+02	1.83496705105745e+00
9	111	43	77	5.61930000000000e+02	2.13628300444106e+03	3.00000000000000e-02	0.00000000000000e+00	0.00000000000000e+00	5.17329335483784e+02	2.75658675775601e+00
10	112	44	78	5.74830000000000e+02	2.13628300444106e+03	3.00000000000000e-02	0.00000000000000e+00	0.00000000000000e+00	5.35347695470277e+02	2.37193036769092e+00
11	113	45	79	5.55620000000000e+02	2.13628300444106e+03	3.00000000000000e-02	0.00000000000000e+00	0.00000000000000e+00	5.43517847320963e+02	7.34068785778656e-01
12	114	46	80	6.08770000000000e+02	2.13628300444106e+03	3.00000000000000e-02	0.00000000000000e+00	0.00000000000000e+00	5.58318716558839e+02	2.88368507052619e+00
13	115	47	81	6.46630000000000e+02	2.13628300444106e+03	3.00000000000000e-02	0.00000000000000e+00	0.00000000000000e+00	5.73479405099320e+02	4.00174119084467e+00
14	116	48	82	5.74750000000000e+02	2.13628300444106e+03	3.00000000000000e-02	0.00000000000000e+00	0.00000000000000e+00	5.77331071283139e+02	-1.49357290083518e-01
15	117	49	83	5.27540000000000e+02	2.13628300444106e+03	3.00000000000000e-02	0.00000000000000e+00	0.00000000000000e+00	5.73277191594626e+02	-2.77148876160887e+00
16	118	50	84	5.71150000000000e+02	2.13628300444106e+03	3.00000000000000e-02	0.00000000000000e+00	0.00000000000000e+00	5.78686333772918e+02	-4.36957357648430e-01
17	119	51	85	6.78080000000000e+02	2.13628300444106e+03	3.00000000000000e-02	0.00000000000000e+00	0.00000000000000e+00	5.90153498954566e+02	4.62942014327729e+00
18	120	52	86	5.94800000000000e+02	2.13628300444106e+03	3.00000000000000e-02	0.00000000000000e+00	0.00000000000000e+00	5.95658785389268e+02	-4.80926932697301e-02
19	121	53	87	6.31160000000000e+02	2.13628300444106e+03	3.00000000000000e-02	0.00000000000000e+00	0.00000000000000e+00	5.94894394184533e+02	1.97251650467747e+00
20	122	54	88	6.57390000000000e+02	2.13628300444106e+03	3.00000000000000e-02	0.00000000000000e+00	0.00000000000000e+00	5.93725730751924e+02	3.39533232283437e+00
21	123	55	89	5.54940000000000e+02	2.13628300444106e+03	3.00000000000000e-02	0.00000000000000e+00	0.00000000000000e+00	5.85146173900755e+02	-1.76672287137218e+00
22	124	56	90	6.54960000000000e+02	2.13628300444106e+03	3.00000000000000e-02	0.00000000000000e+00	0.00000000000000e+00	5.68794343017297e+02	4.70184106991688e+00
23	125	57	91	7.11450000000000e+02	2.13628300444106e+03	3.00000000000000e-02	0.00000000000000e+00	0.00000000000000e+00	5.53516033082309e+02	8.36714741791657e+00
24	126	58	92	5.73650000000000e+02	2.13628300444106e+03	3.00000000000000e-02	0.00000000000000e+00	0.00000000000000e+00	5.49913162395192e+02	1.40863583460756e+00
25	127	59	93	4.26660000000000e+02	2.13628300444106e+03	3.00000000000000e-02	0.00000000000000e+00	0.00000000000000e+00	5.42537082203448e+02	-8.00896647490511e+00
26	128	60	94	5.77090000000000e+02	2.13628300444106e+03	3.00000000000000e-02	0.00000000000000e+00	0.00000000000000e+00	5.41108072598800e+02	2.14597367144081e+00
27	129	61	95	4.60180000000000e+02	2.13628300444106e+03	3.00000000000000e-02	0.00000000000000e+00	0.00000000000000e+00	5.30470777040456e+02	-4.73823845178319e+00
28	130	62	96	5.95910000000000e+02	2.13628300444106e+03	3.00000000000000e-02	0.00000000000000e+00	0.00000000000000e+00	5.27543346766576e+02	4.06195376706933e+00
29	131	63	97	5.10310000000000e+02	2.13628300444106e+03	3.00000000000000e-02	0.00000000000000e+00	0.00000000000000e+00	5.25238435126360e+02	-9.61131248094886e-01
30	132	64	98	4.24720000000000e+02	2.13628300444106e+03	3.00000000000000e-02	0.00000000000000e+00	0.00000000000000e+00	5.18004069347769e+02	-6.61843232789779e+00
31	133	65	99	4.63090000000000e+02	2.13628300444106e+03	3.00000000000000e-02	0.00000000000000e+00	0.00000000000000e+00	5.11108237895239e+02	-3.28866546568610e+00
32	134	66	100	4.64850000000000e+02	2.13628300444106e+03	3.00000000000000e-02	0.00000000000000e+00	0.00000000000000e+00	5.06962839168535e+02	-2.89076441591654e+00
33	135	67	101	5.86310000000000e+02	2.13628300444106e+03	3.00000000000000e-02	0.00000000000000e+00	0.00000000000000e+00	4.98347177155584e+02	5.41838943077332e+00
34	136	68	102	5.43870000000000e+02	2.13628300444106e+03	3.00000000000000e-02	0.00000000000000e+00	0.00000000000000e+00	4.94685755630636e+02	3.15958412817411e+00
35	137	69	103	6.60590000000000e+02	2.13628300444106e+03	3.00000000000000e-02	0.00000000000000e+00	0.00000000000000e+00	4.88295240736544e+02	1.00737716888576e+01
36	138	70	104	5.53730000000000e+02	2.13628300444106e+03	3.00000000000000e-02	0.00000000000000e+00	0.00000000000000e+00	4.77855856050682e+02	4.91226908969151e+00
37	139	71	105	4.79550000000000e+02	2.13628300444106e+03	3.00000000000000e-02	0.00000000000000e+00	0.00000000000000e+00	4.78464245621637e+02	7.55559288875200e-02
39	140	73	107	4.33130000000000e+02	2.13628300444106e+03	3.00000000000000e-02	0.00000000000000e+00	0.00000000000000e+00	4.43437065962900e+02	-7.83932488791036e-01
40	142	74	108	4.01660000000000e+02	2.13628300444106e+03	3.00000000000000e-02	0.00000000000000e+00	0.00000000000000e+00	4.22267726929868e+02	-1.66778590900248e+00
41	143	75	109	3.83460000000000e+02	2.13628300444106e+03	3.00000000000000e-02	0.00000000000000e+00	0.00000000000000e+00	4.08413345422901e+02	-2.10148167332092e+00
42	141	76	110	3.93070000000000e+02	2.13628300444106e+03	3.00000000000000e-02	0.00000000000000e+00	0.00000000000000e+00	4.16482614565944e+02	-1.92856686468691e+00
43	144	77	111	3.44280000000000e+02	2.13628300444106e+03	3.00000000000000e-02	0.00000000000000e+00	0.00000000000000e+00	4.26643733813256e+02	-7.14980127148586e+00
44	145	78	112	4.13510000000000e+02	2.13628300444106e+03	3.00000000000000e-02	0.00000000000000e+00	0.00000000000000e+00	4.20121702259246e+02	-5.28757953957430e-01
45	146	79	113	4.30360000000000e+02	2.13628300444106e+03	3.00000000000000e-02	0.00000000000000e+00	0.00000000000000e+00	4.19660443773663e+02	8.39205021323982e-01
46	147	80	114	4.29840000000000e+02	2.13628300444106e+03	3.00000000000000e-02	0.00000000000000e+00	0.00000000000000e+00	4.18039764405391e+02	9.27882942131930e-01
47	148	81	115	4.44960000000000e+02	2.13628300444106e+03	3.00000000000000e-02	0.00000000000000e+00	0.00000000000000e+00	4.31233106567906e+02	1.04451986944145e+00
48	149	82	116	4.51450000000000e+02	2.13628300444106e+03	3.00000000000000e-02	0.00000000000000e+00	0.00000000000000e+00	4.48021236961154e+02	2.54132984362846e-01
49	150	83	117	5.13510000000000e+02	2.13628300444106e+03	3.00000000000000e-02	0.00000000000000e+00	0.00000000000000e+00	4.72163347773566e+02	2.79815006230291e+00
50	151	84	118	4.46680000000000e+02	2.13628300444106e+03	3.00000000000000e-02	0.00000000000000e+00	0.00000000000000e+00	4.89256514599243e+02	-3.03481556970932e+00
51	152	85	119	5.31180000000000e+02	2.13628300444106e+03	3.00000000000000e-02	0.00000000000000e+00	0.00000000000000e+00	4.92534493571439e+02	2.51788169942963e+00
52	153	86	120	5.05520000000000e+02	2.13628300444106e+03	3.00000000000000e-02	0.00000000000000e+00	0.00000000000000e+00	5.01886479177178e+02	2.40454848119113e-01
53	154	87	121	5.65360000000000e+02	2.13628300444106e+03	3.00000000000000e-02	0.00000000000000e+00	0.00000000000000e+00	5.14071475493116e+02	3.17001277384706e+00
54	155	88	122	6.34660000000000e+02	2.13628300444106e+03	3.00000000000000e-02	0.00000000000000e+00	0.00000000000000e+00	5.22405844502437e+02	6.48815522449704e+00
55	156	89	123	5.76170000000000e+02	2.13628300444106e+03	3.00000000000000e-02	0.00000000000000e+00	0.00000000000000e+00	5.12011124256563e+02	3.93521347242623e+00
56	157	90	124	5.05290000000000e+02	2.13628300444106e+03	3.00000000000000e-02	0.00000000000000e+00	0.00000000000000e+00	4.67865099698220e+02	2.56508386734735e+00
57	158	91	125	5.28740000000000e+02	2.13628300444106e+03	3.00000000000000e-02	0.00000000000000e+00	0.00000000000000e+00	4.78330972015344e+02	3.33979715639847e+00
58	159	92	126	5.52180000000000e+02	2.13628300444106e+03	3.00000000000000e-02	0.00000000000000e+00	0.00000000000000e+00	4.86208404081288e+02	4.24122443703737e+00
1	106	36	71	5.16090000000000e+02	2.19911485751285e+03	3.00000000000000e-02	0.00000000000000e+00	0.00000000000000e+00	4.24653406900300e+02	6.50026152800587e+00
3	107	37	72	4.52410000000000e+02	2.19911485751285e+03	3.00000000000000e-02	0.00000000000000e+00	0.00000000000000e+00	4.29327586622806e+02	1.74562052062797e+00
4	108	38	73	4.55160000000000e+02	2.19911485751285e+03	3.00000000000000e-02	0.00000000000000e+00	0.00000000000000e+00	4.45430459580371e+02	7.20262199336415e-01
2	109	39	74	4.80740000000000e+02	2.19911485751285e+03	3.00000000000000e-02	0.00000000000000e+00	0.00000000000000e+00	4.59161002315170e+02	1.53085557644517e+00
5	110	40	75	5.09770000000000e+02	2.19911485751285e+03	3.00000000000000e-02	0.00000000000000e+00	0.00000000000000e+00	4.71598723557894e+02	2.59437271882203e+00
6	111	41	76	5.12090000000000e+02	2.19911485751285e+03	3.00000000000000e-02	0.00000000000000e+00	0.00000000000000e+00	4.75638762482293e+02	2.46139090235529e+00
7	112	42	77	5.33940000000000e+02	2.19911485751285e+03	3.00000000000000e-02	0.00000000000000e+00	0.00000000000000e+00	4.94771701300241e+02	2.53956754708036e+00
8	113	43	78	5.46720000000000e+02	2.19911485751285e+03	3.00000000000000e-02	0.00000000000000e+00	0.00000000000000e+00	5.17734868767461e+02	1.81578378322313e+00
9	114	44	79	6.18610000000000e+02	2.19911485751285e+03	3.00000000000000e-02	0.00000000000000e+00	0.00000000000000e+00	5.37864033061092e+02	4.66230746955369e+00
10	115	45	80	5.73560000000000e+02	2.19911485751285e+03	3.00000000000000e-02	0.00000000000000e+00	0.00000000000000e+00	5.50229711015973e+02	1.38422348072658e+00
11	116	46	81	5.70590000000000e+02	2.19911485751285e+03	3.00000000000000e-02	0.00000000000000e+00	0.00000000000000e+00	5.58445695720687e+02	7.17117726776480e-01
12	117	47	82	5.49420000000000e+02	2.19911485751285e+03	3.00000000000000e-02	0.00000000000000e+00	0.00000000000000e+00	5.42018545604487e+02	4.52098617032970e-01
13	118	48	83	6.21140000000000e+02	2.19911485751285e+03	3.00000000000000e-02	0.00000000000000e+00	0.00000000000000e+00	5.44067647630230e+02	4.41609693243021e+00
14	119	49	84	5.59850000000000e+02	2.19911485751285e+03	3.00000000000000e-02	0.00000000000000e+00	0.00000000000000e+00	5.54278077128308e+02	3.33412853862865e-01
15	120	50	85	5.34990000000000e+02	2.19911485751285e+03	3.00000000000000e-02	0.00000000000000e+00	0.00000000000000e+00	5.55951907781366e+02	-1.28112461936277e+00
16	121	51	86	5.61620000000000e+02	2.19911485751285e+03	3.00000000000000e-02	0.00000000000000e+00	0.00000000000000e+00	5.55779341598461e+02	3.48470558799570e-01
17	122	52	87	5.96450000000000e+02	2.19911485751285e+03	3.00000000000000e-02	0.00000000000000e+00	0.00000000000000e+00	5.63290254868255e+02	1.90667900170138e+00
18	123	53	88	5.82880000000000e+02	2.19911485751285e+03	3.00000000000000e-02	0.00000000000000e+00	0.00000000000000e+00	5.65262735554084e+02	1.02302305072322e+00
19	124	54	89	5.40540000000000e+02	2.19911485751285e+03	3.00000000000000e-02	0.00000000000000e+00	0.00000000000000e+00	5.64317896169992e+02	-1.43496995031874e+00
20	125	55	90	5.95400000000000e+02	2.19911485751285e+03	3.00000000000000e-02	0.00000000000000e+00	0.00000000000000e+00	5.64926667459007e+02	1.75125059889707e+00
21	126	56	91	5.48820000000000e+02	2.19911485751285e+03	3.00000000000000e-02	0.00000000000000e+00	0.00000000000000e+00	5.50262172512982e+02	-8.74774350662596e-02
22	127	57	92	5.45960000000000e+02	2.19911485751285e+03	3.00000000000000e-02	0.00000000000000e+00	0.00000000000000e+00	5.38935926451787e+02	4.31634133423723e-01
23	128	58	93	6.34940000000000e+02	2.19911485751285e+03	3.00000000000000e-02	0.00000000000000e+00	0.00000000000000e+00	5.41736704812680e+02	5.29168024365786e+00
24	129	59	94	5.47900000000000e+02	2.19911485751285e+03	3.00000000000000e-02	0.00000000000000e+00	0.00000000000000e+00	5.46227188031760e+02	1.01926801561418e-01
25	130	60	95	8.20730000000000e+02	2.19911485751285e+03	3.00000000000000e-02	0.00000000000000e+00	0.00000000000000e+00	5.50610474048417e+02	1.33055524209675e+01
26	131	61	96	6.91370000000000e+02	2.19911485751285e+03	3.00000000000000e-02	0.00000000000000e+00	0.00000000000000e+00	5.35824122274138e+02	8.49563863948741e+00
27	132	62	97	5.62010000000000e+02	2.19911485751285e+03	3.00000000000000e-02	0.00000000000000e+00	0.00000000000000e+00	5.36238583424209e+02	1.56468209886394e+00
28	133	63	98	4.88830000000000e+02	2.19911485751285e+03	3.00000000000000e-02	0.00000000000000e+00	0.00000000000000e+00	5.26567777007725e+02	-2.47884245927213e+00
29	134	64	99	4.98240000000000e+02	2.19911485751285e+03	3.00000000000000e-02	0.00000000000000e+00	0.00000000000000e+00	5.22107557812233e+02	-1.55972424868181e+00
30	135	65	100	4.71740000000000e+02	2.19911485751285e+03	3.00000000000000e-02	0.00000000000000e+00	0.00000000000000e+00	5.28177957714340e+02	-3.76684272301917e+00
31	136	66	101	5.35430000000000e+02	2.19911485751285e+03	3.00000000000000e-02	0.00000000000000e+00	0.00000000000000e+00	5.26904053415742e+02	5.35056408423410e-01
32	137	67	102	4.81500000000000e+02	2.19911485751285e+03	3.00000000000000e-02	0.00000000000000e+00	0.00000000000000e+00	5.15994328963887e+02	-2.30631812676411e+00
33	138	68	103	5.69890000000000e+02	2.19911485751285e+03	3.00000000000000e-02	0.00000000000000e+00	0.00000000000000e+00	5.13471946710845e+02	3.47493211332557e+00
34	139	69	104	7.32830000000000e+02	2.19911485751285e+03	3.00000000000000e-02	0.00000000000000e+00	0.00000000000000e+00	5.08577853037322e+02	1.21765148099615e+01
36	140	71	106	5.61300000000000e+02	2.19911485751285e+03	3.00000000000000e-02	0.00000000000000e+00	0.00000000000000e+00	4.83673687549741e+02	4.96150139611506e+00
37	142	72	107	4.46490000000000e+02	2.19911485751285e+03	3.00000000000000e-02	0.00000000000000e+00	0.00000000000000e+00	4.73164939497046e+02	-1.93423444512935e+00
38	143	73	108	4.10080000000000e+02	2.19911485751285e+03	3.00000000000000e-02	0.00000000000000e+00	0.00000000000000e+00	4.47873375932945e+02	-2.93860956137809e+00
39	141	74	109	4.01510000000000e+02	2.19911485751285e+03	3.00000000000000e-02	0.00000000000000e+00	0.00000000000000e+00	4.30710455090280e+02	-2.34012089117046e+00
40	144	75	110	3.58990000000000e+02	2.19911485751285e+03	3.00000000000000e-02	0.00000000000000e+00	0.00000000000000e+00	4.23335939633553e+02	-5.49571714777179e+00
41	145	76	111	4.14690000000000e+02	2.19911485751285e+03	3.00000000000000e-02	0.00000000000000e+00	0.00000000000000e+00	4.32050826489214e+02	-1.36706606964244e+00
42	146	77	112	4.21080000000000e+02	2.19911485751285e+03	3.00000000000000e-02	0.00000000000000e+00	0.00000000000000e+00	4.31468962256307e+02	-8.12424622406175e-01
43	147	78	113	4.28130000000000e+02	2.19911485751285e+03	3.00000000000000e-02	0.00000000000000e+00	0.00000000000000e+00	4.28152079982316e+02	-1.71905830542348e-03
44	148	79	114	4.29660000000000e+02	2.19911485751285e+03	3.00000000000000e-02	0.00000000000000e+00	0.00000000000000e+00	4.31545322047100e+02	-1.45944682459594e-01
45	149	80	115	4.43680000000000e+02	2.19911485751285e+03	3.00000000000000e-02	0.00000000000000e+00	0.00000000000000e+00	4.40109297632642e+02	2.69349403056799e-01
46	150	81	116	4.59080000000000e+02	2.19911485751285e+03	3.00000000000000e-02	0.00000000000000e+00	0.00000000000000e+00	4.46379422577246e+02	9.35172439499136e-01
47	151	82	117	4.77090000000000e+02	2.19911485751285e+03	3.00000000000000e-02	0.00000000000000e+00	0.00000000000000e+00	4.70812705126295e+02	4.41493035479024e-01
48	152	83	118	5.15060000000000e+02	2.19911485751285e+03	3.00000000000000e-02	0.00000000000000e+00	0.00000000000000e+00	4.83249664676885e+02	2.12499915117803e+00
49	153	84	119	5.57740000000000e+02	2.19911485751285e+03	3.00000000000000e-02	0.00000000000000e+00	0.00000000000000e+00	4.89931939119587e+02	4.32088074236363e+00
50	154	85	120	5.30050000000000e+02	2.19911485751285e+03	3.00000000000000e-02	0.00000000000000e+00	0.00000000000000e+00	4.88417761330665e+02	2.72667445942979e+00
51	155	86	121	5.72070000000000e+02	2.19911485751285e+03	3.00000000000000e-02	0.00000000000000e+00	0.00000000000000e+00	5.01031575235635e+02	4.41974126644367e+00
52	156	87	122	4.62770000000000e+02	2.19911485751285e+03	3.00000000000000e-02	0.00000000000000e+00	0.00000000000000e+00	4.88712082215878e+02	-1.81811189150730e+00
53	157	88	123	3.53470000000000e+02	2.19911485751285e+03	3.00000000000000e-02	0.00000000000000e+00	0.00000000000000e+00	4.43870957685253e+02	-7.59117560798339e+00
54	158	89	124	4.45270000000000e+02	2.19911485751285e+03	3.00000000000000e-02	0.00000000000000e+00	0.00000000000000e+00	4.54848908045575e+02	-7.09481794263015e-01
55	159	90	125	5.09870000000000e+02	2.19911485751285e+03	3.00000000000000e-02	0.00000000000000e+00	0.00000000000000e+00	4.72753509070682e+02	2.51938870254218e+00
1	109	37	73	4.76920000000000e+02	2.26194671058465e+03	3.00000000000000e-02	0.00000000000000e+00	0.00000000000000e+00	4.39293719047340e+02	2.73935028990205e+00
3	110	38	74	4.81910000000000e+02	2.26194671058465e+03	3.00000000000000e-02	0.00000000000000e+00	0.00000000000000e+00	4.49914654788064e+02	2.28998219577716e+00
4	111	39	75	4.72170000000000e+02	2.26194671058465e+03	3.00000000000000e-02	0.00000000000000e+00	0.00000000000000e+00	4.51802511082397e+02	1.46979760872871e+00
2	112	40	76	4.94200000000000e+02	2.26194671058465e+03	3.00000000000000e-02	0.00000000000000e+00	0.00000000000000e+00	4.59255446614270e+02	2.44445699090541e+00
5	113	41	77	5.00800000000000e+02	2.26194671058465e+03	3.00000000000000e-02	0.00000000000000e+00	0.00000000000000e+00	4.67164109024620e+02	2.31754042199395e+00
6	114	42	78	5.40490000000000e+02	2.26194671058465e+03	3.00000000000000e-02	0.00000000000000e+00	0.00000000000000e+00	4.87354778940103e+02	3.44945929380286e+00
7	115	43	79	5.48220000000000e+02	2.26194671058465e+03	3.00000000000000e-02	0.00000000000000e+00	0.00000000000000e+00	5.07137655580927e+02	2.59647298260086e+00
8	116	44	80	5.54370000000000e+02	2.26194671058465e+03	3.00000000000000e-02	0.00000000000000e+00	0.00000000000000e+00	5.27212620464644e+02	1.67428040966024e+00
9	117	45	81	6.51140000000000e+02	2.26194671058465e+03	3.00000000000000e-02	0.00000000000000e+00	0.00000000000000e+00	5.36988698908322e+02	6.42492078091023e+00
10	118	46	82	5.37610000000000e+02	2.26194671058465e+03	3.00000000000000e-02	0.00000000000000e+00	0.00000000000000e+00	5.33977273600954e+02	2.26003699052798e-01
11	119	47	83	5.47840000000000e+02	2.26194671058465e+03	3.00000000000000e-02	0.00000000000000e+00	0.00000000000000e+00	5.29382310272081e+02	1.14241329838890e+00
12	120	48	84	5.22610000000000e+02	2.26194671058465e+03	3.00000000000000e-02	0.00000000000000e+00	0.00000000000000e+00	5.23094821127585e+02	-3.09087327212687e-02
13	121	49	85	6.75090000000000e+02	2.26194671058465e+03	3.00000000000000e-02	0.00000000000000e+00	0.00000000000000e+00	5.28478524715853e+02	8.16146150800539e+00
14	122	50	86	5.28880000000000e+02	2.26194671058465e+03	3.00000000000000e-02	0.00000000000000e+00	0.00000000000000e+00	5.34663093986186e+02	-3.62508487999265e-01
15	123	51	87	4.96700000000000e+02	2.26194671058465e+03	3.00000000000000e-02	0.00000000000000e+00	0.00000000000000e+00	5.26496268586219e+02	-1.94193407433160e+00
16	124	52	88	5.06440000000000e+02	2.26194671058465e+03	3.00000000000000e-02	0.00000000000000e+00	0.00000000000000e+00	5.28749496737089e+02	-1.43696406368381e+00
17	125	53	89	6.12260000000000e+02	2.26194671058465e+03	3.00000000000000e-02	0.00000000000000e+00	0.00000000000000e+00	5.37006608701175e+02	4.37155425856262e+00
18	126	54	90	5.17060000000000e+02	2.26194671058465e+03	3.00000000000000e-02	0.00000000000000e+00	0.00000000000000e+00	5.38679085034414e+02	-1.36536940381469e+00
19	127	55	91	4.84230000000000e+02	2.26194671058465e+03	3.00000000000000e-02	0.00000000000000e+00	0.00000000000000e+00	5.35275950539705e+02	-3.34074696224338e+00
20	128	56	92	7.11100000000000e+02	2.26194671058465e+03	3.00000000000000e-02	0.00000000000000e+00	0.00000000000000e+00	5.31056637037687e+02	9.73147967491670e+00
21	129	57	93	4.97550000000000e+02	2.26194671058465e+03	3.00000000000000e-02	0.00000000000000e+00	0.00000000000000e+00	5.32724969797034e+02	-2.27697442651937e+00
22	130	58	94	7.41890000000000e+02	2.26194671058465e+03	3.00000000000000e-02	0.00000000000000e+00	0.00000000000000e+00	5.43085735585014e+02	1.03977928102377e+01
23	131	59	95	6.45560000000000e+02	2.26194671058465e+03	3.00000000000000e-02	0.00000000000000e+00	0.00000000000000e+00	5.51799638986246e+02	5.23110498773735e+00
24	132	60	96	5.49230000000000e+02	2.26194671058465e+03	3.00000000000000e-02	0.00000000000000e+00	0.00000000000000e+00	5.55650348996499e+02	-3.87397680249801e-01
25	133	61	97	1.12234000000000e+03	2.26194671058465e+03	3.00000000000000e-02	0.00000000000000e+00	0.00000000000000e+00	5.44179606358156e+02	2.41297239789705e+01
26	134	62	98	8.23680000000000e+02	2.26194671058465e+03	3.00000000000000e-02	0.00000000000000e+00	0.00000000000000e+00	5.41272214500121e+02	1.39953261178968e+01
27	135	63	99	6.46550000000000e+02	2.26194671058465e+03	3.00000000000000e-02	0.00000000000000e+00	0.00000000000000e+00	5.35919049873403e+02	6.25558038107599e+00
28	136	64	100	7.12770000000000e+02	2.26194671058465e+03	3.00000000000000e-02	0.00000000000000e+00	0.00000000000000e+00	5.38166563118558e+02	9.36635595358671e+00
29	137	65	101	6.02720000000000e+02	2.26194671058465e+03	3.00000000000000e-02	0.00000000000000e+00	0.00000000000000e+00	5.41941264286265e+02	3.54317056172994e+00
30	138	66	102	4.92660000000000e+02	2.26194671058465e+03	3.00000000000000e-02	0.00000000000000e+00	0.00000000000000e+00	5.37521303041650e+02	-2.90497039445124e+00
31	139	67	103	5.43510000000000e+02	2.26194671058465e+03	3.00000000000000e-02	0.00000000000000e+00	0.00000000000000e+00	5.33022030419081e+02	6.49511649184801e-01
33	140	69	105	7.77380000000000e+02	2.26194671058465e+03	3.00000000000000e-02	0.00000000000000e+00	0.00000000000000e+00	5.26302567679778e+02	1.30017673406610e+01
34	142	70	106	5.59170000000000e+02	2.26194671058465e+03	3.00000000000000e-02	0.00000000000000e+00	0.00000000000000e+00	5.01370005677534e+02	3.63697262075693e+00
35	143	71	107	4.48390000000000e+02	2.26194671058465e+03	3.00000000000000e-02	0.00000000000000e+00	0.00000000000000e+00	4.84961784309356e+02	-2.61355677205719e+00
36	141	72	108	5.09810000000000e+02	2.26194671058465e+03	3.00000000000000e-02	0.00000000000000e+00	0.00000000000000e+00	4.76387273487415e+02	2.26023280277058e+00
37	144	73	109	3.82090000000000e+02	2.26194671058465e+03	3.00000000000000e-02	0.00000000000000e+00	0.00000000000000e+00	4.58108204147604e+02	-6.04830756190289e+00
38	145	74	110	4.35380000000000e+02	2.26194671058465e+03	3.00000000000000e-02	0.00000000000000e+00	0.00000000000000e+00	4.50512279165877e+02	-1.13887068180493e+00
39	146	75	111	4.35290000000000e+02	2.26194671058465e+03	3.00000000000000e-02	0.00000000000000e+00	0.00000000000000e+00	4.46080576905370e+02	-8.16237525908114e-01
40	147	76	112	4.31580000000000e+02	2.26194671058465e+03	3.00000000000000e-02	0.00000000000000e+00	0.00000000000000e+00	4.40491268637858e+02	-6.81257686400253e-01
41	148	77	113	4.43150000000000e+02	2.26194671058465e+03	3.00000000000000e-02	0.00000000000000e+00	0.00000000000000e+00	4.44236810872511e+02	-8.16488294686835e-02
42	149	78	114	4.34720000000000e+02	2.26194671058465e+03	3.00000000000000e-02	0.00000000000000e+00	0.00000000000000e+00	4.42293955363903e+02	-5.75752424379920e-01
43	150	79	115	4.42780000000000e+02	2.26194671058465e+03	3.00000000000000e-02	0.00000000000000e+00	0.00000000000000e+00	4.52587226729679e+02	-7.30249270676945e-01
44	151	80	116	4.31110000000000e+02	2.26194671058465e+03	3.00000000000000e-02	0.00000000000000e+00	0.00000000000000e+00	4.53704581286063e+02	-1.70276687572140e+00
45	152	81	117	4.77010000000000e+02	2.26194671058465e+03	3.00000000000000e-02	0.00000000000000e+00	0.00000000000000e+00	4.61652116311306e+02	1.09086141959143e+00
46	153	82	118	4.78980000000000e+02	2.26194671058465e+03	3.00000000000000e-02	0.00000000000000e+00	0.00000000000000e+00	4.78713832354419e+02	1.85283746880316e-02
47	154	83	119	5.06290000000000e+02	2.26194671058465e+03	3.00000000000000e-02	0.00000000000000e+00	0.00000000000000e+00	4.79794527451682e+02	1.79172277331186e+00
48	155	84	120	5.80960000000000e+02	2.26194671058465e+03	3.00000000000000e-02	0.00000000000000e+00	0.00000000000000e+00	4.81244493278370e+02	6.27688215559834e+00
49	156	85	121	5.69780000000000e+02	2.26194671058465e+03	3.00000000000000e-02	0.00000000000000e+00	0.00000000000000e+00	4.71523279958928e+02	6.30939487693105e+00
50	157	86	122	4.45040000000000e+02	2.26194671058465e+03	3.00000000000000e-02	0.00000000000000e+00	0.00000000000000e+00	4.24368970528317e+02	1.58536251470519e+00
51	158	87	123	3.67720000000000e+02	2.26194671058465e+03	3.00000000000000e-02	0.00000000000000e+00	0.00000000000000e+00	4.34621426441510e+02	-5.57178630445356e+00
52	159	88	124	4.63360000000000e+02	2.26194671058465e+03	3.00000000000000e-02	0.00000000000000e+00	0.00000000000000e+00	4.52467062200570e+02	7.92977332788721e-01
1	112	38	75	4.88550000000000e+02	2.32477856365645e+03	3.00000000000000e-02	0.00000000000000e+00	0.00000000000000e+00	4.49920690289830e+02	2.74568323197091e+00
3	113	39	76	4.70230000000000e+02	2.32477856365645e+03	3.00000000000000e-02	0.00000000000000e+00	0.00000000000000e+00	4.55729568392631e+02	1.04407849629213e+00
4	114	40	77	4.88310000000000e+02	2.32477856365645e+03	3.00000000000000e-02	0.00000000000000e+00	0.00000000000000e+00	4.56614026966950e+02	2.23706653256415e+00
2	115	41	78	4.99350000000000e+02	2.32477856365645e+03	3.00000000000000e-02	0.00000000000000e+00	0.00000000000000e+00	4.63115705701805e+02	2.51101085000804e+00
5	116	42	79	5.14430000000000e+02	2.32477856365645e+03	3.00000000000000e-02	0.00000000000000e+00	0.00000000000000e+00	4.73385663289143e+02	2.77163598450398e+00
6	117	43	80	5.25000000000000e+02	2.32477856365645e+03	3.00000000000000e-02	0.00000000000000e+00	0.00000000000000e+00	4.84360134892260e+02	2.68565174032087e+00
7	118	44	81	5.38130000000000e+02	2.32477856365645e+03	3.00000000000000e-02	0.00000000000000e+00	0.00000000000000e+00	4.98910519096873e+02	2.52244691452595e+00
8	119	45	82	5.25860000000000e+02	2.32477856365645e+03	3.00000000000000e-02	0.00000000000000e+00	0.00000000000000e+00	5.07438602698467e+02	1.18864313074430e+00
9	120	46	83	6.47630000000000e+02	2.32477856365645e+03	3.00000000000000e-02	0.00000000000000e+00	0.00000000000000e+00	5.23684206195020e+02	7.08102343023474e+00
10	121	47	84	5.38400000000000e+02	2.32477856365645e+03	3.00000000000000e-02	0.00000000000000e+00	0.00000000000000e+00	5.17166323924471e+02	1.34124152803503e+00
11	122	48	85	4.97060000000000e+02	2.32477856365645e+03	3.00000000000000e-02	0.00000000000000e+00	0.00000000000000e+00	5.06756984397683e+02	-6.44027493651696e-01
12	123	49	86	4.87330000000000e+02	2.32477856365645e+03	3.00000000000000e-02	0.00000000000000e+00	0.00000000000000e+00	5.00642085074931e+02	-8.98331101928385e-01
13	124	50	87	5.81110000000000e+02	2.32477856365645e+03	3.00000000000000e-02	0.00000000000000e+00	0.00000000000000e+00	5.09374325700328e+02	4.39189691530932e+00
14	125	51	88	5.01050000000000e+02	2.32477856365645e+03	3.00000000000000e-02	0.00000000000000e+00	0.00000000000000e+00	5.08446798838712e+02	-4.88489659716211e-01
15	126	52	89	4.62430000000000e+02	2.32477856365645e+03	3.00000000000000e-02	0.00000000000000e+00	0.00000000000000e+00	4.99428855194577e+02	-2.56566539183186e+00
16	127	53	90	4.21430000000000e+02	2.32477856365645e+03	3.00000000000000e-02	0.00000000000000e+00	0.00000000000000e+00	5.01069202278667e+02	-5.76968432478156e+00
17	128	54	91	5.34600000000000e+02	2.32477856365645e+03	3.00000000000000e-02	0.00000000000000e+00	0.00000000000000e+00	5.11081889384700e+02	1.49963243804212e+00
18	129	55	92	4.83270000000000e+02	2.32477856365645e+03	3.00000000000000e-02	0.00000000000000e+00	0.00000000000000e+00	5.22363518305128e+02	-2.59294123515241e+00
19	130	56	93	5.41950000000000e+02	2.32477856365645e+03	3.00000000000000e-02	0.00000000000000e+00	0.00000000000000e+00	5.22390207442568e+02	1.22529712665225e+00
20	131	57	94	6.01300000000000e+02	2.32477856365645e+03	3.00000000000000e-02	0.00000000000000e+00	0.00000000000000e+00	5.25034466387289e+02	4.52100224490935e+00
21	132	58	95	5.06240000000000e+02	2.32477856365645e+03	3.00000000000000e-02	0.00000000000000e+00	0.00000000000000e+00	5.39076128869270e+02	-2.09486455803474e+00
22	133	59	96	6.54520000000000e+02	2.32477856365645e+03	3.00000000000000e-02	0.00000000000000e+00	0.00000000000000e+00	5.50933062172435e+02	5.74296083493812e+00
23	134	60	97	6.35190000000000e+02	2.32477856365645e+03	3.00000000000000e-02	0.00000000000000e+00	0.00000000000000e+00	5.65221703130904e+02	3.89020392114376e+00
24	135	61	98	8.40270000000000e+02	2.32477856365645e+03	3.00000000000000e-02	0.00000000000000e+00	0.00000000000000e+00	5.51046908187692e+02	1.40634443468448e+01
25	136	62	99	9.95570000000000e+02	2.32477856365645e+03	3.00000000000000e-02	0.00000000000000e+00	0.00000000000000e+00	5.49737565945617e+02	1.97958141976448e+01
26	137	63	100	7.38020000000000e+02	2.32477856365645e+03	3.00000000000000e-02	0.00000000000000e+00	0.00000000000000e+00	5.55957908498892e+02	9.44261124193577e+00
27	138	64	101	6.66200000000000e+02	2.32477856365645e+03	3.00000000000000e-02	0.00000000000000e+00	0.00000000000000e+00	5.53959770577738e+02	6.14992859782190e+00
28	139	65	102	5.94380000000000e+02	2.32477856365645e+03	3.00000000000000e-02	0.00000000000000e+00	0.00000000000000e+00	5.50165342059347e+02	2.57666634956912e+00
30	140	67	104	4.94910000000000e+02	2.32477856365645e+03	3.00000000000000e-02	0.00000000000000e+00	0.00000000000000e+00	5.44711995944092e+02	-3.19604264401804e+00
31	142	68	105	3.88670000000000e+02	2.32477856365645e+03	3.00000000000000e-02	0.00000000000000e+00	0.00000000000000e+00	5.49183063609820e+02	-1.15233726863678e+01
32	143	69	106	4.68620000000000e+02	2.32477856365645e+03	3.00000000000000e-02	0.00000000000000e+00	0.00000000000000e+00	5.31503248326330e+02	-4.19723679655351e+00
33	141	70	107	5.48580000000000e+02	2.32477856365645e+03	3.00000000000000e-02	0.00000000000000e+00	0.00000000000000e+00	5.06395508066362e+02	2.66717069802847e+00
34	144	71	108	3.82300000000000e+02	2.32477856365645e+03	3.00000000000000e-02	0.00000000000000e+00	0.00000000000000e+00	4.92326073117634e+02	-8.43118688356936e+00
35	145	72	109	5.26790000000000e+02	2.32477856365645e+03	3.00000000000000e-02	0.00000000000000e+00	0.00000000000000e+00	4.88009606923179e+02	2.54889650585082e+00
36	146	73	110	4.89580000000000e+02	2.32477856365645e+03	3.00000000000000e-02	0.00000000000000e+00	0.00000000000000e+00	4.78791865261682e+02	7.42729899905499e-01
37	147	74	111	4.76370000000000e+02	2.32477856365645e+03	3.00000000000000e-02	0.00000000000000e+00	0.00000000000000e+00	4.74414247015502e+02	1.37132810732539e-01
38	148	75	112	4.58020000000000e+02	2.32477856365645e+03	3.00000000000000e-02	0.00000000000000e+00	0.00000000000000e+00	4.58167568418768e+02	-1.07378609018068e-02
39	149	76	113	4.46710000000000e+02	2.32477856365645e+03	3.00000000000000e-02	0.00000000000000e+00	0.00000000000000e+00	4.57139001854021e+02	-7.69263058534531e-01
40	150	77	114	4.40330000000000e+02	2.32477856365645e+03	3.00000000000000e-02	0.00000000000000e+00	0.00000000000000e+00	4.61013625266336e+02	-1.53010508830995e+00
41	151	78	115	4.58390000000000e+02	2.32477856365645e+03	3.00000000000000e-02	0.00000000000000e+00	0.00000000000000e+00	4.61086234143723e+02	-1.95491140985234e-01
42	152	79	116	4.53850000000000e+02	2.32477856365645e+03	3.00000000000000e-02	0.00000000000000e+00	0.00000000000000e+00	4.55493277224227e+02	-1.20473683529868e-01
43	153	80	117	4.52750000000000e+02	2.32477856365645e+03	3.00000000000000e-02	0.00000000000000e+00	0.00000000000000e+00	4.67597807410678e+02	-1.07561479319204e+00
44	154	81	118	4.79500000000000e+02	2.32477856365645e+03	3.00000000000000e-02	0.00000000000000e+00	0.00000000000000e+00	4.71995743394482e+02	5.25797567021069e-01
45	155	82	119	5.01660000000000e+02	2.32477856365645e+03	3.00000000000000e-02	0.00000000000000e+00	0.00000000000000e+00	4.72943755451257e+02	1.96487094065055e+00
46	156	83	120	3.79750000000000e+02	2.32477856365645e+03	3.00000000000000e-02	0.00000000000000e+00	0.00000000000000e+00	4.50395915687353e+02	-5.68712890395891e+00
47	157	84	121	2.57850000000000e+02	2.32477856365645e+03	3.00000000000000e-02	0.00000000000000e+00	0.00000000000000e+00	4.12729560218349e+02	-1.56804846701319e+01
48	158	85	122	3.57600000000000e+02	2.32477856365645e+03	3.00000000000000e-02	0.00000000000000e+00	0.00000000000000e+00	4.21910827725040e+02	-5.51263132331288e+00
49	159	86	123	5.21990000000000e+02	2.32477856365645e+03	3.00000000000000e-02	0.00000000000000e+00	0.00000000000000e+00	4.35055198561257e+02	6.07251714427767e+00
1	115	39	77	4.38550000000000e+02	2.38761041672824e+03	3.00000000000000e-02	0.00000000000000e+00	0.00000000000000e+00	4.45000642801051e+02	-4.86729875484985e-01
3	116	40	78	4.75220000000000e+02	2.38761041672824e+03	3.00000000000000e-02	0.00000000000000e+00	0.00000000000000e+00	4.57116495880918e+02	1.29465272985202e+00
4	117	41	79	4.76480000000000e+02	2.38761041672824e+03	3.00000000000000e-02	0.00000000000000e+00	0.00000000000000e+00	4.51264970821521e+02	1.81236880210317e+00
2	118	42	80	4.83170000000000e+02	2.38761041672824e+03	3.00000000000000e-02	0.00000000000000e+00	0.00000000000000e+00	4.52674531489122e+02	2.17317216257283e+00
5	119	43	81	5.04360000000000e+02	2.38761041672824e+03	3.00000000000000e-02	0.00000000000000e+00	0.00000000000000e+00	4.64105021578441e+02	2.77264775270020e+00
6	120	44	82	5.04520000000000e+02	2.38761041672824e+03	3.00000000000000e-02	0.00000000000000e+00	0.00000000000000e+00	4.73106982325013e+02	2.14286470081759e+00
7	121	45	83	5.35070000000000e+02	2.38761041672824e+03	3.00000000000000e-02	0.00000000000000e+00	0.00000000000000e+00	4.84256842711122e+02	3.32607155790710e+00
8	122	46	84	4.99480000000000e+02	2.38761041672824e+03	3.00000000000000e-02	0.00000000000000e+00	0.00000000000000e+00	4.94399738620556e+02	3.40772659456897e-01
9	123	47	85	5.99410000000000e+02	2.38761041672824e+03	3.00000000000000e-02	0.00000000000000e+00	0.00000000000000e+00	4.98813962086172e+02	6.12375444425647e+00
10	124	48	86	4.75480000000000e+02	2.38761041672824e+03	3.00000000000000e-02	0.00000000000000e+00	0.00000000000000e+00	4.95116639733887e+02	-1.34895168415137e+00
11	125	49	87	4.61480000000000e+02	2.38761041672824e+03	3.00000000000000e-02	0.00000000000000e+00	0.00000000000000e+00	4.88311663081237e+02	-1.88383799321559e+00
12	126	50	88	4.60980000000000e+02	2.38761041672824e+03	3.00000000000000e-02	0.00000000000000e+00	0.00000000000000e+00	4.80316287071125e+02	-1.36967200641808e+00
13	127	51	89	5.55690000000000e+02	2.38761041672824e+03	3.00000000000000e-02	0.00000000000000e+00	0.00000000000000e+00	4.78129009646537e+02	5.01099980227568e+00
14	128	52	90	4.65620000000000e+02	2.38761041672824e+03	3.00000000000000e-02	0.00000000000000e+00	0.00000000000000e+00	4.81008543315639e+02	-1.08383935659552e+00
15	129	53	91	3.97550000000000e+02	2.38761041672824e+03	3.00000000000000e-02	0.00000000000000e+00	0.00000000000000e+00	4.84105497371454e+02	-6.56607134643033e+00
16	130	54	92	4.59630000000000e+02	2.38761041672824e+03	3.00000000000000e-02	0.00000000000000e+00	0.00000000000000e+00	4.95878754160895e+02	-2.53032105302650e+00
17	131	55	93	5.28950000000000e+02	2.38761041672824e+03	3.00000000000000e-02	0.00000000000000e+00	0.00000000000000e+00	5.10240491483435e+02	1.20039143105931e+00
18	132	56	94	5.30310000000000e+02	2.38761041672824e+03	3.00000000000000e-02	0.00000000000000e+00	0.00000000000000e+00	5.10346310164153e+02	1.27907354676688e+00
19	133	57	95	4.83850000000000e+02	2.38761041672824e+03	3.00000000000000e-02	0.00000000000000e+00	0.00000000000000e+00	5.15711556641336e+02	-2.12575563664850e+00
20	134	58	96	5.86900000000000e+02	2.38761041672824e+03	3.00000000000000e-02	0.00000000000000e+00	0.00000000000000e+00	5.34200477300769e+02	3.13610844672671e+00
21	135	59	97	6.20260000000000e+02	2.38761041672824e+03	3.00000000000000e-02	0.00000000000000e+00	0.00000000000000e+00	5.52751958611955e+02	3.84097939487453e+00
22	136	60	98	8.33700000000000e+02	2.38761041672824e+03	3.00000000000000e-02	0.00000000000000e+00	0.00000000000000e+00	5.65506291633615e+02	1.29384068044466e+01
23	137	61	99	1.04713000000000e+03	2.38761041672824e+03	3.00000000000000e-02	0.00000000000000e+00	0.00000000000000e+00	5.61261343153835e+02	2.07873906023455e+01
24	138	62	100	7.87830000000000e+02	2.38761041672824e+03	3.00000000000000e-02	0.00000000000000e+00	0.00000000000000e+00	5.68451154489610e+02	1.08788980342247e+01
25	139	63	101	5.28520000000000e+02	2.38761041672824e+03	3.00000000000000e-02	0.00000000000000e+00	0.00000000000000e+00	5.69413660016835e+02	-2.48421724016043e+00
27	140	65	103	5.67120000000000e+02	2.38761041672824e+03	3.00000000000000e-02	0.00000000000000e+00	0.00000000000000e+00	5.58793553963916e+02	4.93027657604461e-01
28	142	66	104	5.29570000000000e+02	2.38761041672824e+03	3.00000000000000e-02	0.00000000000000e+00	0.00000000000000e+00	5.54340824328000e+02	-1.52381158203371e+00
29	143	67	105	6.28800000000000e+02	2.38761041672824e+03	3.00000000000000e-02	0.00000000000000e+00	0.00000000000000e+00	5.50702060658748e+02	4.42064343212329e+00
30	141	68	106	3.58890000000000e+02	2.38761041672824e+03	3.00000000000000e-02	0.00000000000000e+00	0.00000000000000e+00	5.49828700401348e+02	-1.42196947016017e+01
31	144	69	107	4.09270000000000e+02	2.38761041672824e+03	3.00000000000000e-02	0.00000000000000e+00	0.00000000000000e+00	5.38226205875643e+02	-9.13012812904466e+00
32	145	70	108	4.59660000000000e+02	2.38761041672824e+03	3.00000000000000e-02	0.00000000000000e+00	0.00000000000000e+00	5.17785787369458e+02	-3.96915110251740e+00
33	146	71	109	5.49230000000000e+02	2.38761041672824e+03	3.00000000000000e-02	0.00000000000000e+00	0.00000000000000e+00	5.09362104419213e+02	2.51193767046155e+00
34	147	72	110	6.19360000000000e+02	2.38761041672824e+03	3.00000000000000e-02	0.00000000000000e+00	0.00000000000000e+00	5.12079644410592e+02	6.34021727992978e+00
35	148	73	111	5.20730000000000e+02	2.38761041672824e+03	3.00000000000000e-02	0.00000000000000e+00	0.00000000000000e+00	5.03249257110862e+02	1.13820283076125e+00
36	149	74	112	5.10160000000000e+02	2.38761041672824e+03	3.00000000000000e-02	0.00000000000000e+00	0.00000000000000e+00	4.84491137052912e+02	1.72084212733197e+00
37	150	75	113	4.68650000000000e+02	2.38761041672824e+03	3.00000000000000e-02	0.00000000000000e+00	0.00000000000000e+00	4.74851792524342e+02	-4.38217280562725e-01
38	151	76	114	4.27010000000000e+02	2.38761041672824e+03	3.00000000000000e-02	0.00000000000000e+00	0.00000000000000e+00	4.70776065477431e+02	-3.25250346507717e+00
39	152	77	115	4.58400000000000e+02	2.38761041672824e+03	3.00000000000000e-02	0.00000000000000e+00	0.00000000000000e+00	4.71149889079717e+02	-9.14470460921487e-01
40	153	78	116	4.57370000000000e+02	2.38761041672824e+03	3.00000000000000e-02	0.00000000000000e+00	0.00000000000000e+00	4.66317121775833e+02	-6.45774339298821e-01
41	154	79	117	4.76370000000000e+02	2.38761041672824e+03	3.00000000000000e-02	0.00000000000000e+00	0.00000000000000e+00	4.70620498155228e+02	4.04761012351074e-01
42	155	80	118	4.93640000000000e+02	2.38761041672824e+03	3.00000000000000e-02	0.00000000000000e+00	0.00000000000000e+00	4.71812773923511e+02	1.50747550360849e+00
43	156	81	119	4.73400000000000e+02	2.38761041672824e+03	3.00000000000000e-02	0.00000000000000e+00	0.00000000000000e+00	4.47703705579902e+02	1.86030183136407e+00
44	157	82	120	3.57750000000000e+02	2.38761041672824e+03	3.00000000000000e-02	0.00000000000000e+00	0.00000000000000e+00	4.01405761433738e+02	-3.83794570567657e+00
45	158	83	121	3.86670000000000e+02	2.38761041672824e+03	3.00000000000000e-02	0.00000000000000e+00	0.00000000000000e+00	4.09732047677860e+02	-1.93105959042018e+00
46	159	84	122	4.15580000000000e+02	2.38761041672824e+03	3.00000000000000e-02	0.00000000000000e+00	0.00000000000000e+00	4.19976842930467e+02	-3.50814633526693e-01
1	118	40	79	4.21580000000000e+02	2.45044226980004e+03	3.00000000000000e-02	0.00000000000000e+00	0.00000000000000e+00	4.35613796780575e+02	-1.09155019451549e+00
3	119	41	80	4.62340000000000e+02	2.45044226980004e+03	3.00000000000000e-02	0.00000000000000e+00	0.00000000000000e+00	4.45944282741038e+02	1.20355111756482e+00
4	120	42	81	4.67100000000000e+02	2.45044226980004e+03	3.00000000000000e-02	0.00000000000000e+00	0.00000000000000e+00	4.49232418436541e+02	1.30009926589449e+00
2	121	43	82	4.64020000000000e+02	2.45044226980004e+03	3.00000000000000e-02	0.00000000000000e+00	0.00000000000000e+00	4.42801593069411e+02	1.56019520666210e+00
5	122	44	83	4.68910000000000e+02	2.45044226980004e+03	3.00000000000000e-02	0.00000000000000e+00	0.00000000000000e+00	4.47231799389384e+02	1.57779417687053e+00
6	123	45	84	4.85620000000000e+02	2.45044226980004e+03	3.00000000000000e-02	0.00000000000000e+00	0.00000000000000e+00	4.54348526669730e+02	2.21872805478262e+00
7	124	46	85	4.97210000000000e+02	2.45044226980004e+03	3.00000000000000e-02	0.00000000000000e+00	0.00000000000000e+00	4.70081211414668e+02	1.87023340144892e+00
8	125	47	86	4.77610000000000e+02	2.45044226980004e+03	3.00000000000000e-02	0.00000000000000e+00	0.00000000000000e+00	4.73440193365371e+02	2.92296760149332e-01
9	126	48	87	4.47690000000000e+02	2.45044226980004e+03	3.00000000000000e-02	0.00000000000000e+00	0.00000000000000e+00	4.76517179700367e+02	-2.08009159228514e+00
10	127	49	88	4.17760000000000e+02	2.45044226980004e+03	3.00000000000000e-02	0.00000000000000e+00	0.00000000000000e+00	4.70539980035459e+02	-3.96579413241517e+00
11	128	50	89	4.42070000000000e+02	2.45044226980004e+03	3.00000000000000e-02	0.00000000000000e+00	0.00000000000000e+00	4.64080800300804e+02	-1.61968116887194e+00
12	129	51	90	4.05300000000000e+02	2.45044226980004e+03	3.00000000000000e-02	0.00000000000000e+00	0.00000000000000e+00	4.60705862496773e+02	-4.27107544734738e+00
13	130	52	91	5.22670000000000e+02	2.45044226980004e+03	3.00000000000000e-02	0.00000000000000e+00	0.00000000000000e+00	4.70914360338904e+02	3.47580124905020e+00
14	131	53	92	4.70560000000000e+02	2.45044226980004e+03	3.00000000000000e-02	0.00000000000000e+00	0.00000000000000e+00	4.81127558238240e+02	-7.40298466163303e-01
15	132	54	93	4.46560000000000e+02	2.45044226980004e+03	3.00000000000000e-02	0.00000000000000e+00	0.00000000000000e+00	4.83201000083587e+02	-2.62863155132870e+00
16	133	55	94	4.57450000000000e+02	2.45044226980004e+03	3.00000000000000e-02	0.00000000000000e+00	0.00000000000000e+00	4.92368206931111e+02	-2.45197451784721e+00
17	134	56	95	6.14330000000000e+02	2.45044226980004e+03	3.00000000000000e-02	0.00000000000000e+00	0.00000000000000e+00	5.02556267017529e+02	6.69415450740631e+00
18	135	57	96	5.16620000000000e+02	2.45044226980004e+03	3.00000000000000e-02	0.00000000000000e+00	0.00000000000000e+00	5.08849029315827e+02	5.05207485094861e-01
19	136	58	97	6.74220000000000e+02	2.45044226980004e+03	3.00000000000000e-02	0.00000000000000e+00	0.00000000000000e+00	5.30204370788104e+02	8.00979765559087e+00
20	137	59	98	6.03300000000000e+02	2.45044226980004e+03	3.00000000000000e-02	0.00000000000000e+00	0.00000000000000e+00	5.49512995748763e+02	3.11273872494879e+00
21	138	60	99	5.32390000000000e+02	2.45044226980004e+03	3.00000000000000e-02	0.00000000000000e+00	0.00000000000000e+00	5.65124069088458e+02	-1.98896649574234e+00
22	139	61	100	7.66190000000000e+02	2.45044226980004e+03	3.00000000000000e-02	0.00000000000000e+00	0.00000000000000e+00	5.72186697142500e+02	9.73216163426705e+00
24	140	63	102	6.27010000000000e+02	2.45044226980004e+03	3.00000000000000e-02	0.00000000000000e+00	0.00000000000000e+00	5.76251813712185e+02	2.81392492411161e+00
25	142	64	103	8.56950000000000e+02	2.45044226980004e+03	3.00000000000000e-02	0.00000000000000e+00	0.00000000000000e+00	5.69324668147442e+02	1.36309569385181e+01
26	143	65	104	6.65280000000000e+02	2.45044226980004e+03	3.00000000000000e-02	0.00000000000000e+00	0.00000000000000e+00	5.68091046931388e+02	5.26421016336339e+00
27	141	66	105	4.68230000000000e+02	2.45044226980004e+03	3.00000000000000e-02	0.00000000000000e+00	0.00000000000000e+00	5.64340011287250e+02	-6.22324328531668e+00
28	144	67	106	5.71360000000000e+02	2.45044226980004e+03	3.00000000000000e-02	0.00000000000000e+00	0.00000000000000e+00	5.52271571766141e+02	1.13265269044159e+00
29	145	68	107	4.78470000000000e+02	2.45044226980004e+03	3.00000000000000e-02	0.00000000000000e+00	0.00000000000000e+00	5.51924879964651e+02	-4.76061456643615e+00
30	146	69	108	3.85580000000000e+02	2.45044226980004e+03	3.00000000000000e-02	0.00000000000000e+00	0.00000000000000e+00	5.47056452830375e+02	-1.16601102456182e+01
31	147	70	109	5.56960000000000e+02	2.45044226980004e+03	3.00000000000000e-02	0.00000000000000e+00	0.00000000000000e+00	5.35611644646675e+02	1.30280230568370e+00
32	148	71	110	5.13970000000000e+02	2.45044226980004e+03	3.00000000000000e-02	0.00000000000000e+00	0.00000000000000e+00	5.36431037078183e+02	-1.42577045188933e+00
33	149	72	111	6.09460000000000e+02	2.45044226980004e+03	3.00000000000000e-02	0.00000000000000e+00	0.00000000000000e+00	5.39211882102096e+02	4.08215744364583e+00
34	150	73	112	5.33920000000000e+02	2.45044226980004e+03	3.00000000000000e-02	0.00000000000000e+00	0.00000000000000e+00	5.15691689780540e+02	1.15789761737754e+00
35	151	74	113	4.89720000000000e+02	2.45044226980004e+03	3.00000000000000e-02	0.00000000000000e+00	0.00000000000000e+00	4.95093411572585e+02	-3.63755193569452e-01
36	152	75	114	5.01070000000000e+02	2.45044226980004e+03	3.00000000000000e-02	0.00000000000000e+00	0.00000000000000e+00	4.74444607106661e+02	1.82003133831940e+00
37	153	76	115	4.78390000000000e+02	2.45044226980004e+03	3.00000000000000e-02	0.00000000000000e+00	0.00000000000000e+00	4.80744978850295e+02	-1.63688019908825e-01
38	154	77	116	4.89820000000000e+02	2.45044226980004e+03	3.00000000000000e-02	0.00000000000000e+00	0.00000000000000e+00	4.77151912090433e+02	8.73435416902613e-01
39	155	78	117	4.88730000000000e+02	2.45044226980004e+03	3.00000000000000e-02	0.00000000000000e+00	0.00000000000000e+00	4.77325605199865e+02	7.87044041617217e-01
40	156	79	118	5.01920000000000e+02	2.45044226980004e+03	3.00000000000000e-02	0.00000000000000e+00	0.00000000000000e+00	4.59628054570802e+02	2.93410530179816e+00
41	157	80	119	3.48450000000000e+02	2.45044226980004e+03	3.00000000000000e-02	0.00000000000000e+00	0.00000000000000e+00	4.04981660228746e+02	-5.01156782702920e+00
42	158	81	120	4.19370000000000e+02	2.45044226980004e+03	3.00000000000000e-02	0.00000000000000e+00	0.00000000000000e+00	4.00169356840850e+02	1.56219118487278e+00
43	159	82	121	4.90280000000000e+02	2.45044226980004e+03	3.00000000000000e-02	0.00000000000000e+00	0.00000000000000e+00	4.16477494499217e+02	5.43814103806020e+00
1	121	41	81	3.88390000000000e+02	2.51327412287183e+03	3.00000000000000e-02	0.00000000000000e+00	0.00000000000000e+00	4.34062889512694e+02	-3.70598136269784e+00
3	122	42	82	4.44560000000000e+02	2.51327412287183e+03	3.00000000000000e-02	0.00000000000000e+00	0.00000000000000e+00	4.33402305357605e+02	8.47287354862895e-01
4	123	43	83	4.26550000000000e+02	2.51327412287183e+03	3.00000000000000e-02	0.00000000000000e+00	0.00000000000000e+00	4.29928222892289e+02	-2.62955929777349e-01
2	124	44	84	4.46850000000000e+02	2.51327412287183e+03	3.00000000000000e-02	0.00000000000000e+00	0.00000000000000e+00	4.28802715469608e+02	1.37420084575197e+00
5	125	45	85	4.67360000000000e+02	2.51327412287183e+03	3.00000000000000e-02	0.00000000000000e+00	0.00000000000000e+00	4.30855369542385e+02	2.71091247863187e+00
6	126	46	86	4.66140000000000e+02	2.51327412287183e+03	3.00000000000000e-02	0.00000000000000e+00	0.00000000000000e+00	4.39404710567493e+02	1.96883792811085e+00
7	127	47	87	4.57810000000000e+02	2.51327412287183e+03	3.00000000000000e-02	0.00000000000000e+00	0.00000000000000e+00	4.43877469568967e+02	1.03018986577782e+00
8	128	48	88	5.84330000000000e+02	2.51327412287183e+03	3.00000000000000e-02	0.00000000000000e+00	0.00000000000000e+00	4.46606846900097e+02	8.95957404242367e+00
9	129	49	89	5.17800000000000e+02	2.51327412287183e+03	3.00000000000000e-02	0.00000000000000e+00	0.00000000000000e+00	4.60080930602445e+02	3.93955524056550e+00
10	130	50	90	4.51270000000000e+02	2.51327412287183e+03	3.00000000000000e-02	0.00000000000000e+00	0.00000000000000e+00	4.65510298075105e+02	-1.03561296960579e+00
11	131	51	91	4.47190000000000e+02	2.51327412287183e+03	3.00000000000000e-02	0.00000000000000e+00	0.00000000000000e+00	4.59529548856401e+02	-9.07322867987700e-01
12	132	52	92	4.37150000000000e+02	2.51327412287183e+03	3.00000000000000e-02	0.00000000000000e+00	0.00000000000000e+00	4.57950679593537e+02	-1.54950354038954e+00
13	133	53	93	5.57020000000000e+02	2.51327412287183e+03	3.00000000000000e-02	0.00000000000000e+00	0.00000000000000e+00	4.71783221026570e+02	5.53605144420395e+00
14	134	54	94	4.76140000000000e+02	2.51327412287183e+03	3.00000000000000e-02	0.00000000000000e+00	0.00000000000000e+00	4.82022972997716e+02	-4.09328203381243e-01
15	135	55	95	4.67220000000000e+02	2.51327412287183e+03	3.00000000000000e-02	0.00000000000000e+00	0.00000000000000e+00	4.85367280224070e+02	-1.27018814473754e+00
16	136	56	96	4.89340000000000e+02	2.51327412287183e+03	3.00000000000000e-02	0.00000000000000e+00	0.00000000000000e+00	4.89809405766603e+02	-3.19601074019774e-02
17	137	57	97	5.67480000000000e+02	2.51327412287183e+03	3.00000000000000e-02	0.00000000000000e+00	0.00000000000000e+00	5.07294101639063e+02	3.73715296356248e+00
18	138	58	98	5.31350000000000e+02	2.51327412287183e+03	3.00000000000000e-02	0.00000000000000e+00	0.00000000000000e+00	5.22434637479985e+02	5.64035251231558e-01
19	139	59	99	6.11800000000000e+02	2.51327412287183e+03	3.00000000000000e-02	0.00000000000000e+00	0.00000000000000e+00	5.42168609497182e+02	4.02761303405684e+00
21	140	61	101	6.51350000000000e+02	2.51327412287183e+03	3.00000000000000e-02	0.00000000000000e+00	0.00000000000000e+00	5.72950675787531e+02	4.27491665946726e+00
22	142	62	102	8.78680000000000e+02	2.51327412287183e+03	3.00000000000000e-02	0.00000000000000e+00	0.00000000000000e+00	5.79664531532695e+02	1.38657079682983e+01
23	143	63	103	7.19560000000000e+02	2.51327412287183e+03	3.00000000000000e-02	0.00000000000000e+00	0.00000000000000e+00	5.80759274878087e+02	7.14345240179701e+00
24	141	64	104	4.22010000000000e+02	2.51327412287183e+03	3.00000000000000e-02	0.00000000000000e+00	0.00000000000000e+00	5.79357010302401e+02	-1.05629958407032e+01
25	144	65	105	7.87210000000000e+02	2.51327412287183e+03	3.00000000000000e-02	0.00000000000000e+00	0.00000000000000e+00	5.78703302410648e+02	1.02568377914586e+01
26	145	66	106	6.38730000000000e+02	2.51327412287183e+03	3.00000000000000e-02	0.00000000000000e+00	0.00000000000000e+00	5.70968615938600e+02	3.73825283525292e+00
27	146	67	107	4.90260000000000e+02	2.51327412287183e+03	3.00000000000000e-02	0.00000000000000e+00	0.00000000000000e+00	5.60301968224693e+02	-4.45133349151631e+00
28	147	68	108	7.69380000000000e+02	2.51327412287183e+03	3.00000000000000e-02	0.00000000000000e+00	0.00000000000000e+00	5.60826450981254e+02	1.05391164858881e+01
29	148	69	109	6.23850000000000e+02	2.51327412287183e+03	3.00000000000000e-02	0.00000000000000e+00	0.00000000000000e+00	5.59479162940434e+02	3.63012233618477e+00
30	149	70	110	4.78320000000000e+02	2.51327412287183e+03	3.00000000000000e-02	0.00000000000000e+00	0.00000000000000e+00	5.57558725445490e+02	-5.10959567786718e+00
31	150	71	111	5.69470000000000e+02	2.51327412287183e+03	3.00000000000000e-02	0.00000000000000e+00	0.00000000000000e+00	5.63666012075683e+02	3.41473493034942e-01
32	151	72	112	3.99590000000000e+02	2.51327412287183e+03	3.00000000000000e-02	0.00000000000000e+00	0.00000000000000e+00	5.48104347676567e+02	-1.05342220951079e+01
33	152	73	113	5.28070000000000e+02	2.51327412287183e+03	3.00000000000000e-02	0.00000000000000e+00	0.00000000000000e+00	5.16689295923302e+02	7.26237727638808e-01
34	153	74	114	5.31820000000000e+02	2.51327412287183e+03	3.00000000000000e-02	0.00000000000000e+00	0.00000000000000e+00	4.96721628659449e+02	2.27584401152787e+00
35	154	75	115	5.00870000000000e+02	2.51327412287183e+03	3.00000000000000e-02	0.00000000000000e+00	0.00000000000000e+00	4.82068999478537e+02	1.27531100418488e+00
36	155	76	116	5.34230000000000e+02	2.51327412287183e+03	3.00000000000000e-02	0.00000000000000e+00	0.00000000000000e+00	4.77473169440829e+02	3.74394963838958e+00
37	156	77	117	5.18300000000000e+02	2.51327412287183e+03	3.00000000000000e-02	0.00000000000000e+00	0.00000000000000e+00	4.71427096082350e+02	3.15965854411955e+00
38	157	78	118	4.95590000000000e+02	2.51327412287183e+03	3.00000000000000e-02	0.00000000000000e+00	0.00000000000000e+00	4.23546286522393e+02	5.23620562189272e+00
39	158	79	119	4.19220000000000e+02	2.51327412287183e+03	3.00000000000000e-02	0.00000000000000e+00	0.00000000000000e+00	4.17615782662944e+02	1.27800406834903e-01
40	159	80	120	4.51790000000000e+02	2.51327412287183e+03	3.00000000000000e-02	0.00000000000000e+00	0.00000000000000e+00	4.15437030596881e+02	2.79621394003353e+00
1	124	42	83	3.98710000000000e+02	2.57610597594363e+03	3.00000000000000e-02	0.00000000000000e+00	0.00000000000000e+00	4.19115012030452e+02	-1.66370127959793e+00
3	125	43	84	4.21800000000000e+02	2.57610597594363e+03	3.00000000000000e-02	0.00000000000000e+00	0.00000000000000e+00	4.20102872885361e+02	1.34388377257070e-01
4	126	44	85	4.20630000000000e+02	2.57610597594363e+03	3.00000000000000e-02	0.00000000000000e+00	0.00000000000000e+00	4.14311387069030e+02	5.04525120485629e-01
2	127	45	86	3.98630000000000e+02	2.57610597594363e+03	3.00000000000000e-02	0.00000000000000e+00	0.00000000000000e+00	4.07000165989658e+02	-6.92664163699538e-01
5	128	46	87	4.37810000000000e+02	2.57610597594363e+03	3.00000000000000e-02	0.00000000000000e+00	0.00000000000000e+00	4.11821210898121e+02	2.03985750915399e+00
6	129	47	88	4.26800000000000e+02	2.57610597594363e+03	3.00000000000000e-02	0.00000000000000e+00	0.00000000000000e+00	4.20901860385980e+02	4.63860788062724e-01
7	130	48	89	4.80520000000000e+02	2.57610597594363e+03	3.00000000000000e-02	0.00000000000000e+00	0.00000000000000e+00	4.33376014909489e+02	3.44210349923628e+00
8	131	49	90	4.54980000000000e+02	2.57610597594363e+03	3.00000000000000e-02	0.00000000000000e+00	0.00000000000000e+00	4.44271137585763e+02	7.93947188455461e-01
9	132	50	91	4.26620000000000e+02	2.57610597594363e+03	3.00000000000000e-02	0.00000000000000e+00	0.00000000000000e+00	4.58778523548268e+02	-2.42246289480645e+00
10	133	51	92	3.98270000000000e+02	2.57610597594363e+03	3.00000000000000e-02	0.00000000000000e+00	0.00000000000000e+00	4.61876136844386e+02	-4.93888619423662e+00
11	134	52	93	4.54880000000000e+02	2.57610597594363e+03	3.00000000000000e-02	0.00000000000000e+00	0.00000000000000e+00	4.61946652895833e+02	-5.13858886314840e-01
12	135	53	94	4.56390000000000e+02	2.57610597594363e+03	3.00000000000000e-02	0.00000000000000e+00	0.00000000000000e+00	4.62355874842015e+02	-4.32905976063639e-01
13	136	54	95	5.80200000000000e+02	2.57610597594363e+03	3.00000000000000e-02	0.00000000000000e+00	0.00000000000000e+00	4.77733407039945e+02	6.47733402135409e+00
14	137	55	96	4.87220000000000e+02	2.57610597594363e+03	3.00000000000000e-02	0.00000000000000e+00	0.00000000000000e+00	4.88898372059815e+02	-1.14629110694686e-01
15	138	56	97	4.71610000000000e+02	2.57610597594363e+03	3.00000000000000e-02	0.00000000000000e+00	0.00000000000000e+00	4.86692760262462e+02	-1.04935562418908e+00
16	139	57	98	4.85710000000000e+02	2.57610597594363e+03	3.00000000000000e-02	0.00000000000000e+00	0.00000000000000e+00	4.93200851600378e+02	-5.10158666391725e-01
18	140	59	100	6.06210000000000e+02	2.57610597594363e+03	3.00000000000000e-02	0.00000000000000e+00	0.00000000000000e+00	5.40475850210617e+02	3.82588350246156e+00
19	142	60	101	5.27210000000000e+02	2.57610597594363e+03	3.00000000000000e-02	0.00000000000000e+00	0.00000000000000e+00	5.62261709913598e+02	-2.14561554537246e+00
20	143	61	102	6.67280000000000e+02	2.57610597594363e+03	3.00000000000000e-02	0.00000000000000e+00	0.00000000000000e+00	5.65221701730668e+02	5.53305671030125e+00
21	141	62	103	5.79230000000000e+02	2.57610597594363e+03	3.00000000000000e-02	0.00000000000000e+00	0.00000000000000e+00	5.75894271338901e+02	1.92518272209045e-01
22	144	63	104	6.26020000000000e+02	2.57610597594363e+03	3.00000000000000e-02	0.00000000000000e+00	0.00000000000000e+00	5.85895742681220e+02	2.20801530787611e+00
23	145	64	105	6.72810000000000e+02	2.57610597594363e+03	3.00000000000000e-02	0.00000000000000e+00	0.00000000000000e+00	5.92736908103616e+02	4.22374446043579e+00
24	146	65	106	6.12250000000000e+02	2.57610597594363e+03	3.00000000000000e-02	0.00000000000000e+00	0.00000000000000e+00	5.87980178496378e+02	1.34824861806730e+00
25	147	66	107	9.09770000000000e+02	2.57610597594363e+03	3.00000000000000e-02	0.00000000000000e+00	0.00000000000000e+00	5.79059807606991e+02	1.50595351138564e+01
26	148	67	108	7.20430000000000e+02	2.57610597594363e+03	3.00000000000000e-02	0.00000000000000e+00	0.00000000000000e+00	5.73154939068580e+02	7.62307253440495e+00
27	149	68	109	5.31100000000000e+02	2.57610597594363e+03	3.00000000000000e-02	0.00000000000000e+00	0.00000000000000e+00	5.76287536312935e+02	-2.72188012329681e+00
28	150	69	110	7.11000000000000e+02	2.57610597594363e+03	3.00000000000000e-02	0.00000000000000e+00	0.00000000000000e+00	5.80788232443238e+02	6.74287424809158e+00
29	151	70	111	6.48830000000000e+02	2.57610597594363e+03	3.00000000000000e-02	0.00000000000000e+00	0.00000000000000e+00	5.73184882001618e+02	4.13208066907821e+00
30	152	71	112	5.07150000000000e+02	2.57610597594363e+03	3.00000000000000e-02	0.00000000000000e+00	0.00000000000000e+00	5.55456403339021e+02	-3.03277687799577e+00
31	153	72	113	5.51550000000000e+02	2.57610597594363e+03	3.00000000000000e-02	0.00000000000000e+00	0.00000000000000e+00	5.49022098661261e+02	1.53126771512350e-01
32	154	73	114	5.00200000000000e+02	2.57610597594363e+03	3.00000000000000e-02	0.00000000000000e+00	0.00000000000000e+00	5.18661289691690e+02	-1.20810102182120e+00
33	155	74	115	5.51220000000000e+02	2.57610597594363e+03	3.00000000000000e-02	0.00000000000000e+00	0.00000000000000e+00	4.99455556201563e+02	3.28717953183061e+00
34	156	75	116	5.22460000000000e+02	2.57610597594363e+03	3.00000000000000e-02	0.00000000000000e+00	0.00000000000000e+00	4.65570374615881e+02	3.84283866313400e+00
35	157	76	117	4.57040000000000e+02	2.57610597594363e+03	3.00000000000000e-02	0.00000000000000e+00	0.00000000000000e+00	4.28281096976273e+02	2.16637219254648e+00
36	158	77	118	4.62380000000000e+02	2.57610597594363e+03	3.00000000000000e-02	0.00000000000000e+00	0.00000000000000e+00	4.35827371066408e+02	1.97136122679182e+00
37	159	78	119	5.06080000000000e+02	2.57610597594363e+03	3.00000000000000e-02	0.00000000000000e+00	0.00000000000000e+00	4.36324474854950e+02	4.94361948703785e+00
1	127	43	85	3.61650000000000e+02	2.63893782901543e+03	3.00000000000000e-02	0.00000000000000e+00	0.00000000000000e+00	3.99333168618156e+02	-3.30397280788356e+00
3	128	44	86	3.92340000000000e+02	2.63893782901543e+03	3.00000000000000e-02	0.00000000000000e+00	0.00000000000000e+00	4.00594737638659e+02	-6.94049204838088e-01
4	129	45	87	3.89180000000000e+02	2.63893782901543e+03	3.00000000000000e-02	0.00000000000000e+00	0.00000000000000e+00	4.00836362019803e+02	-9.83710257593717e-01
2	130	46	88	4.10320000000000e+02	2.63893782901543e+03	3.00000000000000e-02	0.00000000000000e+00	0.00000000000000e+00	4.03503374231871e+02	5.58416433245708e-01
5	131	47	89	4.27270000000000e+02	2.63893782901543e+03	3.00000000000000e-02	0.00000000000000e+00	0.00000000000000e+00	4.04776641499324e+02	1.80269064661254e+00
6	132	48	90	4.41770000000000e+02	2.63893782901543e+03	3.00000000000000e-02	0.00000000000000e+00	0.00000000000000e+00	4.13499414716103e+02	2.20444285424678e+00
7	133	49	91	4.66650000000000e+02	2.63893782901543e+03	3.00000000000000e-02	0.00000000000000e+00	0.00000000000000e+00	4.31323201990769e+02	2.62406047747715e+00
8	134	50	92	6.20020000000000e+02	2.63893782901543e+03	3.00000000000000e-02	0.00000000000000e+00	0.00000000000000e+00	4.48118866529631e+02	1.08231070428774e+01
9	135	51	93	5.44170000000000e+02	2.63893782901543e+03	3.00000000000000e-02	0.00000000000000e+00	0.00000000000000e+00	4.61896219401594e+02	5.46404885066594e+00
10	136	52	94	4.68330000000000e+02	2.63893782901543e+03	3.00000000000000e-02	0.00000000000000e+00	0.00000000000000e+00	4.67270563264589e+02	7.54907047462912e-02
11	137	53	95	4.64650000000000e+02	2.63893782901543e+03	3.00000000000000e-02	0.00000000000000e+00	0.00000000000000e+00	4.71574475356986e+02	-4.93086989808678e-01
12	138	54	96	4.72390000000000e+02	2.63893782901543e+03	3.00000000000000e-02	0.00000000000000e+00	0.00000000000000e+00	4.70615698728772e+02	1.25436029878371e-01
13	139	55	97	5.62980000000000e+02	2.63893782901543e+03	3.00000000000000e-02	0.00000000000000e+00	0.00000000000000e+00	4.86865518753835e+02	4.84187202569828e+00
15	140	57	99	4.67830000000000e+02	2.63893782901543e+03	3.00000000000000e-02	0.00000000000000e+00	0.00000000000000e+00	4.84065813262724e+02	-1.13719644080401e+00
16	142	58	100	4.74300000000000e+02	2.63893782901543e+03	3.00000000000000e-02	0.00000000000000e+00	0.00000000000000e+00	5.06819071068336e+02	-2.21046817397230e+00
17	143	59	101	4.76140000000000e+02	2.63893782901543e+03	3.00000000000000e-02	0.00000000000000e+00	0.00000000000000e+00	5.33033085839624e+02	-3.76238561169785e+00
18	141	60	102	3.45100000000000e+02	2.63893782901543e+03	3.00000000000000e-02	0.00000000000000e+00	0.00000000000000e+00	5.51401247107545e+02	-1.56209510064788e+01
19	144	61	103	6.86390000000000e+02	2.63893782901543e+03	3.00000000000000e-02	0.00000000000000e+00	0.00000000000000e+00	5.57161716412226e+02	6.95301489476231e+00
20	145	62	104	6.35130000000000e+02	2.63893782901543e+03	3.00000000000000e-02	0.00000000000000e+00	0.00000000000000e+00	5.78418068058268e+02	3.11775979979704e+00
21	146	63	105	5.83860000000000e+02	2.63893782901543e+03	3.00000000000000e-02	0.00000000000000e+00	0.00000000000000e+00	5.92746312627107e+02	-5.03509202495126e-01
22	147	64	106	9.06290000000000e+02	2.63893782901543e+03	3.00000000000000e-02	0.00000000000000e+00	0.00000000000000e+00	5.96758924369618e+02	1.39282041021128e+01
23	148	65	107	1.22872000000000e+03	2.63893782901543e+03	3.00000000000000e-02	0.00000000000000e+00	0.00000000000000e+00	5.97891140721627e+02	2.40106519218294e+01
24	149	66	108	8.89380000000000e+02	2.63893782901543e+03	3.00000000000000e-02	0.00000000000000e+00	0.00000000000000e+00	5.91846898034055e+02	1.35758869167662e+01
25	150	67	109	9.16120000000000e+02	2.63893782901543e+03	3.00000000000000e-02	0.00000000000000e+00	0.00000000000000e+00	5.88027043388425e+02	1.47791473820805e+01
26	151	68	110	9.42860000000000e+02	2.63893782901543e+03	3.00000000000000e-02	0.00000000000000e+00	0.00000000000000e+00	5.95269186201273e+02	1.53301364078874e+01
27	152	69	111	6.41240000000000e+02	2.63893782901543e+03	3.00000000000000e-02	0.00000000000000e+00	0.00000000000000e+00	5.87277251121563e+02	2.93022582415639e+00
28	153	70	112	5.83560000000000e+02	2.63893782901543e+03	3.00000000000000e-02	0.00000000000000e+00	0.00000000000000e+00	5.64300213555022e+02	1.11869569287718e+00
29	154	71	113	7.33100000000000e+02	2.63893782901543e+03	3.00000000000000e-02	0.00000000000000e+00	0.00000000000000e+00	5.49012502710126e+02	9.63869677908455e+00
30	155	72	114	5.37680000000000e+02	2.63893782901543e+03	3.00000000000000e-02	0.00000000000000e+00	0.00000000000000e+00	5.39233700768785e+02	-9.61823803013869e-02
31	156	73	115	5.28600000000000e+02	2.63893782901543e+03	3.00000000000000e-02	0.00000000000000e+00	0.00000000000000e+00	5.06266542557379e+02	1.43895692089195e+00
32	157	74	116	4.29980000000000e+02	2.63893782901543e+03	3.00000000000000e-02	0.00000000000000e+00	0.00000000000000e+00	4.44737123382440e+02	-1.12482258880447e+00
33	158	75	117	4.73110000000000e+02	2.63893782901543e+03	3.00000000000000e-02	0.00000000000000e+00	0.00000000000000e+00	4.37574664374892e+02	2.60268556430091e+00
34	159	76	118	5.39890000000000e+02	2.63893782901543e+03	3.00000000000000e-02	0.00000000000000e+00	0.00000000000000e+00	4.46931600135920e+02	6.29866173431720e+00
1	130	44	87	3.60610000000000e+02	2.70176968208722e+03	3.00000000000000e-02	0.00000000000000e+00	0.00000000000000e+00	3.96043187201370e+02	-3.12420739847082e+00
3	131	45	88	4.04370000000000e+02	2.70176968208722e+03	3.00000000000000e-02	0.00000000000000e+00	0.00000000000000e+00	3.97885004486418e+02	5.38909011145735e-01
4	132	46	89	4.01020000000000e+02	2.70176968208722e+03	3.00000000000000e-02	0.00000000000000e+00	0.00000000000000e+00	3.97455868139030e+02	2.97579899778366e-01
2	133	47	90	3.78090000000000e+02	2.70176968208722e+03	3.00000000000000e-02	0.00000000000000e+00	0.00000000000000e+00	3.96083008904714e+02	-1.54971817387800e+00
5	134	48	91	4.38110000000000e+02	2.70176968208722e+03	3.00000000000000e-02	0.00000000000000e+00	0.00000000000000e+00	4.02187860854108e+02	2.85169084598674e+00
6	135	49	92	4.94030000000000e+02	2.70176968208722e+03	3.00000000000000e-02	0.00000000000000e+00	0.00000000000000e+00	4.18004315817657e+02	5.57014955649559e+00
7	136	50	93	5.22090000000000e+02	2.70176968208722e+03	3.00000000000000e-02	0.00000000000000e+00	0.00000000000000e+00	4.41142494530612e+02	5.61573489029641e+00
8	137	51	94	4.73530000000000e+02	2.70176968208722e+03	3.00000000000000e-02	0.00000000000000e+00	0.00000000000000e+00	4.54664335474633e+02	1.35519487082331e+00
9	138	52	95	6.29290000000000e+02	2.70176968208722e+03	3.00000000000000e-02	0.00000000000000e+00	0.00000000000000e+00	4.70088603194367e+02	9.72236684542353e+00
10	139	53	96	4.92890000000000e+02	2.70176968208722e+03	3.00000000000000e-02	0.00000000000000e+00	0.00000000000000e+00	4.77854181351890e+02	1.03267997989033e+00
12	140	55	98	4.78260000000000e+02	2.70176968208722e+03	3.00000000000000e-02	0.00000000000000e+00	0.00000000000000e+00	4.74812189489500e+02	2.41172745637345e-01
13	142	56	99	4.31700000000000e+02	2.70176968208722e+03	3.00000000000000e-02	0.00000000000000e+00	0.00000000000000e+00	4.78129196221245e+02	-3.40500261304344e+00
14	143	57	100	3.85140000000000e+02	2.70176968208722e+03	3.00000000000000e-02	0.00000000000000e+00	0.00000000000000e+00	4.88777671712565e+02	-7.94336074866146e+00
15	141	58	101	2.33900000000000e+02	2.70176968208722e+03	3.00000000000000e-02	0.00000000000000e+00	0.00000000000000e+00	5.00240706544029e+02	-2.53398574026004e+01
16	144	59	102	3.98320000000000e+02	2.70176968208722e+03	3.00000000000000e-02	0.00000000000000e+00	0.00000000000000e+00	5.18533886430661e+02	-8.79165593120715e+00
17	145	60	103	5.62730000000000e+02	2.70176968208722e+03	3.00000000000000e-02	0.00000000000000e+00	0.00000000000000e+00	5.46380090836394e+02	9.82835625943264e-01
18	146	61	104	5.25280000000000e+02	2.70176968208722e+03	3.00000000000000e-02	0.00000000000000e+00	0.00000000000000e+00	5.58414295522382e+02	-2.03898994103498e+00
19	147	62	105	7.56750000000000e+02	2.70176968208722e+03	3.00000000000000e-02	0.00000000000000e+00	0.00000000000000e+00	5.80345039156366e+02	8.84700420480407e+00
20	148	63	106	6.63710000000000e+02	2.70176968208722e+03	3.00000000000000e-02	0.00000000000000e+00	0.00000000000000e+00	5.93454637569997e+02	3.72948426740424e+00
21	149	64	107	5.70680000000000e+02	2.70176968208722e+03	3.00000000000000e-02	0.00000000000000e+00	0.00000000000000e+00	5.97921792160577e+02	-1.55437769370298e+00
22	150	65	108	8.49340000000000e+02	2.70176968208722e+03	3.00000000000000e-02	0.00000000000000e+00	0.00000000000000e+00	6.04876873852329e+02	1.13144884753792e+01
23	151	66	109	9.31570000000000e+02	2.70176968208722e+03	3.00000000000000e-02	0.00000000000000e+00	0.00000000000000e+00	6.02543942212598e+02	1.45236912997107e+01
24	152	67	110	7.37690000000000e+02	2.70176968208722e+03	3.00000000000000e-02	0.00000000000000e+00	0.00000000000000e+00	5.95459815336353e+02	7.13965920591662e+00
25	153	68	111	1.31772000000000e+03	2.70176968208722e+03	3.00000000000000e-02	0.00000000000000e+00	0.00000000000000e+00	6.00885855045890e+02	2.61751085982966e+01
26	154	69	112	9.56990000000000e+02	2.70176968208722e+03	3.00000000000000e-02	0.00000000000000e+00	0.00000000000000e+00	5.79905948563555e+02	1.66975669778372e+01
27	155	70	113	7.76110000000000e+02	2.70176968208722e+03	3.00000000000000e-02	0.00000000000000e+00	0.00000000000000e+00	5.53935967688456e+02	1.12415054812396e+01
28	156	71	114	5.95230000000000e+02	2.70176968208722e+03	3.00000000000000e-02	0.00000000000000e+00	0.00000000000000e+00	5.24195819288783e+02	4.23608566764857e+00
29	157	72	115	4.88040000000000e+02	2.70176968208722e+03	3.00000000000000e-02	0.00000000000000e+00	0.00000000000000e+00	4.81682605237255e+02	4.37065597273989e-01
30	158	73	116	4.14820000000000e+02	2.70176968208722e+03	3.00000000000000e-02	0.00000000000000e+00	0.00000000000000e+00	4.65519748860947e+02	-3.84366098889473e+00
31	159	74	117	5.05300000000000e+02	2.70176968208722e+03	3.00000000000000e-02	0.00000000000000e+00	0.00000000000000e+00	4.65527694074789e+02	2.73269080571558e+00
1	133	45	89	3.88700000000000e+02	2.76460153515902e+03	3.00000000000000e-02	0.00000000000000e+00	0.00000000000000e+00	3.90234877603895e+02	-1.31365675066715e-01
3	134	46	90	4.15420000000000e+02	2.76460153515902e+03	3.00000000000000e-02	0.00000000000000e+00	0.00000000000000e+00	3.98458463914439e+02	1.38955983101949e+00
4	135	47	91	3.96060000000000e+02	2.76460153515902e+03	3.00000000000000e-02	0.00000000000000e+00	0.00000000000000e+00	3.96253686556787e+02	-1.62971277606635e-02
2	136	48	92	4.21620000000000e+02	2.76460153515902e+03	3.00000000000000e-02	0.00000000000000e+00	0.00000000000000e+00	3.99643040922620e+02	1.78442278138341e+00
5	137	49	93	4.92740000000000e+02	2.76460153515902e+03	3.00000000000000e-02	0.00000000000000e+00	0.00000000000000e+00	4.12926289001855e+02	5.89041838403318e+00
6	138	50	94	4.83950000000000e+02	2.76460153515902e+03	3.00000000000000e-02	0.00000000000000e+00	0.00000000000000e+00	4.28711387907863e+02	4.03992195093696e+00
7	139	51	95	5.75730000000000e+02	2.76460153515902e+03	3.00000000000000e-02	0.00000000000000e+00	0.00000000000000e+00	4.49449627242709e+02	8.25383390474676e+00
9	140	53	97	5.10870000000000e+02	2.76460153515902e+03	3.00000000000000e-02	0.00000000000000e+00	0.00000000000000e+00	4.79359842950648e+02	2.12212004802854e+00
10	142	54	98	4.46010000000000e+02	2.76460153515902e+03	3.00000000000000e-02	0.00000000000000e+00	0.00000000000000e+00	4.80453784217164e+02	-2.47965559335069e+00
11	143	55	99	3.92800000000000e+02	2.76460153515902e+03	3.00000000000000e-02	0.00000000000000e+00	0.00000000000000e+00	4.76873803835423e+02	-6.46504390717973e+00
12	141	56	100	3.62020000000000e+02	2.76460153515902e+03	3.00000000000000e-02	0.00000000000000e+00	0.00000000000000e+00	4.74196656400555e+02	-8.99742212186302e+00
13	144	57	101	3.79150000000000e+02	2.76460153515902e+03	3.00000000000000e-02	0.00000000000000e+00	0.00000000000000e+00	4.86191392388996e+02	-8.28901509100479e+00
14	145	58	102	4.92390000000000e+02	2.76460153515902e+03	3.00000000000000e-02	0.00000000000000e+00	0.00000000000000e+00	5.02966458489521e+02	-7.08413318032116e-01
15	146	59	103	3.68920000000000e+02	2.76460153515902e+03	3.00000000000000e-02	0.00000000000000e+00	0.00000000000000e+00	5.15946447666769e+02	-1.11807719378874e+01
16	147	60	104	5.35740000000000e+02	2.76460153515902e+03	3.00000000000000e-02	0.00000000000000e+00	0.00000000000000e+00	5.42725659075739e+02	-4.31833053313202e-01
17	148	61	105	7.33860000000000e+02	2.76460153515902e+03	3.00000000000000e-02	0.00000000000000e+00	0.00000000000000e+00	5.62909689055222e+02	8.83996898861993e+00
18	149	62	106	6.06230000000000e+02	2.76460153515902e+03	3.00000000000000e-02	0.00000000000000e+00	0.00000000000000e+00	5.77542501500519e+02	1.61591388856618e+00
19	150	63	107	6.66030000000000e+02	2.76460153515902e+03	3.00000000000000e-02	0.00000000000000e+00	0.00000000000000e+00	5.89232404647937e+02	4.08380112631743e+00
20	151	64	108	5.99830000000000e+02	2.76460153515902e+03	3.00000000000000e-02	0.00000000000000e+00	0.00000000000000e+00	5.95899904682848e+02	2.19119131278885e-01
21	152	65	109	6.92870000000000e+02	2.76460153515902e+03	3.00000000000000e-02	0.00000000000000e+00	0.00000000000000e+00	5.95937879485997e+02	5.02353196074295e+00
22	153	66	110	7.87530000000000e+02	2.76460153515902e+03	3.00000000000000e-02	0.00000000000000e+00	0.00000000000000e+00	6.04028272508189e+02	8.84268198615225e+00
23	154	67	111	1.15810000000000e+03	2.76460153515902e+03	3.00000000000000e-02	0.00000000000000e+00	0.00000000000000e+00	6.00315204341766e+02	2.19027050782541e+01
24	155	68	112	8.44910000000000e+02	2.76460153515902e+03	3.00000000000000e-02	0.00000000000000e+00	0.00000000000000e+00	5.86767561447015e+02	1.21533782830821e+01
25	156	69	113	5.74800000000000e+02	2.76460153515902e+03	3.00000000000000e-02	0.00000000000000e+00	0.00000000000000e+00	5.54530213459443e+02	1.19669537150410e+00
26	157	70	114	3.81060000000000e+02	2.76460153515902e+03	3.00000000000000e-02	0.00000000000000e+00	0.00000000000000e+00	4.94150505587200e+02	-8.66277649746434e+00
27	158	71	115	4.27440000000000e+02	2.76460153515902e+03	3.00000000000000e-02	0.00000000000000e+00	0.00000000000000e+00	4.87588966828807e+02	-4.38862807323659e+00
28	159	72	116	4.73830000000000e+02	2.76460153515902e+03	3.00000000000000e-02	0.00000000000000e+00	0.00000000000000e+00	4.87932734255316e+02	-9.77631637860495e-01
1	136	46	91	4.34930000000000e+02	2.82743338823081e+03	3.00000000000000e-02	0.00000000000000e+00	0.00000000000000e+00	3.96257331336421e+02	3.10404239279318e+00
3	137	47	92	4.10950000000000e+02	2.82743338823081e+03	3.00000000000000e-02	0.00000000000000e+00	0.00000000000000e+00	4.03605374382292e+02	6.01131603099336e-01
4	138	48	93	4.30850000000000e+02	2.82743338823081e+03	3.00000000000000e-02	0.00000000000000e+00	0.00000000000000e+00	4.03797917427803e+02	2.16151510850668e+00
2	139	49	94	4.54020000000000e+02	2.82743338823081e+03	3.00000000000000e-02	0.00000000000000e+00	0.00000000000000e+00	4.10374389772235e+02	3.36904537047253e+00
6	140	51	96	5.24850000000000e+02	2.82743338823081e+03	3.00000000000000e-02	0.00000000000000e+00	0.00000000000000e+00	4.34956045302293e+02	6.26225089268753e+00
7	142	52	97	3.99990000000000e+02	2.82743338823081e+03	3.00000000000000e-02	0.00000000000000e+00	0.00000000000000e+00	4.55005761653040e+02	-4.29568450163380e+00
8	143	53	98	5.20860000000000e+02	2.82743338823081e+03	3.00000000000000e-02	0.00000000000000e+00	0.00000000000000e+00	4.65378148353393e+02	3.75436647550398e+00
9	141	54	99	4.28580000000000e+02	2.82743338823081e+03	3.00000000000000e-02	0.00000000000000e+00	0.00000000000000e+00	4.77820862568480e+02	-3.62528264512223e+00
10	144	55	100	3.36310000000000e+02	2.82743338823081e+03	3.00000000000000e-02	0.00000000000000e+00	0.00000000000000e+00	4.87553360110447e+02	-1.23788795808433e+01
11	145	56	101	4.17320000000000e+02	2.82743338823081e+03	3.00000000000000e-02	0.00000000000000e+00	0.00000000000000e+00	4.84868494787301e+02	-5.00081319342911e+00
12	146	57	102	4.40910000000000e+02	2.82743338823081e+03	3.00000000000000e-02	0.00000000000000e+00	0.00000000000000e+00	4.82335709401698e+02	-2.99331970533929e+00
13	147	58	103	5.95560000000000e+02	2.82743338823081e+03	3.00000000000000e-02	0.00000000000000e+00	0.00000000000000e+00	5.03947369613768e+02	5.56767673793992e+00
14	148	59	104	5.36110000000000e+02	2.82743338823081e+03	3.00000000000000e-02	0.00000000000000e+00	0.00000000000000e+00	5.28707490168130e+02	4.63467787083853e-01
15	149	60	105	5.22360000000000e+02	2.82743338823081e+03	3.00000000000000e-02	0.00000000000000e+00	0.00000000000000e+00	5.46878473245615e+02	-1.52898676057334e+00
16	150	61	106	5.29480000000000e+02	2.82743338823081e+03	3.00000000000000e-02	0.00000000000000e+00	0.00000000000000e+00	5.55295178592295e+02	-1.58681442788217e+00
17	151	62	107	4.29700000000000e+02	2.82743338823081e+03	3.00000000000000e-02	0.00000000000000e+00	0.00000000000000e+00	5.70194024690822e+02	-9.42964687737036e+00
18	152	63	108	6.30370000000000e+02	2.82743338823081e+03	3.00000000000000e-02	0.00000000000000e+00	0.00000000000000e+00	5.72883644724981e+02	3.18747719304640e+00
19	153	64	109	8.05550000000000e+02	2.82743338823081e+03	3.00000000000000e-02	0.00000000000000e+00	0.00000000000000e+00	5.81543945375947e+02	1.08612910796714e+01
20	154	65	110	9.80730000000000e+02	2.82743338823081e+03	3.00000000000000e-02	0.00000000000000e+00	0.00000000000000e+00	5.91619918378355e+02	1.68477597798890e+01
21	155	66	111	7.25100000000000e+02	2.82743338823081e+03	3.00000000000000e-02	0.00000000000000e+00	0.00000000000000e+00	5.93619449194889e+02	6.66903734149811e+00
22	156	67	112	8.23380000000000e+02	2.82743338823081e+03	3.00000000000000e-02	0.00000000000000e+00	0.00000000000000e+00	5.66652093709282e+02	1.24557431815902e+01
23	157	68	113	4.48990000000000e+02	2.82743338823081e+03	3.00000000000000e-02	0.00000000000000e+00	0.00000000000000e+00	5.24838364904425e+02	-5.20299076787086e+00
24	158	69	114	4.26460000000000e+02	2.82743338823081e+03	3.00000000000000e-02	0.00000000000000e+00	0.00000000000000e+00	5.12664974721862e+02	-6.13679950704974e+00
25	159	70	115	4.03930000000000e+02	2.82743338823081e+03	3.00000000000000e-02	0.00000000000000e+00	0.00000000000000e+00	5.03191070615956e+02	-7.32427881360227e+00
1	139	47	93	4.27940000000000e+02	2.89026524130261e+03	3.00000000000000e-02	0.00000000000000e+00	0.00000000000000e+00	4.04362647248824e+02	1.88902939373422e+00
4	140	49	95	4.65490000000000e+02	2.89026524130261e+03	3.00000000000000e-02	0.00000000000000e+00	0.00000000000000e+00	4.13141759363799e+02	3.97666123770020e+00
2	142	50	96	4.02830000000000e+02	2.89026524130261e+03	3.00000000000000e-02	0.00000000000000e+00	0.00000000000000e+00	4.18108284576108e+02	-1.24086054218081e+00
5	143	51	97	3.14370000000000e+02	2.89026524130261e+03	3.00000000000000e-02	0.00000000000000e+00	0.00000000000000e+00	4.27503637669698e+02	-1.02464053784845e+01
6	141	52	98	2.32280000000000e+02	2.89026524130261e+03	3.00000000000000e-02	0.00000000000000e+00	0.00000000000000e+00	4.37665365815721e+02	-2.11170357628371e+01
7	144	53	99	3.41940000000000e+02	2.89026524130261e+03	3.00000000000000e-02	0.00000000000000e+00	0.00000000000000e+00	4.57079416142626e+02	-9.67406232796968e+00
8	145	54	100	4.51600000000000e+02	2.89026524130261e+03	3.00000000000000e-02	0.00000000000000e+00	0.00000000000000e+00	4.76852339156490e+02	-1.81366830573285e+00
9	146	55	101	6.23330000000000e+02	2.89026524130261e+03	3.00000000000000e-02	0.00000000000000e+00	0.00000000000000e+00	4.94801015934415e+02	7.69734599446916e+00
10	147	56	102	5.13630000000000e+02	2.89026524130261e+03	3.00000000000000e-02	0.00000000000000e+00	0.00000000000000e+00	4.94889692105648e+02	1.23894227935413e+00
11	148	57	103	5.02850000000000e+02	2.89026524130261e+03	3.00000000000000e-02	0.00000000000000e+00	0.00000000000000e+00	4.95867264256420e+02	4.66121212213218e-01
12	149	58	104	5.05290000000000e+02	2.89026524130261e+03	3.00000000000000e-02	0.00000000000000e+00	0.00000000000000e+00	5.08002655827930e+02	-1.78471789804953e-01
13	150	59	105	5.01490000000000e+02	2.89026524130261e+03	3.00000000000000e-02	0.00000000000000e+00	0.00000000000000e+00	5.35941266027996e+02	-2.21469699123208e+00
14	151	60	106	4.97700000000000e+02	2.89026524130261e+03	3.00000000000000e-02	0.00000000000000e+00	0.00000000000000e+00	5.49510747616479e+02	-3.30102822298617e+00
15	152	61	107	4.72920000000000e+02	2.89026524130261e+03	3.00000000000000e-02	0.00000000000000e+00	0.00000000000000e+00	5.37424338055793e+02	-4.26205808968524e+00
16	153	62	108	6.04420000000000e+02	2.89026524130261e+03	3.00000000000000e-02	0.00000000000000e+00	0.00000000000000e+00	5.48874934806714e+02	3.21329034712855e+00
17	154	63	109	7.35930000000000e+02	2.89026524130261e+03	3.00000000000000e-02	0.00000000000000e+00	0.00000000000000e+00	5.58692542653188e+02	9.18452322701657e+00
18	155	64	110	5.87110000000000e+02	2.89026524130261e+03	3.00000000000000e-02	0.00000000000000e+00	0.00000000000000e+00	5.67172216411943e+02	1.15164018464234e+00
19	156	65	111	5.19680000000000e+02	2.89026524130261e+03	3.00000000000000e-02	0.00000000000000e+00	0.00000000000000e+00	5.61230772530503e+02	-2.56396475462773e+00
20	157	66	112	2.99080000000000e+02	2.89026524130261e+03	3.00000000000000e-02	0.00000000000000e+00	0.00000000000000e+00	5.18998202613811e+02	-1.83729774618776e+01
21	158	67	113	4.46720000000000e+02	2.89026524130261e+03	3.00000000000000e-02	0.00000000000000e+00	0.00000000000000e+00	5.14996496752408e+02	-4.74093660280458e+00
22	159	68	114	5.94360000000000e+02	2.89026524130261e+03	3.00000000000000e-02	0.00000000000000e+00	0.00000000000000e+00	5.23478052489112e+02	4.23300305078449e+00
1	142	48	95	4.38130000000000e+02	2.95309709437441e+03	3.00000000000000e-02	0.00000000000000e+00	0.00000000000000e+00	4.08445041244089e+02	2.33861009003581e+00
3	143	49	96	4.06080000000000e+02	2.95309709437441e+03	3.00000000000000e-02	0.00000000000000e+00	0.00000000000000e+00	4.15904688866847e+02	-7.96864539464319e-01
4	141	50	97	2.21640000000000e+02	2.95309709437441e+03	3.00000000000000e-02	0.00000000000000e+00	0.00000000000000e+00	4.21344889100775e+02	-2.14132422775557e+01
2	144	51	98	3.36080000000000e+02	2.95309709437441e+03	3.00000000000000e-02	0.00000000000000e+00	0.00000000000000e+00	4.22049265740019e+02	-7.59242746068862e+00
5	145	52	99	4.50530000000000e+02	2.95309709437441e+03	3.00000000000000e-02	0.00000000000000e+00	0.00000000000000e+00	4.31904909984958e+02	1.40730730888293e+00
6	146	53	100	4.39830000000000e+02	2.95309709437441e+03	3.00000000000000e-02	0.00000000000000e+00	0.00000000000000e+00	4.53594607347697e+02	-1.02718583871043e+00
7	147	54	101	5.65540000000000e+02	2.95309709437441e+03	3.00000000000000e-02	0.00000000000000e+00	0.00000000000000e+00	4.77887389072878e+02	5.61353032986081e+00
8	148	55	102	6.98460000000000e+02	2.95309709437441e+03	3.00000000000000e-02	0.00000000000000e+00	0.00000000000000e+00	4.92684560623143e+02	1.16336259564145e+01
9	149	56	103	6.09040000000000e+02	2.95309709437441e+03	3.00000000000000e-02	0.00000000000000e+00	0.00000000000000e+00	5.03197615476787e+02	6.36336601138601e+00
10	150	57	104	5.19620000000000e+02	2.95309709437441e+03	3.00000000000000e-02	0.00000000000000e+00	0.00000000000000e+00	5.13333929338693e+02	4.05706913814067e-01
11	151	58	105	4.35890000000000e+02	2.95309709437441e+03	3.00000000000000e-02	0.00000000000000e+00	0.00000000000000e+00	5.22403450684274e+02	-6.03500884817866e+00
12	152	59	106	4.93560000000000e+02	2.95309709437441e+03	3.00000000000000e-02	0.00000000000000e+00	0.00000000000000e+00	5.19338793053537e+02	-1.69706728723495e+00
13	153	60	107	6.10460000000000e+02	2.95309709437441e+03	3.00000000000000e-02	0.00000000000000e+00	0.00000000000000e+00	5.34067877328091e+02	4.45632764517162e+00
14	154	61	108	5.38650000000000e+02	2.95309709437441e+03	3.00000000000000e-02	0.00000000000000e+00	0.00000000000000e+00	5.29804999067485e+02	5.51899892776013e-01
15	155	62	109	4.98470000000000e+02	2.95309709437441e+03	3.00000000000000e-02	0.00000000000000e+00	0.00000000000000e+00	5.28472922996623e+02	-1.94827210872791e+00
16	156	63	110	5.26910000000000e+02	2.95309709437441e+03	3.00000000000000e-02	0.00000000000000e+00	0.00000000000000e+00	5.25204819600587e+02	1.08047896209336e-01
17	157	64	111	3.60020000000000e+02	2.95309709437441e+03	3.00000000000000e-02	0.00000000000000e+00	0.00000000000000e+00	5.00633299261264e+02	-1.09904770007644e+01
18	158	65	112	4.01890000000000e+02	2.95309709437441e+03	3.00000000000000e-02	0.00000000000000e+00	0.00000000000000e+00	5.01748553929286e+02	-7.39735620946182e+00
19	159	66	113	2.76890000000000e+02	2.95309709437441e+03	3.00000000000000e-02	0.00000000000000e+00	0.00000000000000e+00	5.08043372569792e+02	-2.02315502534708e+01
1	144	49	97	3.52970000000000e+02	3.01592894744620e+03	3.00000000000000e-02	0.00000000000000e+00	0.00000000000000e+00	4.17841568971470e+02	-5.62397571974866e+00
3	145	50	98	4.29060000000000e+02	3.01592894744620e+03	3.00000000000000e-02	0.00000000000000e+00	0.00000000000000e+00	4.26554046889122e+02	1.95256282934864e-01
4	146	51	99	3.75230000000000e+02	3.01592894744620e+03	3.00000000000000e-02	0.00000000000000e+00	0.00000000000000e+00	4.28033789446232e+02	-4.38876561593915e+00
2	147	52	100	4.64880000000000e+02	3.01592894744620e+03	3.00000000000000e-02	0.00000000000000e+00	0.00000000000000e+00	4.39592710410441e+02	1.86435558995699e+00
5	148	53	101	5.58830000000000e+02	3.01592894744620e+03	3.00000000000000e-02	0.00000000000000e+00	0.00000000000000e+00	4.56343848958405e+02	6.75329107738172e+00
6	149	54	102	5.01040000000000e+02	3.01592894744620e+03	3.00000000000000e-02	0.00000000000000e+00	0.00000000000000e+00	4.71549524449941e+02	2.02206019035197e+00
7	150	55	103	4.13610000000000e+02	3.01592894744620e+03	3.00000000000000e-02	0.00000000000000e+00	0.00000000000000e+00	4.94325366348031e+02	-5.94234786208681e+00
8	151	56	104	5.95860000000000e+02	3.01592894744620e+03	3.00000000000000e-02	0.00000000000000e+00	0.00000000000000e+00	5.03797455793276e+02	5.59438087569199e+00
9	152	57	105	5.57230000000000e+02	3.01592894744620e+03	3.00000000000000e-02	0.00000000000000e+00	0.00000000000000e+00	5.12336503288919e+02	2.79988129817873e+00
10	153	58	106	5.18610000000000e+02	3.01592894744620e+03	3.00000000000000e-02	0.00000000000000e+00	0.00000000000000e+00	5.19151625090101e+02	-3.47944477283294e-02
11	154	59	107	5.20810000000000e+02	3.01592894744620e+03	3.00000000000000e-02	0.00000000000000e+00	0.00000000000000e+00	5.14651953329584e+02	3.96481284037294e-01
12	155	60	108	5.41210000000000e+02	3.01592894744620e+03	3.00000000000000e-02	0.00000000000000e+00	0.00000000000000e+00	5.11481966387987e+02	1.88316817139128e+00
13	156	61	109	7.42940000000000e+02	3.01592894744620e+03	3.00000000000000e-02	0.00000000000000e+00	0.00000000000000e+00	4.98861798674940e+02	1.32762062309025e+01
14	157	62	110	4.97120000000000e+02	3.01592894744620e+03	3.00000000000000e-02	0.00000000000000e+00	0.00000000000000e+00	4.73250107666117e+02	1.64024760172164e+00
15	158	63	111	3.35570000000000e+02	3.01592894744620e+03	3.00000000000000e-02	0.00000000000000e+00	0.00000000000000e+00	4.76164227169450e+02	-1.16644077108479e+01
16	159	64	112	5.01210000000000e+02	3.01592894744620e+03	3.00000000000000e-02	0.00000000000000e+00	0.00000000000000e+00	4.82753002606366e+02	1.25066779509438e+00
1	147	50	99	5.38300000000000e+02	3.07876080051800e+03	3.00000000000000e-02	0.00000000000000e+00	0.00000000000000e+00	4.30655933043482e+02	7.43688511589043e+00
3	148	51	100	5.28130000000000e+02	3.07876080051800e+03	3.00000000000000e-02	0.00000000000000e+00	0.00000000000000e+00	4.45557408497773e+02	5.66721212811047e+00
4	149	52	101	4.54440000000000e+02	3.07876080051800e+03	3.00000000000000e-02	0.00000000000000e+00	0.00000000000000e+00	4.52286440315788e+02	1.58339835693866e-01
2	150	53	102	5.07650000000000e+02	3.07876080051800e+03	3.00000000000000e-02	0.00000000000000e+00	0.00000000000000e+00	4.60700781152910e+02	3.23478220761751e+00
5	151	54	103	4.06910000000000e+02	3.07876080051800e+03	3.00000000000000e-02	0.00000000000000e+00	0.00000000000000e+00	4.69945592537704e+02	-4.80082988922283e+00
6	152	55	104	5.24890000000000e+02	3.07876080051800e+03	3.00000000000000e-02	0.00000000000000e+00	0.00000000000000e+00	4.80464277244862e+02	2.94786120487214e+00
7	153	56	105	6.13420000000000e+02	3.07876080051800e+03	3.00000000000000e-02	0.00000000000000e+00	0.00000000000000e+00	4.96148504503614e+02	7.07248567155497e+00
8	154	57	106	5.32480000000000e+02	3.07876080051800e+03	3.00000000000000e-02	0.00000000000000e+00	0.00000000000000e+00	4.95889470568585e+02	2.37307592987778e+00
9	155	58	107	7.41870000000000e+02	3.07876080051800e+03	3.00000000000000e-02	0.00000000000000e+00	0.00000000000000e+00	5.03514135584452e+02	1.29187413083482e+01
10	156	59	108	5.25570000000000e+02	3.07876080051800e+03	3.00000000000000e-02	0.00000000000000e+00	0.00000000000000e+00	4.92502020614230e+02	2.16616081807010e+00
11	157	60	109	3.62860000000000e+02	3.07876080051800e+03	3.00000000000000e-02	0.00000000000000e+00	0.00000000000000e+00	4.57230516161568e+02	-7.70568635038164e+00
12	158	61	110	3.88910000000000e+02	3.07876080051800e+03	3.00000000000000e-02	0.00000000000000e+00	0.00000000000000e+00	4.52103599633201e+02	-5.01878006384885e+00
13	159	62	111	5.08740000000000e+02	3.07876080051800e+03	3.00000000000000e-02	0.00000000000000e+00	0.00000000000000e+00	4.71385288009377e+02	2.54204332244174e+00
1	150	51	101	4.58710000000000e+02	3.14159265358979e+03	3.00000000000000e-02	0.00000000000000e+00	0.00000000000000e+00	4.56035602849043e+02	1.94910640559935e-01
3	151	52	102	4.08690000000000e+02	3.14159265358979e+03	3.00000000000000e-02	0.00000000000000e+00	0.00000000000000e+00	4.61695258652375e+02	-4.06493792295143e+00
4	152	53	103	4.99910000000000e+02	3.14159265358979e+03	3.00000000000000e-02	0.00000000000000e+00	0.00000000000000e+00	4.59388377615683e+02	2.81773637789673e+00
2	153	54	104	4.82240000000000e+02	3.14159265358979e+03	3.00000000000000e-02	0.00000000000000e+00	0.00000000000000e+00	4.66340100147371e+02	1.11755729551574e+00
5	154	55	105	5.44360000000000e+02	3.14159265358979e+03	3.00000000000000e-02	0.00000000000000e+00	0.00000000000000e+00	4.72080115759358e+02	4.74873615773062e+00
6	155	56	106	6.19510000000000e+02	3.14159265358979e+03	3.00000000000000e-02	0.00000000000000e+00	0.00000000000000e+00	4.69702652709074e+02	9.22763341017336e+00
7	156	57	107	4.69930000000000e+02	3.14159265358979e+03	3.00000000000000e-02	0.00000000000000e+00	0.00000000000000e+00	4.61610026771997e+02	5.95443690246681e-01
8	157	58	108	2.86290000000000e+02	3.14159265358979e+03	3.00000000000000e-02	0.00000000000000e+00	0.00000000000000e+00	4.35815411446264e+02	-1.40071167454537e+01
9	158	59	109	3.70410000000000e+02	3.14159265358979e+03	3.00000000000000e-02	0.00000000000000e+00	0.00000000000000e+00	4.50066704799841e+02	-6.49284348065769e+00
10	159	60	110	4.54530000000000e+02	3.14159265358979e+03	3.00000000000000e-02	0.00000000000000e+00	0.00000000000000e+00	4.65943351446659e+02	-8.26671509239170e-01
0
