              GEOPEN                   
                  10                   
                   1                   
                4093                   
                   1                   
                   0                   
                  15                  10              286.13                   
                  25                  10              329.54                   
                  35                  10              356.65                   
                  45                  10              290.18                   
                  55                  10              350.57                   
                  65                  10              300.33                   
                  75                  10              351.46                   
                  85                  10              355.06                   
                  95                  10              278.82                   
                 105                  10              242.39                   
                 115                  10              248.80                   
                 125                  10              218.44                   
                 135                  10              188.09                   
                 145                  10              261.34                   
                 155                  10              310.92                   
                 165                  10              420.73                   
                 175                  10              530.53                   
                 185                  10              628.75                   
                 195                  10              596.21                   
                 205                  10              637.56                   
                 215                  10              576.47                   
                 225                  10              546.27                   
                 235                  10              616.16                   
                 245                  10              762.80                   
                 255                  10              729.47                   
                 265                  10              589.90                   
                 275                  10              431.41                   
                 285                  10              445.52                   
                 295                  10              295.92                   
                 305                  10              264.51                   
                 315                  10              233.11                   
                 325                  10              201.86                   
                 335                  10              272.69                   
                 345                  10              305.83                   
                 355                  10              190.57                   
                 365                  10              187.37                   
                 375                  10              133.97                   
                 385                  10              134.72                   
                 395                  10              135.47                   
                 405                  10              138.52                   
                 415                  10              152.84                   
                 425                  10              188.55                   
                 435                  10              214.92                   
                 445                  10              263.72                   
                 455                  10              312.51                   
                 465                  10              273.57                   
                 475                  10              283.39                   
                 485                  10              327.11                   
                 495                  10              386.90                   
                 505                  10              318.58                   
                 515                  10              250.27                   
                 525                  10              371.61                   
                 535                  10              378.77                   
                 545                  10              399.22                   
                 555                  10              320.22                   
                 565                  10              241.21                   
                 575                  10              199.88                   
                 585                  10              158.55                   
                 595                  10              236.08                   
                 605                  10              168.51                   
                 615                  10              183.20                   
                 625                  10              250.95                   
                 635                  10              341.24                   
                 645                  10              309.99                   
                 655                  10              438.82                   
                 665                  10              296.41                   
                 675                  10              311.79                   
                 685                  10              292.58                   
                 695                  10              224.11                   
                 705                  10              238.77                   
                 715                  10              253.44                   
                 725                  10              206.67                   
                 735                  10              189.59                   
                 745                  10              137.70                   
                 755                  10              174.88                   
                 765                  10              212.05                   
                 775                  10              266.71                   
                 785                  10              321.37                   
                 795                  10              297.37                   
                 805                  10              381.71                   
                 815                  10              466.05                   
                 825                  10              374.82                   
                 835                  10              347.73                   
                 845                  10              381.61                   
                 855                  10              330.02                   
                 865                  10              353.78                   
                 875                  10              315.16                   
                 885                  10              457.73                   
                 895                  10              341.29                   
                 905                  10              485.68                   
                 915                  10              418.32                   
                 925                  10              515.84                   
                 935                  10              452.10                   
                 945                  10              388.35                   
                 955                  10              525.05                   
                 965                  10              485.56                   
                 975                  10              579.94                   
                 985                  10              674.31                   
                 995                  10              484.36                   
                1005                  10              494.09                   
                1015                  10              462.15                   
                1025                  10              427.64                   
                1035                  10              303.22                   
                1045                  10              304.41                   
                1055                  10              231.96                   
                1065                  10              266.84                   
                1075                  10              220.11                   
                1085                  10              262.05                   
                1095                  10              191.53                   
                1105                  10              239.89                   
                1115                  10              288.26                   
                1125                  10              367.67                   
                1135                  10              447.09                   
                1145                  10              377.64                   
                1155                  10              500.93                   
                1165                  10              454.61                   
                1175                  10              364.20                   
                1185                  10              314.55                   
                1195                  10              437.06                   
                1205                  10              314.72                   
                1215                  10              352.85                   
                1225                  10              288.58                   
                1235                  10              236.62                   
                1245                  10              184.65                   
                1255                  10              175.30                   
                1265                  10              165.95                   
                1275                  10              120.23                   
                1285                  10              166.67                   
                1295                  10              122.16                   
                1305                  10              157.69                   
                1315                  10              112.51                   
                1325                  10              105.18                   
                1335                  10               97.85                   
                1345                  10               70.71                   
                1355                  10               64.33                   
                1365                  10               95.04                   
                1415                  10              125.74                   
                1425                  10               98.64                   
                1435                  10              105.10                   
                1445                  10              109.41                   
                1455                  10               85.78                   
                1465                  10               71.01                   
                1475                  10               56.23                   
                1485                  10               84.31                   
                1495                  10               83.88                   
                1505                  10              124.00                   
                1515                  10               98.90                   
                1525                  10               73.80                   
                1535                  10              103.49                   
                1545                  10               89.37                   
                1555                  10              136.90                   
                1565                  10              184.43                   
                1575                  10              261.25                   
                  30                  20              338.07                   
                  40                  20              455.79                   
                  50                  20              390.97                   
                  60                  20              381.19                   
                  70                  20              370.51                   
                  80                  20              425.15                   
                  90                  20              348.13                   
                 100                  20              248.22                   
                 110                  20              344.43                   
                 120                  20              507.49                   
                 130                  20              368.53                   
                 140                  20              255.38                   
                 150                  20              317.87                   
                 160                  20              429.18                   
                 170                  20              438.47                   
                 180                  20              511.01                   
                 190                  20              491.28                   
                 200                  20              566.79                   
                 210                  20              657.33                   
                 220                  20              675.46                   
                 230                  20              574.35                   
                 240                  20              680.33                   
                 250                  20              563.61                   
                 260                  20              589.56                   
                 270                  20              516.32                   
                 280                  20              637.75                   
                 290                  20              485.73                   
                 300                  20              357.49                   
                 310                  20              299.21                   
                 320                  20              240.94                   
                 330                  20              218.09                   
                 340                  20              222.29                   
                 350                  20              276.72                   
                 360                  20              199.30                   
                 370                  20              164.04                   
                 380                  20              128.79                   
                 390                  20              151.05                   
                 400                  20              183.65                   
                 410                  20              177.74                   
                 420                  20              207.25                   
                 430                  20              205.58                   
                 440                  20              169.94                   
                 450                  20              277.82                   
                 460                  20              385.71                   
                 470                  20              306.26                   
                 480                  20              213.81                   
                 490                  20              299.18                   
                 500                  20              429.68                   
                 510                  20              373.50                   
                 520                  20              271.88                   
                 530                  20              299.60                   
                 540                  20              392.85                   
                 550                  20              408.12                   
                 560                  20              297.17                   
                 570                  20              264.36                   
                 580                  20              231.55                   
                 590                  20              339.61                   
                 600                  20              278.71                   
                 610                  20              198.11                   
                 620                  20              214.16                   
                 630                  20              316.72                   
                 640                  20              337.68                   
                 650                  20              368.22                   
                 660                  20              263.63                   
                 670                  20              264.32                   
                 680                  20              384.77                   
                 690                  20              316.53                   
                 700                  20              248.29                   
                 710                  20              256.57                   
                 720                  20              322.49                   
                 730                  20              309.53                   
                 740                  20              230.34                   
                 750                  20              191.46                   
                 760                  20              278.91                   
                 770                  20              342.06                   
                 780                  20              445.54                   
                 790                  20              539.59                   
                 800                  20              437.15                   
                 810                  20              434.46                   
                 820                  20              549.69                   
                 830                  20              561.09                   
                 840                  20              550.25                   
                 850                  20              611.59                   
                 860                  20              517.04                   
                 870                  20              450.55                   
                 880                  20              454.19                   
                 890                  20              550.56                   
                 900                  20              645.93                   
                 910                  20              678.69                   
                 920                  20              493.14                   
                 930                  20              462.68                   
                 940                  20              537.13                   
                 950                  20              704.47                   
                 960                  20              520.69                   
                 970                  20              400.35                   
                 980                  20              602.89                   
                 990                  20              560.26                   
                1000                  20              434.76                   
                1010                  20              309.25                   
                1020                  20              417.72                   
                1030                  20              559.62                   
                1040                  20              407.42                   
                1050                  20              324.18                   
                1060                  20              240.94                   
                1070                  20              212.66                   
                1080                  20              311.81                   
                1090                  20              361.97                   
                1100                  20              287.59                   
                1110                  20              253.15                   
                1120                  20              331.55                   
                1130                  20              392.42                   
                1140                  20              342.14                   
                1150                  20              458.05                   
                1160                  20              560.97                   
                1170                  20              521.24                   
                1180                  20              356.59                   
                1190                  20              448.23                   
                1200                  20              493.24                   
                1210                  20              394.78                   
                1220                  20              380.90                   
                1230                  20              355.16                   
                1240                  20              287.05                   
                1250                  20              285.38                   
                1260                  20              233.79                   
                1270                  20              176.89                   
                1280                  20              119.99                   
                1290                  20              152.55                   
                1300                  20              168.73                   
                1310                  20              140.63                   
                1320                  20              139.77                   
                1330                  20              119.75                   
                1340                  20              111.76                   
                1350                  20               95.99                   
                1370                  20              124.12                   
                1390                  20              132.44                   
                1410                  20               98.95                   
                1430                  20              121.26                   
                1440                  20              143.35                   
                1450                  20              182.10                   
                1460                  20              160.89                   
                1470                  20              153.16                   
                1480                  20              111.23                   
                1490                  20              114.05                   
                1500                  20              153.77                   
                1510                  20             1595.99                   
                1520                  20              853.84                   
                1530                  20              480.96                   
                1540                  20              292.06                   
                1550                  20              234.98                   
                1560                  20              344.98                   
                  45                  30              454.98                   
                  55                  30              487.97                   
                  65                  30              482.58                   
                  75                  30              423.40                   
                  85                  30              347.74                   
                  95                  30              306.21                   
                 105                  30              337.08                   
                 115                  30              437.95                   
                 125                  30              509.76                   
                 135                  30              455.63                   
                 145                  30              346.97                   
                 155                  30              371.46                   
                 165                  30              448.75                   
                 175                  30              508.67                   
                 185                  30              548.07                   
                 195                  30              577.22                   
                 205                  30              635.94                   
                 215                  30              622.81                   
                 225                  30              593.52                   
                 235                  30              540.79                   
                 245                  30              525.00                   
                 255                  30              491.64                   
                 265                  30              677.21                   
                 275                  30              632.07                   
                 285                  30              650.64                   
                 295                  30              541.80                   
                 305                  30              376.39                   
                 315                  30              311.80                   
                 325                  30              247.21                   
                 335                  30              251.82                   
                 345                  30              352.89                   
                 355                  30              287.10                   
                 365                  30              218.89                   
                 375                  30              150.68                   
                 385                  30              182.28                   
                 395                  30              198.86                   
                 405                  30              254.73                   
                 415                  30              227.99                   
                 425                  30              192.66                   
                 435                  30              165.46                   
                 445                  30              240.07                   
                 455                  30              291.87                   
                 465                  30              262.24                   
                 475                  30              279.78                   
                 485                  30              258.97                   
                 495                  30              309.47                   
                 505                  30              324.21                   
                 515                  30              320.02                   
                 525                  30              263.66                   
                 535                  30              349.07                   
                 545                  30              366.27                   
                 555                  30              319.50                   
                 565                  30              245.69                   
                 575                  30              205.23                   
                 585                  30              283.50                   
                 595                  30              324.90                   
                 605                  30              334.15                   
                 615                  30              242.33                   
                 625                  30              304.97                   
                 635                  30              324.74                   
                 645                  30              325.99                   
                 655                  30              285.02                   
                 665                  30              296.97                   
                 675                  30              305.29                   
                 685                  30              350.60                   
                 695                  30              334.51                   
                 705                  30              324.08                   
                 715                  30              352.80                   
                 725                  30              380.83                   
                 735                  30              356.85                   
                 745                  30              277.02                   
                 755                  30              317.74                   
                 765                  30              455.15                   
                 775                  30              592.56                   
                 785                  30              643.14                   
                 795                  30              579.74                   
                 805                  30              536.86                   
                 815                  30              545.31                   
                 825                  30              606.25                   
                 835                  30              717.09                   
                 845                  30              739.88                   
                 855                  30              636.75                   
                 865                  30              509.51                   
                 875                  30              542.03                   
                 885                  30              580.33                   
                 895                  30              729.98                   
                 905                  30              808.45                   
                 915                  30              703.89                   
                 925                  30              589.24                   
                 935                  30              573.72                   
                 945                  30              567.75                   
                 955                  30              486.70                   
                 965                  30              500.94                   
                 975                  30              533.86                   
                 985                  30              579.61                   
                 995                  30              522.26                   
                1005                  30              455.12                   
                1015                  30              393.23                   
                1025                  30              465.68                   
                1035                  30              468.18                   
                1045                  30              339.66                   
                1055                  30              307.05                   
                1065                  30              274.45                   
                1075                  30              372.91                   
                1085                  30              471.37                   
                1095                  30              368.65                   
                1105                  30              311.01                   
                1115                  30              253.37                   
                1125                  30              330.09                   
                1135                  30              348.50                   
                1145                  30              505.28                   
                1155                  30              498.97                   
                1165                  30              515.50                   
                1175                  30              423.59                   
                1185                  30              417.29                   
                1195                  30              400.13                   
                1205                  30              468.62                   
                1215                  30              411.66                   
                1225                  30              360.11                   
                1235                  30              327.89                   
                1245                  30              386.58                   
                1255                  30              318.56                   
                1265                  30              247.38                   
                1275                  30              176.20                   
                1285                  30              161.83                   
                1295                  30              196.94                   
                1305                  30              232.06                   
                1315                  30              170.05                   
                1325                  30              174.34                   
                1335                  30              140.83                   
                1355                  30              130.05                   
                1365                  30              144.50                   
                1385                  30              156.45                   
                1395                  30              167.17                   
                1415                  30              168.94                   
                1425                  30              155.14                   
                1445                  30              179.55                   
                1455                  30              220.53                   
                1465                  30              194.82                   
                1475                  30              147.79                   
                1485                  30              135.70                   
                1495                  30              160.91                   
                1505                  30              214.81                   
                1515                  30              218.39                   
                1525                  30              154.87                   
                1535                  30              114.77                   
                1545                  30              313.47                   
                  60                  40              397.38                   
                  70                  40              481.29                   
                  80                  40              399.21                   
                  90                  40              363.68                   
                 100                  40              381.71                   
                 110                  40              427.32                   
                 120                  40              445.47                   
                 130                  40              506.44                   
                 140                  40              483.11                   
                 150                  40              416.61                   
                 160                  40              450.63                   
                 170                  40              495.77                   
                 180                  40              558.44                   
                 190                  40              632.47                   
                 200                  40              675.99                   
                 210                  40              604.66                   
                 220                  40              521.21                   
                 230                  40              494.04                   
                 240                  40              412.59                   
                 250                  40              492.69                   
                 260                  40              546.04                   
                 270                  40              634.35                   
                 280                  40              747.39                   
                 290                  40              646.13                   
                 300                  40              472.79                   
                 310                  40              358.03                   
                 320                  40              243.28                   
                 330                  40              271.57                   
                 340                  40              345.70                   
                 350                  40              320.13                   
                 360                  40              345.10                   
                 370                  40              285.43                   
                 380                  40              213.87                   
                 390                  40              255.05                   
                 400                  40              235.52                   
                 410                  40              244.55                   
                 420                  40              248.90                   
                 430                  40              215.08                   
                 440                  40              241.31                   
                 450                  40              233.42                   
                 460                  40              236.49                   
                 470                  40              268.28                   
                 480                  40              277.53                   
                 490                  40              256.86                   
                 500                  40              249.32                   
                 510                  40              267.04                   
                 520                  40              299.01                   
                 530                  40              334.80                   
                 540                  40              308.73                   
                 550                  40              294.15                   
                 560                  40              295.52                   
                 570                  40              264.35                   
                 580                  40              279.11                   
                 590                  40              278.11                   
                 600                  40              299.17                   
                 610                  40              358.36                   
                 620                  40              331.83                   
                 630                  40              311.16                   
                 640                  40              314.17                   
                 650                  40              295.62                   
                 660                  40              316.14                   
                 670                  40              307.59                   
                 680                  40              289.76                   
                 690                  40              302.72                   
                 700                  40              398.65                   
                 710                  40              395.24                   
                 720                  40              422.86                   
                 730                  40              421.37                   
                 740                  40              353.08                   
                 750                  40              427.64                   
                 760                  40              437.86                   
                 770                  40              577.41                   
                 780                  40              733.01                   
                 790                  40              652.11                   
                 800                  40              710.84                   
                 810                  40              666.72                   
                 820                  40              614.30                   
                 830                  40              682.99                   
                 840                  40              649.29                   
                 850                  40              601.90                   
                 860                  40              595.94                   
                 870                  40              559.81                   
                 880                  40              615.01                   
                 890                  40              732.40                   
                 900                  40              827.67                   
                 910                  40              816.16                   
                 920                  40              850.11                   
                 930                  40              623.90                   
                 940                  40              560.32                   
                 950                  40              555.88                   
                 960                  40              470.80                   
                 970                  40              509.66                   
                 980                  40              484.69                   
                 990                  40              479.80                   
                1000                  40              527.59                   
                1010                  40              471.07                   
                1020                  40              497.77                   
                1030                  40              441.84                   
                1040                  40              379.18                   
                1050                  40              366.99                   
                1060                  40              291.92                   
                1070                  40              365.02                   
                1080                  40              419.16                   
                1090                  40              424.90                   
                1100                  40              440.30                   
                1110                  40              345.23                   
                1120                  40              312.15                   
                1130                  40              361.46                   
                1140                  40              418.22                   
                1150                  40              503.03                   
                1160                  40              503.06                   
                1170                  40              450.22                   
                1180                  40              448.79                   
                1190                  40              387.29                   
                1200                  40              379.07                   
                1210                  40              374.89                   
                1220                  40              386.12                   
                1230                  40              400.19                   
                1240                  40              383.52                   
                1250                  40              358.13                   
                1260                  40              303.00                   
                1270                  40              293.31                   
                1280                  40              221.16                   
                1290                  40              171.68                   
                1300                  40              232.56                   
                1310                  40              237.18                   
                1320                  40              210.54                   
                1340                  40              164.07                   
                1350                  40              156.57                   
                1360                  40              149.65                   
                1380                  40              155.06                   
                1390                  40              181.14                   
                1400                  40              188.52                   
                1420                  40              192.39                   
                1430                  40              196.11                   
                1440                  40              214.84                   
                1460                  40              176.33                   
                1470                  40              173.94                   
                1480                  40              179.30                   
                1490                  40              177.32                   
                1500                  40              219.51                   
                1510                  40              179.81                   
                1520                  40              162.97                   
                1530                  40              319.35                   
                  75                  50              475.73                   
                  85                  50              434.66                   
                  95                  50              450.81                   
                 105                  50              472.98                   
                 115                  50              434.80                   
                 125                  50              451.05                   
                 135                  50              508.63                   
                 145                  50              465.16                   
                 155                  50              470.44                   
                 165                  50              541.75                   
                 175                  50              570.02                   
                 185                  50              586.60                   
                 195                  50              640.71                   
                 205                  50              573.65                   
                 215                  50              509.29                   
                 225                  50              412.28                   
                 235                  50              430.87                   
                 245                  50              413.33                   
                 255                  50              496.71                   
                 265                  50              566.07                   
                 275                  50              656.54                   
                 285                  50              592.53                   
                 295                  50              612.64                   
                 305                  50              501.49                   
                 315                  50              407.39                   
                 325                  50              298.52                   
                 335                  50              334.84                   
                 345                  50              321.30                   
                 355                  50              362.85                   
                 365                  50              330.98                   
                 375                  50              366.20                   
                 385                  50              265.42                   
                 395                  50              271.16                   
                 405                  50              262.83                   
                 415                  50              275.78                   
                 425                  50              194.69                   
                 435                  50              259.63                   
                 445                  50              270.44                   
                 455                  50              244.48                   
                 465                  50              246.73                   
                 475                  50              254.80                   
                 485                  50              245.96                   
                 495                  50              234.26                   
                 505                  50              257.18                   
                 515                  50              289.91                   
                 525                  50              281.36                   
                 535                  50              300.96                   
                 545                  50              311.21                   
                 555                  50              281.69                   
                 565                  50              290.14                   
                 575                  50              319.08                   
                 585                  50              279.50                   
                 595                  50              309.17                   
                 605                  50              328.89                   
                 615                  50              344.60                   
                 625                  50              335.58                   
                 635                  50              367.58                   
                 645                  50              316.30                   
                 655                  50              280.78                   
                 665                  50              291.17                   
                 675                  50              319.51                   
                 685                  50              321.82                   
                 695                  50              379.11                   
                 705                  50              424.13                   
                 715                  50              438.06                   
                 725                  50              432.29                   
                 735                  50              455.97                   
                 745                  50              494.31                   
                 755                  50              492.72                   
                 765                  50              616.62                   
                 775                  50              705.06                   
                 785                  50              728.07                   
                 795                  50              756.74                   
                 805                  50              798.43                   
                 815                  50              703.89                   
                 825                  50              622.55                   
                 835                  50              523.57                   
                 845                  50              502.39                   
                 855                  50              481.43                   
                 865                  50              553.45                   
                 875                  50              610.78                   
                 885                  50              668.38                   
                 895                  50              807.71                   
                 905                  50              873.53                   
                 915                  50              837.77                   
                 925                  50              787.45                   
                 935                  50              683.81                   
                 945                  50              613.49                   
                 955                  50              539.28                   
                 965                  50              492.97                   
                 975                  50              495.18                   
                 985                  50              460.22                   
                 995                  50              508.79                   
                1005                  50              544.82                   
                1015                  50              526.28                   
                1025                  50              408.84                   
                1035                  50              440.22                   
                1045                  50              396.78                   
                1055                  50              393.72                   
                1065                  50              361.37                   
                1075                  50              455.78                   
                1085                  50              377.58                   
                1095                  50              408.08                   
                1105                  50              393.57                   
                1115                  50              433.42                   
                1125                  50              333.42                   
                1135                  50              418.44                   
                1145                  50              444.48                   
                1155                  50              462.90                   
                1165                  50              446.61                   
                1175                  50              505.29                   
                1185                  50              386.53                   
                1195                  50              353.86                   
                1205                  50              347.42                   
                1215                  50              405.24                   
                1225                  50              354.90                   
                1235                  50              401.53                   
                1245                  50              391.16                   
                1255                  50              351.00                   
                1265                  50              302.58                   
                1275                  50              322.65                   
                1285                  50              242.84                   
                1295                  50              234.79                   
                1305                  50              240.56                   
                1325                  50              218.83                   
                1335                  50              213.27                   
                1345                  50              160.26                   
                1355                  50              169.47                   
                1375                  50              152.50                   
                1385                  50              159.49                   
                1395                  50              198.32                   
                1405                  50              198.04                   
                1425                  50              228.07                   
                1435                  50              216.90                   
                1445                  50              208.37                   
                1455                  50              191.28                   
                1475                  50              186.02                   
                1485                  50              203.14                   
                1495                  50              187.48                   
                1505                  50              162.34                   
                1515                  50              328.43                   
                  90                  60              437.12                   
                 100                  60              545.81                   
                 110                  60              478.97                   
                 120                  60              455.65                   
                 130                  60              467.17                   
                 140                  60              527.21                   
                 150                  60              549.80                   
                 160                  60              537.03                   
                 170                  60              579.78                   
                 180                  60              589.30                   
                 190                  60              556.23                   
                 200                  60              512.39                   
                 210                  60              430.74                   
                 220                  60              452.53                   
                 230                  60              431.49                   
                 240                  60              425.55                   
                 250                  60              478.91                   
                 260                  60              488.82                   
                 270                  60              521.81                   
                 280                  60              624.50                   
                 290                  60              554.28                   
                 300                  60              537.59                   
                 310                  60              536.38                   
                 320                  60              417.65                   
                 330                  60              328.56                   
                 340                  60              348.16                   
                 350                  60              336.07                   
                 360                  60              344.20                   
                 370                  60              386.67                   
                 380                  60              358.04                   
                 390                  60              302.81                   
                 400                  60              314.12                   
                 410                  60              292.83                   
                 420                  60              267.59                   
                 430                  60              281.68                   
                 440                  60              285.82                   
                 450                  60              284.58                   
                 460                  60              252.26                   
                 470                  60              238.04                   
                 480                  60              186.30                   
                 490                  60              250.57                   
                 500                  60              257.56                   
                 510                  60              242.43                   
                 520                  60              294.14                   
                 530                  60              320.32                   
                 540                  60              289.23                   
                 550                  60              291.85                   
                 560                  60              294.14                   
                 570                  60              330.85                   
                 580                  60              314.56                   
                 590                  60              303.83                   
                 600                  60              317.75                   
                 610                  60              341.85                   
                 620                  60              368.26                   
                 630                  60              333.21                   
                 640                  60              339.42                   
                 650                  60              317.51                   
                 660                  60              310.09                   
                 670                  60              338.19                   
                 680                  60              319.42                   
                 690                  60              393.19                   
                 700                  60              439.81                   
                 710                  60              455.95                   
                 720                  60              452.37                   
                 730                  60              450.14                   
                 740                  60              554.59                   
                 750                  60              572.25                   
                 760                  60              651.87                   
                 770                  60              731.18                   
                 780                  60              733.69                   
                 790                  60              820.54                   
                 800                  60              761.87                   
                 810                  60              718.95                   
                 820                  60              588.68                   
                 830                  60              505.16                   
                 840                  60              489.25                   
                 850                  60              412.61                   
                 860                  60              440.64                   
                 870                  60              462.23                   
                 880                  60              593.73                   
                 890                  60              768.01                   
                 900                  60              741.92                   
                 910                  60              838.06                   
                 920                  60              843.18                   
                 930                  60              828.88                   
                 940                  60              690.20                   
                 950                  60              589.23                   
                 960                  60              620.94                   
                 970                  60              554.41                   
                 980                  60              540.46                   
                 990                  60              486.19                   
                1000                  60              494.21                   
                1010                  60              545.31                   
                1020                  60              484.09                   
                1030                  60              443.80                   
                1040                  60              432.55                   
                1050                  60              451.03                   
                1060                  60              440.29                   
                1070                  60              401.33                   
                1080                  60              374.71                   
                1090                  60              393.43                   
                1100                  60              410.72                   
                1110                  60              419.46                   
                1120                  60              408.86                   
                1130                  60              396.80                   
                1140                  60              448.20                   
                1150                  60              433.34                   
                1160                  60              439.24                   
                1170                  60              419.42                   
                1180                  60              422.28                   
                1190                  60              416.20                   
                1200                  60              367.05                   
                1210                  60              373.44                   
                1220                  60              361.76                   
                1230                  60              379.42                   
                1240                  60              381.92                   
                1250                  60              371.17                   
                1260                  60              364.97                   
                1270                  60              348.88                   
                1280                  60              321.88                   
                1290                  60              288.69                   
                1310                  60              260.83                   
                1320                  60              266.06                   
                1330                  60              207.54                   
                1340                  60              204.82                   
                1350                  60              163.35                   
                1370                  60              162.01                   
                1380                  60              163.68                   
                1390                  60              182.13                   
                1400                  60              188.91                   
                1410                  60              220.19                   
                1430                  60              220.32                   
                1440                  60              218.01                   
                1450                  60              208.70                   
                1460                  60              206.42                   
                1470                  60              160.60                   
                1490                  60              114.78                   
                1500                  60              327.87                   
                 105                  70              410.32                   
                 115                  70              492.76                   
                 125                  70              485.62                   
                 135                  70              508.09                   
                 145                  70              571.83                   
                 155                  70              581.59                   
                 165                  70              546.70                   
                 175                  70              536.28                   
                 185                  70              522.13                   
                 195                  70              446.38                   
                 205                  70              446.39                   
                 215                  70              438.01                   
                 225                  70              451.63                   
                 235                  70              453.12                   
                 245                  70              459.04                   
                 255                  70              423.35                   
                 265                  70              499.13                   
                 275                  70              469.41                   
                 285                  70              528.68                   
                 295                  70              509.31                   
                 305                  70              500.32                   
                 315                  70              483.75                   
                 325                  70              468.93                   
                 335                  70              345.27                   
                 345                  70              346.25                   
                 355                  70              407.31                   
                 365                  70              355.57                   
                 375                  70              374.21                   
                 385                  70              412.84                   
                 395                  70              320.25                   
                 405                  70              341.30                   
                 415                  70              293.26                   
                 425                  70              322.76                   
                 435                  70              317.54                   
                 445                  70              282.74                   
                 455                  70              260.73                   
                 465                  70              272.59                   
                 475                  70              273.15                   
                 485                  70              280.49                   
                 495                  70              252.04                   
                 505                  70              239.45                   
                 515                  70              291.93                   
                 525                  70              316.30                   
                 535                  70              305.65                   
                 545                  70              293.19                   
                 555                  70              289.00                   
                 565                  70              336.22                   
                 575                  70              347.77                   
                 585                  70              324.34                   
                 595                  70              306.89                   
                 605                  70              341.17                   
                 615                  70              350.35                   
                 625                  70              354.45                   
                 635                  70              307.77                   
                 645                  70              314.84                   
                 655                  70              368.39                   
                 665                  70              355.85                   
                 675                  70              358.01                   
                 685                  70              389.92                   
                 695                  70              404.80                   
                 705                  70              494.44                   
                 715                  70              499.87                   
                 725                  70              460.38                   
                 735                  70              543.15                   
                 745                  70              609.57                   
                 755                  70              711.82                   
                 765                  70              783.49                   
                 775                  70              759.24                   
                 785                  70              761.34                   
                 795                  70              761.90                   
                 805                  70              615.34                   
                 815                  70              575.11                   
                 825                  70              520.80                   
                 835                  70              449.23                   
                 845                  70              428.93                   
                 855                  70              398.56                   
                 865                  70              387.86                   
                 875                  70              479.69                   
                 885                  70              531.58                   
                 895                  70              636.23                   
                 905                  70              774.95                   
                 915                  70              810.51                   
                 925                  70              844.04                   
                 935                  70              804.36                   
                 945                  70              673.93                   
                 955                  70              670.08                   
                 965                  70              688.74                   
                 975                  70              616.13                   
                 985                  70              555.93                   
                 995                  70              494.14                   
                1005                  70              530.88                   
                1015                  70              522.52                   
                1025                  70              515.50                   
                1035                  70              446.72                   
                1045                  70              456.26                   
                1055                  70              456.64                   
                1065                  70              464.68                   
                1075                  70              362.47                   
                1085                  70              382.64                   
                1095                  70              369.29                   
                1105                  70              431.61                   
                1115                  70              419.79                   
                1125                  70              436.88                   
                1135                  70              409.17                   
                1145                  70              456.73                   
                1155                  70              399.86                   
                1165                  70              423.84                   
                1175                  70              418.60                   
                1185                  70              440.99                   
                1195                  70              406.03                   
                1205                  70              399.24                   
                1215                  70              368.25                   
                1225                  70              421.02                   
                1235                  70              376.15                   
                1245                  70              378.07                   
                1255                  70              357.94                   
                1265                  70              382.84                   
                1275                  70              362.04                   
                1295                  70              293.22                   
                1305                  70              253.66                   
                1315                  70              250.20                   
                1325                  70              252.50                   
                1335                  70              199.80                   
                1345                  70              208.54                   
                1365                  70              186.41                   
                1375                  70              187.95                   
                1385                  70              192.00                   
                1395                  70              195.14                   
                1405                  70              208.52                   
                1415                  70              180.92                   
                1435                  70              222.31                   
                1445                  70              221.78                   
                1455                  70              217.06                   
                1465                  70              121.52                   
                1475                  70              129.06                   
                1485                  70              350.43                   
                 120                  80              440.55                   
                 130                  80              530.68                   
                 140                  80              552.61                   
                 150                  80              593.47                   
                 160                  80              528.16                   
                 170                  80              487.23                   
                 180                  80              443.45                   
                 190                  80              451.06                   
                 200                  80              473.37                   
                 210                  80              471.49                   
                 220                  80              446.50                   
                 230                  80              412.47                   
                 240                  80              427.39                   
                 250                  80              438.97                   
                 260                  80              448.13                   
                 270                  80              453.02                   
                 280                  80              444.07                   
                 290                  80              470.55                   
                 300                  80              453.37                   
                 310                  80              484.60                   
                 320                  80              481.15                   
                 330                  80              440.78                   
                 340                  80              376.43                   
                 350                  80              350.53                   
                 360                  80              352.96                   
                 370                  80              480.65                   
                 380                  80              394.59                   
                 390                  80              394.86                   
                 400                  80              340.47                   
                 410                  80              324.60                   
                 420                  80              349.69                   
                 430                  80              351.94                   
                 440                  80              308.55                   
                 450                  80              297.10                   
                 460                  80              283.30                   
                 470                  80              294.90                   
                 480                  80              289.54                   
                 490                  80              280.51                   
                 500                  80              281.73                   
                 510                  80              285.83                   
                 520                  80              307.95                   
                 530                  80              313.09                   
                 540                  80              310.16                   
                 550                  80              311.60                   
                 560                  80              349.18                   
                 570                  80              319.72                   
                 580                  80              342.89                   
                 590                  80              346.40                   
                 600                  80              328.21                   
                 610                  80              323.95                   
                 620                  80              341.93                   
                 630                  80              334.55                   
                 640                  80              336.33                   
                 650                  80              373.30                   
                 660                  80              367.99                   
                 670                  80              367.82                   
                 680                  80              417.08                   
                 690                  80              453.58                   
                 700                  80              472.85                   
                 710                  80              480.92                   
                 720                  80              509.53                   
                 730                  80              564.43                   
                 740                  80              603.66                   
                 750                  80              737.17                   
                 760                  80              826.08                   
                 770                  80              759.68                   
                 780                  80              730.15                   
                 790                  80              638.56                   
                 800                  80              610.94                   
                 810                  80              576.51                   
                 820                  80              510.71                   
                 830                  80              435.80                   
                 840                  80              381.26                   
                 850                  80              402.81                   
                 860                  80              408.01                   
                 870                  80              408.92                   
                 880                  80              429.68                   
                 890                  80              489.00                   
                 900                  80              568.95                   
                 910                  80              684.68                   
                 920                  80              808.08                   
                 930                  80              789.97                   
                 940                  80              791.82                   
                 950                  80              750.19                   
                 960                  80              723.42                   
                 970                  80              694.86                   
                 980                  80              615.57                   
                 990                  80              609.42                   
                1000                  80              575.96                   
                1010                  80              557.97                   
                1020                  80              546.29                   
                1030                  80              475.01                   
                1040                  80              452.81                   
                1050                  80              455.71                   
                1060                  80              486.20                   
                1070                  80              429.25                   
                1080                  80              373.41                   
                1090                  80              363.98                   
                1100                  80              374.13                   
                1110                  80              418.07                   
                1120                  80              448.45                   
                1130                  80              459.38                   
                1140                  80              371.06                   
                1150                  80              392.81                   
                1160                  80              433.85                   
                1170                  80              461.62                   
                1180                  80              442.29                   
                1190                  80              445.52                   
                1200                  80              412.97                   
                1210                  80              405.08                   
                1220                  80              444.54                   
                1230                  80              425.60                   
                1240                  80              397.58                   
                1250                  80              362.36                   
                1260                  80              381.41                   
                1280                  80              386.76                   
                1290                  80              373.07                   
                1300                  80              278.99                   
                1310                  80              249.99                   
                1320                  80              226.25                   
                1330                  80              247.09                   
                1340                  80              206.48                   
                1360                  80              195.10                   
                1370                  80              205.11                   
                1380                  80              207.96                   
                1390                  80              202.76                   
                1400                  80              184.24                   
                1410                  80              187.09                   
                1420                  80              197.06                   
                1440                  80              228.95                   
                1450                  80              134.39                   
                1460                  80              147.38                   
                1470                  80              349.89                   
                 135                  90              457.00                   
                 145                  90              564.12                   
                 155                  90              552.23                   
                 165                  90              461.93                   
                 175                  90              445.04                   
                 185                  90              456.76                   
                 195                  90              458.37                   
                 205                  90              466.00                   
                 215                  90              473.69                   
                 225                  90              414.34                   
                 235                  90              420.13                   
                 245                  90              408.00                   
                 255                  90              466.15                   
                 265                  90              433.04                   
                 275                  90              412.00                   
                 285                  90              411.50                   
                 295                  90              481.19                   
                 305                  90              428.06                   
                 315                  90              478.58                   
                 325                  90              482.32                   
                 335                  90              409.04                   
                 345                  90              341.29                   
                 355                  90              387.74                   
                 365                  90              414.89                   
                 375                  90              401.01                   
                 385                  90              477.55                   
                 395                  90              392.32                   
                 405                  90              323.33                   
                 415                  90              362.50                   
                 425                  90              348.96                   
                 435                  90              362.05                   
                 445                  90              334.14                   
                 455                  90              322.87                   
                 465                  90              305.04                   
                 475                  90              300.46                   
                 485                  90              311.26                   
                 495                  90              325.55                   
                 505                  90              331.12                   
                 515                  90              318.81                   
                 525                  90              309.71                   
                 535                  90              326.35                   
                 545                  90              330.68                   
                 555                  90              349.81                   
                 565                  90              347.78                   
                 575                  90              352.58                   
                 585                  90              339.42                   
                 595                  90              329.74                   
                 605                  90              323.22                   
                 615                  90              334.60                   
                 625                  90              352.07                   
                 635                  90              354.34                   
                 645                  90              366.77                   
                 655                  90              388.10                   
                 665                  90              373.18                   
                 675                  90              420.28                   
                 685                  90              484.37                   
                 695                  90              499.06                   
                 705                  90              496.63                   
                 715                  90              501.19                   
                 725                  90              573.23                   
                 735                  90              628.21                   
                 745                  90              747.34                   
                 755                  90              816.28                   
                 765                  90              737.65                   
                 775                  90              664.14                   
                 785                  90              611.24                   
                 795                  90              590.97                   
                 805                  90              564.23                   
                 815                  90              484.78                   
                 825                  90              445.77                   
                 835                  90              388.22                   
                 845                  90              368.78                   
                 855                  90              373.06                   
                 865                  90              394.06                   
                 875                  90              427.05                   
                 885                  90              444.33                   
                 895                  90              457.65                   
                 905                  90              521.00                   
                 915                  90              606.23                   
                 925                  90              736.61                   
                 935                  90              807.01                   
                 945                  90              803.39                   
                 955                  90              768.33                   
                 965                  90              717.71                   
                 975                  90              723.72                   
                 985                  90              676.48                   
                 995                  90              701.78                   
                1005                  90              612.76                   
                1015                  90              568.21                   
                1025                  90              525.89                   
                1035                  90              463.80                   
                1045                  90              450.05                   
                1055                  90              490.47                   
                1065                  90              451.29                   
                1075                  90              420.35                   
                1085                  90              352.14                   
                1095                  90              384.26                   
                1105                  90              375.36                   
                1115                  90              427.68                   
                1125                  90              428.43                   
                1135                  90              410.67                   
                1145                  90              370.39                   
                1155                  90              428.34                   
                1165                  90              451.14                   
                1175                  90              483.63                   
                1185                  90              467.36                   
                1195                  90              481.13                   
                1205                  90              450.58                   
                1215                  90              445.09                   
                1225                  90              452.50                   
                1235                  90              457.37                   
                1245                  90              396.13                   
                1265                  90              364.22                   
                1275                  90              387.75                   
                1285                  90              344.18                   
                1295                  90              353.69                   
                1305                  90              262.61                   
                1315                  90              246.92                   
                1325                  90              239.52                   
                1335                  90              241.47                   
                1355                  90              209.19                   
                1365                  90              212.10                   
                1375                  90              215.10                   
                1385                  90              192.35                   
                1395                  90              195.77                   
                1405                  90              201.93                   
                1415                  90              203.07                   
                1425                  90              206.18                   
                1445                  90              176.52                   
                1455                  90              327.07                   
                 150                 100              477.62                   
                 160                 100              533.22                   
                 170                 100              498.84                   
                 180                 100              457.59                   
                 190                 100              458.12                   
                 200                 100              454.22                   
                 210                 100              425.55                   
                 220                 100              419.09                   
                 230                 100              443.49                   
                 240                 100              437.39                   
                 250                 100              425.68                   
                 260                 100              387.34                   
                 270                 100              445.41                   
                 280                 100              399.93                   
                 290                 100              394.37                   
                 300                 100              402.05                   
                 310                 100              447.50                   
                 320                 100              418.93                   
                 330                 100              408.73                   
                 340                 100              401.04                   
                 350                 100              343.06                   
                 360                 100              381.20                   
                 370                 100              463.74                   
                 380                 100              469.34                   
                 390                 100              409.34                   
                 400                 100              463.01                   
                 410                 100              337.91                   
                 420                 100              366.95                   
                 430                 100              357.08                   
                 440                 100              366.70                   
                 450                 100              352.34                   
                 460                 100              337.71                   
                 470                 100              327.94                   
                 480                 100              329.05                   
                 490                 100              327.93                   
                 500                 100              363.57                   
                 510                 100              368.34                   
                 520                 100              342.26                   
                 530                 100              335.69                   
                 540                 100              332.77                   
                 550                 100              367.81                   
                 560                 100              364.47                   
                 570                 100              356.57                   
                 580                 100              340.38                   
                 590                 100              346.74                   
                 600                 100              332.32                   
                 610                 100              344.98                   
                 620                 100              350.73                   
                 630                 100              373.30                   
                 640                 100              384.15                   
                 650                 100              382.83                   
                 660                 100              409.61                   
                 670                 100              438.55                   
                 680                 100              467.07                   
                 690                 100              500.36                   
                 700                 100              536.99                   
                 710                 100              518.93                   
                 720                 100              593.44                   
                 730                 100              656.65                   
                 740                 100              715.10                   
                 750                 100              777.68                   
                 760                 100              703.07                   
                 770                 100              650.02                   
                 780                 100              611.28                   
                 790                 100              557.20                   
                 800                 100              525.89                   
                 810                 100              494.33                   
                 820                 100              433.92                   
                 830                 100              407.33                   
                 840                 100              366.87                   
                 850                 100              333.63                   
                 860                 100              362.16                   
                 870                 100              406.68                   
                 880                 100              420.31                   
                 890                 100              447.43                   
                 900                 100              469.82                   
                 910                 100              506.27                   
                 920                 100              585.95                   
                 930                 100              648.18                   
                 940                 100              766.36                   
                 950                 100              818.10                   
                 960                 100              745.87                   
                 970                 100              732.26                   
                 980                 100              797.33                   
                 990                 100              743.92                   
                1000                 100              687.19                   
                1010                 100              613.13                   
                1020                 100              544.37                   
                1030                 100              529.52                   
                1040                 100              494.79                   
                1050                 100              481.94                   
                1060                 100              429.90                   
                1070                 100              434.90                   
                1080                 100              416.87                   
                1090                 100              361.96                   
                1100                 100              376.69                   
                1110                 100              379.29                   
                1120                 100              407.74                   
                1130                 100              405.69                   
                1140                 100              420.45                   
                1150                 100              393.83                   
                1160                 100              435.49                   
                1170                 100              454.83                   
                1180                 100              495.43                   
                1190                 100              517.66                   
                1200                 100              517.32                   
                1210                 100              503.60                   
                1220                 100              478.49                   
                1230                 100              450.97                   
                1250                 100              442.78                   
                1260                 100              389.08                   
                1270                 100              393.38                   
                1280                 100              346.23                   
                1290                 100              324.43                   
                1300                 100              337.14                   
                1310                 100              277.86                   
                1320                 100              247.51                   
                1330                 100              249.89                   
                1350                 100              212.13                   
                1360                 100              207.40                   
                1370                 100              197.73                   
                1380                 100              201.45                   
                1390                 100              197.37                   
                1400                 100              204.25                   
                1410                 100              221.12                   
                1420                 100              207.99                   
                1430                 100              373.79                   
                 165                 110              539.60                   
                 175                 110              521.18                   
                 185                 110              454.22                   
                 195                 110              407.23                   
                 205                 110              406.68                   
                 215                 110              414.69                   
                 225                 110              433.49                   
                 235                 110              415.34                   
                 245                 110              489.01                   
                 255                 110              404.77                   
                 265                 110              378.32                   
                 275                 110              343.54                   
                 285                 110              416.45                   
                 295                 110              392.50                   
                 305                 110              367.69                   
                 315                 110              405.04                   
                 325                 110              424.15                   
                 335                 110              381.58                   
                 345                 110              385.83                   
                 355                 110              364.53                   
                 365                 110              367.37                   
                 375                 110              418.94                   
                 385                 110              501.67                   
                 395                 110              396.75                   
                 405                 110              405.90                   
                 415                 110              396.89                   
                 425                 110              376.63                   
                 435                 110              353.93                   
                 445                 110              371.47                   
                 455                 110              366.30                   
                 465                 110              357.50                   
                 475                 110              352.03                   
                 485                 110              348.36                   
                 495                 110              376.56                   
                 505                 110              403.71                   
                 515                 110              376.53                   
                 525                 110              358.26                   
                 535                 110              357.04                   
                 545                 110              384.44                   
                 555                 110              369.22                   
                 565                 110              358.37                   
                 575                 110              354.77                   
                 585                 110              353.81                   
                 595                 110              371.90                   
                 605                 110              367.92                   
                 615                 110              344.71                   
                 625                 110              358.71                   
                 635                 110              390.63                   
                 645                 110              415.83                   
                 655                 110              405.76                   
                 665                 110              459.04                   
                 675                 110              487.72                   
                 685                 110              505.57                   
                 695                 110              529.81                   
                 705                 110              510.90                   
                 715                 110              622.30                   
                 725                 110              659.93                   
                 735                 110              708.02                   
                 745                 110              699.10                   
                 755                 110              645.14                   
                 765                 110              669.17                   
                 775                 110              605.33                   
                 785                 110              545.77                   
                 795                 110              490.39                   
                 805                 110              467.93                   
                 815                 110              461.83                   
                 825                 110              391.99                   
                 835                 110              364.59                   
                 845                 110              341.64                   
                 855                 110              351.67                   
                 865                 110              378.83                   
                 875                 110              373.05                   
                 885                 110              423.18                   
                 895                 110              458.94                   
                 905                 110              505.26                   
                 915                 110              532.22                   
                 925                 110              541.04                   
                 935                 110              623.51                   
                 945                 110              698.95                   
                 955                 110              768.06                   
                 965                 110              791.87                   
                 975                 110              748.20                   
                 985                 110              799.49                   
                 995                 110              726.32                   
                1005                 110              662.22                   
                1015                 110              593.54                   
                1025                 110              568.04                   
                1035                 110              563.74                   
                1045                 110              507.29                   
                1055                 110              449.34                   
                1065                 110              425.05                   
                1075                 110              400.54                   
                1085                 110              409.15                   
                1095                 110              338.18                   
                1105                 110              367.34                   
                1115                 110              388.52                   
                1125                 110              431.61                   
                1135                 110              409.99                   
                1145                 110              417.17                   
                1155                 110              406.80                   
                1165                 110              463.98                   
                1175                 110              496.18                   
                1185                 110              509.53                   
                1195                 110              546.60                   
                1205                 110              571.79                   
                1215                 110              533.51                   
                1235                 110              460.70                   
                1245                 110              450.93                   
                1255                 110              409.84                   
                1265                 110              425.35                   
                1275                 110              359.12                   
                1285                 110              378.00                   
                1295                 110              326.70                   
                1305                 110              326.01                   
                1315                 110              279.84                   
                1325                 110              245.90                   
                1345                 110              234.24                   
                1355                 110              197.86                   
                1365                 110              202.99                   
                1375                 110              207.94                   
                1385                 110              206.72                   
                1395                 110              208.75                   
                1405                 110              205.43                   
                1415                 110              166.49                   
                1425                 110              326.56                   
                 180                 120              486.64                   
                 190                 120              425.24                   
                 200                 120              405.60                   
                 210                 120              398.50                   
                 220                 120              417.68                   
                 230                 120              407.73                   
                 240                 120              422.92                   
                 250                 120              401.40                   
                 260                 120              415.51                   
                 270                 120              373.37                   
                 280                 120              344.52                   
                 290                 120              328.20                   
                 300                 120              394.79                   
                 310                 120              371.64                   
                 320                 120              396.06                   
                 330                 120              395.67                   
                 340                 120              401.23                   
                 350                 120              372.36                   
                 360                 120              340.88                   
                 370                 120              367.85                   
                 380                 120              538.34                   
                 390                 120              708.84                   
                 400                 120              486.53                   
                 410                 120              477.82                   
                 420                 120              366.95                   
                 430                 120              396.31                   
                 440                 120              369.50                   
                 450                 120              379.34                   
                 460                 120              376.59                   
                 470                 120              372.75                   
                 480                 120              372.84                   
                 490                 120              392.96                   
                 500                 120              411.75                   
                 510                 120              418.15                   
                 520                 120              381.38                   
                 530                 120              379.05                   
                 540                 120              397.16                   
                 550                 120              382.96                   
                 560                 120              374.75                   
                 570                 120              367.48                   
                 580                 120              383.95                   
                 590                 120              378.82                   
                 600                 120              390.48                   
                 610                 120              360.11                   
                 620                 120              356.35                   
                 630                 120              392.15                   
                 640                 120              411.22                   
                 650                 120              433.15                   
                 660                 120              474.85                   
                 670                 120              515.82                   
                 680                 120              538.73                   
                 690                 120              534.72                   
                 700                 120              549.10                   
                 710                 120              603.59                   
                 720                 120              612.03                   
                 730                 120              679.96                   
                 740                 120              698.91                   
                 750                 120              643.58                   
                 760                 120              621.63                   
                 770                 120              592.78                   
                 780                 120              549.90                   
                 790                 120              507.79                   
                 800                 120              461.80                   
                 810                 120              411.55                   
                 820                 120              399.16                   
                 830                 120              369.45                   
                 840                 120              365.79                   
                 850                 120              349.78                   
                 860                 120              351.94                   
                 870                 120              369.98                   
                 880                 120              400.41                   
                 890                 120              426.60                   
                 900                 120              474.49                   
                 910                 120              504.96                   
                 920                 120              512.94                   
                 930                 120              580.50                   
                 940                 120              617.00                   
                 950                 120              696.44                   
                 960                 120              713.03                   
                 970                 120              756.13                   
                 980                 120              789.15                   
                 990                 120              711.92                   
                1000                 120              701.37                   
                1010                 120              660.73                   
                1020                 120              599.95                   
                1030                 120              574.88                   
                1040                 120              583.92                   
                1050                 120              501.56                   
                1060                 120              437.62                   
                1070                 120              419.30                   
                1080                 120              387.11                   
                1090                 120              372.52                   
                1100                 120              362.16                   
                1110                 120              399.61                   
                1120                 120              390.54                   
                1130                 120              425.28                   
                1140                 120              439.10                   
                1150                 120              446.50                   
                1160                 120              424.43                   
                1170                 120              476.42                   
                1180                 120              520.23                   
                1190                 120              534.49                   
                1200                 120              569.54                   
                1220                 120              542.53                   
                1230                 120              477.81                   
                1240                 120              458.91                   
                1250                 120              448.40                   
                1260                 120              419.54                   
                1270                 120              407.31                   
                1280                 120              398.86                   
                1290                 120              360.30                   
                1300                 120              347.43                   
                1310                 120              304.08                   
                1320                 120              278.03                   
                1340                 120              233.72                   
                1350                 120              234.21                   
                1360                 120              203.14                   
                1370                 120              205.91                   
                1380                 120              206.42                   
                1390                 120              197.39                   
                1400                 120              202.30                   
                1410                 120              306.70                   
                 195                 130              411.09                   
                 205                 130              403.61                   
                 215                 130              394.60                   
                 225                 130              398.57                   
                 235                 130              405.42                   
                 245                 130              389.87                   
                 255                 130              415.05                   
                 265                 130              370.53                   
                 275                 130              406.61                   
                 285                 130              320.82                   
                 295                 130              357.13                   
                 305                 130              361.52                   
                 315                 130              457.06                   
                 325                 130              385.68                   
                 335                 130              372.04                   
                 345                 130              365.18                   
                 355                 130              358.77                   
                 365                 130              316.85                   
                 375                 130              349.05                   
                 385                 130              288.50                   
                 395                 130              419.81                   
                 405                 130              444.26                   
                 415                 130              484.25                   
                 425                 130              394.05                   
                 435                 130              387.46                   
                 445                 130              390.09                   
                 455                 130              395.57                   
                 465                 130              390.67                   
                 475                 130              399.23                   
                 485                 130              418.07                   
                 495                 130              422.07                   
                 505                 130              412.75                   
                 515                 130              430.91                   
                 525                 130              397.77                   
                 535                 130              393.23                   
                 545                 130              401.30                   
                 555                 130              403.73                   
                 565                 130              410.18                   
                 575                 130              400.57                   
                 585                 130              402.32                   
                 595                 130              396.64                   
                 605                 130              389.88                   
                 615                 130              390.89                   
                 625                 130              394.66                   
                 635                 130              417.58                   
                 645                 130              428.46                   
                 655                 130              484.96                   
                 665                 130              525.77                   
                 675                 130              560.06                   
                 685                 130              570.38                   
                 695                 130              549.18                   
                 705                 130              596.27                   
                 715                 130              599.93                   
                 725                 130              634.65                   
                 735                 130              660.22                   
                 745                 130              663.82                   
                 755                 130              617.51                   
                 765                 130              570.70                   
                 775                 130              561.47                   
                 785                 130              511.35                   
                 795                 130              456.39                   
                 805                 130              404.79                   
                 815                 130              380.39                   
                 825                 130              380.06                   
                 835                 130              356.95                   
                 845                 130              356.95                   
                 855                 130              366.30                   
                 865                 130              361.04                   
                 875                 130              392.01                   
                 885                 130              421.85                   
                 895                 130              444.46                   
                 905                 130              447.14                   
                 915                 130              485.41                   
                 925                 130              546.95                   
                 935                 130              624.83                   
                 945                 130              643.76                   
                 955                 130              646.06                   
                 965                 130              686.87                   
                 975                 130              694.84                   
                 985                 130              712.05                   
                 995                 130              748.41                   
                1005                 130              650.89                   
                1015                 130              639.78                   
                1025                 130              615.29                   
                1035                 130              590.89                   
                1045                 130              552.48                   
                1055                 130              493.15                   
                1065                 130              430.15                   
                1075                 130              400.59                   
                1085                 130              398.70                   
                1095                 130              417.68                   
                1105                 130              375.94                   
                1115                 130              402.03                   
                1125                 130              402.23                   
                1135                 130              456.80                   
                1145                 130              462.92                   
                1155                 130              473.44                   
                1165                 130              450.30                   
                1175                 130              486.25                   
                1185                 130              531.36                   
                1205                 130              595.10                   
                1215                 130              560.56                   
                1225                 130              515.76                   
                1235                 130              491.63                   
                1245                 130              441.46                   
                1255                 130              473.99                   
                1265                 130              429.96                   
                1275                 130              410.24                   
                1285                 130              391.30                   
                1295                 130              373.60                   
                1305                 130              330.08                   
                1315                 130              308.31                   
                1335                 130              220.51                   
                1345                 130              231.18                   
                1355                 130              233.60                   
                1365                 130              211.59                   
                1375                 130              154.09                   
                1385                 130              180.20                   
                1395                 130              277.16                   
                 210                 140              374.13                   
                 220                 140              393.81                   
                 230                 140              399.29                   
                 240                 140              389.93                   
                 250                 140              376.82                   
                 260                 140              359.13                   
                 270                 140              362.21                   
                 280                 140              345.95                   
                 290                 140              476.23                   
                 300                 140              362.77                   
                 310                 140              357.21                   
                 320                 140              297.85                   
                 330                 140              384.53                   
                 340                 140              358.32                   
                 350                 140              322.66                   
                 360                 140              352.90                   
                 370                 140              326.99                   
                 380                 140              337.02                   
                 390                 140              361.62                   
                 400                 140              427.08                   
                 410                 140              420.79                   
                 420                 140              466.30                   
                 430                 140              426.14                   
                 440                 140              420.26                   
                 450                 140              400.58                   
                 460                 140              422.09                   
                 470                 140              414.86                   
                 480                 140              418.77                   
                 490                 140              433.65                   
                 500                 140              423.23                   
                 510                 140              422.54                   
                 520                 140              406.18                   
                 530                 140              416.78                   
                 540                 140              406.47                   
                 550                 140              427.82                   
                 560                 140              436.99                   
                 570                 140              439.76                   
                 580                 140              424.02                   
                 590                 140              411.83                   
                 600                 140              416.22                   
                 610                 140              418.37                   
                 620                 140              404.32                   
                 630                 140              424.76                   
                 640                 140              443.65                   
                 650                 140              493.73                   
                 660                 140              531.66                   
                 670                 140              565.37                   
                 680                 140              587.07                   
                 690                 140              568.81                   
                 700                 140              581.25                   
                 710                 140              600.03                   
                 720                 140              616.09                   
                 730                 140              640.38                   
                 740                 140              617.53                   
                 750                 140              588.07                   
                 760                 140              587.82                   
                 770                 140              563.75                   
                 780                 140              508.98                   
                 790                 140              457.55                   
                 800                 140              410.68                   
                 810                 140              390.82                   
                 820                 140              376.20                   
                 830                 140              361.30                   
                 840                 140              352.78                   
                 850                 140              376.67                   
                 860                 140              379.25                   
                 870                 140              391.75                   
                 880                 140              395.85                   
                 890                 140              412.90                   
                 900                 140              458.25                   
                 910                 140              454.21                   
                 920                 140              511.48                   
                 930                 140              561.87                   
                 940                 140              601.10                   
                 950                 140              631.77                   
                 960                 140              638.25                   
                 970                 140              660.39                   
                 980                 140              659.17                   
                 990                 140              647.84                   
                1000                 140              661.02                   
                1010                 140              665.89                   
                1020                 140              611.65                   
                1030                 140              615.16                   
                1040                 140              572.12                   
                1050                 140              523.49                   
                1060                 140              463.34                   
                1070                 140              440.28                   
                1080                 140              450.18                   
                1090                 140              424.88                   
                1100                 140              443.69                   
                1110                 140              389.42                   
                1120                 140              413.47                   
                1130                 140              434.61                   
                1140                 140              492.43                   
                1150                 140              486.01                   
                1160                 140              486.22                   
                1170                 140              474.65                   
                1190                 140              548.38                   
                1200                 140              566.51                   
                1210                 140              546.35                   
                1220                 140              556.78                   
                1230                 140              477.96                   
                1240                 140              513.77                   
                1250                 140              502.17                   
                1260                 140              478.32                   
                1270                 140              443.81                   
                1280                 140              418.32                   
                1290                 140              384.88                   
                1300                 140              339.07                   
                1310                 140              325.53                   
                1330                 140              264.62                   
                1340                 140              212.61                   
                1350                 140              233.32                   
                1360                 140              206.59                   
                1370                 140              258.39                   
                1380                 140              565.67                   
                 225                 150              481.64                   
                 235                 150              397.62                   
                 245                 150              365.63                   
                 255                 150              351.56                   
                 265                 150              356.68                   
                 275                 150              354.28                   
                 285                 150              389.86                   
                 295                 150              328.64                   
                 305                 150              442.98                   
                 315                 150              351.01                   
                 325                 150              237.79                   
                 335                 150              334.62                   
                 345                 150              383.05                   
                 355                 150              332.60                   
                 365                 150              352.15                   
                 375                 150              300.38                   
                 385                 150              342.01                   
                 395                 150              374.49                   
                 405                 150              414.01                   
                 415                 150              446.58                   
                 425                 150              418.57                   
                 435                 150              415.86                   
                 445                 150              455.65                   
                 455                 150              426.79                   
                 465                 150              430.51                   
                 475                 150              434.00                   
                 485                 150              448.13                   
                 495                 150              427.68                   
                 505                 150              421.78                   
                 515                 150              409.88                   
                 525                 150              438.68                   
                 535                 150              426.54                   
                 545                 150              436.54                   
                 555                 150              462.22                   
                 565                 150              446.28                   
                 575                 150              456.64                   
                 585                 150              459.40                   
                 595                 150              442.72                   
                 605                 150              430.34                   
                 615                 150              457.41                   
                 625                 150              445.66                   
                 635                 150              450.53                   
                 645                 150              496.11                   
                 655                 150              549.72                   
                 665                 150              580.98                   
                 675                 150              570.63                   
                 685                 150              552.51                   
                 695                 150              592.58                   
                 705                 150              591.03                   
                 715                 150              621.46                   
                 725                 150              633.21                   
                 735                 150              579.04                   
                 745                 150              585.16                   
                 755                 150              583.57                   
                 765                 150              514.40                   
                 775                 150              506.82                   
                 785                 150              484.32                   
                 795                 150              435.24                   
                 805                 150              389.58                   
                 815                 150              350.70                   
                 825                 150              365.75                   
                 835                 150              379.29                   
                 845                 150              377.56                   
                 855                 150              379.53                   
                 865                 150              393.08                   
                 875                 150              393.95                   
                 885                 150              421.99                   
                 895                 150              431.54                   
                 905                 150              470.86                   
                 915                 150              490.42                   
                 925                 150              519.78                   
                 935                 150              533.87                   
                 945                 150              554.99                   
                 955                 150              615.81                   
                 965                 150              653.94                   
                 975                 150              642.57                   
                 985                 150              602.64                   
                 995                 150              595.91                   
                1005                 150              594.04                   
                1015                 150              619.92                   
                1025                 150              646.14                   
                1035                 150              535.08                   
                1045                 150              531.52                   
                1055                 150              533.47                   
                1065                 150              491.45                   
                1075                 150              457.13                   
                1085                 150              469.35                   
                1095                 150              473.81                   
                1105                 150              456.90                   
                1115                 150              416.90                   
                1125                 150              446.92                   
                1135                 150              452.43                   
                1145                 150              503.80                   
                1155                 150              510.77                   
                1175                 150              488.20                   
                1185                 150              536.72                   
                1195                 150              517.09                   
                1205                 150              543.37                   
                1215                 150              497.33                   
                1225                 150              571.35                   
                1235                 150              536.05                   
                1245                 150              516.76                   
                1255                 150              510.25                   
                1265                 150              489.47                   
                1275                 150              447.47                   
                1285                 150              400.68                   
                1295                 150              371.74                   
                1305                 150              343.02                   
                1325                 150              307.51                   
                1335                 150              246.69                   
                1345                 150              217.69                   
                1355                 150              223.88                   
                1365                 150              299.74                   
                 240                 160              375.60                   
                 250                 160              372.79                   
                 260                 160              350.56                   
                 270                 160              351.77                   
                 280                 160              365.68                   
                 290                 160              345.64                   
                 300                 160              392.96                   
                 310                 160              287.97                   
                 320                 160              364.52                   
                 330                 160              348.68                   
                 340                 160              339.76                   
                 350                 160              346.10                   
                 360                 160              368.09                   
                 370                 160              338.13                   
                 380                 160              310.19                   
                 390                 160              354.33                   
                 400                 160              380.82                   
                 410                 160              379.52                   
                 420                 160              410.18                   
                 430                 160              483.16                   
                 440                 160              408.98                   
                 450                 160              442.03                   
                 460                 160              438.56                   
                 470                 160              460.65                   
                 480                 160              460.99                   
                 490                 160              454.28                   
                 500                 160              423.65                   
                 510                 160              420.95                   
                 520                 160              475.73                   
                 530                 160              445.02                   
                 540                 160              452.44                   
                 550                 160              430.05                   
                 560                 160              464.30                   
                 570                 160              488.51                   
                 580                 160              485.04                   
                 590                 160              468.99                   
                 600                 160              478.66                   
                 610                 160              485.54                   
                 620                 160              490.18                   
                 630                 160              454.59                   
                 640                 160              513.47                   
                 650                 160              556.72                   
                 660                 160              566.95                   
                 670                 160              574.86                   
                 680                 160              545.38                   
                 690                 160              553.83                   
                 700                 160              582.66                   
                 710                 160              610.38                   
                 720                 160              623.93                   
                 730                 160              593.51                   
                 740                 160              586.52                   
                 750                 160              539.73                   
                 760                 160              524.98                   
                 770                 160              495.20                   
                 780                 160              465.50                   
                 790                 160              463.07                   
                 800                 160              409.89                   
                 810                 160              376.77                   
                 820                 160              357.77                   
                 830                 160              362.15                   
                 840                 160              402.67                   
                 850                 160              378.14                   
                 860                 160              380.46                   
                 870                 160              387.46                   
                 880                 160              417.76                   
                 890                 160              443.20                   
                 900                 160              444.75                   
                 910                 160              468.16                   
                 920                 160              489.51                   
                 930                 160              496.83                   
                 940                 160              517.12                   
                 950                 160              550.70                   
                 960                 160              600.66                   
                 970                 160              609.11                   
                 980                 160              616.33                   
                 990                 160              577.85                   
                1000                 160              554.27                   
                1010                 160              573.59                   
                1020                 160              560.75                   
                1030                 160              562.02                   
                1040                 160              557.53                   
                1050                 160              520.23                   
                1060                 160              536.93                   
                1070                 160              518.52                   
                1080                 160              484.39                   
                1090                 160              507.78                   
                1100                 160              503.25                   
                1110                 160              521.32                   
                1120                 160              452.09                   
                1130                 160              476.95                   
                1140                 160              473.94                   
                1160                 160              522.72                   
                1170                 160              517.51                   
                1180                 160              500.53                   
                1190                 160              536.20                   
                1200                 160              484.30                   
                1210                 160              545.70                   
                1220                 160              543.29                   
                1230                 160              566.27                   
                1240                 160              556.31                   
                1250                 160              520.23                   
                1260                 160              496.79                   
                1270                 160              477.81                   
                1280                 160              430.99                   
                1290                 160              398.82                   
                1300                 160              373.51                   
                1320                 160              319.25                   
                1330                 160              257.48                   
                1340                 160              180.79                   
                1350                 160              270.41                   
                 255                 170              360.02                   
                 265                 170              357.24                   
                 275                 170              349.62                   
                 285                 170              346.41                   
                 295                 170              307.16                   
                 305                 170              316.83                   
                 315                 170              369.87                   
                 325                 170              489.41                   
                 335                 170              414.38                   
                 345                 170              339.35                   
                 355                 170              318.38                   
                 365                 170              410.60                   
                 375                 170              354.46                   
                 385                 170              325.80                   
                 395                 170              341.47                   
                 405                 170              353.07                   
                 415                 170              415.36                   
                 425                 170              412.80                   
                 435                 170              432.58                   
                 445                 170              444.07                   
                 455                 170              435.37                   
                 465                 170              446.33                   
                 475                 170              475.46                   
                 485                 170              459.71                   
                 495                 170              444.07                   
                 505                 170              459.37                   
                 515                 170              448.30                   
                 525                 170              456.40                   
                 535                 170              502.06                   
                 545                 170              442.62                   
                 555                 170              472.86                   
                 565                 170              462.09                   
                 575                 170              497.94                   
                 585                 170              527.37                   
                 595                 170              496.57                   
                 605                 170              533.05                   
                 615                 170              513.91                   
                 625                 170              531.46                   
                 635                 170              524.11                   
                 645                 170              550.78                   
                 655                 170              570.61                   
                 665                 170              561.56                   
                 675                 170              558.16                   
                 685                 170              565.29                   
                 695                 170              579.03                   
                 705                 170              595.47                   
                 715                 170              599.91                   
                 725                 170              602.16                   
                 735                 170              566.67                   
                 745                 170              529.23                   
                 755                 170              526.16                   
                 765                 170              503.72                   
                 775                 170              466.07                   
                 785                 170              436.68                   
                 795                 170              422.73                   
                 805                 170              409.16                   
                 815                 170              389.54                   
                 825                 170              372.15                   
                 835                 170              386.72                   
                 845                 170              374.26                   
                 855                 170              403.88                   
                 865                 170              409.76                   
                 875                 170              426.91                   
                 885                 170              402.10                   
                 895                 170              436.69                   
                 905                 170              458.81                   
                 915                 170              468.61                   
                 925                 170              477.90                   
                 935                 170              489.22                   
                 945                 170              514.92                   
                 955                 170              536.69                   
                 965                 170              549.19                   
                 975                 170              562.20                   
                 985                 170              571.55                   
                 995                 170              563.39                   
                1005                 170              529.72                   
                1015                 170              539.08                   
                1025                 170              525.11                   
                1035                 170              532.98                   
                1045                 170              529.66                   
                1055                 170              546.88                   
                1065                 170              526.37                   
                1075                 170              543.59                   
                1085                 170              552.47                   
                1095                 170              534.94                   
                1105                 170              526.46                   
                1115                 170              541.84                   
                1125                 170              491.87                   
                1145                 170              498.19                   
                1155                 170              518.83                   
                1165                 170              494.33                   
                1175                 170              533.36                   
                1185                 170              499.36                   
                1195                 170              533.62                   
                1205                 170              537.60                   
                1215                 170              555.48                   
                1225                 170              552.81                   
                1235                 170              555.10                   
                1245                 170              538.87                   
                1255                 170              488.45                   
                1265                 170              485.09                   
                1275                 170              461.18                   
                1285                 170              438.15                   
                1295                 170              354.36                   
                1315                 170              270.57                   
                1325                 170              263.50                   
                1335                 170              286.91                   
                 270                 180              366.45                   
                 280                 180              321.62                   
                 290                 180              322.97                   
                 300                 180              322.28                   
                 310                 180              312.93                   
                 320                 180              356.74                   
                 330                 180              287.79                   
                 340                 180              333.64                   
                 350                 180              379.49                   
                 360                 180              349.73                   
                 370                 180              302.40                   
                 380                 180              334.06                   
                 390                 180              342.30                   
                 400                 180              346.66                   
                 410                 180              353.19                   
                 420                 180              381.30                   
                 430                 180              441.31                   
                 440                 180              436.71                   
                 450                 180              418.56                   
                 460                 180              459.73                   
                 470                 180              448.78                   
                 480                 180              467.28                   
                 490                 180              466.36                   
                 500                 180              464.11                   
                 510                 180              465.97                   
                 520                 180              454.93                   
                 530                 180              460.58                   
                 540                 180              497.88                   
                 550                 180              505.86                   
                 560                 180              458.13                   
                 570                 180              514.08                   
                 580                 180              501.34                   
                 590                 180              552.82                   
                 600                 180              542.45                   
                 610                 180              581.11                   
                 620                 180              562.12                   
                 630                 180              578.47                   
                 640                 180              580.26                   
                 650                 180              563.35                   
                 660                 180              564.60                   
                 670                 180              547.12                   
                 680                 180              586.86                   
                 690                 180              554.65                   
                 700                 180              588.78                   
                 710                 180              609.44                   
                 720                 180              557.89                   
                 730                 180              539.77                   
                 740                 180              539.66                   
                 750                 180              529.44                   
                 760                 180              497.05                   
                 770                 180              503.91                   
                 780                 180              446.08                   
                 790                 180              430.27                   
                 800                 180              427.83                   
                 810                 180              395.03                   
                 820                 180              400.61                   
                 830                 180              381.69                   
                 840                 180              389.59                   
                 850                 180              415.82                   
                 860                 180              407.02                   
                 870                 180              436.22                   
                 880                 180              442.20                   
                 890                 180              413.50                   
                 900                 180              418.73                   
                 910                 180              465.74                   
                 920                 180              479.84                   
                 930                 180              472.18                   
                 940                 180              475.65                   
                 950                 180              509.59                   
                 960                 180              511.18                   
                 970                 180              516.09                   
                 980                 180              516.54                   
                 990                 180              509.19                   
                1000                 180              526.53                   
                1010                 180              537.99                   
                1020                 180              538.53                   
                1030                 180              506.58                   
                1040                 180              512.70                   
                1050                 180              504.17                   
                1060                 180              543.62                   
                1070                 180              589.33                   
                1080                 180              551.18                   
                1090                 180              560.19                   
                1100                 180              581.02                   
                1110                 180              562.21                   
                1130                 180              516.64                   
                1140                 180              526.35                   
                1150                 180              500.29                   
                1160                 180              530.40                   
                1170                 180              507.49                   
                1180                 180              538.22                   
                1190                 180              514.59                   
                1200                 180              539.20                   
                1210                 180              564.11                   
                1220                 180              553.88                   
                1230                 180              569.00                   
                1240                 180              512.97                   
                1250                 180              505.07                   
                1260                 180              486.82                   
                1270                 180              480.00                   
                1280                 180              482.27                   
                1290                 180              428.34                   
                1310                 180              303.59                   
                1320                 180              319.80                   
                 285                 190              388.98                   
                 295                 190              327.11                   
                 305                 190              333.47                   
                 315                 190              273.30                   
                 325                 190              274.69                   
                 335                 190              327.71                   
                 345                 190              460.16                   
                 355                 190              326.39                   
                 365                 190              398.73                   
                 375                 190              337.57                   
                 385                 190              340.22                   
                 395                 190              313.81                   
                 405                 190              353.82                   
                 415                 190              372.64                   
                 425                 190              374.58                   
                 435                 190              406.41                   
                 445                 190              453.65                   
                 455                 190              424.09                   
                 465                 190              453.79                   
                 475                 190              457.83                   
                 485                 190              459.62                   
                 495                 190              469.49                   
                 505                 190              478.47                   
                 515                 190              464.71                   
                 525                 190              478.63                   
                 535                 190              579.16                   
                 545                 190              493.67                   
                 555                 190              505.66                   
                 565                 190              557.42                   
                 575                 190              500.07                   
                 585                 190              531.39                   
                 595                 190              561.71                   
                 605                 190              582.65                   
                 615                 190              602.89                   
                 625                 190              599.19                   
                 635                 190              614.45                   
                 645                 190              572.65                   
                 655                 190              576.04                   
                 665                 190              557.42                   
                 675                 190              566.39                   
                 685                 190              583.21                   
                 695                 190              587.76                   
                 705                 190              553.73                   
                 715                 190              540.82                   
                 725                 190              546.56                   
                 735                 190              538.54                   
                 745                 190              499.59                   
                 755                 190              502.52                   
                 765                 190              494.26                   
                 775                 190              484.91                   
                 785                 190              451.77                   
                 795                 190              424.19                   
                 805                 190              422.65                   
                 815                 190              391.54                   
                 825                 190              395.82                   
                 835                 190              396.58                   
                 845                 190              425.69                   
                 855                 190              420.69                   
                 865                 190              421.67                   
                 875                 190              409.25                   
                 885                 190              418.14                   
                 895                 190              453.67                   
                 905                 190              437.35                   
                 915                 190              428.36                   
                 925                 190              470.64                   
                 935                 190              462.79                   
                 945                 190              477.41                   
                 955                 190              476.26                   
                 965                 190              495.85                   
                 975                 190              466.23                   
                 985                 190              474.64                   
                 995                 190              495.98                   
                1005                 190              523.97                   
                1015                 190              521.18                   
                1025                 190              533.55                   
                1035                 190              501.08                   
                1045                 190              515.64                   
                1055                 190              523.64                   
                1065                 190              547.20                   
                1075                 190              595.47                   
                1085                 190              606.35                   
                1095                 190              552.08                   
                1115                 190              608.95                   
                1125                 190              562.50                   
                1135                 190              520.51                   
                1145                 190              535.02                   
                1155                 190              523.86                   
                1165                 190              560.92                   
                1175                 190              563.78                   
                1185                 190              539.05                   
                1195                 190              509.93                   
                1205                 190              546.03                   
                1215                 190              588.95                   
                1225                 190              569.46                   
                1235                 190              546.80                   
                1245                 190              537.05                   
                1255                 190              501.49                   
                1265                 190              481.79                   
                1275                 190              470.76                   
                1285                 190              374.94                   
                1305                 190              364.99                   
                 300                 200              324.20                   
                 310                 200              284.44                   
                 320                 200              296.76                   
                 330                 200              344.40                   
                 340                 200              318.82                   
                 350                 200              311.70                   
                 360                 200              348.81                   
                 370                 200              347.46                   
                 380                 200              459.70                   
                 390                 200              338.07                   
                 400                 200              320.65                   
                 410                 200              334.00                   
                 420                 200              405.71                   
                 430                 200              384.27                   
                 440                 200              388.61                   
                 450                 200              427.03                   
                 460                 200              453.53                   
                 470                 200              448.15                   
                 480                 200              446.24                   
                 490                 200              470.63                   
                 500                 200              475.29                   
                 510                 200              476.24                   
                 520                 200              495.58                   
                 530                 200              508.93                   
                 540                 200              508.58                   
                 550                 200              640.69                   
                 560                 200              527.24                   
                 570                 200              519.23                   
                 580                 200              638.06                   
                 590                 200              556.35                   
                 600                 200              594.93                   
                 610                 200              570.32                   
                 620                 200              644.07                   
                 630                 200              620.88                   
                 640                 200              627.90                   
                 650                 200              634.95                   
                 660                 200              563.90                   
                 670                 200              589.41                   
                 680                 200              572.68                   
                 690                 200              581.38                   
                 700                 200              552.99                   
                 710                 200              522.83                   
                 720                 200              538.18                   
                 730                 200              531.34                   
                 740                 200              515.97                   
                 750                 200              505.51                   
                 760                 200              482.96                   
                 770                 200              484.24                   
                 780                 200              494.12                   
                 790                 200              440.71                   
                 800                 200              416.35                   
                 810                 200              420.90                   
                 820                 200              413.50                   
                 830                 200              414.14                   
                 840                 200              408.51                   
                 850                 200              425.28                   
                 860                 200              432.86                   
                 870                 200              405.44                   
                 880                 200              402.85                   
                 890                 200              397.19                   
                 900                 200              436.86                   
                 910                 200              413.65                   
                 920                 200              427.96                   
                 930                 200              405.55                   
                 940                 200              463.46                   
                 950                 200              453.82                   
                 960                 200              437.16                   
                 970                 200              448.58                   
                 980                 200              448.36                   
                 990                 200              475.29                   
                1000                 200              489.56                   
                1010                 200              486.03                   
                1020                 200              475.33                   
                1030                 200              515.45                   
                1040                 200              526.12                   
                1050                 200              533.36                   
                1060                 200              543.26                   
                1070                 200              571.35                   
                1080                 200              578.81                   
                1100                 200              610.39                   
                1110                 200              569.48                   
                1120                 200              568.65                   
                1130                 200              600.14                   
                1140                 200              489.87                   
                1150                 200              557.60                   
                1160                 200              572.83                   
                1170                 200              612.45                   
                1180                 200              563.22                   
                1190                 200              554.75                   
                1200                 200              529.09                   
                1210                 200              532.98                   
                1220                 200              555.22                   
                1230                 200              543.10                   
                1240                 200              554.03                   
                1250                 200              559.63                   
                1260                 200              450.17                   
                1270                 200              340.70                   
                1280                 200              328.71                   
                 315                 210              396.55                   
                 325                 210              312.13                   
                 335                 210              289.91                   
                 345                 210              310.82                   
                 355                 210              364.55                   
                 365                 210              349.02                   
                 375                 210              363.79                   
                 385                 210              345.89                   
                 395                 210              360.20                   
                 405                 210              325.89                   
                 415                 210              332.22                   
                 425                 210              343.68                   
                 435                 210              440.08                   
                 445                 210              421.78                   
                 455                 210              426.02                   
                 465                 210              425.66                   
                 475                 210              452.92                   
                 485                 210              442.67                   
                 495                 210              479.01                   
                 505                 210              479.08                   
                 515                 210              496.08                   
                 525                 210              515.28                   
                 535                 210              534.35                   
                 545                 210              580.82                   
                 555                 210              541.21                   
                 565                 210              661.71                   
                 575                 210              547.76                   
                 585                 210              587.06                   
                 595                 210              660.89                   
                 605                 210              570.21                   
                 615                 210              601.16                   
                 625                 210              618.02                   
                 635                 210              657.67                   
                 645                 210              634.86                   
                 655                 210              638.26                   
                 665                 210              628.52                   
                 675                 210              577.29                   
                 685                 210              577.12                   
                 695                 210              584.37                   
                 705                 210              535.18                   
                 715                 210              482.58                   
                 725                 210              522.97                   
                 735                 210              512.06                   
                 745                 210              504.50                   
                 755                 210              493.63                   
                 765                 210              477.75                   
                 775                 210              464.18                   
                 785                 210              472.73                   
                 795                 210              450.76                   
                 805                 210              424.46                   
                 815                 210              469.27                   
                 825                 210              421.67                   
                 835                 210              421.99                   
                 845                 210              405.21                   
                 855                 210              402.74                   
                 865                 210              433.78                   
                 875                 210              406.62                   
                 885                 210              403.21                   
                 895                 210              411.30                   
                 905                 210              393.34                   
                 915                 210              404.88                   
                 925                 210              444.87                   
                 935                 210              443.06                   
                 945                 210              383.32                   
                 955                 210              418.14                   
                 965                 210              425.96                   
                 975                 210              457.36                   
                 985                 210              453.27                   
                 995                 210              491.10                   
                1005                 210              478.68                   
                1015                 210              484.34                   
                1025                 210              495.17                   
                1035                 210              532.14                   
                1045                 210              538.24                   
                1055                 210              563.63                   
                1065                 210              567.35                   
                1085                 210              591.27                   
                1095                 210              571.29                   
                1105                 210              560.62                   
                1115                 210              608.31                   
                1125                 210              528.98                   
                1135                 210              606.86                   
                1145                 210              580.90                   
                1155                 210              598.00                   
                1165                 210              597.44                   
                1175                 210              605.27                   
                1185                 210              594.87                   
                1195                 210              558.94                   
                1205                 210              518.69                   
                1215                 210              529.52                   
                1225                 210              536.61                   
                1235                 210              538.35                   
                1245                 210              582.39                   
                1255                 210              403.82                   
                1265                 210              321.06                   
                1275                 210              412.98                   
                 330                 220              437.84                   
                 340                 220              337.00                   
                 350                 220              323.42                   
                 360                 220              342.89                   
                 370                 220              341.97                   
                 380                 220              345.30                   
                 390                 220              394.18                   
                 400                 220              328.60                   
                 410                 220              384.53                   
                 420                 220              341.90                   
                 430                 220              355.80                   
                 440                 220              381.43                   
                 450                 220              479.98                   
                 460                 220              423.48                   
                 470                 220              405.80                   
                 480                 220              442.00                   
                 490                 220              467.84                   
                 500                 220              493.36                   
                 510                 220              498.11                   
                 520                 220              526.60                   
                 530                 220              526.57                   
                 540                 220              554.11                   
                 550                 220              658.54                   
                 560                 220              634.11                   
                 570                 220              568.22                   
                 580                 220              759.67                   
                 590                 220              587.42                   
                 600                 220              585.87                   
                 610                 220              743.68                   
                 620                 220              616.82                   
                 630                 220              659.58                   
                 640                 220              622.91                   
                 650                 220              635.58                   
                 660                 220              653.80                   
                 670                 220              594.95                   
                 680                 220              606.17                   
                 690                 220              596.01                   
                 700                 220              560.87                   
                 710                 220              534.78                   
                 720                 220              511.54                   
                 730                 220              516.32                   
                 740                 220              513.71                   
                 750                 220              478.66                   
                 760                 220              473.57                   
                 770                 220              457.94                   
                 780                 220              458.73                   
                 790                 220              425.16                   
                 800                 220              467.07                   
                 810                 220              454.35                   
                 820                 220              443.85                   
                 830                 220              432.46                   
                 840                 220              399.84                   
                 850                 220              404.55                   
                 860                 220              409.30                   
                 870                 220              399.22                   
                 880                 220              402.31                   
                 890                 220              412.10                   
                 900                 220              392.11                   
                 910                 220              407.24                   
                 920                 220              385.36                   
                 930                 220              412.81                   
                 940                 220              461.33                   
                 950                 220              399.69                   
                 960                 220              386.06                   
                 970                 220              431.73                   
                 980                 220              476.60                   
                 990                 220              458.77                   
                1000                 220              483.11                   
                1010                 220              494.09                   
                1020                 220              491.11                   
                1030                 220              494.74                   
                1040                 220              545.28                   
                1050                 220              543.12                   
                1070                 220              579.33                   
                1080                 220              574.87                   
                1090                 220              557.28                   
                1100                 220              569.02                   
                1110                 220              500.20                   
                1120                 220              607.36                   
                1130                 220              632.06                   
                1140                 220              598.99                   
                1150                 220              605.11                   
                1160                 220              635.80                   
                1170                 220              598.96                   
                1180                 220              588.21                   
                1190                 220              588.96                   
                1200                 220              571.34                   
                1210                 220              527.30                   
                1220                 220              542.34                   
                1230                 220              555.05                   
                1240                 220              498.58                   
                1250                 220              353.87                   
                1260                 220              501.67                   
                 345                 230              405.23                   
                 355                 230              333.93                   
                 365                 230              341.72                   
                 375                 230              325.62                   
                 385                 230              338.42                   
                 395                 230              369.78                   
                 405                 230              336.04                   
                 415                 230              329.31                   
                 425                 230              397.73                   
                 435                 230              382.68                   
                 445                 230              382.63                   
                 455                 230              364.75                   
                 465                 230              493.12                   
                 475                 230              412.41                   
                 485                 230              447.07                   
                 495                 230              479.16                   
                 505                 230              496.47                   
                 515                 230              509.57                   
                 525                 230              536.15                   
                 535                 230              552.41                   
                 545                 230              570.17                   
                 555                 230              613.44                   
                 565                 230              672.16                   
                 575                 230              647.32                   
                 585                 230              780.82                   
                 595                 230              914.31                   
                 605                 230              622.52                   
                 615                 230              667.45                   
                 625                 230              720.00                   
                 635                 230              623.70                   
                 645                 230              610.21                   
                 655                 230              596.55                   
                 665                 230              648.31                   
                 675                 230              630.03                   
                 685                 230              597.08                   
                 695                 230              668.75                   
                 705                 230              571.28                   
                 715                 230              567.15                   
                 725                 230              478.40                   
                 735                 230              504.38                   
                 745                 230              497.28                   
                 755                 230              469.95                   
                 765                 230              454.65                   
                 775                 230              416.89                   
                 785                 230              474.00                   
                 795                 230              430.86                   
                 805                 230              440.04                   
                 815                 230              441.58                   
                 825                 230              449.50                   
                 835                 230              418.36                   
                 845                 230              421.22                   
                 855                 230              394.86                   
                 865                 230              390.33                   
                 875                 230              402.68                   
                 885                 230              387.77                   
                 895                 230              402.40                   
                 905                 230              395.37                   
                 915                 230              359.25                   
                 925                 230              377.42                   
                 935                 230              365.06                   
                 945                 230              442.79                   
                 955                 230              422.55                   
                 965                 230              402.81                   
                 975                 230              387.87                   
                 985                 230              500.86                   
                 995                 230              472.56                   
                1005                 230              488.08                   
                1015                 230              495.80                   
                1025                 230              493.96                   
                1035                 230              510.42                   
                1055                 230              555.88                   
                1065                 230              555.64                   
                1075                 230              545.32                   
                1085                 230              582.13                   
                1095                 230              552.18                   
                1105                 230              580.66                   
                1115                 230              586.21                   
                1125                 230              608.24                   
                1135                 230              639.73                   
                1145                 230              672.13                   
                1155                 230              608.82                   
                1165                 230              618.83                   
                1175                 230              599.45                   
                1185                 230              611.37                   
                1195                 230              595.62                   
                1205                 230              581.76                   
                1215                 230              553.11                   
                1225                 230              484.22                   
                1235                 230              352.55                   
                1245                 230              334.34                   
                 360                 240              316.13                   
                 370                 240              415.77                   
                 380                 240              319.49                   
                 390                 240              332.01                   
                 400                 240              374.58                   
                 410                 240              334.30                   
                 420                 240              356.46                   
                 430                 240              350.47                   
                 440                 240              493.26                   
                 450                 240              411.34                   
                 460                 240              384.49                   
                 470                 240              353.55                   
                 480                 240              462.73                   
                 490                 240              467.36                   
                 500                 240              485.74                   
                 510                 240              505.20                   
                 520                 240              529.93                   
                 530                 240              549.83                   
                 540                 240              568.18                   
                 550                 240              582.52                   
                 560                 240              592.53                   
                 570                 240              642.66                   
                 580                 240              711.91                   
                 590                 240              688.37                   
                 600                 240              616.13                   
                 610                 240              907.39                   
                 620                 240              667.72                   
                 630                 240              638.59                   
                 640                 240              745.19                   
                 650                 240              588.35                   
                 660                 240              620.53                   
                 670                 240              564.58                   
                 680                 240              637.41                   
                 690                 240              618.16                   
                 700                 240              660.87                   
                 710                 240              588.27                   
                 720                 240              564.46                   
                 730                 240              565.64                   
                 740                 240              491.15                   
                 750                 240              487.95                   
                 760                 240              412.97                   
                 770                 240              474.61                   
                 780                 240              408.88                   
                 790                 240              421.80                   
                 800                 240              427.87                   
                 810                 240              423.82                   
                 820                 240              431.64                   
                 830                 240              445.59                   
                 840                 240              428.08                   
                 850                 240              404.48                   
                 860                 240              388.43                   
                 870                 240              381.66                   
                 880                 240              398.44                   
                 890                 240              380.77                   
                 900                 240              359.08                   
                 910                 240              382.35                   
                 920                 240              396.64                   
                 930                 240              374.48                   
                 940                 240              410.32                   
                 950                 240              375.93                   
                 960                 240              405.63                   
                 970                 240              446.09                   
                 980                 240              450.47                   
                 990                 240              431.70                   
                1000                 240              469.18                   
                1010                 240              511.98                   
                1020                 240              508.75                   
                1040                 240              529.72                   
                1050                 240              544.09                   
                1060                 240              503.39                   
                1070                 240              544.61                   
                1080                 240              494.10                   
                1090                 240              598.59                   
                1100                 240              614.86                   
                1110                 240              615.77                   
                1120                 240              606.07                   
                1130                 240              613.68                   
                1140                 240              637.90                   
                1150                 240              608.80                   
                1160                 240              609.75                   
                1170                 240              590.59                   
                1180                 240              611.20                   
                1190                 240              658.50                   
                1200                 240              610.62                   
                1210                 240              525.30                   
                1220                 240              468.42                   
                1230                 240              533.33                   
                 375                 250              435.33                   
                 385                 250              337.34                   
                 395                 250              338.04                   
                 405                 250              360.02                   
                 415                 250              329.56                   
                 425                 250              332.37                   
                 435                 250              382.24                   
                 445                 250              356.99                   
                 455                 250              502.59                   
                 465                 250              396.76                   
                 475                 250              420.58                   
                 485                 250              427.37                   
                 495                 250              482.73                   
                 505                 250              496.66                   
                 515                 250              532.15                   
                 525                 250              549.06                   
                 535                 250              558.49                   
                 545                 250              559.63                   
                 555                 250              590.92                   
                 565                 250              653.66                   
                 575                 250              630.28                   
                 585                 250              651.03                   
                 595                 250              809.98                   
                 605                 250              828.26                   
                 615                 250              917.74                   
                 625                 250              762.29                   
                 635                 250              606.85                   
                 645                 250              659.33                   
                 655                 250              692.77                   
                 665                 250              604.52                   
                 675                 250              647.97                   
                 685                 250              589.68                   
                 695                 250              613.96                   
                 705                 250              678.14                   
                 715                 250              584.82                   
                 725                 250              637.95                   
                 735                 250              574.60                   
                 745                 250              485.21                   
                 755                 250              490.82                   
                 765                 250              416.21                   
                 775                 250              403.08                   
                 785                 250              401.41                   
                 795                 250              412.52                   
                 805                 250              397.89                   
                 815                 250              432.92                   
                 825                 250              431.60                   
                 835                 250              419.34                   
                 845                 250              417.03                   
                 855                 250              395.81                   
                 865                 250              378.25                   
                 875                 250              394.57                   
                 885                 250              366.46                   
                 895                 250              355.78                   
                 905                 250              365.64                   
                 915                 250              377.84                   
                 925                 250              431.89                   
                 935                 250              380.68                   
                 945                 250              365.44                   
                 955                 250              440.67                   
                 965                 250              394.29                   
                 975                 250              453.36                   
                 985                 250              486.27                   
                 995                 250              490.41                   
                1005                 250              441.11                   
                1025                 250              531.33                   
                1035                 250              513.06                   
                1045                 250              503.03                   
                1055                 250              544.77                   
                1065                 250              474.59                   
                1075                 250              556.14                   
                1085                 250              574.04                   
                1095                 250              598.60                   
                1105                 250              635.60                   
                1115                 250              624.76                   
                1125                 250              623.06                   
                1135                 250              601.51                   
                1145                 250              629.16                   
                1155                 250              606.58                   
                1165                 250              602.79                   
                1175                 250              641.03                   
                1185                 250              602.26                   
                1195                 250              540.55                   
                1205                 250              501.52                   
                1215                 250              416.79                   
                 390                 260              332.06                   
                 400                 260              346.86                   
                 410                 260              303.65                   
                 420                 260              338.15                   
                 430                 260              344.61                   
                 440                 260              347.19                   
                 450                 260              412.47                   
                 460                 260              387.45                   
                 470                 260              547.95                   
                 480                 260              417.81                   
                 490                 260              444.28                   
                 500                 260              449.10                   
                 510                 260              506.31                   
                 520                 260              535.18                   
                 530                 260              551.63                   
                 540                 260              557.91                   
                 550                 260              567.52                   
                 560                 260              589.58                   
                 570                 260              612.62                   
                 580                 260              693.71                   
                 590                 260              652.07                   
                 600                 260              706.86                   
                 610                 260              941.84                   
                 620                 260              764.66                   
                 630                 260              621.24                   
                 640                 260              849.74                   
                 650                 260              656.57                   
                 660                 260              651.27                   
                 670                 260              702.31                   
                 680                 260              573.92                   
                 690                 260              608.25                   
                 700                 260              577.19                   
                 710                 260              681.97                   
                 720                 260              588.73                   
                 730                 260              580.08                   
                 740                 260              532.35                   
                 750                 260              484.63                   
                 760                 260              477.38                   
                 770                 260              401.56                   
                 780                 260              389.84                   
                 790                 260              408.98                   
                 800                 260              424.59                   
                 810                 260              403.60                   
                 820                 260              398.70                   
                 830                 260              427.94                   
                 840                 260              409.25                   
                 850                 260              386.67                   
                 860                 260              390.36                   
                 870                 260              370.07                   
                 880                 260              367.63                   
                 890                 260              378.78                   
                 900                 260              364.35                   
                 910                 260              379.88                   
                 920                 260              384.65                   
                 930                 260              366.03                   
                 940                 260              380.95                   
                 950                 260              423.60                   
                 960                 260              419.44                   
                 970                 260              444.58                   
                 980                 260              414.41                   
                 990                 260              465.45                   
                1010                 260              474.20                   
                1020                 260              451.40                   
                1030                 260              490.97                   
                1040                 260              530.14                   
                1050                 260              448.63                   
                1060                 260              556.35                   
                1070                 260              563.45                   
                1080                 260              591.90                   
                1090                 260              587.75                   
                1100                 260              604.46                   
                1110                 260              627.21                   
                1120                 260              603.06                   
                1130                 260              631.42                   
                1140                 260              633.95                   
                1150                 260              624.45                   
                1160                 260              622.99                   
                1170                 260              601.79                   
                1180                 260              540.59                   
                1190                 260              589.02                   
                1200                 260              534.00                   
                 405                 270              388.97                   
                 415                 270              360.36                   
                 425                 270              338.44                   
                 435                 270              334.72                   
                 445                 270              362.48                   
                 455                 270              381.70                   
                 465                 270              419.75                   
                 475                 270              430.99                   
                 485                 270              583.92                   
                 495                 270              442.42                   
                 505                 270              477.87                   
                 515                 270              494.28                   
                 525                 270              539.62                   
                 535                 270              546.07                   
                 545                 270              570.74                   
                 555                 270              576.79                   
                 565                 270              597.98                   
                 575                 270              612.04                   
                 585                 270              635.46                   
                 595                 270              698.27                   
                 605                 270              655.22                   
                 615                 270              769.37                   
                 625                 270              839.37                   
                 635                 270              860.89                   
                 645                 270              980.46                   
                 655                 270              810.03                   
                 665                 270              639.60                   
                 675                 270              640.56                   
                 685                 270              795.73                   
                 695                 270              565.51                   
                 705                 270              594.03                   
                 715                 270              533.41                   
                 725                 270              596.13                   
                 735                 270              608.12                   
                 745                 270              594.18                   
                 755                 270              551.43                   
                 765                 270              459.04                   
                 775                 270              447.91                   
                 785                 270              410.35                   
                 795                 270              418.73                   
                 805                 270              408.54                   
                 815                 270              399.88                   
                 825                 270              384.03                   
                 835                 270              391.94                   
                 845                 270              402.36                   
                 855                 270              368.89                   
                 865                 270              365.36                   
                 875                 270              367.01                   
                 885                 270              387.31                   
                 895                 270              377.69                   
                 905                 270              391.01                   
                 915                 270              368.62                   
                 925                 270              397.93                   
                 935                 270              407.54                   
                 945                 270              377.37                   
                 955                 270              463.75                   
                 965                 270              483.95                   
                 975                 270              420.64                   
                 995                 270              429.67                   
                1005                 270              496.37                   
                1015                 270              481.50                   
                1025                 270              498.85                   
                1035                 270              392.60                   
                1045                 270              548.95                   
                1055                 270              556.08                   
                1065                 270              609.50                   
                1075                 270              588.60                   
                1085                 270              600.48                   
                1095                 270              603.27                   
                1105                 270              598.21                   
                1115                 270              617.01                   
                1125                 270              627.04                   
                1135                 270              648.65                   
                1145                 270              646.46                   
                1155                 270              531.37                   
                1165                 270              416.28                   
                1175                 270              533.94                   
                1185                 270              579.46                   
                 420                 280              459.20                   
                 430                 280              354.79                   
                 440                 280              339.29                   
                 450                 280              340.72                   
                 460                 280              416.76                   
                 470                 280              417.39                   
                 480                 280              461.42                   
                 490                 280              443.78                   
                 500                 280              529.45                   
                 510                 280              476.11                   
                 520                 280              506.31                   
                 530                 280              512.44                   
                 540                 280              533.93                   
                 550                 280              567.14                   
                 560                 280              581.54                   
                 570                 280              584.13                   
                 580                 280              629.47                   
                 590                 280              633.28                   
                 600                 280              654.06                   
                 610                 280              718.67                   
                 620                 280              699.76                   
                 630                 280              756.03                   
                 640                 280             1009.32                   
                 650                 280              757.62                   
                 660                 280              658.56                   
                 670                 280              637.71                   
                 680                 280              616.85                   
                 690                 280              661.69                   
                 700                 280              671.43                   
                 710                 280              578.41                   
                 720                 280              574.20                   
                 730                 280              530.30                   
                 740                 280              589.57                   
                 750                 280              646.10                   
                 760                 280              540.37                   
                 770                 280              470.54                   
                 780                 280              479.94                   
                 790                 280              434.47                   
                 800                 280              411.75                   
                 810                 280              396.87                   
                 820                 280              370.36                   
                 830                 280              385.41                   
                 840                 280              343.58                   
                 850                 280              368.78                   
                 860                 280              378.70                   
                 870                 280              375.74                   
                 880                 280              363.09                   
                 890                 280              384.93                   
                 900                 280              401.55                   
                 910                 280              388.87                   
                 920                 280              399.27                   
                 930                 280              383.65                   
                 940                 280              419.18                   
                 950                 280              397.83                   
                 960                 280              428.73                   
                 980                 280              448.21                   
                 990                 280              411.78                   
                1000                 280              428.06                   
                1010                 280              416.17                   
                1020                 280              458.16                   
                1030                 280              580.33                   
                1040                 280              537.23                   
                1050                 280              527.45                   
                1060                 280              597.61                   
                1070                 280              627.52                   
                1080                 280              600.42                   
                1090                 280              575.62                   
                1100                 280              603.35                   
                1110                 280              605.11                   
                1120                 280              629.79                   
                1130                 280              651.17                   
                1140                 280              626.13                   
                1150                 280              477.97                   
                1160                 280              428.57                   
                1170                 280              514.60                   
                 435                 290              343.51                   
                 445                 290              366.38                   
                 455                 290              375.07                   
                 465                 290              387.55                   
                 475                 290              436.70                   
                 485                 290              432.15                   
                 495                 290              452.70                   
                 505                 290              454.26                   
                 515                 290              537.67                   
                 525                 290              497.13                   
                 535                 290              522.34                   
                 545                 290              537.52                   
                 555                 290              562.40                   
                 565                 290              573.71                   
                 575                 290              583.46                   
                 585                 290              602.99                   
                 595                 290              648.89                   
                 605                 290              639.70                   
                 615                 290              645.35                   
                 625                 290              851.07                   
                 635                 290              679.92                   
                 645                 290              813.64                   
                 655                 290              854.68                   
                 665                 290              870.95                   
                 675                 290              635.21                   
                 685                 290              788.63                   
                 695                 290              653.89                   
                 705                 290              586.67                   
                 715                 290              631.51                   
                 725                 290              495.61                   
                 735                 290              511.28                   
                 745                 290              484.48                   
                 755                 290              650.17                   
                 765                 290              587.64                   
                 775                 290              460.44                   
                 785                 290              552.03                   
                 795                 290              435.52                   
                 805                 290              428.66                   
                 815                 290              400.46                   
                 825                 290              302.77                   
                 835                 290              360.36                   
                 845                 290              366.09                   
                 855                 290              378.23                   
                 865                 290              376.84                   
                 875                 290              380.09                   
                 885                 290              372.28                   
                 895                 290              396.46                   
                 905                 290              413.19                   
                 915                 290              408.02                   
                 925                 290              389.49                   
                 935                 290              418.48                   
                 945                 290              413.41                   
                 965                 290              448.37                   
                 975                 290              414.09                   
                 985                 290              425.78                   
                 995                 290              440.68                   
                1005                 290              376.43                   
                1015                 290              514.84                   
                1025                 290              495.05                   
                1035                 290              580.34                   
                1045                 290              631.58                   
                1055                 290              570.91                   
                1065                 290              552.27                   
                1075                 290              565.25                   
                1085                 290              612.55                   
                1095                 290              606.79                   
                1105                 290              613.75                   
                1115                 290              624.30                   
                1125                 290              646.72                   
                1135                 290              486.51                   
                1145                 290              410.16                   
                1155                 290              536.10                   
                 450                 300              383.54                   
                 460                 300              385.02                   
                 470                 300              385.77                   
                 480                 300              345.87                   
                 490                 300              443.63                   
                 500                 300              457.06                   
                 510                 300              483.49                   
                 520                 300              475.44                   
                 530                 300              493.80                   
                 540                 300              525.65                   
                 550                 300              533.27                   
                 560                 300              540.63                   
                 570                 300              581.63                   
                 580                 300              592.54                   
                 590                 300              594.08                   
                 600                 300              614.84                   
                 610                 300              654.77                   
                 620                 300              638.71                   
                 630                 300              690.77                   
                 640                 300              801.95                   
                 650                 300              725.19                   
                 660                 300              747.66                   
                 670                 300              961.43                   
                 680                 300              773.31                   
                 690                 300              904.88                   
                 700                 300              725.17                   
                 710                 300              545.46                   
                 720                 300              538.61                   
                 730                 300              728.79                   
                 740                 300              486.81                   
                 750                 300              531.73                   
                 760                 300              457.55                   
                 770                 300              578.67                   
                 780                 300              451.94                   
                 790                 300              535.61                   
                 800                 300              512.86                   
                 810                 300              396.02                   
                 820                 300              408.80                   
                 830                 300              332.21                   
                 840                 300              377.56                   
                 850                 300              383.96                   
                 860                 300              392.39                   
                 870                 300              375.08                   
                 880                 300              385.51                   
                 890                 300              400.15                   
                 900                 300              401.78                   
                 910                 300              406.85                   
                 920                 300              400.20                   
                 930                 300              408.41                   
                 950                 300              471.24                   
                 960                 300              399.84                   
                 970                 300              394.29                   
                 980                 300              421.85                   
                 990                 300              355.30                   
                1000                 300              476.66                   
                1010                 300              488.07                   
                1020                 300              517.76                   
                1030                 300              543.54                   
                1040                 300              523.64                   
                1050                 300              618.38                   
                1060                 300              596.05                   
                1070                 300              593.29                   
                1080                 300              550.37                   
                1090                 300              629.31                   
                1100                 300              650.80                   
                1110                 300              636.06                   
                1120                 300              558.20                   
                1130                 300              494.46                   
                1140                 300              551.38                   
                 465                 310              378.96                   
                 475                 310              413.41                   
                 485                 310              406.46                   
                 495                 310              428.18                   
                 505                 310              487.41                   
                 515                 310              463.34                   
                 525                 310              486.83                   
                 535                 310              491.74                   
                 545                 310              524.67                   
                 555                 310              530.32                   
                 565                 310              541.79                   
                 575                 310              553.93                   
                 585                 310              604.65                   
                 595                 310              608.15                   
                 605                 310              581.00                   
                 615                 310              620.43                   
                 625                 310              684.45                   
                 635                 310              685.36                   
                 645                 310              699.75                   
                 655                 310              814.24                   
                 665                 310              697.98                   
                 675                 310              758.71                   
                 685                 310              819.76                   
                 695                 310              687.75                   
                 705                 310              531.91                   
                 715                 310              522.65                   
                 725                 310              513.39                   
                 735                 310              570.25                   
                 745                 310              536.23                   
                 755                 310              455.15                   
                 765                 310              527.83                   
                 775                 310              453.34                   
                 785                 310              455.61                   
                 795                 310              512.12                   
                 805                 310              496.14                   
                 815                 310              496.26                   
                 825                 310              422.81                   
                 835                 310              452.88                   
                 845                 310              396.28                   
                 855                 310              369.56                   
                 865                 310              397.55                   
                 875                 310              400.67                   
                 885                 310              401.40                   
                 895                 310              396.23                   
                 905                 310              416.55                   
                 915                 310              406.93                   
                 935                 310              418.67                   
                 945                 310              429.34                   
                 955                 310              369.27                   
                 965                 310              409.84                   
                 975                 310              432.89                   
                 985                 310              455.94                   
                 995                 310              451.04                   
                1005                 310              472.20                   
                1015                 310              553.90                   
                1025                 310              558.04                   
                1035                 310              531.92                   
                1045                 310              544.37                   
                1055                 310              556.45                   
                1065                 310              601.91                   
                1075                 310              660.03                   
                1085                 310              672.95                   
                1095                 310              584.54                   
                1105                 310              536.47                   
                1115                 310              475.72                   
                1125                 310              593.14                   
                 480                 320              479.28                   
                 490                 320              464.00                   
                 500                 320              447.18                   
                 510                 320              418.01                   
                 520                 320              443.15                   
                 530                 320              463.77                   
                 540                 320              488.96                   
                 550                 320              503.51                   
                 560                 320              540.24                   
                 570                 320              552.52                   
                 580                 320              567.10                   
                 590                 320              570.47                   
                 600                 320              630.54                   
                 610                 320              618.58                   
                 620                 320              598.67                   
                 630                 320              628.06                   
                 640                 320              690.02                   
                 650                 320              699.29                   
                 660                 320              662.82                   
                 670                 320              713.40                   
                 680                 320              649.86                   
                 690                 320              673.11                   
                 700                 320              738.96                   
                 710                 320              746.21                   
                 720                 320              514.92                   
                 730                 320              701.82                   
                 740                 320              513.92                   
                 750                 320              477.48                   
                 760                 320              454.16                   
                 770                 320              430.85                   
                 780                 320              451.61                   
                 790                 320              412.09                   
                 800                 320              543.93                   
                 810                 320              539.43                   
                 820                 320              509.45                   
                 830                 320              493.71                   
                 840                 320              405.40                   
                 850                 320              438.14                   
                 860                 320              412.65                   
                 870                 320              416.47                   
                 880                 320              416.40                   
                 890                 320              412.11                   
                 900                 320              400.52                   
                 920                 320              421.95                   
                 930                 320              402.73                   
                 940                 320              396.31                   
                 950                 320              409.78                   
                 960                 320              338.35                   
                 970                 320              413.28                   
                 980                 320              454.36                   
                 990                 320              466.17                   
                1000                 320              490.76                   
                1010                 320              504.42                   
                1020                 320              516.51                   
                1030                 320              552.77                   
                1040                 320              569.40                   
                1050                 320              560.39                   
                1060                 320              631.15                   
                1070                 320              587.10                   
                1080                 320              644.54                   
                1090                 320              504.02                   
                1100                 320              463.45                   
                1110                 320              527.60                   
                 495                 330              462.37                   
                 505                 330              417.48                   
                 515                 330              410.71                   
                 525                 330              434.13                   
                 535                 330              453.10                   
                 545                 330              463.35                   
                 555                 330              511.48                   
                 565                 330              527.72                   
                 575                 330              581.42                   
                 585                 330              567.47                   
                 595                 330              565.51                   
                 605                 330              568.37                   
                 615                 330              665.61                   
                 625                 330              606.17                   
                 635                 330              629.98                   
                 645                 330              573.51                   
                 655                 330              666.14                   
                 665                 330              631.74                   
                 675                 330              616.64                   
                 685                 330              795.25                   
                 695                 330              600.99                   
                 705                 330              615.43                   
                 715                 330              902.81                   
                 725                 330              634.56                   
                 735                 330              841.95                   
                 745                 330              654.54                   
                 755                 330              467.14                   
                 765                 330              671.25                   
                 775                 330              538.99                   
                 785                 330              406.73                   
                 795                 330              436.80                   
                 805                 330              463.28                   
                 815                 330              557.90                   
                 825                 330              512.67                   
                 835                 330              505.11                   
                 845                 330              686.05                   
                 855                 330              463.27                   
                 865                 330              447.65                   
                 875                 330              446.04                   
                 885                 330              420.23                   
                 905                 330              407.64                   
                 915                 330              392.26                   
                 925                 330              375.25                   
                 935                 330              415.38                   
                 945                 330              373.46                   
                 955                 330              411.71                   
                 965                 330              423.34                   
                 975                 330              432.47                   
                 985                 330              473.89                   
                 995                 330              523.89                   
                1005                 330              494.13                   
                1015                 330              495.13                   
                1025                 330              538.27                   
                1035                 330              547.03                   
                1045                 330              609.14                   
                1055                 330              637.31                   
                1065                 330              600.77                   
                1075                 330              517.17                   
                1085                 330              550.07                   
                1095                 330              582.97                   
                 510                 340              446.82                   
                 520                 340              414.66                   
                 530                 340              437.50                   
                 540                 340              447.97                   
                 550                 340              479.48                   
                 560                 340              511.14                   
                 570                 340              541.42                   
                 580                 340              540.59                   
                 590                 340              561.93                   
                 600                 340              574.83                   
                 610                 340              555.62                   
                 620                 340              608.77                   
                 630                 340              646.63                   
                 640                 340              574.75                   
                 650                 340              527.54                   
                 660                 340              571.15                   
                 670                 340              678.08                   
                 680                 340              594.80                   
                 690                 340              631.16                   
                 700                 340              657.39                   
                 710                 340              554.94                   
                 720                 340              654.96                   
                 730                 340              711.45                   
                 740                 340              573.65                   
                 750                 340              426.66                   
                 760                 340              577.09                   
                 770                 340              460.18                   
                 780                 340              595.91                   
                 790                 340              510.31                   
                 800                 340              424.72                   
                 810                 340              463.09                   
                 820                 340              464.85                   
                 830                 340              586.31                   
                 840                 340              543.87                   
                 850                 340              660.59                   
                 860                 340              553.73                   
                 870                 340              479.55                   
                 890                 340              433.13                   
                 900                 340              401.66                   
                 910                 340              383.46                   
                 920                 340              393.07                   
                 930                 340              344.28                   
                 940                 340              413.51                   
                 950                 340              430.36                   
                 960                 340              429.84                   
                 970                 340              444.96                   
                 980                 340              451.45                   
                 990                 340              513.51                   
                1000                 340              446.68                   
                1010                 340              531.18                   
                1020                 340              505.52                   
                1030                 340              565.36                   
                1040                 340              634.66                   
                1050                 340              576.17                   
                1060                 340              505.29                   
                1070                 340              528.74                   
                1080                 340              552.18                   
                 525                 350              516.09                   
                 535                 350              452.41                   
                 545                 350              455.16                   
                 555                 350              480.74                   
                 565                 350              509.77                   
                 575                 350              512.09                   
                 585                 350              533.94                   
                 595                 350              546.72                   
                 605                 350              618.61                   
                 615                 350              573.56                   
                 625                 350              570.59                   
                 635                 350              549.42                   
                 645                 350              621.14                   
                 655                 350              559.85                   
                 665                 350              534.99                   
                 675                 350              561.62                   
                 685                 350              596.45                   
                 695                 350              582.88                   
                 705                 350              540.54                   
                 715                 350              595.40                   
                 725                 350              548.82                   
                 735                 350              545.96                   
                 745                 350              634.94                   
                 755                 350              547.90                   
                 765                 350              820.73                   
                 775                 350              691.37                   
                 785                 350              562.01                   
                 795                 350              488.83                   
                 805                 350              498.24                   
                 815                 350              471.74                   
                 825                 350              535.43                   
                 835                 350              481.50                   
                 845                 350              569.89                   
                 855                 350              732.83                   
                 875                 350              561.30                   
                 885                 350              446.49                   
                 895                 350              410.08                   
                 905                 350              401.51                   
                 915                 350              358.99                   
                 925                 350              414.69                   
                 935                 350              421.08                   
                 945                 350              428.13                   
                 955                 350              429.66                   
                 965                 350              443.68                   
                 975                 350              459.08                   
                 985                 350              477.09                   
                 995                 350              515.06                   
                1005                 350              557.74                   
                1015                 350              530.05                   
                1025                 350              572.07                   
                1035                 350              462.77                   
                1045                 350              353.47                   
                1055                 350              445.27                   
                1065                 350              509.87                   
                 540                 360              476.92                   
                 550                 360              481.91                   
                 560                 360              472.17                   
                 570                 360              494.20                   
                 580                 360              500.80                   
                 590                 360              540.49                   
                 600                 360              548.22                   
                 610                 360              554.37                   
                 620                 360              651.14                   
                 630                 360              537.61                   
                 640                 360              547.84                   
                 650                 360              522.61                   
                 660                 360              675.09                   
                 670                 360              528.88                   
                 680                 360              496.70                   
                 690                 360              506.44                   
                 700                 360              612.26                   
                 710                 360              517.06                   
                 720                 360              484.23                   
                 730                 360              711.10                   
                 740                 360              497.55                   
                 750                 360              741.89                   
                 760                 360              645.56                   
                 770                 360              549.23                   
                 780                 360             1122.34                   
                 790                 360              823.68                   
                 800                 360              646.55                   
                 810                 360              712.77                   
                 820                 360              602.72                   
                 830                 360              492.66                   
                 840                 360              543.51                   
                 860                 360              777.38                   
                 870                 360              559.17                   
                 880                 360              448.39                   
                 890                 360              509.81                   
                 900                 360              382.09                   
                 910                 360              435.38                   
                 920                 360              435.29                   
                 930                 360              431.58                   
                 940                 360              443.15                   
                 950                 360              434.72                   
                 960                 360              442.78                   
                 970                 360              431.11                   
                 980                 360              477.01                   
                 990                 360              478.98                   
                1000                 360              506.29                   
                1010                 360              580.96                   
                1020                 360              569.78                   
                1030                 360              445.04                   
                1040                 360              367.72                   
                1050                 360              463.36                   
                 555                 370              488.55                   
                 565                 370              470.23                   
                 575                 370              488.31                   
                 585                 370              499.35                   
                 595                 370              514.43                   
                 605                 370              525.00                   
                 615                 370              538.13                   
                 625                 370              525.86                   
                 635                 370              647.63                   
                 645                 370              538.40                   
                 655                 370              497.06                   
                 665                 370              487.33                   
                 675                 370              581.11                   
                 685                 370              501.05                   
                 695                 370              462.43                   
                 705                 370              421.43                   
                 715                 370              534.60                   
                 725                 370              483.27                   
                 735                 370              541.95                   
                 745                 370              601.30                   
                 755                 370              506.24                   
                 765                 370              654.52                   
                 775                 370              635.19                   
                 785                 370              840.27                   
                 795                 370              995.57                   
                 805                 370              738.02                   
                 815                 370              666.20                   
                 825                 370              594.38                   
                 845                 370              494.91                   
                 855                 370              388.67                   
                 865                 370              468.62                   
                 875                 370              548.58                   
                 885                 370              382.30                   
                 895                 370              526.79                   
                 905                 370              489.58                   
                 915                 370              476.37                   
                 925                 370              458.02                   
                 935                 370              446.71                   
                 945                 370              440.33                   
                 955                 370              458.39                   
                 965                 370              453.85                   
                 975                 370              452.75                   
                 985                 370              479.50                   
                 995                 370              501.66                   
                1005                 370              379.75                   
                1015                 370              257.85                   
                1025                 370              357.60                   
                1035                 370              521.99                   
                 570                 380              438.55                   
                 580                 380              475.22                   
                 590                 380              476.48                   
                 600                 380              483.17                   
                 610                 380              504.36                   
                 620                 380              504.52                   
                 630                 380              535.07                   
                 640                 380              499.48                   
                 650                 380              599.41                   
                 660                 380              475.48                   
                 670                 380              461.48                   
                 680                 380              460.98                   
                 690                 380              555.69                   
                 700                 380              465.62                   
                 710                 380              397.55                   
                 720                 380              459.63                   
                 730                 380              528.95                   
                 740                 380              530.31                   
                 750                 380              483.85                   
                 760                 380              586.90                   
                 770                 380              620.26                   
                 780                 380              833.70                   
                 790                 380             1047.13                   
                 800                 380              787.83                   
                 810                 380              528.52                   
                 830                 380              567.12                   
                 840                 380              529.57                   
                 850                 380              628.80                   
                 860                 380              358.89                   
                 870                 380              409.27                   
                 880                 380              459.66                   
                 890                 380              549.23                   
                 900                 380              619.36                   
                 910                 380              520.73                   
                 920                 380              510.16                   
                 930                 380              468.65                   
                 940                 380              427.01                   
                 950                 380              458.40                   
                 960                 380              457.37                   
                 970                 380              476.37                   
                 980                 380              493.64                   
                 990                 380              473.40                   
                1000                 380              357.75                   
                1010                 380              386.67                   
                1020                 380              415.58                   
                 585                 390              421.58                   
                 595                 390              462.34                   
                 605                 390              467.10                   
                 615                 390              464.02                   
                 625                 390              468.91                   
                 635                 390              485.62                   
                 645                 390              497.21                   
                 655                 390              477.61                   
                 665                 390              447.69                   
                 675                 390              417.76                   
                 685                 390              442.07                   
                 695                 390              405.30                   
                 705                 390              522.67                   
                 715                 390              470.56                   
                 725                 390              446.56                   
                 735                 390              457.45                   
                 745                 390              614.33                   
                 755                 390              516.62                   
                 765                 390              674.22                   
                 775                 390              603.30                   
                 785                 390              532.39                   
                 795                 390              766.19                   
                 815                 390              627.01                   
                 825                 390              856.95                   
                 835                 390              665.28                   
                 845                 390              468.23                   
                 855                 390              571.36                   
                 865                 390              478.47                   
                 875                 390              385.58                   
                 885                 390              556.96                   
                 895                 390              513.97                   
                 905                 390              609.46                   
                 915                 390              533.92                   
                 925                 390              489.72                   
                 935                 390              501.07                   
                 945                 390              478.39                   
                 955                 390              489.82                   
                 965                 390              488.73                   
                 975                 390              501.92                   
                 985                 390              348.45                   
                 995                 390              419.37                   
                1005                 390              490.28                   
                 600                 400              388.39                   
                 610                 400              444.56                   
                 620                 400              426.55                   
                 630                 400              446.85                   
                 640                 400              467.36                   
                 650                 400              466.14                   
                 660                 400              457.81                   
                 670                 400              584.33                   
                 680                 400              517.80                   
                 690                 400              451.27                   
                 700                 400              447.19                   
                 710                 400              437.15                   
                 720                 400              557.02                   
                 730                 400              476.14                   
                 740                 400              467.22                   
                 750                 400              489.34                   
                 760                 400              567.48                   
                 770                 400              531.35                   
                 780                 400              611.80                   
                 800                 400              651.35                   
                 810                 400              878.68                   
                 820                 400              719.56                   
                 830                 400              422.01                   
                 840                 400              787.21                   
                 850                 400              638.73                   
                 860                 400              490.26                   
                 870                 400              769.38                   
                 880                 400              623.85                   
                 890                 400              478.32                   
                 900                 400              569.47                   
                 910                 400              399.59                   
                 920                 400              528.07                   
                 930                 400              531.82                   
                 940                 400              500.87                   
                 950                 400              534.23                   
                 960                 400              518.30                   
                 970                 400              495.59                   
                 980                 400              419.22                   
                 990                 400              451.79                   
                 615                 410              398.71                   
                 625                 410              421.80                   
                 635                 410              420.63                   
                 645                 410              398.63                   
                 655                 410              437.81                   
                 665                 410              426.80                   
                 675                 410              480.52                   
                 685                 410              454.98                   
                 695                 410              426.62                   
                 705                 410              398.27                   
                 715                 410              454.88                   
                 725                 410              456.39                   
                 735                 410              580.20                   
                 745                 410              487.22                   
                 755                 410              471.61                   
                 765                 410              485.71                   
                 785                 410              606.21                   
                 795                 410              527.21                   
                 805                 410              667.28                   
                 815                 410              579.23                   
                 825                 410              626.02                   
                 835                 410              672.81                   
                 845                 410              612.25                   
                 855                 410              909.77                   
                 865                 410              720.43                   
                 875                 410              531.10                   
                 885                 410              711.00                   
                 895                 410              648.83                   
                 905                 410              507.15                   
                 915                 410              551.55                   
                 925                 410              500.20                   
                 935                 410              551.22                   
                 945                 410              522.46                   
                 955                 410              457.04                   
                 965                 410              462.38                   
                 975                 410              506.08                   
                 630                 420              361.65                   
                 640                 420              392.34                   
                 650                 420              389.18                   
                 660                 420              410.32                   
                 670                 420              427.27                   
                 680                 420              441.77                   
                 690                 420              466.65                   
                 700                 420              620.02                   
                 710                 420              544.17                   
                 720                 420              468.33                   
                 730                 420              464.65                   
                 740                 420              472.39                   
                 750                 420              562.98                   
                 770                 420              467.83                   
                 780                 420              474.30                   
                 790                 420              476.14                   
                 800                 420              345.10                   
                 810                 420              686.39                   
                 820                 420              635.13                   
                 830                 420              583.86                   
                 840                 420              906.29                   
                 850                 420             1228.72                   
                 860                 420              889.38                   
                 870                 420              916.12                   
                 880                 420              942.86                   
                 890                 420              641.24                   
                 900                 420              583.56                   
                 910                 420              733.10                   
                 920                 420              537.68                   
                 930                 420              528.60                   
                 940                 420              429.98                   
                 950                 420              473.11                   
                 960                 420              539.89                   
                 645                 430              360.61                   
                 655                 430              404.37                   
                 665                 430              401.02                   
                 675                 430              378.09                   
                 685                 430              438.11                   
                 695                 430              494.03                   
                 705                 430              522.09                   
                 715                 430              473.53                   
                 725                 430              629.29                   
                 735                 430              492.89                   
                 755                 430              478.26                   
                 765                 430              431.70                   
                 775                 430              385.14                   
                 785                 430              233.90                   
                 795                 430              398.32                   
                 805                 430              562.73                   
                 815                 430              525.28                   
                 825                 430              756.75                   
                 835                 430              663.71                   
                 845                 430              570.68                   
                 855                 430              849.34                   
                 865                 430              931.57                   
                 875                 430              737.69                   
                 885                 430             1317.72                   
                 895                 430              956.99                   
                 905                 430              776.11                   
                 915                 430              595.23                   
                 925                 430              488.04                   
                 935                 430              414.82                   
                 945                 430              505.30                   
                 660                 440              388.70                   
                 670                 440              415.42                   
                 680                 440              396.06                   
                 690                 440              421.62                   
                 700                 440              492.74                   
                 710                 440              483.95                   
                 720                 440              575.73                   
                 740                 440              510.87                   
                 750                 440              446.01                   
                 760                 440              392.80                   
                 770                 440              362.02                   
                 780                 440              379.15                   
                 790                 440              492.39                   
                 800                 440              368.92                   
                 810                 440              535.74                   
                 820                 440              733.86                   
                 830                 440              606.23                   
                 840                 440              666.03                   
                 850                 440              599.83                   
                 860                 440              692.87                   
                 870                 440              787.53                   
                 880                 440             1158.10                   
                 890                 440              844.91                   
                 900                 440              574.80                   
                 910                 440              381.06                   
                 920                 440              427.44                   
                 930                 440              473.83                   
                 675                 450              434.93                   
                 685                 450              410.95                   
                 695                 450              430.85                   
                 705                 450              454.02                   
                 725                 450              524.85                   
                 735                 450              399.99                   
                 745                 450              520.86                   
                 755                 450              428.58                   
                 765                 450              336.31                   
                 775                 450              417.32                   
                 785                 450              440.91                   
                 795                 450              595.56                   
                 805                 450              536.11                   
                 815                 450              522.36                   
                 825                 450              529.48                   
                 835                 450              429.70                   
                 845                 450              630.37                   
                 855                 450              805.55                   
                 865                 450              980.73                   
                 875                 450              725.10                   
                 885                 450              823.38                   
                 895                 450              448.99                   
                 905                 450              426.46                   
                 915                 450              403.93                   
                 690                 460              427.94                   
                 710                 460              465.49                   
                 720                 460              402.83                   
                 730                 460              314.37                   
                 740                 460              232.28                   
                 750                 460              341.94                   
                 760                 460              451.60                   
                 770                 460              623.33                   
                 780                 460              513.63                   
                 790                 460              502.85                   
                 800                 460              505.29                   
                 810                 460              501.49                   
                 820                 460              497.70                   
                 830                 460              472.92                   
                 840                 460              604.42                   
                 850                 460              735.93                   
                 860                 460              587.11                   
                 870                 460              519.68                   
                 880                 460              299.08                   
                 890                 460              446.72                   
                 900                 460              594.36                   
                 705                 470              438.13                   
                 715                 470              406.08                   
                 725                 470              221.64                   
                 735                 470              336.08                   
                 745                 470              450.53                   
                 755                 470              439.83                   
                 765                 470              565.54                   
                 775                 470              698.46                   
                 785                 470              609.04                   
                 795                 470              519.62                   
                 805                 470              435.89                   
                 815                 470              493.56                   
                 825                 470              610.46                   
                 835                 470              538.65                   
                 845                 470              498.47                   
                 855                 470              526.91                   
                 865                 470              360.02                   
                 875                 470              401.89                   
                 885                 470              276.89                   
                 720                 480              352.97                   
                 730                 480              429.06                   
                 740                 480              375.23                   
                 750                 480              464.88                   
                 760                 480              558.83                   
                 770                 480              501.04                   
                 780                 480              413.61                   
                 790                 480              595.86                   
                 800                 480              557.23                   
                 810                 480              518.61                   
                 820                 480              520.81                   
                 830                 480              541.21                   
                 840                 480              742.94                   
                 850                 480              497.12                   
                 860                 480              335.57                   
                 870                 480              501.21                   
                 735                 490              538.30                   
                 745                 490              528.13                   
                 755                 490              454.44                   
                 765                 490              507.65                   
                 775                 490              406.91                   
                 785                 490              524.89                   
                 795                 490              613.42                   
                 805                 490              532.48                   
                 815                 490              741.87                   
                 825                 490              525.57                   
                 835                 490              362.86                   
                 845                 490              388.91                   
                 855                 490              508.74                   
                 750                 500              458.71                   
                 760                 500              408.69                   
                 770                 500              499.91                   
                 780                 500              482.24                   
                 790                 500              544.36                   
                 800                 500              619.51                   
                 810                 500              469.93                   
                 820                 500              286.29                   
                 830                 500              370.41                   
                 840                 500              454.53                   
                   0                   
                   0                   
                   0                   
                   0                   
